document_id,entropy
5312,2.3038624078785506
18357,2.6195311358929754
6428,2.631871900739047
15414,1.6569043304213624
10610,3.0066880721986435
3047,2.79975038862516
19438,2.906926381736047
19204,3.104729803201077
23346,2.136982656688631
15701,2.908528835756505
15110,2.6923718698650054
18791,3.008863173899796
16983,2.9100974926552876
3885,2.932391674715156
8104,3.1405664911662403
18924,2.770033218539922
25388,2.8051224633405507
26083,2.7061462269122005
4884,2.8421185262326443
8203,2.8910702242110675
4788,2.757220865931663
13985,2.7672333431752003
2701,2.6337276898993873
13590,2.657851617444746
19179,3.030893065461633
24013,3.0400588558879877
1215,2.9926574601902245
7842,2.700347979119995
18571,3.129323255648874
16681,2.6446075969179494
13989,2.9523306769720246
13381,1.7178723965879255
19466,3.2374425317191617
23188,3.0905097860727855
21262,2.703835741404269
5500,2.358631162005812
19859,2.910122845449369
3594,1.5836798197442927
19826,2.5532607190646277
13655,2.400484674708184
2585,2.4633336837422504
21742,2.5753549625425656
2350,2.881790838212018
12151,3.142973121516817
22822,2.1640262378787765
4191,2.7063551026362735
17638,2.4067416433885964
25128,2.903634342424734
9733,1.916000708522839
5102,3.160803337348379
6316,3.0831833813277565
26259,3.0486685201525985
6187,2.977292354856951
6760,2.84981326364273
5971,3.15033805623601
16277,2.9627154209341207
12428,2.943252378278069
9140,2.673182056309181
25331,2.9433708550239883
17829,2.4571764878757
7406,2.334931243033484
11644,2.4897798335213652
18137,2.8219281362079056
11660,2.7382643384395253
19748,3.3142912935970155
25235,2.5591438379966673
9334,3.159937190109259
5227,2.939638054379098
2641,2.6487150286076377
5504,2.9425419997347015
8178,2.738127857350667
14013,2.974953451108512
25445,2.9189261726038715
26055,2.895001853173774
1569,2.9000600094314026
19957,3.0521386249954188
24735,2.119599035743312
6271,2.8735021002480594
10569,2.896350621840011
7763,2.8102248058459756
5405,2.8425148458818086
428,2.884418216697226
22513,2.698319892929066
10697,2.854720248992743
10941,3.0988759577078935
10008,2.7075227897156795
24702,2.8679029775792766
4745,2.519363046224056
1959,3.0321626074128005
19367,2.66926524743606
9774,2.752095240894382
3181,2.8333110578780567
19079,2.9587857605878165
1266,2.8244888823173016
7071,2.704749886516392
18594,1.8902578487343942
22810,2.946004640475737
5937,2.3717335590605333
16413,2.802273096977946
99,2.4370740572820786
10108,2.8340291723832056
16540,2.681425516646128
6904,2.8356365451169654
10898,2.9246508991323474
9736,2.923059099820153
11611,2.909842870870263
14673,3.066615375832266
6921,2.79450435167087
18054,2.814413666420741
14015,2.8196470470614434
12520,3.021562106628587
4702,2.9760847224029474
7277,2.857341609806607
7886,2.615557450053545
15025,3.388491840102554
24790,1.123511358942891
18636,2.4623539936584935
6663,2.611054170624974
19489,2.8923641308259
5514,2.7613253177341273
24120,2.825121211086561
16765,3.1146718450451414
8489,2.8957837274399973
17229,2.810173106248845
4877,3.134402663535953
23824,2.8105140279832406
19246,3.1539549032437875
6887,2.429808512932222
10316,2.654881853930244
25161,2.9012448777180984
3858,2.777986239263725
12902,2.761868059566895
12193,2.67463281096031
24883,2.8161808557224046
9440,2.7811719760673435
19876,1.8708648183070615
20156,2.7457052355447003
9530,2.7694983420869197
17481,3.069077145406756
17105,2.8996266525372545
24771,2.174123856540742
26813,2.6127870780583984
5225,2.53941272259956
12893,3.049902349126984
2588,3.016564828625131
15293,2.4284274590401123
10210,2.7501773753706478
12400,2.7504962875334464
26048,2.179971924537687
2851,2.706338253378322
16316,2.873024849998522
10768,2.8176617787874148
2152,2.3683084722936227
9027,2.255853962845714
12304,2.671009538001914
5584,2.5582457815497293
8931,3.052288303134617
24646,2.981560316318498
12562,2.3186894608187485
14627,2.7399434603395103
13400,3.065452496200235
8618,2.5431549044735102
14690,2.640948475330978
24584,2.6581954712291638
25848,3.0567485298104766
18126,2.928554532656429
22442,2.9581154083781027
14094,2.6114698001809793
20762,2.9383402989578986
13172,2.0223211231498834
26431,2.7850274999950435
20665,2.169888895404496
13847,2.81162184837049
9099,3.163200538878613
20441,2.7375622756503097
10935,2.6525023091520965
20573,2.476166294160586
2819,2.4533730221166814
22231,2.186797518112132
7503,3.0227942267264702
2752,2.28897183471702
18143,2.834573411434493
9559,2.3957824985231597
2533,2.7722267386945436
16543,2.5543580810376825
4679,2.664774476994489
3308,2.9614767186602156
250,2.407568924394234
4059,2.4383598317906956
4194,3.1226773919637747
18158,2.7122035214278157
25880,2.651253917323292
196,2.375014515899175
21875,2.774346876068674
12620,2.948473701355117
18434,3.2706857496992985
26010,3.0807335664513125
24047,3.06864480058507
5875,2.7884673410054024
18404,2.168307063878529
3421,2.6749070298699755
345,2.8882499192567956
10318,2.668807543464473
323,2.455516159501361
8892,2.528568333273988
5671,2.7260390718911194
22410,2.8083885785132146
13468,2.7674113257965924
4047,2.791123335866557
22158,2.7515318717019714
7497,2.5224323659221577
8483,2.6509850092572425
8029,2.6747562534696256
18893,3.026605432794854
19796,2.752589183284917
21309,2.972391824056007
13090,2.9784588710624846
23763,2.7893462886297464
5673,2.0247189696191863
13220,1.9959742425705884
12293,2.960591276733755
17011,2.7879490866228402
21023,1.9507926384139906
1981,2.72215541039824
1202,3.1665980700897345
14943,2.7136658879498428
7731,2.9456161827783096
10864,3.0872629004110106
26295,2.8360524834605805
24693,2.1356414937532193
9999,2.9894547171340506
22567,3.0003670646208707
19199,2.9582431992000866
12287,3.0869038249652903
4157,2.7518708774516805
8170,2.902174881334703
23978,3.0787718099942865
17446,2.7832155791200353
10249,2.298285141344076
10152,2.8779987553723774
3993,2.7608927047520466
16463,2.7844062895373485
1433,3.2330850251692276
1923,2.644188084524585
11879,2.831666303225506
25926,2.8488765966037617
16124,2.6085180662988203
2142,2.875222438565565
22468,2.8815936714687953
2937,2.5479362609155647
15554,2.7861504517139326
6355,2.408979897712593
19798,2.4891584273463994
18675,2.842037487201539
6307,2.9382734912778474
15900,2.781004736338346
2592,2.8623009219909776
16756,3.111137371360334
24356,2.72991591606741
15143,3.048148331234081
15725,2.7522785957110854
24628,2.890843557885534
13627,2.5583099799156064
26563,3.1737555946411193
11238,3.1405992500129343
23463,2.5438683328796143
26866,2.964547155255232
13492,2.8891843986083328
20634,2.3314327594962214
17601,2.73190248918635
15071,2.788499319364154
22317,2.7669368955805753
13887,2.7931002647606586
6857,2.782271514793081
14442,3.019003498238316
15272,3.1531419367265405
13197,2.803610260070552
10362,2.6888067666783604
12636,2.5831944019462516
23849,3.0542504316592667
26066,3.0546223005178157
16801,2.569947883588013
26774,2.733755657462357
19227,2.794541095872901
11961,2.0746404474813387
20434,2.9154187391042727
25431,2.1774225217079897
9507,2.9529904835547183
25666,2.3673650005141624
866,2.1201019770727396
22198,2.693268663801514
2958,3.3117289040346076
12912,2.9066760337908892
12030,2.6548359687519207
15263,2.629398851392955
7330,2.6235129530613848
26254,2.2136520888839657
9773,2.8098022628590438
25115,2.822754364564364
14108,2.8335143305137183
17538,2.9482515249287338
16111,2.9598100177838838
4037,3.0444917351412153
22363,2.7619311183900055
20970,2.098152321640312
6148,2.159314567782148
5259,2.777404783166445
21383,2.8295888623618843
18110,2.9706854231318816
6258,3.1866783197010156
23380,2.5977863866408946
19378,3.2280042327277503
12798,2.4287266521026685
21265,2.60078837163509
24650,2.205684002033546
10325,3.1890245756253743
12659,2.693650898096118
5784,2.9401807320849818
25323,3.0048395916271895
18131,2.910613448583289
15829,2.935276769184682
25479,2.8301291898364616
9602,2.364131998752123
8896,2.974817544930135
16214,3.169363549815639
7661,3.0319295030349154
9749,2.4275938415751392
12090,2.785051881411788
15953,2.8093375764436153
4178,2.3691307003891855
12983,2.699990160026586
15245,2.8752496270371597
22202,2.807213535603467
1190,2.6858785622129715
9162,2.5768436206625904
16735,2.625664222673904
15981,2.389161963708044
14608,2.6466658427956684
24795,2.6250215654698295
23940,2.421946713130177
5460,2.4798807968726075
4672,2.3733979026153076
16090,3.01192465277659
9152,3.0012958312422238
16174,2.873400090071844
16797,2.8223777472417395
6179,2.4425839073181064
15314,2.631125972072023
22040,2.9360062361373442
17223,2.8331995200798885
25957,3.0478948005420845
15270,2.8163185918952354
22128,2.5564248739439717
6084,2.9415282115597097
20891,2.5601548240318937
16498,2.853117038188833
3639,2.7417649011807135
18912,2.8132831043335353
14851,1.8853136722946806
20870,2.498214582390886
16948,2.91223983503363
11798,2.4202638537019565
17502,2.3422071301067167
12050,3.0929880399568086
3525,2.823174101466702
11888,3.0787111871022517
18097,2.2542530905292577
23715,2.908213339279766
6876,2.950302956050336
7653,2.965967381838496
16421,2.958995242976102
21184,3.0783392662197815
19952,2.6620351993723084
26315,2.8397891982327113
9495,2.136664956801398
6214,2.0163575427756752
13093,1.7576736421049717
13124,2.4624294786551233
19416,2.908995315610677
20749,2.1766660423283173
10105,3.0211233524972196
7221,2.9726140843044715
2724,2.189868466685133
13744,3.0032762531161623
13222,2.503248439780259
9038,2.704804649575524
14321,2.206036164026495
2129,2.6283456783634964
17405,3.197635899448559
5979,2.683028672777118
20555,3.069054941416007
4639,2.8099839105973405
16839,2.904804741627711
8028,2.1654596553738563
8292,2.416862283989185
2084,2.7227117367402744
5925,2.7012008299528056
775,3.0212508633406046
7542,2.6464232233766634
23642,3.245092491882416
7251,2.741981649393061
23094,2.850427510500282
3643,3.082418875415896
12267,2.585761975056072
536,2.795416875668538
26964,3.3348098763689715
3498,2.861164393277997
12054,3.045993597570724
24718,2.802812133790147
14176,2.5533423570102483
25056,2.924600036411526
6595,2.673115692890603
14084,2.450107308188209
4749,2.1789145648730486
4168,3.0751435733816472
13160,2.670094398632394
2715,2.968383534816793
23611,2.9930733843339334
10819,3.092971127249746
11153,1.916918998751373
16792,3.1245442301755353
19784,2.2847729236594096
8295,2.5677337655557917
24501,2.0803417794303756
8832,2.98559462470466
16875,2.7560997044920676
15590,2.4405055015458315
10812,2.652968962300839
6916,2.9768368441990187
10620,2.918131936633768
8617,2.6835393610755296
26208,2.768512625943394
13815,1.8446667253631472
11074,3.2380755997509736
15538,2.7022952260044213
2734,2.8179167515764396
14237,3.24124522888065
20479,2.6615568306330295
20628,2.675388021428018
8505,3.1426414982688398
19881,2.963116445154605
22503,3.130112536066968
7090,2.4541615025094767
15862,2.537206705830241
21571,2.6271776344118014
18961,2.7211013720274213
25134,2.590774113705057
13228,2.9126258904647684
18898,2.809891499407702
4413,2.796402437031641
14118,3.0163577406406596
26393,2.7916219146891694
25404,2.902686722996891
19716,3.0590170370502423
18095,2.9318798743158494
24495,3.1741507883418008
8602,2.958211042915734
9426,2.857647147800733
14368,3.0137730184036116
4057,2.1807698378366775
10331,2.900250522133315
26446,2.8286066105066756
12738,2.462800492142599
22942,2.920345192152443
20699,2.858760585739309
15428,2.799690971441245
13955,2.949997524983375
13354,3.098170651732139
11946,2.4671119415966554
8099,2.8211949249678123
19332,2.8987407416386897
1666,3.06924881636832
1635,3.0185970970787817
13424,2.85003098600299
8739,2.8964182540448506
24439,2.9677804636038507
19202,2.95356182878432
9891,3.052095549779378
26109,2.7898695222759553
3035,2.988623167267734
17707,2.7368483741487433
10134,3.0342052659965857
9300,2.993409524959019
15292,2.7446872144855354
23136,2.8690656652349347
15308,2.9099376704878477
3142,2.727679169052973
20057,2.9354282645229364
18740,3.135860239286012
14790,2.650420600975901
3473,2.576145116239381
1937,2.8647448240788305
25963,2.65448048664296
16275,2.7784201206877728
4387,2.461994018598951
18946,2.4719791714391186
16291,2.893136669120735
21818,2.830594145786705
24116,2.6493983581259783
16705,2.653948786062991
24824,2.140379521777728
5339,2.8980152807195836
8610,2.873896803252647
22781,2.4834423835561634
24205,3.0165330490098263
10013,3.0686093328140887
23963,2.6964991603646506
3096,3.1501060051198797
13940,2.4465338028742636
23979,2.807867300076973
9504,2.8037172226199534
16700,2.985364144706862
3995,2.7076175515051673
474,2.932157541497571
19922,2.768976454688963
9278,2.692576145794627
10397,2.4325586874015612
13520,3.2817748490887144
18947,3.019589630110567
8267,2.6924335345794095
16828,2.830896615408699
20430,2.7027216006089763
19020,3.1064349984571273
21864,2.4280912730498962
25399,2.9759962695304343
23474,2.743625647353164
1610,2.9208445727722983
24210,2.715622214690584
11170,3.042887445356752
1182,2.8848708002800936
22624,2.8660893607670084
17278,2.9298993069411794
19736,2.594251410491056
14214,3.1486240079859487
5953,2.8033888245666354
6392,2.7644792143012853
24154,2.734872177207131
5533,2.187526368302475
6178,2.635176764649489
12609,2.4943001032621526
22586,2.9290351710289517
19099,2.7139141193264265
9002,2.7611334167316834
16479,3.0409967451913493
17201,2.798310923978409
16219,3.1136419129469455
20901,2.817041246733999
18526,2.7524012147034824
21212,2.910261082729751
21055,2.806122192391969
20437,2.9813707717026814
6913,2.4259568393025153
22674,2.6571218808081203
8407,2.890523755767028
10562,2.7408443978845822
12550,3.076011092046733
15575,3.0878332143012677
15697,2.7233425718929127
13061,2.4814649782312954
3922,2.0350056505636056
5864,2.6778867234034403
18958,2.9369227414091323
6965,2.6104511489434232
8840,2.84470107266462
11140,2.880030151907041
25487,2.101508218904474
26087,3.3026654848719046
24277,2.9384943294877393
14720,2.9398091414538956
516,2.7914904572064487
18299,2.949797591000929
1457,2.746861002330893
18841,2.4963660419360316
7217,2.6769582411241686
4688,2.7341868775852376
21438,2.707361238334822
11990,2.5141264713177027
3541,2.5059347469520246
18238,2.8130337918313955
21240,2.8040125027566045
12134,2.5649048104880667
1412,3.0262582536818408
17683,2.710436985547855
11406,2.995252544383005
423,3.0950106812487896
23137,2.8961163562761234
3482,2.8100019128444655
22748,2.9743664822815576
26488,2.805531313921311
9561,2.9832905185455734
10563,2.9109970711829707
7932,2.9254324593958874
4469,2.934405661502587
2874,2.342202526131139
25698,2.8838345960738585
3923,2.3436105434592096
14384,2.8347623886202804
25828,1.9271545289610281
15024,2.7497645498797616
905,2.614915524522912
8902,2.8454842721703733
626,2.5857578964133383
15074,3.1038170211923175
21418,2.817436731618239
24223,2.664953136719737
1483,2.655189868933354
6067,2.8812247057986524
23592,2.617119194536682
9502,2.6691618657691345
17040,2.3442576313211556
6494,2.902976854967629
18483,2.8177911791556656
12320,2.9956467996739877
24104,2.372314429439012
10631,2.9025089736130343
14858,2.4468147305848293
10689,2.646318853343712
7072,3.0485245717710563
23290,2.741819575346622
7335,2.51486718430874
23534,2.4545288813586663
12228,2.9720879220263656
10862,2.2679475052363425
19682,2.7298441451173248
21619,2.6794936941154055
18886,2.65503946786662
1661,2.7995973647658015
16118,2.4972136920791925
11472,3.016117783460679
10735,2.8792920092494523
21053,3.1339874286100042
17944,2.641405794160063
4903,2.6774849108132375
16744,2.9373398225009963
733,2.9004938509907103
7974,3.107568169036254
2464,2.896797453060711
25321,2.325291112983056
10577,2.889227046619029
23674,2.9942494392189403
15322,2.873501193419697
20989,3.0543998685093543
6504,2.260384473473484
17843,2.6155273005829947
11581,2.8260644408822717
18472,2.753182049656869
21182,1.4934269995504765
24518,2.5726840191556226
11606,2.620920827490778
10076,2.898172286727407
24508,2.8670023628786048
5191,2.90084202695496
1087,2.9524442137505713
12359,2.9145058904061827
25140,3.073339464036047
8351,2.499149156328476
14341,2.7441494808165756
4397,2.657016513827911
21399,2.77552786265721
18049,2.6979804685985616
9621,2.7342616940808373
11198,3.0435213032619193
491,2.805053290690814
10454,2.635013144824866
18496,2.9297695422923753
26174,2.376262233426859
22527,3.040225142347582
1288,2.21972348703555
24379,3.0779616339079015
12556,2.9735962064919144
18938,2.8523194378897414
8937,2.9652327666538927
15053,2.5053128931721425
19819,2.9376554002308763
18136,2.7139443642397767
1227,2.395175686195229
1921,2.550653522279725
21881,3.031150420870774
26654,2.6176876190280733
8517,2.8026042075754494
9299,2.2194884459061344
2595,2.7159572408025596
10193,2.743488059861042
26526,2.5258118315475904
12859,2.503066923386109
14278,2.9321061346821535
8936,2.3214169355877208
22761,3.2041491386200125
11075,2.6017872089942307
4771,2.7154046058188523
4471,2.680378060374359
12214,2.999271755740973
15137,2.9023351053546036
14371,2.648098136014021
1512,2.001363614868322
9842,2.4442826384776084
18327,2.752788285641094
22205,2.5559314077385937
25054,2.7606370379990173
25941,2.485709703949213
10513,2.940245615057356
25276,3.140215367432937
2858,2.3739063445059627
4273,2.764311920824248
19698,2.7575548318124534
25162,2.814935983777784
21155,2.832572503025973
5226,2.790708114786313
13826,2.7816790873241692
10381,2.6713068181423685
7794,2.680711545259424
243,2.7723845316757503
22482,2.661447675242166
20540,2.850010728096932
17671,2.643204862367289
21444,2.3892562974772615
25913,3.0267679034768067
15135,2.3564715877201015
1388,2.719182305740098
15031,3.0803393287557412
12129,2.764717098679285
21576,2.425658346263015
13035,2.158420941078164
2346,2.8559893897303277
20912,2.6964863368261605
3002,2.8045198717692696
9397,2.961987447962491
24677,2.6059961036744483
19308,2.53129465159614
15957,2.7235717630138874
9069,2.0944230544113736
10580,2.659613448185411
7712,2.745000801013407
11474,2.868513945253681
21780,2.9742348955339337
21369,2.7455699147317913
8952,2.645238246087516
16123,2.401929283310673
22156,2.6453877074277803
7806,1.7635139699661269
2055,2.7114665704856655
3410,2.6189670279568484
18055,2.3731850496054308
14843,2.923481268696482
14383,2.99253073585525
3172,3.037439501759579
22875,3.0086452841776343
23773,2.688845728907071
22849,2.3879564493588914
2111,2.9433511975431723
674,2.814229512591112
14393,2.867098401411811
4699,2.683465684542046
11430,1.5453187048054065
23995,2.927800121862674
13885,2.7155413507292527
17305,2.856848443487851
11048,3.002571692114793
18118,3.1106696689410662
23557,2.4320225238818685
19355,2.363149107183042
18270,1.199325602380836
11993,2.416193608884676
16814,2.035903944625104
23103,2.819633490935797
12805,2.993991056998138
5053,2.8457103651113544
640,2.7092551398772877
20765,2.705943019440406
13202,3.1569110401332763
25101,2.6171683048715755
18957,2.924259407366714
3776,2.728710714208502
6128,2.6723573836117036
10321,2.769465941001828
341,2.92974999854226
17594,2.515289589639337
22358,3.1723265048948366
25787,2.5295178543568655
852,2.688760731663522
6528,1.8414449365365404
25394,2.8579745303247606
4794,2.54300392932799
6576,3.010248472260884
12244,2.472753675691859
6863,3.240386656627097
12766,2.8316632403100552
18868,2.8024755962119867
8240,2.7610379548140376
9185,2.9866253585721028
12699,1.1861774037510648
17523,2.5600170673020557
7563,2.834780850308593
1668,2.968099042540598
13235,2.789716613029078
13236,3.053125934489688
26856,2.806670179897998
6253,2.1263472388784472
7900,2.427443866476364
14861,3.143883968164231
12985,2.998447819733723
13060,2.9140424564013987
18329,2.583019658788978
6535,2.5954191117696372
26189,3.0187468958670465
11327,2.65978933340166
20898,2.753282327231472
22125,2.959804725899987
3316,2.2508085450677715
22833,2.8056294375019273
5910,2.651099617095018
21580,1.7498725607871635
20800,1.484206450175833
25119,2.8187296308448087
705,2.4769364768589264
2140,2.7103628323100697
1791,2.7329190318141885
7547,2.583273065955007
7724,2.7175585702858034
1103,2.3404490093544683
16419,2.5016089609685666
20051,2.5409677247708524
25821,3.075234285139451
3455,2.712783155538159
12702,2.447230621812076
3366,2.461777425289557
9291,2.416797153864119
21407,2.3465682352083883
7220,2.474757235368157
18896,2.557023145724809
24441,2.213530673841278
17681,3.0130538117408774
23918,2.7162601753150146
1588,2.7731547023116776
10128,2.8736983152090523
21789,2.2378594609172553
20689,2.497039201378297
1122,2.902274656449859
8628,2.6919917304311074
15874,2.823264982382038
19192,2.7038129923757754
3451,2.6841903973001324
15076,2.6441574361164384
17504,2.559717619945666
18198,2.7845219876896854
11208,2.346715152047987
20091,2.5741000670896743
7405,2.820180719825773
20284,2.996899630234215
23125,2.6526504282648604
8274,3.073639044100208
9538,0.9010220974263463
12777,2.462283601663718
15399,2.6779299862680115
4404,2.358160642145654
11131,2.8114002940985396
3492,2.339952870600693
21237,2.930042540963091
26308,2.6343979615299933
19671,2.7024281771133922
13586,2.9849349879272515
10993,2.7449513348275487
16290,2.8855572417860498
6964,2.3798798136339565
14522,3.0567713929920135
11285,2.831097448461134
9904,2.9767796368320276
22680,3.205190839159573
8743,3.0388696072240924
20686,2.652443368963013
2501,2.1639367336419335
15035,2.92180282392609
16782,2.8071484866383396
12357,2.907739010250222
24606,1.4394157156550191
8686,2.926265931900529
24582,3.1783572593147404
21907,2.7212630047868176
3874,3.0099436893263447
4211,1.8837090662033706
8454,2.63365349661459
23163,2.916306992853209
10901,2.7927223477707166
4036,2.8231409108346877
12900,2.625848466848202
18605,2.824226976488364
5816,2.77506544276462
7516,2.8811681427430558
19822,2.2643338454245554
19210,2.6206360981680996
16185,2.6439769681901306
18585,2.7749353084306367
22020,2.7569952256769543
16694,3.069139623250312
24652,3.086320994742139
25165,2.8204381434040586
579,2.5031187525666363
16102,2.798688445959828
11359,2.732901450092563
25904,2.6263001557888934
505,2.9931268324573317
501,3.1008657232100902
20621,2.3802417894291805
11902,2.856861309739666
230,3.1295044277784076
25820,3.08189864295216
22858,2.8127564903378635
14999,2.8562233491434608
3396,2.2160352388398317
14920,3.1331992119712337
16431,2.7517996433782526
1456,2.7143304567170534
17126,2.6166018074009347
18899,2.913045847991295
5980,3.2575814496862425
8184,2.356462029703828
8145,2.6103610257714682
8087,2.9779588157913093
17437,2.7438872090732325
5035,2.517323894947007
21812,2.590141027826325
6234,2.762059800809633
1947,2.9766222405421185
18206,1.8867500414702632
14076,3.0016201246765757
14283,2.8172959498187273
23620,2.483279741343611
14617,2.6091859634604933
22421,2.7259407664527036
22376,2.5012816230631723
1901,2.741436335645693
10611,3.093621993668448
11666,2.7594571605026323
20462,2.9125748308411974
12295,2.5655911152987216
23039,2.8010884258658098
14170,2.828443974746388
8459,2.884302811353171
25168,2.5363916615029254
25392,2.796693523357878
22809,2.735453734367233
26426,2.8113616636935306
24011,3.1838454022243914
8164,3.0388758788025525
23084,2.6495882606912735
20962,2.947334466127068
12574,2.701995950515029
312,2.905644208993709
2622,2.9085975096503387
10880,1.9212516226356646
10146,2.884310006317839
5940,2.9514113421096098
14443,2.196793469230384
9779,2.56544941244802
11290,2.7109720502051493
24355,3.022065052053537
6417,2.741077487807946
21183,3.1517949465596313
3068,2.697790238509657
15878,2.8453453083874143
13130,3.0626337191469237
4097,2.6668187100283123
11192,2.8578197421415026
23516,3.0040493018230663
26266,2.5154427527878327
10515,2.992703306278978
7948,2.892276669437512
20386,2.595836552261004
22041,2.671975540475596
23503,2.733965492102738
23838,3.0567406726103497
3053,2.798940946831106
15971,3.094878961852454
9358,2.792351961432567
10802,2.6268056209245416
2300,2.838512245695498
12282,3.2855097521582435
19685,2.6457222479652014
17530,2.7395939393835427
3840,2.933912206809785
24020,2.921124013814842
4015,3.051581319799752
23854,2.867024189028532
22578,3.058823780197259
5013,2.544783433149687
9407,2.7762072938938105
5706,2.8982262209739935
9626,2.7408812972410703
25224,2.9411067620632663
22242,2.642027868853469
9722,3.0242590634445623
9757,2.817391603908032
9818,2.9707057964653862
1427,2.9164317271853606
18751,2.8508920084142124
19701,2.8607161781937935
23910,2.8721128637221907
10726,2.841824353430326
13495,2.950143911986429
7439,2.4718200783565996
20236,2.6461458493285988
4424,2.6204784868920648
9384,3.1048551807519447
26877,2.7973815076666377
12645,3.120907138905742
11369,2.809972824688566
8023,2.1269289335556754
12864,2.6649825047832874
22554,2.6163847636288655
20442,3.0224892348182664
17821,2.2592684559739227
21050,2.6711672639144015
2171,2.365846090342212
2388,2.8960164789673835
20726,2.905006628802456
8100,2.8747741360122303
17362,2.5436133001926438
12077,2.8016417727706293
3503,2.4040593464769704
8079,2.893132706350827
19153,2.156937380917642
14227,2.766399237533714
5934,2.5202864699068517
16228,1.9182642313917049
21446,2.8366318749511508
5107,1.6148386523196498
22515,2.4689095926942337
4336,2.6845045647201657
2141,2.872860497075685
4186,2.7559174964288204
6455,2.797296085548579
6939,2.3611759609841494
23082,2.033086444719977
20107,1.9642471840864488
22463,2.767923493017317
9892,2.9286727077621837
5683,3.0204354650507246
12366,2.837515922310756
20431,3.086324754709892
752,2.818473399934089
6442,2.7665589284678846
2508,3.0002001692469284
5345,2.482519673521625
21917,2.6620408276378127
23178,2.9774226632938574
20844,2.9663343233701442
10240,2.7910105251130997
7745,2.993534473010977
7828,2.906699362473032
10418,2.994773606552989
12072,2.3801754162107827
15501,2.683029224192981
6551,2.8499100427041815
11955,2.8693936636829647
15584,2.58909025068552
10227,2.997456243018884
24236,2.526898782826716
5210,2.884999872995528
19864,3.1134567800179465
9728,2.928224398372334
23270,3.1564355665769557
9688,2.8910038714185746
19588,2.883717377409213
19006,2.8401799898400255
16819,2.8509508510397485
5815,2.687639903080314
3108,3.168458662283399
8658,3.011456158832704
11061,2.922657731993443
1045,2.925517965305378
6925,2.908208297430609
9295,3.1798130709437507
4165,2.9025943871646342
13252,2.852989866656477
11988,2.9720742418345565
8059,1.0970334674320832
22939,2.860992608190927
17389,2.8179749192793726
7671,2.814989761486384
10801,2.5380210751491847
19475,2.9792868923276257
3616,2.8693959141458616
24173,2.302322748944653
17913,2.7327183105987856
14117,2.5719559488010066
19244,2.2644023434783533
26058,2.3484479783171195
3707,2.6921978494246535
1489,2.971908665964162
25549,2.7112971862879243
5114,2.6970607798319057
17346,3.1774782659099263
14006,2.8202371500990977
25504,2.695698166040231
943,2.363765759171366
18307,3.1076634974636645
17900,2.572574005942296
26872,3.2348615064044326
10012,2.4691474257300325
7315,2.0762111319947314
11304,2.553226662477458
21683,1.5865065952453947
4659,2.9083201862474968
20077,2.891346378827773
26030,2.927222494873956
18501,2.7399972476432355
2208,2.8386491034402668
3580,3.1637747489901913
18633,2.8853863825588353
15190,2.881832855042931
23851,2.369836526563404
26537,2.876292548436309
8482,2.326142519648057
9987,2.448125013359265
9926,2.307678417780787
26915,2.8021974913419974
22220,1.5506111060275771
19668,2.840970740001031
17419,2.8612697533066633
19032,2.9373151692978174
2286,2.2878926909419777
9811,3.058171095012808
21711,2.7982090897850047
1113,2.5006359299818923
35,2.8288453358467693
19699,2.2549792526950445
2767,2.9842245520227944
8882,2.6831142299147013
9498,2.7148418426026812
6352,2.861555688183306
5403,2.7952617596420684
24234,3.1737806194339213
12119,2.639006682042776
22655,2.5276530009525113
13062,2.920495035177971
12785,2.9975881146492482
8345,2.5616228662133658
11250,2.6867259035853714
12703,2.166950713273801
16598,2.8744599295665743
19209,2.591173086518448
4322,3.001182226740924
2325,2.7952181182052
7930,2.9373383615982727
14962,2.6496142427283487
22210,2.5580377295453625
382,2.6778591741207287
11374,2.8561259311445015
25093,2.7574508164409615
12257,2.9226975685217806
6032,2.6339197306958058
17528,2.669035375303429
20905,2.218244496384496
26935,2.3126888144995967
20600,3.0902898198559288
2240,1.9772110676814234
23901,2.8884487581368528
17830,3.2322045502284666
22017,2.8561484110060613
12111,2.496784445241277
21464,2.7380889566463216
26448,2.5849508634478475
13415,2.8763717818485217
8174,2.192926742442095
9022,2.7990298433952265
12311,2.6696824699489583
24600,1.697501996081267
15266,2.6512489251869082
25839,2.9599884896178335
4973,2.6317381695625137
6399,3.2456538044335614
1710,2.9136148313512025
10328,3.0907800460218007
10045,3.245601631131241
2157,2.464988924158592
13982,2.8172243656858793
16758,2.94765036704732
2898,2.4676094422421615
2201,3.008967318290794
15175,2.6160999686813917
5306,1.7143579300627774
1684,3.046662594562005
14128,2.4889931106680323
23441,2.797309846983832
16950,2.951391592208545
26425,2.5929778390241993
17354,3.1769244880264385
7241,2.7821320290676947
8211,2.5315272327066967
10021,2.65794226942624
24189,2.955774791212973
16870,2.9498435160017706
14774,3.122321287735404
21224,3.0200509677600413
6920,2.98230700709399
12593,2.7321173323789814
26626,2.603938638183038
8390,2.96768541507855
8364,2.8586571939339454
6552,2.691050109232595
23553,2.399693054049803
23784,2.636141404503534
26084,2.7197717779945436
911,2.5004906990836817
13286,3.0322404540220558
17503,2.662751388321667
971,3.069220977157025
26136,2.9512226576585965
18876,2.674557799752399
22142,2.6470201076828994
3901,2.5488422947367906
17933,2.9188033872909758
25030,2.903646691077127
19286,2.6369934663706487
17092,3.099639214819307
24147,2.7305311371938825
3200,3.21106345614226
550,2.7407778981040494
17592,3.022257684765544
15541,2.9970498811659256
13781,3.0157530271283033
23095,1.6944331869980045
17378,2.329975055918459
19638,2.80854979686049
8607,2.8576244667823127
16750,2.7714770077087683
17941,3.0524584651802718
18569,2.8929511827615118
14718,2.719699968624635
21324,3.0373020948485925
24345,1.9975306106513953
401,2.803502531568161
2918,2.8202491814929527
24949,2.1844559098108345
10930,1.7164903661721533
843,2.8754920585312522
11026,2.968216858516518
3100,2.929089053021434
25058,2.5909775269335933
22382,3.027145920651252
20139,2.8439401525375256
12739,2.94793957516058
23041,2.9178430625117273
3635,3.087300008750572
26607,2.7977377056057002
18929,2.821458496543479
25751,2.7415697408080484
5437,2.9981777156512575
9644,2.8156952925217897
24484,2.3337722525655167
9092,2.65890233172238
22941,2.7121877504227827
25613,2.832188898851342
736,2.7550722481552077
18219,2.1132716983740427
18687,2.73594323036942
283,2.743186067424796
19635,2.41059647701274
6354,2.527617634737328
22522,2.4788955417053895
17626,3.0947437490219403
18226,2.5599819183866486
25221,3.033822087380522
24053,2.1533047917493153
5635,2.9819911719978816
12783,2.47639081453004
16620,2.9261870748412813
20648,2.4741686701131083
26497,2.840781885491622
25806,2.6548916234690494
6912,2.4775542703342452
17859,2.498169082613969
13241,2.557615748711447
9720,2.952725125065414
11945,2.4763712609290964
3601,2.638479723555983
5214,2.8566312433504284
1962,2.565513626386935
9008,3.0276841773571594
20902,3.0786209152734014
16427,2.6820687023322014
20774,2.896994558420293
23806,1.91738021685511
14202,2.8169634324258555
22272,2.235619472787332
18305,2.9432636157926706
6498,2.7842930824044343
12840,2.7419676215052293
4900,3.0568063886164736
10663,3.138950091142139
5262,2.622621403186773
21937,2.6924793716318645
25923,3.1556882149930927
7095,3.0500896987556985
3971,2.9064142086743345
11547,2.8900827930679247
11400,2.598090474822751
12230,2.9233859778417415
6536,2.8528457076530964
26724,2.9101205786302993
9961,2.919258745988646
25463,2.5791347263863744
20374,2.804864065416397
12626,3.2824887187629677
16392,2.50818730024343
17418,2.8364980198032534
21692,2.7806587424586766
22298,2.9683737095508023
2213,3.2088005853427184
13875,2.7832321031337646
25370,2.799087088223943
23494,2.8730796464322967
20930,2.5388228428797395
5317,2.3941881755148064
16570,2.2661473095866493
19916,2.5858377228493916
18867,2.6454699715051735
21433,2.055234375479484
7046,2.1739817466240305
19718,2.696567347203502
23235,2.8411031169291068
9515,2.809118266020013
1444,2.883869728517442
4119,2.616650653414004
23582,2.557546472293615
9222,3.0063569787044027
9266,2.57963961345203
21882,2.7160680990232935
17501,3.0450641035755437
274,2.792450949395795
199,2.8392676334915623
10463,2.649285199757149
12670,2.8528542943935586
15239,2.8540757344722247
24665,2.337036683705913
3329,2.476659950491885
5826,2.7202029138240804
8821,2.7008213431215773
2561,2.951115099744075
12678,2.766842404372047
3704,2.445910385474487
3931,2.715754667216421
25261,2.7680690109404686
9434,3.153088527557778
24937,2.73431148662173
22844,2.301048856781051
14338,3.070271296634929
20657,2.848804250939627
26351,2.9243361135821755
7888,2.8127998893488027
13375,2.7960078403387794
3226,3.042809156955745
6210,2.951261091404705
12730,2.7016381429575675
18494,2.9749044706865053
959,2.914729126969585
7317,2.9555328512560295
6538,2.835115335752416
12240,3.0590146187418226
3703,2.784941812400667
5070,2.419444718398915
3834,3.1914651580351703
3014,2.9499810268405864
12509,2.564772501825965
13529,2.7282385503686353
8229,2.997178382399463
25545,1.874003436286489
12530,2.741300756468609
23942,3.002622294445702
18208,2.5912737278872706
13734,2.2894423333078224
7051,2.5934698999258354
8298,2.8835078667435186
10980,2.6070783990457116
24248,2.717700317657449
11804,2.9119479338776344
3282,2.434903940327714
1175,2.747983942246756
12140,2.8011456659197242
2227,2.9316357462436766
7093,2.818491891646673
22951,2.7288038991988914
13466,2.119141889138019
8972,2.5775285098042287
2714,2.3222536591480973
5466,3.096641943219639
6095,2.9788809705486714
25262,2.9507958545165396
12517,2.789670418196099
15059,2.5352726573231905
10019,2.7925536060205056
20586,2.7783873004644604
20152,2.350897596823447
10241,2.545432420251249
12534,2.796084832029153
12892,2.7661566138362104
13722,2.854861381629707
147,2.559161946458649
3919,2.8836150920280637
4596,2.3833550854399723
7997,1.9035820840023137
4104,2.9746197326420356
3547,2.63112901105328
11276,2.9561152086485154
20569,2.598401563736573
2541,2.7090980613007103
24672,2.797824904756502
5218,2.866220448379615
22917,2.8936060394055114
1972,2.7172432523982
5708,2.8234393441758168
6604,2.802424206572675
9332,2.9984977165237616
5503,2.643055210164571
17878,3.1116314608236535
6550,2.8426809102039146
3058,2.910586877713294
16842,2.9031795510290235
14403,2.2319125810241087
8020,2.730016778403401
25308,2.849928373151517
13640,2.4333156672490226
21017,2.407778394371302
14003,2.8041388606984774
11932,2.6936306683640825
23656,2.674331600212506
22186,2.0484930514801185
12034,2.7743627200054393
1805,2.479195491220808
13300,2.9439994259529243
24842,2.8303392003429466
52,3.212583492148287
873,2.7155662547745263
13788,2.774739605149627
4160,2.5429073399775604
25881,2.6104722603466817
6483,2.711976839556814
2362,2.925899678977223
996,2.524782057002174
8826,2.4102662997108397
19763,2.504900530277325
4484,2.2190370149971246
6688,2.3252827463930683
6662,3.044737540508939
14402,2.6806172084574946
2842,2.8551930363865465
17172,2.740781375889256
17672,2.71850557581597
2393,2.9771980607333903
2168,2.6990681782357107
4202,2.199562511555284
26345,2.6501083929024634
18871,1.8210845428080835
25721,2.103267111901752
17170,2.8313084861105873
1246,2.835717811130514
397,3.044054350310156
8886,2.8036896764436423
4667,3.1202815491410596
13566,2.148089358451977
6215,2.939879465402775
11729,3.0662510859369725
22050,2.7935184224071254
896,2.633506760838848
5763,2.5066743498496518
24493,2.862011039332713
17282,3.015743196663364
10406,2.8337141082387443
11598,2.733373678620713
3592,3.065522364068757
24407,2.9097455306967794
21371,1.8162626947110643
2476,2.3175520571209396
7356,2.983118579088823
2564,2.7265209698375834
10721,2.8483750968690944
7821,2.4818808326561412
26533,3.075855552721027
13082,2.679529350590424
10428,2.7551769424066648
23135,2.5746215561259698
12525,2.564676339887431
10861,2.953321248895425
2414,3.1185780466105717
7294,2.886354864459501
15334,2.8432433557371573
5551,2.6748342338351025
22197,3.109945961270805
2805,2.895247905695731
18754,3.3994789461709605
16894,2.496709153682077
12487,2.5150948889991955
17333,3.3356945784804526
17877,2.687164738870334
8358,3.2192261129726276
11251,2.5665522784876416
4405,2.9280109397425935
23430,2.8612491241295235
8304,3.2107655952946645
25948,2.6588266687216
8761,2.77163485034782
3844,2.699265772918082
9124,2.7286314928632933
21185,2.790413346834511
538,2.7614833907615886
7168,2.8414167557398144
17923,2.158660121402619
12967,2.9903524676958266
4977,2.8313050175481065
6292,2.8513629187772196
15241,2.5996415232677474
17971,2.41580393540965
1336,2.814590305570011
25985,3.093907916788561
10311,2.872491921613473
1323,2.994761774647538
8939,2.4763624102698327
20116,2.7148136984123
6422,2.9823500781417476
2153,2.7769956762979287
6692,2.8078198962195535
16398,2.548651269309455
5512,2.7005249559675075
11011,2.997869101714586
13207,2.8113157761272345
21986,2.739850203889083
1804,2.983135282115022
13881,2.842358382547982
12669,2.7543250592651227
2973,2.623271803920927
2209,2.925921101345818
14071,2.8080560837997495
3916,3.0299260224679014
10455,2.9560693900946653
23184,2.9951649327809977
23407,2.7712427721137063
10598,2.9341658099627086
19411,2.807616884278484
26558,2.8517981123375193
21347,2.5113561679990504
19755,2.1600476220706075
15909,2.728901589201357
21267,3.062654324649891
11056,2.804628081318403
19906,3.065552035265038
10235,2.9554737571115535
26863,2.753039061371583
8908,2.344362569459147
26300,1.796791476900131
26815,2.5877076790822233
18839,2.689966610957081
24014,3.0414265589171836
19759,2.9032464719890543
1690,2.5513471543959083
9565,2.5996401351848135
26079,2.981256694017321
15875,2.8585288351968354
12169,2.8883891949127696
1441,3.006330000699021
12523,3.0020787801872943
15005,2.3791194154792525
5658,2.678849272241677
12506,3.0419114851546127
6,2.8609093217217048
18664,2.8664480491466855
10624,2.7051835227948526
26186,2.6080786789451413
6245,2.298701675206615
9188,2.661965245766745
25518,3.018797256714294
4867,3.0578547124498168
12490,2.8647241498217033
5663,2.033789013340123
19842,2.972380503908573
25067,1.9293768605653054
34,2.7482296179272563
15652,2.949303347301131
3813,2.632393313536608
25424,2.8610622521331517
1530,3.0834426591324737
8282,2.7301924373604236
26396,2.3560185744496187
6607,2.421083289568033
25288,3.0636352468891728
11502,2.915336796160253
13687,2.9393449396108378
2907,2.8557637173642276
993,1.8204165872888962
8889,2.8299470126191797
20464,2.8792665715491284
7752,2.9194542369980767
15050,2.3981998642145737
16403,2.8720425054011707
11204,2.7535461361050615
25999,2.814536369847228
11900,3.176365724184972
17441,2.5673563698514967
6872,2.8029461035306062
5485,2.942357572919899
25355,2.9173181050884813
8278,2.7376880144561024
25106,2.8147618124525224
18463,2.874544323590014
26694,2.8327106765597008
26304,2.83117260703766
15813,3.0707632251943378
2647,2.5271397445669255
1815,2.836050280396926
3023,2.9061695931065143
5006,2.6411840383759917
9320,2.0082586756158545
5871,2.301897723199892
14815,2.619499756277106
12347,2.9341486840670994
3077,3.006382665169293
14634,2.649302854765227
3502,3.08360016668289
14314,3.062885819272542
15016,2.6688156900690045
15783,3.0741583925182554
23812,3.002926510063825
14398,2.730289719581339
20705,2.4047015716672675
20731,2.7443314331071265
17410,3.098808614188889
5001,2.9463673557908163
4203,0.22024733642578842
1347,2.842952070660559
8615,2.889272063350121
13649,2.672278969571305
10404,2.590667944921317
16418,2.803432112615943
12027,2.7155198815275003
22145,2.358563575833561
24303,2.730390013105139
24167,2.9092058680207216
1889,2.585095572201477
25337,2.905517233119312
18773,2.130612499839159
5325,2.6258217062507807
3383,2.492960432259053
14575,2.591336913223297
20940,1.9898667158932386
2566,2.94692092780199
4143,2.9962875457281783
25982,2.1102251524221693
15376,2.869009983980931
13609,2.734819459569837
18855,2.310857605348446
11318,2.6779692016525902
11808,2.7115310793955856
12571,2.824477244725341
7256,2.7747239899192175
19670,2.918440095963792
19004,2.73459933707063
8943,2.5494795234307612
11099,2.9724322275851254
150,2.8530833540980938
25291,2.9643384114822324
10906,2.7893959780659534
25294,2.9271001778953862
11526,3.046648012916238
6198,2.9429004666575898
9248,2.342716334996783
22772,2.7507688942539685
4817,2.4692917688472993
6239,2.913859530671559
26372,2.341277366243773
10739,1.6778710235821657
15420,2.604549720647656
11274,3.15457479999696
25035,2.810938825360806
5354,2.2705521159041937
22653,1.9992461549972984
26050,2.476635112072758
22459,2.801666019021135
12408,2.133054620774652
4989,3.1425687260195136
5647,2.274975219118276
16856,2.8756026643386448
12438,2.786383832873054
16188,2.907007657998323
10392,2.835599182914092
18209,2.7349206352859037
17610,2.880631786185512
18353,2.3156441375065184
16333,2.4483153007744156
11132,2.0605241967667416
11617,2.580149382189613
1837,2.7834218184102433
19253,2.6518744860866827
11712,2.846064540398897
4819,2.8359590418540703
23761,3.363389432911984
17439,2.6882187895742393
11501,2.5036156208622673
24283,3.105019426092899
23716,3.006001023545521
9527,1.8336053474490002
18538,3.00047980919684
19178,2.831983823216727
15837,2.495643123432858
10533,3.1685093186878714
10943,2.989420207369139
12010,3.004910672423266
24180,2.660472695088708
2772,2.7676396199609794
9607,2.6513433197808083
21958,3.0355411474072582
12705,2.6954048081637203
15680,2.5408972423650766
9071,2.2408569591986143
24443,2.9560579339409707
11123,2.6791179806116685
7722,2.689542700041928
5155,2.0038300939543836
11134,2.767670802111972
19237,2.597565709460367
3382,2.729598782965472
15256,2.51567191022565
26384,2.8103305139347166
4684,2.7615835409894505
6087,2.925079116316991
12086,2.8243898355067922
21085,3.017725832079134
18429,2.465054549811979
16490,2.4828487290618684
17565,3.253782630455286
2383,2.7143395525568845
4982,2.635512193904926
14729,1.643793671250659
20414,2.9256223749068075
9758,2.8131910867400283
4890,3.1835659227042763
9405,2.5739042251671247
1968,2.382174176908401
1664,2.6094467185976966
6202,2.98641006115854
23454,2.722386199467511
1422,2.9192080803594567
512,2.320654594667894
5857,2.8090673057871487
8197,2.4666450022484465
26210,2.6202439900801715
24744,2.662146694645343
12789,2.2644317452204286
7339,2.3833797229957434
2797,2.562016179043613
11187,2.76405195476916
17381,2.0098186360872154
19696,2.8137563200999876
5576,2.774635442629564
11072,2.5190177263907376
24468,2.1061951147480498
16267,2.7409632933705455
17977,2.876308414568555
7204,2.602465630037608
22392,2.9099443543241956
16235,2.8784726195304167
16519,1.8895973860206592
880,2.896599282246156
8779,3.05959497673015
12599,2.4388615212701583
26914,2.613028650892263
21543,3.1426659177461
10287,2.8075937660078494
7923,3.055915368903921
26140,2.6268199869985867
4282,2.7263979405075083
96,2.465817331843204
1603,2.672217831606148
22194,2.7092190298747667
14329,2.846965359564861
3725,2.920744305579757
16192,2.966179034451067
8375,1.752533560919984
2864,2.5829161004184487
9668,3.0896803543714375
17163,3.1883469351476186
21939,2.1871409842233054
7834,2.8607040515458197
9084,2.8941946298821852
2359,2.9167453880639105
3486,2.5428952373169613
11402,2.638366350217536
3690,2.7187445213428196
18705,3.135217957385277
23025,2.380422462480677
10830,3.034523624566817
485,2.6885985556373404
2760,3.0170880379193163
4932,2.73168015331401
22857,2.5149646759951287
19532,2.8163957120429934
20679,3.107582856342081
9201,2.819393861025202
19447,2.161042917046975
8777,3.0687212044825656
23754,2.843888378913025
7449,2.8793336914844634
16097,2.9659455740313807
13818,2.7788462241850045
12591,2.8379938209864157
11848,2.9061491925462564
10423,2.939644824076351
6672,1.8556191868135044
19482,2.1811986186989243
17797,2.6471354346992824
8904,2.621830648886503
22898,2.7605577088846815
23601,2.836551993865025
7578,2.4653967017540612
12085,2.6371229617406176
11778,2.710535516016712
2136,2.9083145993010273
4093,2.6958506455963485
22927,2.884533770121241
6204,2.801920381064043
7882,2.876346304423617
18891,2.8471892658798357
8874,2.218612766053084
20357,3.060620445046557
17865,2.85593302466284
13620,2.988728156929666
1598,2.949915886261397
17452,2.865622212353133
1133,3.0996824720182437
19742,2.1490959493339283
12950,2.7596612852551563
23506,2.542755754163768
3286,1.2357391266759366
7341,2.6514636721424636
12498,2.7449376180022655
25519,3.2399693988443348
16372,2.4864489818812205
19372,2.9424661926775544
25303,2.5676578997352784
25845,2.774253190610529
7917,2.8227246754642326
21819,2.7298015892363487
21339,2.6733784921196264
9579,2.27393630961538
5814,2.77371562526792
7458,2.590474215128383
1366,1.4609935799142608
12367,2.814967643864041
6484,2.8654241375911957
20436,2.828253831835059
25797,2.5371441216577555
26952,2.7283065856637334
11393,2.8785828879952797
16242,3.040013150221049
5081,2.7385405748186846
4813,2.7555373582044362
12547,2.0799449139830157
20118,2.748269740614763
8932,2.678646115305902
261,2.7464612037882286
1818,2.948046518067568
2266,3.02290454345353
1729,2.939779696140595
2904,2.5437869598256726
8279,3.118997317904833
24188,2.4257128388962657
6885,2.7093062505189756
20137,3.004598681966017
8810,2.7605308353028324
20290,3.127147905184766
25178,2.7601388455502525
21717,2.645590283182157
24123,2.568296348353408
5048,2.715358856321347
20739,2.5294215427252458
13287,2.0693033212980185
167,2.4036551235525647
10947,2.9801297364995976
20175,2.2096557087603474
22657,2.265315694430283
4285,2.9809515128614215
11935,2.909490721224871
1644,2.9963943611475865
462,2.400218876255533
14447,2.75334181714901
10296,2.007310561189778
18572,3.0528134701276737
17288,2.768991997066512
6620,2.8927940012631246
2602,2.87403427095766
1448,3.005016228697303
6440,2.922400801071921
8688,2.9003218337221868
10675,2.8795440196722604
16045,2.987256551938756
11436,2.5201779564714255
16359,2.6072183673801614
21138,2.558816787012214
4206,2.8064003368473274
9863,2.634606591679378
3609,2.863063064999929
15419,2.9685361234766585
3780,3.1393875051499402
14632,2.7911779025859116
12296,2.895325540870615
247,2.5262614518421693
15133,2.2067808086009815
23376,2.8772342918926457
4739,2.5084120162792374
9922,3.1703280617665333
26096,2.7932110395817036
17080,2.970832025647632
9676,2.4680094381301205
15242,2.1200213859642143
13022,2.549791009225601
487,2.8315404503647086
20336,2.8081710054839557
26037,2.8974679946493787
15105,3.127284179724596
24181,2.232934741234642
4785,2.547983490399755
13154,2.9251395526480426
18124,2.209991029240166
24097,2.7132265019761856
1915,2.7231458377038478
20915,3.078177080673487
17445,3.221261958880332
2316,2.803740721895253
4220,2.840692250765905
4450,2.710530551260435
7986,3.0058432318471584
25011,1.9345723657218459
1834,2.769058590402914
15250,2.9983690963537164
23352,2.82571580979689
17059,2.8476231802071106
16025,2.8021572698874353
23468,3.080512604562337
26253,2.8321429991277127
2214,2.995199814213393
23408,2.8636730737402902
3585,2.3887567488712382
5436,1.948254133624521
3230,2.4154646378619566
20658,2.6265601152457148
14883,3.2602495684495927
17983,2.601179679976504
12565,2.853207169726776
20160,2.835180755246511
1114,2.5845742253592796
7003,2.858729024097639
21206,2.9029772281541915
14902,2.830775645406676
2275,2.6232304180869295
26657,2.839578589063879
26643,2.5733190794357284
11603,2.667481064409521
15506,2.8224150045390095
9056,2.3377773673908
10506,2.638072912184285
24186,3.0736641713917856
953,2.652548014519945
4645,3.0057227388114574
6290,2.6754209211735973
7209,2.4634690978728564
6072,2.9181840788440225
23915,2.8226272889858217
4068,2.8263977271707783
17103,2.7213548727330528
24378,2.584024169171277
25494,2.8715471532180747
450,2.690520065204798
17005,3.1579890129239554
23139,2.8151453776198005
2281,2.6220588104612026
25592,2.631811285115535
1662,2.2558809834037143
23131,2.3639970223600333
3508,2.8233391802733547
16317,2.529665859729031
2119,2.959246326506337
26668,2.868627445985933
25849,2.942392919901593
18085,2.4912342920887203
18128,3.2025219140540155
10877,2.1858646162704773
7751,2.6878060855065615
4564,3.2121567492938987
26463,2.7331226374383784
12943,2.494348301049726
20246,3.090572762449859
1475,2.7397665695148437
4391,2.6150762592859818
14765,2.9748264037719174
26829,2.8777067984548106
6462,3.0349821940555612
26773,2.885081227765443
24651,2.5211528680751347
12736,2.6510655655505233
25390,2.6659649271887997
19191,2.599282215622038
13762,2.9319949767644595
3265,3.0332828251819
3843,2.781383053222848
13024,2.917496519112334
9710,2.8937733645977115
15597,2.61412221222209
6948,2.8113694972905736
3942,2.533448074085636
21540,2.901251428932334
11507,2.7639260518685074
22472,2.6269889785349974
4519,3.0160861704307904
18283,2.937787107318121
21441,2.0675100345291204
2579,3.12206583329051
15214,2.372111605333614
2901,2.9053345817549854
19319,2.809419171529313
2676,2.20857250148772
12628,2.970914666775275
10127,1.206816007699455
6137,2.809313798745305
6944,2.707741666474458
22108,2.6073573718424568
23924,2.6061518083917754
5018,2.6761391872131517
4871,2.832648676814249
20280,2.6012978166893777
7085,2.8054277550547195
980,2.4012858158696258
23367,2.8996321999560863
15010,2.8853128233831367
12099,2.562147670860183
24321,2.4712624247962114
17108,3.0204909263299573
24212,2.870252477599099
20327,2.9257973991259303
19234,3.0884040211992176
15628,2.8851557991556063
10149,2.4627659389603633
13577,2.700756995167153
23029,2.4743499496965318
21011,2.8807567580854507
280,2.8791416335405686
11163,2.7529940471971526
12538,2.56924202553933
14798,2.8344044019967667
15232,3.069257924608637
8137,3.1203059372437174
15786,2.73063339929953
23194,2.49193976279792
624,3.0336339981004823
2949,2.8525461683326383
22159,2.36267221957529
26244,3.1258093221165995
10280,3.1275567064699286
11178,2.958093273233043
13641,2.6122451385052146
7808,2.9269572333812617
22667,2.1107358806412484
22757,2.6005692979063078
13488,3.0288755131528986
8439,2.838160619195727
19606,2.489285639961223
16183,2.9731898123411273
12637,1.8925558307589185
14705,2.8018326567248235
2813,2.9724264039019044
20305,2.3104933695191128
17017,3.078217453465279
26032,2.9868844077611434
8969,2.753312721869997
15127,2.4618682316680176
5198,2.759243688582692
26421,2.8391167535783626
13821,2.6823349575588233
738,2.790445882465436
2496,3.2052651698783468
17084,2.928083648591915
19058,2.8639677967559156
18453,2.4182262993717782
9681,2.920331777782449
1056,2.781208712830551
15964,3.063440741568388
1311,2.8507187583176536
15685,2.8015356516430594
15617,3.0637505695172473
5050,3.079907250253368
22200,3.104764900821306
16394,2.581449309065488
23308,2.8053045602964124
4106,2.8146464719521003
22037,3.0481426044476327
13581,2.9895954589986298
23347,2.5444895366197247
20344,2.5871451582913303
19780,2.6313006010026503
8132,2.8276985705193143
18321,3.145166863474508
23949,2.7115401103488628
6950,2.593726811828059
25596,2.737618472155288
8156,2.4822900864988706
601,3.0273402487201957
8361,2.930582330325917
21254,2.5935186293105446
12285,2.4355398052543222
13119,3.138184382261833
6325,2.86913781359035
409,2.920769244776867
9129,2.770097757969194
12795,2.8894214651805457
2221,2.534987710649132
22708,2.540173267464563
3752,3.0971355955887248
13346,2.510582149828563
22112,2.6774058977946624
17268,2.23711023163857
4085,3.102038583222056
10398,1.690340529158054
25517,2.7823474297594935
3351,2.9234715384373486
8293,2.902134350853593
19749,2.28550882583956
24420,2.5746847864783478
16472,2.9477686944493167
380,3.0717960965353104
15671,2.75910262492636
17967,3.1781792366665074
25121,2.836787447355126
5516,3.0460325360944482
1822,2.805465553894596
6753,3.28357132399924
12310,2.751506843256026
24904,2.9085571735627536
9366,2.850467184011554
8726,2.887375723412511
19015,2.751387391109404
20130,2.9301663079130025
14763,3.0015335144159523
15423,2.9447629631059447
15756,2.6005789295158257
2764,2.75892794782965
20429,2.6261642173114423
17255,3.154946692106397
13999,2.7166188094430264
13724,2.3894366779993095
5955,2.8868496302606212
7132,2.7699151723112596
12066,2.9489353147781476
6287,2.42907514909789
12532,2.8902598794079517
14331,2.607787123183634
9169,2.8880643011826543
7891,2.6218560455398854
13789,2.5166062067837975
16327,3.0824842137696113
5501,2.7532406851351703
25274,2.94728047817067
18553,2.2046933292192956
8928,3.061732237211888
13486,2.9748047259164996
7602,2.91399065772934
9577,2.5468903317449385
20216,2.986422818824647
8687,2.1194835723081575
26017,2.7858087945116647
9585,2.432319953559837
3441,1.3248074351369175
24854,2.8237208310110105
19907,3.189491148455433
9037,2.6388281846381334
4978,2.2136231284690577
17918,2.9544181601857304
8030,2.755935568485709
25532,2.621462478933767
13144,2.0310548724850253
12536,2.786729083847406
8960,3.1629764255590342
25270,2.7517356491685048
21710,2.9238652656950377
7306,2.8975906461887733
23841,2.610095649732616
3064,2.855647941199745
8442,2.9870966025350847
9020,3.0527213429399382
23770,2.8750641994936363
11661,2.3720407708460582
4084,2.738600245981177
15633,2.9224587575237435
75,2.415854178643693
12351,2.9347160290035346
12918,2.9134384746641815
23931,2.8111482897245175
1108,2.8114444419206652
12315,2.2611808173013603
23739,2.449075122886435
13793,2.2145427049761834
748,2.836428106010712
10430,2.682770691845753
22945,2.222481077250404
9942,3.3138993254042624
15807,2.932902876676143
18289,2.558085156032197
12842,2.033840602363728
21434,2.770098296124663
25973,2.6686428860117357
24872,2.2393134729837048
10630,2.091856574651085
476,2.4757331981847193
12475,2.716904391660084
16642,2.3216375573137182
7138,2.9623740145570996
21690,2.730871245566438
259,2.743763766515955
23134,2.702907639456208
16926,1.4438161084263774
5601,2.3755476514955185
6421,2.634230233839192
14244,2.593743901819594
12422,2.890986900904825
5535,2.5341289259094206
23977,1.3858967798149335
23133,2.883897613826124
4950,2.6093491826057953
5449,2.779541969403112
26734,2.793780408260233
9870,2.5296616080536936
3581,2.697789309020018
1147,2.595462496358405
346,2.751028972460134
22623,2.3952107967074876
19762,3.1494399003415876
20945,2.3010462300404417
4449,2.972623964863133
2974,2.640725890454304
21929,2.957022779449803
23630,2.4939592176913328
17230,2.6761719387561946
22321,2.487989495180474
14848,2.8058100280043075
26860,2.2500777438242543
15821,1.8818883502247488
4843,3.0117865870388845
19545,3.1180563518255
3318,2.768959247644822
963,2.6456179793594323
19910,2.6089419359539776
9252,2.8700323321717414
23749,3.094241679739966
11395,3.0904180121668214
6759,3.007829608644907
23018,2.313933894425797
20751,2.6269893411723206
21589,2.605747129266003
9575,3.0823490066257406
2540,2.79163994634143
21977,2.664770245427333
18113,2.943177842913932
10351,3.2279611350723147
7318,2.981019457930781
7858,2.733126019123824
20141,2.854235784750195
21687,2.778183960647158
2222,3.0832284259289713
5068,2.423157201161737
14800,3.0349957240797516
7591,2.3720915485649616
1346,2.960922995822855
2740,2.6612107813282333
20332,2.5109402797420564
7102,2.257240755427361
12147,1.8238466363149126
14613,3.0455155026137084
2117,2.5360340251124125
21600,2.845084708026525
21101,2.9798794146900356
17427,2.717840685863844
19526,2.579017946059467
5199,2.78545389052159
8058,2.9530494171032955
13249,2.7791853405119067
12633,2.9889636076561157
18422,2.4290650509572096
12116,3.1524147390474218
18442,2.608193355378324
18699,2.928923565203012
3268,2.6935982814113673
21641,2.5766509663825445
10710,2.9693306483449735
13607,2.877320651664746
3789,2.862130120855653
16773,2.8141992343976443
17712,2.651510001422188
14020,2.595586369321087
25451,2.555622931009513
5553,2.4883805520233717
7125,2.6171419755748793
17246,2.569942143150872
26598,2.8156518786598115
11325,3.008267624956917
7690,3.167130435540762
23403,2.5250987168230474
11227,2.840518220657844
734,2.87358651308138
19406,2.504389408263053
144,2.7241695887157165
5640,2.669519516084314
23175,2.156896366965451
23240,2.5080413098476706
2730,2.5201211157945256
14876,3.108754882996794
3474,2.5520342898701123
10192,3.0255561665480286
15397,2.619733775660331
24333,1.776808293167672
17099,2.790885506508474
2583,2.79102615026548
21332,2.6293867879573187
16400,2.598599019763175
22175,2.910755880944472
12527,3.041755690678467
16656,2.8367402510391133
10427,2.795330610830473
8288,2.9736122446654236
15375,2.8245461819280697
2229,2.6672682317323066
23583,2.548886815037473
14930,2.776281239805504
24038,2.285833899944227
22585,2.9383448196314745
19119,2.9342694113166905
11004,2.642353421016111
11541,2.7516729845048213
15695,2.094765512011049
5511,3.028850948729716
5865,3.23884901201247
4003,2.6929836565916276
25202,2.9627059817578068
23609,2.814186066231141
23791,2.8298319737567383
1510,2.7187806298664805
19428,2.8103165075637224
22065,2.947146189657957
12531,3.0967934062220452
3735,2.910069413897688
4455,2.948430266525395
23808,2.910980408217295
16536,2.987234594579745
5421,2.8928110585446607
15278,2.779325905520417
20187,2.8376802348477015
21496,2.5847016823403135
644,2.815076363815346
14736,2.6485412892965723
11627,2.9694424079087587
3710,2.961198674989517
10439,2.8062800985141823
12283,2.8240323995372347
23256,2.6988866515611014
194,2.5524075287666856
4393,1.837292254534334
11651,2.889351015172762
23070,2.8825193441776293
10056,2.7332333518551084
25310,2.432059004359334
430,2.8520947245509567
18654,2.1969155447356226
24814,2.6613701287231164
21166,2.4869736387896344
15618,2.86309767447031
17851,2.770138043390667
4140,2.8582745754569756
14091,2.9930202919305056
5019,2.8834612173091925
4448,2.886525107235384
22992,2.727149965170458
17088,2.932937814457142
10950,3.01740535347035
8980,2.8274386167224903
11266,2.907736233028432
8696,2.6207324781900985
14186,2.8668855075641075
1747,2.762775898305051
5215,2.4283167806849493
9136,2.604008693067636
21394,2.675450486938769
1052,2.435311402662708
23662,3.055946281373076
13959,3.178698595527828
12402,2.8926430785994866
7482,3.02365782056941
14931,2.5625629343529184
20553,2.5954877781884726
19756,2.3225464357347976
11144,2.927759017547921
17588,2.7825871741926997
8608,2.875801955621182
7484,2.7257778711606626
9973,2.513367735241481
10843,3.056575016318072
22349,2.9222314709778705
20990,2.872408964715086
14853,3.0681671476749153
11020,3.0339519258382572
26470,3.0961713622532003
3668,2.7207270781415467
3027,2.583866555441169
8248,2.8969150034068814
17556,2.7904435869660635
25247,2.8299420900836934
21117,2.568412492251619
5290,2.7928384882559247
26377,2.4640764751355086
12451,3.0023530086373693
11398,2.8834712497452437
7901,2.8216588784716774
1808,1.6628640967391994
7964,3.143231605569347
718,2.984634072635433
5505,2.1791670431566237
21095,2.4213708131147826
9995,2.5776251258823355
21638,2.7472228568007964
6014,2.940813411983903
23385,0.9197390713793548
5076,2.850091897505524
17591,2.2577930375475677
14875,2.8526053703461254
23299,2.711552538426764
2884,2.6915184328160846
8993,2.8888286843703206
19722,2.792284354429222
24499,2.670084105034965
7047,2.8313701488248357
18930,2.6394194085663365
20971,2.902338425706531
10376,2.4982490560043287
12358,2.9883129671731745
6149,2.7186567826164056
17759,2.895226409210658
24975,3.040917628574427
12711,2.589309234406632
3798,3.0464198670845426
11352,2.835057586426591
21567,2.1289594635533398
17349,2.4441831294930716
19869,2.747074593433513
7456,2.7402475702358653
11823,2.922655567218233
24368,2.5291512960595743
8929,2.6711243431404457
17407,3.2668583211457847
16502,2.636803485015888
25539,2.968267184809856
14757,2.4286585692221627
25126,2.8498549702901355
6951,2.4240522560940994
13189,3.089832348310056
18962,2.801633145168844
11409,2.768792404399188
21599,3.0204541376343914
10671,2.769036814488295
24335,3.0112295820773207
21963,3.024655647973106
4580,2.7829570469569354
8622,3.0942751943814644
4156,2.5983534875972945
14491,2.995522944518867
22270,3.078566769897335
18762,2.9181973901203206
15426,2.583173012045345
25402,2.750526525431152
10347,3.0068902075654313
8672,3.101513519907155
10670,2.9313491826277525
19243,2.7999235164047076
14886,2.8796175647928592
25125,2.894447062727785
19010,2.9895762695126358
10971,2.940652898453754
18568,2.446953000979173
12131,3.215952629504653
1035,2.7783211194452213
24884,2.5306886568037323
14230,2.7451766564040656
5570,2.6849086827758555
21647,2.807783153186793
3000,2.5218280240288293
17,2.6541259361263316
12709,2.7571580411127914
20138,2.0035382928081997
10990,2.5219668736481484
22025,2.8087260706898625
20723,2.6547531612997037
15980,3.214755677924193
24461,2.9509801920662504
7555,3.0668563708392855
2435,2.838862235017337
742,2.8085634393211
2308,2.7834245189900835
5286,2.767509637329
2009,2.4833659986322223
13430,2.4630680406944516
26840,2.394199274964392
15591,2.1940389241451834
6020,2.269414178320856
21910,2.9807035943785785
3860,2.7310297271736426
2008,2.6539200648352432
14611,2.7287470974425707
6720,2.6672291716691836
16208,2.5232196082583296
25784,2.0700125071228963
17966,2.3985376031959125
14131,2.54701668210377
7809,2.8445846121258826
12154,2.123528469655601
10269,2.9192489831502058
18764,2.6666633591244606
24390,2.989323105111023
10543,2.9984511407343777
13310,2.7707793671972203
16108,2.6025855971174074
14960,2.9541448917669615
17836,2.690542692467708
24532,2.7476923133394804
5038,2.982830407298624
2034,3.1487244641752494
480,2.5800777190024493
23659,2.9615051859194748
15542,2.671805955651
1303,2.712064318301273
12369,2.2263826185813422
25108,2.8602785724131787
6770,2.3468091811207654
15065,2.6812811770891787
13742,2.7796649117638337
2683,2.5993385209195634
15342,3.0096381007666033
16989,2.8740672952070483
4110,2.731624404079522
21009,2.6717660900366553
25450,2.5049097688603155
2195,2.6433850250073645
4372,2.6918467969668938
8623,2.649291844778847
6977,2.9311464493800434
6049,1.6637852744576043
7955,2.774856601061799
1290,2.8152472159262265
13259,2.791503949964431
23053,2.936216861992068
17852,2.9553929138831774
6978,2.9859052224677027
6248,3.052613697616884
20123,2.4952422461486674
3589,3.1013506654110516
19016,2.9359969805812907
10158,2.61334165160662
26290,2.7648030967236665
7012,2.5092150921624423
14251,2.2737977089319785
16888,2.8327440925488183
20828,2.749364821110005
25569,2.9399163945635958
15058,2.9470250234713267
13677,2.726455915466586
11521,3.01776889714676
4400,2.217463575782004
2619,3.0956621893283884
26056,2.942208843244188
22439,2.185714833161071
9478,2.7183920316455397
11212,2.7844940927845885
18524,2.905839343342338
16723,3.2698123984608523
6379,2.768636569479617
3197,3.112669343191182
18599,2.6378358286123875
1595,3.1033783794520264
8317,2.7280161462484576
24339,2.272148604358203
2516,2.815886380733407
12973,2.490437544514421
12181,3.1478154986523474
11917,3.0326938563907273
15281,2.762592598162287
16637,2.136957691996152
24306,2.727023712571179
8873,2.9597492087525104
14878,2.72462710012365
16278,2.7232680400349283
10042,2.632707876533644
17735,3.0583920700111924
14583,3.247976087697229
23984,2.854538421670769
19828,2.052418475952269
11570,3.203836019823477
25188,2.585153174587418
15938,2.25373720813241
10133,3.242740410288717
3979,3.071169686886638
24681,2.5565750668202996
8729,2.904363674749542
5550,2.392494447226685
25628,2.5125833036367706
5621,2.7619394368953305
4258,2.4353426516588135
11129,2.833030551558283
22907,3.1601469619431044
2232,2.9716294492788586
22289,2.957945625914099
22731,3.2580265467815455
19401,2.9290254364521613
23227,2.8619595381126355
10138,2.845203105020888
11742,2.997938698989426
12827,2.6271740334225835
21557,2.7752960283310957
10084,2.928071768404781
8285,2.9862336569162715
17319,3.0112037429768557
14712,3.017382137945416
13137,2.9600762322281082
26363,2.985538229499879
5525,2.776100984633434
16582,2.7350695589715435
4347,2.1455322533999603
7469,2.556202134157841
7249,3.0465237108563867
18001,2.5768799211910056
7650,2.2397955553346574
20145,2.4748135530635755
22196,2.5027861352730447
14101,2.545034298351273
4610,2.6519961848532874
7438,2.9837998076455645
8941,2.6178630536946286
23594,2.932027330421646
26550,3.0033993803311323
1738,2.941506675792739
23590,2.4708652367090265
11895,2.8919549612705895
14281,2.532709064902992
3050,2.2520031897452
25503,2.8134987384358747
23250,2.627734436461221
1765,2.7118663637079603
21967,2.635711155053305
22085,2.7810812353860066
13658,2.80230678379836
18277,3.1286363162677353
11117,2.779753745190251
23884,2.9171901089585663
22502,2.7818367225221103
26802,2.9412547618771394
25560,2.5792299339394624
10511,3.2661718494171454
20241,2.8325672227613268
10063,2.4525800361678933
22944,2.645434559243591
21333,2.6645057926640576
2762,2.277849283190682
16858,2.6881720322657903
12441,2.6690056281966417
19860,2.963685432273229
2726,2.7526655619812797
13215,2.9321735177443835
12613,2.846142123514007
22457,2.9286061915518276
23488,3.1114889768556004
1743,2.3821377703651097
9534,2.838671760835554
447,2.6307119554926324
19594,2.9029179829888228
23167,3.3345197037520635
20511,2.566191038006569
1675,2.5816511936916244
18527,2.7604642790144607
21356,2.8737168767202705
4850,2.7134781525936633
10436,2.7985272633407794
26618,2.829853124368357
25281,3.0946668354509757
21126,2.4667822801334034
14001,2.34729990799911
12101,2.341177677328639
2929,2.956709073899874
11177,3.0695834847479047
21931,2.7722580799457486
7278,2.532907164646201
9909,2.9253133900552117
15230,2.4927604016211626
25006,2.2384128651972697
19429,3.12448233272273
18598,2.914498859376002
1121,2.8608361526761033
11105,2.6097202541542295
6346,3.0886488448577025
520,2.998692341080609
385,2.789108026853689
1741,2.391699717570445
16064,2.812669821113086
25232,2.5814236177559025
7495,2.658423025046439
22805,2.65149685536807
4740,2.7350847943842758
13610,2.7929538696267673
3579,2.989612595321743
15726,2.908994685599894
9217,2.5819130406586597
8513,2.315839150948714
2449,2.8907411331057022
3222,2.8814587871963613
24235,2.4557301068340633
438,2.5430358607196015
6726,2.296922828765474
25912,2.7445906288512463
168,2.9036561721571954
26853,3.0868882360121654
12567,2.7826778757983384
482,1.0857626208953237
19388,2.8947462395435504
17676,2.970318236760963
10509,2.368225628171709
23427,2.6262407710544675
18075,2.445607699680054
3757,2.307411740143454
681,3.0791630696794465
20272,2.969470466829342
2463,3.0580502964158423
15797,2.79981706567312
2518,2.7093733843958328
7468,2.604418913432855
18561,2.7316715700283956
2135,1.7926567693377475
2830,3.0296070755207767
1106,2.795428128294707
10219,2.7740970949437855
5853,2.4888986842898775
9831,2.4049493894487646
5128,2.801812633702688
22061,2.4563763780286645
10654,2.727945450429465
26632,2.153414969600658
459,2.615226114425202
16289,2.60333363952815
23491,2.910144735912453
15112,2.5513443200786314
21940,2.918412706919112
19893,2.727396503745752
24488,2.8986518433516535
15550,3.1861710708542423
22252,2.286315024478956
1396,2.6545977652665385
8394,2.847738847797163
16914,2.8535139180769993
15579,3.1212951909967797
11193,2.8108162167826958
18679,2.7287882334918505
13672,3.0260983556553636
5532,2.9045467184957485
5676,2.8685379731067
23952,2.7419194310317105
1201,2.7483926571561
6549,2.4069369827553144
7613,2.9750247212376437
8474,2.6432778424545926
5887,2.923475146191583
25319,2.8070924920453657
2662,3.0850979533207594
10696,2.1531977317092426
25805,2.5075820531593096
1978,2.642550317763296
25683,2.9370258487157246
4859,2.363100277808636
17035,2.796823876424293
13371,3.071950111621284
13360,2.9954474741196813
7739,2.8208046877375117
25173,2.9808158953109873
4345,2.6860381732564593
5098,2.873910694056494
9229,3.020921862120078
1940,2.6608379609864006
221,3.100003591375103
24240,3.0199466968902304
2420,1.9658375047992616
5523,2.411583750527052
7850,2.7816178695155642
18245,2.858986847872219
8544,2.7689394494475694
23119,3.0697824770344253
15181,1.7719495521820585
3272,2.853532619852551
7536,2.564029634123561
16953,2.7981734737898694
9392,2.779309745854535
1075,2.9469022249491346
11800,2.7473533711989795
19478,2.957925828555172
12980,2.8610889081834916
15915,3.000042926355229
1397,3.1576897884443365
25891,2.6491299530696266
9658,1.6298845083586648
15370,2.843793079752351
13876,2.9164195443651386
20338,2.6547183176855365
24850,2.6095335769222507
22132,2.6775492771058076
5472,3.2078803675635466
15755,2.812614888622017
3189,2.6658834678197794
6871,2.8804819983133685
25823,2.8714953741821407
2020,2.9996357534808777
4990,2.4744113070407137
14751,3.051509657723863
9250,3.1026409549828253
26631,2.268690853459251
3386,3.153333406803296
19766,2.8851857017887657
17168,2.8785725127317123
11511,2.646604988968699
21609,2.739341030926489
20592,2.780829747632379
24879,1.7416819781211954
23867,2.73619953051868
6433,3.386667031224439
15510,1.980090723202311
10212,2.8037445458294257
18976,2.7866498079375437
7558,2.7882798052941418
26401,2.8537673366644363
15388,3.3075947925728735
25048,2.913547182565324
8336,3.0737626188990994
6757,2.5479680482539897
20987,2.775036540661473
7703,2.7366265237908856
22164,3.2134937944389566
11476,2.7111412702870266
15304,2.8393867837700224
9785,3.0648104543192507
11592,2.2667167996732784
5464,2.8037437749665894
24040,2.69390635975645
23493,1.3377603492785028
19036,2.8478397630130963
10557,2.8651315312130388
6332,2.955953331210647
11807,3.0416447060380722
10191,2.4121765233493697
20507,3.012511528064425
2404,2.487422330470177
17464,1.788644920723987
3964,2.7393546181666375
6119,2.5137051885663206
8082,2.5800149377423605
5034,3.19256616705384
127,2.6397462696247684
23423,3.1430584637952648
21623,2.8337856586841617
24844,2.896498038638565
8042,2.9059523605052626
7033,3.0320782121202896
13151,2.828080118303663
22682,2.402679778629755
17339,2.9943369401244317
22287,2.453411156646582
7363,2.1505957177324357
16863,2.7330520437258987
11037,2.8086735874262394
17899,2.9212745230919355
6362,2.793744383883857
17596,2.88001731307671
22080,2.7764792764894093
964,2.3855196967594217
20164,2.646267885802945
13098,2.7146504751978324
3686,2.3805614092133123
25044,2.806434795130796
5219,3.1457259454529813
4972,2.9794230825831454
13634,3.0492292761942714
23182,2.446648024609409
20868,3.081590651626508
5764,2.9136544825313577
18150,2.261454088030509
22801,2.7858824386533754
21208,2.8066516411511553
2173,2.884427415676224
20355,2.667508102091935
14847,2.854569489089343
2635,3.028778464744591
24451,2.712726593597281
503,2.822737527355918
5705,2.0730849346291715
5554,2.423797300196263
21067,2.7482314680610362
10746,2.6498731994691744
11941,3.0467942250086266
18253,2.2389689135113255
10781,2.8444011486953937
11818,2.8609485053581065
19992,2.1657624208892683
11096,2.9016295681515465
8180,3.0039112326974804
9960,3.2818317448320604
928,2.572993509074555
24075,2.9368007468898107
5478,2.526462292444336
23626,2.845079492832451
17731,2.789394687995481
9618,2.4299365406696727
23550,3.1823386976667
21251,2.7520292144794047
22773,2.7558922300131283
14835,2.777371129300733
17128,2.531965779062029
24470,3.1534882049969375
828,2.965591135115623
23847,2.788758201245854
13710,2.854847546299475
12170,3.0902542800834083
7500,3.176577361067144
6481,2.7817090501134527
26746,3.140750818483433
18882,2.830314092486841
17123,2.8782011127442964
16741,2.4982245071467037
22560,2.667361659973636
2434,2.9191724671193944
18672,2.645397600789719
5187,2.7313484972530953
20193,2.7234643264336995
18682,3.2110199219220656
23552,2.792538879693036
21296,2.5135774810414655
21701,3.0300461391236695
8280,3.2149613996809463
2041,1.9991963576991618
14218,3.0085426734665357
20541,2.339189444903984
12850,2.9163757796275114
17783,2.7409374764099046
18116,3.0824633517249285
2043,2.6841927580811182
17623,2.997653739393019
4043,2.3122217644944025
24464,2.678800317466611
8406,2.868624454506345
8480,2.1623540230306038
14661,2.6549884722294443
19046,3.0911298173508497
13037,2.4632786686468156
10556,2.5625514833712373
6435,2.85904157331357
16606,2.777460541933779
20439,2.848733115500926
23314,2.983714786080338
7719,2.814869920780225
6529,2.7655996807450545
21014,2.636088248599945
16313,2.688564988647982
25181,2.6411793686474736
1063,2.5371273153762792
11206,2.6194404945335994
18246,2.134288540200421
16132,2.623806768514621
12378,2.748510903010381
5121,2.5327650223901563
20745,2.214600694263829
5711,2.7324150634951048
19185,2.72534500491753
3537,3.150421709467915
23456,2.9939885532870694
2061,2.797590845782432
26882,2.7372573393902986
22777,2.8451598952337367
11355,2.3601171046342504
24836,3.105934651641451
19648,2.5978230176600876
4303,2.7195270514594263
11752,2.8435009160177604
21811,2.806616474878769
12462,2.9154407540507683
26792,2.4114797878145984
4246,3.1392477004789736
25365,3.014002075874383
2225,2.9324035032443625
1282,2.8917182423738446
10827,2.420243220931529
11896,2.626734414528521
20608,2.2761490918292777
6892,2.8794534745433125
9648,2.9419053173367007
24156,2.7298736849805314
18975,3.1094014372532652
26655,2.688922036614663
9970,2.623688236684308
21719,2.4638984978834535
11731,2.8039958091209254
3578,2.1526167559041234
17062,2.6139985267313164
4125,1.9599343859493705
14767,3.117399829017117
13582,2.834221313045069
16298,2.464730303695232
9684,2.8464846152410432
26727,2.8355505606707854
20949,2.708179632149871
22754,2.8971321039465403
14918,2.475935494990155
478,2.604875308726081
4461,2.0929712901695607
3246,2.4421363653858217
12927,2.7590085157238327
25579,2.752190191670819
5915,2.9787453799659565
3799,2.7401450057317724
13129,3.0330261644660323
1092,2.9570929733266413
6281,3.168434404294442
3548,2.7608048671831504
20062,2.9258433336276988
19845,2.9087238668418904
5770,2.937838302512197
7070,2.86967531910084
21631,2.584776584573225
7175,2.546135320794083
9655,2.14722827573561
4252,2.683569169031928
20408,2.570608962149566
24546,2.4504197217860884
647,2.7685463188123762
970,2.644043251152303
20382,2.0403314180943024
11289,2.575625250841123
18858,3.0870154206690623
26524,3.1512338104929594
4181,2.2507338469415052
14515,2.992275699477937
22762,2.6584818300571684
5963,2.2200427823908844
11959,2.6082117161833525
18461,3.067160718672418
20019,2.817636208370313
1009,2.5566517012583194
15324,2.449804182389841
6384,2.790451361358152
210,2.693250136176524
12163,2.6031731386387764
26383,2.8007308912510247
21696,3.0253588786055565
25940,2.7509982534814377
3398,2.792084219345463
23014,2.8011188605960413
3402,2.667300917787108
7088,2.6366194241070287
326,2.9481952636909363
8105,2.8225265112193276
10125,2.9337820504661756
26551,3.187592264392309
4814,2.4478191979063766
25625,3.171408983750002
22450,2.812757079392852
10366,3.0195766234477195
664,2.2436079158780236
4296,2.8521388377007706
25916,2.751688786717671
2194,3.110849591113853
649,2.4286978377613044
24130,3.1273417910933454
217,2.9919170042806167
5975,2.299080728643844
13416,2.104132572242967
18911,2.9751732271245324
17279,3.0572683590830776
18264,3.058534139896528
19312,2.475860410237504
19350,2.6947966069513556
15739,3.0147355613916025
7397,2.820339321805663
7112,2.7557078121159995
26146,3.0948307676009
7326,2.871355846635108
7136,2.955747449814517
4540,2.8772237597705383
18164,2.520060410889205
21892,2.9014711272113747
19242,2.8577342893231905
15853,2.228267752058289
5094,3.0581640774304457
9115,2.563011730974049
10869,2.8681030032166746
26730,2.886737565276208
9586,2.927556573043893
5727,2.7960874896486994
13141,2.6514296198549707
6480,3.051787707221599
17801,2.7306101892778756
17137,2.679492736363208
15634,3.1446234645682236
2885,2.6772574823260498
14302,2.9090896245722475
20577,2.5264128480919097
11189,2.8984435199416336
25724,2.4161496133589475
12011,2.9651472142714255
18904,2.4196447294817345
17713,2.737128729559269
10493,2.843271143520307
23969,2.7168084437239175
4438,2.6348081660126508
6600,3.0227319948298055
18274,3.000890253305697
17876,2.9451096826505383
7481,3.084791105055727
15492,2.5105100173605126
3169,2.853343335516077
21109,2.663445545733598
25947,2.20518426234898
20967,2.6100292143524704
22720,2.676391641729711
10902,2.9606115664741663
23778,2.742760263196023
12042,2.8553968842105966
10011,2.808281729045275
22137,2.704781356586809
134,2.8139918535125332
26423,2.919829798379114
8331,2.309259494453596
23273,3.011094673922988
3350,2.721073946895758
16647,2.756868366455579
7515,2.798272302453554
13369,2.1804503237002266
9003,2.8277280728099994
17049,3.216468807981304
20343,2.945819466518116
26984,2.0431024071606347
12704,3.0628416868436794
9373,2.802586273688886
15955,1.9745380464213849
6111,3.165352144551406
20330,2.714243691859504
146,2.718223612871387
7573,3.0060856495473454
23048,2.418525795308155
11919,1.4946618088382109
12017,3.0649161143835086
26013,3.3711392553902932
12364,2.6516600089400617
20084,2.807117508938049
6340,3.1969398424350466
8051,2.356451466291552
6526,2.8110206616670577
7760,2.6840307506689434
17224,2.7214251012292765
23655,2.8236250459935444
15852,2.868923632369492
9742,2.9782758584377462
25244,3.1091371570478246
21221,2.704942575405394
24573,3.052741386409484
20596,2.9934863254096475
819,2.571104456402461
367,2.532187111584493
8247,2.837715306404013
3184,2.4993387758079524
13524,3.0150506209467203
7768,3.128733748350399
8013,2.634059535469006
9128,3.0095908076876046
13267,2.8814198781151386
8094,2.492247098797806
11769,2.9625578682716087
25469,2.4189001757729427
3111,2.0698049166270676
17390,2.70974342062496
25304,2.613254516106731
9202,1.198458608597427
91,3.1185267756441415
20096,2.8061966410044774
17341,2.8642073548593
10597,2.7870301348755215
12187,2.943381235956292
3694,2.8341184003845337
9317,2.801946727068947
2532,2.813509914539123
24037,2.923165152627523
15482,2.787390925873473
10752,2.732686729367189
9683,2.5530470722586402
2495,2.843617669133729
25322,2.475716501646412
18774,2.8912366327023293
10329,2.955481132120203
2505,1.8589632749781884
20303,3.056438689166613
18492,2.8075798828615484
12837,2.4542143734076176
19344,2.310030989224086
25681,2.7856826615838224
23023,3.0814963363017513
13002,2.7807874927035665
15877,2.6014371994237617
25740,3.016571599979713
21012,3.1515328169795653
4546,2.8655922012835187
22799,2.76312481044513
13906,2.9929715118468794
14319,2.6948441762395747
20329,2.713838962080107
2528,2.8080647609758884
16672,2.681541008416357
13695,2.591626419119682
15944,2.880713361872487
25476,2.822650104887158
19368,2.8244488078818057
9315,2.210768609045686
11658,2.3462454458627016
26432,2.858900995521713
1034,2.8982413940546508
13855,2.902163931749216
2270,2.2821803833423715
696,2.873986852957067
10448,2.944964680248564
22549,2.424871112900747
19629,3.0486177449813927
13218,2.820603885623398
21461,2.785815377934563
13784,2.791870306689326
119,2.951346268277505
7609,2.4165563750792183
7304,2.9252386897564766
2790,3.0823191154337723
5365,2.7913450786900293
10389,2.7164061362675773
11297,2.6389674582899527
17110,2.6614861629966544
14897,2.982490507265704
17631,3.132019237789931
3806,3.135650371956053
20043,2.774334642594515
14320,2.846305752487656
21392,2.8254852832953805
7585,2.9099428815365878
21073,3.02582878860652
7606,3.2930542372618117
10319,3.131275274438876
20594,2.950248770977711
26617,2.92428961690019
14727,3.1400739886651055
18769,2.4440819937265026
11793,2.86264385810683
1888,2.887376396290679
3734,2.496214382541785
8251,1.4358489260943592
21737,2.555761532004468
16352,2.3799864721785156
2932,2.8564899345431702
18497,3.0390370173833876
7839,2.5372746163986397
14927,2.765462825185536
26529,2.9801166189886983
18902,2.8846966625348904
2408,2.841262639279
7840,2.817088056568039
5729,2.7258284003133375
1413,3.050797979823801
26348,2.9020326150451266
16476,2.9005599717055985
19771,2.633923961610453
10124,3.157742547216937
24531,3.084840565379996
18197,1.982190630128743
1450,2.795588294602703
6280,3.2411165310013597
23595,2.3596546372281004
6599,2.705177548053715
22131,3.2439617116984003
3698,2.5752312873195997
11071,2.963387304959445
25449,2.5778319897578985
180,3.019518394727828
19417,2.694530611527314
20480,2.8947596947257854
21072,2.8503194596119847
22177,2.6200469572510428
12407,2.5697722918416903
4569,2.717409666381975
18575,2.3886550886713414
24871,2.7882076168176844
20312,2.887745220557556
1493,2.8623986770715395
469,2.9436583470343693
17426,3.131320067233361
2166,2.5599353210426647
1911,2.640091705321087
1027,3.056207460296404
21145,2.212581465926498
1423,2.9340972499976874
19134,2.9761084861916465
3820,2.6964459351954853
2982,2.83765996617752
21768,2.727885422988185
5598,2.7132497217498015
21835,2.369244274752463
20672,2.618723878278383
14301,2.6757922590076886
6165,2.879270345459593
3256,2.9456125488003457
8570,2.8899028769548134
5332,2.4282865674008987
15099,2.582564957599086
1192,2.950556743963512
11018,2.6078037937176153
11150,2.634491654886866
12405,2.0821248250810784
21049,2.855547149754391
26780,2.960682081043318
15013,2.8482880676171445
15947,3.042477180142128
9547,2.5130102116474817
21088,2.418350270986317
16328,2.7892332917590092
12068,2.7656306066178282
8575,2.758569203474008
12389,2.634539887175432
12660,2.795465738176192
25530,2.8772851541349733
9109,2.739798941361752
7467,2.5944151375305586
8704,2.9702109114231026
5844,2.613954577374473
20943,3.0544971766813185
351,2.1872344951249763
23684,2.719289655212491
22883,2.883540478636994
4229,2.834119374665527
24400,2.3109702312005784
9619,2.9417638326354223
2604,2.934144643432964
5697,2.6124649549540866
14625,2.518893469149512
3426,2.7257589546566403
7499,2.9426786470990227
19318,2.6678153175349197
9213,2.6086436977050425
1297,2.454391977755952
9014,2.433294116753826
23363,2.5008740281850805
3399,2.7610747316010356
9801,2.8355217114976923
5393,2.706256162809775
18783,2.4704523558804157
635,2.699092376506517
18530,2.766611608768758
18056,2.698312574536038
7658,3.055027985305935
5863,2.971546531635197
23391,2.420315639977002
17688,2.8864147795661115
7552,2.9836857607913543
19663,2.5387476331546845
3394,2.4966228464582114
9887,1.8251289749720363
10413,2.8638077002717703
9898,2.7719697467315796
11124,2.901485256633445
8557,2.9750882626990447
20518,3.0185978609468984
24182,2.75803489566332
16339,2.9697583539981727
24533,2.815666299608793
2559,1.5318849579503724
22552,2.5959470289793103
2004,2.6276214621802723
10120,2.7898683230143373
2386,2.346335723010757
25105,2.633575592261818
25103,1.8755487202673384
24625,2.922437349385977
5252,2.8566776282723905
8703,3.0526009093280053
21077,2.9647568196850496
3662,2.8792645285458636
10443,2.7988574151689494
15840,2.556774944288623
10480,1.744467779736222
25444,2.756682264768189
18218,2.9258161967447562
1411,2.7220971839688457
29,2.7759226028362667
15963,2.458788439444468
23514,1.754033530398785
4707,3.0148002560280776
3045,2.793477815932069
18007,2.723592315422866
7395,2.944155676752262
26209,3.0437890034643353
7682,2.660504898970733
26704,2.8226508371910457
23056,2.9939876561648426
4115,2.425619960357986
11121,2.833487824613355
3876,3.0433573216581093
15657,2.108741692687152
21232,2.779919673956784
14264,2.9226488587295414
24126,2.9880451517013964
22759,2.8621801208806086
26778,2.555882183244499
1869,2.644862432964246
22486,2.821232059848872
11817,3.1689481193095137
16501,2.602961685383128
18806,2.261529273124577
960,2.187081451680986
984,2.954340707880559
9544,2.7378750670802714
9977,2.9636268232789345
278,2.637601727185889
2145,2.5044794410816706
26664,2.6566354552090337
16908,2.1304275027335593
21883,2.611339001904758
4080,2.428883318428177
22227,2.0769602159498226
3778,2.721745795035378
10118,2.667198702017924
10163,2.335847673483758
7647,2.9017261902437563
15737,2.25880839089625
22613,2.9682655420460087
23736,2.7192626598756613
21676,2.240705169340005
22390,2.946568257040145
13933,2.914016645108554
291,2.7052856487229535
13462,2.518449528682014
8919,2.6451775598907643
3836,3.2340380328205245
24045,1.826661026315366
18656,3.058380741796853
3711,2.4193258658168606
19518,2.819341215030448
6434,2.4622188585317124
6173,2.7410536395464566
1259,2.99464239795414
9929,2.944699173364088
9353,2.7699828646613054
26297,2.770556946227663
15459,2.683953306247384
18518,1.8460869939359248
7628,2.7328528986287592
17020,2.8636966615797976
5148,3.019662292409014
3362,3.019018682200637
24813,2.9226240567384956
3210,2.969986909132752
5572,3.0221205948952066
23756,2.9716507894289075
25284,2.6215008941931957
10299,2.8472139092884565
14050,2.978689153107806
11983,2.3620082306672976
26086,2.5928777663765095
23704,2.8676215883005365
6633,2.6333827383822834
17595,2.8308927090745897
11747,3.1592921828843266
12362,2.819771635996045
26865,2.9109492616279744
2748,2.920857952149048
10650,2.8042902763109154
5165,2.568178545399587
14872,2.8269409540162584
22615,2.9300763167908026
9197,2.6822758940975007
6619,2.839057035412819
6824,2.8008602632769173
16062,2.8312064157087837
6580,2.8085896821234466
9410,2.1346942346234012
13706,2.658017612610291
18644,2.3506217158121094
4101,2.5713551040279436
23220,2.670401562709956
7258,2.7153923273320215
13701,2.9774802890608862
5802,2.6647289706401525
15283,2.4005820100559876
22023,2.5533586997255484
8349,2.869655300436619
22344,2.373054861959386
5638,2.606912734827783
8925,2.930179439937586
14969,2.891894416427968
18315,2.815075274671846
5383,2.9509728200233436
24393,2.284155151254405
14694,2.9396210718705653
23987,2.501806069911858
4706,2.945520260671094
23615,2.921253775217731
23034,2.5520199234302754
1611,2.6437183163356197
46,2.8107552531592335
25556,2.699276635521802
15607,2.650596568086147
20086,2.58220720317925
9535,2.5989947919499383
5130,2.33571060525133
22235,2.692043489024093
26177,2.698434109011083
1339,2.9182949458260103
18292,2.8342357028422027
23783,2.6459902579489714
1514,2.999634757286047
8807,2.798174160846118
14992,2.739988017715528
17181,2.165538181255889
17562,3.0205840762342797
139,3.1100863258634917
26588,2.763810566805214
6223,3.1652342142263494
22191,0.3847822092871949
8119,2.1864490363676414
9571,2.7469832772635896
2617,2.701284537992747
2744,3.15192833319008
7799,2.646985853698208
17980,2.870069973563322
11034,3.0235745373165344
2497,2.8087151043693392
24989,3.069298914692859
4605,2.475725641710333
9946,2.656713949114205
12318,2.813546422656327
25541,2.993635922282573
7024,2.7188153965835613
5771,2.8180817938944758
14951,2.874030639165167
12896,2.641205460389882
20461,2.7120449448868
3418,2.955709019166012
9322,2.8046530467361226
16813,2.2705989247432266
26932,2.276844735161795
18034,2.618909277766067
13578,2.8080219556980532
13344,2.6931341211661692
1599,1.9363195610110906
26360,2.2817472318660426
26336,2.072626888428807
23966,3.0126276384293145
17284,2.6084127483071877
8196,2.856260716715523
7912,2.7546517557339887
25491,3.1443502094992173
3745,2.5704563917465246
18288,2.273756539914132
24315,2.554783105003513
5720,2.288556067796838
14756,2.0494397203527384
8528,2.8421707150077546
24638,2.907414614025129
13553,1.9345254187429912
4685,2.4560909798502943
11438,2.975320785565936
26820,2.6865723708928675
14819,2.534426254159156
3229,2.5399984741832213
208,2.919177429811701
26662,2.519153159365999
10090,2.155265199953515
19287,2.531882160092937
13888,3.118514277588397
12761,2.8901573940369345
2605,2.9091194316349456
15165,2.942235892631742
11388,1.6173233296319394
2587,2.9593968603262617
17066,3.023354922379806
9264,2.5458774603370227
18552,2.9906962324915267
15046,2.5842622253153325
18879,2.572533754777555
8857,2.264582572000306
4715,2.78813910004664
22241,3.0590013813121977
22654,2.720759948348008
21584,3.123464296857941
19674,2.731004122495951
23887,2.9940294619765884
2870,2.913839025893528
8158,2.827871904822964
16811,2.605716569921584
15844,2.0087278186897697
10867,3.008645217339626
8270,2.879320678106389
15565,2.7250306977987204
2254,2.963868708221018
21734,2.9331268448255936
2905,2.8728459258614363
20958,2.9170918990216435
8516,2.94200088001936
23032,2.826923905313848
16558,2.8437660122647523
20112,2.6635258487871556
20899,2.638269582244815
2351,2.965998697075967
20082,2.6038984427218983
5183,2.5126082741461246
10476,2.8395987858258898
26039,2.6252972651816773
1751,2.8486607672623356
2299,2.7852898350712176
3595,2.7539251061803207
16215,2.84505837986494
13738,2.826757305781069
3792,1.2644876404147054
4985,2.7514127057650266
9636,1.2470641125974786
19327,2.4906353672964197
14313,2.9856191162012675
16495,2.54310631539407
7539,3.133046264820784
25728,2.8197356175820394
13043,2.538760402639469
19691,2.696021720167801
1640,2.728020772870702
17998,2.7278865322241064
8393,2.6113288781663497
10231,2.5979622591523754
13328,2.65007919590289
21948,2.3501732314949058
9276,3.1534313972631556
3673,2.9467017944625904
24910,2.990134817966012
17897,2.8336674436505325
18560,2.4871863601859214
5549,2.6256092701157723
4501,2.8216175823044263
26082,2.840822026266165
24755,2.164637159822424
11255,2.9524103853095434
315,2.371935340095297
26171,2.588539112810555
10836,3.198303095301969
14152,3.2263560227120225
4793,1.944772832476875
26428,2.7036438525536837
9541,3.033699992901596
16340,2.2557808309309597
23129,2.856079385462397
936,2.6998413728508512
12560,2.8645901501130657
13696,2.997101580248011
3110,2.9937556244677315
24213,1.6786862010244241
5337,2.785015371720028
24166,2.766226020910012
19969,2.1679579881555395
10322,2.7815377401353056
23840,2.584501639884855
4416,2.354773148746961
24307,2.9354386698204715
5545,2.965095059305144
2492,2.6045972801941906
11481,2.762212107209272
3507,2.303560962460032
16711,2.9510205815864756
6649,2.6796487098482835
26755,3.18036487991368
26000,3.0686128534055426
2210,2.4336209845551733
22835,2.8204677401190668
11293,3.113336134088206
26264,2.4359486867834437
12256,2.9789013022045183
5923,2.641777508375696
20424,2.2899782843741563
26248,2.4645140799831537
24636,2.656783219880434
26238,2.9918045900969807
4774,2.639754062632485
12137,2.0629272840456148
17561,2.9164179710856417
23981,2.892516756588426
12806,2.8284125353562706
16146,2.6642563381581974
25343,2.3089373471782646
12160,2.4310770502787604
9409,0.7161092181871214
26060,2.846070905283351
10852,3.0279086284663164
5384,3.2169153066030054
7488,2.025323274131462
2342,2.7039903227312307
15289,2.7916212820839985
21782,2.989284082544776
19793,2.847661954592751
21678,3.012326994164162
1474,2.5673593529357817
12344,2.785346797558241
12776,2.4957532553151984
10424,2.785161190337342
5528,3.0353986918996796
14460,2.7881264491940048
10818,2.8124382749979677
26319,2.5990152930304085
3753,2.862523623051726
1713,2.8544962003969725
14771,3.154019368611511
15936,2.917835132652182
6830,1.0235631563687486
25200,2.8244357580668313
22070,2.88010681378188
14143,3.2284054826819144
20064,2.542561014714126
708,2.798292775345473
5377,2.8077758251170013
14100,3.0585994117298383
25037,2.8042744389125844
2981,2.7808575077720277
18602,2.873450711083579
13302,2.744451526695328
21043,3.163548243248273
12679,2.3790068441447643
17534,2.953376878912382
10434,3.037654873198317
12715,2.8159559525658056
20457,2.5321645581510386
10714,3.163243156419866
26826,2.817230674703421
14615,2.935659817661814
5749,2.9587896217796072
17714,2.977874813789028
23912,3.0776018556612437
2554,1.9261048142400263
2290,2.7605550892733324
24976,2.455805042700419
12925,2.870401875151756
10353,2.1112514228296972
6003,2.8916354137050106
12322,2.8688605649317886
11717,2.3985839372101148
4148,2.9092651580674502
17212,2.89964324659447
19677,2.9175258166932805
4254,2.9379737621923754
2250,2.623723680698525
16042,2.708367582106805
16467,2.699474266325424
16992,3.0012748059172796
11433,2.9492576251479266
8604,2.8382173654097396
22752,2.2804382705194697
10475,3.013939212102322
1642,3.3122269766533354
8310,2.7996318332600905
8485,2.0266636826217974
16367,2.8437421605648163
19215,2.785192661407586
14689,2.556292483284247
3470,2.8677267681358996
21210,2.3370351887836995
13181,2.371641543021884
26762,2.479029450909345
15287,2.9848969846908324
11624,2.3573054184622544
24264,2.6521358122410583
14834,3.1062656373127884
18358,2.81079286653755
19003,3.138207530447097
683,2.6909171630147837
20073,2.575310744800934
13719,2.1564065376653456
17355,2.8271619319879724
15452,3.0749476044331834
26038,2.8307935612771185
14558,2.582427502328641
20894,2.6293307558672376
10657,2.5344969927861416
16373,2.6387068212983817
12570,2.753779685661219
20449,2.8138977112184884
3946,2.9767820791746167
18543,2.318934134265531
14400,2.4457371145039293
25659,2.7447156455777026
9418,2.793314758549571
20782,2.813181227579108
17657,2.6216612524775997
7827,2.618841178542131
24562,2.768281697856466
20407,2.669489786913163
4070,2.669147120335178
11925,2.185574610642751
26435,2.936341710280429
7030,2.8305396313654043
4955,2.6415162637664724
12753,2.6323647766924023
24876,3.2452255933776297
4344,2.9146220023846516
15353,3.217851629867118
10421,2.7264402210312877
19068,3.02019699919392
9712,2.9120104692874746
4421,3.143421445702036
7759,2.9042644772365236
25565,2.571188947397739
19726,2.867166309771705
7131,2.991990274420463
19081,2.4701518339218613
11066,2.7395624361802997
14041,3.16198979566268
1453,3.05523734806168
1383,2.652061408806405
21159,3.1516277628932206
12368,2.3690846606524523
2441,2.7828686653112618
20910,3.0013311727200787
8797,2.718727753112849
20854,2.330691987229172
19843,2.7726124663637304
9033,2.966151049129742
9682,3.174372962302382
16706,2.8102204191695015
22098,2.6857374186147274
25401,2.7245271943658516
21241,2.6109962930515405
17211,2.7691263293475283
4306,3.2095461725995444
23765,2.873242001520682
3608,2.8460195259726504
21705,2.4368638547533243
5284,2.708151399136342
17708,2.8035410644403003
10963,2.6383593407728303
22756,2.7836061546504958
13217,2.7605227040531224
15039,2.8445939529339594
23619,2.891405861151212
5407,2.3428003522621395
11021,2.5722830108838926
1429,3.0587206336375763
21382,2.892505717448558
14734,1.7725310090480477
16470,2.309824749129816
21264,2.6153319711812784
4048,2.946791142003491
8858,2.9283740842540964
5115,2.7531295512981115
22240,3.1749444197778867
8403,2.7427088874817667
21501,2.5590426295680966
3949,3.0057893305390366
2751,3.051068031789622
3986,2.754643911941548
26942,2.658226978756892
10199,2.898773969848419
20520,2.9822969513499547
14304,2.5011153683629592
1866,2.505790273853462
15557,2.84364214266204
4730,2.9672684555914053
14974,3.2212842157087627
8616,2.842398303273579
451,2.8031667427987172
7757,2.677882936890805
1606,2.7975513709010387
22594,2.8355092240027755
12245,2.6259069318718313
9841,2.3404086294252555
20920,2.574660240087451
3488,2.9543513775471806
20965,2.1191453442548505
16511,2.665814056424135
103,2.675929335746751
19854,2.5579652002173012
22935,2.806557836332663
7581,3.14928328936061
22011,2.7853638194474977
12815,2.5955661881843373
18013,2.8861819282974928
12810,2.758215851357466
21355,2.844335002896056
21993,2.8599773534144632
22028,2.3677186949090543
8362,3.050221636800967
9172,2.7038556947577965
12332,2.791819797554778
14351,2.9233804830916488
16069,2.5060782865331936
19471,2.4164745748132863
14658,2.860786642146262
24789,2.0800409004119773
2702,3.069580620445275
5221,3.164113358869473
15344,2.1511771190347337
16203,2.8640218482261766
9296,2.881229429706433
18144,3.2246692096770087
2081,2.607196229614835
9958,2.9451652244384534
13188,1.5008270696913908
18367,2.829323382257951
19476,2.9054880962971805
14064,2.8804572450649717
12572,2.5188535609800033
21643,2.9820635364252297
14127,2.9457943997127716
12273,2.9625977495895803
13678,2.661169150032276
1086,2.650786182223587
25807,2.9225600270689323
8862,3.0026373508864688
24800,2.251185325340039
15405,3.156507810242433
2947,2.6478419174228263
17156,2.93095330223534
11897,2.656951271146689
6418,2.926806834545483
17217,1.9324647193903388
24918,2.6146534463560482
4783,2.1840167132164825
13499,2.5367317963423197
13195,2.5576487862708532
15640,2.3291369312955728
15299,2.888390189785705
6689,2.6197409205672626
15113,2.636483018463213
19521,2.576898807014766
6425,2.0731570337572034
26035,2.9759559411844085
26795,3.008751958349613
17645,2.5576772139858424
5174,3.1446036288881323
19387,2.972685557020819
12309,2.6159954937574965
3509,2.7016207907481853
19277,2.908749011404834
21376,2.6589120708997864
22307,2.755914880738196
6508,2.88642868587163
6778,3.1217841637509545
25131,2.8257702927829547
14857,2.864815659140324
7571,2.717088007465383
5843,2.9527439384480294
14073,2.7884750693638476
15176,2.5461447698583783
6024,2.703195754932733
4981,2.9971285493544824
6390,2.89259563937352
14739,2.391545103978365
26312,2.7156610669899313
22184,2.452493867683216
1632,2.459290259471491
15244,2.6426517336359145
23652,2.9626573660669764
22155,2.789519779823089
15654,2.506249513961652
3298,2.914531845307814
8648,2.747502804693447
22425,2.786203375491499
26200,2.772594715062737
10059,2.5051938375403777
3393,2.4046580403601308
17629,2.4878076181629742
26321,2.8688806080485576
466,2.5353478066753694
7178,3.036849845813155
14975,2.807100810546114
6700,2.21583176015253
16137,2.6740651198256282
11012,2.726948317867408
25212,2.791644261707538
2856,2.9081972032834713
10069,2.712845535753522
11160,3.2055666167347048
24893,2.787287948108933
12781,2.8135757652321187
8370,3.1742453651083244
4170,2.711484434006193
24641,2.8339891435675586
7100,3.2029910925723266
13325,2.3310647751873304
26891,2.549472021939607
8450,2.2249091059337336
9331,2.0922280846743173
5508,2.6795013143522333
8206,2.5660165125593792
20286,1.9797392984685893
20097,2.4993348560001736
4563,2.4354100931042204
9753,3.004149390016025
1580,2.8199424308175347
19697,2.8586827936462873
22676,2.941985658951332
13257,2.728391932154599
20396,2.473769582253794
11674,2.968853919898362
14236,2.8259421630166934
22498,3.0263836506337007
22837,2.734075242889682
23751,2.78542773303473
24536,2.992288447150858
4832,2.9355768304221876
25152,2.5755411963736576
24934,2.7315734876179274
10600,2.8215190395918217
19193,2.7873915563492084
25824,2.981959681610779
6275,2.8245585231299035
844,3.1408146760683064
4479,3.163207182757434
4844,2.6393777994281287
13294,2.9049005418178364
8477,3.073936468173125
9997,2.8708909916478613
20261,2.737685483405233
8413,2.866061379512409
21284,2.4477286565317247
4738,2.7492531480669844
1503,2.9732869579499903
3397,2.936159613912415
21084,2.810788713945493
1398,2.0855695742519824
19972,2.6058115889988334
20506,2.616425924590919
121,2.7481153909126146
25462,2.8740587012991634
25176,2.790629219145911
20841,3.009063047251958
10690,2.5958031485792854
21059,2.702747891052236
21816,3.0112381998675204
7290,3.15375377997773
19111,2.5291319795626857
22372,2.8375986327105234
14982,2.7159760526472234
25169,3.1545090761536363
16239,2.13340199609834
11753,2.9520042288732746
17367,2.9352178058819547
16553,2.8037560491638898
18407,2.79355488315438
26514,2.29481157530521
4375,2.7822452038575465
4293,3.0541926844680205
4320,2.8309237594651564
7094,2.9318895963607594
20579,2.32744974208779
16897,3.1047679329288616
23883,2.656344755235913
5418,3.1052232423733965
10422,2.52088095203451
9423,2.9001690451610003
12063,2.6991855857933227
8341,2.683692140876442
7474,2.7494144589408114
15803,2.783856895049894
13166,2.822668199234747
15466,2.727324950038196
13625,2.6367279570931945
24683,2.9809158834562766
15330,2.619286352676674
10504,3.001566095164907
15825,2.955278369175979
11287,2.666379173639045
3706,2.8238968346652125
22342,2.9128715135880405
12079,2.894305669604547
16936,3.0054272315595645
12457,2.1316449426356305
14957,3.3060895976572247
26077,2.478611044830407
21615,2.9558147727380484
26160,2.2521018654797804
10175,2.787131694267093
24827,2.815248592506007
23478,2.7038768011108627
19207,2.7139368661939898
5627,2.6934916492322643
15182,3.0057647935744964
2784,2.747997742231661
19919,3.1058082062808765
9147,2.9717122213415856
24127,2.9785697664450774
20698,2.4909070239580666
22826,2.685333991968279
5610,2.831010745682856
15624,2.949799528164335
15879,2.773881607228346
25668,2.532042713331961
6814,2.6731690107429857
26983,2.4074247610647936
26374,2.828686276144441
3784,3.1578884669676937
17361,3.0690396243174205
10914,2.7870677560988297
26442,2.651702646145911
6650,2.853692293572039
22821,2.840205759657589
14284,2.653342742569849
23950,2.8285476123331335
23268,2.99646182486945
8010,2.8879101773828233
23823,2.4437816461055486
26838,2.679523231637035
22848,2.931899131160541
25857,2.6613437298224545
16030,3.1067776462316745
6725,2.0077644235045224
26275,2.7641283985640737
14784,2.7837772910250056
25788,2.915797191462471
24057,2.9406865752495377
10918,2.6986921227092853
1788,2.575743067903844
24823,2.368418598681931
19549,2.515689599227229
1350,2.9030650124466986
14782,2.987449913982681
25423,2.8676929761085193
10189,3.1746088388657916
8815,2.6394644728817847
25911,3.0058664875468573
2361,3.1383258970420065
20526,3.1149713129464156
16271,2.7191558766986006
25250,2.4727906789879417
7786,2.0581524848354436
19797,2.3925877490210605
23598,2.839316528300429
12233,3.020349990100996
6870,2.673746013550537
23257,2.9684154339996005
25027,2.800999199276451
23426,2.999334139793951
4343,2.6068801206990257
25808,2.196986910444363
8935,2.5302692414776904
15816,3.1175640967935103
19693,2.561739840538192
10185,3.0711227436751964
21439,3.102475636614924
22384,2.5342177189664006
13713,2.9480660831087953
16085,2.03703328989684
17363,2.4068623923008445
20624,2.743689085064361
8144,2.975151188143884
18142,2.76068571707735
2442,2.891940708694326
11257,2.522407800891668
12102,3.042795866458179
26192,2.5053875472887546
11482,2.7061547356217104
655,2.621797605975576
19410,1.8380579548514397
19633,2.7702010287538137
6741,2.5900891941641824
322,3.106163311478369
25426,2.7779811235375056
7268,2.188724266265298
15713,2.8108551709389804
11316,3.002326940913846
15527,2.253550233307248
15693,2.4637214280621906
7223,2.9922316976895353
369,2.951905226551049
22267,2.4047733681036108
20427,2.4828701655871184
16469,2.8301478540367477
4894,3.0337860240713543
14978,2.5409987571221566
1131,2.5412917232202004
2265,1.8540717705213654
373,2.8712149705037078
21590,3.1473199479162948
6612,2.9235299481347985
26376,2.6774241733665405
11376,2.501540690697034
18702,2.724720931311574
2075,2.365376137970755
7576,2.7352735805166066
15218,2.8761031575522535
2916,2.8672905980291845
4520,3.0519033185684687
1418,2.7445117208817384
26528,2.774969536026962
15100,2.675065857737584
20664,2.7364781858836102
4966,2.853572233774206
22577,2.8253688693109
18833,2.762990896328407
26176,2.9609830447857783
19973,2.520287923882381
25709,2.579491533689603
20068,2.6449820202314167
8374,3.160089040961736
16259,2.5755340567535616
4579,2.630168487755866
22185,2.9711624318937995
19163,2.68609902012633
1554,2.7816683828078266
23110,2.757771167221725
12618,2.5566344382207657
22073,3.0037499554449276
7442,2.753746520625745
22047,2.4212891425467
10779,2.5868143621612227
13028,2.9926804200273214
3070,2.6017546877218636
24134,2.7185197453313883
5762,2.8070575339309642
19154,2.9962641780554264
15443,2.982873209764548
16613,2.9830771180947533
9355,2.516647483176766
776,3.1247462810862996
24715,2.5090078131136146
5780,2.7690678056837537
15533,3.0571847438236217
8354,2.635177907726216
25647,2.7784363516092156
24406,2.823066712182362
25490,2.5440511094211398
18828,3.0057558078653286
13308,2.74571062031674
18837,1.9046852225343627
30,2.930282903680701
21129,2.7875348831363302
22965,2.4090143423794363
20473,2.6681272952248096
5883,2.9766114355430493
5117,2.7303751495704507
2174,2.560471234472927
20890,3.006882327445558
23989,2.7683169061619806
2207,2.2822728402940538
547,2.8626891484519366
13626,2.9950086058646863
16055,2.6146758188874095
945,2.8208227727201636
24179,2.983420697589291
8410,2.950000744539966
19553,2.935212822429857
26198,2.477067768631584
5998,2.885489644686708
26821,3.1527241372807078
3352,3.0711160415201246
26433,2.6603145631271485
1680,2.7627285105174026
16037,2.816560540319835
1557,2.8070463091098916
15660,2.7687769479724857
15991,2.509502528774051
17590,1.7474530518592688
2698,2.588347531286538
9284,2.838201105182008
14884,2.8176214664169907
11311,2.618624668036028
21307,1.9822457379716116
17882,2.9572190077474896
3732,2.6424402721460267
23083,2.4867789257516177
1719,2.9233263791923525
21862,2.691523260121607
16411,3.0567700706286454
4618,2.96054868744762
8037,2.738731213074849
16595,2.735566570446174
3113,2.716125897038188
8265,1.698104075558649
19052,2.480142779878457
8316,1.7076743122404336
23965,3.121753622505258
21428,2.656871940033548
8763,3.0155890975552055
10700,2.8993348418713554
21266,2.9852315676987793
18154,2.1703962099569187
13593,2.70355634196092
20710,2.9037510650195872
12209,2.789234087509674
3296,3.1325438519653024
21144,2.983968014056483
14002,2.3002167494200405
15098,2.2006310236941156
16721,3.1963747935822413
25534,2.8838346322292487
563,1.081400566884436
22203,2.1131906103442915
20015,2.6726586975656272
5260,2.78784598537691
1873,2.881662141386832
10645,2.9977133170492714
23144,2.705113115419034
17326,2.7921961808762137
13755,2.982537281127363
11615,2.4122403501867087
349,2.8907243150858495
1687,2.4971482039730626
12393,2.8985328718434284
14619,2.9908342022267345
688,2.882722345830711
7505,2.5037754612097807
25339,2.243117328391354
17344,2.5818313047392807
19340,2.521056144249061
24002,2.895260282120718
10560,2.7421311413656504
22255,2.725039923191006
17252,2.707613282413261
12832,2.869938518981123
19376,2.6483325583629616
2766,2.2609403651084823
14493,3.112473105869833
7172,2.9448283515877045
7603,2.6603851550329356
1527,3.0605565873148595
9383,2.681411874947031
23031,2.8822970438051994
2703,2.462751507212957
21697,2.814261880901974
24347,3.1400555753102926
26156,2.882102466330519
26582,2.817753176443226
10018,2.8926083165228755
26434,2.8342710095946217
11776,2.6401289384384623
26570,2.9222162359570203
15159,2.860458767658263
8124,2.9046341014864763
12081,1.7559562609286996
15615,2.568654704707395
20484,2.2149925074763543
25687,2.3838491435853144
18212,3.0998004094795877
7665,2.70964486342768
22608,2.6283800506846537
14956,2.698398299939996
7969,2.411115141370695
25136,2.598295069465778
7893,2.8185972625939026
4189,2.9887603945166363
25536,2.396332660289723
3739,2.363991966266113
7781,3.1423065372729226
11726,2.907461800867105
26775,2.612658233974651
4384,2.8115855287583007
7721,2.9202636872479273
10444,2.7328334000220953
26613,1.8782195983744991
26669,2.475815350191347
9464,2.489655925781131
2710,3.0289338127289547
22566,2.867976550544148
11724,2.7834398837143572
2684,2.7733281242385144
1393,3.028177080786336
18372,2.2506405960628384
23864,2.6141742793656144
2534,2.9138238161968855
5954,3.0608054909763887
5282,2.705523017367139
24687,2.7564366918783976
24064,3.000653938689937
25229,2.8831201913467255
10132,2.722978166624306
907,2.638597754772448
16736,2.7034039948436157
16119,2.904498965709201
5220,2.814136573622381
15108,2.6189227195617932
3617,2.884798615822335
7212,2.642153365372088
24086,2.670941595016978
18374,2.613114898249959
22466,2.17934981406282
5160,2.9323944984214916
20076,2.4342384450299486
22606,2.8208463819329674
2727,2.9068822852327707
8510,3.0642108278493305
6404,3.050687925493377
18247,3.029760667415809
11229,2.2692068455774
6039,2.6765670563623565
23245,2.827281061836504
2412,2.9332740119821796
19768,2.958668096736352
16308,2.5621680058818024
3274,2.919378472096854
2425,2.6100080153605827
15458,2.8075558363143247
24675,2.7426940921656784
19499,2.670984352280045
23390,2.4454273825993047
6706,1.9802911321130272
11060,2.365693253172524
26429,2.840133425581018
9375,3.0060401379748973
21290,2.804184721915207
16867,3.186046139556811
23750,2.8479197979220308
2873,2.8307091687306007
17970,2.115103529161121
3315,2.685664565042267
5222,2.9616952836397843
606,2.0305713914993597
9962,2.5565660696238095
24711,2.660682645863536
20108,0.6900489954441059
16841,2.7583274959185
10075,2.7797269230728916
856,2.5378041455692895
1926,3.003744639420257
12528,2.9510254998034102
24260,2.7862102982445625
22374,1.8627720819096671
17946,2.4832165539607023
5678,2.9743086408920507
15162,2.5192756358502524
24357,2.91262171617966
6557,2.627635198067136
44,3.0831380800410897
2812,3.179638344413658
8574,3.022038084895159
12058,2.864229238484824
22401,3.0930646943703626
7934,3.0920411149239317
12376,2.792624387011047
14421,2.6986437903464164
10656,2.8897385384597007
17993,2.501814938352881
585,2.9657535174911196
5211,3.2216863400329525
14507,2.872341794527643
15894,3.029286112684225
17152,2.812546956632568
200,2.6973393056076356
15780,2.774953448236859
2051,2.5337125505747387
25527,2.7639165621346846
26536,1.8128833974186465
10646,2.643596256391775
12650,2.9501279187660745
3533,2.4280415201060066
10242,3.0586334277605114
17854,2.999184904995395
2264,2.4566657829169363
1232,2.88039837930978
23640,2.2510058771832164
21140,2.654192463563046
18491,2.0551451103833447
20485,2.735729291772798
22269,3.1690755543265094
18615,2.731626448863205
24642,2.5819213004773878
20983,2.7460900393994576
12747,2.394135873288406
15598,3.155450298627052
15956,2.8155982890575726
14275,2.764747165615217
14464,2.986162186737802
22122,2.684126825971639
19005,3.0828054894892403
26777,2.3828787682614214
7708,2.7299198819484376
4528,3.014592078274098
24035,2.26227128011126
1065,2.9243298875801815
22904,2.7492964601379017
15985,2.697574167967074
12917,2.315314587723368
14542,2.971817420357975
21491,2.8443251268777296
7898,2.847464561212854
833,2.7382247786839518
8834,3.1347946615259557
18900,2.6750278304952606
6077,2.536835897404671
11082,2.6184227722914253
14023,3.1667690024380426
3073,2.7754050845350777
5456,2.831367690196641
13884,2.533396539046429
11985,2.729474342952725
15521,2.1473674547332506
5304,2.3530419993481337
22525,3.2019352810804285
14926,2.2961166405942395
12377,3.0184346705571348
69,2.805320735659801
15467,2.9343282351175293
7639,1.581692541113507
14248,2.69151903825703
21149,2.6502518196705265
6091,2.9579288463410105
24327,2.702165542250185
19108,2.5625309848894533
227,2.8572201069409036
9672,2.8037359499174364
1864,2.6179135510474314
22244,2.841109555578578
17584,2.6890087986508453
8225,2.376539916252588
1812,2.5083186174895684
383,2.784851232707502
11583,2.8608435578630536
729,2.9726557452183435
313,2.680378681094501
14426,2.5943766047727745
8157,2.9148018644603617
19325,2.9996873127211883
10324,2.8305471699624576
19807,2.4486685790297154
3059,2.212598450511112
14420,1.7466262863361834
20274,2.970769448871632
24237,3.0830427760906107
4044,2.617945596792927
6646,0.9568546752715795
13604,2.619644778639644
26400,2.8771060890500135
6145,2.7017478495092044
18629,3.0396109968774385
7502,2.8331102212566663
2897,2.7771702606621407
18147,2.808757217556754
23467,3.020411241069323
725,1.8431281336264949
17567,2.8721159308062467
26763,2.653398047468616
7447,2.7494066838992772
19737,2.793152310123792
12854,1.4763272595569894
9623,1.2120029842533147
21861,2.7549303294298837
15057,2.8288297353585543
9453,2.7919391547120957
14272,2.3445275082828876
6138,1.8461047216286244
24547,2.3641989147371745
7107,2.596169405742614
8072,2.7772786860778296
25790,2.863825341593128
20986,2.4145179127519563
6133,0.9323716693256561
4744,2.8290514712235844
24522,2.86095186545897
6492,2.897659571957448
16628,2.9180884872829345
20818,2.6079660825049844
18080,2.9241542372609497
8193,2.6018394737793593
15765,2.730296309725018
23612,3.0262271827916987
19260,2.979616397681725
2782,3.3951122109586747
14187,2.8613140701071917
8504,2.6222744621048695
2512,2.551661876488663
17564,2.913937028429725
4984,2.797245858048026
22862,2.6777385671948712
6802,3.2597582135381717
21190,2.74113779711049
54,2.584503979723921
19510,2.3022625236978222
6879,2.666589633078141
3463,2.4583598072285064
22249,2.793220082837131
11715,2.7599762538974386
2847,2.5665553907306666
4689,2.8464478598162084
5135,3.0720555617562564
4032,3.0316320166631074
23680,2.667854795568405
15564,3.0693134840152982
7944,3.1668132324791065
22174,3.0521360547133374
2859,3.1349063539183213
4836,2.533174883629712
898,3.0735973389978235
9822,1.6484633730299918
9441,2.785519044701311
12863,2.641617387274457
11635,2.8624579338420073
11291,2.5166116299386294
7445,2.6342746585168824
24611,3.179031033620022
3737,2.7383328656149946
9872,2.8723976962815345
4724,2.8176459990915794
26879,2.7193723425466305
14476,2.3021834766744447
5561,2.8130079956073826
22512,3.1571603094719314
16568,2.520683872043766
25915,2.849850808808166
12989,3.047568991552773
7582,2.132999854575643
12619,2.7027904177486515
7534,3.1658458351165093
23820,2.520136381766147
15084,2.8361608902873683
23293,2.8400337367504065
18670,2.704335196784724
17135,2.48644329640901
24491,2.604972226387575
18790,3.015787557254423
23766,2.2122114584365846
2095,2.9180058113256755
6108,2.8712986862870316
17500,2.4177522507446745
6029,2.9044365657453803
9183,3.332002992251901
2245,2.951892004487716
3938,2.8816296325498487
1153,2.7427498315792547
9485,2.7202708506455333
1084,2.7647758952589747
6699,3.103130867479468
23914,2.7914593210007412
9517,3.0811441622772984
7743,2.7908655767443995
14845,2.9902143344061716
4489,3.0637678086488105
13822,2.718559490654738
6151,2.6445139507825792
19230,2.8512048210847922
16603,2.8112226056035654
25307,3.043860620780744
15705,2.592953300456368
4305,3.2124398172895114
9542,3.091118299478618
1880,2.753808088109215
20394,3.27699433334451
12564,2.830913117410502
5685,3.0562119063265674
3921,2.883051068016814
16485,2.8320542401679094
2707,2.6119951657183202
14000,2.1020792569452036
25099,2.4543180543954923
24660,2.740398030819005
18722,3.1782143778738443
4547,2.6911175603316333
16329,2.880182862217878
23375,2.9360151077627537
15026,2.426517597731528
26069,3.2352066582263395
3302,2.6074191717073316
17738,2.6349981305253034
26494,2.8641252053194686
3974,2.7983037638732675
11568,2.8702637620773785
1328,2.8378996023392387
5742,2.6578040162379466
18943,2.5784258652275236
1318,2.8432553085596552
1775,1.5635651309172731
10961,3.0628068343635735
5138,2.661967771363475
23935,2.6881309831421323
12302,2.9461458065397017
17435,3.041226697502504
3877,2.9474692668914293
24297,2.7895392816973343
2001,2.700371633654488
8398,2.652746160083352
311,2.820247797638545
11839,2.777343699512501
57,2.783642008249761
1631,2.902437620270702
14888,2.415996729524706
17605,2.791467877865902
1534,2.7391726708361586
20472,2.7155273952829613
12029,1.9143320085409474
14250,2.494436586591813
12814,2.651064159618065
22763,3.1453443248696136
1280,3.03842655629857
12813,2.9596438417505753
24835,2.772892816567565
16337,2.809025513435462
15168,3.0867396791762096
19213,2.8897351826438467
26059,2.588263604453561
21024,2.975370175210135
23999,2.8154236227804024
4286,2.57160782579619
884,2.3793596739169613
16024,3.0392268545938816
7174,2.8528211242525363
26065,3.077545871995111
16240,1.7749332103758764
4418,2.4100059148221
25001,2.6986977126289724
4226,2.9987080992060577
1862,2.827343840093756
11740,3.1393538118331468
14576,3.029515969294391
6244,1.5260766010683742
2838,2.3813895636410605
735,2.663853205215789
8518,2.425501050403786
10953,2.871862004136277
9103,2.5111147341919167
21915,2.702353810506484
8449,2.729107765537754
7007,2.6290093263745185
6797,2.8754194073579753
8764,2.91947160706015
15490,2.684750320718562
14159,2.1707774656211405
2645,3.0519868905826337
20542,1.7687257617113614
11175,2.6630218888674415
3248,2.2274830041582248
13536,2.7253770949405602
2736,2.766274369525629
4388,2.1710580560659483
19829,2.5134452339590903
21187,2.0487853504139433
20438,3.08980727876933
16181,2.7502920884629742
12836,2.9209633926747465
5357,2.689643918790056
25466,2.8876802258701435
14747,2.6071501581932206
6522,2.5752039204121004
14366,2.633878874175505
14462,2.846340013147607
3930,2.6207337703529703
14019,2.8656484607724586
14337,2.372705088025511
7375,2.4088849070658
14194,3.126082503405517
11073,2.6576782749680508
20104,2.89308991450269
11321,3.1222250885455636
11866,2.8710239998791374
18786,2.763085614868044
7568,3.153417008963558
10977,3.2538369290381284
6419,2.6496800554405753
18768,2.595320556198551
22187,2.915784697729777
24218,3.0480289175436743
21666,3.0998668016930093
13347,2.790033054148663
25163,3.11133757610258
14410,2.7327060516914883
6188,2.8421576636562804
6682,3.215833231519655
25252,2.316790186281423
1356,2.83454358509566
16169,2.741696386077358
8192,2.7882992935296986
2252,2.2417733356988845
19618,3.1084680355327388
2789,3.2210874815193633
3953,2.662464288063538
19631,2.5456845983675835
2085,2.6854862695374226
6134,2.9547030501564606
8765,2.993036796428695
21161,2.9256923275862494
26486,2.310151960618626
15465,2.6482160468830416
6750,2.296764876928001
26379,2.9029077516048973
12930,2.5003663993832452
26307,2.6521513971796344
20635,2.9692515304432723
22607,3.079884131042627
24946,2.003139616925316
14499,2.874305489431079
21888,2.5996780453678725
21207,2.7656277404730765
2704,2.988605337884277
13589,2.499193507726913
3433,2.756993729893255
23280,2.3158632271013198
21082,2.197355010888356
6366,2.644346618171258
20378,3.012717501295897
408,2.93374891625967
14550,2.810594308205622
17291,2.7073135613486525
25473,3.267460599049955
18481,2.6991287876289753
15333,3.2669006642064504
21660,2.7255321658073193
18618,2.913021786917692
6717,3.196831649573987
12125,2.0155544364101647
14055,3.103556197840838
19851,3.3200190140444374
12301,2.8004340056488495
11766,2.885044435277798
26291,2.877273915390026
8423,2.3966221338305043
12421,2.574814285162838
4099,3.125227247531153
16066,2.6462325803844884
25748,2.6735884697820476
14505,2.766656019912657
8540,2.7505349038660913
15291,2.870176630389337
1276,2.8191371874284177
23157,3.039942011038441
25832,2.494220987595105
15940,2.915149468941805
14668,2.7631991298342085
7952,2.506355177251414
6803,3.022752116953956
25831,2.845204004809275
13816,2.8476273291830565
13651,2.7561142828182694
6034,2.960570929827172
3794,2.9314253807796695
19767,2.75851581324708
2332,2.811762656660227
1261,3.0524330923554115
16286,2.786356422177986
20756,2.359396164221353
7922,2.885414501158434
26997,2.7873801956668065
14034,2.4383177210614075
16039,2.613586885638996
25183,2.8865862557507804
668,2.7498760411158236
15752,2.8286979468744766
24227,2.833247832578597
12423,2.6312690140094164
7416,2.949295292838989
6625,3.1368456539742593
812,2.6290488431990675
25141,2.7731171816047318
17866,2.3463635665241838
5589,2.845354514832081
9731,2.8491219097731566
2101,2.704293938199726
22414,2.008967679425001
12654,2.8909357158018136
3211,2.36855119161525
16379,2.9940832380128986
23145,2.8459822080887376
25501,2.9476824993468007
22698,2.947567062521677
11373,2.6461248987993278
1247,2.9287663323056616
5653,2.596061824380967
15555,2.9711471054857985
16449,2.9658580332324753
3387,2.874610459701813
4069,3.0460711459215184
6267,2.974417591360079
5732,2.506109989148046
14803,2.087012766371617
5496,2.9762637489774835
13494,3.054516034179119
457,2.652496232786835
17693,2.747223078503789
3532,2.7830351253398424
6070,2.8276735711778556
21482,3.024696746211143
5100,2.5535357402409913
2334,2.877703451163321
19995,3.109007265654077
20809,2.571758535345185
10992,1.0455820253285006
22221,2.7720817242226055
21840,2.779121818340904
25977,2.644211647056892
16186,2.8195184055294105
10949,2.557476724211132
7738,3.0729213917475042
7685,2.239154376903237
7916,2.9485031064350977
14544,2.9729199378660516
15661,2.51304482047703
24863,2.2178090621289512
1012,2.810283014672204
5382,2.8848515869493454
12717,2.8181323618161214
12947,3.098013133008968
15759,2.608137180857208
13101,2.263747336013438
14323,3.0258620833209244
19366,2.137053905788935
25910,2.4765413673443932
7525,2.8041076205262656
19717,2.8698286228018848
10339,2.8356733241682437
17975,3.3650525642109583
15335,2.311029874098365
15014,2.8204252194063923
25164,2.854108688488287
10548,2.715099260316549
18577,2.89847543333919
12481,3.190367898061377
22451,2.7847384395358223
1944,2.8604211053768496
9159,3.0049692279149403
5564,2.998719349587141
2002,3.2017604912883963
8091,2.5373247418271614
20984,2.9338290430579765
20292,2.3747548398963962
12372,2.893752096210198
17819,2.8685044765712018
8476,3.351080215739267
13349,2.5986261796971712
18201,2.5623207804327612
7293,2.7561200234268335
17969,2.3800960970998055
701,2.72626612767504
24982,2.5984456239324083
20546,2.7777028896161204
17161,3.0742443184502983
21854,2.9457590603182977
10274,2.915964014416502
18620,2.6229854568121036
25924,2.7775356739830044
5047,2.7348273557584997
16342,2.9534716184093157
18616,2.6545552964531667
7255,3.0180578322227256
6388,2.9059898902108654
9192,2.445574559092506
15236,3.3391606456201224
10122,2.415320393245243
16554,2.521457036456921
8819,2.7065293595302307
14965,2.023093672684123
21064,2.875194996681987
24778,3.03647006712062
2374,2.8335607652688983
18240,2.6905537942077378
14381,3.0225500334625677
25353,2.436601146903332
26166,2.6954253838139577
15315,1.9523492625979237
9807,3.0065855222095705
4245,3.223164425955984
3910,2.9935867572972454
16049,2.6287423831606214
1224,2.690470937615311
638,2.5493631305674183
4704,2.8489298926048927
24874,3.016970720497844
20717,2.6709401983127683
18356,2.734290116543164
2687,2.993901754979799
17739,2.9874529580712688
13447,2.981271765691737
8731,2.9486746102215013
12727,2.4554088028222565
14461,1.617073298786473
4821,2.3208000989924873
9508,2.8170237086144314
26301,2.875318713771406
3984,2.7596711573667005
4265,2.70736905572645
15860,2.914795550054147
3381,2.9400358207584842
9994,3.0162581884608084
16882,2.725422457488816
22209,3.1934255931778175
3634,3.234593582385505
17155,2.941002075985032
5841,2.8593387199014133
3522,3.021005328461636
11032,2.5267566004225106
19605,2.6368970989780958
5804,2.4081915538901586
22741,2.7972453860485653
15121,3.350443842398413
9568,3.1087617504377927
3287,2.589586574040925
2638,2.6742405027929355
8005,3.0072519616485063
7201,2.725752812462778
2323,2.851382917310584
5453,2.0000738190356997
18551,2.6307983581247103
22905,2.9278776682598333
21682,3.0250706177885154
9629,3.055037203084347
1891,2.979497949004504
20311,2.789940039625687
13735,2.8903471645711303
5687,3.046371944621456
3422,3.0463499162183756
25714,2.4452285980394124
7655,3.169316388415464
8069,2.6602217621302175
16947,2.532757062692052
16272,2.7829943009657754
3277,3.0594992022678316
20736,2.627932511386027
26352,2.9466708426248016
7305,2.4467572392550627
21148,2.701662921010934
11408,2.5659153848866274
13996,2.7182663341713846
9567,2.8963600062334525
14279,2.474311808297523
20023,2.9585895917930745
16946,2.86586229663672
616,2.7317041551187513
4504,2.782285064996379
20514,2.9286622039980417
6250,2.8100917656304327
5414,2.448399959426447
10790,2.762828607070752
19636,2.8595485906633438
9298,2.770095487534923
22324,2.884242122214624
1231,3.0412470380785073
531,2.8447102389249164
24061,2.8391795448084953
15435,2.8547158872830076
9098,2.595703870224671
6438,2.2977013846888195
20646,2.931398727779937
7733,1.9845521917474551
2862,2.781227650995651
8299,3.083867875664023
16860,1.9839451952125087
5908,3.1917345869178413
26242,2.870594809980924
17711,2.379286394487273
19647,2.3460564442286556
13530,3.140974275609387
14666,2.7942031830329324
175,2.513590253147015
13630,2.6888846994826765
2930,2.645251981425611
14470,2.80577469918646
6052,2.6876081450754525
22469,2.92856240235035
7793,3.131909549340051
6241,2.985164202445981
14222,3.145284876664468
14682,2.8609667428446452
2519,2.740994038072978
3147,2.834011514413117
23660,2.5782518681216793
19311,3.1107100678996744
26207,2.8733284896167923
15301,2.595058317239206
22444,2.8647299427761572
12729,3.027095067714664
14504,2.4427227693662417
1574,2.7757310238851898
1349,2.6624130949147156
21314,3.034463210677938
5071,2.591751209990831
3223,2.1875734931016817
265,1.0070762221695495
12514,1.90179940399648
24779,2.798346604532465
19713,2.736710389871073
23418,2.8719543774416985
13191,2.984322808127401
25811,2.8691135020495198
15742,3.0478104443981624
24359,2.9084451387602575
23065,2.5941593441722226
11832,2.964810944491137
9845,2.5186305912708895
12923,2.677637127429303
26422,2.232761761518411
14624,2.5814431874528974
10365,2.770603502110886
2127,2.9869750893928377
16008,2.842802929381028
21139,2.8570392453171864
83,2.801319654997049
25170,1.9828946952301796
7753,3.0161448819459724
24572,2.792889061807761
3244,2.5679478927237005
4957,2.7993384429895634
13199,2.658748895021813
26959,2.8459905327058697
22284,2.67068902161768
20353,3.001705568806795
5746,2.9958742180613704
15694,2.936772062380332
21287,2.7587665392281706
16793,1.703045518848903
23670,2.402743093103775
5799,2.463813860172632
1830,2.7935428590393196
8300,2.7364948192301863
18182,2.9211096738904794
11582,3.0265575296955007
3019,2.9513922861983364
19074,3.0128322644604397
5657,2.6189397471027744
16201,2.9635460635145567
14557,2.4971587819441314
9427,2.8860787840389017
16505,2.7005936286098007
26947,3.147969348600186
11230,2.7918131738136167
424,2.7933213256903904
9153,2.819504581853662
25529,2.608439566602773
8843,3.0936438337669583
13088,2.5764176894132755
22152,2.633088486531272
22557,2.8260409561620454
24700,2.6993332130682104
809,3.098333658926909
7667,2.958035063298095
3341,3.022762342029686
26545,2.748170664535267
9051,3.080286989693941
16003,2.8463427528900778
3125,3.1772526508142382
19912,2.7644158850923692
24324,2.858900404351893
19034,2.5402779133510798
21481,3.110729059542427
9594,2.7656747765257594
13212,3.099303095108161
25155,2.402049129639597
714,2.5429126083606097
3219,2.485652174446861
8673,2.9721085648749193
15448,2.533697937390011
24664,2.7950352127343474
16851,3.168274822567557
16871,1.7662198840360153
26373,1.5185970578977368
26124,2.810834420672238
26313,2.775792400092189
3588,3.000926538912737
20848,2.648774076836065
13373,2.953528181065317
5394,1.8083631484083462
2608,2.5752525231828014
19397,2.9900652462982724
24009,2.58914807222829
5391,2.3804787034362715
3128,2.964484033311021
19093,3.001812599341774
22966,2.920713620393959
20650,2.6084105765176844
12088,3.349248705365707
7042,2.784043981534442
1847,2.8032785034827508
26484,2.3041427436351167
2188,2.9133358883046054
12794,2.766405352371839
16306,2.399879735628941
1298,2.934408799604468
17887,2.816146734083269
2781,2.3693724339523463
21525,2.9678493707717903
20913,2.9478012113852
22275,3.000469324307977
23871,2.630096976451532
20656,2.832548026757427
23480,2.566036663834765
26043,2.424771084741313
9251,2.327625834401594
14967,3.0886951557742344
7109,2.690193027602521
10783,2.3738315830739265
16439,2.1910125149957755
15741,2.9376221970335217
25429,2.7260340718582388
17472,3.121940274125987
14867,2.7511139214439035
5163,2.539515389768156
11333,2.655206669382205
17705,2.9615437891519383
16164,3.050055430478501
15782,2.683378860871117
17875,2.777588838325367
20682,2.7179947896501577
24336,2.7942962736799735
1443,3.2301101589532086
13133,2.373460452697422
5824,3.0584198494451127
10217,2.626775495105292
8246,2.5886162363408247
1833,2.8031794353098793
19613,2.8788843102172508
14032,3.033920131813499
18235,2.7220008052584523
13748,2.993482568002746
14570,2.77463856651081
20221,2.629624870184724
1472,2.7611098616716694
18087,1.9025167399990834
3233,2.9891454184637616
24266,2.8124614685384044
1026,2.863398664198178
3559,2.8694465036387626
25887,2.7895385829327854
1174,2.5088716643005826
17075,2.3676177013131365
13642,2.4352344646117285
12036,3.2951317428177758
24511,2.901387392095146
21774,2.762213185343593
8409,2.909398337935622
9796,3.0979427894087697
22937,2.7741865501609593
18346,2.8059574346918823
9149,2.8082346275493255
1197,2.6350033744956547
18897,2.304096140209253
25472,2.5482491386136683
4577,2.6406434420096336
10094,2.9098054252067285
24280,2.9746672631422517
5513,2.5576392721325565
5787,3.044248473712705
554,2.869564724498069
24866,1.9501477571163957
21353,1.3773099068364043
14111,3.0581413295907356
25013,2.792921596124981
18466,2.8205829783871006
13196,3.1355964781050734
1206,2.6865709043360226
17039,0.4842057314541678
10731,2.7691332868130116
10459,2.986323232512897
21261,2.947135708463324
6835,2.9150646907823536
3848,2.6218949234990196
14276,2.8442477573613973
3740,2.240198282140836
13505,2.7316062118110964
4182,2.8357228876321954
17599,2.9029116286576624
9144,2.748761640799388
19061,2.9221175317860744
22094,3.1063309158752905
6712,2.9813265533252054
15356,2.6079093864437097
22253,2.7964207226392435
12608,3.2411641914170604
23747,1.172586339574547
24812,2.433879946638892
1572,2.6627780219959964
8161,2.9513968721139716
19445,2.4149841757769717
4219,2.7941746503521343
6865,2.863094967643013
13198,2.352148393745848
10549,3.013684165234657
411,2.801539567844066
820,2.911346633317469
17698,2.820216340093896
5090,2.9123592373556484
621,2.8150572227658412
744,2.5005894556754433
3080,1.886988169838208
6812,3.0113423956324303
7747,3.184164114799462
25211,2.7922967547813964
18411,2.491900011770953
7431,2.6770352258941776
3288,2.8607595381037974
24714,2.5653890402977995
10718,2.648174638587812
26720,2.2875012079058568
14850,3.2462076219587157
2165,2.740397151341527
26535,1.6664886211345962
1584,2.5855442750701525
9971,2.820122672593811
8897,2.5722856179489866
8957,2.8665462653573694
3138,2.0313580769304713
15516,2.624113547532759
25367,2.6116391874029667
6664,2.8252575584740676
23233,2.8278103684735854
9163,2.7147046629186757
1287,2.989277769464125
6235,3.019777372707939
15387,2.9666769691683283
11180,2.6591433857587097
5099,1.5822661661647015
11621,2.2592413959281563
20737,2.983438093743969
19814,2.855328037486028
21326,2.32753755501414
12745,2.9083695880900216
5343,2.8034449330787363
12555,2.7494559852580718
17460,2.9271279513433117
16747,2.8851401853547354
2238,2.9241838325456353
4201,2.9419625804511393
3847,2.262539721503467
10052,2.731713774319007
13238,2.5903854909507467
13134,3.015591978301467
3702,2.7115173560213703
15937,2.6199551020612706
2571,2.9301296092332207
19138,2.7127055612537587
1338,2.8240285834903345
23797,2.7839747312190677
26539,2.714993252962854
22688,3.139193266461051
16906,2.4414763024096318
26110,2.9415531384371505
23285,2.759099647959816
25129,3.060422940089571
16551,2.652975458463168
21765,2.992399732443521
6815,2.680653414428587
4772,2.8395639292954504
17476,3.160082229203781
1807,2.4190669390471684
12340,1.8772134780399887
9289,2.8349571707293784
20087,3.0328300487488895
23507,3.2286242874237354
10130,2.97020970774575
21680,3.1733122417549002
26719,2.5429176942440295
17067,2.698011909523093
10378,2.3268423626524677
16254,2.945982147646183
23787,2.734116906072389
7785,2.34314555641632
24540,2.8488547018003167
22850,2.9104350240551295
5116,2.674518933397519
8589,3.0240084393895774
344,3.010704862755822
456,2.850431890489919
8778,3.114946271490733
6602,2.979955803782565
3494,2.6250299948964835
17903,2.8686717249351292
22735,2.762066153267234
14303,2.7926746033231686
14146,2.2218374450308778
11067,2.260474938658129
11608,3.1252523235704213
10834,2.8230644452332148
22734,3.1510553748156265
12248,3.026572144903017
1704,2.1949876800582326
18495,2.424053001978887
25240,1.9747807315026347
6011,2.843468543303516
18405,2.9321754849006667
11341,3.145687830007109
25599,2.6523109535584704
26151,2.5344915423411574
4152,2.728202979751052
19130,2.822591162969352
8047,2.825393660901125
15363,3.1120426978768285
1274,2.8386570769287127
720,2.6772207601632783
25870,2.867642352675915
12052,2.9176814411524563
7924,2.730504864553738
21849,2.928494472185904
18736,2.7206757722073966
19137,2.5101240098007187
20798,2.854707372175379
10438,2.8587248753914194
24485,2.8337755842597594
5195,2.823776004418216
9888,2.8229470679995248
2273,1.5782566780025717
3699,2.6864332679552483
25254,2.8486679057185755
14672,3.205371750923581
20803,2.3762210682917555
1329,2.6339159233189817
8064,2.400747141730552
19781,2.67542177623022
6946,2.351472045691143
14990,3.080507428405808
3448,2.354313441831604
11262,2.9496248120407635
1571,1.8871941891171913
14378,2.138584414094111
14827,2.3212859483861177
16229,2.2119385109294227
11188,2.5316351659099263
3165,2.872217615954278
7698,2.735739316028012
24018,2.912620964823388
20333,2.4091572102546985
2074,1.416317572277247
8018,2.4882549534313787
13291,2.8577287127982554
26565,2.486023217248994
7800,2.707502228587561
20262,3.0859420419757897
4256,2.8504393831581125
21822,2.774121303833498
16787,3.086748828826454
11497,2.182230279625526
3658,2.6212211008912107
257,3.0129767913969694
2202,2.7597878164596414
7417,2.4849109825314732
22095,3.0863417376798075
11264,2.6495655522645576
10944,2.641981540141573
16452,3.1205648257070098
11386,2.761632490977247
16677,2.746130384005822
13837,2.8092113819831894
24649,2.5843114673541154
8021,2.7124123776101636
12223,2.662718802894238
20743,2.6703908730314634
24090,2.2032950031512257
484,2.9834856452785816
8377,2.603217299388385
359,3.00990747769171
3733,2.726293679850265
22871,3.0072823890790823
6826,2.799323588353555
10256,2.9442964530441773
10606,2.7627982425619777
4810,2.956020179971743
14776,2.8384831150389456
22351,2.4906740956672286
8725,2.948550034677776
2527,2.6822372049740846
25531,3.163119308292468
14190,2.696345294169971
10575,2.5917378886323332
25275,2.617330321227135
19343,2.821573870728156
2450,2.7477192837173505
25088,2.645561715358038
17978,2.593817713889241
23882,2.6570865621183377
25667,2.7536061686249376
13792,2.3287609083367165
21096,2.3775698902945765
4834,2.612561011117386
3612,2.8403177534829536
10462,2.5124604293661186
836,2.6181868696897754
16941,3.135389856220982
3566,2.544393787117448
22787,2.9625780391092733
9812,2.409564478796075
9614,2.846296139936219
14229,2.6784570341557865
7104,3.009300983073607
15642,2.876488430255818
766,2.746448468677192
6648,2.7577380319200953
803,2.2431292633947586
19283,2.638978597019652
334,2.6746793455825113
15238,2.9473788728351433
2678,2.914826143082375
15221,2.7219311906547703
23554,2.6326640504684855
20252,2.0807033470921397
13756,3.031240732626222
3689,2.655722626417194
1676,2.94204300708052
2549,2.3799160347698938
1061,2.8924968175713333
3369,2.5697030327267374
6453,2.8590272402719954
8922,2.6909707034454318
26415,2.8160660813126386
21340,3.1361511331281884
41,3.1217209205903593
14145,3.066077212051119
1966,2.697863405910813
9685,2.850168594137268
17577,3.015945442167703
3213,2.1765991337015396
4026,2.0313601999186313
23759,2.5088041316122855
1698,2.615941694574776
9893,2.636134424054198
10182,2.527328733289774
23475,3.0584571292419263
3254,2.8907754416853866
2923,2.6774859631906764
19082,2.7403302615268568
6899,2.509029023593256
4568,2.0313200843310923
9520,2.758878061904049
19904,2.876847015845697
741,2.947694709291558
23533,2.732559405129027
22417,2.638169503405636
2053,2.884704767235559
4936,2.258158979769744
5982,2.7800813593944556
6069,3.019364934481462
16175,2.7075932507653366
10372,2.98755583761246
7286,3.029280604185919
2545,2.6332850416661273
16202,3.1269184515300856
21408,2.8420048216631195
101,3.100829024182736
22694,2.865840837731014
8665,3.093850798267873
133,2.9009358908155334
11509,2.2470040917559686
21652,2.7908487502217394
222,2.027761182113121
1827,2.6530311607765653
2825,3.032955355781785
11756,2.750147132723087
16088,2.1407667937679165
16415,3.1203260666300348
1943,2.4765763264194987
23600,1.778218570989817
24965,2.914908838868264
6677,3.0526872643077874
25778,3.0811823262434554
4720,2.7753170667317044
14204,2.1088943017580104
9287,2.7822631037542456
17516,2.8512823318202263
16423,2.9673084685402373
21036,2.9706941382178025
26310,2.7353680887947305
9936,2.7955458391732764
19925,2.6011432930334686
15763,2.8513365391746643
9072,3.0390956961009072
22496,2.7548462003953325
13351,2.563495806512893
8231,3.0031249377719385
17041,2.2029333442230357
2012,3.083474617640804
13126,2.8826417288834447
5096,2.6199260121910823
13825,2.6309566549400705
16068,3.068428829704495
11537,2.7622843697292887
11994,3.076806103120031
2447,2.668768652847844
10982,2.96498365733554
1498,2.7749779817859688
16429,2.9703624653773715
10666,2.86082487710374
14707,2.887371660730636
21039,2.25088814654739
2733,2.5499282028474655
10297,2.9183566354377146
4851,2.317986310071516
25860,2.7065691906384273
5042,2.2632369617789454
7569,2.7784204737235605
2485,2.791859685824396
12403,2.8658807703113025
3328,2.89693281411397
6062,2.1481945170526044
21373,2.875831202759907
3519,2.51822874719179
829,3.0363033035630385
3988,2.6495917587609514
16321,1.6261859119148274
25039,2.7481465417362165
4653,2.5417687682916474
25005,2.399616565137579
9905,2.615452979136899
4490,2.7273100278697373
5928,2.7851235574388453
16659,2.9241933401964237
16650,2.0480793892317966
24028,2.9367051379614675
10732,2.651664735057042
25800,3.184068627422851
15341,2.743579377402064
12898,2.718004901337345
22587,3.148038132639609
9761,3.0288687289859513
13396,3.1150620807372156
15141,2.986658274412497
5045,2.6341513616510106
6657,2.7562662699885294
20738,3.149120653352526
24977,2.857430003561563
26493,2.8016397686473558
11263,2.4671654672473866
3429,2.838253994297022
21583,2.9536204356669855
18486,2.1927021549456325
6328,2.5226752886530908
21075,2.8199653564348117
19823,3.02755474972841
11899,2.6894442829553418
6698,3.026702566036523
24743,2.6442713970861034
20814,2.6707843222542276
23860,2.7572451474255275
18112,2.7515165976315856
14651,2.669182622970978
22154,2.7379986371630403
14112,2.7858627951956265
25676,3.029348844829219
18328,2.737609593010401
12110,2.6091115168212298
15134,3.095737670075679
17078,2.797174781234643
16293,3.187611532819586
353,2.6481891155250192
13243,2.368645639680995
17314,2.688738398145177
20651,2.629418810456415
25975,3.1148501963766377
13954,2.517558234300484
7668,2.770078952552828
15132,2.776871235999358
4275,3.120931068403851
13867,2.793172758989054
7486,2.9549589985787166
5359,2.8643955984589486
6136,2.877064397268289
14825,2.6563968312532884
3571,3.003057308392672
20826,2.543125627697607
9598,2.90498993054561
19664,2.4022398213583984
10855,2.034228322251385
15593,3.16645137855431
16546,2.9185277170919446
19948,1.926881859441181
9459,3.0824153765181608
26265,2.6897232988051853
12578,1.7404426147652436
9421,2.863864752468949
10791,2.8653751787227537
15999,2.6910778356477065
16596,1.5348568068415904
21305,2.393960161476737
7,2.9522556335813848
5331,2.9219021022141303
1255,2.727021707408805
24001,2.64752891790506
3958,2.976613626013059
23176,2.5602745525568853
2090,2.484755567595491
290,2.473588671190236
5927,2.8583441861112617
15081,2.6443208647784546
7706,3.1385767876561452
6216,3.044145552514649
9739,3.034566915890937
18011,3.002448758077148
4235,3.181965504456315
17309,1.9297767933406118
25737,2.9139821364549867
19329,3.200016559503389
10782,2.6398129225869607
10765,3.0601245050765282
18455,2.8267556098436133
7672,2.8971968995871884
26696,2.8663366276810835
19892,2.988184035994116
19884,2.794986383127013
12354,2.5871128081909314
14197,2.979417336606388
26305,2.6587370604681944
19855,2.939832661768507
20154,3.0550942095621085
22352,2.7181543710002094
21899,3.022507322809218
15196,2.099571765490454
18187,3.2174712202679814
18493,2.261298998282006
26678,2.7804659117186397
25266,2.639193013697743
7801,2.983061839258269
6952,2.785649970690666
5754,2.851365086403966
17177,2.58372637057776
25312,2.6709504778882454
25263,2.428750162879954
16794,2.6602209316076877
4031,2.568158610126734
2375,3.1767610111707945
17169,3.040250571004725
19072,2.8063162351364013
3884,3.135153517080585
26801,2.9876904995881777
6027,3.2415234513215805
25441,2.703464716194214
26474,3.1294662811634737
11428,2.765478463825878
16249,3.038953137221236
123,2.9829236472036613
1405,3.0288222187101566
7359,3.136285711809409
21903,2.6821582778690676
18152,2.7865887796936315
9798,2.5208321128977196
9792,2.845206128018031
6300,2.7525313693644002
19148,3.036907622428736
24292,2.3856696189777256
13862,2.7125278234225245
18387,2.9980364924182488
1768,2.856793607251003
26883,2.4390912453260376
8854,3.0815678841126686
15298,1.6042042771418743
1243,1.9146987444772825
6293,2.9241419400437674
20859,2.807729606257396
20537,3.0276367956398493
6463,2.847970220212953
12308,3.0942356306467467
17968,2.824853436851736
900,2.9888821496288354
4410,2.8075795862362223
2255,2.961518101589512
3769,2.3811279469325997
2806,3.0228737497413998
2681,2.6831716859363564
16979,2.9094550366689313
11535,2.6943512904448554
10228,3.091353655130449
16116,1.5533962719019268
3960,2.640933362995823
3314,2.200670188041063
11933,2.7975148901325855
6224,2.6928597796007496
18090,2.7050895185265746
22856,2.547311490677782
21946,2.7679640919142976
13086,2.7753846476197155
16273,2.838256700532893
14809,2.9164278762368823
23439,3.0714175789353595
9633,2.9082682804850113
16777,3.0539812690773016
13162,1.8732099952372485
17178,2.8757981244487305
6289,3.0556351555370704
7877,2.6886913177263234
17225,2.7383341524076568
16547,2.9092177258682055
24397,2.7403980627311535
24920,2.688988985292469
11758,1.9390008815300135
15498,2.689353708376363
23420,2.318666691624808
11242,2.7209668173680726
10061,2.7412490266747556
8492,2.4137990631577333
4241,2.96649423081067
25550,2.6904537015771073
3237,1.4671769816274496
10968,2.1896611185049912
25414,2.7726333392083213
12787,2.770949546659967
12821,2.6681512315522657
7713,2.2679991979511662
10166,2.8968658387440995
24901,2.721457282836631
24425,2.7831143341502695
8576,2.6822408709797108
19836,2.650899756509462
14413,2.7643323771893464
12202,2.907689492779426
19586,3.074690588419284
22921,2.2501082961568835
12266,2.814471737049417
1077,2.7194276742303556
7880,2.721992179451097
11836,2.930779734022988
23720,2.9814071002175213
22924,2.2924951610420026
3207,1.6595742799073665
9635,2.734641681342586
10612,2.6903193615748657
11387,2.773778011316153
11734,3.188740375786265
14463,2.8019342473549345
2150,2.3012707335598384
13094,2.0815389442707173
21814,3.3872444680668763
8470,2.700345266922759
3489,2.852193482253433
26349,2.8399706093190447
26742,2.820084671971546
14280,2.4665461578199053
21222,2.4167381512504496
26770,2.6189308653565604
17379,3.0480421308414476
5477,2.84883544837083
2380,2.935267430526407
10144,2.7618811331271425
8213,2.574467237820814
26325,2.703949192775365
25641,2.6249439470009404
3529,2.7654156637525515
4420,2.6458866442536904
604,2.850964010477235
4149,2.891617958584297
11269,2.7793337642409908
9194,2.56234376951578
6237,3.040079384848939
11701,2.8075820572722066
875,2.2000538120349056
12897,3.0214646337291753
20721,2.5377569344253916
23672,3.098051537895394
2467,2.8266954885228857
10853,2.624334230661291
22834,3.043044168706216
10798,2.9432617101122056
26981,2.7247530651152037
3724,2.441454834515039
12281,2.7097863542562353
22845,3.3239175717734133
20833,2.912248595438627
26906,2.884311845452522
22744,2.9327420484440485
23396,3.006709197763322
1365,2.9879567145619728
20416,2.897387936165603
575,2.669252316117808
3204,2.721007553220602
1023,3.0428525838313885
26424,2.950005557772812
22953,2.9371642785876793
4442,2.915845727638027
13517,2.8932533298356558
17473,3.197719768980584
13531,2.8387173259065372
11007,2.324230898765867
20320,2.7565029896707953
2065,2.830298382944323
16796,2.646154836982744
26217,2.955297921552664
913,2.9382021350912138
11912,2.851288633531866
5061,2.6178059869577166
5859,2.868545634610303
1859,2.9787324598133917
509,2.6663089853197364
17616,1.9358477977777369
22589,3.2790414796030607
16588,2.3539506036056776
13723,2.6580341278688304
18310,2.8228714819384995
5245,2.7809903198801806
14205,2.5676019475632765
2814,2.9572305812452897
15723,2.843428450162291
8151,2.6024028938840664
12385,2.921094158285522
22745,2.9694306524138234
18566,3.020175408315843
12838,2.666734075146561
17669,3.059770917480965
24149,2.7475745500983293
12480,2.798833179536782
2697,2.5452899549902854
4534,2.7413088637342473
23473,2.862649496014858
20988,2.8578903555657447
8147,3.068216637143702
7949,3.319912781263104
20694,2.6501738024322274
13633,2.584002826956062
4550,2.7727369295421744
9378,2.923214505046058
7302,2.7436088368431513
2220,2.732167419359467
17215,2.577868619128755
11548,2.8949613367535414
24997,2.865068789761244
6660,3.0042230605541764
26893,1.6829819841871951
5719,3.0969617308737196
902,2.8855122579247015
13670,2.7276294249008766
9687,2.6309590479521776
23673,2.873929400305665
513,2.097245712774432
22489,2.5953176941835054
26075,3.0323671552507823
2115,2.6381010885158256
25189,3.0536608849846965
9477,2.875647005300622
3501,2.7245723406934954
23690,2.4559641516116373
5652,2.876808778697419
251,2.8895169511046466
7298,3.0351378307280847
10673,2.606442439504793
8768,2.729788475473806
8048,2.221986213966906
9620,2.2012111364088365
21453,2.476770152895005
10870,2.8451115188350156
1601,2.1632129376102087
8465,2.1587655363050273
2338,2.4459274427878284
3157,3.3069485148630466
25003,1.781712170951016
15583,3.231259566249866
20790,2.688925007637675
13103,2.216889430181564
21454,2.727343610867751
7826,2.757799203676721
23529,3.055139092747482
1256,2.335788268391304
17171,2.9744949769123323
9325,2.3862121500835407
2992,2.5883354343304714
263,3.0300958594218548
12434,2.56624230263241
16951,2.905080173241058
24319,2.48541605813419
1097,2.670476404857219
4291,2.501408129979888
23214,3.0667973798431722
18741,2.88962847694075
3336,2.9266927884282103
15437,2.8072987708539388
24980,2.909818817400083
21351,2.2186528586716427
20179,2.9535237381930237
9061,2.8172480937217332
13370,2.7447835955246354
10711,2.8194496910574
8195,2.9931246291682747
12024,2.696022340095818
16207,2.6708233445141234
4705,2.949207567033607
23331,2.93417120209521
4510,2.6653345760555185
19375,2.7259534300732717
24515,2.869415409690724
3821,2.51211429680833
26955,2.4095878856859088
16231,2.5950848816402345
9189,2.8801082731963077
19538,2.836301909560014
4634,2.783410904216868
1047,2.7857549952958554
4475,2.6239513386201594
25255,3.0473848840905777
2546,3.008648879934838
7427,2.8863825696033305
16504,2.544589871174922
12965,2.6777089954416766
16891,3.003369353472735
3012,2.3730907512638875
6503,2.405244559762311
8796,2.8549724764890674
7029,2.7740776918117795
18484,2.4893743253316
9564,2.998227922028154
1090,2.821278033423162
13549,2.784122052056701
17617,2.934280947235128
12539,2.7562740508818258
4010,1.4947598118445657
9134,2.902068507449368
7978,2.6444799543950204
20254,2.6882190396265147
6164,2.777282393666513
13872,3.0359559388388346
6534,2.717713025954029
10114,2.615784275237871
16565,2.9290332268635155
16104,2.9755207531878907
8242,2.882948366750864
9433,2.8410182175962286
9750,2.9364815251925944
9931,2.6721358674781457
13244,2.5820888736696044
20795,2.4876818875261626
17021,2.8793399995534403
19100,3.0446764260742203
20893,2.536426560972327
810,3.2231253225341097
15280,2.1111277837726887
7466,2.807794143179945
24092,2.047343878128254
224,2.1064177953302967
22544,2.366160060660185
3846,2.871645014185793
5348,2.7535019875093907
14777,2.468409494197867
20267,2.553645051522441
23459,3.0866030237648787
24158,2.8429931644347497
1504,2.986224344328211
3018,2.8823220044004056
6628,2.463576166146634
6350,2.8993455722573023
21189,2.7534003095342605
21170,2.693863444062367
16689,3.0301069392906603
13513,2.7568064205073175
3261,2.7999596556161808
22014,2.6742568905284
8425,2.4556514995823076
20909,2.771698601747588
17536,2.518407494247687
1771,2.6143283675276194
18046,2.732498863881475
1377,2.9865786276706876
21071,2.6462033615703677
25045,2.966935153881774
12381,3.1813854429636694
4159,2.538321828714316
20060,2.7576214344304564
18614,2.783509510643602
17351,2.3326905566576905
20279,2.8375077591464373
15320,2.786968143252379
4217,2.5277044041640875
21921,2.8795854041634192
9989,2.2471020923082485
21430,2.8698969874172366
10829,2.865142887114499
11106,3.0106241585138753
21003,2.668465421971616
21110,2.5894345094212103
17792,2.954972239074591
11176,2.719299945730243
21092,1.9175738017290611
10272,3.0622447479005133
3511,2.7888349390213243
23215,2.8560190584915808
433,2.359970385940188
26923,2.457385289864302
6400,1.9205171831264354
19504,2.7521559060169527
19139,3.000879495677911
22792,2.8637543286560003
14766,2.3893304613192203
1535,1.7811779821466502
2878,2.95031530730626
5140,2.7539142355664574
24961,2.9659758424465794
1272,3.131552207555773
22696,2.7687473592953498
5836,2.7309821179499107
21380,3.0373342103859056
3652,3.192586709258529
6836,2.910504446663682
1616,2.312838276498282
25081,2.9813492060168354
14401,3.1870304994780803
7567,1.7667864174096328
17191,2.333982343747939
7976,2.92656654220192
10933,3.0083014432054007
18413,2.213927734098061
13084,2.757351160124691
15279,3.0798856099815954
19066,2.9144765047083294
7325,2.784477664693996
19703,2.928451945276748
8008,2.824042393207936
25719,2.8621178978354442
21002,3.1414192948122133
12799,2.3068899136064225
13457,2.6872282373398386
21257,2.5603692178797983
4556,2.9451905665369793
16561,2.2624076059492744
7353,2.9360697917216223
16657,2.5678725933526536
6562,2.7639685622894903
10017,2.7403262273308755
10804,2.778616418581885
10023,2.698835392142131
5194,2.716477376760067
20487,3.0955963369231787
19564,2.354533586062377
8856,3.0873348713399373
4309,3.194215624510693
15800,1.8282532663877713
4028,2.32780321679709
14265,2.942762816315997
11420,2.8554775084863673
20205,2.2516726901117963
18008,2.656863124308056
14905,2.8276081508080395
11423,2.972367331699373
22143,2.788332463194548
245,2.256813394617107
8139,2.999732056084959
5483,2.5023093096888025
5324,2.7683693962368534
9938,2.7857957513605336
9480,2.8590619036299474
21783,2.7214327025882623
9040,2.587747538110577
308,2.9198931706529394
23657,2.465237898974374
23649,2.8019860866851203
20549,3.1200279945923333
14762,2.8543347352275075
21143,2.631287457555399
4953,2.6586228562475505
14801,2.882938447915467
10071,2.9144844163856405
16853,2.855023334083425
6779,2.6353569155452203
20813,2.816050089155459
6880,2.4314588223587927
3105,2.6730918967528465
19936,2.95578240458609
8019,2.643446406647075
15556,2.670511122697558
15446,2.0027750682366716
9880,3.0520104437625806
23581,3.0819512794569386
23306,2.620767013574293
24654,2.668729000152809
6186,2.932851826142599
2405,2.7918516200093175
18726,3.0730167966553195
15838,2.965592865988696
25718,3.086258818109792
18590,2.92752244231857
22348,2.7569526206506723
7231,2.9392995419961663
4447,2.8527848157045823
6112,2.886371516214661
24265,3.0004221359019403
8494,2.5514298495733274
11585,2.8988481972593165
18414,3.0852647219209706
16437,2.8661802953572164
11504,2.775099341086352
18370,2.7012069625247297
19599,2.7572890665567185
23207,2.8121917039619713
16518,3.0702314531950203
2267,2.5879965496756037
3929,2.9210758574767195
8187,2.901453170643555
11868,3.0378126435282624
21321,3.190231690017278
1166,2.6587648926696805
25100,3.270878318507186
21996,2.6393621874901223
21007,2.7828787592032977
10244,2.78987642902649
18921,2.625341525234299
16361,2.778659313014752
24525,2.91731092571765
14944,2.6488635542704775
1419,3.242512431194586
26399,2.762821040692291
18420,2.5044784465714733
9819,2.433049825990846
13150,2.7174972688931165
8971,2.6056945455231766
3353,2.2952400811453475
10194,2.833762487679716
7784,2.522164586473039
24919,3.0961593046825073
10687,2.880564876210888
20325,3.220039040128022
15118,2.7453189391306143
15041,2.9486549008589216
14412,2.7609300727678705
6888,2.1264236188008074
20319,2.8276107876578696
13432,2.5917929791916086
10468,2.808405274924556
14807,2.5281333197875364
9233,3.1230286471522657
24434,2.799226350681909
13251,3.073654998219996
23973,2.95113634393052
12710,2.769531391865024
17507,2.238679895353765
4574,2.8269468445223778
1371,2.7707402512838226
8588,2.5261553958683463
14793,2.7678096857252092
18072,2.94296956589415
18695,2.648470501226133
656,2.95150359750698
1205,3.0653846300045196
11557,2.888966556998545
12477,3.078400911428825
17518,2.8074086462977985
15873,3.041602400192867
13624,2.0671426594161804
24193,2.8766524051530165
19382,2.938625950181904
16768,3.013069219141319
19285,2.781524773943867
20629,2.784151995280853
16070,2.881073925761853
12952,2.8257142785240017
4290,2.6597340010971022
24100,2.793119624730028
16083,2.510990075290643
14697,2.7644669191042337
10062,2.91171350336919
24943,2.4653678538000916
8542,2.3778179201070224
8146,2.8234964088325962
6195,2.9357662757623566
2927,2.6875285869352274
20831,3.069846053371425
1870,2.8841982056524498
18652,2.7233569694178614
4591,2.698754950466293
26046,3.1270415478884095
5625,2.8516430086397677
19200,2.6173358895740084
586,2.9261343577664545
19646,2.4792103976612907
18078,2.8491057125659047
21018,2.7895178101000657
3043,2.6057867927923817
12988,3.0180344227329012
25670,1.499828724062105
20166,3.1226174476256823
24286,3.1795518850804894
9242,2.5226406262348906
21669,2.989943144330987
19195,2.848768756922992
11625,2.8692700369704793
25387,2.6684409657205554
11965,2.687445034853199
7364,2.614361149208052
11841,2.6985928966591737
17787,2.702711747625535
26600,2.4128556549626388
17791,2.9704674219730136
1187,3.01021014792004
19245,2.3349212946173297
13850,3.124871870228229
15067,2.2495622967792626
8647,3.0426936317162347
21507,2.9527085899183816
26107,2.9504043892746354
15393,3.0207260650162975
12247,2.8742837875857563
15044,2.6446641777427162
25991,2.6434918865860624
16076,1.8869310647086504
25584,2.72031569848197
22215,2.754468215678853
16354,2.5439090996744134
14977,2.700019518135984
26966,2.8443792693312155
10445,2.637955730844655
26999,2.749193390207656
15319,2.7578308842260366
21865,2.9126484550075364
19291,2.6482789452312634
1039,2.7961237414794358
2133,2.946761661980709
11921,2.220716898152639
21051,2.838995556222894
23123,2.313451539387543
3334,1.6852526763890683
22798,2.735192248784035
16060,2.7859881416434518
20275,2.9129336720057113
10872,2.7497136780848304
826,2.345068293177977
3008,2.8737560867893555
16918,2.9103181248712975
7510,2.8186833823394037
1144,3.1343809630298525
9089,2.4955943954753943
7477,2.660437953037902
4630,3.003379291592201
11790,2.16062605046389
1158,2.4385137337997045
21851,3.0231862183511145
17409,3.202689590566279
14465,2.885235715267486
17835,2.859587236677191
7303,2.638667382999979
23639,2.640752473717441
1302,2.778410993580028
4915,2.7877683895059864
8639,2.902479462934123
6909,2.8828013591391652
17026,2.3442560433269763
16263,2.9491106443145614
18248,2.9702343792081516
3882,2.5161564156423446
24302,2.9669701984755994
21391,3.0231643827650365
23998,2.670115129071703
4949,3.0202927650328575
25057,2.4774599337680145
3872,2.7905013164796943
19264,3.034382436499058
3106,2.7299015840763072
4807,2.9063276669101485
9659,2.675403279734376
25332,2.9828844995388963
6756,2.9600039061403134
7600,2.794667690686743
8643,2.941131639760654
23691,2.5901668108902784
10205,2.532842145600795
22780,2.6696071695817416
18719,2.882200969553584
24870,2.524010341866714
13044,2.3691703212284323
15148,3.228262832164475
4824,2.3920902698576922
13471,2.8372325678311077
26306,3.0784895652545754
5318,2.8163954176549817
13684,2.477690660810303
16823,2.7372203713281276
23234,2.8486113171952647
26547,2.921571168872087
4205,3.0574731882684647
11915,2.9268447085750897
26503,2.871750138272373
24839,2.9094994105267
16054,2.8496825571393867
2893,2.672557187141686
22251,3.088180238649045
13657,2.820862336192289
13366,2.690930168161635
13340,2.953293736645799
24421,3.017881544177145
9052,3.139559541974215
218,2.0234682969735607
18661,2.8892827917254826
14293,3.1612718335758885
6624,2.7587497915088544
3728,2.4615715519416215
2966,2.405357965986254
19114,2.0345804510978174
4472,2.8234221596386258
13745,2.2203109384546513
2876,2.755113535976126
8670,2.7701747773618903
14656,2.804711090096156
18139,2.233265993588271
22646,2.75283384644558
14358,2.40099974895533
18997,2.7557384391937343
23492,2.920039106131923
3208,2.571751269442581
9000,3.0110149109873774
14936,1.804220802086392
21341,2.5379397974692646
16516,2.866378236580198
6974,2.3269187760998817
10352,2.7800041365547363
21076,2.555520596840968
17992,2.781218262550629
20385,2.9753136395779087
3115,2.7969704534302195
21936,3.0115965644289107
19434,3.001221597059677
4879,3.11134992975538
19352,2.6490389138623507
17646,2.7552894587740164
8735,2.601141429390554
3941,2.6206806145114103
17621,2.802486056406541
23000,2.928743241708275
6279,2.9116224417052448
1604,2.477496117090957
3693,2.6926753381869983
4742,2.332584209838746
4902,2.9941062226130066
23464,2.6594957284067116
25638,2.4933269534653437
14983,2.671327864331008
18831,2.752797428542536
8757,2.3725529181977696
25154,1.8842242587121283
12235,2.649793108661503
962,2.3341452070930804
9254,2.6042474390144514
7428,2.208119417121063
17746,2.3629626779254567
17158,2.6617533218589426
21483,2.626067410725786
13766,3.080880056075108
8634,2.796065634919343
327,3.0302270158876086
24964,3.168515288462702
13692,2.738252124473773
16264,2.6894370404612435
16638,2.839463856554646
20623,2.7360585455451583
17957,2.4513980064131835
22978,3.1011721360476256
14750,2.797439781748796
17811,2.89340055598424
1994,2.950891933354664
26973,2.9036842299163332
25988,2.981879045487166
10469,2.4237307286600758
24296,2.9943970835157843
2349,2.1530949133228443
11396,2.796502067033706
14445,2.8079535808768195
10221,2.7242817668585277
5575,2.9074114987304847
18807,2.7466484623139333
11794,2.6106388782479355
17189,2.880065062475517
618,2.8643269976591084
26800,3.0371748828804384
21685,2.481978234897718
22325,2.6721014213652787
14488,2.496525048057416
2457,2.860131864350174
25871,2.9093941902342477
26430,3.0677373369326393
16660,3.031435108416005
23310,2.366608998997394
24502,1.387260111524521
8742,2.651317260320117
6285,2.552066785804281
7691,2.702299745764544
13042,2.780052498819093
20605,2.9259480643074154
22828,2.4121808642283904
3295,3.002225741574452
4401,2.9676968305554814
2310,2.6803634026466954
14018,2.3665182872304023
2403,2.3025251648993796
7049,2.9639642268856567
23397,3.0733063337327526
878,1.6171390120036069
17699,2.7149197234506355
7889,2.7731234195262076
21046,2.6151759167375306
2109,2.732860915766252
26895,2.868764784372344
24867,2.9053052435223856
9391,2.873456198684234
21995,2.747976740771713
20271,2.709935715490927
410,2.9296546482947985
11028,2.8572008590910203
3899,2.156607725669497
3242,2.959519218663191
17385,3.238779702080634
23222,3.0809736294394097
22368,2.0961079813276684
2189,2.5578627891791568
18506,3.068638360502323
20849,2.7929123301266174
23114,2.8293568583554554
19228,2.801162431358103
8025,2.3347943524801984
11924,2.990426807174222
20683,2.71562070102516
8121,3.1422731414911684
20146,2.7441588423351826
25995,2.8130099309198457
24122,2.742057328901168
13588,3.128732924023568
8460,3.1514793169644384
4585,2.89133700611373
12883,1.4446546774316078
6730,2.7834999169140198
21484,2.618605032100931
19639,2.5102365471930903
14732,2.933116973126226
11527,1.8754090450735559
3305,2.8256381621571505
9529,2.665381910864383
4417,2.4760088666967413
542,2.5539400018348823
21547,2.7221239446745815
19516,2.9098437598536138
8188,2.547190660181592
10387,3.0938904000666003
11973,2.710392608245461
8710,1.5816483578872982
14441,2.8569555179019206
16368,2.575050349385981
17585,2.6933634651988343
1654,2.6699249487041676
19184,2.461348985536242
11913,2.6871637415745817
26152,2.8365676469517265
11449,2.879119104481934
19536,2.3006641971957724
16466,2.0667835964185377
11086,1.9276026023463206
23685,2.9187991945417915
10300,2.5372429407080976
14816,2.9899727529635327
2319,2.0393450057794857
13408,2.591229446311964
12277,2.948780375145618
7841,2.9792799484755847
3062,2.67735109358218
9349,2.6008405871879643
22990,2.713442810476435
1006,2.4454947171677244
19879,2.660349801005428
16764,2.0655946780341212
9044,2.9615392471215247
8909,2.7474671704958253
18523,1.8545307021372963
14580,2.9863875077028372
12695,2.7364329939110137
24507,2.600590187604369
15851,2.749527601354683
16007,2.658891291238497
2247,2.711832169201875
16556,2.6980829122221506
15377,2.7138104658038738
6357,2.9882620482689615
6919,2.6360553117758023
12299,1.902411327427962
12261,3.034681218075638
11844,2.849104428639177
18266,2.199082295352821
21016,2.9552189028699876
23951,2.438578308562359
22583,2.883139502638518
23645,2.9948956541944614
6491,2.976675057038762
4714,2.708345406630921
3437,2.754372702042408
16961,2.704139878634232
5654,2.7976646422698095
23572,2.965284996004764
14786,2.7400668866925852
4223,2.6855701185194194
1355,2.851064449831562
21604,2.922185220924118
13164,2.2825746896798
7755,2.760606272954234
1879,3.107127648765745
14416,2.7724034368004147
14268,2.719668533444629
7779,3.0568308295587827
16612,2.865740447387575
12335,2.7451821812366366
14326,2.685294504244862
8101,2.854438453250249
20448,2.6366248883982992
6769,2.825050931086773
26963,2.8764436712434547
6460,2.776265398716076
6914,2.443805643805256
26326,2.7775361936834235
11403,3.366795130848278
3102,3.0580006529345027
59,2.259938713352408
6306,2.3802888442145154
22179,2.6981004999217775
16414,2.794344008064065
23513,1.6531766740488358
21810,2.8416189437472
6847,2.705948592078702
8663,3.1854375313456416
1163,2.7475647417540685
14513,2.673736495444238
2458,2.5004849322131157
25563,3.157565106992709
24593,2.4225510077631682
18756,2.1679389979508197
5217,2.6015500675525587
24939,3.0598646246362025
23933,2.7912750147074084
16115,2.506177808253121
12524,2.7643598592754297
22395,3.007531560594753
24739,2.611685886932598
9606,2.7389699058298174
17867,2.589095313590708
23988,2.9034163194348466
23060,2.56497263008898
6788,2.9777666090889836
11448,2.921182213898757
13899,3.0580013922565614
25752,2.9078068968925423
3472,3.148321836504397
21000,2.8945751302236804
4680,2.7579718481662168
26689,2.7919176410072932
14173,2.802045849287092
26413,2.7595941047161965
18101,3.03333906074772
2146,2.857672727709496
20547,2.841297984612771
8319,2.530298027802239
24881,2.9534344957219423
20121,2.9148776194982884
8466,3.0097524689514206
9414,1.7804410157168855
19380,2.7509930871982164
17666,2.940418251564224
25914,2.744424718095181
610,2.722828880905897
11453,2.500758224657847
6518,2.968657263838731
18285,3.1221253780809732
5351,2.5317915348335305
26830,2.66081207164771
643,2.466491383716013
1464,2.9557992155590838
23541,2.36502406232898
23986,2.1457416601926225
8318,2.8153331819384815
12276,3.068303578526738
8944,2.654428964381194
22223,2.646106402961636
23162,2.597198052889997
15215,2.1784606718550448
5333,2.754953345948323
5236,2.74735562626149
13902,2.9166928603775486
102,2.8924499377312207
13118,2.5231355060185248
19597,3.0911136515975683
24225,2.9926960915641763
19980,2.791759811255673
6545,2.8381171265341054
12986,2.398255360497112
21957,2.9355716221962878
11770,2.899554417960246
18531,2.7166101215751213
6270,2.600542930460144
16221,2.872171153418418
4351,2.99208898348514
14581,2.768321116044545
17612,2.4902832124866436
11783,2.716920132722624
23621,2.8604580298485107
24132,2.5357597096558386
20202,2.68731119007541
13925,3.076095679192742
13205,2.792105944510861
4696,2.9386756239147513
26926,2.7951065852560233
4584,3.2215024343819874
12290,2.7854300111438692
15709,2.6105931741674944
11149,2.7021040269007686
6933,2.9521438849686548
12044,2.840140461573826
18476,3.20513718161245
360,3.110899146512693
26578,2.5580639550009128
10948,2.6309139725141177
2910,2.6439581895967548
20373,2.694842463093474
12361,2.8230727580583626
10341,2.564563766094636
2199,2.8891878617494338
20072,2.128993539671099
6405,2.9470843252473053
24328,2.860142026189573
7908,2.5568055944530013
4139,3.004160455031429
3505,2.9632245004500137
16096,2.9859593938980686
20655,3.107102408432041
10153,2.4091156188117795
20528,2.3179518310137692
23353,3.101820602096284
9469,3.0598532284153874
16126,2.870968871677235
16737,2.8166004038788426
23062,2.606112502771749
13616,2.779672569054608
8451,3.0201657973437084
14066,1.0449679088819952
18016,2.9333591025174734
10044,2.909287087186057
1522,3.089193653158355
18948,3.1388868944682273
8227,2.791128425605593
23727,2.7563807220675383
19706,3.1484107078895605
15473,3.1127480191839836
2182,2.6360401163315488
7998,2.9374285437119614
15267,2.4395787934592166
5548,2.743560529472907
3496,2.799614719300589
13754,2.891970040998128
24545,3.1783750904071804
4991,2.377043115286596
26014,3.0344002236996093
10507,2.715959358570946
11827,2.7301452182861032
20521,2.4498417187863595
9338,2.7049302878470307
9693,2.589609419109038
21294,2.827544947550592
2445,2.701011691916071
3375,2.978409373603149
19301,2.6849376300644607
2950,3.1245280315794735
18665,2.8911691740156127
24290,2.808243072675856
15294,3.2980907271951367
21913,2.6402928858464816
2826,2.970309815634118
20889,2.7968107686221226
16597,2.1344429463185186
12585,3.0636480124700234
18258,2.7335916381339413
23066,2.8517540049688823
12176,2.9295749788028385
6517,2.938238330551393
16397,2.436219686046047
16266,2.791419713061093
24678,2.7552626133463987
15201,2.918802003281908
22264,2.843266477864183
8255,2.6688062447632643
18339,3.043653677647398
7819,2.931839253388249
1796,3.0278075314954633
10806,2.6740743365229447
26575,2.9134307833647735
15188,2.8566350746624503
14647,2.6090562669625084
21832,2.6862931935448366
10868,2.1558777038014787
17805,2.8485065721834353
8074,2.6738693182446553
3082,2.8962033225496677
26165,2.697527459368405
3438,2.8469908361185934
11850,1.9909670190181759
21201,2.5483521552431543
26361,2.077336030799186
14640,2.6513133106190647
21087,3.0934531816298074
25385,2.9083806324795165
12051,2.734662143761915
13632,2.4888714784659416
13348,2.9811807159824215
19144,2.7544165834150456
18983,2.803955531267552
3202,2.8836395034304463
21098,2.863387657947775
11626,2.904667577198898
12292,3.0393143296929472
23742,2.6762986133359843
16046,2.766883171482891
4863,3.0313934803011104
4751,2.342715242385971
6896,2.1512280735615614
15211,2.9542453901604304
16503,2.7616682059212496
1426,2.340745014102277
4505,3.037803960666857
17919,2.063947412768879
16094,3.0513428201253716
10276,2.800482100503735
11887,2.9831974573970714
26567,2.9307538740884578
5473,2.477895877966288
11890,3.1886956322121627
2799,2.431135128333968
2235,2.19820704001489
17694,2.9706394771568148
5716,2.8087513149488674
25918,3.0104444111549453
26849,2.608406417702393
14556,3.080237525161283
6424,2.874512926676018
3168,2.037630287757695
22820,2.618247054099097
8136,2.681047882611131
14959,1.7241508072042275
26344,2.882598953310657
25909,2.9052441365268877
19669,2.544958934793295
18593,2.59945612618162
20734,2.644266446670579
3214,2.429810252806779
9345,2.802819226769305
22006,3.0143631905652897
23741,3.0721956834679864
9138,2.522575816348378
9932,2.608119339197479
10658,2.73401895039232
5689,2.8070699072845247
11607,2.8703165509895214
6715,2.6057900690161206
8769,2.9062714586620246
14273,2.66302490699411
9539,3.3190060165416555
23021,2.6809095891349206
4024,3.298679601787279
13759,2.820455424421013
14791,2.609168937565719
15505,2.939843043505049
8034,3.0915750456072515
25614,3.0183158678611743
11771,2.404894959175785
7553,2.3668446769407994
1748,2.5211647791416856
19721,2.416694205732044
23323,2.6505336870155434
24072,2.9354984346603303
20730,2.875278413445975
584,2.768808293213829
10465,2.776054359537265
10039,2.824249496677428
11822,2.585112366353599
6225,3.251485889983142
6983,3.011419323122658
12035,2.486544822807869
14370,2.8029116591672536
13914,2.789754561670914
2644,3.099098750703648
2315,2.831022623676856
24048,3.0749217721516104
8641,2.8997634230825984
25741,3.022969215025879
23354,2.7244861235829387
23794,2.879074482643529
23725,2.8136732941880394
25855,2.872025924801968
4013,2.8362610148755754
17820,2.6126796454384857
6502,3.153919442524445
695,2.748492203456997
11191,2.970460170158608
18567,2.6354516405671418
6466,3.033253896783095
13209,2.91437022775221
1020,2.939647576940095
12587,2.8550264896788367
1533,2.4793618287304575
6527,2.1721918575690635
3518,3.0079820631497807
483,2.669093053007914
12238,2.864888433406686
15274,2.7475847442986323
707,3.0062856685061683
2712,2.736363738393343
4337,2.571997996060623
16074,2.9426846611715796
5662,2.619195687216461
14703,2.8521800330357827
7348,2.783124861238679
7885,2.559355391096465
10001,3.0055493700813662
19251,3.008955914808183
24756,2.4936369981414193
21302,2.7495520715437807
18721,3.1686517047727074
19125,2.7370759536743874
8141,2.908972420050296
577,3.0168283996121454
14494,2.624910539672566
10579,2.978615841101902
21653,2.6753584892108146
9489,2.9275004535486744
6667,2.5867965977726333
23530,2.0722976560656887
23200,2.8809498563170903
5180,2.8247669691896453
3947,2.78560999371016
17906,2.103188683643966
8149,3.0242045004527647
3284,3.3013775489849206
4269,2.7816439211853723
25356,3.1670629226559717
11361,2.6634261917736457
1624,2.7120658528504555
8642,2.7860300008513126
12788,2.43475867797035
14171,2.787757095794349
8443,2.5868677725347116
25894,3.2388846578221826
8165,2.897474721788528
12796,2.910913503244169
18462,3.1117136726712222
3122,2.7368180170351635
7403,2.7464358747855364
3540,2.9646789561349842
790,2.815192032723071
19354,2.7787363459737437
499,2.862628030528306
1576,2.747804985254779
24676,2.7378127781223167
6206,1.6340714993296077
335,2.784690679740755
18980,2.8456813853611034
9073,2.478005693792692
6232,3.043051958828682
10016,2.95163725985468
17315,2.873502025415012
16772,2.7880721008163403
22973,2.7707592126103693
14653,2.9103513561313936
13981,2.6819326336366354
9992,1.9800284977010938
4560,2.760233357535193
2621,3.283342230884164
2112,2.7635944934863117
9253,2.5653722485967014
10810,2.662150403355271
22166,2.869398362597267
20135,2.2508198257789545
15488,2.8122905858249645
20418,2.293028046195853
17827,2.379913359019742
3479,2.9509325444986705
16092,2.7234590739777667
6252,2.7798383734222663
7732,2.761414979901095
6035,2.5544096202611803
12586,2.8494892028288894
18915,2.975644347571699
6703,2.8053045160645214
3615,2.915871811604795
2003,2.7702514234207776
1330,2.7096312777677043
2855,3.2138356134533006
12313,2.9833823535062
23195,2.6305862493041645
15993,2.3795177019542595
18534,2.745150855341176
8845,2.621848159178208
17701,3.085607459218868
24481,1.9226877235623903
12573,3.1863558231913545
4072,2.7641247775887026
17544,1.6383207618885962
24645,2.771112184747307
5929,3.20571633333401
6126,2.524595712215627
16665,2.5641614240667785
15785,2.860451251348956
1703,2.6606918141553066
23239,2.77259446428923
26811,2.4662975887776155
19188,3.2027444237278724
7589,2.5681007897521435
11809,2.6455366685462036
13367,2.6136548928161805
14137,2.8520557852020367
4874,2.6948478465957444
13064,3.1752751271844057
19040,2.762230336385677
31,2.9806663264457445
697,2.9428301445261784
6045,2.6533217462868786
11091,2.71199529423582
18878,2.820178844015389
631,3.0343080305315424
10882,2.8175853636935515
15684,2.7564257725770687
11732,2.8988712058063038
20571,2.276888771955533
4767,2.751037043452147
8891,2.996630866818371
9442,2.3484581037779457
8054,2.429938153110155
994,3.169078754440796
11031,2.5784975966077335
16166,2.023859875582086
7113,2.6647629941229747
4600,2.7081082688982487
7676,2.7114366550494156
18059,3.0433013538125606
3817,2.7426839210946308
14224,3.0804003849506074
11051,2.531004578262179
17218,2.5499458110154776
10608,2.0555610849712482
11591,2.949049660723141
13770,2.758034520457976
2900,3.0687342279836827
22165,1.669184637203048
9112,2.030189869580925
19339,2.733220120738257
18280,2.6217162442609165
3264,2.5906330999925977
22819,2.7943384539260525
6482,0.7967716829293294
7301,3.0715374670712166
18355,2.415802727482341
19231,2.841604114549265
13952,2.737881711666136
11605,2.8294181326127688
6161,2.609717183436104
16674,2.711419689067777
24165,2.8077030085106354
26910,3.0890922276872415
3388,3.285213291508617
3310,2.4587564185512223
24273,2.8381414021256077
10104,2.8809764383680885
8863,2.8668102429933984
10761,2.874485615915004
24096,2.813882413918063
15687,3.0270153824457595
6883,2.79782372270595
17206,2.4338571527488395
20375,2.951104865986413
21419,2.806610997997779
20776,2.3631618030264847
3638,2.9028497244238722
6547,2.519771125017251
13729,3.0365058297325334
5709,3.0220261382000593
26031,2.8889662874150672
9329,2.77334647449845
23848,2.5327369640165944
115,2.757289818331867
23523,2.8409987543937314
12885,2.630803680688024
24896,2.4826438674804887
25877,2.858790111390001
20041,2.645906392628823
2498,3.305007620516616
19418,2.707095079423362
23238,2.7860148186845723
23022,3.276466385099362
5502,2.676088941458064
5995,2.7191427107251966
6228,2.0811719263225137
13297,2.6398056697133434
4954,2.4572071374858506
21124,2.829420995743097
23433,3.042652132625933
12371,2.435235388098362
14529,3.0070995627124413
12694,2.1929650898585806
1199,2.6370183181024105
26005,2.7891518081360154
24748,3.016536842100909
15085,2.9574723545089983
10777,3.042390853028613
1692,2.6771495327309727
25917,2.791318058216501
1709,3.106122999425061
16586,3.0465373560332325
10229,2.3863187231296368
26572,2.9924235453651042
21401,2.5622692807516665
21216,2.6609412831549686
10004,2.979450887844334
21974,3.1763837876746397
20496,3.0829446699515874
20253,2.9192366645095102
16113,2.857597311257969
25098,2.9530414657487074
6631,2.714208116227172
24727,2.894678287416125
14480,2.863524250967701
16717,2.0408387890625357
24882,2.4131415932936893
1608,3.0375405052374522
8337,2.729886428024352
22629,2.866637132086468
23111,2.6169220624019776
9048,2.8012946744962504
821,2.650932915867978
3015,3.2126268004239154
13123,2.7429511776895423
19570,2.3268055238720597
2988,3.1054629086774344
22859,2.754128687016652
4590,3.069110643431184
19704,2.8718335484672237
1553,3.1495478826475427
12455,3.0527215312127787
13957,3.089724526553421
15665,2.8658128072289317
1337,2.1647180514967106
2480,2.4910757361713123
15843,2.819113253768724
13694,3.0781246222816026
22375,3.134045334330134
21345,3.1170369863571135
19656,2.3728852936992633
25619,2.604776622631838
5005,2.8156155388060715
5888,2.7261498890752778
20078,2.4969618127555697
12461,2.7621969655931844
19381,2.637167690958213
686,3.093442480091911
2997,3.0879205516436987
10939,2.994199790219682
16594,2.636475560635657
13047,3.0468334314256142
25543,2.3607869750619876
4678,2.643624286737504
8786,2.5358628804079584
23361,2.779677191896658
6478,2.45818904769851
6906,2.6822854379307404
10824,2.748379788865841
25422,2.9553806340488404
17960,2.007508669328307
20494,2.525006295645632
24931,2.8871706032611617
26682,3.3662765155576437
8365,2.768419661337731
26053,2.990939844296973
7191,2.4469242017505066
20161,2.4868025880943225
18470,2.643273348325785
18779,2.461329691027191
3001,2.2748076266984527
10821,2.300792374723674
24671,2.8148729060963453
20299,2.750555160744466
24215,2.6628820697215394
8538,2.7330008389953973
4339,3.0503330200646976
13138,2.9918011470453063
6144,2.519892312587644
838,2.7172601355451182
17182,2.7715494578863957
6524,2.067542884858038
2444,2.7855134994867696
25521,2.9884389142359837
22864,2.957800626754173
20326,2.951761135920813
7861,2.438475468201823
22329,2.807414431554746
24141,2.6625683902508848
2226,2.210254150825883
6874,2.5618284921557692
16820,2.3911101036680544
2026,2.9491575403266683
16134,3.0218150529559034
25500,2.7363582791623142
8751,2.7854770598837115
13165,2.6788753936335015
13438,2.2817521702310333
11224,2.7526782529612994
3193,2.7067754703719764
23259,2.750871047354705
239,3.092396146543926
20576,2.985026976487046
11342,2.2164210910885562
1432,2.8150339832545552
2028,2.767179629290202
22276,2.7331924138435038
8049,2.7393588005716913
17539,2.694669182399629
23098,2.533895201060673
19672,2.579492899915517
9755,1.8360669778758534
21728,1.9555043959267064
24906,2.805790541659443
6510,2.9574049179393485
242,1.8078367275118263
715,2.707854582131443
4572,3.033500274162904
15425,2.837663218965753
14028,2.7096338879544484
11451,2.739879730247363
15842,2.9374588928640417
21911,2.780487294371719
14115,2.719737447929662
4376,1.4820547507660118
1929,2.228248039105555
5446,2.316972815569698
15040,2.6756427781067273
6674,2.7020234621917605
18727,2.513314266084519
9070,2.9315235679325866
23348,2.5827373605329584
19057,2.993274076551524
19257,3.035595734320171
5026,2.5164427622273418
18098,2.5098931561212816
14151,2.7694001171622746
13332,2.1862813463371786
4271,2.7322693501283846
5835,2.993173481285276
21256,2.359872921400585
5379,2.695190045893432
21361,2.7449261215096197
24776,2.870571557201302
13775,2.7860605762562964
24243,3.1755131945186372
21718,2.882118604369658
14854,2.6790130772695373
26120,2.7098205238424766
8781,2.9977504215640995
10203,2.7538066757257096
1362,2.912527779978086
15080,3.005826034839674
21838,2.1748952825772876
20688,3.0666335126981266
26133,3.0961954154570566
7937,2.957122370093993
26051,2.909668488343285
19241,2.7124630792633386
11335,2.720683662019935
11488,2.613557568699064
2277,2.11589226756459
21163,2.147290904619401
22236,2.72576756601954
11006,2.792824016546399
13458,2.8512952338102178
4641,2.6057357042555718
1730,2.469647193425989
21527,2.666426456407394
13083,3.0668255122263273
8214,2.880396008206172
7117,2.4251520584969897
17758,2.758345108842246
25675,2.644462985046001
14970,2.766907815468227
19143,2.7718679244719784
12642,2.520384577622273
6839,2.9003364901645856
24722,3.0987761919945425
19098,3.1252642296753144
23138,3.188678229082379
22710,2.8039773620573274
13797,3.0025654181443446
23538,2.6263285216730723
8200,2.842529412394968
6501,2.912937789781886
19941,2.7635368155619884
11972,2.6675299204925635
20265,3.2051179802251495
16954,1.1750823765229454
939,2.9008902683651576
26468,3.0148895839423413
14725,2.9254612516077843
26604,2.4801189609097745
10243,2.542860024241508
9125,2.7940127247276227
13441,2.8098413864725686
3468,2.3980241332879983
26089,2.4456230100603813
23919,2.747038520286429
18549,2.3858754901393713
13712,2.4194478927914806
24746,2.5634465619648608
18927,2.926397833377734
23890,2.5589880117679966
19734,2.6530215000563184
26250,2.616987452934329
22488,2.9342421975587927
16358,3.2097097196672353
20230,3.2046930183010325
12698,2.228099625342879
21405,2.273872650985895
21176,2.8625142409263815
17034,2.9979082381950524
300,2.5109232028520974
5292,3.12721379368811
16067,2.8985649974344656
8416,2.592939820712822
2915,2.8575537349316247
17572,2.9203279283056944
20498,3.1211128546070093
9068,2.7166669287786296
6781,2.7380248356828427
1194,2.9298927994850215
19714,2.7099184128081952
16155,2.5331711508477204
25862,2.5958550150440085
1712,2.493235868225196
5862,2.7085079042514946
6714,2.6296218782666223
21626,2.697299236516479
23564,2.3641124486784038
4371,2.994290016339331
22724,3.1430974250499104
17202,2.6206044594901003
23809,2.350715906699668
13966,2.9700198472182944
21111,2.945033366753992
3078,2.934244931234658
23694,2.865561480319239
12114,2.918173208838106
3209,2.916697203540804
10373,2.7582223712424097
1253,3.099101056438649
3623,3.0410537555103403
16010,2.841256188956601
5427,2.3439882992892516
1078,3.1792621760547917
17286,3.0285643009017256
12022,2.99083296032284
439,2.9151078640130548
23050,2.4141829940266604
5597,3.0032907363828305
14525,2.617941361669885
9500,2.4538628238135356
26385,2.7849031637164794
11282,2.834191300063944
5593,2.755387560696313
6891,2.8491073973286922
4338,2.638138144563267
16864,2.9514671132690316
8714,2.760802592708988
18704,3.0599145393112863
26897,3.0508476785121412
21828,2.7976617628783504
26796,3.0145232604920174
15578,2.4993257162231535
26108,2.5957513208542378
19313,2.7606460584270014
25696,3.042643279083981
11604,2.8289895038265374
1066,2.9693445718518774
23148,2.9162158744266216
7780,2.616866922339229
20778,2.49902768058893
14134,2.941115103879298
25043,2.8547806655952463
18242,2.033026743016615
673,2.667554609839169
23712,2.4688178191956665
4279,3.110665596338969
14234,2.9160161555638506
14417,2.714894555482314
18784,3.110130858425659
22778,2.7751070064902854
26094,2.508058441451715
12858,2.2097683414650566
24318,2.6996990591685472
11719,2.8244561646156194
25033,2.8782664692958364
17056,2.7614682088236497
23571,2.489707201212749
11214,2.804329980491104
16441,2.5136244665163923
16771,2.3981427308577157
10054,2.697955336797159
9350,2.8953199945249626
26485,2.5839276104586077
7346,3.012800989412182
22136,2.966527733048886
16636,3.0068046114181914
20381,2.7467304639070944
14206,2.7689758989609725
9889,2.9868124752391836
6798,1.7745271575323596
22458,2.358500857106052
20713,2.877684456650238
8355,2.949707859756806
24103,2.8539432471121495
13010,2.779749039533492
9760,2.945560048148487
20140,2.822698425241399
4058,2.2968080475645514
22879,2.497274645425903
16040,2.4100373333853797
3461,2.371131439397488
977,3.503179901127003
17329,2.2852557336540564
15442,3.1665275928306342
13741,2.9359530015538535
9214,2.53786877639755
24054,2.5884948058036628
5157,2.8417282314914427
6735,2.8573628538154883
4701,2.5653940818251435
9483,2.8308114445384005
10483,3.063923659438738
9132,1.0993982571039047
7001,1.0520576620152817
23862,2.031003898104546
12920,2.563763548986572
2960,3.065309281793697
10743,2.8342810822228945
20981,3.051016275456153
12994,2.4412079776720144
7554,2.6249382094201965
12801,3.0596720576803462
13394,2.807251850837499
24921,3.0857226829847924
17440,2.946193849850898
21346,2.3322930366040286
8870,2.163162368267584
7376,2.8420723739802147
88,2.486488835221757
3801,3.011852183624086
19924,2.4220400330302367
12117,2.414860231382636
11315,3.1021492654041194
10385,2.6520873255538793
7267,2.6635718595479023
15416,2.7303352057586725
18114,2.8703951467170006
3620,2.9336057688785817
24909,2.8820769319528754
17818,2.8094432209099818
8426,2.8514075910299246
1322,2.9013895376771415
18337,2.6903597486784325
18478,2.8080214486666693
10333,2.5785759244482804
7228,2.9058819715195785
15582,2.6884543787530695
20188,2.9610221644757866
841,2.6755437946412135
24462,3.0724807522207547
25382,2.880682956182339
19589,2.590499718229567
22162,3.0167100067745545
16602,2.99150318808468
12830,3.1711251612108406
6423,2.757828178296154
14233,2.8100345166086416
12543,2.8965899201136596
8256,2.498720017255786
21282,3.1089325493240967
11465,2.861077880811363
4365,2.3911074357984283
22962,2.3383206301041555
14455,2.8146442012884947
18190,2.7184790193585053
3458,2.6104503431071437
26887,3.1790678803964703
7907,2.7272202186621803
19310,2.8028711322715187
21378,2.6090119802061222
13021,2.6387390737455965
3714,2.742079636117935
24121,3.1462276931505766
24476,2.511961971014282
2305,2.9405346465943083
23458,2.60357218793696
24583,2.7204447134618097
13263,2.705612421546967
22160,2.7551485680011876
18846,2.059063953318502
17491,2.698484313044367
26461,2.4031888721536956
7656,2.6077234926878234
26703,2.466634612191716
22588,2.9432718474411677
16847,2.5023720219338643
14363,2.8740952420330985
20968,2.8094437485449157
4463,2.7780724991274606
21319,2.7328546118427743
9482,2.648770916680306
1488,2.9418666091971772
15703,2.863682716518312
11399,2.4483261967547927
24375,2.787665644001265
8629,2.6483448194438983
10263,2.481955537402972
10664,2.695217193645248
26081,3.223457906113397
13315,3.185922118310919
9939,3.0405685710626824
18475,2.550375275973554
20879,2.9826603102568727
4779,2.9108927449080464
21298,3.1233219072791893
6745,2.710664384470589
20766,3.068811419808572
8965,2.6735140631785623
3031,2.3108593225601846
26047,2.6706331350223325
576,2.582137005182094
16541,2.3775042403798525
1053,2.897458034130311
23152,2.849305764926027
657,3.0319371074402888
16506,2.6894067290117554
24770,2.4358314928361198
5474,2.9872985979003315
7627,3.143849229169188
15139,2.3118872836971907
10260,2.6473336879434304
14200,2.604566586152803
25230,3.0961386563644693
4913,2.528262587911753
22638,3.0085780006969594
13725,2.820539702428999
2177,2.798237307147315
22813,2.785442148647228
1835,2.9108259542819934
22642,2.512164871310168
11765,2.5024852695668187
11286,2.6902237883913154
6592,3.212633894366463
22508,2.5447778178786375
22795,3.151509111063315
12868,2.9562612870216105
11089,3.277354980027566
10500,3.051554151416279
11702,2.1799000535775273
9195,2.7266617043319705
13874,3.140378626936631
18430,3.0646314934190895
11243,2.700506168554432
9849,2.717734568933209
18511,2.7060479593791076
16305,2.7186350083734805
6203,2.379799846302073
817,2.810754118226365
10709,2.6031203255355027
2677,2.813746056049785
6790,2.5556053511900885
6705,2.624384011788088
26414,2.1917732634813456
26366,2.5777665819312783
15468,2.4903794059885156
12220,2.710892090103524
26247,3.103751946955874
4845,2.8094983764893358
9897,2.9284946073260314
4373,2.4720957086479185
17861,2.385876882034756
2694,2.597012820764755
17553,2.5303951544403414
5728,3.0997162128919356
25190,2.197700674404928
3576,2.475168489490752
14048,2.8279597263561476
4974,2.613963237813388
22124,2.4191670147024182
4516,2.6216839254867663
8223,2.7253647112909647
18176,2.7696831143888283
5139,2.614666363587605
2796,1.8257959095853185
17259,2.7981845863767805
18603,2.6881331598988827
4034,2.7359636081287393
16233,2.823591548077439
72,2.7006036442676398
1402,2.289059468577327
16497,2.63663900049851
7725,2.8957810379847513
25214,2.448463132507961
9875,2.8774803457037397
18439,2.7806102162935766
15204,2.0886730177879085
5216,1.062644315669985
19976,2.498550902161515
25998,2.696699431989201
11544,2.8996784046681627
1325,2.2031139079565163
8057,2.331887854453949
19654,3.064982956559861
12264,2.545849973208904
21603,3.2066564586084456
4453,2.9594989399674656
15311,1.682101855714984
12551,2.6437929925144172
21537,2.582634097169663
9419,2.6885190183987566
15318,2.100054851813613
15788,2.9165599289544955
15060,2.932658647667534
20497,3.109076551796603
21005,2.273523066496177
2946,2.821757667210192
20839,2.34002067755621
19321,2.704674410289054
15199,2.128610509784879
6685,2.089439387137063
24615,2.787054196104784
23309,2.6987437249000235
10989,2.949817767361442
8525,2.1361211730689673
17121,2.9916983882463115
24999,3.1531343183744087
3826,2.1259602102077775
24257,2.9966252103588635
188,3.0058394044068173
23732,3.2111371437142964
16114,2.935419915868468
23701,2.081476939207256
4525,2.7126405843326458
14991,2.717561937900088
1821,1.7378734636807582
22446,3.1004211169881883
5847,2.714615825585237
10904,2.8780635701635306
19263,2.419836895823837
14753,3.1484546663639903
9570,3.0256837104497523
6934,2.431816639273097
11480,2.7589856137625075
3497,3.1277710281851587
22531,2.9565845894771567
2725,2.921397572023728
21509,2.9304912246787103
14093,2.9237383815228677
18089,2.617833385888299
13066,2.5786018841053533
13539,2.9919528102447304
20512,2.0677941369348596
12152,2.395905201988984
20572,2.51222123395032
1739,2.4845815505887776
1912,2.782990386221184
10803,2.718996887736788
5086,2.964036984554033
8113,2.7854748699753555
14636,2.9346083621388757
13143,2.783953887737927
11416,2.6466643863454755
13059,2.6288211340604217
13352,2.594177053327606
8241,2.6410989534435743
2609,2.6778838366444013
6338,2.968280242125682
22774,3.2946239678395273
15494,2.5713915781180736
22135,2.608049703310815
2879,2.3085932039322845
19279,2.941878284668983
14620,2.9175764604410213
13474,2.967396394596532
3416,2.7273897759072394
20033,2.8161362138311716
3263,2.847490456533072
2754,2.178923824113602
16399,2.8990229130361334
3572,2.7725360437251165
18875,2.660580615878812
25265,2.7498953449652603
20483,2.859651796953351
26230,2.6277543389165343
6747,2.698977572964197
15191,3.0644275700811696
12909,2.6909823788720795
21463,2.969831768291745
4480,2.8350375799166003
11960,2.353052485050436
4487,2.487495982954921
19407,2.474705279070418
16629,2.965463290819374
16222,2.9991834785346634
9198,2.8883933384689646
17265,2.5509728751344327
3926,2.510123558811884
20903,2.908013123711521
8668,2.0979033911463287
711,2.628659616879456
13868,2.6252808111696644
724,2.9748582662635625
17086,2.2179127113667003
19353,2.844700848373669
12627,2.5325439602908175
15601,2.7477925896819464
3582,2.5093950966399214
25297,2.997956722274549
3434,2.869830472804612
16303,3.176840131144243
25970,2.279447730733183
4462,3.0470249903542466
10733,3.0639943188751
6377,2.9389744140301253
921,1.753347417499978
1394,2.6723164071399896
4328,2.9315746384957344
24594,3.078611558107184
5059,2.859465031403447
1470,2.845028666074496
21191,2.5148092531905175
1749,3.0295759053718787
10349,2.0344526161752707
7586,3.006223589684456
12526,2.8284768541773575
18998,2.6861821665420345
580,3.0240511952414413
7918,2.9722542570067034
3162,1.1512968765345286
25766,2.7541678135127774
18191,3.027061782483646
21409,3.1342535000774787
1731,3.1152675595871937
9986,2.923738893857638
12124,2.7352399103607428
8497,2.5104028411611456
15209,2.8941766927169432
5043,3.1466445214489442
19662,2.8559836417874127
14241,3.0163252102723304
6808,2.6269526463973047
10226,2.9484649113652295
4128,2.6151668998619413
23360,2.592931311626141
10275,3.0823406975704
18236,2.858998998228584
19524,2.607583207460946
3672,2.6786278271054096
15337,2.927375901008992
25205,2.4532034192089496
26163,3.1681505256477673
24608,2.705835333588602
14217,2.755625071477929
7811,2.7812014925435387
17192,2.462301425720319
24619,3.0355673810387205
4222,2.7531712721960697
15798,2.4966268420371427
16976,2.9799530560157663
25114,2.6183201781361487
25153,2.2419848270119194
8829,2.562773186974255
22117,3.0115935980793913
1258,2.8460544660299427
7247,2.9413970880112332
6515,2.674379405784971
17298,2.6382236568125177
3633,2.434714060514752
15361,2.7147976268203493
15027,2.8759389964066187
22226,2.808595752731676
15714,3.0833445145673806
273,3.1647894552508062
7946,2.674149365740508
5900,2.679017432976695
12553,2.922839403031224
13480,2.6187632723755723
10461,2.3782994542892615
15219,2.327247676014074
18065,2.593041118320717
17115,3.0047087213498638
25432,2.8014015745045238
5201,2.606092554575618
19011,2.555646853231325
17678,2.6956858708556726
3171,3.061086877167217
21749,3.0042919713704532
24885,2.82692193407689
19377,2.9790024704664098
14404,2.7786597604055436
19825,2.4112984962155233
19452,2.905837782861363
26623,2.6720317017042916
17896,2.991580974905738
15568,3.0029576143752625
14155,2.7400610324707295
23683,2.9626348134252876
5144,2.6197438339144528
13274,2.7735475560683365
7936,2.9498593955781587
6777,2.760485722109869
19314,2.988725527603379
837,2.6387716006964115
2718,2.706058207872008
7451,2.971420316209626
11928,2.9012919839702933
16213,2.924654029967891
21480,2.4170281493915207
3887,2.9918583465580935
18732,3.0462954598062617
9851,2.678349865936874
18424,2.943116921927253
21519,2.8367421238615846
15569,2.5498502871754862
20200,2.505342950538215
21943,2.6172096967620004
7792,2.8981928693159853
6561,2.9299197891686988
6282,2.7235581362287715
22213,2.6256335348988165
4847,2.0531012758344476
1694,2.9911559966527235
22120,3.070925833431345
16927,2.778052381192305
15869,2.6119907998552065
11816,2.9453676404293634
25019,2.684504698911242
6544,2.670426367099052
5507,2.8614705572916055
4005,1.9706763403171916
7748,2.223039634942763
10688,3.0117964290011
19469,2.785650787674036
10137,2.9429977070738134
9093,2.996280598389431
6902,2.870727806419583
19274,2.7958198321399355
19761,2.528060198631614
8842,2.8507844414735817
2237,2.350048614574684
23675,2.9056533414938155
13962,3.1151655255027837
19439,2.8996062178130257
9975,2.044839405520399
20830,2.561520241426574
18151,2.9257840859236994
22278,2.8752769633544935
231,2.9840486936436115
5721,3.138929777641944
20966,2.433323138231786
14742,3.0117683751630526
18010,3.0752625238159363
11869,2.9423126414486998
7729,3.205482663114885
22988,2.3847109196094607
12922,2.450464908511125
20709,2.6108717172767353
6120,2.230854653292585
22461,2.9497081263451315
18996,3.0386098397625307
9526,2.427175937470035
18459,2.330950672157619
1135,3.0454838631793146
3978,2.3714283369463036
18638,2.813805720217112
20703,2.6786753198952837
15907,2.689242799969333
24580,2.8753116276476147
3425,2.7256865152273035
11997,2.197376173761815
18177,2.8707446713455007
19240,2.893530041019529
6490,2.2861786409925973
8452,2.7590564327312297
26204,2.8307046247750707
20031,2.658904313955145
12227,2.503933099245715
23825,2.6272571500854527
19512,2.8561405747404605
20632,2.912683473269782
15297,2.6752000113719814
2312,2.9214357687243555
9558,2.935008896500612
16895,2.968716151826841
12741,2.9393935174537393
23828,2.8166376247607228
16255,2.62926696298534
12675,2.566171073240273
21456,2.4402684888731185
23302,2.733595254927371
18022,2.8398191840635407
11194,2.633964331079635
21703,2.434639826765285
19248,2.5568535416497364
12971,2.982798122423477
25734,2.7075342613619626
12759,2.9217911164774364
2018,2.830064238839589
15865,2.3967496140657
21820,2.735935523362165
4842,2.87701398843009
14192,2.7214450766731457
24984,3.1738735529077244
25863,2.57826049740803
22983,3.090371030492889
10959,2.682189478903734
14903,3.1339684728613646
8813,3.1851310606175396
4094,3.072145309549375
16569,3.0036129894946977
3829,3.0741303766575383
19409,2.4615591432396386
22171,2.6604856968307304
24657,2.8722809202814177
4199,3.22162016111157
18200,2.9402915474006894
19316,2.223625397100337
1722,1.1379648261576771
8404,2.709493819037823
3531,2.707248016837284
13768,2.59710756301774
20517,3.236117606531909
18673,2.8875022121077123
7388,2.806570735109996
18989,2.513587782287373
11044,2.9879094622557267
13213,2.0826469689579308
24124,2.666260345073014
18914,2.665717410797061
23760,2.219235531186134
19498,2.8704349303070202
23451,2.8561186558855556
7870,2.7290569465916032
1732,2.867642146520394
25363,2.8180235328239673
6930,2.9372119359476585
8692,3.128836796104447
7139,2.871234197825257
6973,2.432199790403211
5665,2.8487765780462184
20637,2.721749287832048
10091,2.919903511978916
2848,2.4916596229624983
16407,2.939545067991109
13377,2.6877830967150116
4602,2.7266966664323626
3894,2.1276768437361673
18389,2.8925133536182033
25552,2.754955455529238
22660,3.132348111650471
11265,2.703389259740436
5846,2.865961929253574
13810,3.0457905611420024
4934,2.975193022385393
1208,2.4380905666745867
1458,2.836441099471104
22617,3.041481052031101
9059,2.935415252092888
23575,2.799898875894646
21270,2.864845143383868
4153,2.628431838012762
22847,2.9341728118828163
2943,2.5332814635156815
21181,2.349484162421608
10865,2.9932268771704735
6918,3.092907152119892
20209,2.6430098858698083
7921,2.5820129578010294
10309,2.524480904421289
8344,2.657507415365504
20505,2.646684103427024
6603,3.03450090110374
14163,2.8293515586997113
24802,2.9089189251612697
14685,2.624903386379825
20858,2.64941569537611
22987,2.7469300037599496
415,2.7845573468571954
16945,2.274775653139192
8487,2.8092862563695578
5999,2.742205575431286
8958,2.5438508359927594
14144,2.99396365707578
13514,2.4840441388349297
7216,2.748146555087882
18175,2.428071017789641
26929,2.755989741867742
8309,2.7667241729554557
19517,3.1588147043988455
10841,2.7384249613224023
5792,2.7188033629481776
23941,2.8125324286764495
2301,2.901825362941115
25707,2.826073840063539
2998,3.0824456136004916
18220,2.821992302726692
7285,3.147733760010098
10007,2.1559802968419675
21397,2.6123362706436417
6842,2.177751333664944
379,2.8110151021141103
20622,2.516851729325516
3950,2.787630596158663
8373,3.035299500376357
9928,1.8567357972806247
13338,2.675567624792767
23097,2.5487814778186997
16697,2.6662130567408977
19422,2.897031854425243
17512,2.7003957062886865
6051,2.8521488163700663
4509,2.9089093256567358
927,3.1222010642851776
26222,2.975235425666232
7185,2.8107312573608914
26190,2.594658393377833
26257,2.6775579251310786
14458,2.552768137989447
20802,2.5873065745994124
6427,2.4737794447415173
9161,2.685945160920938
11389,2.553595625536148
21066,1.9843285338625465
399,2.8882084620379334
2664,2.7843619352113227
2909,2.924151854573108
5714,2.4985892497772024
12740,2.8441457175312665
8478,2.5962747132697532
5186,2.355062468254989
16714,2.568845756308069
2503,2.9064730073959484
20094,2.931047132850994
14748,2.606078889882435
17151,2.844055287193491
16623,1.5564271540808154
4660,2.8881825874773037
25943,2.637618731931362
8447,2.917891298085533
9704,2.825529892963992
20791,2.7741011674457874
23246,2.1774883679106427
18885,2.53296390319976
14498,2.7244396649754465
14068,2.6178639832546646
19731,1.8984045288247606
26652,2.937452730563733
17430,2.303084630843471
9043,3.145432866637305
8238,2.9152326261879975
17872,2.613764474275475
20201,2.927199042892893
6593,2.3216850258523234
3697,1.6102829279165272
10920,2.820148494333172
13014,2.9028409145099188
1011,2.43629263229923
5371,2.916968727986711
20585,2.6428949439040212
22892,2.643500177708966
10574,2.545850938688253
19548,2.8588904225781806
26950,2.703531511983638
23807,2.974917506466535
9237,2.8525259744442937
2616,2.439799557796699
467,2.7246086923084314
10312,2.4292009661856016
22722,3.001224123851215
26729,2.8996868076216424
21069,2.9116623619334123
12802,2.6394448983961607
8582,2.845703866943962
21581,2.7563167073615515
21517,3.0515855581493256
26786,2.492613251700475
10224,2.873920845019831
3160,2.6331657571420366
12492,2.95683188152033
18775,2.595170100037558
25348,3.1041813096666364
7782,2.71650453879169
431,3.2051363038048173
17745,2.8703157491111906
26835,2.621830060030927
24004,2.2462849980247483
22814,2.5486649549342544
407,2.9547166567120686
14972,2.978137020304849
19437,3.1919451093942466
15090,2.921030642180915
15157,2.6243147684311765
15362,2.9896951418685673
16204,2.9130502801534695
13613,2.801941452172122
22887,2.862332086385472
6687,2.5224717506329433
21311,2.619203512419334
25171,2.8097090372815825
7884,2.889217624441336
11681,2.8340365037961015
23490,3.1040051185497304
15719,2.9475396845357205
15418,2.4883530008227868
651,2.900196777845724
23362,2.7959259634228997
24325,2.7389125631620628
177,2.362322062370837
3,2.6127384090051433
7152,2.978170488054663
23221,3.1381769118061267
9791,3.1694972522584757
11682,2.639180653691019
10899,2.7234921576449063
17810,2.9223189057586083
9729,3.0105831252574937
295,1.8501196725906364
24256,1.3518917692948782
17938,2.9298256694456803
7198,2.9545255558797585
22929,2.6827090135678917
18535,2.175286941574353
22727,2.4997681971585672
2392,3.0309857720858777
14770,2.557279087504736
17235,2.6110177942452877
2536,3.2562541566119654
10755,2.5417697291975974
21377,2.8837995032265047
22817,2.9454697005822053
5244,3.1573032119383444
19962,2.8864229514488136
19022,3.0800130000565145
11215,2.9003708013361322
23982,2.852052511327424
4914,2.252846705453818
26138,2.810389252259345
23943,2.9052597747000397
20264,2.8072506542053794
21944,2.7902419261914893
9767,2.107429314594505
20367,2.9553829803882667
10999,2.592460540640403
42,2.6840699080839996
8979,2.7887003816757203
17931,2.89672799623743
3570,2.402939102106848
25021,2.726117453295842
15009,2.7062371646153673
26992,2.717193434301504
4049,2.797875953980341
24360,2.5050676910840908
26145,2.2555021642809003
795,2.8204017239994434
19059,2.763047077126878
396,2.775552715814383
15655,2.980007346446702
16614,2.6544420151770667
5811,2.6374436386729663
6309,2.9164954676512687
26919,2.896862407413818
24513,2.7788952915581344
9402,2.662616002153495
8332,3.0552171093856457
20403,2.5029208088601202
5388,2.6548656574161718
420,2.6733986676205874
21169,2.8458815022926003
316,2.8417750667359867
7958,3.0474760630728204
21252,3.0395762407294273
14097,2.9295288490841975
26159,2.808513409617748
16960,2.4339479635314643
13761,2.906047476853726
14797,2.333944394339729
14307,2.928421321902047
17979,2.856522737399921
15208,3.1744943013939233
17187,2.4334934628768288
17639,2.8994823585635157
7337,3.064043386721146
26646,2.821600045482209
2640,2.816900177097962
26419,2.548437713175149
23535,2.821150560348424
9119,2.9512332559260206
11320,3.1849095871771755
26749,2.644718369373805
25412,2.626198430430671
87,2.882678730148872
13608,3.0566212458204878
21250,2.867861150503612
21770,2.985137019268984
24733,2.8678207934402993
6061,2.472812515373853
16265,2.428479208565451
6308,2.426776662541599
21120,2.220876008179906
14840,2.629203979861669
12092,2.720476159772607
6868,2.4152615103247093
12456,3.160564102932994
19537,2.7839689921769377
9857,2.0220556189646364
22639,3.180676729048955
19728,2.299823993157569
19088,2.8776356994066417
14958,2.9415642687372148
20548,2.706344434065281
2483,2.773415599622125
8887,2.891114141341318
15001,3.1183526571811964
25508,2.515420106147325
15789,2.912212290988803
19834,2.770663200531652
6415,2.701042261951889
13690,2.900365307535767
15495,2.703447699688169
11145,2.7892372257136824
17489,2.820319754750138
15178,2.746318929501506
26164,2.867655402367161
4074,2.7460310353958146
25854,3.0792473181624316
22985,2.937472588931545
12148,2.7592620871961584
4356,2.9616881726926287
25958,2.7571286418792758
22899,2.029621530243244
14533,2.901884154120139
2381,2.7236318956760575
6381,3.144390395711176
24841,2.434042475713905
9209,2.9526146267986313
15340,3.0104043920513344
5743,2.609450808747177
12093,2.537653944023674
6678,2.0564866980843113
13953,2.6335405508291023
6097,2.8680740854257523
18498,2.4824659461666987
5921,2.479883053155902
23614,2.9080468673353175
20110,2.835915631196734
17754,3.0678609631033167
5305,2.720273303456591
22691,3.0451417996820713
23335,2.833133449168775
5617,2.902677823612277
21528,3.0332221568824465
26586,2.429112990580256
16047,3.0157279225435074
23160,2.794577963521279
11201,3.3190837612640545
3912,2.6411561470828557
1430,2.600090602317021
2529,2.6863707438465885
20780,2.5650367632608857
9816,2.854939738096796
14700,2.786665259808205
6448,3.15062448084739
9934,2.726898796470167
7646,2.505859289940926
22259,1.864207108009671
2326,2.773366691594293
4921,2.950158702075123
25117,2.624823741523701
24245,2.8865598368781433
3948,2.684485871216774
23277,3.08387963162656
21411,2.7578120877174004
471,2.6897901677358558
25059,2.2588029343006757
18361,2.718555753870523
17240,2.959668213887394
26459,3.0089768901272103
10708,2.439097858921617
3323,3.0210930788933283
9240,2.9244387280257027
19271,3.0035793342982506
8880,2.640211532692919
26645,2.9218450307304553
1162,2.8129355787922563
17703,2.978784454214807
19833,2.8985998845206753
7369,2.653454349042024
16332,2.966041520130525
3795,2.858741177431678
1219,1.9256312257632553
4527,2.2938448330439494
862,3.0181871615757725
17467,2.102027801072926
23105,2.9699097151846194
22260,2.803291600780643
11686,2.975759411043047
24543,2.920155561556213
5352,2.6612871847109383
5557,2.1443929516799773
4411,2.825907891652946
9362,3.0187264903007756
23444,2.755086266563345
13442,2.873117584167813
9532,3.031165481962753
8148,2.937991083839736
26147,1.9646904370048113
5874,3.004313306886153
25688,1.9695939516055352
5303,2.9870963023800754
6586,3.1841671702381364
286,2.7648609511286995
26040,2.5398486535166236
10879,2.843072538062086
7584,2.8884158623245226
6846,2.3940868247325664
14239,2.6944950039958218
22926,2.842792652970924
19460,2.953765091844101
293,2.9576488475894176
3593,3.1451080904043702
13883,3.0072613692042554
19753,2.622215123358272
13924,2.6386077428228973
915,2.950703683170544
2728,3.0699869323767413
26760,2.7800297179982447
10519,2.8970449471663664
10035,2.77857401366671
17679,3.220546522654881
13814,2.745261290559867
5800,2.610280090899447
5416,2.6072052310798814
22559,2.880103206130096
13078,1.9157184093074857
16276,2.5375480266205868
11974,2.5867472331624377
15164,2.639848720940627
13314,3.1800308326420454
9826,2.4856898159557135
6987,2.8910611120726526
21215,2.6563569200360035
17038,2.003257901368682
8760,2.855130272923118
15692,2.2419526566035985
12968,2.592140892681737
8127,2.963000643394872
25601,2.848494824180187
17267,2.400765722779282
6507,2.4157153068123276
20613,3.266432369016829
116,2.253115456034116
12414,2.8267057317557875
8088,2.57908082331589
11487,2.807710049543114
2935,2.1407933557647127
16206,3.02486175209724
22514,2.53126258821198
11654,2.603195344410699
21344,2.660566753411787
8956,3.0458858917345646
10883,3.010144813714201
16605,2.858343343262344
16957,3.3300839091695082
2066,2.8028872941116862
14910,2.6430728501007517
1071,2.683495056407526
14947,3.0943285470088364
22976,2.71052417070062
1720,2.4242854311966644
25618,2.6999359110016186
21186,2.6025187752782952
25996,2.7222407048387685
1237,2.8948881867006846
15503,3.0452764063008626
18865,2.6286945197729783
21154,2.6873259303430066
19740,2.916150053532986
13984,2.62378151208002
16444,2.441204233514364
14981,3.043214208532022
3878,3.0223453421082715
20178,2.7684089069029394
8233,2.105641523889806
19804,2.8940365033350743
16808,2.8199087478556724
16383,2.333549704327608
2578,1.8402336884953965
11812,2.8874567738655
19745,2.343273990696634
1123,1.881372030583269
4518,2.57651428148892
8611,2.6123230204964862
2223,3.001805313746555
25813,2.7456037625676393
21032,2.7834107277398408
18053,2.258066932198073
12723,2.989545058171575
24069,2.6656637251681627
19959,2.659262011801243
1479,3.104015306989094
23850,3.064009574090987
21824,2.8485935446880184
21242,2.9924329649691663
6036,2.7611262775160963
3372,2.9797029543860973
90,1.821264766488745
422,2.3416171564266253
11952,2.557196551048919
24542,2.491610507427687
10605,2.7938674826978738
24858,2.727165919437264
18995,2.7277857571093187
8918,2.9875790594766856
24177,3.018821994603218
10501,2.817516821866879
14860,2.625306922334336
11815,1.9876672586312012
17636,2.9575021453484376
5314,2.8176829064955795
16072,2.6699067009259734
15119,2.7005754734529916
15220,3.2840331420381026
26167,3.1594341318237165
20927,2.7432550403794465
18600,2.8100602973771633
2993,2.214681508964711
9226,2.713422558406995
4166,2.8853586841125143
11466,2.6964790655393043
11127,2.4236578215361444
21999,2.741184734237672
19232,2.2674846700494995
14223,3.0502884614979218
19075,2.5436011376993712
19913,2.8549437904801778
7153,2.2089398460280423
20390,1.2434266914646877
24304,2.702374349071024
17250,2.8021964963842825
22467,2.8939315189937833
16262,1.3160196203938452
16719,2.824510656958094
8396,3.359005235457074
6143,2.645843063391762
21021,2.661902167966893
11147,2.9328183578929523
5848,2.9947847531544873
5527,2.8122371009514002
3405,2.56405953318152
1570,3.06159723346665
16528,2.788157387413035
13211,2.7237418086883336
9263,2.630533840139379
4113,2.7142000566423445
5326,2.0105902140147784
18276,2.9637916413452694
23064,2.7724517721706246
15841,3.1319101319383993
7163,2.752748152546522
20066,2.6918959206584527
20692,2.623575405801017
3481,2.986953330347565
1357,2.833774907458234
7825,2.707524387094364
9642,2.9463603253521877
10034,2.733782632251549
4743,2.8379629658482526
9279,3.110733339673415
3354,2.246711072998668
1321,2.9087742345164704
7714,2.8866005570656483
9463,2.5590346712661325
10495,2.8256087988504537
3485,2.3131682304460934
24046,2.4901445306736307
1905,2.4793749112671755
4007,2.9420787482921793
2138,2.669900510620892
8827,2.842540672538839
10029,2.9114554644456443
25965,1.2012385537260126
15192,3.011631163989116
1671,2.6604490130542784
7911,2.9769330169585526
3721,2.8826555538996153
7608,3.0651468385216627
22234,3.111237832525987
22706,3.008021016238213
6409,2.851359939170495
2778,2.82905381398134
4154,1.7391186295485423
19997,2.9300506058918234
14832,2.0245389703505574
23852,2.7009066491615403
12800,2.7373151473825112
24041,2.126037940608072
8114,2.080351773561936
17655,2.60346639358122
14219,2.9285903722432858
6394,2.941216256772679
15392,3.044290803689186
18347,3.2401451020850516
8453,3.0134447464371714
8999,2.8724789616742537
4192,2.7072612952755852
4548,2.9606063479728952
16058,2.823458926736017
1305,2.9435157250017334
14526,2.8702420549061842
891,2.849081827489809
1838,3.0359758767179215
4193,3.0402282136887835
17995,1.8132996518044089
832,2.666537570351375
387,2.7528504976462598
20513,3.186017176642191
1358,2.832144356710264
18968,3.0632726843548594
9952,2.5813355963278153
7592,2.497530808324213
2448,2.922362749304043
18069,2.5785249191159485
15625,2.381624456985668
7307,2.6217166123123445
12778,2.2597724325347675
14133,2.857030006344383
24658,2.450262289977384
14587,2.825686957388659
4446,2.828560986113191
15364,2.0981745903930484
5364,2.6901476630357903
8900,2.9320956360211996
14880,2.87999959098564
13542,2.1912837799342433
4539,2.8204613323183696
140,2.844838175484723
16599,3.0061350062409296
18162,2.7418238816050593
21602,2.880971501391926
18254,2.8156772176576617
19268,2.695769308055152
22228,3.3190922990298564
12953,2.687223539195685
3376,2.6167004993762486
1372,2.8336071423491465
2753,2.812611232259498
26288,2.8052725454130876
17780,2.9735381193100743
3335,2.684316799877108
4456,2.9726084575850273
4609,2.883349182237732
25172,2.594146620338755
13153,2.982270469332038
19302,1.5652834013164623
23378,2.6780866446358385
12094,3.053699598767579
15621,2.372657684618041
17723,2.842625525552785
10792,2.648612490551366
9861,2.7824117612749664
17807,3.0914791793337644
13831,3.2362323095467476
25467,2.324876882131157
7985,2.649455253851519
9625,2.5118446073440714
13540,2.8972334739064145
24322,2.877371555600692
24663,2.7262161212321163
11414,2.5956552820497265
17113,2.9010910302981285
24316,2.3849274194575965
21553,2.849393067944731
21887,2.9085520959093834
2906,2.659763097603157
6092,2.8593528721906765
19293,2.449545012057
5277,3.113040293932109
13508,2.2817966217970223
15573,2.4034249277202373
5168,2.951380100918721
6497,2.6672682905547487
25562,2.7171688039825312
26808,2.8662287020148196
9006,2.8816997665404287
4325,2.7741712834284282
2506,2.4185474583002047
18415,2.659651164541799
517,2.6625542797772495
1705,3.032188856464345
12014,2.6484099741208458
7872,2.930081936858705
22222,2.9781745358069602
24168,2.988339445029472
19135,2.814640640542267
12648,2.8052943514824293
12937,2.680366645496303
7473,2.6726929972124056
8290,2.809238458819975
3493,2.7808693651870224
1314,2.95804706258264
12387,2.7532334221432495
2777,2.9879468648359233
1112,1.4027427360389553
4904,2.5885818180294935
553,2.8569476709710355
5112,2.6689649326301272
14305,2.8293106024931673
13702,2.9957671273932283
23106,3.007537511464172
14099,2.965357327666605
25685,2.7403366087994065
15720,2.975605193403834
3156,2.2776053525599727
623,2.769887205482215
16869,2.5094192261567723
13104,3.0191204387270134
15062,2.6443466891600402
20959,3.2949328666702766
21775,2.947683539305543
19486,2.8320810870540196
15273,2.8432478541710933
3772,3.1765105801697393
12425,2.0223688824987516
12166,2.8040299694246342
1335,2.894778045490921
2872,2.474872618718497
13614,2.412625308220836
11505,3.017525318766898
6775,2.9213715538373433
16148,2.5730867500757912
22438,2.998686428510381
20865,2.502369526884556
1991,2.311517327006358
24994,1.9779430655945411
21213,2.881327753128482
16581,2.961771053548603
13572,2.5460003383438794
26398,3.2123489702562416
5170,2.597933659184451
23437,2.6658942928668927
8868,2.9705933174854033
5484,2.6512189690972434
1101,3.207663384297383
18512,2.1618669250499387
2948,2.611098730081268
4441,3.0528570963967585
2680,2.7920495931142963
24136,2.8628511232828906
1957,2.514921649496632
18856,2.946765034857943
6013,3.0171099785102435
11532,3.032348229354609
6729,3.0283001158900693
18379,2.5245834164707066
5182,2.746509548507343
6231,2.2058961519987967
3886,2.7348434967837574
3528,3.2479402493054086
3025,3.028435907476772
22388,2.7435004400030967
14535,2.4823517900483996
5917,1.5821465574263083
2699,3.0994059308666695
3337,2.7237746376652257
5916,3.036061068229469
19026,2.6515599698725048
9747,2.8075219686369715
14919,3.0035775572874273
4126,2.2544970551914982
3011,2.253773894095082
225,2.316129229721445
25372,3.1549364669077278
16302,2.8999027269519106
14660,2.4314131463530617
6407,2.5261918100959635
25040,2.9659959957843656
26121,2.442102313355589
24731,2.3121842102907832
24050,2.6870301376351367
13250,2.915984447130929
3803,2.6715457707437413
15497,2.6309041792374233
2794,2.772326255936681
21112,2.8636654140052644
16917,2.83133034582386
15295,2.6253510727668226
18597,2.69095951638049
592,2.997514332502404
22291,3.0215923659189015
16780,2.81507605967803
1146,2.058051086819565
10876,2.524620839926816
14446,2.6233084503320843
25482,2.972333170769259
3965,3.02945149693546
25661,2.1736410574236507
17124,2.8070988974915263
6844,2.974561930632936
19943,1.5900760225732276
6878,2.777973606640637
13069,2.7302500908297773
10261,2.7929337939069323
12279,2.944640688637014
16128,2.789358239395276
3415,3.08905253693651
24196,2.577618916406857
169,2.7973066239676188
26710,2.8006135695233367
14469,2.7311733168065535
17477,2.295929385594203
5985,2.974541566035596
20598,2.4447438038623135
5253,2.7755420703315266
18275,2.7077747353104753
14952,2.4322682312331114
19320,3.080352687160002
9948,3.0985593199455157
2455,2.197094338758003
4808,2.9457840274349643
137,2.9208301601017865
5129,2.7980059830888586
19031,2.7876317181001693
1029,2.7185986493022134
24263,2.7127679127893303
16822,2.9406651997857303
7048,2.829532149743067
5459,3.071382085091858
3852,2.398537574469737
26707,2.9347415209361514
26158,3.010397825572451
21387,2.7683620822586272
23036,2.9200151978917828
17529,3.137651877802928
19573,2.0153321361603216
6864,2.599206223819981
26519,2.451002236598448
26909,3.062872310254757
24915,2.9662338904755265
14865,2.8425674275873156
26957,2.453709410589881
17499,2.7443897283750984
18397,2.3895546212538523
11222,2.3325815246254193
19872,1.2281567531857145
12146,2.770275870718214
746,2.847148940862481
25208,2.6471144730876994
21080,2.627137317573217
6181,3.057097047728278
1794,3.0355518152341876
22246,2.824228502441457
3669,2.3004240064405463
1333,2.5641181815534666
10342,3.322035127646918
23661,2.6404625158385358
8103,2.617683103051036
1776,2.7099987618763204
24632,2.8596517850886296
4629,2.927066854607424
11761,2.0380738775135097
7717,2.512775501649918
13316,2.5919973862147963
16826,2.4213060051805297
381,2.848770808383007
15174,2.760126884107409
15530,2.7657495668896703
2162,2.376557114432395
477,2.9282808389709998
17281,2.9226374841234373
9356,2.607013593532963
26625,2.6562230143234067
7615,2.4288960446831274
20977,2.869324079795634
3824,2.255750243921082
23055,2.900644622162413
1586,3.1556647886262494
8198,2.7387914201071974
8039,2.8862560885256348
2743,3.059157727946476
20328,2.4975833397992058
19014,3.0006970380125724
12416,2.6249648446556493
16426,3.009994099197943
22058,3.007166696861378
20395,3.014652191316751
9645,2.8058819070671404
3569,2.578666329193287
6537,2.9781194642965523
13506,2.215660191669737
20413,3.0206225786019822
6315,3.0932993976046377
11107,2.5834449035137297
12291,2.3898611105533734
24271,1.771825005033783
888,2.5645792257029436
8441,2.34389258564561
23693,2.642444305284834
7649,2.852674854200766
6653,2.83715396913193
8828,2.7485928686141685
1157,2.7269632485720967
17227,3.0327454460180174
7270,2.6489971510453456
4935,1.6468281159033016
22268,2.8762638103739055
10607,3.007560741888957
7551,2.917586529486842
20995,3.365425919916709
14664,2.711234769333103
16557,2.792446242399866
12136,2.68801048153248
18168,2.2313052624659986
9838,3.093524010705564
3143,2.8590630842032208
1241,2.4740872368193085
16751,2.853495942642226
15382,2.7587534142005325
22870,2.603848005685698
14954,2.0955856886550484
17306,2.7214556178238642
22916,2.8582605212079897
558,2.577102422987295
19514,2.847979706335828
11070,2.3788204247504234
21663,2.73100788338818
24534,2.6110855231511056
11904,2.3933883205976647
3682,2.6536422055616127
8086,2.518919482879337
17024,2.825933452422809
26116,2.6519125559149224
15264,1.9126158289943531
2185,2.790111037450681
1455,2.776382915834615
19346,2.150614799323613
13077,3.1062276007103
4333,3.09371506201766
4601,2.6667994036261686
24200,2.513487044658258
16247,2.75644167766323
22535,2.565936017999325
8268,1.966172723995946
1836,2.466409752737578
11943,3.2585223547046307
21445,2.6359253741247444
9199,2.6069665123648855
26011,2.7820018401959676
14881,2.8641124125553796
14737,2.7814874732841326
7537,3.1247574986986626
14495,3.1156791283240803
535,2.8451054156930895
23180,2.767154470424644
26232,2.8212067087004824
24725,2.408964967701955
23855,2.6260327993008357
20034,2.7472750496539344
12167,3.029054663722602
6348,2.7608339859335893
13312,3.002012828273767
9303,2.725068233113206
16635,2.721305208066154
19425,2.914707393787643
24185,2.614698347409539
23381,2.7443109039459523
21033,1.2463170004419044
12350,2.8369748743477765
1277,2.771146029074784
15772,2.4337600822476086
1670,3.169354028240378
9622,2.590888416115809
9698,3.0371657095355693
13501,2.497084816665414
361,2.3704327116811736
24623,2.835475653773728
11679,3.051713358998234
3870,2.7175721616353297
13282,2.6339376075178085
6577,2.792285342804249
10030,2.551542298029242
1264,2.986769448736611
3024,3.360980546977719
21231,2.599387637656994
17986,2.5164842901628344
20796,2.811178280945427
17525,2.5496121474346354
2705,2.593067919169269
17790,2.829351742836741
15571,2.880781538621374
26007,2.6365787902944504
9380,2.743123067602826
18655,2.833547002994942
460,2.8541609031174118
20946,2.856927359277539
13618,2.8032495858680346
6959,1.9019236730481974
18760,2.746655943161524
6932,2.530408968585275
15595,2.948901149546099
15604,2.8174088881814505
19408,2.8979713699690985
2626,2.66333228979913
2938,2.8966165901647836
8679,3.024857385947405
10202,2.6260981486891333
10981,2.602949820199351
6068,2.8754609886925735
3245,2.945958972615027
14768,2.792641043821257
23461,2.777526291257035
22920,2.8586253998421247
23976,2.6134953555528013
2279,2.249804271299028
9212,2.438614904614939
12793,2.8379580956985326
3903,2.793046893442057
2134,2.935514972805228
10356,2.663555673257916
3104,2.6102819959932617
26154,2.8770653542664038
26954,3.0821326806593805
1647,2.15343933986747
18038,2.812635026295457
12895,1.5044061668533517
24523,2.2795803654827944
24780,2.7411502235840093
18273,2.8794400481506153
10429,2.8065842502880654
128,2.5689281047212407
24295,2.622479072980977
8022,3.0051190810304615
19898,2.6333958276097267
12904,2.0403733936884962
2669,2.7984910713244493
9100,2.969618995535183
22946,2.5558078845244387
25485,2.6551285544808993
11216,2.8697092548923946
17425,2.0420103839768844
9406,2.722075475950861
19462,2.098805270331581
13423,3.0444125533501794
15968,2.4110316840249344
5151,3.040865065196273
18083,2.6973658138104852
18228,3.0282463142081726
17521,2.6111208235323398
15951,2.8616846577546013
13674,2.4348033436739294
7097,2.373892120243815
21406,2.953834610045759
19328,2.455843288401753
3187,2.516212305511907
8550,2.8765077679620985
2184,1.8983812633209496
16191,2.7087865622884864
5945,2.5133944559580157
18611,2.9904293012242826
15923,2.991272112851306
4073,2.7863144294399764
6162,2.8926898444965334
15614,2.17700235949917
6242,2.9348730644951337
10368,2.3545921731824393
2045,3.0090049724433077
21010,2.6608639763505053
17242,2.200193397128423
17471,2.8246130280606736
5833,2.9025638884602043
4770,2.5785561211906773
15499,3.099500271616256
21850,2.9848012016286534
14349,3.0002342675376332
26824,2.9095164374156752
6053,2.8480963947375395
26986,2.904763881101606
9509,2.9050912223518006
14322,2.6882857083317413
26597,3.1179010746396574
3091,2.6365736978917007
20482,2.863651127079889
16982,2.103548130873943
17436,2.7403946142271804
16675,2.2363874811075846
2178,3.1055398741421945
15429,2.875278664928562
11833,2.50747070034741
2783,2.5266608182333723
6100,2.801632126754241
23603,3.170702619523859
17757,2.7827125206133565
23957,2.3273547993768506
15252,2.8019822015995888
24886,2.6162930696722926
5376,2.5230468624166424
23297,2.5778527454033613
7654,2.877725997041468
22747,2.795971455689818
17798,2.7919659048490506
10727,2.8495008227705685
4909,2.776367600431324
26674,2.877110826408892
5412,2.0791055395653304
20318,2.9185779267722967
15440,2.9758089237128478
16902,2.582004486544626
4230,2.7188122279551483
10615,2.9653127414619225
7019,2.7115232125824376
19464,2.701153771471206
14185,2.9209521849386375
14474,2.4373590691701748
10198,2.7160333344134666
15000,2.542259288385771
22320,3.075825292581056
9403,2.757351424235
5992,2.770488204483631
1579,2.301718534349225
13177,2.995171215584944
2968,3.246920377657883
13008,2.841992424290224
25920,2.829055693913035
16225,2.852926564523239
967,2.81673333370075
5547,2.7842760232983075
10734,2.950905969029519
16297,2.808337829413099
16903,2.5706062928857123
20235,2.4655771275149383
1691,2.7446026935447865
5293,2.822049073557102
23099,2.974701941460125
10669,2.040559113179188
658,2.513213228071144
22644,3.1328222457336103
12542,3.1148471739729366
26104,2.460269332151995
4545,2.8823531152667443
24399,2.430725930739938
4012,2.5689716337832142
17465,2.881573683546823
17816,2.901823936412219
549,2.317149572169044
14704,2.8017858987719704
12811,2.808033059965384
7134,2.8172385026208446
3131,3.023520706886062
12887,2.6485738448179874
6626,2.3590260915605286
7513,2.935164500882801
26745,2.7910697610322215
14681,3.017042188431864
11854,2.7224286441520325
9401,2.8337038179843126
8903,2.9837339329019423
24203,2.8409104405241754
19785,2.7114341900011207
10277,3.1851911685794505
15558,2.7727940090762457
6532,2.8575854447604256
24110,3.0136319757401284
15022,2.2040811009787236
2167,2.80265867876819
6345,2.840554566391171
12049,2.589584456237779
18036,2.9397044208141763
25772,2.8881110391739537
25384,2.1529124346408217
26841,2.6470496485585446
21420,2.996312126894468
17292,3.006854419158543
2624,2.609011168448951
9246,2.603393089723313
10676,3.0377581279045107
21289,2.542315854859825
20278,3.136368962208102
8603,3.013465200893943
12307,2.519342832980671
22491,3.22001521251556
21029,3.110794382181812
21106,2.3183335341521762
19818,2.8266303531548815
5207,2.787239760945164
24270,2.521961329805183
9653,2.9253397160751167
6969,2.8844710455312303
9737,2.9121818466295344
23913,2.8152134205346546
25253,2.6658095188074746
8654,2.965976021569377
25243,1.8602436130845819
23868,2.3474205441252587
20477,2.7786710310179825
15666,3.002352329500606
13889,2.6940954151622662
17406,3.14271563772261
4496,3.11661084080123
4307,2.7946892069927785
3520,2.624600037093997
23549,3.148800254564589
18239,3.1242723928168528
17541,2.698339118375967
16141,2.4786778931414264
15258,2.534437241556189
2078,2.886565831536741
9165,2.8640583208837436
8468,2.2095056171751666
2183,3.0132908223621855
13787,3.0736027948331266
13580,2.858960651764364
2522,2.8322718478548294
9770,2.9835514637629803
7476,2.763500217795746
26554,2.6615417436993276
15622,2.326368405912319
12623,2.821742117833862
19979,2.865415844600263
9050,2.743808406727643
15672,2.9046514747062715
1222,2.729729614157003
11571,2.7690524530329355
12483,2.902243132505455
10354,2.979739244654022
2154,2.8148713345416456
7259,1.9860638061266822
26285,2.759262788026387
2298,2.2720412763967897
19076,2.67124847505284
8977,2.6448004064302633
8350,2.742406621089121
13698,2.6547451027458684
11909,2.9374881063853895
24383,2.1267275059084763
17219,3.033554709512099
20409,2.55099100063601
22007,2.8924826710291245
8899,2.7549081504720516
6728,2.6007180135796597
24010,2.6918572001015337
25405,2.7017491106604985
11500,2.8600994940181477
11773,2.577497247017302
205,2.600021656307823
9026,2.6311528412703886
14014,2.459080204000275
19341,2.7173631128803484
21704,3.03119649546858
17176,3.1076160184765174
3538,2.663915099109442
11288,2.298755857325124
17237,2.383231941819102
958,2.6257674741097663
5701,2.8266921744929094
16978,2.847593053769848
1005,2.341301674479953
18641,2.5622261314496373
10477,2.9455553580807994
22423,2.9309347674551924
16651,2.767803008382029
2771,2.4343183983518384
109,2.45033209053742
6800,2.2742652818572178
23341,2.8123230986497383
9701,2.77925529471961
17094,2.615532759341607
12417,1.9436831828602814
18373,2.7633367559948776
11038,2.8619587214440356
22150,2.851571462807669
8109,2.9934189277886265
2339,2.4465877669655605
15144,1.4022007448417064
14074,2.6523448026139773
4197,2.770801777057767
10140,3.0917945000733087
8117,2.465301239686523
13685,2.7397324280427275
4045,2.1485177295963713
22107,2.699325492046083
15969,2.64143489427998
8066,3.028880581891814
9754,2.671099974293209
11852,2.655523272192028
25182,2.5513210015587906
19470,2.4090776608756994
21503,2.7010388012016366
1476,2.20534011694654
26469,2.614347119815384
5748,2.7067041052165144
22053,2.4411443634308108
4731,3.0407597474331136
22896,2.7490380353082378
20298,2.892686060638882
22319,3.39554111619366
50,2.4354918370761
9920,2.851907419546473
21358,2.480387307521964
23856,2.858829675846743
1686,2.9890558108954433
22300,3.0294229765928855
4398,2.658546108306522
7413,2.165936040283371
25682,2.662924906039899
17299,2.9800718403984763
8182,3.0935544331885962
22339,3.284683975032618
12053,3.082263657191164
12250,2.9782045982595875
21412,2.651828193841001
5404,2.895778535690279
19653,2.9441671165472845
10863,2.67646226552289
3198,2.4095682032651946
5254,3.0454151770544646
4224,2.535578604529679
17962,3.2436302203410614
8715,2.748546882297415
22943,2.8908261553817685
23292,2.8584833692702847
9012,3.016960478315801
12932,2.7559451381104587
4828,2.364074584519254
24159,2.6205241529275973
5027,2.844363235814269
18780,2.943363670336477
15895,3.0060880107343393
15212,2.7267124187214873
8583,2.7455132850539368
24030,2.908480713104375
12692,2.9270232945636994
20348,2.6000487175379674
19839,2.98265456923908
23719,2.8336290806916318
10497,2.1320423620072595
24930,2.9016700519061147
23366,2.3987589917386245
16539,2.711706104626106
7110,2.6625810200984144
1223,2.6762234619916723
24007,2.8136852707556854
3625,2.5954836364933302
26769,2.53268949045742
12484,3.0399793170525924
24816,2.2160243368498964
9724,2.8482098354819496
16366,2.6986131096833113
930,1.9832488982523095
16011,3.0582439715794774
17893,2.9071216525242143
24369,2.4958358775204657
6002,2.8182816644198057
18043,3.219904827466511
13595,2.6854634664913255
982,2.6875103362887622
5023,2.79840417787678
8546,2.8387741145175682
10290,2.916919828521854
23845,2.665653310674405
3785,2.4326131673599605
16987,2.9507980529571616
4752,2.982301343699841
18169,2.910195818213013
8898,2.915277561065731
11947,2.552421678418362
16852,2.806620080490918
23453,3.082462252412532
13848,2.591250947272822
13099,3.1506943765051667
20604,2.4654958627250503
8395,2.5039236443671533
10092,2.5724061064077572
15409,2.8992751777563748
24176,2.7333033860812592
25075,2.2204314713663744
21093,2.545623008706972
21498,2.792212303213946
15975,3.04506617491609
25277,3.0166641072492255
25267,2.7832129526242015
4671,3.199324629451633
24916,2.822766406550932
49,1.8792604434144426
15480,2.7728669176059353
24143,2.8882753899685305
19871,2.7031202144126443
23907,2.9080353404926473
26797,1.7741953347308683
20564,2.75029805976144
13317,2.633868482035783
12246,2.861598497623606
25771,2.7878055872193257
16147,2.9702933856876714
9512,2.5043625501673645
18559,3.0335334188449963
18864,3.054429370340612
4323,2.7753375497998
15769,2.694601189314022
11365,2.9646210210083326
14764,3.1035614465807475
10359,2.9481236992091517
23260,2.5204625147442434
22105,2.7997984656548422
14946,3.0515104066120737
22172,2.8713655463971786
7660,2.791597132255496
11368,2.607031281390125
10890,2.549359263593807
19575,2.7283076816038094
5948,2.608059873412917
17307,3.0231149456359323
8951,2.658414035992664
25264,2.6307165693633747
5885,3.2289619668950387
1697,3.0187490172511238
22838,2.8646947358702994
5751,3.0147774262599762
24353,1.942584461811485
8220,2.833921818791505
20291,2.6725667588858086
19875,2.795723948645665
21410,2.6550567661835567
1989,2.61369123603124
25452,2.841254816623319
20089,2.8964908201408246
24610,2.940780754438758
2439,2.630310986142326
15350,2.5651757109137767
21320,2.900608163826593
3379,3.0303444809978775
17074,2.7257635251424364
15117,2.3676208090310773
16702,2.991182620144738
3934,1.8283997141297574
10581,2.9193345294551745
2039,2.8645085262640975
2360,2.5533214536986937
9918,2.817736593188798
5567,2.623533715672928
1964,3.0965904517162777
8657,2.9777529081216976
5015,2.7762596875933676
17183,2.618662510394073
13148,2.8035831744757735
6669,2.8039717492002207
8799,2.676762985594186
14081,2.8500120768935955
18102,2.4907234021520783
24412,2.772293577137997
25364,2.8701492365053847
5288,2.9382088686257344
2452,3.0632474244958217
12016,2.7447743799184456
11840,2.7850646373510757
6936,2.4442797712750375
22030,2.67439232457275
20742,2.9487676073829974
14148,2.6416392121143657
21436,1.8160152464550037
12865,2.862809059843252
12770,2.868309754836893
25314,2.9949332718425086
7775,2.10406083203472
20923,2.4290820267532993
5064,2.9188498109933487
12215,2.941789536614627
17614,3.0400692778533926
2046,3.053740000236438
9363,2.744856606163167
6327,2.5111031057521633
22501,3.0121119575599877
8456,2.874621485377214
19055,2.904042276901564
11203,2.8603377547144184
6123,2.7752478779808825
15413,3.2067566233037907
24701,2.6873144273952887
9913,2.821553412639698
4116,3.1240552047910977
24822,2.9402959974076373
5031,3.0162158310191733
10643,2.8820751340057553
25409,2.900155004433948
10157,2.6898162413334727
15276,1.9569093352847462
17546,3.137935083577986
14941,2.5009152077018806
16190,2.8615530688848403
22504,2.3101253702704483
10911,2.6973173920726854
23617,2.6929887166021653
9010,2.353583941892853
10505,2.758329317044925
2089,2.56494089973371
7683,3.047365215727978
13512,2.8611539410942632
6015,2.0043954408766163
16318,3.0196892966634747
6647,2.7754894050229435
12493,2.8022061654532893
16693,2.9608167808029706
8239,2.2731862749411285
20816,2.927094823307623
5176,2.9131024166515624
19197,2.5845812907720878
6590,2.7552950389111164
20580,2.9467691410644945
15919,2.7437003027889673
3655,2.6713344819277607
17077,2.7303997063710757
15727,2.7151502132997716
25979,2.9619138037983803
3975,2.132867536719083
8388,2.9383925420418575
1119,2.7486463174135483
15978,2.3385624419063404
13552,3.007931937727738
14804,2.6371622807999313
21448,2.4990434610012007
26135,3.1023173909244717
18713,2.015843398416862
12907,2.789972910095058
14406,2.8364921229007414
12346,2.843870664713351
26899,2.693780089010402
18189,2.439895426791875
22876,2.680381514295486
21299,2.7469203590225693
14065,2.847491919117947
7167,2.773128653896925
26842,2.8434255764890186
15730,3.1819625589212794
21694,2.604596492132464
4464,2.4709886652685022
21160,2.72077743166545
13120,2.589485955614116
285,2.911051725131555
22894,3.044327758417352
11697,2.7556314820944716
25413,2.720865967430095
16883,2.399054233276165
8116,2.5168672092539706
6230,2.628302154572411
24365,2.7296343034514363
22477,2.6738169436995705
22995,2.8392583464593333
25538,2.9290856440387727
3048,2.681264605443048
21842,2.7595475685625326
14600,2.8593792805669116
22753,2.832036925974308
4046,2.76000842308171
21529,3.0918855712387363
1918,3.0245480028292078
1736,2.9463921000084063
1979,2.756492061146988
2067,2.783853180395016
18398,2.665618014512269
21478,2.0563737740048915
16712,2.9655929809283705
16258,2.6245669539440093
4445,2.796734157438853
5893,2.8472438345929327
20991,2.811381231011262
23900,2.3557102878070753
3061,3.08509647821653
1156,2.501857696769809
26036,3.0870697751144625
20916,2.709841865771685
4691,2.7984438308972455
14240,2.7503503508297356
22341,2.8597124381671035
25739,2.561737620194957
23209,2.8882522967279436
2919,2.821027800037272
16699,2.9929894676278592
1693,2.051815011754326
23118,2.7212558541090277
23731,2.6759342759857647
2732,2.932960228784324
3624,2.6926630974644326
13298,2.9882112422062566
16817,2.7367140777231778
8878,2.9250852301315184
24894,3.0126173522968407
8541,2.9136212936280272
24763,1.6431420973174888
20410,2.8196537864172324
3755,2.6698316996617755
24891,2.9204696165766073
16809,2.9023943491566073
6755,3.1244484038241604
7300,2.582158043630007
26515,2.9986456551848804
5970,2.6309565219806927
5230,2.7901349799485544
19687,2.8018020321304675
4021,3.0034424007761524
11040,2.653184632928772
22494,3.0858847340924496
7028,3.0673187859777014
22449,2.877268681653288
13912,2.9528387567174024
16073,2.6437748987400207
11976,1.4372957756450853
23344,2.3945324313317315
17846,2.7972727898268963
7593,2.8510954191887903
25617,2.8042653633194674
17838,2.430341927147072
16868,2.2396517391189286
1373,2.7123915443610644
7695,2.306649288856851
13995,2.7866400126519446
8126,2.776332154160524
15115,2.558875630056515
23740,3.0451070100727127
12107,3.0828341329800155
10206,2.7932168008087213
17574,2.694597667147512
426,3.128468844754085
22955,2.841184711074993
11614,2.1258935379531745
22584,2.6560795006051987
339,3.0420963383364845
3480,2.5397114307947213
19885,2.110443194393082
18368,2.7829175624778597
20964,2.531162789071169
8833,2.7426389681249836
9412,2.5729159096830316
12624,2.899344387629798
11853,2.7223426878285775
11968,2.4175641769018363
3649,2.3317650010939195
10820,1.965596230357602
2959,2.4786612663672205
129,2.8239541299022486
3663,2.9543750209794744
22373,2.6607878354685326
26286,2.9271892563385995
5350,2.371054156363817
22170,2.3096044594271294
15650,2.449545619895195
3194,1.6486223069729582
26427,2.8656057398083536
20589,2.930090221818837
16483,2.651598099600649
1235,2.6666460567663255
3403,2.8430498151494685
20269,1.849072897800386
24765,2.65752276962464
3269,2.853522967255275
21152,2.1847993669160237
16837,2.8978452698639905
1442,2.6941854989912604
15986,2.796732696496996
5022,2.531913935645125
18612,2.580517436633103
23104,2.6944680048264726
21890,2.7671688978736895
26675,2.964362972770148
10814,2.913720332576055
11444,2.0967876344013487
6286,2.6415745317230144
608,2.717069921382003
22454,2.6291827681429156
26619,2.32560344600712
19,3.011406134251562
14911,2.964900902868696
14049,3.0448105944276076
17195,2.869524203924867
16730,2.778028294236214
1643,2.809334426924284
24308,2.8340145904259058
19131,2.722300942355656
23027,2.715786932711951
2487,2.8722359741943393
14431,3.0442586427230367
25074,1.7885954678564004
22816,2.7871232592395034
7387,2.418859278813438
25693,3.010805270437385
21756,2.718205766494953
7115,2.7207869409777197
11623,2.94723265371064
26581,2.914497643413666
9902,2.8859962948847104
13420,3.045404155801113
18448,2.43831114322748
3800,2.2935576400906625
16985,2.9531085109891815
7700,2.703180553012477
25149,2.73426677671074
12495,3.0803550612205277
24805,2.8705099011696817
15006,2.360964255843186
7648,2.8489856383029677
18701,2.8891343720709233
8506,2.9143089829486932
1983,3.1630737546453256
19495,2.8295588322870673
26653,2.6747781447089967
16348,2.820597877619904
1540,3.1238331563038595
9272,2.5914428194744774
14054,2.735086649139247
8849,2.609180415257368
18843,3.324616845888459
751,2.81245327680189
9514,2.913720290823781
14362,3.04874205677202
24757,2.819174853854569
24680,3.1462183817903027
22685,3.0977886410286684
13978,2.8544103733908943
22886,2.870875876418269
14874,2.796616562566729
2086,2.7480046731115984
21788,2.429057043713201
9844,2.269889658015817
26904,2.748454327071031
9651,2.5958950419290785
14228,2.765848352827736
16107,2.577142775894026
16168,3.0903485006739158
22714,2.8633922966383576
19273,2.6664663514357994
2364,2.570406988770687
47,2.8343754233263705
11558,2.5900931045238615
15453,2.824018076149767
26574,2.8679051738613537
13812,2.690306050651587
19689,2.8281240126937814
2758,2.9870372242765426
14563,2.7111088285169
3289,2.5700598303753455
21743,2.8892140903102215
4755,2.811528594272946
23573,2.797087449688101
17760,2.163002346317512
23531,2.6619026311889304
25723,2.9545822221741407
19999,2.59598339054634
20365,2.750438445740098
17765,2.963934055447434
16981,2.605493858852059
10572,2.6529348789702083
1871,2.70221607238302
24956,3.195769168443779
14662,1.3340062117258495
418,3.0158750505124967
1213,2.305371076628837
9976,2.877393129082676
12617,2.1339798729204977
7160,2.9072579360975497
2499,2.576059913190358
15348,2.8896632731404037
19593,3.2188189038611386
24206,2.8346625873178484
16445,2.5555654006301745
14942,2.878870598978591
2912,3.062637870151742
25461,3.0044771402447767
6369,2.700673743148792
1038,2.7490269906478
7931,2.893531258848835
24480,2.6810104992073716
26478,3.0455247407126627
23428,3.160718860711887
20871,2.94193650681094
20799,3.0298393456196653
22529,2.4105131253839116
26608,2.7468453307629117
5736,2.515154934782943
17925,2.4627753075648755
21552,2.9898505652444074
17134,2.660815470825944
8883,2.639455495514535
24352,2.7948529769893704
10186,2.9283822599849656
20481,2.8295383700727115
26716,2.868955916307383
25770,2.6544491871162683
241,2.7349696380190434
10126,2.9604507979028205
22779,3.103493542699897
12568,1.6868808717753732
26738,2.7524149068532826
25895,2.8851863958665294
1952,2.713380732284238
6257,2.468274865049972
1594,3.0023460017630255
14180,2.1101271654550215
1984,2.3206578082194564
24895,2.5281167119071415
21065,2.6958791056206834
1042,2.792912848704167
22336,2.8310874370826844
18785,2.7895788964246164
1783,2.7831007308056375
62,2.824178878227536
0,2.8914747381514827
15832,2.633810023208948
3462,2.8468831541662936
11299,2.87384377663676
15255,2.3495699779261567
12343,2.837862689045275
2144,2.449156854045574
21759,2.963843988518093
5852,2.7921441138538117
3665,2.4955247099529907
22679,2.4472660060618083
16966,2.3975359169639585
11313,2.7722935504859936
23489,2.606804051128388
2271,2.7387219731078267
13976,2.829797440656471
15854,2.8196994207071757
11923,2.7054545528221725
24381,2.9676181608166994
11876,2.904921284900183
14129,2.860922515140468
21025,2.775446272435329
17098,2.4556024323105214
13941,2.822042422863427
20444,2.752694154254564
6543,2.6773294545567956
7524,2.8957384020795476
13421,2.624032036819188
1941,2.5990772487100826
13909,2.5189670188531954
8327,2.936890282329898
3449,2.660393907300235
21848,2.539110291067351
16552,2.7599412383546746
23593,2.645728824384643
11813,2.9137886119117606
10305,2.617531733408983
10881,2.5019346460346834
13343,2.8040522245825943
13802,2.6244415185493244
15539,2.7559856309749784
16362,2.9028450504722554
413,2.1223431565633315
18399,2.952354299705602
9367,2.8531610592006262
11456,2.4252650336468493
12767,2.414796768800797
3954,2.8935486335348606
24012,2.9561319218731743
20070,2.8929429503946373
8464,2.7547759651824895
7385,2.9128012866977624
24170,2.834421559872266
23536,2.764591944281552
24415,2.68853324775891
10168,2.693030440375064
18826,2.3903050218265003
23243,3.297937995045842
20654,2.702859155152254
18742,2.690504945354996
12398,3.0646314454763224
12491,2.7473523249346234
23356,1.6076590056502484
5321,2.134012647661953
25951,2.5077054024999192
7915,2.82977523811069
26943,3.0103342151834687
21873,2.7001374807570415
1523,2.9061625644873277
11337,2.32931708138817
24831,2.7399186741635035
21560,2.7436607215162043
26070,2.3756613526334114
2634,1.9920739743619587
14517,3.000348732970594
20177,2.9807775370557437
15509,2.8225735299038592
15664,2.713489868027793
1130,2.6782132157561893
18854,2.9140183072963404
16520,2.6055029179930576
1416,2.7022447496210353
5849,2.882727766845132
25804,2.93901832748153
1621,2.958469424986433
23047,2.5728165726264023
1840,2.8851305763581925
12804,2.5302090083274917
7177,2.7360522947639807
13973,2.5740670104323553
23283,3.24532814907867
24728,2.661316156869112
25383,3.20039101100999
1486,2.9390989358293944
20822,3.058709364481658
23878,2.7933220707896766
21843,2.6506075530875632
1238,2.9892260718383836
9804,2.6713293481579727
18267,2.8622977025416687
15676,3.0146476022209185
6063,2.71160618366677
16734,2.8849881755709244
19436,2.6955479833001332
24433,2.483986407467869
15045,2.7331145805168586
16971,2.814369994581361
24019,2.4989699595770665
9016,3.009895801408342
9150,2.9533352827927613
26482,2.9151552250066888
21100,2.9309376435455747
8614,2.7830144658086082
14921,2.375912965909726
12872,2.3647096777432624
6967,2.838636458275844
22564,2.98300232914769
26510,3.1251700790650716
13898,2.85026197927041
16084,2.784584093505782
24298,2.3640043076812867
8675,2.6140811899730605
19712,2.8342386968928692
1315,2.426922963615414
22046,2.442311888377013
22932,2.9221693461798943
6076,3.091524227195372
26756,2.7492987369824253
4941,2.464170396201277
6467,2.0770147744098186
18819,2.695678746145236
8330,2.804092721113326
9560,2.728305505140999
17892,2.9436904674447564
6243,2.633158590067026
8306,2.813381242309253
5003,2.9002143336532007
24974,2.4056177305001665
7101,3.1845934990970473
10037,2.928346850524606
16434,2.5643661842327923
23087,2.8116795567641883
11057,2.218807416565277
22591,2.706534109338617
22523,2.4437033677637845
18039,2.5321319639502122
11931,2.844417708634399
12284,2.8988496356851945
13717,2.750046820227451
24640,2.7384959346938884
13106,3.0393912142456907
18390,2.615332500596579
20807,2.411765727413192
6105,2.624089124595128
20134,2.3319760549095334
17535,2.9412884009206253
7735,2.7449831334085095
2802,2.523839894397606
16129,2.7959974903553344
14372,2.9056926904774922
19720,2.934212794822458
2054,2.7081018240962673
12557,2.4635433994149754
12513,2.6075847156107557
20948,2.9034418218631948
25231,2.950668429301199
9601,2.751652507964915
1270,2.707689786954317
20055,2.560178787637102
4852,2.9859438562166023
9820,3.1398337326977086
15662,2.851033231143422
7914,2.8956752700141823
8748,3.077216893676172
14149,2.9081402831575995
24696,3.0626989135949705
22445,2.759522010046261
24555,2.523734313771161
3787,3.0108084018490997
19958,2.773072615835791
6832,3.072724496272855
4741,2.5334930413406083
12644,2.670567270845702
9400,2.5660412133764314
24278,2.8835166696183836
12078,2.8003752045475325
26141,2.770007404017715
22872,2.84080432679487
15109,2.8531812971793147
9282,2.8524982286895777
3120,2.817413594358311
16095,2.9917695647004505
25735,2.8230212795525724
25692,2.741976257901684
9725,2.80238597438308
25984,2.4953386736208065
21375,3.232023771048937
4999,2.56706213863976
22282,2.987139747830966
2614,1.3587281873509218
2636,2.824004252343387
11710,2.6066813909154316
19515,2.4686735831376185
7677,2.1146855480043936
5438,2.8849261058583537
5990,2.8414405018599127
17226,2.192644662133386
19491,3.063577714081335
25953,3.2873415512221085
10087,2.870507184310359
19365,2.8848813700477915
9740,2.348431227012951
2211,2.7009784718840537
23232,1.9289390945193576
20100,3.004025708780674
25015,2.513486764905836
1293,3.1622404473338492
10239,2.9380645400547865
4896,2.682386021284971
19984,3.0360818978745776
7409,2.4051446222900337
10840,3.0067530085303464
5166,2.9186928459455497
12396,2.6407788560592684
23775,2.9431963639471688
21274,2.9709868144829716
18529,2.9840337097932137
19679,2.170921144329447
10741,2.9727046620312563
1767,2.768416997380721
8773,2.8604909684850224
5279,2.6171956039110444
5960,2.4335580593349206
10987,2.9954082646207536
15922,2.9642658636660437
25018,2.83585123378255
14938,2.669041872590156
16381,2.852041939566419
5250,2.722516129600896
7616,2.9869593529349188
12554,2.9839185296636535
16491,2.866823330817398
18040,2.2862881762701
16726,2.807050483574793
13063,2.258947674410853
6444,2.908148665488046
21578,2.826344242686846
1002,2.6464380303720247
24361,2.6865339495415133
25786,2.819760736888746
14316,2.9872369070243496
10520,2.450135333776251
6723,2.656966197394992
24413,2.786848553112123
14053,2.3745623496918395
23946,3.01990409185339
17443,2.856507425257691
9578,2.780557601601147
22435,3.1990095725014345
23663,2.9602855765538747
10826,2.496596431519653
12860,2.983893663727836
26907,2.67607502029579
15543,2.543135447796975
5933,2.7798929218127992
2953,2.7274075644561404
26868,2.8939737041258704
25712,2.940570858297222
6956,2.597691580564634
2737,3.0765550494445524
10337,2.3512375638182017
25801,2.7784046743139874
21813,2.9772385284813203
2857,3.2105211619639555
4436,2.7374958224308217
5106,2.7561008618289993
25397,2.3024413013543126
7459,2.872401036901313
10952,2.996351913499601
11418,3.0535809899065574
8129,2.428401729127814
9351,3.09804097589427
10628,2.8812128267371824
18500,2.7474831575965357
21048,2.765260518376981
22302,2.8606865550614224
4625,2.707602298485561
13229,2.9360046649843983
19673,2.7811902230783234
3545,2.405255932238762
18696,2.9455490208105095
24008,2.175803998133212
25937,2.909207418287545
21490,3.1221597646969275
26855,2.8704147226699193
6132,2.71118504516882
16401,2.75343031454883
2821,2.320611829797673
2021,2.6385670676160133
22616,2.3808420714655627
11727,2.683951346240354
19035,2.667805211402896
13679,3.0458849096628664
6098,2.4346221785264226
2556,2.68898414854142
16324,2.99916869184292
13730,3.052582724102972
24713,2.5290965108226007
3344,3.0873774109928616
23187,2.950677021932405
14085,2.3801631931084697
181,2.477273807539676
19496,3.040386991556628
21275,2.6506574416782938
16494,3.0525324953284265
1853,2.7033747007560334
10246,2.632804881832461
12826,2.803868037871912
26099,2.671458740524559
20552,2.825557703382918
18014,2.5654837701624236
17729,2.7183413866412804
16432,2.678758017227402
8818,1.9543371002843464
3966,2.6617085046959073
21276,2.9516311817078367
23046,2.2148797987253555
7141,2.9024389104939186
4983,2.741602617923647
16804,2.995496251989296
8081,2.154706251757632
23158,3.0470186532690233
24613,2.690583568706582
5234,2.976898067793291
3656,2.8741230510951294
21147,3.128998550713616
13190,2.0524069922693617
12606,2.764829359520137
17687,2.9101031867802956
677,1.5827630057742195
8985,2.6280470748124034
5091,2.8002680243385694
6496,3.029308497757294
21724,2.7255192784417366
26848,2.9085472980120026
26498,2.8431293378490277
18341,3.0122815097882345
7014,2.6958596721290244
4930,2.9878196173477027
14659,2.9887727738551995
12431,2.620246350652978
26358,2.8777115771408575
23604,2.88224630540317
8564,2.8671709318632814
248,2.6941897915963
8962,2.704600715920663
22551,2.9427265703254455
12829,3.1809298023313173
15544,2.5813394255136513
3999,2.9981881549584783
12401,2.921280096967671
14405,2.4939611783327953
14826,3.0102206246852976
4980,2.985401849692314
13326,2.4611739648586495
13838,2.9606662140000295
2241,2.540246096726061
18731,2.6550872701936563
2589,2.515452999569683
11405,1.6584120762034145
16790,2.8297873685595794
5146,2.7941412121968345
15526,2.4858469245058643
6298,2.7583126933624644
22296,2.3040519057308035
14760,3.115864077651912
22176,2.2762624912359186
23880,2.7642983019818423
12649,2.660981849367136
24924,2.250557162199126
10154,2.77003828690122
23089,3.002425768566635
16350,2.8638523107537175
26509,2.657458274578093
21825,3.1546244174650435
11862,2.85057901397738
9231,2.906701643314784
5566,2.7074346141418673
10887,3.162310797902028
20825,2.688851932165041
18716,2.9120505500297997
19637,2.8292130905273334
24401,2.8349120373644054
9864,2.9123025979571833
3857,2.9216247066628505
19954,2.0769269138147095
20387,2.944652559078507
26685,2.7386502142185565
3477,2.9190387694125506
1010,3.0211243396534937
5363,1.3153585083223274
20237,2.8504700059024417
11699,3.157751724497251
8568,2.9649828235019253
6311,2.4420873507928085
21123,2.830180319945279
25483,2.5747716664413343
14105,2.954413137460105
18955,2.8318511027123185
934,3.0081654829088076
13020,2.8123855272579927
20741,2.6373023974016
26692,2.4404990586466315
7197,2.979026665202279
19326,2.909232335661942
1343,3.1923011076035306
11309,2.806778548224908
8551,2.3948689125309577
19265,2.589416491129394
11751,2.552134146632121
24806,2.8754268008659976
26616,3.0561824152692743
25955,2.5868573085096225
1148,2.7921711276584453
2954,2.4919316864716126
20065,2.186925594727703
470,2.981986434268525
11326,2.4018173714351514
25330,2.964500736050826
19986,1.7381686340664502
19788,2.2628927745581384
25927,3.0722549565409767
13075,1.8983322625656258
6006,2.9370193554159103
10784,2.826017005769661
25582,2.7567445084064577
15331,2.8877642324254316
13764,2.6430857383935473
24825,2.7814028010716436
18308,2.392130008099236
23011,2.661835983091819
14263,2.6589267895222832
9360,3.011065433188791
8586,2.7283453096984744
15820,2.961154604866673
20773,2.8269142137929353
15846,2.5197803274510018
25419,2.8341051364831933
18262,2.454560966644213
11029,1.4118984720490917
12503,2.3257391721802607
9545,2.8938756005895097
176,2.7466276054927796
11305,2.737162476653668
7275,2.8586655212803196
24224,3.126305052222083
1623,2.2700546612894255
1236,2.8811617670092917
6335,2.837824156818473
2234,2.3774323638284685
5152,2.762218301936288
25642,2.716820684767565
19391,2.8106649019379972
24662,2.5870599762284052
17013,2.6710692500056683
2394,2.9402912940087855
25542,2.9325768515837614
14046,3.021522667226849
5918,2.194597330582101
10854,3.16572644569173
14012,2.7527133275177813
2436,2.0808148127297557
19550,2.7337397009956725
19370,2.211629744761255
23002,2.7377614864274245
21955,3.0818842375483984
3746,2.9065946524641055
9871,2.382542415192819
7772,2.8725504393900563
1327,2.78887418929281
6613,2.4340802124068137
7796,2.2411946363998245
5735,2.919130426553972
19971,2.896762223348305
3276,2.2622717849864107
2746,2.7284069374928652
21608,2.674043223159701
8294,2.665893875646072
8083,2.9330968047649453
9853,2.7163370715121227
15224,3.101182815592454
16778,2.796631280528789
16162,2.2539776873325548
17236,2.9016680187781563
8011,2.753019132377766
3865,2.8434901574622446
16176,2.682408051615249
9886,2.683190106835166
20760,2.7881141079535072
14399,2.8372255279782346
24588,2.5348020387291617
10369,2.788176031991806
25379,3.005895597549192
268,2.9157828955455543
518,2.8308366078728198
7159,2.6500756679079047
19067,2.999615293374177
21938,2.522647855727865
6360,2.8233923536652767
18510,2.7911922348866427
2358,3.145805885234841
6023,2.9748566139405637
7342,3.017853989622699
22891,2.965695914609368
20574,3.173560045514337
19390,2.5987623700728606
937,2.2442237504719973
19665,2.933769746230708
3459,2.7814223629982466
21442,2.7649729292655807
4965,2.5995853916721576
14964,2.6803308540596027
2774,2.8294793714609106
17402,2.4337325236446894
21693,2.43602143104874
3119,2.2570835865166106
8420,2.766312144017681
1210,2.9807930327185588
1085,2.6232611128923518
18392,1.9317763392426806
16178,2.7643692662029813
9595,2.8233311803315866
6218,2.792377082966363
8852,2.5365887261935467
3036,2.831899557186287
18063,3.021940504031138
10285,2.68259651934409
10594,2.786910425429479
19602,2.716595373548125
18115,2.413661545771243
1769,3.0709306869239827
15561,2.8268078565875867
24966,2.445977113565711
16600,2.1722001488708598
20001,2.7764710049820405
23606,2.8372357166534514
7626,3.1804465862083737
20502,2.707047671057133
17244,3.108730273524055
14654,3.14141880342329
3562,1.368120900391134
6659,2.6689790320188655
130,3.045741333042622
14869,2.054114600603204
3220,2.6228896159320736
4880,2.7902244361331303
4918,2.6667196192104097
1176,2.890420650038577
5582,2.8648054713244075
25583,2.587974940069539
1825,2.7801390560752415
22957,2.979469459198417
22266,3.074109594517393
25992,2.9437310192357815
160,2.947131272406793
23224,2.6358482913916825
18402,2.7327971496971792
18872,2.631121077920046
13967,2.9544055760225216
13321,2.019281678935034
1707,2.5430500768556024
2216,2.917600135977203
6329,2.4959534376875427
2995,3.0817381712424363
11551,2.6042204150055617
398,2.7012343078580336
12630,2.7110176460003834
10984,2.342939496314506
16248,2.310590108385511
26122,2.6553472071972783
25333,2.4161618006455083
22418,2.5915349049240284
6713,2.42712693766799
3940,2.798528953546369
22274,1.8479581160529404
11259,3.087077545176242
12499,3.2391346346122565
14449,2.4461125604352043
17475,2.594573344685096
16849,2.8012174772826675
5943,3.0147232135159188
11550,3.140839495345525
10936,2.3337215672690887
26112,3.168399322399187
9085,3.102937286414015
449,2.90959764092226
26487,3.070908776987571
15712,3.140081137623696
14722,2.8067914345829528
15918,2.67645383656147
19180,2.593211296225337
17663,3.0515688524901736
12440,2.763991072821993
8727,2.8720409603633885
17511,2.9970774723164486
6606,3.219159040660652
26518,2.4560614305186292
6521,2.5086738068391727
23994,2.1533179557970397
366,2.49857551597658
7807,3.1139255312113536
24317,2.899968145979327
7559,2.6750929542347026
14699,2.985641280894381
19794,2.764074162011117
10408,2.396919730664941
1890,2.4244812489004928
15637,2.8751320085353997
5203,2.5563479693443156
25791,3.072395237682903
5966,2.8786759202944756
22277,2.9056756011390306
13000,3.008147160576776
7583,2.8632463187987396
13688,2.9003878438996686
1688,3.013540325038327
6673,2.6182244080306165
14950,2.7451215396657678
4292,2.576350735603667
4614,2.6408740728891207
19110,3.1755275375090766
20707,2.5136676634532327
7149,2.647063186266662
18503,2.8913386281732967
22536,2.5042556119637758
24016,2.77456754647254
4822,2.9217896880366316
22460,2.295862340122312
10545,2.8992830210280807
454,2.740810147323693
10215,2.5786045345987816
24590,3.0108848775598602
6958,3.032909395923882
164,3.094823542449849
6740,3.0796321868568994
182,2.06025212378784
22701,3.021943326113174
21610,2.878691457589509
3183,2.745332060917174
26223,2.735548155068834
8291,2.556744533276185
15068,2.878339671047963
12689,2.9910091850674294
3742,2.3561636466757427
6356,2.9253591593604718
14428,2.5772422601498017
16250,2.873335884483135
4787,2.955815936799594
7087,2.664193444947937
9899,2.883898815980229
254,2.5729041274081235
25594,2.4845451192260155
4474,2.0810710105168506
16685,2.858102709809649
15546,2.8756360083961785
11235,2.734540492379839
17060,2.895994383177057
8766,2.4993671925160883
933,2.191678046006879
16686,2.6228465154519545
11775,2.9244195994928885
22643,3.0308547325889994
26571,2.820341116609494
13483,3.1309163840578265
10201,2.669883643681011
18477,2.819659975409531
26231,2.9732780651858595
5642,2.8798865227732278
17398,3.0774309410143412
11762,3.0216493935181066
8262,2.563449757761359
1037,2.7619390294648247
25484,2.496487984237421
4848,2.9124348495994115
5996,2.5522102865661664
26627,2.28717552398888
3357,2.972477260067145
4415,2.520119559044077
15746,2.9173838113816903
3179,2.788598752043735
18181,3.093787684229982
952,2.3916264205946556
18761,2.144666463660252
3347,2.175200142883665
7920,2.8809600244838798
5000,2.6803886491332034
18861,2.642418075881952
14989,3.114654947737831
16844,2.822219989851883
20928,2.8308008626207575
20368,2.6572006104105252
22843,3.0217662366449787
15478,3.1775042494917702
13170,3.1743758076916144
14968,2.714715586451426
13475,2.647266082324345
8685,2.522462377118455
24576,2.886262614936406
9039,2.874660450315628
20168,2.9044186327142185
10772,2.773606089642248
7322,2.6509249399452455
10978,2.516281876522872
13174,2.7082409785719648
21649,2.318239842964663
26791,3.179658312875612
18622,3.103208457775292
6506,3.214831205288589
22621,2.4708205420089273
9608,2.884212755381682
19261,2.5689338901943306
13681,2.538272147233786
8366,2.2151244915522383
9525,3.1082534152011
23037,1.976811039211553
6848,2.3555494069633998
17935,2.932870580274978
17129,2.791871510993251
26098,2.7503699285639236
23350,2.8978754992993627
13958,2.9243744273757213
8043,2.8550045368193095
20996,2.8211111684339456
304,2.9723946754202926
13938,3.1232003332091676
6193,2.7487152084910855
10254,3.0549206005929106
7765,2.58232191403702
3920,2.9737918890089796
26460,2.8335637045540336
16834,2.801445499327893
9042,2.8125681264734816
7077,2.783325524188078
5952,2.5703300984638524
10957,2.332137959857486
13052,3.3076496202725645
6075,3.0078081591566375
11524,2.9578534119011892
18907,2.971981877536568
14364,3.030178546042778
8728,2.6649666594656685
12038,2.020804468757386
1139,2.7752087249601116
24152,3.0888563223140233
468,3.1065636899808897
18123,2.9421767730449147
21786,2.4564119925344703
15758,3.0634435010367276
22265,2.5056755554846353
617,2.192700867094963
1310,2.771395186302932
26475,2.9489201643154734
21455,2.8860071965852865
12139,2.8008892797583234
5300,2.5238305845112436
5905,2.6145077240368835
3251,2.442303203147712
6739,3.229913154065617
18342,2.817241024027697
11791,2.7006286571479894
25959,2.7645328887335485
21473,3.1330918200780156
17720,2.1188706514952838
8758,2.6538944126355704
18140,2.81202666346307
7264,2.8515819730985275
13278,2.8733106130268875
24969,2.9769855149361377
23597,2.5718793723233637
2829,2.936862709827531
21859,2.8365794446690646
11892,2.9685594186067292
16041,2.48964494600162
289,2.758361927631037
9313,2.762728715325087
2656,2.6387326048478474
3478,2.10587286723634
8699,3.1838844859820035
21713,2.7120651185233773
2657,2.865056739398255
5518,2.5814503668416324
21471,2.7456334729289225
17730,2.706051798469739
3526,2.6314154616168226
10027,2.2217594173402575
1876,2.9437800113321204
21795,3.0076902780375687
18815,2.5899656684134342
7638,2.757399135726719
16416,2.494322608475094
9234,2.8766564905869125
26869,2.755755317477635
7831,2.4928047198295156
10747,2.6950855440454617
17926,3.2653172431737145
17847,2.6212196556925784
2596,2.605146503333375
16830,2.9393458139665096
4797,2.432976322675062
4488,2.8514406656188065
25430,3.129076421358052
377,2.530836578752765
357,2.79483125853017
20157,2.9199398505417924
19351,3.0042652700376817
25112,2.9011467791972847
8724,2.7118966467757346
10323,3.129692668001679
20347,2.847225311255072
19950,2.6863632421703882
5537,2.1406462719740453
23587,2.4788079051646865
600,2.8663126893046003
2087,2.99230192072473
9057,2.812039002051994
24475,2.8398806061666755
7504,3.053209132002128
16287,2.8315023836310362
25905,2.9403344303128827
12463,2.7328070045973587
19043,2.832875130475273
5809,2.7408833533438646
10384,3.0143733676644513
14107,2.7747303590401557
4352,2.738036951157511
7144,2.8520703611216445
6064,2.7438363995016477
11782,2.8212261979178295
26311,2.498972683232152
11490,2.9543278564611652
26624,2.8770176696148075
8805,2.707861515732451
12432,3.0372848820849123
26409,2.702883144200265
16722,2.9947864161244193
6056,3.0568167993680677
25228,2.8132720067452563
15771,3.0886327897671504
20069,2.6986330797006373
19568,2.667868471439233
9448,2.7449592477677065
5385,2.8715339210111885
4318,2.970939548147954
2652,3.0490291641948075
6017,3.2839812565929525
11828,2.7431272184865922
13845,3.1618313252609993
22730,2.356648066716906
15819,3.192449490789976
14311,2.023882767034947
6473,2.8769509786133427
17557,3.015359181755611
113,3.0125262073675594
11574,3.008768140729002
472,2.983141716509152
16387,2.7750207012578505
21449,2.6465808451089714
22225,2.337838237279037
5866,2.488544634904479
16970,3.0226235682007947
26101,2.696044768861558
10119,2.6192118390346275
12831,2.66769189818737
848,2.733412004740682
5049,3.1853089642956056
4571,2.8392008290317987
13208,3.0490951513621676
20837,3.017510166956389
16922,2.949306007017876
3773,2.8503902406914063
20122,2.7056402660858
22090,1.9593451287922794
18926,2.776600135732626
26063,2.90417999451572
21570,2.5785828125603643
18423,2.9384632269057382
135,2.9910450846124643
11152,3.0253267560095196
18026,2.7192872603251286
22407,2.6826422097428666
14332,3.2206983229175132
20603,3.1770199350652084
23925,2.545717634535481
2584,3.01963076169958
23435,2.9667165512267832
10279,3.030301611017473
8790,2.510970089673701
26649,3.041477512368596
3039,2.5059545807897177
16695,2.79310484122797
18111,3.1196141635690307
3997,2.045078625525869
14540,3.0042136806492095
22367,2.6495313657955184
6566,2.9504804241412153
20565,2.8383505823032658
16728,2.7924866547823233
16424,2.659119488822027
425,2.7354002369747787
25369,3.1889750397936227
5268,2.801655938101213
11799,2.4932589282125184
4693,2.8151163356314495
17036,3.0273020283662095
21313,3.1149014811634204
6810,2.652323959372869
2531,2.563026934650126
14667,2.6714596689697525
11008,2.833872793604529
22365,2.704728402925338
20873,2.7164758492476815
12143,2.350426126214974
7015,2.704791287593208
20704,2.886570340160707
4111,2.101639353444258
14603,2.5976183188862487
21424,2.91812887053083
14467,2.945892769825604
5360,2.7653857017302537
10025,3.1165365372191944
24837,3.0371060986823255
15095,2.5544436407526008
5235,2.4168611455850706
24929,2.8527221800180027
2197,2.588343968402724
26273,1.6281640487372269
20044,2.786979689798132
25889,2.7610133789897144
19000,2.8114486203770035
8700,2.531763542313064
26688,2.495751931566593
653,2.475696972957081
24023,2.655041876157178
17651,2.671615939663294
7662,2.8024436247300764
24954,2.510159040796457
3234,3.133869955644852
16818,2.650052975087553
20232,2.6668341795251584
9305,2.7394967903269944
19487,2.888747796520454
23980,2.8931946548409395
21396,2.6866778121677557
8565,2.9817098708176624
2099,1.9265224506228285
22880,2.5173681937670263
20784,2.464964725811504
16417,2.379080674561486
19929,2.8582962035618897
1275,1.9161037334943645
12133,3.0178504659596594
16488,2.4733368960700064
4304,2.84964119837183
710,2.242309808751784
14907,3.054265109839043
19116,2.631294586868398
9901,2.7098237126522733
2132,2.537274348481979
15102,1.847381446340891
21328,2.419527990692427
14787,2.660360342703266
23349,2.957253711463114
21960,2.5041534797671985
9054,2.681954536237755
10041,2.732890411918166
25047,2.5806532035730134
17167,2.1090329787389264
9912,2.8226551159592694
22600,2.7951233526844126
16197,2.171367663591471
18909,2.9559274751137656
24988,2.925581109373863
21504,3.344103774796037
8830,2.7901933327470174
4132,2.8715074895345456
4622,2.915587095986027
566,1.9301008453585569
25906,2.793064541483184
8973,3.0572071052885095
20035,2.0971168235457034
20040,2.813165664421585
21522,2.1624797714096835
5381,2.99057329440696
15808,3.2130966423873404
5458,2.2125674055329965
11764,3.0889870236430164
24908,2.7079675983930445
25324,2.8912965256497647
6947,2.8039210874326095
26709,2.6932681384242323
24936,2.253058603728034
9431,2.905759843168886
16738,3.0036919098194166
12691,2.282581141511264
11743,2.659259350671606
1795,2.2782465295574923
19442,2.75606710054001
13175,2.12833685126857
1057,2.606246757948278
10156,3.046810685753897
7687,2.2560776256729027
2629,2.5662809835924074
21735,2.869589490643401
2731,2.8487090566532776
4816,2.6557766452327507
18025,2.7313802745177544
10159,2.744705792747867
5646,3.0164199989147304
23801,2.823623122445486
17269,2.924585746310743
16791,2.1994785955974314
445,1.0147126417434753
22915,2.8380483811324058
8913,2.9559276727312773
4800,2.7171594426659915
22345,2.7271850003440816
2543,3.1513171152986112
4623,3.0870334400757913
12656,2.8806303108502216
10467,2.9686024501411374
15180,2.8093486176027223
14752,2.866698312001387
8612,2.727818514875991
284,2.6228272645044712
998,2.920836571922307
23202,2.7346762085708427
5020,2.8863104034229603
24338,2.7400907495458835
11495,2.776178953519819
7361,2.5801538898170953
19025,2.721331383813801
14452,2.8800513712762585
24670,2.499511273814459
4768,2.6852603839831053
4281,2.9602976912778147
7199,2.935313606515386
21468,2.5734609307753473
4533,3.1244328738094516
24706,2.578879257570887
11331,2.753461735181749
16089,2.1669389930668275
7530,1.9833697750678476
20155,2.9095567409714715
7040,3.0790236890392797
9748,2.9176435240940695
8469,2.8490590798953486
3661,2.784957489482295
17825,2.0347933517157744
8352,2.7835618461759313
5426,2.9837810522641934
2379,2.9665324631034866
18684,1.746999744051144
19221,2.961397893741155
682,2.822279851739519
111,2.7552651146520826
24740,2.941220527252791
8342,2.7629912660575933
7324,2.6068632998274692
19684,2.745527449407365
18456,3.058757613515143
3411,2.8059748447055317
19284,1.6282663941928992
3977,2.9354488104469403
25829,1.8983229886360624
4403,2.53118635791671
7393,2.899761242226337
1374,2.6536207851523668
12784,2.9972424525563466
21192,2.7670423560602364
14521,2.3479307462071457
17890,2.6956114449161745
13114,2.8291712043436137
4315,2.8400825732708372
14741,2.9170908547264895
18869,1.9425011222623554
17895,2.9672332595501874
12064,2.9606260292473294
2661,3.0107527830961507
19479,2.8244287483633976
5702,2.96596369495562
11491,2.8214470961490155
7020,2.8792903560120413
20302,2.0494302611155066
21622,2.8952020502957017
3788,2.838258034525577
18145,2.8187052489666615
19832,2.338619663269362
9468,2.9237456731114255
11307,2.3947960646882263
6259,2.9226968849700774
11378,3.0023297718467465
7599,2.42930154040224
26985,2.4358759821717486
19803,2.9854838181542362
5942,2.8316266065435713
11566,2.8693832128583345
22980,2.6849088082378882
21193,3.107278242340571
13561,2.6090493326590187
25759,2.830782489396155
648,2.7511529548860127
15365,2.807649746920057
17964,2.6350219505393313
7334,3.360127578551436
16731,2.530324662044436
14759,2.7113469580006093
6220,2.7572562581729607
21398,2.7316282405194445
22732,2.5997921985478456
23926,2.498017475199944
16253,2.77732519590798
17710,2.0694049546709405
10431,2.7405961899164755
3651,2.307524105503496
16621,2.9431129463060377
7411,3.101485315048668
3684,2.7761772210331994
10632,2.8678708094137986
20317,3.1739107404165456
18933,2.722213204951088
20167,2.938529109064941
2481,2.875615392559583
18003,2.687397877052923
14339,2.9789922120424106
6903,2.9925485885358603
23130,2.7485911786321933
21796,2.6939337263857843
7532,2.8370910708261254
13852,2.523126484951647
9047,2.588161588643774
21153,2.6878036287020195
15952,2.0966341531339356
1602,3.1244458066656224
18170,2.606801168807423
26169,1.6360605003298379
3475,3.244796812082258
15888,2.566073345845191
12549,2.7966859979894836
16357,2.4383613760081215
21497,3.076936668986349
22096,2.760049148475995
26267,2.7623284636196375
17149,2.5309003844415936
7121,2.949399272919116
15773,2.6259304253334776
25020,2.7081589136606317
17914,2.623262039918017
14299,3.1459671999577914
24106,2.8538016797230163
7068,1.8614386846615782
20380,2.3945498589825167
23653,3.1195499652459464
16050,3.086390287495288
19787,2.7332161273126943
4775,2.7020579479869222
8822,2.636048114820491
10113,2.463305714976679
8499,2.8243358285575204
18320,3.164509640371858
84,2.641931921898041
10498,2.698925613582628
17982,2.860309531416104
3851,2.3118747698769924
12792,2.929354185775751
17140,2.8896074933400357
22182,3.0651781728137197
20985,2.8336647432354605
20641,2.2965713862491257
10432,2.769870405382107
21175,2.2048802299402137
3607,2.938674061922158
21488,2.436557818519934
6153,2.8790222674912362
24450,2.937045261382797
1320,2.5595873079298177
19451,2.7842356754418662
25838,2.35942048172358
19690,2.9737833584245714
12375,2.947611789833428
5380,2.2744826113492627
5817,2.6989445669734144
12033,2.8638710598179946
17597,2.7248960550915755
6115,2.7438741855210886
18811,2.002797860672081
8360,3.074248367655354
15779,2.63958049143054
13214,3.01680366005862
1143,2.6165385316195904
8486,3.032459130401768
551,2.4528980211931235
13339,3.0563545387993507
20458,2.8991287664973626
8590,2.9628662215609065
26299,2.8560261601121275
2803,2.5539880622636923
1046,2.564861964395313
149,3.141399693506176
3069,2.6946340650199003
8684,2.7992721634622106
94,3.0426049575307768
7625,2.580246911787371
16584,2.999274650171452
12890,2.7633824731232397
914,2.1229606892111095
9793,2.5844527793463112
15729,2.7642079088144254
18985,2.70700532938101
14844,2.7278999444552543
24971,2.711978434667766
1496,2.982011538387647
25746,2.792894251993477
22311,2.8897085714853046
13534,2.618001377382061
4885,2.6663515602198777
10633,2.1726680725817724
23697,2.8413176273831455
19777,2.7750215825981805
14483,3.033503818515156
7873,2.7853524606292552
24887,2.6699622960725713
13800,2.829603796328592
18106,3.1984572210864406
16845,3.1118977331004136
16420,2.432047359745219
21628,3.0005388296912354
12733,2.473483697647639
21773,2.9192689745116276
10121,2.9466240488473217
4901,2.8856660093017865
14508,2.7363779674276265
12259,2.8862430385545896
12959,3.2763602529294618
5145,2.7675726835471974
24137,2.7482087285999803
7284,2.445935491034045
5568,2.770979063683676
1967,2.8380182442134707
21001,2.7949617989699265
9376,3.1254455362780083
11097,2.875923155956774
26852,1.3957542984295375
1634,3.003274234661234
11443,2.7213553343683947
7402,3.1050473136726238
15933,2.9646786461360386
17828,2.321838546680861
9809,2.7326562667346086
16624,2.9202155244220287
3037,2.467634125413487
9671,2.7051501496195236
622,2.843552189525265
6246,2.7251206969971573
926,2.547055357662917
9690,2.4970216589163945
14538,2.96341323219612
24991,2.767873348558191
12333,2.173049213239881
21202,2.708522115010526
17571,2.7134009852825605
14979,3.0099083660353068
15347,1.7408316580099468
1332,2.900025827095793
9224,3.1344791065492617
5149,2.8136353558580844
26024,2.6470980907571646
10522,3.0594638760094113
2688,3.1261369998604622
1714,2.95521872287294
18651,2.60770027823136
14411,2.990350056765489
2059,2.8429168227448254
21532,2.851604191798446
6037,2.9835766100557177
8523,2.4142494786102673
3855,2.457866412867817
20993,2.7767103249748066
8122,2.8398479721601153
7518,2.578046205751531
17050,2.711999503330978
10907,2.9586831589561577
18215,2.4377041354557276
10080,2.861438058600286
8508,3.181892640519498
13637,2.589267668405126
7580,2.551699438628877
17734,2.290562818575542
19175,3.0885215503748715
7845,2.56275431278203
19735,2.8551480608955737
25654,2.9130285187337264
2818,2.756511188736655
13033,2.6342839226074406
950,1.8142638135662783
5362,2.1545504283259236
24330,2.712776891641138
18306,2.9196766385029265
22959,2.8511962396386537
14432,2.9362072058720834
11146,2.6311861612062417
20067,2.755335420204893
18697,3.020313711546889
6385,2.4837404411258746
13631,2.695064756535445
1639,2.921310744534232
5200,2.8480657194386954
13073,3.161930571469802
14584,3.082380979644652
6451,3.109680397892947
11142,1.999847602179571
16443,2.651407397322959
24503,2.704812346762015
20397,2.566173261385192
14898,3.1178547860476282
13804,2.8647697310350386
18469,2.130381480786716
7316,2.1081623215194214
1965,2.550027182270682
21933,3.2327776696486747
23455,2.275988973693842
23518,2.9238351819363557
22387,2.93160570479222
2025,2.930031784161275
14092,2.917708768221384
13977,2.9855600581723407
15824,2.7869860398397024
4963,2.8708055717103704
4127,2.910440214349644
10573,2.8574445406756372
25425,2.954650528018907
7681,2.616041625206542
17185,3.050049153791598
2928,2.6628572337300334
26061,2.3734608157536226
1790,2.705878178627298
6954,2.340732060620316
12639,2.4696551263988775
25416,2.537167677823642
14044,2.721919763009413
7026,2.6836423258800504
13225,2.662092297612354
6707,2.8184588910941404
21866,2.609737922934437
14612,2.7892652963293014
1593,2.6552243126663413
22860,2.8872098035862046
4383,2.994931733083422
7527,2.40282743516969
700,2.1322394696422333
22931,2.871412029569997
11506,2.3812060830444217
19535,2.846148152461021
4029,3.208129108269763
18669,2.8956441472057706
10614,2.8648168701025654
764,3.1562894247081803
15427,2.6280525820939102
15017,2.841725739508385
4342,2.5323097266951917
758,3.086494337468398
12382,2.755534282520622
6598,2.798090325046121
10923,2.7081123634472726
26991,2.920057203843905
20400,2.813495716090624
38,2.0049623086824093
3613,2.944780822953544
9647,2.215831914426777
26443,2.9343046965216524
19249,2.874337886187748
5274,3.103070850545728
24055,2.6079285055465973
7203,2.9269988535673526
2894,1.8265942485668314
5046,2.6783569406264323
26772,2.5980634179312054
4587,2.8007325881194793
14454,2.7814748504600266
12082,3.1973931206276323
12681,2.673874072013278
9245,2.6250424267600594
23622,3.1203630637880657
20793,2.360631231448829
8698,2.8949536683976125
26585,2.680261451570458
18963,3.045605467007876
7572,2.6674966962083295
6301,2.2383789443079163
12584,2.9169607109352276
2807,2.807627086370255
20529,2.431417825137166
20591,2.7425182939409116
21667,2.448906768100293
8496,2.880793204354465
20257,2.5204655452031033
11786,2.656593872089299
22989,2.4005324129593504
9178,3.004429705959498
25686,2.6202238564521463
25352,2.7566043018818833
18332,3.0097786136171627
252,3.0610988347376735
6860,2.912602895765557
5082,2.40799919515833
511,2.9297930543096458
20842,1.8876446002181977
17012,2.966628495302769
11503,3.145222647932931
17057,2.5278295098845485
3333,2.6773524645382407
24371,2.3379991063631596
22100,2.7559457710718807
8405,3.167513487677694
14344,2.0399405418915437
23421,2.862023527315452
9060,2.6258744912323335
750,2.289875766479885
13459,2.996061437206921
15974,2.9565247654116864
2348,2.651296955966837
6074,2.667465906674225
15290,2.632379549664289
8934,2.5508165980859325
26111,2.3777634624689656
19732,1.8730652974920645
10842,3.000062143866868
21236,2.8648110597718413
16759,2.633309666805617
16550,2.7296192545861064
6940,2.589265676164546
22627,2.8232341467293
12216,2.9232166414835064
1465,2.8660628053742983
12326,2.802620533678901
25197,2.722337616178423
25635,2.739635144620605
2390,2.9056981114751737
25672,2.891686006746475
14802,2.7606968791017823
20647,2.8624083022212377
12268,2.937393264616183
8573,2.7558699367555812
23686,2.717571348804332
5297,2.712260534025934
13991,2.3366282388548245
17997,2.812680410478363
14058,2.6547359355710705
19587,3.093813470828422
662,2.8134352869374046
16345,1.2404371922020645
6817,2.771462363087548
22818,2.245920835671898
3467,2.359138393256369
24093,2.3778865990996603
527,2.10192081319616
11165,2.844997340910427
13270,2.667472273638468
5468,2.661036990147958
9176,2.92703954584636
8631,2.2356237561782017
8794,2.9013057794472807
3781,3.0380965131871975
12189,2.5078041775265136
429,2.7474212023109
13740,2.5805365519632883
7680,2.783878530640642
12060,2.570103048277179
23337,2.8121001565052697
11522,2.742487851036011
4881,2.456152101243861
20490,3.1352648954306184
5143,3.0321415233776947
21978,2.7404472870019823
16952,3.2264760563259145
1226,2.6492419780430687
25853,2.830160725034228
12321,3.1265803385961113
14353,2.8391938394412377
9413,2.7993266869416296
11253,2.707661131716053
903,2.6018093855584468
7588,2.902998519509771
8323,2.7673217626565276
19970,2.6173404813531596
2493,2.6647805124927766
85,3.116044944829781
25137,2.5791820248096
2991,2.835663815892235
18842,2.607542564260235
2258,3.0303703422631485
24552,1.4717614112155755
3079,2.4734324831710497
14070,3.035206961241448
6389,2.6791372273534577
15548,2.4320455552943203
9652,3.130514276129072
3016,2.564482936355857
18659,2.6936522127013074
23658,2.878452075429283
21211,3.063476041426553
14724,2.9262076826827035
4988,2.9280501619949013
1653,2.598243247016559
4362,2.6432910742312656
1532,3.0278944798449143
12157,2.8365627104348587
9449,2.775070960450335
22697,2.6316528432154134
21269,2.362611896154524
9398,3.051365125731415
343,2.9746465845822856
8462,2.7598462977397684
20242,2.9769209208341993
8191,2.969818751435011
9678,2.687981404412147
12505,2.841944801578188
17884,3.0203464918701086
1982,2.457175595757804
17271,2.607660847191214
22755,3.212691554768728
3685,2.8162047290919605
8359,2.2547164864638467
18920,2.9494794767810912
12263,2.8578430064619917
11202,2.128815585065636
23342,1.7427816237975426
6926,2.7564084095869763
26556,2.9240992210220083
15809,3.0553697783961393
26355,2.3594651430874314
12754,2.7572101283945942
753,2.9173690708203033
19113,3.0968122762847416
9610,3.008241799401109
8644,2.4801845669882336
10446,2.805627462097561
4063,2.9657790901911945
7983,2.6592242091694196
19021,2.807303304290429
16022,2.6846129889879258
26500,2.8220476657088907
11628,2.356981757672375
15170,2.729487682814186
13387,1.7447960359086117
4244,2.8607405735560216
23303,3.0432742062008393
2438,2.356408251990236
11677,2.9892633319242017
2069,2.6129064498366836
17466,2.5710989592080473
5224,2.6674517458822935
16144,2.740523362883362
10544,3.031198003460905
9270,2.1527538255568692
2175,2.900420103615339
8816,2.689047644795397
5083,2.641067174962166
23527,2.6395491338501227
4105,2.8683843891716747
11843,2.8182219427021615
3550,3.0160153894270647
4353,2.7668325562713383
21142,3.017985785867453
11450,2.973594037599284
12406,3.036297180735689
13904,2.7667179912605917
17779,2.8621852489670525
6402,3.08731963754469
1354,2.75677942242645
14095,2.5089210188344286
7457,3.006773202621481
17686,2.7397980680749985
7744,1.453648144281408
16130,2.5500290381638973
22914,2.596779225288665
18883,3.1016284531938316
1099,2.593389537584234
15606,2.506373077652035
10117,2.836136138838462
14602,2.4826080744672874
17656,2.2086798764686684
8626,2.157592469069828
1083,1.5067622173692388
3604,2.7013696458480365
16632,2.9846765600053162
12465,2.538869666257372
21015,2.872473119104954
991,2.923231308949663
16591,2.7125690514194085
1887,2.4039527406261714
19998,2.4620733213549317
21784,2.9115184921036383
15939,2.9646229678430935
6443,2.7133776953658777
12065,1.972803872690128
16000,2.7160288486885915
17093,2.7583322053943626
12518,2.916020330533507
17684,2.910215111718226
19239,2.705128851479591
9097,2.8374705371822473
24565,2.786976504579286
24117,1.9089490503002065
5489,2.9868320832178212
11377,2.687538978991118
17045,2.7055564594689505
8138,2.362463075181621
20184,2.57821798636049
10908,2.776745982278918
23248,2.8873259271888982
24903,2.7261393578512623
22540,2.71803921006291
8709,2.7968440119653657
7575,2.7891277331132285
4051,2.6737483274966056
5007,2.6365966696937697
3139,2.8763580661781236
24138,2.8459242163629463
7789,2.7277414696661455
18573,1.3922396151389314
11462,2.845352609325831
22733,3.033942180519222
4750,2.88804353949524
813,2.839424775590316
19292,2.007631891817437
7883,2.84872415694424
21577,2.7158128524690373
8432,2.339472620226552
21197,2.777913311349792
20897,2.550072422159138
21286,2.4423604406111736
11233,2.6835634738667533
13943,2.906593234660483
4468,2.9012984291787873
3107,2.6331104589316467
7925,2.670003970380401
2006,2.667944288479298
12255,2.923875595280523
15380,2.6121502385760933
19070,2.3018470195711527
12914,3.1572928874915416
8171,3.076183397335965
20359,2.8562280750420803
5964,2.5570858987371285
23578,1.6037289045128973
24113,2.8979299067382334
19165,2.732674368772205
11838,2.253451289732973
4385,2.883996478832621
22719,3.0183618042821214
6670,2.8603940937929457
22640,2.80551610214152
24738,3.1036087056138766
24987,2.802337067594756
24561,2.7662554803816004
19609,2.613316259959092
21920,2.68978593809239
19335,2.8557419239495156
8694,2.765195447127747
25195,2.533153164232455
24544,2.741150899617478
5272,3.064500640889697
19104,3.230142083224505
24456,2.8903510237567387
2574,2.3591015281845684
6500,2.525949591732579
21280,2.892755348558344
10005,2.9516530314706513
5861,2.9734264290484176
15866,2.774745605241397
23334,2.664394070297274
11860,2.7728599369523126
14335,3.243235709150889
19509,3.0705742413322406
17894,3.106617180236872
4,2.8542450875959977
15912,2.5630914781462466
21620,3.0547120128093974
10915,2.6213180761708093
13728,2.7406885830750434
1865,2.906458829529196
4089,2.306682402269798
23515,2.7152818657869187
9711,2.611849685154615
15054,2.8013214320295394
22661,2.7746321171039914
1568,2.3740017847163797
18282,2.8496665120106006
11845,3.1129134794341917
24349,2.7305415919473264
15744,1.961409071088552
22102,2.9622285118097857
14934,3.1184719060159414
25840,2.834980575684841
14564,3.1142149528530925
21292,3.0452232201171627
9080,3.114777549319835
1064,2.651216481064574
24869,3.0449352754650456
26850,2.959150885788603
15403,2.998214422614225
5308,2.6855254371605395
17752,2.800673115064231
7333,2.393055157494646
6106,1.756367363749514
9963,2.848784737750467
332,2.952886867118749
3989,3.1690496607107392
16435,2.515467664757387
13693,2.917837829145618
3692,2.766028472735761
6866,2.749561159450082
7462,3.0918760671031245
25822,2.5726946275496334
13433,2.8109482224635234
15626,2.568927596615105
18000,3.024312580535999
7814,2.2031448125187896
26764,2.839154169151563
19189,2.747739948655286
13295,2.6872700611966
6734,2.5389551811023914
11863,2.849652696629045
22791,2.674944562732475
23815,2.8160081823840866
26455,2.8119736834615243
10491,3.079066277412903
21902,2.217821464097626
4467,2.061846254244311
14096,2.689590360683657
19578,2.8906236683945994
9430,2.639712925597513
5169,3.084467202209501
7726,2.756630887761029
22214,2.0366389791191755
7945,2.1024895967030854
5631,2.395997453023556
8732,2.6814455517019757
26067,2.7547203969270813
7414,2.7512906709069784
8678,2.922118631613092
8056,2.4373001579964266
14438,2.8650855247549103
1683,2.5589078098083875
26659,2.576072711046415
9361,3.1056267686132863
22702,2.853787847572741
12657,3.0049450360357377
578,2.900864075995709
1110,2.988701499756635
18418,2.858743208902107
18393,2.7561348321551105
18281,2.974448711049326
24161,2.1880832221396016
20415,2.9609687148449932
13079,2.8318467140924044
5723,2.8794337600042237
13115,2.7869434156788486
13048,2.5307542242871213
10022,2.8714662145041023
7250,3.173363474401688
676,2.546442981019598
7538,2.854361893216059
26758,2.677793448843549
14578,2.862307779483449
782,2.396263381684692
12957,2.7982944198009134
14360,2.994981872369563
9988,2.0633739209199207
21758,3.0580167759852217
25318,2.8691629050237646
10425,2.9450425612643083
13023,2.971091692012989
17068,2.8373673766841283
183,1.7918416202296517
9511,2.589499897392283
3166,2.7187245024887092
4061,3.1443201815706523
2297,2.847810409866719
17179,2.5039882617894573
26779,2.2712646732574564
18127,2.701431829063711
2836,2.896374131604311
18570,2.7877597650005352
12579,2.8381054929101044
24890,2.7791977456193835
19905,2.477433346730908
1955,2.698435676239844
2355,2.6092521010884133
20718,2.8201928580202176
17756,3.0320104511363657
12643,2.674363730198308
7289,3.037724985201653
25089,3.002056325815096
7120,2.6412473826548597
4562,2.5251748728502563
533,2.936731088978132
21617,2.5664358042843096
23677,2.5098069858080394
8661,2.3479440740890665
25544,2.612503009585333
4635,2.784217649509746
2742,3.0994700313946546
6141,2.2416873914472193
3761,2.411992015202536
16020,2.507786242995881
26810,3.0727715063179892
4734,2.9555478296354467
13038,3.111847522669286
7443,2.57506121399202
9458,2.447652972904422
20189,2.8980627996908694
24847,2.745222787658948
13182,3.0578641705538083
23707,2.8567659543144135
12353,2.785291614728537
8045,2.8226260804487837
18210,2.630306642413362
25651,2.7156639266857097
5760,3.001318719539883
17293,2.6604349678576886
8522,2.389352707966902
3992,2.700192638244362
11940,2.590494723664946
20489,2.7662019477005613
17366,2.612491439275515
26961,2.91076758477581
23540,2.2698108077665315
1566,2.7326056477359475
21220,2.652406313768565
20921,2.3835228988545545
9102,2.8654051456571077
1145,2.896970252152494
4514,2.8555358398454413
25046,2.9058482250596147
13638,2.9523427338391985
10250,3.110883980176519
15461,2.3637264494900077
15130,2.7068501634931206
20697,2.924788181378525
10838,3.023372775056489
1544,2.6487704982132114
18406,2.8627738934219895
17956,2.933070450979012
23096,2.768203143791107
4511,2.793861694693716
5667,2.4399571003774434
3177,2.688859048484799
10991,2.829018217782148
22493,2.6881196326938834
1281,3.010210678371713
22495,2.7909618477288776
8284,2.6115785130878435
6175,2.71066207740932
21348,2.74139499394833
2471,2.6463504489731906
11458,2.963329951651678
10294,3.214123003440295
5587,2.5892660375510914
9660,3.173501294915471
4466,2.5998599466505823
10466,3.0221237749325383
6373,2.107795216192451
22068,2.981693622100177
12825,2.9888617774509525
26610,2.8696359686200426
14548,2.814158380886748
6320,2.6805610485131006
659,3.110587828613111
16810,3.0008670209575454
12981,2.5156739393119487
25346,2.584682384241885
10909,2.404862335216248
3599,2.8357409811273926
5902,2.7242662994926503
18502,2.8674247786505203
25440,2.909550853352469
17763,1.9543853045721917
4294,2.818647784540334
11963,3.0435524238767893
13857,1.1367684307385972
17911,2.603818651730387
14836,2.7744521611464
18862,2.856489270951504
20351,1.662268918471
25496,2.8963373295396604
4039,2.9542680704902025
17468,2.65296960602186
26804,2.973587840305724
10678,3.0195063948351777
3914,2.951219117386546
25391,2.8070919730128394
13559,2.327273736519036
14528,2.562136177107056
21914,2.794525138300225
14573,1.8261729068843413
2344,2.113766487534903
3076,3.0523922353606627
24044,2.9849781505286592
5605,2.459093109851374
10499,2.5851548854050748
14524,2.60998086094566
6323,2.7479356084774142
15131,2.520480783620583
24015,2.6890542414399654
14418,2.1941368527257987
7895,3.1153668911255648
23364,2.902799041185278
25652,1.9130446309627327
21156,2.458384815978777
9041,2.952868788734248
15004,2.7206868372918613
7528,2.9038760136616397
7200,2.790315833314316
20404,2.4174465304226067
18464,2.731902540144567
22285,2.7664669124300287
10162,2.760037391045064
25612,2.704493391523131
19752,2.488801047014212
157,2.1723336275425877
4076,2.6286266879331133
8380,2.7538622988111934
3577,2.5864449296947347
22782,2.8500323993824206
13173,2.8757715427909116
6209,2.339305552732148
5856,2.8531626173955575
16649,2.562341567880283
12756,2.7534107527101312
18797,2.7597040285189265
21167,2.176453521348698
6114,3.0254320334711746
23902,2.8069530196000683
8143,2.848266557789833
26741,2.969237182922555
22153,2.6739876538078513
4066,2.718720047625329
19987,2.331834199370372
9859,2.9439905318282387
3013,3.105880569600063
24387,3.100182495821621
18149,2.9759280325323747
12341,2.6659368674329493
18027,3.0344690403229806
14503,2.9119795725712154
2569,2.9847615135348007
24362,2.673384216051836
15818,2.9730159053077743
5630,3.1015848651401416
12023,2.5486090776907293
12969,3.0874709878670132
18403,2.729829299664649
17531,2.752723324422571
7245,2.821744958687719
16334,2.652948798746241
20183,3.0214339563847523
15286,2.7596698165727456
24998,2.865504980872922
7881,2.784746051928069
17372,2.8093124532360165
12188,2.6820333724513947
20821,1.670887060732703
7696,2.732900053792303
10551,2.887152266594979
8865,2.6597210781638347
13916,2.8833771945749813
18859,2.767164326101691
15460,2.875172970844916
25812,2.1072636016748807
26206,2.85780642184861
2820,1.9536666698892995
5834,2.626818753189044
14582,2.706690591729316
20446,2.639709780716449
2791,3.1739028436400796
388,2.8635208749608285
14216,2.887654515563614
12604,2.8357684716198484
26927,2.990267143844029
21530,2.922539739237319
16739,2.6949854339583443
1326,2.8847686630343436
6897,3.0307443606882494
12680,2.7498061930278577
17166,2.8736810016315593
5894,2.075070251229478
24804,2.3278511690062857
15528,2.8683107734350957
17840,2.9779731559462705
9437,2.7272547316907434
21173,2.8754640860114753
1650,2.999851888368481
10873,2.808887818455419
17204,2.6672567445387667
5248,3.0231496973708207
12594,3.0945694895427405
14929,2.9915795351405414
435,3.0910068358657568
12179,2.76766583283345
19930,3.242453142390488
7430,2.993151268622087
9966,2.464702312873505
6541,2.8816722838134927
20881,2.9438132334438567
6641,2.4306193256800803
24526,2.160304003081662
2562,2.7668954147451386
11668,3.10621371878441
23127,3.082068965835051
24151,1.7727159499583574
23228,2.996250410515703
12074,2.0596318309551647
21516,2.987937616131224
17112,2.6537111036826877
23016,2.2986844966809676
12437,2.1021314738181944
25655,2.5094550424067346
7321,2.5535848472675116
15028,2.8671594425049745
13469,3.010899110168619
8723,2.8454617860913585
23865,3.0960335922763935
15603,2.5441989855256413
24039,2.7212332039821283
6113,2.7629948964910778
24458,2.837120604406097
19395,2.824779011314941
8383,2.931437258189753
18251,3.2944619700255298
19269,2.8843310072927126
22690,2.0276199142296623
17547,2.9588481206921906
16718,2.7833429907493907
25875,2.1963167261675074
5028,2.8073234871898554
6818,2.909039961045552
16161,2.488444781045565
23633,2.938175796968164
16877,3.020489585806916
16461,2.9608904115248413
16477,2.3139280035066063
14459,2.8264985135070018
23124,2.5166939956373784
19297,2.7204898311840418
5541,2.225455197318512
9835,3.0797726936291747
19990,2.929964707195041
18759,2.5192582073280994
23373,3.0693997554588313
21549,2.808782493152348
19398,2.62257401339258
26004,2.431088369900034
11401,2.7407420076025306
25234,2.9593233598941096
7327,2.6065362680291666
20468,2.7601459188592927
2996,2.817480737054611
24457,2.2073757932841676
22715,2.542124192545993
26873,1.2115313298162518
7981,2.589887193897552
5734,2.7889920039751677
26490,2.7459083689001953
8509,3.005513321284265
11385,3.0043513680530958
22539,2.74898846324747
24666,3.1177745553824194
15648,3.3633520755198476
17321,3.006800450696141
23329,2.5936983749846756
14841,2.6458483679360234
1352,2.7897850864054394
3902,2.9619609278001886
26437,2.302380996070657
7061,2.9672283748162434
9236,2.9935341564519757
1096,2.961919878738387
5805,3.1512691151961274
18967,1.7562580940367858
19946,2.563864366345756
13980,2.938196938088718
16572,2.4631151560337523
4554,2.835732236139562
11272,1.920399371667782
7810,2.9397727128878173
6556,2.7969668354832633
20982,2.4751490756608674
14833,2.647564297419077
25886,2.6718182571572258
10665,2.7420201392839787
3371,2.9002756299992125
20992,2.7929601775445976
4367,2.405769692097843
11872,2.6772230298660404
4238,2.520198273877041
9998,2.537654423641832
26195,2.7868963263147433
6831,2.939715196023937
7517,3.0577959686468295
25395,2.805246944805322
11467,2.6351489865922275
18035,2.7743667112951558
19069,2.6233797352698094
26969,3.010996450572241
10479,2.704315023800261
21006,2.7545130261012716
18250,2.6984562854567455
15880,3.0306713127318154
5761,2.855101442235818
23948,2.5409474589179206
11640,2.6824051212498463
548,1.7100810817385093
22441,2.537085565381889
20263,2.1130203442638553
25386,2.87965212009157
20342,2.935081181470851
9319,2.753097133970453
3944,2.221690501421623
15296,2.721840651689539
4308,2.777421708808569
25727,2.1264901292076237
11693,2.6501507262574044
21896,2.605809622671215
5869,2.886913201576741
24605,2.796169781786366
23076,2.6150603890542206
26670,2.572036060430938
17311,2.592266969300868
16833,2.9645206241232644
448,2.6288682395998437
22485,2.7619206776172835
11209,1.156420254333639
25052,2.756680726959639
25144,2.030452375115486
25009,2.9635204250179727
13385,2.5725394411591584
9364,2.9522012083719655
7535,2.9912172610550813
23340,2.844074658893254
7365,2.9928905786197757
12135,2.3707789187113253
1127,2.6798010297682544
23081,2.8486798573519216
4407,2.2353213993150227
1799,2.7719466900559637
14103,2.608286447432894
10089,2.6612317427640986
20352,3.232327167462402
2387,3.143234801493474
3034,2.6847359666273936
14261,1.6942273624934117
5648,2.912275885511502
17753,2.8082310342896433
23699,2.4587817388312248
6066,3.1190459350566244
3512,2.5965658293061225
7000,2.8783015383036923
11633,2.681091125787812
19574,3.0533156527699252
20533,2.8266584401491652
22146,2.8701047358822156
7816,2.278561157976523
20038,2.6552309924334563
8131,2.9225963516401103
5758,2.93822820298527
4288,2.792869224228438
6695,2.9989025500570627
26590,2.83459332707497
22749,2.9762789905159606
24577,2.7016769862166106
23971,2.482466449662406
18653,2.6860060897317
7802,2.4268092489911144
18964,2.811519532797722
3260,2.634832685932458
19027,2.562388019245888
19620,2.7132969879265154
24101,3.0526550634715974
8273,2.2573732284889823
21597,2.4606633551381267
23434,2.6357288295598695
15868,2.8843064376910363
2840,2.784384989934447
21823,1.443399167373737
2615,2.741837494287333
8369,2.9861444351097193
10609,3.04774261894456
8421,2.827613570108435
3560,2.707294284361095
25993,2.1893413713668908
13040,2.444043764714469
4081,2.866586724794013
1511,2.9801908982825798
14183,2.7422065028148217
5858,3.109563750076759
5281,3.2211299085619673
18707,2.436199666626353
14644,2.7788237458059415
7215,2.7403731081345035
15325,2.836039455461771
25689,2.7807376883417154
16831,2.9180823829065354
14189,2.745085301142147
473,2.7205612862440987
14891,3.0831579860492817
7021,2.687693544028484
1846,2.839951451333353
19765,2.7941840086762744
15760,3.415781935990336
15889,2.791723962635931
9015,2.238941570207821
8948,3.047596968344112
26889,2.135147911440777
21837,2.751878772323084
24695,2.517558709241796
13911,1.8095580922302754
11610,2.9785358269598916
5825,2.9424929308763406
1897,3.0160686953984737
1851,2.815743648222146
7157,2.955786536951084
23278,2.6724146394025814
1681,2.6878373247251353
1452,2.9916405086533873
20244,2.865227503499684
8967,3.0441792368501828
10301,2.537505466376733
16757,2.9359858999382364
11728,2.3940321694820894
14822,3.1747887393796157
23932,2.313023102458779
18436,3.208959140645902
12324,3.011931383231015
11148,2.3199720889678477
16631,2.7526440320809007
13185,3.1438907111924377
9669,2.218652861983835
25799,2.68531249207211
13169,2.84008908057224
299,2.7451563312108855
1107,1.7099962255354701
850,2.9464490468040205
12032,2.770843751451952
16143,2.9041736467465626
19960,2.9417879726515723
2246,2.927716369887504
18303,2.6840216492511706
11223,3.1425709942792976
9800,3.112533788150293
6383,2.8012416055561395
6086,2.5020713879016303
4118,2.650927743387352
12348,2.9230562052667377
8,2.7261131341004248
18507,2.791070811711573
5367,3.117906965738241
21291,2.918816636830267
25980,2.799124898958286
4040,2.886484853559846
716,3.1547730063061574
7791,2.9601338027225728
22310,3.0195559319194474
18482,2.5886548813414887
21679,2.639766694135712
19358,2.787414735290242
19831,3.051279437115304
25142,2.7816282370297705
16177,2.8374174677010022
5101,2.384777652180092
21178,2.730569515293467
3097,2.774876496541186
6167,3.0654234827951106
15496,3.0719359970806854
14795,2.5888751918270283
18795,2.8093648946100465
9572,3.0407122751409776
26722,2.4611915955847805
774,2.5310275885403657
16224,2.0995814648961835
16151,3.0748895854454
3657,2.8604767068990853
11898,2.723511224342237
9382,2.7943299956948078
21214,1.9791764770724574
20334,2.5429872002725524
19338,2.806350494960453
22315,2.296956524419647
24111,2.7630182293651946
21440,2.878407709498552
23484,2.775956827737819
8981,2.7921600897663
17122,2.7361627191323987
5973,2.641585813165856
12471,2.9189643857810057
16707,2.7267351822745156
21460,2.8621380921066386
5632,2.602279854191461
16496,2.9439384630023677
19413,2.734407951176273
19562,2.893896867917085
11432,2.8597395967275756
17934,2.326190103883497
5786,2.745588619057303
20711,2.9534280525104517
8296,2.919820006515625
11512,3.006942028981827
5467,1.6207978937206478
12339,2.262218559998028
26318,3.0460899103127574
19754,2.87509692602306
16098,2.6906536954420743
3087,3.050580482694349
15249,2.5709614919940895
18558,2.9468441419787026
2478,2.58206106735236
14181,2.711744206210768
5431,2.9235670238619687
10815,2.944145548526779
10101,2.7170427672090876
19433,2.479450181328126
23210,2.181427233218835
14354,2.840385805435489
18576,2.1896408552786153
23743,2.7160307440670004
25783,2.699720956950464
12843,2.5131408078377286
8455,2.6397722443641123
10317,2.766605407038833
15778,2.8791349246323796
5538,2.7647375478273677
831,2.9117930971134753
17786,2.8597598426181556
13139,2.9179494310132044
25890,2.846235032212981
15828,2.5954754482043505
6180,2.8250827527281097
26767,2.597832755361497
1928,2.8701949318641815
1370,2.8822456084840717
3090,2.8011964903253053
26368,2.871209411670173
7990,2.8584580511612914
17769,2.260161988844301
26732,2.7387685645259894
13783,2.6495897222277187
21750,2.6843388096813947
25328,3.047331128219664
9566,2.6563377792772007
1916,3.1417181759943746
26255,2.0575264959346264
12217,2.644355380908336
21741,2.7211592493572985
13533,2.209155349913313
14546,2.667216519560596
13152,3.0041598411515364
8689,2.9187646819460586
14477,3.079470963662066
11079,2.996987063449438
3619,2.686496979067544
7425,2.7000629126846323
5987,2.2450267444356964
12019,2.6956646371405144
18433,3.043480256654031
11995,3.0896085017155146
8917,2.9644385135534552
23170,2.563200805548006
7180,2.993533306749691
1976,2.6551343383400487
9634,0.9905079586634148
12845,2.754850964959357
2309,2.5665633073961263
3549,2.8226479852429924
1766,2.348568979397488
7150,2.1335528598522955
18451,2.8498366108079276
4962,2.831481123615503
24329,3.05410645572625
9680,2.9202980835226517
4907,2.6051711765944074
14425,2.421012486276921
16812,2.8909534698508863
5164,2.9666760447262135
18788,2.876126740903112
15486,2.909882577715052
14035,2.5306110928471903
26785,3.078843450652021
17991,2.7230165100678922
11424,2.5220543558494626
4638,2.848655401054795
18608,2.7570282108533757
9451,2.325093557174447
8237,2.8897453790416883
18009,2.84047332210492
1655,2.9056487117386025
2861,2.7550730271803396
18396,2.124607773012177
10375,2.509145339228951
8801,2.9285137207007006
14808,2.625536406816351
3322,2.536318237671431
9357,2.8161881590326794
20250,2.633776170788516
9665,2.4399426163729334
22250,2.6943917434178464
5903,2.7054927868128926
3861,2.7747227664799867
8063,2.551508215512968
4812,3.0008758589479747
2126,2.8465668203886083
19171,2.373891160536959
17863,2.909623153262725
23059,2.999698305415519
15104,2.8487475163102567
2088,3.0545711798836344
10668,2.9944530655431865
981,3.102571875232916
12430,2.862094101679428
6558,2.7940237375903183
14711,2.5588106751972024
15619,2.9140593845282896
5267,3.1411558341945924
12758,2.924900812632781
9438,3.157413731323615
800,2.8178826203839984
10266,3.1976136059599445
15094,2.895696659517695
13974,2.977459931457277
17404,2.50516222668709
13227,2.6407087305945898
19080,2.2286952569064935
3290,2.9553183238192404
26480,2.8213994548354693
25537,2.8138230657024725
13132,3.063767001652327
12519,2.729131400139657
11062,2.6950215994135975
1516,2.7394884928937313
8530,2.6734403784953273
1781,2.2405837800812756
2070,2.2644590429616014
17742,2.665077096198927
23424,2.9166693000042305
13987,2.164500029768579
17853,2.80944602915114
2432,2.8081317683896243
6856,2.9701775903648264
12908,1.9922837961458661
22975,2.648502120133117
15002,2.456797339535975
19236,2.678828206638185
11579,1.6177997778374573
10660,2.820053566981844
18941,2.1941681878902473
6584,3.172956379215708
3217,2.9543844324509667
7666,2.90670236241358
17670,2.7984458233035165
26178,2.400168139039312
7188,2.693615893645647
12005,2.785790251411724
21475,2.806764522535702
796,2.4892430623261
21934,2.596368863279357
23830,3.0770773759306254
12412,2.0199785286198852
19961,2.984597320240317
12687,2.257286574241951
11301,2.676550086814886
21582,2.800924903434642
7770,3.2302649603729163
15658,2.8550615923627567
5309,2.4074304887263995
9314,2.6812668751674673
25428,2.384405807366954
3101,1.9583991257696185
25816,2.249680053178094
8276,2.3539532025262933
17927,2.95693975741426
11459,2.799078209427737
6693,2.3617342076203753
26,2.674948094545847
16236,2.8407173942529655
6030,2.9269275794238023
11047,2.9385507163064797
3099,2.7556809639285436
25732,2.701343871895107
10924,3.0697042448675087
18517,2.5390046809370754
19347,2.8466763071756622
12507,2.88932098777533
6071,3.1465771183375106
5700,2.3670741027376874
19007,2.9718083145809002
25049,2.8229414065798566
20339,3.058546636564313
12272,2.259032271671862
7596,2.7276908657305023
25203,2.6870646414451937
19791,2.778445601567876
16338,2.7240570926776666
20255,2.9125555821121303
5118,2.4957431388467257
2231,2.955225399557448
24659,2.92615180983338
12374,2.661980018944237
1590,2.6528299383163843
18468,2.79227527293547
12008,2.648272132741945
22416,3.146292206990488
6472,2.7701529817818753
13437,2.7277737444926604
21514,2.82258754477578
14735,2.5754966238270645
1592,2.8917465999796566
8637,2.556870376570367
1082,2.8055084519690663
4374,2.8512262814440614
3221,2.682682420775245
7852,2.9212866760040725
19616,2.0827027168443526
16384,2.829322769500294
3546,2.6196194480280086
16442,3.0246474897089297
10596,2.653560698505678
23035,1.5369010143030741
6867,2.8054925577525953
6512,2.523038716543475
14657,2.0046185359252076
24840,2.7386453844974623
2713,2.8418232483373402
16618,2.539909091751884
16325,2.8665038636193705
18849,2.4418391166496933
11143,2.983486340571162
23894,3.1120555066891806
15481,2.674250111216802
1904,2.6775097179106915
5725,3.153144048514992
8260,2.859720011583964
20211,2.837404026984895
22678,2.627614646866874
434,2.934170858019893
16962,2.62340081506995
15107,1.7431346344175265
4856,3.3117045760927035
24427,3.0276400563280386
26438,2.4339442531852087
8986,2.6556660343659764
2834,2.6815595601799815
2203,3.3379685147992957
3445,2.7872683718552764
12848,2.622741871438295
25242,2.6427687016490546
6962,2.980393742355159
8701,2.5830258217307622
7506,2.6859535793947953
4280,2.7490135600911367
3767,2.7210593946917356
24140,2.8206752759643985
26439,3.013729099644649
21895,2.690089318787217
8753,1.8881171095793654
12849,2.717323368912828
15336,2.7746265728489448
13736,2.454817687446157
11103,3.0700468510429437
18709,2.9537149315560423
743,3.0707923489972253
9326,2.2562576023503813
21720,3.017775812323048
5378,2.8880752523240525
15097,2.9621100406538026
10407,3.093492830572967
3238,2.82945808130112
7240,2.7002580972269343
21806,3.1360109474271507
932,2.4540235981710277
8382,2.905839249978187
10888,3.149999551971002
19150,2.920351795007638
21061,3.0010846973474297
3484,2.1301938573744224
21574,3.109462865672802
9709,2.343285901013098
25506,2.561564448227155
15411,3.0095060057955982
1368,2.9513040016375642
7590,3.1033638124993352
4204,2.9309829634665894
12210,2.546069822119857
1547,2.731224878254188
15018,2.8658709113650858
19083,1.7029692331968838
23908,2.872720643538666
12200,2.7282362199052526
10712,3.0416331946448745
13049,2.789286105319142
21343,2.4890932819400926
10010,3.149000407772139
20045,2.959024256943537
16430,2.8451164463601453
7479,1.7117778489675737
8545,2.701029410684975
1285,2.850407816167655
21769,2.5982269643557427
9274,2.84825897914585
26925,2.9426969153899476
8825,2.6504962734900586
1935,2.5912861992841076
25159,2.5492644512955978
4899,3.0370835730490806
20243,2.7249125766466764
10662,3.1512390751706816
3991,0.9445241674411251
3447,2.5833443409611676
13905,2.8173707611106074
1185,2.7410639488574664
24125,2.5985573394785892
8970,2.9282559480415884
3021,2.7593955515905866
9368,2.460144354138619
13246,2.457045121611737
26671,2.9906935793156153
9955,3.0440468105472394
6211,2.56383337814645
16887,2.6992481117834615
18979,2.7853984284126247
4595,2.7978878409570775
23192,2.557622578756741
12084,2.736942627683336
19306,2.9537989364223196
16592,3.0375240837632598
21078,2.885482159216559
12194,2.7104856342160804
22027,2.4740391473128582
10330,2.9717882679518897
9123,2.9819094941400053
18528,2.211226081921264
5142,3.006863663858928
4993,2.6955115038522615
3811,2.584246563036812
2291,2.8944476884920154
1216,2.901036214776163
14695,3.032808177845359
3603,3.0128073061048184
25110,2.6655915421407417
14909,2.288629929411151
22093,2.73371664883569
10705,3.1799931750618935
21867,2.8515295167541512
18229,2.9563462052535137
1659,2.8181030989679248
10262,2.692759473309141
21196,2.783815410129554
842,2.8690161645333427
2977,2.979220471800923
7408,2.8961022809765176
12218,2.7650994107909184
12274,2.8540765703867783
19042,2.456119168169826
2091,2.8406253230204106
16196,2.969739192058206
6367,2.7790362841302234
3063,3.243414669726179
25041,2.222621529513862
9191,2.6980622387060897
791,2.6999265707116145
11000,2.4063028368395267
26953,2.777548685121598
2633,2.995636459038779
3297,2.9329680432933456
7155,3.1034094958468557
21533,2.9773326605669097
21613,2.7526201224980484
13573,2.5593180784301546
5521,3.2378355513020796
6004,2.8172848473182754
12667,2.7317882349611837
4100,2.9014953584224847
7926,2.745384742804041
18853,2.8437984273611017
23394,2.6994967299786756
11092,2.196916768827892
24299,2.944277161572674
18757,3.1391463892847375
14,2.429658681707659
4778,2.2508913939770276
2792,3.0870200045271528
21505,2.0982516146070966
11119,3.0825888431817274
17776,2.8401338497983937
13206,2.80141628154507
5922,2.6060595913125426
17661,2.610466685156125
16078,2.5709382006174173
9881,2.9806536791570366
8067,2.5880038198923283
20474,2.1608334414578354
23153,2.6569729464795064
24838,3.03885118397585
98,2.706217922465183
2606,2.4959513869014462
11050,2.8918299834884116
16487,2.8433885968698585
19364,2.800426974674047
20282,1.061674667636367
7038,3.0996542196812005
22635,2.750775163482343
5,2.887395466242695
17148,2.754796868357617
22060,2.8306042274503183
5012,2.620853161931341
22930,2.46075981576464
17775,2.400560194048308
5413,2.5417377134607153
8803,2.7009328349915642
461,2.710517641674273
16245,2.747684340933792
440,3.067084882805802
14530,1.741212746901813
20346,2.9968785024764015
26684,2.5275146849221857
18325,2.9023930364467727
11554,2.897154284247563
12958,3.008050841551977
1938,2.822226906733161
19217,1.5188667433179768
9117,2.7071165720666825
17647,3.0682183601538813
4870,2.513081475886831
12701,2.8736098431160464
25794,2.84813405676319
12069,2.6471085778772343
7975,2.9250308432059913
12559,2.708600783638674
19667,2.5254271780450486
23744,2.6934187530947074
11076,2.3071766502495823
22923,2.413001269077099
7704,2.9688089506932096
20785,3.058742321923111
25334,2.4428161121407785
14598,2.2135298109136157
5069,2.5537810180914433
21747,2.8014751175959547
7222,2.7616315911073954
15421,2.8195595458332727
23591,2.6383032063706806
879,3.0752349025431496
16355,2.798484068605356
19983,2.121679106948185
21684,2.6272872070779076
5465,2.7768079981499754
7511,2.6564851195131602
24992,2.7575873344292297
7664,2.928715978413124
23450,2.9512711126983135
568,2.91882071624735
22717,2.668240995294527
23181,2.9683607818027524
20834,3.0521840046304747
15391,2.9053660118152993
9501,2.4504348864166956
16583,2.8568078132994628
10835,3.1214139850133744
7181,2.6709696102294207
24380,2.772854496110712
8046,2.7447087558600107
15122,2.850754694520477
25664,2.949559012264361
2333,2.4758626810771673
26548,1.2029177039904184
26251,1.8341005985044556
9081,2.1968232358633553
25710,3.0444184289272873
2525,2.9519964229865585
9876,3.0816527193264402
19764,2.8269672378734376
17408,2.8437734813988005
18044,2.909803596888967
6489,2.8332320747063697
20345,2.7850977494955984
4454,2.952409405011831
12956,2.641425818519258
26191,2.8152251769626915
19519,2.9997873543469242
19379,2.8418073301228057
15469,2.723992470324086
6733,2.835265372159223
16933,2.48190822403744
18109,3.1999151981524783
3892,2.8432267942718363
2613,2.6375313986404323
17834,3.228598499333965
9238,2.9402671584330893
6176,2.946856831792854
11518,2.9477172514804564
24585,3.0741919704821
23813,2.884886241899446
9953,2.776391576065145
6935,2.9447272162542166
12138,2.600800157733089
1575,3.095684830121563
12769,2.6610633288378707
7988,2.8826909752098775
20676,2.6813238559085617
1583,2.9132273178248
19511,3.1298397182168345
1520,2.6671010007016136
26681,2.6749767308041883
1617,2.335377752930727
20115,3.1461836809624457
12121,2.9541048098142575
10764,2.7520113620352165
26139,2.5149898277963736
9522,2.417398535912004
12724,1.8471096667841724
12025,1.5553639387927938
7621,2.4379883056670084
17904,2.7112074501014787
5058,2.7453965042101514
26733,2.530151913314183
22212,2.8698702412232358
25245,2.996492301817513
18550,2.6436270458481728
2318,2.750635639639108
9829,2.8838908777742076
405,2.5096759711024257
219,2.6611780212299836
4123,2.677470661147061
22476,2.9860554459112683
13548,2.98417476659867
22716,2.8028595025792984
8756,2.8611078307301763
2037,2.906648281545991
7947,2.5181336667649057
1022,2.9124872325879236
7434,2.7913064778489356
10885,2.899489780028396
20887,2.3442992642576925
266,2.5272299838460617
17120,2.672900616342053
8861,2.8540292188129213
3827,2.843186247740544
23069,2.846410641061541
11013,2.5158937581082275
23317,2.9065479741056093
1351,2.2565052093658506
19634,2.8118266513500325
15559,2.107272244379411
10934,3.1118162326716265
15602,2.7587815311698693
4665,2.849462536061766
1263,2.928904098616931
22815,2.5738218910893527
3584,2.972293786815524
5524,2.5493406157224507
7913,2.9418740958866247
7472,2.9108311493492263
4723,2.1210157593967804
19140,2.7379591972203396
20556,2.6922766328504806
21561,2.293163645331416
4762,2.4956420241948
4968,2.978065231291283
26132,3.0693072531419427
17238,1.9233248828285732
10180,2.65692250723636
14059,2.5660444117935706
18386,2.6145974253039905
22232,2.88068851019324
10845,2.4858497223421105
3517,3.202461833121369
395,2.5315723251386197
3833,2.8412391918322504
22542,2.7485008909228106
19849,2.819466802765278
4708,2.717430540623436
19450,2.681132108427937
3307,2.9088769499648035
6291,3.067874543724112
22878,2.9110809223108722
5440,2.7301624381274796
9260,3.000093528003605
25577,2.6892858150620684
16643,2.66438614221245
11078,2.7725311043478067
16180,2.1174569406001402
26002,2.2933206132476136
19386,2.882430686146096
8950,2.8645369339236844
20009,2.5120791853037616
25852,2.46458705953772
18838,3.105916392215498
25576,2.093213330982837
22938,3.277596442805071
11784,2.8562280202785426
22703,2.858239312279185
13691,2.909525331041088
18917,3.0630489723244607
10484,2.7942892077404475
17902,2.5968413689356593
5088,2.5993193717956475
18770,3.0976794406173527
12097,2.895797850693221
895,3.0582631744313145
18758,2.131190047995757
15668,2.6207317681044127
12196,2.676658971100867
1225,2.7798894564793013
15483,3.022866048573429
6408,2.8115903843104784
12976,3.00168864171184
12184,2.230543038688358
16816,2.8950647224319614
4754,2.4558756359274767
11811,2.9413659022256695
13194,2.7506134014537897
6955,3.074593076157769
6110,3.2299606190786725
22434,2.920283799465643
6761,2.8863356045502653
22649,3.052317131729823
26097,2.355780489572366
13523,2.979392357760867
20545,2.423810573221556
4860,2.5787348314171528
10667,2.0514750447991594
18319,3.0711982668896285
12165,2.430452752524906
23668,2.0533994680491436
6266,2.6393048306507394
10414,2.5563822090972037
20627,2.9477449775513205
3796,2.8338138905377326
10419,2.4214091204186707
3904,2.3879234844027057
25961,2.5638814295530836
18794,3.1681259993109503
9466,2.9658238456062818
26851,2.6291537536530964
26218,2.547875535311177
23956,2.8155371336657007
14061,2.8484543419695596
24567,2.6606402206072834
16481,2.703702335175387
23159,2.904734798654096
23717,2.5723094418844656
17870,2.994184373586343
7702,3.056318427235907
21983,2.7700809220326796
13307,3.201734970832062
4636,2.6025307002269384
14675,2.2690049417169926
17766,2.4942662285823727
2788,2.3207125943702707
6268,1.983491113335056
1180,0.45402441927555687
21992,2.6441715130392245
61,2.4913746777327352
13835,3.110507547426317
13551,2.7707811409225642
5422,2.2462429698547863
11685,2.5185210101753754
14355,2.060339338650647
1459,2.7284012729081435
13110,2.598548674135226
15268,3.030023387101677
5358,3.083277396960152
26823,2.539754527419109
16872,0.671017061763338
2186,3.0760732709044407
23073,2.792148875544634
7336,2.7867171569059876
10995,2.3588322598922065
452,2.798419356079673
14642,2.7447322159847736
18724,2.4900604207523753
9778,2.4224061208511465
1395,2.716236593999527
10026,2.9507429143008044
26451,3.027098899728042
3889,2.5158444402784146
10866,2.6343293910577366
22257,2.6710600361061254
596,2.7529069948463842
5620,2.7362110621048177
14008,2.356061397625237
26444,2.897809685295488
24334,2.270255128031006
11055,2.71323064907811
20904,2.5563628435205206
5639,2.7314955642229957
4849,2.681590414015628
3299,2.2096089421625105
64,2.3365531865630875
14077,2.4822284522988656
19278,2.6828128396186552
3032,2.8617376133162638
26034,2.651719503945176
12095,2.7779333110283693
2094,2.7966526116076906
25561,2.882495539310373
17083,2.377710431191851
6182,2.9034568751785166
24467,2.7064176611037367
23671,2.39725783352708
3856,2.7082929596649468
4459,2.6039948164687616
6601,2.9246335234503
10223,2.895161439890571
6081,2.768230138098343
21403,2.7939198151735383
1829,3.0084312242028806
13758,2.7290989750611763
16296,2.617468208379176
21531,3.1137374014543484
5838,2.8332642728355775
25897,2.9261350869970153
1484,2.321175503388995
6088,3.03646056751791
6911,2.946212265946356
17537,2.7105468689541605
21230,2.66768581994088
20550,2.872344797547323
3647,2.7364771819880773
4929,2.866878895069974
18789,2.8032375756165715
19841,1.4327308310289188
7344,2.0817340670240694
10110,3.279958684755994
3831,2.691725391662319
18717,2.9325316810999156
18666,2.8845342780446077
20476,2.733012881360098
22839,2.638129651833839
15231,2.419905178977876
12252,2.8475918937006455
19295,1.5017685226849598
10440,2.905911015976556
9616,2.738787387342107
6690,3.0970522350985665
7055,2.8540096372913935
14761,3.0197029015170482
16861,2.5313934215583997
8660,2.8081659219182984
27,2.7973000016402185
14754,2.8619004687748673
10967,2.326391135795542
4147,2.8519270988843326
805,2.5629327093071708
18298,1.6746139250228116
16447,2.788535027680134
13554,2.3823179622953097
13427,1.9631747302330984
14177,2.9780266215984783
26902,3.230314604478838
13053,3.23744886394011
9335,2.8471107107994587
17324,2.906878625703975
18637,2.9114927295049204
24487,2.966182205713886
11100,2.7356539344713937
20249,2.931384077293586
26492,2.6484789156119675
20293,2.4716573846998298
14375,2.6071036764904867
985,2.858576543745608
26274,3.088942395441652
22254,2.7018312092475107
17704,2.0923447914310582
6583,2.4749411312637397
22670,2.9779420016095868
925,2.981519406331834
20759,2.4408085012900482
1003,2.7831633457423117
19050,2.8830695851857078
8035,2.677400896252614
9640,2.816562006276248
16912,2.6461366032519997
21781,1.629336557593121
7750,2.8311915853334817
21779,2.5700714606735353
17431,2.911536863202185
25997,3.07371844425087
5349,2.8012968648429832
21801,3.1212027240854474
19882,2.903628460549464
13574,2.780354230628815
21858,2.9448754675845814
25055,2.45747454093596
22043,2.9515354800957714
2798,2.3572204697392474
3454,2.358969838668625
25157,2.5665636690381373
11063,3.176821131146841
15911,3.124817776268083
26278,2.2590065394455556
10753,2.753254989968413
5595,2.50882200129123
9639,2.3186020664984315
2324,3.0837544558779895
11167,2.862388957835832
8645,2.9788979030351928
22327,2.813817148706263
13823,2.5899390863753693
5441,1.6033102980135059
22530,2.5134343384190543
25928,2.9299616931028014
19817,2.895092740651139
7182,2.5729839524797304
14702,2.940597696722521
5341,2.761190468559883
3730,2.4895509889092193
9808,2.4426866190563845
14932,2.4247047718682833
20206,3.067981810017176
22,3.0535516194724255
14639,2.954223976715207
13487,2.0960830732026774
3413,2.6658226506531078
8885,2.140559695600314
24520,2.6984181378555094
11576,3.1292933064119564
4502,3.0699642294827316
3980,3.2345956975388184
14687,2.58152454281282
10774,2.698764487245009
2163,2.645697382270745
24586,2.3916938638376406
2896,2.55887047826898
6627,2.721976312453753
22079,1.8461986142940383
11024,2.6042497601918217
17401,2.533254933192922
22579,2.379608197656946
25761,2.875627624748974
20220,2.835246849655142
18465,2.81557637707874
1992,2.848334932942499
23934,2.5726472037710972
3195,2.7558228144528916
21118,2.354850626569205
8115,2.58827548559562
13836,2.9217990170206662
16307,3.091426568319469
464,2.0920859501816738
13709,2.7343175258460017
16670,2.4432353462387413
4369,2.6142083374502922
23330,2.856892832769093
11213,2.784430952114471
11981,2.7467170767481455
4237,3.0486677246493064
15381,2.969901291108593
9239,2.81831361424784
13594,2.748479624504131
13538,3.004627558393884
10648,2.8313815422965467
16486,2.815075395558192
5353,2.558821180787471
12545,2.787176588464101
26757,2.8095652570256524
26569,2.8633180162931295
17198,2.9928769163530102
794,2.88971675044145
11937,2.4215504339472407
26183,2.823377571720524
6886,2.3258424884759967
17668,2.93806345896418
10994,2.9643705613300457
1877,2.6997298386964608
20684,2.849416598885383
17635,2.7784135665787875
6661,2.8709014036922698
13972,2.950266564780734
17885,2.9141731148600836
18720,2.575058897798561
19502,2.8143498642901945
14985,2.5926636904454723
15079,2.664477154515573
3042,2.703660007722767
24857,2.6802928169956384
1043,3.0209757142108034
15056,3.049498127587167
14829,2.529081648607987
9868,2.439693076777788
24358,2.8027025549513684
14684,3.133356713094153
7386,2.1715593414365455
15948,3.3111940071197554
25575,2.4967090528945626
1844,2.4091614072119576
4278,2.9505465358182463
3835,2.917013585145361
10072,2.7415595719010795
3460,2.8957332367808237
20428,2.61660952299921
23402,2.9859647888425256
5025,3.0212124941536724
11573,2.212267338466593
17620,3.0480979295299604
9593,2.5301427753501824
11553,3.2325130698581264
7331,2.9415802386414986
5271,2.6546658709401942
275,2.8034600205902933
19427,2.72113820826802
2692,2.28340743448837
6322,2.7729096868165177
6611,2.6522189474232643
18066,2.6385053095072184
26951,3.043904181224391
3075,2.5809303609703473
16408,2.994405500939805
7899,2.7252145461896795
22532,2.3519302831804683
13646,3.018885888881108
19121,1.920795112270879
12589,2.810889061152273
20999,2.8429877426438575
8746,2.704919064022048
24639,2.029738292348685
1886,2.6355454924831108
8537,3.089359107098403
6829,2.845703445962921
15277,2.196917629385105
9536,2.6149945029623334
20101,3.0449929449609456
4176,2.418891267322408
2236,2.100368015290834
2853,2.27628300876816
7453,2.61349264626677
21588,3.025045653158947
21755,2.82059229996678
10346,2.8272195741598765
22371,2.761555923050549
22825,2.678976214467165
19412,2.4861224893684346
11884,2.793321904814327
9985,2.397073501334429
9023,2.5380374744244114
17510,2.9443018610108744
19394,2.6331851714118044
10236,3.005720633965519
20459,2.834207052585324
21423,2.9269811835945685
2453,3.1039372638861504
12286,2.9472219032087987
4314,2.4803950749721846
25478,2.698553020271456
8076,2.850077702384678
8552,1.123950316622282
19095,2.5177617560422236
20163,2.55082147533604
8481,2.8046077914457346
20126,2.623163089971349
15410,2.915725494736626
3515,2.921084224540238
15736,2.6312367699723125
17403,2.642276209924728
26698,2.1788391525444686
8585,2.7614468116002246
20,2.9097904853104195
14980,2.8054441697291277
12325,3.0751685129291912
20956,3.2559222958684195
25096,3.313575586146933
17747,2.545736230671831
5386,2.9640136692009564
26858,2.622392798478756
12752,2.6944922046869095
21019,2.900855018362644
7723,2.9933909995942636
11346,2.6412589581621946
1872,2.821951258689491
13805,2.8024569652617255
17277,1.9920413267400887
5278,2.9665785993537876
12882,1.9758150138985113
19666,2.7098611742961327
14492,3.3277026139708363
5133,2.7311457373556256
3055,3.0271579560178186
11300,3.112958348232451
23237,2.6808747535765285
863,2.953367179482245
18851,2.673566805335256
24855,3.015383021195893
871,2.8447748401425224
9404,3.0658557625425717
1508,2.5237252729407205
22109,3.069329169539025
25143,2.756048982836693
19776,2.8540721456902225
18776,2.93831989120799
15136,2.8554444870731195
21374,2.7790126032103815
21040,2.439012485756309
4124,2.8478493886363783
18371,2.53976792510804
24402,3.1365438954170637
7824,2.65104861850365
22790,2.924212118220693
2466,2.495935461049305
4216,2.9894276621263347
20617,2.7323145313377157
8877,2.3903773164494106
7103,2.857568405222221
5375,2.881745911025556
22199,2.4816610284174843
5613,2.8512367253551982
10926,2.3708821622224336
17873,3.0417997952288824
8866,2.6883890126821948
1711,2.948467048009214
20174,2.052068596390374
17146,3.0948536461838625
912,2.8518880715960835
4789,3.0486704780654046
17283,2.6585782064266414
25326,2.863909084681633
2899,2.6448009072289658
4035,3.3207824293766213
21474,2.813465582936468
2846,2.9957239330136654
13601,2.986596321528285
4257,3.0967539609717383
13570,2.1672736563764947
23898,2.366812195039127
21135,2.885100364186032
15716,3.13795044274212
1254,2.498749577876606
20661,2.8200125994508265
22035,2.7116954833017273
16135,2.2050802620271397
23906,2.7179383144569145
11977,2.7595506297043926
2122,3.1537142655078343
2673,2.9018300563883086
24472,3.144189257148419
19779,2.942399771808924
6118,2.4094344474043097
23063,1.4342487220421254
9708,3.024435412798891
25776,2.927885644804225
3611,2.7465064910223984
17190,2.7976054446845184
13727,2.6439214948743137
16274,2.8871890459016636
24095,2.8254540166910806
7066,2.8991145594189653
337,2.524973005552851
20402,2.709863891870195
7890,2.8785152865529624
1331,3.086636059199213
10536,2.935141600115651
4004,2.803653703137606
21798,2.939495037086942
10684,2.8686728684481344
26912,2.972540601945125
22693,2.905104639228514
8915,2.8706165495785627
24471,2.7312092804931223
7771,3.0752797125964983
7017,2.8047852156689665
22573,2.542285347244137
7261,2.4561287429344922
21640,2.970195739511586
16227,2.929089183733747
24293,2.5555893753038736
1841,2.6813402750455344
33,2.472803959426773
21417,2.7667889486217465
14652,2.455776644070836
1076,3.039480744694994
8503,2.6660915829170566
12622,1.804136943725832
10508,2.9485605943911426
5399,2.682189806337469
1884,2.5150232432418
26549,2.7802843560257213
24517,2.6686627500909803
12844,2.9099913547240233
8431,2.768884790886557
5158,2.77857369616543
8271,2.862107740919099
24496,2.7704386172578555
13557,2.6773474489497904
12750,2.6750022168910763
26817,2.7675011896037307
5886,1.9488811454689705
21068,3.002277978613038
5270,2.613647648667591
1745,2.9551189124393598
24423,2.1738781252580512
23054,2.179248813878695
23993,2.8561022873181137
5280,2.584042487558253
18547,2.8432379298283204
13167,2.91671655373195
17004,2.755697847875092
1024,2.9399441950853706
4718,2.8533093326110026
17768,2.716746689667647
21723,2.839551531441264
11098,2.9832117016558612
3257,1.5473795575322375
8632,2.558549462185274
3324,3.062892887854248
20836,2.774107542211072
15805,3.1349109603457825
13950,2.7820655507810836
3743,2.728930776987935
7471,2.9125953151297983
14324,2.6138152982236273
15436,2.9488796570732085
25393,3.0737410657071123
13555,3.022275986305431
12395,2.91385628582257
24133,3.0627542924864892
12365,2.8147651422206414
19650,2.2571830261691326
6813,2.912795649340551
14618,2.6449397503383447
15172,2.961545563724769
6821,2.8827053053286718
22480,2.863987013008131
7440,2.6340265994522722
18840,2.671649599018183
24529,2.6098287881025466
14866,2.044719794327339
21841,2.7878349585052336
24448,2.2986810299342855
19002,2.962559384136268
2357,2.5540761022767953
4664,2.7148052138151844
21671,2.9604350731258346
14614,2.9239255440848364
19463,2.9262333373753986
12319,2.906414897267383
8376,2.8798759565291414
12409,2.931360258280616
15673,3.0241283763137723
5707,2.6978813112329685
17989,2.6616502498316046
15667,2.5702307028146816
7176,2.8096710822167044
23495,2.727277470980905
23249,2.516848217592404
2124,2.9285197987448295
17145,2.387205022174211
5659,2.7268378140224234
10009,2.766467685718576
3976,2.881506449241172
732,1.3029676714172844
10169,2.932803515637785
5196,2.63628993775948
22908,2.8900253424644817
3763,2.5368449718970267
79,2.4557910266925784
4561,2.592846125990907
2331,2.690206588823572
4506,2.9434860041444817
11025,2.686287953524884
333,2.5635569112512107
12683,2.2633494096523012
14169,2.667410919512066
20678,2.4882296721011343
17785,2.892749940891353
26149,2.6540276167015717
19591,2.8603059564198743
9075,2.9855389523685627
5150,2.793743656458333
18623,3.0569596570124697
17996,2.7419243126304544
24968,2.7351576911299618
6834,2.707718226978997
2372,2.8271145501427957
20918,2.6220783743245013
6177,2.919069421737823
6247,2.352908678370861
16360,1.8637486052562435
4253,2.784336127239973
4289,2.082681047430243
12631,2.9322878977826092
20938,3.037437273856586
5400,2.835646109102057
214,3.002545604873989
19569,2.701301089835054
23288,2.7242828231278557
4801,2.9205588076394458
20203,2.7198034054968017
12575,2.8494754753424805
3154,2.5060133267442013
10769,2.9456631024754376
106,2.7555973753641085
15243,2.519207770545991
21884,2.785877430867438
3404,2.596385184193387
7716,2.7052416368736383
17637,3.215503772828948
14315,3.021840129781181
13260,3.0078844411720103
6525,3.041057395120761
20165,2.8058439002674413
6387,2.913192036412179
18802,3.2435955782651456
22497,2.9273974231045203
2976,2.6406872454917703
1528,2.746125114457609
26184,2.4112320621916465
965,3.069366868836003
25564,2.9633339510614327
15817,2.9938336710435554
9854,3.152869759105554
455,2.746171334034229
23204,3.0460284937599815
7053,2.911725768495435
10388,2.694251626678058
20222,2.8610401052078718
24845,3.118381858997376
19622,2.63446185340813
9286,2.733421229303977
16065,2.588015755988292
12020,1.6717009780398666
20888,2.559073788126493
23122,3.1157829647064315
19024,2.941523451624709
13019,2.896116658520385
18801,2.483439714510492
25293,2.707356448836617
26611,3.0221411144024644
16876,2.62662377349653
15987,3.248213102643215
13405,2.6516011940264703
25378,2.8550826417827038
14710,2.8629702910327515
14623,2.9362058407383147
22206,2.8402957901748715
22233,2.653309975024036
3646,2.8441750021247634
500,2.3082213601817703
23922,3.081365931850386
12211,1.8738369896373368
173,2.822829035311365
22474,2.3666383950634846
2098,2.992668922297561
8527,3.124567200163793
8511,2.8825506431865815
16261,0.7550431892312287
17008,2.9610912896523187
1526,2.672483233901076
8591,3.0733486430075545
24948,2.7482612756982068
749,2.8385984588164943
611,2.8369357224659084
8052,2.8095000810632422
18798,3.0188743198536465
15075,2.6300012380377518
13726,2.7186510698825974
19651,2.3838002127992315
16341,2.9515340171537594
9806,3.0285144033338316
5175,2.7515389580840375
16746,2.27606491658835
26042,3.047366997078716
14475,2.69402445433562
20668,2.0149645839894648
9387,3.043132970699719
9657,3.0328483096224
14994,2.3820318721120097
11379,2.688235859898036
7836,2.6018197983486977
14487,2.864232435490467
2030,2.6939636042545776
17545,2.837301434484686
15359,2.4695970007273567
19897,2.92724175561952
4052,2.9370914408837687
12105,2.947697446007521
348,3.1178815349913664
25609,2.445321987997585
9294,2.9271290691455647
22353,3.020219700624027
20199,2.9439952270056855
24947,2.749310072613188
19266,2.7776047798151025
3736,2.429672532348196
11979,2.787209651294739
13522,3.156274727612855
22453,2.5614750618860156
4260,2.7350119336807555
22045,2.9114829390469876
1562,2.7411841885811707
21630,2.3242677997277963
5623,2.492323359753271
24043,2.7197796547450563
15262,2.9866836801281633
13363,2.7639114797930024
2755,2.6497097504777467
3212,2.942917021611715
7401,2.738925200264425
23142,2.979847175609116
24066,2.9331358114294037
22597,3.0467770111949233
12056,2.7517211562169495
22262,1.879364436185284
14723,2.7934064230824203
4721,2.8026553037953184
8835,2.8834588110821264
12439,2.7855743275956613
2269,2.829766082306262
11464,3.112578834776153
5965,2.846914851991003
11584,2.770511774874573
10722,2.887253446091614
8254,2.6815015613538558
15091,2.917516863524785
24729,2.727594742144737
17444,2.606074593896832
4096,2.668545656080616
6459,2.6710596998004434
10405,3.18624858634446
22758,2.703945829949871
1565,2.9752018884577858
16404,2.5479395231995614
15794,2.850130962965088
7711,3.0372930269305916
22590,3.0250395691912457
10540,2.976476190268758
9555,2.961872263312476
21131,2.7289853532216437
11256,2.763754086306494
23528,3.0212673116975823
25590,3.044450921863273
7111,2.905319032374717
15943,2.922169102432255
25109,2.803433205245096
21809,0.32024837460891303
20685,2.131015698314929
7276,2.963482545452534
11155,2.8311445949279475
14545,2.9710663365833434
15917,2.263684836879814
18471,3.062546283694154
10148,2.6753935017427826
21413,2.590009012961039
14862,2.9486752005696406
9723,2.873142212960354
15718,2.612605040067253
19806,2.5748147085080553
14812,2.4900816632835197
9613,2.9579968834906705
7463,2.291092014825572
25929,2.486653685359646
4422,2.341005584412269
16784,2.799485884466044
2679,3.029236251308434
19967,2.6263348838374245
22718,2.988228918825552
22230,2.6709481815564153
14568,3.046771331316993
22016,2.9108636969664907
21476,2.426404540583583
1521,2.5662125787449312
14161,2.375218802053145
20308,3.0171050497780163
5030,2.7681445741912105
5011,3.1366013408098525
25083,2.9856385309610824
20509,3.0180809119907357
16187,3.0881604421201807
11958,2.7318682893879203
3591,2.6670899749706782
25622,2.9661368141611115
24556,2.7420368053608786
3905,2.9105452718245015
2446,2.7965279181283536
7720,2.991093217318198
21558,2.004695143110557
23286,2.859102935868953
16326,2.9613540697921943
26090,2.840345222885977
17090,3.185656606674167
9416,2.828851253783558
7092,3.02264502457893
15142,3.065799762317013
2056,3.1259024455062057
26462,2.8396757968951776
11792,3.2889986005414045
2304,2.767437921927917
19435,2.9489938431489557
4553,2.7681915486465303
18057,2.9033163946043996
13776,2.8405071054341713
10085,2.8205091215979565
8387,2.7581725628087774
6594,2.9759433643865147
26226,1.6095163680254512
26302,0.4714610203054336
5346,2.9470144593669505
641,2.553008769769653
9091,2.5351421188222183
5361,3.0760162763592658
4427,2.644020260815418
20016,2.671994927857414
1896,2.7360266571445893
24621,2.8504332788325994
22478,2.9514119671216332
4429,2.797896785127336
12469,2.2740632895782675
24169,2.169435419165556
22713,2.818675724382454
3774,1.9473035088468225
17147,2.777308384278569
11508,2.3798326486674277
216,2.2729832671761314
5854,2.994488177240858
5291,3.096326061134597
11587,2.784813756084677
25572,1.5636651806982624
13054,2.591248048054427
4221,2.9405704094953906
20687,2.5150546986928
10494,2.92310476523346
21871,3.065192205878365
24119,3.1540006135734338
1615,2.1209750735462873
13676,2.9219127663452933
18006,2.8468385121034734
3973,2.143617592508155
5860,2.861585247751702
15412,2.7671848501002456
13707,2.446519391923373
9790,2.9176498781801827
25279,3.026980319118348
20503,2.916912600977441
1803,2.8119868797592518
24341,3.0370062566291387
25608,2.757803445270432
19813,2.9242010842007566
1561,2.9764722270829727
26506,2.9452745064171517
22511,3.247660764021227
24566,2.7987663255350905
24768,2.6919838537840084
19852,2.867511687147777
9924,2.6910070879979537
17498,3.148205697624804
8135,2.7887862600611655
772,2.665210409823995
10289,3.0557542495355663
15400,2.728378136753613
23905,3.0314318840634833
24792,2.8276171759905577
3597,2.846669884927946
394,2.9635137319600706
17486,3.1335070046798297
3427,2.714205085519803
25893,2.8007163088151263
4402,2.8597289907774677
4948,2.5572409567425356
5125,1.7722583205869624
26656,2.790280601728717
13583,2.696882598957807
23251,2.9890601448513756
22903,2.833519804391141
19709,2.2929212408168524
8831,2.5154766416035144
26119,2.645033856808733
21984,2.609559280986447
5717,2.921253901068965
2029,3.0258165742917082
21458,2.9856593999780383
26782,2.832603583874463
2057,2.1126902563116623
11248,2.698025729087963
18884,3.0675851574043604
26449,3.1542188080645257
12429,3.156749205344368
3994,3.0712239378619337
7562,2.958213470857889
26371,2.8530852979933985
17220,2.2114070980966645
12915,3.0374369896683233
26601,2.854397232178903
24207,2.6721984994466363
25092,2.5631108980223565
494,3.134940479347254
18130,2.3597389542052594
2816,2.970776586332662
8938,2.892060814548338
26837,2.9101667205026955
21634,3.2924326801253145
24769,2.90811100225849
22151,2.8240884392354606
4098,2.8248695180912207
23721,2.2956280290650075
7501,2.902839492984735
21802,2.8472179604552545
9646,2.6193550314777974
16688,2.7043519403192535
26639,2.805290637578263
23255,3.1395901748099955
2288,2.86408813312343
15529,2.6718705383637285
1408,2.605783476451054
15961,2.6616117068372027
25505,2.2644078830706103
973,2.953905427838611
11217,2.448529150172324
26561,2.886188560970703
8153,2.9421237610851927
24716,2.746369717043424
8204,2.983031084037796
22969,3.0806674550804085
21661,2.2401385556645095
17455,1.3067738930803345
11768,2.1430356515491695
24674,2.7383036402072296
21659,2.5142876892531714
3678,2.7350538261670265
5681,2.7943991861678477
17804,2.7202071338231417
7962,2.859826371515261
10653,2.7951347439240912
21303,2.7812793769396675
7854,2.4932799658564324
22340,2.1367323526653634
1399,3.174514487323385
8212,3.10676958944276
16492,2.6349856794546866
14937,2.802974191207313
506,2.6343230538036657
20667,2.8386974645886576
594,2.73251636681525
16295,2.618226751624254
20716,2.6135987740998816
11733,2.8974504609582956
10043,2.7841587345131202
26559,2.6097281267683967
12331,2.8191826597036513
8108,2.858193304054201
2473,2.9639135100847787
6349,2.761678373746838
4592,2.995502092253975
14731,2.3680695888180066
20005,2.38923282236287
1922,3.067926705335732
26818,1.4520112168237727
11081,2.926236100194397
13384,2.9260370751865503
10049,2.898563901595849
9666,2.6586667877896306
7161,2.7929656668375107
10534,3.02750518487711
26220,2.6830619497324872
25528,1.7398396185918923
7897,2.7672666108498376
25974,2.9254078585281778
6260,2.698010638065906
8142,2.7090306655581653
24774,3.175709758824331
4589,2.174068605458899
15531,2.6852680367387216
16800,3.061791254501016
6196,3.0851606598713572
16292,3.104366616883551
8966,2.7563481301095307
20934,1.4463902985890538
14479,2.9770174750686205
4130,2.4281594934209956
6007,2.804566591414456
25885,2.7863214934208598
11412,3.0222790250134404
1217,2.763328767432042
12037,2.811651012786724
6827,2.9054417936857835
961,2.902128698147358
23404,2.939294011217599
9232,2.8179335560638594
2391,1.3838286041217693
279,2.639003365962794
1954,2.911276170012476
6321,3.102089933706004
6055,2.778427364280878
11218,2.6809260097850203
1740,2.6718245130662983
26205,3.0292036040676362
6596,2.807121072798433
8649,2.580744349366559
14004,2.6622086042172657
11820,3.0614284366360667
5962,2.0684639203982065
19182,2.9012683796318073
25192,2.478620226255492
1345,2.257214601078267
63,3.112037834578407
26245,1.026005163793052
12460,2.491409635404992
25843,2.47366054295249
26663,2.9489548309226747
3029,2.7915753267652477
14040,2.6881342583651033
23610,2.65288618880947
10402,2.874980997374403
26212,2.4628770032080505
24782,2.730816883351128
14359,2.950295045501579
3192,2.550340273930612
14221,2.8401320384662956
21733,2.891983377083873
1454,2.7776557051819775
2653,3.041223982280526
9492,2.865420671602813
11643,2.7575680071530746
2598,3.00337264762465
21329,2.6267209646344463
8824,2.720784363396441
1817,2.8775081879549
18818,2.1559782138882744
14386,2.9381861651553023
8253,2.9703701223535006
20867,2.752539225562392
13661,2.8950545767268423
8097,2.9037949721875154
13504,2.7719871150514925
3098,3.0287241879412887
18829,2.9093709867250475
3446,2.984791866819294
15610,2.7286574405866837
13356,2.7850937870292025
9584,2.71731189010779
20935,2.6948243670670804
17470,2.901495491206799
6822,2.6374559130912507
633,2.69252840022204
14655,2.694270467399854
10115,2.645330911184961
6961,2.9296587973282917
20467,3.0227956182582467
14543,2.7419367369073644
7080,3.0352457513738296
3132,3.0688421432092063
12262,1.3208457608368065
18084,3.1782956784740533
11893,2.7696782634050985
2940,3.079968066246409
25442,2.701029530383868
14297,2.5662135918809676
1032,2.7170991869998127
11339,2.6520499766820764
12906,2.7394417398147226
2423,2.2082962457545845
22981,2.8927040379302764
16315,2.7712317195618854
6804,2.988620359967563
25903,2.701306784953547
26489,2.5142620804133884
23477,2.4998083426996898
24446,2.735315850972136
21450,2.8268078498582296
24033,2.6501208077210463
14471,2.911506967236533
25480,2.4343017842053944
679,2.092011059054363
24389,2.776114175527805
4169,2.6076093955096455
15303,2.4445466064924752
8599,2.690869144096059
20801,2.356176610714841
22389,2.3741805832748057
24996,2.979946180892802
4122,2.9018512207383154
9815,2.839615142081742
9787,2.7341358713868567
15967,2.851334477375711
9745,2.9101504550444868
8140,2.9251275220178865
170,3.0007321559989015
13096,2.905621738312435
2882,2.7990187721925004
3205,2.2646508538561596
14630,3.017592185859538
26130,2.144099538471436
22808,3.0738829519852118
18617,2.0330567961109445
18692,2.4958633410084587
1033,2.634168814712893
13597,2.8619769106433206
17394,1.6205080343221168
19725,2.8676207530009843
1385,2.931343209138104
1295,2.863688132658269
8875,2.8176181276883265
14395,2.4848278523651697
26940,3.1107184452680214
3126,3.1236523494520267
21815,2.9295749184220092
23151,2.7347245632387867
19848,2.8610556256636843
17001,2.8183025235161328
7360,2.541427591345065
8871,2.1885260776105437
17494,2.695646019833724
1497,2.868689802867547
14637,2.694199662439803
8992,2.54173508443861
747,3.015939277362226
25094,2.9627871323354684
12221,2.830227472815122
5981,2.329558755917382
16900,2.938738451357496
23460,2.148529703018574
2206,2.5513368746272884
3056,2.8934593857848605
17316,2.6316955173726595
7379,2.6885419414187086
590,1.4475754571016306
21219,2.56038812436592
7508,2.948074608913277
4228,2.924505900147712
11881,2.5870276227131908
21857,2.8382820408138323
1491,3.104443781129379
6569,2.8326351820545335
11356,2.467503901534977
16775,2.2418038083064045
24085,2.7056704741608693
17603,2.2956686766966063
19013,2.67755719750367
7089,3.0190995173249213
5265,3.0305534875667037
26006,2.526454512033059
9154,2.763036629181547
3136,2.709029672760463
9262,2.823958708433834
8722,2.367862154568956
12071,2.5408466352856065
26938,2.7455370311740235
15306,3.0736806182085186
9301,2.4804210461950267
11638,2.734885928537894
11478,2.659590528131663
7556,2.976857774558839
18391,2.7373718160831753
8379,2.815514675195741
3325,2.024713080551646
5803,2.7557257060562304
24198,2.923775611886249
9695,2.5129631966046277
17089,2.19493367854481
4316,2.769482757899981
4674,2.6388224716271904
19349,2.579685982042473
8968,2.8390782780448576
9982,2.7650286907695727
18632,2.7564954039065137
20532,2.8662634339847424
4682,2.755607792652252
15811,2.8924458470162295
3360,2.981122101273732
15260,2.4965382561665344
18499,2.4087875103073806
7202,2.771215687471633
4764,2.4211808020821453
22796,2.778724599804837
24414,2.14589882298015
11517,2.6420525945796562
19084,2.9657593115787537
20171,2.5184139643325825
24424,2.2153682673102075
824,2.664015904133277
20256,2.947573997369633
26687,2.83216280967384
12443,2.9104987728577347
19899,3.092634671058989
23542,2.1732111470060818
1612,2.7179493784488957
17342,2.6871820540564233
23886,1.9548302734485363
20696,2.4245241848421086
19168,2.510064915502101
11622,2.6985632046496137
16189,2.1092534687465743
1451,2.6871557429284696
4876,3.0776180419547123
1513,2.7652370306271234
2675,2.988312011914645
14433,2.1804325930508393
9717,2.610727854529105
6608,3.0858703488005794
5089,2.2771461009430776
18700,2.6506813586771703
25695,2.4142820568639065
8713,2.096934322924451
18345,2.99110734376433
26041,2.92046971193353
17702,3.030205797041538
2256,2.848469562504201
1744,2.754726262118538
22106,2.918639023240055
4862,2.1279689504035266
17940,1.831113791593961
811,2.665222482072059
868,2.865746722235133
15430,3.144073276617563
25678,3.1532175703270724
9734,2.3603727360230877
23790,3.028801797925055
24737,3.083034019473077
24305,2.602682601740335
3280,2.617622214833089
24404,2.1085162962373163
12141,2.722449272310845
21979,2.8814788632198227
8785,2.749358512484277
7140,2.7604016262123974
8596,2.7167953688744766
25204,2.8055663795765353
13606,2.885067667610959
17104,2.7526624583092585
13697,2.798369291305186
26131,2.6400769679196507
14585,2.5164979303522284
3504,2.9220162735775705
3524,2.0756569944170584
14007,2.312213842234543
9210,2.933579180371187
18094,2.0456433582236198
5420,2.775101372073371
6724,2.8563812748874495
21395,2.446114431252023
5079,2.8717006473796025
24384,2.9109705985383787
2558,2.506025413032056
13155,2.746627160685571
26605,3.044442439567031
10036,2.957180391702428
13903,1.6658135732758415
13811,2.4868562276769377
13510,2.197393701390458
1773,2.695246258895962
15237,2.5555403951832254
26320,2.880502505470438
17549,2.081663984167882
12725,2.7611998332297
1186,3.0501984884670477
16785,2.594939486517236
19523,2.696390162077481
8520,2.8073128720638216
17767,2.746508630891555
23866,2.97884562427251
7319,3.1586223699508915
22543,2.299789030505562
5294,3.1199591080182563
4473,2.286130447692712
11564,2.5596725001583227
22333,2.8666430833410477
23140,2.684904610915568
26544,2.670141818320238
16889,2.858045239919869
21598,2.884097674667242
9935,2.362542887079535
25237,2.992966899984481
17673,2.798523826040304
25174,2.860274680216901
2016,2.2112792556153487
11709,2.858573194766841
26803,3.0144548248100627
25029,2.445371830066782
26450,0.7568655883386898
3605,2.737308609076921
13961,2.986597652492467
26752,3.1333812030433115
9452,2.923779964800065
4604,2.7074627337965946
11588,2.6926640158668453
6147,3.102929980262982
17386,2.9539920458538607
22593,2.792473152002558
13443,2.9113559367110007
22022,2.761203785792742
15535,3.054961205852914
131,2.718207942250771
26871,2.2512230428088595
4643,2.9822012540006355
18086,1.880955990651717
16139,3.199784205245795
17652,2.925147603767364
497,3.1524560146608125
11806,2.4269566246736205
10528,3.226586969494849
22563,2.432221717933962
4826,3.0469755238450107
16465,3.0967992403652747
6174,3.126439938793101
13720,2.7140484747973947
17415,2.5903058211462837
11323,2.203154127702966
12540,2.8535462870675925
22695,3.109617536406256
13431,2.7138562279998735
13402,2.89739575289612
25559,3.099674672946665
14518,2.8901147320133673
25474,2.8260498556158753
22518,3.1572724700234494
19126,3.010060234817148
22012,2.852187635399136
25949,2.5081838456973164
9395,2.75810985002917
19838,2.980517357740363
6324,3.04318624605631
10393,2.9446636897333915
12447,2.6140333043288195
9771,3.015243377686645
12590,2.9522935615353543
10252,2.6705148522047586
10621,2.2682986918902133
26346,3.1651867497343127
22347,2.7634742752690844
22471,2.8367527475982217
20460,3.0255005906230537
16031,2.5943176415502007
7173,2.6528155641810365
19649,2.221463611890201
26416,2.498673535516143
14604,3.0009506427122306
18129,2.430521443425949
7541,2.79481510635724
763,2.8076460927585978
15801,2.966959345128226
5924,2.3995334548557143
23586,2.889351888616531
21247,3.1294502439965606
5066,2.8523027910057057
6840,3.0693431272019254
7594,2.6040761889881465
15203,3.0313538792404553
12731,2.8872122066334818
2769,3.071064713416855
26095,2.1427945455493953
1953,2.6213015666536252
13587,2.425000992312934
19009,2.3570242446759844
11247,2.7485023057286804
23351,3.221391887673244
21672,2.114169299901548
14913,2.7575664463457494
8507,2.427431841041265
25606,2.731149043585819
4120,2.5058315046317508
24983,2.959256131463096
23295,2.3925297220124353
9759,2.2926400377964393
9086,3.096221216819854
11575,3.0430531649475414
26886,2.433390766885935
4908,1.799347056473801
9573,2.6220903078482527
605,2.925106729688927
15,3.153541544472455
17119,2.902756079973973
6412,2.945780667107113
25610,2.7326656178435025
22705,2.9353768317146685
9756,2.8719857426742856
5766,2.896104409320389
3049,2.6959085985170494
7728,2.7639084175261233
3952,2.940559700144103
26928,2.6487710854701527
309,2.5083579858608878
13656,2.8903951777371932
9675,2.5448388543505556
9445,1.6185147256477324
15962,2.6659962197164986
18364,2.6002003736325427
1149,2.8323912792505053
21306,3.178387867506446
2517,2.938281289712973
16533,2.447805809605265
19449,2.7869748455714034
19577,2.298621189112614
2128,2.6295920487798847
702,2.6055723990647714
23092,1.5120421246825049
4866,3.0049297571095206
3674,2.8028128030585564
3842,1.8519462246730243
26233,1.2178430735371184
22378,2.6338060965091254
1111,2.848116206899338
19317,2.9534328504018323
23634,2.6320426220333664
17031,2.2156831207599095
8090,2.560221989120843
637,2.7518176557506
8440,2.9319223470061546
2406,2.0194738897710054
14258,3.028885404777634
14160,2.5968140687844903
6746,2.83092799615851
8888,2.5225242197117907
9814,3.007993953237401
10078,2.7031086190570632
18596,2.1863147334727895
9981,2.6967944902989474
2228,2.875582754538431
15101,2.734078211223605
17234,2.727128965681421
18349,2.811251368524673
5769,2.9258417081705077
5612,2.7620894641563893
24479,2.346556825256372
5455,2.9845438251917757
7879,2.5851130158697058
7686,1.4935728217856283
70,2.813139950598586
11225,3.0070759496541237
7878,2.9373887147174984
5768,3.042211377029358
1178,2.6410408534552685
16015,2.7975933609513306
22229,3.005034530411759
24003,2.8080281856357745
10083,3.324992616184604
19064,2.74606156004474
7377,2.738741896105274
2010,2.9814504939952218
14255,2.8121487739790876
20933,2.76022041070188
11306,1.889707230459473
19658,3.005622933033688
10190,2.6076496351704073
19809,2.7719223641620587
1902,2.4720850620520896
10281,2.9715902420743574
26243,2.686129826880497
23412,1.449379946288106
3759,2.895952604889912
26828,3.048431319466091
6249,3.179999244373487
6047,2.883624672521667
26941,2.998355182962465
2957,2.80464003439786
23688,2.8064365247332774
23579,2.417140798558035
16710,2.924380893297344
20805,3.005635686914805
21385,2.148031729937389
6907,2.9195482586270334
9751,2.439891756995076
17936,2.3172086187855516
18728,0.40437852982200584
25407,3.0917463380852888
16038,2.96221292923418
7078,2.29638201834841
9114,2.9840642786526503
12073,2.6452051858686527
944,2.70579843231047
11015,2.406064369800738
17999,2.9764966049566834
15189,3.0445629395571174
8890,2.62105708820273
11195,2.947539599562062
19940,2.5609152654282648
19927,2.4804184313543387
22188,2.951033333726748
19783,2.9500415124244648
5977,2.7552322548209247
11520,2.8455907151208644
11830,3.0685878389007337
8062,2.2416759232820564
18874,2.9056588302737207
23005,2.402928807775885
9674,2.3031899254057437
8559,2.682027107444669
25566,2.9236503598856403
19928,2.5751657707901603
26911,2.7526488608943604
9396,2.8206741119021905
17383,3.0414385853307366
1152,3.1065867310728357
14733,2.839300011195232
13786,2.7070631933209444
16270,2.8009449590232554
10927,2.98092660959384
4313,3.076548764143052
6274,2.796846992108045
24828,2.7849758944101666
9352,2.940525911335475
20856,2.79151582814842
25573,2.901875843584135
10204,1.313178936674369
10807,2.8416953030515493
6787,2.500309058915167
2474,2.99285648005428
6765,3.0104206569856333
2945,2.8969005584613816
9285,2.0722196181701085
3188,2.6569249618057165
5563,3.184141386280878
14592,2.8144556143901225
19628,3.2931394492461714
21906,2.9417825984353643
24500,2.6529515894977562
184,2.61617625180443
24766,1.5526881144260682
10074,2.659527166842275
19494,1.5391080636619976
1440,2.583253481462962
24978,2.8181557391181875
15644,2.862800149677603
15055,2.9434706929068524
22245,2.872655426429284
18694,3.0595171122700093
26277,2.866334478911074
15757,2.8742062617294195
17716,3.041282301093826
26113,2.988754643070327
4210,2.9386171524385314
26194,2.1438346749168162
21317,2.615910429107067
8784,2.7499372560633066
25869,2.8914892057176433
18331,2.7982380944411522
6018,2.4178323544067393
15970,2.824705255433951
1028,2.8511262482434385
25946,2.596934804014779
8463,1.5262087726180809
3925,2.9083692089371813
11354,3.0746835098326883
5777,2.6185650814030828
24311,2.9287616969108594
8730,2.627882261524243
5562,2.850218144120502
19801,2.806085671710966
1360,2.879272087249041
5950,3.0582849571335697
9143,1.6665003606956408
12522,3.0222498417953365
25014,2.871017421121752
4905,2.353536204567709
6656,2.827893995577179
18204,2.763330564659581
2341,2.742217724392135
24809,2.843903850523411
1663,2.7935962407401242
17799,2.8955812913685897
23975,2.9465945150655988
10502,2.009024845645943
528,2.9150659661174196
15513,2.7919391774898537
2369,2.7531023213735173
19695,2.8259677703362827
11647,2.0264059961321905
8287,3.039450371772242
13412,2.509139052284231
16996,1.7175570180793993
2631,3.0057182780728664
11226,2.763122011135946
8340,2.9539890596169562
9632,2.763401682053725
25433,3.165741095057032
18421,3.164543313786236
15750,2.2475262879817324
15983,2.957725274524996
303,2.8574004359777465
4162,2.0926532071728086
18417,2.889878653720587
325,2.282933031993087
4536,1.4868337829459517
4597,2.5425206758115606
23643,2.8647131558401617
1487,3.081136821611586
15609,2.909462069048748
26937,1.8500816076520914
465,3.008701427966878
9470,2.846403351426188
9389,2.5475294895864833
25072,2.6105622828807524
25468,2.9269067827447466
4209,3.0827460997336
22728,2.285937588982919
7422,2.927602004003106
5123,2.617585278343923
18848,2.6959504800221925
21787,3.1568329784466393
15227,2.7883930772163614
24091,3.1478228020351935
24074,2.4204301748680987
22019,2.4619773222542656
356,2.778708937864078
10723,2.5041832088161984
24512,2.588374297306864
16904,2.8140194645320054
14509,2.453562134847745
12195,3.1700027014318075
17814,1.1924783561138756
2320,2.5874686271482967
16973,2.185451992461275
2019,2.598039871611097
16283,2.2403783214412645
24745,2.239455710617593
567,2.171373755061058
22611,3.2718997548244175
19304,1.9393653808447782
3510,2.0190443244751095
12303,1.7979865731348694
24925,2.822959592073227
4486,2.6690678333585085
17388,2.810604562802975
1945,2.7459118334948376
13361,2.5942114122470956
26436,2.7975085829509374
17808,1.5709837834575513
7487,2.9359520992814296
17300,2.681265763895243
22675,2.6923737305128976
5807,2.9829440803730995
2570,2.524071676758301
8914,2.5579000129427034
17817,3.186052798296514
5008,2.1225109021511357
15518,2.4560240069048973
6263,2.964255459701868
16525,2.858868500524654
2306,3.32705809187283
13242,2.6916809837082227
11278,2.70213995443067
16942,2.769974484495664
13526,2.672773283941647
21968,2.459475774161865
23728,2.2672902343995394
26028,2.7645780006785023
23921,2.5837732888850318
11802,3.0191125739099443
7762,2.579406482556939
3283,2.7007418561335
20524,2.360233658417327
1138,2.7582712706015773
18866,2.792598728740813
6574,1.9414298222884254
19757,3.061205401711763
8302,2.8995538701427885
19505,2.9714407253052584
12566,2.4480871310794763
7803,3.0986442312971834
21761,2.603900418853793
12007,2.8974145522441916
7514,1.9480840083577087
7956,2.5622178505551916
23903,2.6757119515802668
16604,2.7218439109516566
158,2.9078725419067952
10644,2.460155142076679
23244,2.835757452084526
15904,2.986935125734159
26389,3.027482150326853
2060,2.0837308637593748
881,3.0421434098146944
14063,2.9026727951532405
11499,2.7966459827551757
23156,3.122381605914785
24281,2.7388669350566017
4959,2.4210234631336935
7050,2.7078026876651506
4883,2.607647058962924
17963,2.1765965272998136
15213,2.8013196754948364
6762,2.625015307220897
6615,3.086387241245894
15477,2.5020484182959315
4802,2.916048282432823
23700,2.874278354002312
18609,3.025147551272179
6299,2.9144441653070796
4179,2.716173186659926
19441,2.545179183473682
6505,2.832199413103962
8600,2.526569214263911
18134,2.5695310602818666
14649,2.959568869900565
11519,2.3266151486305278
7749,2.7731570439872613
2058,2.9628463803289984
22692,2.2760730511625833
19612,2.7830773381625034
8850,2.7428261249836754
13290,2.940923058306764
22456,2.875185026749627
7075,2.9657993529773847
23889,2.9595546602998697
21437,3.192705868838202
8736,2.79249133908137
6339,2.773375579846135
21081,2.7612940008732423
5821,1.8985087283686255
8619,2.8820880294461766
4716,2.6329544325179417
18910,2.817909445269584
2215,2.7685511234807603
6994,2.8052398857847893
13602,2.6997489105812598
19220,2.848177164173027
11237,2.890621896382625
9839,3.0588129877893615
1482,2.5211447613207274
10527,2.6674918741515494
22686,2.649250085896461
22004,3.079866032399413
11135,2.6732472825755784
20725,2.4385396309682195
6632,2.1663174596538037
20196,2.6736120487028994
5444,2.8528136796837673
16671,2.836128160277188
13771,2.767658129136795
8978,2.6209269933885633
20911,3.145534740337852
21308,3.018458414433328
18234,2.5395779290834537
8561,2.6576849104839506
17295,2.8739932255069727
2548,2.9374387974241016
11632,2.968729957969601
642,2.600276811902198
21244,2.7296138316238934
18261,2.3604570701019707
3469,3.085383593934997
11043,2.753662562354768
25317,2.720010818952843
142,2.657536383957773
2398,2.5893409289481903
19361,3.190580169201832
4064,2.6633597943585103
4781,3.053412025713611
1858,3.2508210440758236
17822,2.6633416843163653
6579,3.025405655787794
14361,1.6117910129068138
3723,2.739198246414009
12535,2.3413222872910024
11930,2.6144866103774476
1400,3.248003961182122
3355,2.3655880316915217
521,3.0212052590097978
7859,2.623146629524591
4030,2.838505591278975
13027,2.9756687343550063
23608,2.7853592563391456
26214,1.4309180489156788
26538,2.880173246556293
13056,2.4464172103014654
24463,2.7241665183966153
16534,2.802151075777116
18905,3.029345414823603
22510,2.6877348016756
19902,2.6501998024441282
16101,2.390488461352827
12936,2.4263838701139044
9249,2.863183506431679
25615,1.8550786109196604
18548,2.777835515624447
18021,2.778612605660701
20612,2.947383601473061
872,3.031211970167816
9630,2.907642190108921
13896,2.8469463892808173
21880,2.9878484187783605
6658,2.9090629900560403
23077,2.671809018605228
6028,2.8879000918074262
4231,1.9932784421420828
19101,2.690047376712753
306,3.1238838409636354
15259,3.142045621237485
22484,2.008136411293241
23008,2.536688728333648
14928,3.0283057608962114
20895,3.0045695230422527
2276,2.9950121599572355
14709,2.7435809366462127
2538,2.5508000403215974
5181,2.4719287116302575
15731,2.926850550356722
18457,2.7525735579010733
1924,2.811586661467942
17448,2.687216328397896
16027,2.877572555875996
16515,2.507283391973622
15395,2.8494367857904748
23272,2.781844143411696
6208,2.2690695248580046
9543,2.8386962649850043
11370,2.6264437064542867
16827,2.6495126314293174
5161,2.948827524652813
15491,2.388704141488134
9058,2.6050894131313367
5819,3.0955968203660116
25004,2.5791397303496253
14789,3.0470845032952183
4301,3.0824097698312207
16944,2.8776219409918045
18940,2.8095073791450624
10641,3.135722062220659
9377,2.9904098474728396
17243,2.908623490349363
16763,2.9862570435914813
5936,2.9667002992624867
16171,2.7895364040301325
260,2.854497274138967
26771,2.644094235102251
17411,2.7905877118527256
17581,1.7046565064406156
24550,2.8637924346704002
22954,2.7117853380599986
1091,2.8648826359868957
19085,2.303896546904696
6931,2.9446733748710243
4649,2.4088782489018863
22648,2.957059849458391
22208,3.101935264164777
6000,2.8322190988692038
7142,3.0767568997493324
9025,2.8007859275820954
8961,1.9504251297139046
17959,2.7334610395039443
9444,3.0689903173530557
20088,2.7967470245514816
18326,3.10588646526148
16745,2.914907215398213
26754,3.139303012298508
9090,3.0448909722442092
13413,2.8247015235392032
13463,2.967845280004056
532,3.191968177847978
2417,2.7186076866661812
4041,2.7810390987352753
4676,2.6003092349995884
2921,2.5754517995374067
20182,2.9633813814427907
2249,2.360365830673792
5479,3.1827277192885193
17505,2.2875951962592254
1050,2.857970909876608
19044,3.0297304587536034
19448,2.736134863650785
9457,2.904168581497031
1718,3.004029024481293
5273,3.2080594553041477
19632,3.073046544868406
12384,2.828308769791776
2459,2.6969375186833604
13485,2.583926953858516
6793,3.205564171980993
10547,2.766188818208345
8621,2.8487370441177493
11158,2.9570126309124607
22831,2.5859652846105035
16510,2.7754976791926795
15767,2.9244687194565935
24219,2.830918405461375
25775,2.5333503433245252
21618,2.81990962774172
759,3.0537764790159967
24944,2.659001608189236
24150,2.9921111871101806
5487,3.009923792151
13449,3.0472296067714795
3338,2.4414663544034703
26045,3.014330185989997
11200,2.723019049203302
24483,2.6055361913174924
6060,2.468009587286575
11942,2.330165214087536
18817,2.7199453591239617
6621,3.088729598029307
14045,3.1287527161869004
4348,1.5407092471838735
26091,2.609020488554385
7470,2.715536650514227
3691,2.62180682294404
5767,2.397227375361249
12690,2.4897834143427304
4395,2.810129911563325
6205,2.8542308962363117
2903,2.7207552717009866
1839,1.961354953963873
12186,2.1974656928577407
14740,2.0452596944250763
24261,2.8194939677780657
19908,2.856174543995465
17664,3.321251377262139
6758,2.957414919228349
3339,2.7253343240645638
5212,2.4942265535334482
15910,2.539469246226338
620,2.450471490136134
1656,2.9393458419165253
2628,2.8276279608741604
22631,2.774733624993023
23858,2.900745416226607
17984,2.876829666627828
10903,2.747080953224517
1999,2.660300203686558
14577,2.6861264453219316
21466,2.897702653416047
3881,2.393892903811566
20129,2.7302120614510157
26599,2.012079808133044
14701,2.686906758627742
18185,2.986604777187052
4215,2.7640975297459054
13473,2.5427620200992926
13461,2.8098173006749874
22026,2.731142880043779
14971,1.1513921494591406
11514,2.96417461770443
7224,2.950095422892445
1723,1.7494027044254015
5747,3.084510254375206
6104,2.838174390047782
24049,2.7327641203262836
8814,2.3135118482207746
2407,2.6986511535339064
14560,2.689380914021148
3465,2.5412212422717873
25320,2.8568578606545216
10897,2.685793739405976
10363,2.7183868025014744
26637,2.642225029070845
22406,2.4299127032992613
15777,2.8838457534983024
24720,2.534770693623949
443,2.7555115837844335
15984,2.9364105036899635
18294,2.7252701518432954
972,2.6944437676254283
376,2.5075111704569033
11652,2.733310107581084
18269,2.5942639321105423
825,2.912190237727103
704,2.85615487304646
19467,2.8051758944189946
21536,2.80437739547185
12204,1.587281809841412
2655,2.9886157826364257
24719,2.9086478735402044
13142,2.8955227943145925
24686,2.626533572301621
9592,2.621355856422332
21512,2.4419042097359847
14030,3.2671000646317196
19547,2.339358508737036
16217,2.4669597215133052
10529,2.634835059096327
24220,3.2632796325097244
3442,2.7622873254213265
14165,2.9618320132971756
18359,2.7432310306971943
6820,1.9433669849798447
22634,2.5223948215808387
15724,2.611381538203846
19421,2.5875640882801174
2337,2.3430564998587524
8638,2.808487427411054
4872,2.758147764108193
3066,3.0991505995530013
7982,2.7729373856327437
22776,2.8985266334676445
21554,2.788604228753453
13813,3.1751454179377405
12993,2.6927873360529193
3909,2.940975505953279
12774,3.102521355006018
21594,2.515392067226688
2639,2.8255439108460227
26901,3.0374627907087453
703,2.654389648059343
5172,2.755631872056873
1934,3.0442858177026393
18336,2.4294389120526403
13922,2.809183479627461
4694,2.885586827660163
16573,2.8001831928133307
7741,3.106262714555813
5526,2.2389815379143636
22323,2.5797337026617817
8031,2.873918438847251
14225,2.8099852052198484
2804,2.9020424636221005
8272,3.1364948383507016
20994,2.4671206666343353
24238,2.9221216510794354
17399,2.7575107377546146
8653,3.24324108779411
4661,2.8409168525918456
8945,3.000456637680105
11114,2.9829213165220283
3766,1.4912545886387358
25922,2.87035796304495
21115,2.4796332680845414
17583,3.2449745208640395
4129,2.7180454757440575
1049,2.8334298748206153
8667,2.3611350782462446
17634,2.9285095029752646
21489,2.6724544216216333
13337,2.734437538431437
16349,2.9764865890477847
21465,3.143326420063739
12552,2.132229853916739
171,2.7217106889223412
18515,2.9867798671925576
13585,2.806715529184089
789,2.662750181791246
26573,2.6467883115926667
23316,2.96538292175654
14047,1.533211918093042
10048,2.7946496854733844
4617,2.581249290190143
19252,2.5843388932318527
908,2.964057750420094
17555,2.379082382163354
22575,2.9033179039099406
2293,2.688188181178171
18363,2.501638282756431
10033,2.9581035601283716
7273,3.008957502874771
5651,2.4807404369532984
17542,2.927938285494191
14088,2.0274147059024226
757,2.9249649960755826
16507,2.7653401135521065
4121,2.4045358519469464
18873,3.0512866397184046
9393,2.8832242759645372
12998,2.6822459484887884
8303,2.7185710023622907
24587,2.812747155483106
7229,2.770896129017476
1701,2.675450580210564
5879,2.8546457885148495
25756,2.811401701004704
56,3.0419580660104693
730,2.921287024846018
978,2.9537303886604076
18595,2.785173191626815
20625,2.9685217649297635
13398,2.7655965899293964
1499,3.0264154746852627
7730,2.7503527145795874
7570,2.5771959683376777
6194,2.8374215799551976
23102,2.570408558669673
11746,3.175631962967438
8301,2.772432904777912
16938,2.8896504635384024
4960,2.987896270164573
13829,1.5858440743814513
20362,2.851210182148674
26181,2.894448212608392
12269,3.1631519578869387
4364,3.075910818386162
24570,2.885420557902199
11858,3.0860332357876246
15484,2.795087719158354
19224,2.7713977694339835
13005,2.540776773065373
26170,2.793232810954732
5733,2.617369767186639
22721,2.2623214951764874
16004,2.3819190334293032
11578,2.7605062670308547
7699,2.5997336321441114
22140,2.5564655115574375
24953,2.3988156712571738
6639,1.6292498175923242
3653,2.9317461366135396
12833,3.062076624266399
18857,2.4693057443877557
19821,2.807094101637705
2416,3.004548865423259
14396,3.0082378528323894
26635,2.7572376760679123
1614,3.0357731052892483
18683,3.1002729732333583
13791,2.731145235703807
9273,2.5780852109061443
12684,1.6473062884122995
8976,2.6340677766153107
26202,2.4827551446094596
14164,2.8824281156235774
15394,2.652931923934728
24801,2.559947574305037
2366,2.0535893274211237
24435,2.6852874959058273
14235,2.7666576332957695
22328,2.5917493107434817
9347,2.3024345429748876
13820,2.563274946418502
21226,2.717680024537024
4786,2.7673992303415322
3996,2.9688393295202724
7074,2.977146428619473
20366,2.9289517348292797
7540,2.8511080040999137
13105,2.6700911187251952
3679,2.767316169563345
23569,2.9638685334915515
20892,3.0142917048465847
25016,2.6422825770312204
15073,2.9590666203042066
23015,2.6875575326497714
18735,3.0154294928458536
22974,3.1227119859169337
21245,3.1246892411818137
15976,2.119419209921556
20869,2.8052823840776133
8408,2.8202806445476694
23287,2.8305983932341943
4970,3.0482699697105358
23618,2.6711841295456216
5531,2.8553572851051396
18192,2.681935076598122
20027,3.0101410305439837
9292,2.9747814819636167
6101,2.846221753475782
6395,2.525219195951022
12899,2.6069244892162278
26080,3.025269090630255
5608,2.5369903679959855
11552,2.766234405302176
23834,2.7429800447446704
15508,2.9175135430194636
8093,2.603445774217818
23079,2.657035121363105
4878,3.179416378027368
3804,2.4982052343042573
8771,2.773906480148788
21662,3.227162405899978
6486,2.8675012427595097
17391,2.8060746725907446
18804,2.9664534804081866
19132,2.8117274154545493
7663,2.5917793256212747
26417,2.788069998423012
13268,3.190417413905082
23448,2.969740560794562
21994,3.0100849057796455
15959,2.89338721583855
10489,2.8180698881910944
26323,1.9082867339085614
22500,2.6114501876409624
7546,2.948304533943822
17365,2.7084457251443226
7694,2.043742288881895
8955,2.5950023583991744
25602,2.516963851518781
21200,2.8875406940212986
16580,2.9663164833330096
12735,3.051111254049519
8836,2.4497335399742455
18002,2.8472408157028255
22001,2.8123269106204565
14811,2.7100633627106414
23666,2.9069018136286866
20422,2.083165376466319
2340,2.95110816427884
9381,2.985978251751036
2913,2.767635734127536
24510,2.0520147629086893
23269,2.8480332733336753
7004,2.854040618174488
21715,3.124558965197698
19219,2.486050390042209
16930,2.3794631732112728
6227,2.858079994629573
11788,2.4967993384660145
10590,2.4531120066187015
14468,3.0536739180283163
22139,3.0239798479690707
9394,2.2528975826181905
20560,2.593821504083704
13484,2.8356871895319125
7207,2.629276831354593
15973,2.8657960490765984
15827,3.17671153203741
2477,2.8365025339610606
8674,0.596173815749261
16683,2.822735347252114
20204,2.4678553362173314
23206,2.713797961096729
4558,2.9022301737014278
19147,2.644950152444901
7904,2.051992699621228
13927,2.8624372499975204
22768,2.471445239300721
26994,1.6458980442234523
23772,2.7432096665062904
16425,2.7613538026463167
15931,2.7430976208490665
13617,3.0577124125259303
7039,2.949021516054889
6437,2.469250210642323
12862,3.0090504482246176
6021,2.661403829305315
11489,1.942383710597456
1126,2.939309359894809
3939,2.7063525111067532
7308,2.982285071183456
26476,2.683749485306081
6634,2.476277749961987
26246,2.3970945179809053
17131,2.960952119823091
23185,2.662750251212315
24163,2.66864080860031
1669,2.915533592109723
25861,2.5164940869563157
15288,2.8085452029034323
15063,3.129482243291652
8176,2.262298328200267
938,2.5485645324018225
13477,2.824187241510872
24388,2.65353697700855
18584,2.962407316785307
22211,2.963032547286052
14628,2.9411196927595986
3898,2.5893895571827175
16036,3.0485473039336877
6744,3.0316920790372186
7919,3.0393674573496523
15049,2.0710096085188576
20551,2.5913628889198166
6156,2.894895705779621
3312,2.860473274708686
479,2.6152039932005544
1596,3.1185335675955335
21013,2.684950155537789
26106,2.7011188573105582
25486,2.9358090489040105
21569,2.876392373921905
16167,2.7229353620641352
24730,2.6928457889690973
13445,2.216503211781857
22750,2.933714240970143
10679,2.72187284791182
13671,2.502466628455592
10038,2.6525900298492324
9473,2.8731044618711326
8473,2.6151489230777862
17263,2.6837913688113946
15884,2.6785625602057936
10379,2.776765269002028
8839,2.8778638832125867
17880,2.8444877151547705
11805,3.118122342732775
20659,2.2083763837872077
15404,2.9614210025430157
13871,2.554090822092147
15834,1.967212205202543
23318,3.0219487014620663
5715,2.9497693024492686
1786,2.666637927525401
11901,2.821637755675861
14906,2.650800514652457
26701,2.96940123018273
7478,3.0299423576414086
21177,2.8346264219743134
5718,2.675558008437246
19530,2.9306623927361537
9415,2.5248378247776424
8040,2.598680977053111
24267,2.9802268298909103
14856,3.0804756873073726
883,2.781111105601622
24087,2.453625662651524
543,3.0054992139535006
8759,2.9368599795549395
8798,2.626931370360901
23271,2.8629893856200925
24846,2.386233225828777
11741,2.995359661988006
17497,3.1246312030162446
16641,2.7804602867285464
4919,2.815118274951479
17462,2.2501928346701763
21790,2.753626828042874
26390,2.665215828715227
24346,2.8255980984717293
26342,2.5663987676637965
25825,2.987793588582718
1977,2.794511551939234
10795,2.8158815223996023
19048,2.907811757627069
16200,2.9549683085730414
10336,2.5189299183147664
20636,2.597794548861454
4457,3.013407737292061
5740,2.700825799311209
2160,2.859669028433989
12621,3.0207735288801527
7820,2.7979874002902863
990,2.2198153223495347
21099,2.697335766605742
25051,2.888671175450889
25994,2.876122242003348
5434,2.7549672730041257
24239,3.05504721472481
23843,3.0338641094381407
11513,2.8012811475969794
18082,2.9195508008663036
17533,2.610299309639865
13700,2.953319838091289
23166,2.8391313886523184
12974,2.9739987246616835
11596,2.778868857292225
510,2.801769523161198
14242,2.7926565528897993
10129,2.668157784934204
19792,2.252902793995393
8348,2.7658383554701813
16687,3.058040503884969
9243,2.927113824923173
8194,3.1214781661171664
839,2.6698997492436805
21965,2.881396754288277
21945,2.737444587291064
23216,2.8111921466788155
13819,2.5491546910886926
3957,3.101938665526591
13357,2.9996564903070175
4839,2.896003547298764
4889,2.747556920107415
23241,2.7805897803487185
762,2.789248051845455
18068,2.451183508741374
22034,2.983465456837851
4840,2.59591922572103
14253,2.7245211520383577
20369,2.1948109255526513
21366,2.4633699669086373
13842,2.7249475921204898
7076,2.9820191261712945
1142,2.79262001900997
11655,2.8956082581429645
6189,2.5851084526017942
12203,2.9054360241835084
26987,2.52527991133447
26833,2.9723953862176327
11920,2.720692113342142
16752,1.7970276671376102
21349,3.0592868272978384
5461,2.3628390691288548
18834,2.7998704507122327
5156,2.665753198124812
1801,1.719842926890808
4756,2.947131746643341
11295,2.6618347052592193
24259,2.985860037990346
4349,3.10547439211266
16110,2.6019765289520445
17648,2.9681921224173333
530,2.835176782626522
21982,3.1091896881512033
16668,2.746595384672571
9827,2.695521499243846
1919,2.6437274372978328
10945,2.4167755291362463
12824,2.745278947446113
124,2.7738974652159967
14813,2.8562966592405927
22562,2.878854912093218
24367,2.8201080221976365
21297,2.6562421732931383
10032,2.7273634112398155
18348,2.772822765196953
1949,2.7640012310157105
26589,2.532452553640013
26602,2.71450416821416
14156,3.0055376371986067
20925,2.5847603916016766
23837,2.6286784811029484
11366,3.042391648103932
10604,2.4278909815675203
24832,2.063031805914162
11429,2.589378354998462
12314,2.5715604131376657
15402,2.680169613459503
10571,2.901610390882263
23698,2.553696515798384
24679,2.511918516182645
26615,2.8200670817223163
24751,2.795828632150021
6341,2.8738965783778503
11068,2.8592223241846435
20081,2.7563219997583115
13599,3.0159099000465015
17117,2.6269516991258035
847,2.457907757391287
2377,2.146016067950317
20113,2.4126784699835664
7894,2.745933054370487
17423,1.785691882695741
25216,2.5590801504533025
1903,2.977533594763068
18805,2.4679758877033904
21877,2.925561851344911
6679,3.329840069165
17016,2.558124416501158
15145,2.6433932675708487
4335,2.761371855737053
1183,2.4137495934850524
12294,3.1184364104729543
22147,3.1944205101760685
11118,2.3881618340958783
3060,2.498658407694976
3859,2.817295171213684
24478,2.313791912602677
22293,2.4909217288719026
288,2.9663381809931817
9293,2.756676424152022
9805,3.210314809301154
582,2.6168125554848953
4687,2.8578336876836197
3270,2.4795378785046207
16893,2.86770844471152
16815,2.4813902001391797
7035,2.6267982837294226
24749,3.1586614905244503
3879,2.8254310924966934
23217,2.874114154941887
2180,2.013132602085348
26946,2.9862349363269085
16468,2.7721448067816046
17554,2.3142530025480714
10327,2.764283829317194
7623,2.337201845954011
23632,2.8997663461998364
10613,2.889750963802206
18508,2.8787068726989973
18772,2.6363728717047072
18522,2.769556816403075
18314,2.754629843618468
16795,2.626033814141341
10155,2.10906387632611
16153,2.310172098337791
20832,2.852521256517312
6201,2.9842513231087597
24624,2.7414692638364873
3281,2.758046802666192
11886,2.851457967827497
7635,2.889645935531209
18012,3.015576254272969
13935,3.049966782260635
18216,2.510759468025986
19294,2.5040553434248074
22084,2.4346636437131637
12511,2.7007518969028492
761,3.2371956426800077
7013,2.6854164053190277
10399,2.4917357701092624
26341,2.771056259834312
21322,2.8155059631618986
12548,3.03482587376218
185,2.6634744162791426
9055,2.573025291327721
25300,3.029663508844923
24897,3.1599731870012615
4062,2.9915480561211356
23183,1.6814442793061257
10857,3.0246959888398974
20860,2.5961783923510535
22672,2.9822671642835505
1415,2.804391015834948
25722,3.202197433483624
15814,2.7363956988621614
15643,2.765645553619974
16563,2.985098661561164
20853,2.796503389996946
20169,2.726921809898902
16257,2.913126516957874
22897,2.6045199321464256
6413,2.6982411656999457
4327,2.0618862729318272
15021,2.8573621180714412
8776,2.9696268693668335
21107,2.6562139106479976
9049,2.961627097284815
2868,3.100699259776347
7670,2.6093679554669253
25091,2.5011819880521977
21034,3.015891904001091
16658,2.9054536849217882
9786,2.507520244574903
6630,2.825733878758437
14814,3.0646098877578307
7380,2.762405779339241
3118,2.600988752759818
17139,2.6951118962862375
2952,2.340816323683059
17007,2.7912398016164963
18986,2.9176884902023517
12876,2.8291164850908497
12964,3.014593654155388
16761,3.0502997988499017
18317,2.959974999048246
6805,2.1143182095892143
18533,2.9149541581603473
9113,2.8744606427661004
16051,3.053476260583195
13176,2.755605054793941
13470,2.697789670627459
12635,2.6791237795027927
2205,2.9035896830171763
23074,3.0270082764109487
25763,3.024816748733702
12846,2.6755093890615194
20951,2.286987964162187
26686,2.8299663095906045
17728,2.7374740920618192
2456,2.9033770405292283
26916,2.8363451240976216
8823,2.4558674423687954
18067,2.8600484356009006
19300,2.4164994912117574
20882,1.9731296150026998
17165,3.0805013507874968
13365,2.6971520181813657
12762,1.9204691446164182
10523,2.816539602138459
14669,2.2452440880659332
6096,2.3030422419585896
18541,3.1622180957401693
25257,2.5398166223645915
24157,2.4212567688412934
22429,2.9663926868749377
11090,1.9324452218764367
23199,3.1301763530926454
23141,2.7608544200902854
17239,2.6701310101267564
17654,2.841024746686454
13219,3.00988961487759
7475,2.4592216380979033
2552,2.2416214902992593
6975,2.7508878339874485
8651,2.4976186919716983
18401,2.8730138067761755
1665,1.7745099605534451
21035,2.9635392629285287
3837,3.1429698376156314
24088,2.9730759009071797
2582,2.7171432400111053
802,2.9581052617096217
9179,3.144747664812756
17928,2.8246797205890215
8916,2.8543724542427875
23300,2.7181098209964953
18936,2.265748521802128
10282,3.051398222940231
24473,2.813736420036177
7963,1.6570454588939263
12877,2.573206845365252
18894,3.1409177188082644
23917,2.6239372410383366
16857,2.5121283171551214
1811,3.30029766936037
25124,3.0629570916286304
3527,2.964024133875482
9983,2.90286853219688
24952,2.8767071180630768
4295,2.7934191407650273
602,2.794774767775749
12300,2.466398675936124
906,2.6900035246847502
23374,2.9894808843996854
15647,2.7297799734227617
20752,2.3102958361001105
5040,2.914900032651403
10360,2.722783398162732
17782,2.8700459834588457
15019,2.764407873217809
3275,2.797758577563037
10525,1.6239612853081093
1760,3.1958575543544083
25650,2.907366197824631
20406,2.5677838075113586
11137,1.653462185023997
16975,2.9491546428019983
14167,3.0038429052078155
21402,2.667347580490051
17942,2.954025489823515
3928,2.948567817504275
22071,2.8730753787563463
13476,2.7483239238313004
6107,3.207441951964483
22565,2.5361277775667563
43,3.094953393635358
13856,2.7192805422693156
15645,2.7528286245631395
21539,2.4084846946092213
4969,2.195254333304429
26481,2.9544683930536384
17233,2.210971256864357
19707,2.734057262880623
25077,2.5121680789793372
17598,2.8914510435149747
10603,2.418023681991617
21047,2.48667814071558
21052,2.510058631056796
874,3.0838502852228387
6877,3.011646410950764
26483,2.959891715503126
18954,2.216366917081848
8895,2.891634758256529
1626,3.0465559655821393
20364,2.8474054220593
15902,2.6780915322710617
13525,2.8502462097311616
21656,2.610742355186564
13240,2.8951652262057572
24648,2.6890436702499145
20075,1.7819837019793534
2280,3.0419521988425635
9563,2.582907665055497
976,2.340004118168492
21137,2.689242752990837
13643,3.065479420623703
979,2.4764676371026892
21686,3.177300911730874
3819,2.957812585017178
26324,2.8504382786796514
11842,2.4734962308139252
24721,2.1801178805225954
5193,2.527169670072771
1179,2.5817195927994434
1018,3.1530690509702164
2955,2.296000999266662
25026,2.7454323521279402
25415,2.871941208299431
20030,2.68177043951284
21132,3.0469235161316823
2400,2.6261984065239647
6945,2.700665527748091
4646,2.9748969660764386
100,2.9079134252011536
14198,2.3363067247820806
19700,1.3356532663513772
21058,2.9086252600542486
20214,2.683610419308128
22334,2.853923967159411
25950,3.143597554155195
5425,2.844671889821457
949,2.914558657871008
26743,2.6692803612413054
21654,2.8447049839327807
11183,3.227092554900719
21104,2.89759678612211
5674,2.9149477836595277
23844,2.6534581191238096
17377,2.360945007661782
10259,2.8640017867582905
15396,2.82068283283618
5604,3.0042750545834602
23174,2.9839973563391826
15003,2.8436671910168507
24221,2.3723942197695846
11419,2.774147589548769
20294,2.4569588090771166
17116,2.5982557515832356
12239,2.3826478231100396
25593,1.186978074423315
26640,2.6258273111637322
25792,2.7961077493736153
321,2.6997471437133234
1334,2.2017363599599054
21037,2.8666826968154253
24197,1.7213222106205943
8217,3.0516458850032295
1563,2.7030549871523895
16680,2.9112138618034082
22380,2.1352574132172677
18194,2.7256873772261425
12822,2.442653991524499
7254,2.735426846588719
21805,2.7800136212278077
17777,2.6275887422810436
17744,2.36770458448317
14285,2.96101763644603
4359,2.7352226267962885
15839,2.7495240473277
26768,2.774212832102983
948,3.1610396697889183
15594,2.7226824667241734
2322,2.841964701164996
14213,2.406860416547933
11730,2.5812393725336356
25443,2.8614242915816974
25198,2.6422783676657917
5228,2.9500903653859867
17604,2.99199136943568
16026,1.4842924590217277
19290,2.5044072682570877
25495,2.8017812832108966
10099,3.1250728067635665
11711,2.826561985605476
4227,3.1355596206662555
17644,2.743060939537975
26579,2.7441925029181435
14497,2.5354897244776677
13355,2.6373135164355204
11883,3.138710538195069
21691,2.1841800390228703
18738,2.5157287428798765
17023,2.963206944135999
16601,2.2714202263610996
16995,2.7797330400976628
12939,2.6492491176772814
6393,2.9832497906100808
10811,3.0036054558800975
5120,2.9492884890130426
17689,2.743174305625604
10031,2.825401757531434
292,3.4038264347623475
5239,2.974969767760557
8289,2.3847221355910095
9656,1.4558782386791318
2504,2.728038462037954
24083,2.829440570147955
10371,2.767477439745892
11364,3.0512701892275436
7391,2.464136476846288
18041,2.4544006867942034
15949,2.999436095227475
8954,2.9650851284439366
8281,2.745107213132864
110,2.954969287475342
24268,2.389925186596338
15547,2.948705326364592
14810,2.717366067260518
1417,3.072215099356212
15186,2.7472108989035005
10946,2.8991080186321856
11391,2.9432898263644147
15914,2.655841913456259
18781,2.917741065809764
4077,2.507070042639604
5356,2.535240444915509
17690,3.021101575751433
10917,2.8671805926904286
6560,1.8646315654392736
15683,2.6596349241280306
3349,3.0044636272529184
12521,2.800393412494318
21422,2.5332759492079564
8437,2.4867888105056637
14610,2.6157615064846405
5063,2.0053086269712046
10470,2.5936565691441937
18923,2.8062282022585565
15163,2.844961284133984
20722,3.0726023764251438
17052,3.0085420231581717
95,2.8176292571640844
15532,2.525670779249103
15589,2.890243032464843
2611,2.8442093536068622
10098,2.781082756149006
11010,2.8954066762610373
23038,2.425681136029276
8411,2.8780808385946535
16664,2.5035954044137982
4155,2.6610979495375418
12672,2.7843155589869215
7420,2.4444391126614082
21942,2.6159912473203355
10925,2.9695720159808503
12558,2.8540003721551876
26990,2.5869431198113313
6170,3.075897612937695
10649,2.792507714860452
13963,2.7672124254044363
24558,2.897105985058823
5703,2.3079511078085417
12749,2.70969294908941
22507,2.9941981851568813
24761,2.044488041487813
6457,2.959376071688053
1793,2.4777597347661047
14976,2.6196236753907267
20907,2.9415986813370947
25967,2.276627800043857
6742,2.6165797380788947
26445,2.072351755703711
18729,2.7707646066028877
8851,2.928205687668392
20735,2.79945784577795
23877,2.866718163114626
4791,2.8343429987844972
4200,2.597651078069894
24494,3.2011461675779382
24209,2.934354952829646
8085,2.9310647934122294
319,3.1160172932875794
9432,2.778128056337918
21258,3.018257923578483
10567,2.9562568858976186
19490,3.114168520374855
15389,2.8806457607725173
14102,2.791599370231535
15415,2.1933474638745345
5913,3.0201340737849867
5614,2.703729985358423
19560,3.0366190434411706
7232,2.6833876790649622
5493,2.5717666361088694
25223,1.828638729886087
9408,2.559633802430507
24231,2.925410951193336
330,2.9098824542465866
9978,2.6553501589552564
9004,2.837947640016132
10170,2.7739974084411134
3116,3.0404619909880797
5790,2.9585118102704655
3331,2.544198595230046
613,2.9329608921289183
26790,2.509625137790183
7579,2.8458002427775178
722,2.3510366600932127
16783,2.97973278966775
5806,2.7702709623629787
6158,2.26702776371449
1860,2.6692127501604492
22076,3.0170067976886012
11041,2.8207909262187196
8598,3.025857093000215
5430,2.661603480660423
10302,2.300584607479651
18334,2.8204089353499424
17003,2.6425041169179284
15891,2.8445620124326036
20226,2.5743329872616876
7496,3.319976702658765
25554,2.59021597812279
17920,2.9547729017529702
25295,3.157984981263131
2259,2.9967705596650984
3464,2.624655717482042
23780,2.784771071573145
22216,2.9308183452275385
12113,2.9303410259480094
6900,2.917993798319742
11562,1.7623062925594821
9925,2.758073334083785
24482,2.6930787965073946
12529,3.0195942940517724
7874,2.8486420338509224
6125,2.725618173823883
17917,2.2368124409226766
1278,2.8648277692487762
26057,3.003246766500589
21090,2.523534017674782
17981,2.85379993153543
13864,2.309215519195286
24618,2.8180324026674164
18836,2.639498372284474
10216,1.057841260739755
14590,2.3866456681607144
11210,2.648255380928339
10884,2.900030164500242
14532,2.5030311118939403
13571,2.8383819436912607
6057,2.6144427344939682
20728,2.620338243376422
12934,2.918441043195422
25837,2.8262937391146146
7018,3.038612374454041
12083,3.0890245458027428
19774,3.0484143155377827
5688,2.7572638886726852
26594,2.7631976846693718
10184,2.728700359704586
17566,2.7182738781735436
51,2.609536749116205
8500,2.3092293720338852
10856,2.9613898109020558
92,2.790231478348237
21502,2.935371983396135
8218,3.342094835102787
9923,2.827770898744957
21989,2.9385426576360545
4329,2.7031923889509017
15570,2.7918581516617094
18119,3.2633521095804903
25708,2.787901654074843
10537,2.530091097592878
11277,2.6202727583761902
10510,2.897685415587863
7444,2.563826672527099
26182,2.8714979691785603
25151,2.8327569623504893
8554,2.819217262564681
10220,2.865786643322062
25306,2.711103735289063
13454,2.7146421256791182
23927,2.860010925287781
20593,2.6508671150689924
5340,2.655929550322225
11659,2.445465863793558
17802,3.116922279269029
18340,2.7050365369179463
7822,3.081608616558613
9267,3.1067818497246855
9167,2.9071485801168646
14885,2.986143976738124
7971,2.601082818424363
11270,3.144294545872007
19743,3.054681280651529
10986,2.7998413279819996
15447,2.3825455835216407
3869,2.8597691475987794
16323,2.9663634239490033
16545,2.6952942481553728
18536,3.075854161326582
26546,2.8233596924700124
23497,2.292007871460046
21316,2.602699571434577
2593,2.676746483162065
21853,3.0982372843984565
9780,2.6603504296057876
23438,2.7601023652943337
20287,2.7295311078255424
21390,2.8304053513661604
23826,2.7566929307826076
4526,2.9383728351726686
24505,2.953652795386503
13496,2.535610603394934
8484,2.9450505024003566
12712,3.01134959616414
24793,3.060119860905365
11184,2.7426369473768353
6050,2.900535298484693
8846,2.6961566499082688
8166,2.294451901229385
13336,2.9012368909590207
9703,2.9233713115797686
17907,2.7259942981679357
6676,2.6383869728959968
13827,2.998542522684795
14298,2.308304315380937
24521,2.7824948910267584
23558,2.6098972739645125
6127,2.598210917796977
9705,2.479087277863072
10265,2.3710969216228306
20763,2.4391501321901505
23537,2.1512960186217294
10788,2.51054846581331
7636,2.5664667900391693
22910,2.7868244101337085
573,2.375137301159821
24490,2.9306169154906763
14514,2.851293445742579
25453,2.9403318609868694
10564,2.9635277017296886
15691,2.7256253784509505
13203,2.8959012077945006
13410,2.665576867315363
6993,2.991288445163341
5396,1.5018554678072227
17196,2.738322469468579
15793,2.9870099149447595
5679,2.6930039658594995
68,2.9272860638068354
25779,2.9237504013088635
18223,2.1346509587282134
2999,2.9157089185167364
4746,2.2969943063917238
15537,2.9023210108180786
23588,3.086710671919841
8532,2.7808479834986115
17841,2.171314688649721
17842,2.9885290482300975
23057,2.923177310339338
5691,3.034355887877883
21157,2.461085634607743
26960,2.4663479469859295
9116,3.1637521606333947
19861,2.8926659360444953
17624,2.896915909940303
18388,3.2077530222864583
23885,2.72927862948257
4341,2.328232762483972
3017,2.829741346282643
17579,3.032421236457704
15285,2.227154292577989
1118,2.976377811739243
8014,3.096786195839467
16579,2.6270178224216676
4075,2.9343981895081286
26794,2.6025237799220093
9664,2.640795096079223
14726,2.518949896750427
12960,2.8374448931771212
11540,2.6456628213126376
20492,3.2280418095285097
10307,2.506189145635323
12961,2.634911671307134
18715,2.6349330909068334
20761,2.6489206167553148
12442,2.58008405369181
14717,2.7292717338300747
26603,2.8556580447275537
756,2.7395892250583875
3495,2.737590272902768
15312,2.9012246987302563
7143,2.774054340946548
7740,2.5857884366751613
21268,2.159101206555538
11427,1.5568164820563455
26029,2.938569150166573
14713,3.0392227133571614
1485,2.9646012410106626
22869,2.837775145335834
7652,2.9532240128438643
20419,3.0906864293458076
16993,2.742519345244144
25782,2.888196315034357
4267,2.6995225798908935
10586,3.0511570030951436
17682,1.4217270502504271
675,2.3695353520999425
5134,2.2370960825596473
23,2.883805773936614
25457,2.576016641121555
76,2.6450278567285
11052,2.122303647697942
16720,2.7665542354465034
540,3.0496005224124882
18121,2.6646199393533663
3046,2.7284196149299547
2036,2.5079409974657207
3065,2.880719892909083
13664,2.238071718074712
16899,2.3105615405673627
17248,3.23713065356745
6109,2.7857577372160374
20440,2.6307978591071497
7098,3.061751375448747
6375,2.819336945606631
7871,3.180590744453029
7980,2.5940829485212658
13715,2.9992925701460336
16451,2.6429997363678956
6927,2.7623868490485313
1041,2.8360413185810933
15776,2.4730718368490074
25789,2.7820751108625394
24409,2.492419205219793
9605,2.548845738832516
114,2.3182964848160053
6991,2.715325592299019
9390,2.207836055735401
4250,2.793339204065853
7550,2.815301158909863
8422,2.938631429890141
12596,2.987651717264088
1501,3.286498944723592
22553,3.005102545363925
25246,2.724793069435432
3853,3.0156603472862886
10742,3.0846945997505864
5813,2.5813477107157246
19458,2.9264787600755833
25499,2.4603943676742452
1758,2.7142032959239257
23109,2.6295817843236997
4310,2.6179003490398234
7644,3.019745735436072
15766,2.614855429089295
10895,2.964463932435869
3680,3.143015239222114
17184,2.8979316385223166
12706,2.8208157551708433
24284,3.049921983621812
22836,2.919383295590985
3598,2.685515081247904
20197,2.566945482376273
14775,2.8502548967949393
1480,2.811545983058581
15500,2.225431860983749
7410,2.8157169001623723
1406,2.894345189723603
15536,2.541838950918347
24382,2.6743175744082626
6278,2.9193562146626575
81,2.863548592052219
24995,2.668651288228081
25481,2.878165000280011
9869,2.7795552956284912
6319,2.6055699568766424
11911,2.637942346741122
13453,2.7221380899666285
20775,2.652559414306158
16997,2.8727570732894594
13293,3.0280416864010427
20754,2.684183223240832
26593,2.9704890849180083
14569,2.592420318862875
13080,2.9981922198944257
22081,2.5143891454956617
16640,1.2160354733451573
10796,2.928908089497716
1780,3.0876827980152806
20217,3.0670952812070373
24928,2.594971502281315
12494,2.6710588043683727
3822,2.74154566720304
19977,2.053120724772574
22218,2.746759048301462
14078,2.6837515787083217
25653,2.7449738587712003
9443,2.855617528918863
16937,2.9049051161546173
11244,2.697128663481055
5837,2.9384796323875984
19051,2.945424212036653
20158,2.920542192212447
25376,2.841625800410863
23100,2.9071224101595323
17328,2.794287436538579
10247,2.5442381787146426
5044,2.780924986627405
14346,2.520705973950179
16145,2.354359407953142
3838,3.0022155191199955
22994,2.8174731026187625
10496,2.823643792036318
6351,2.966986662087427
3231,2.994342555834227
588,2.893081538740495
14340,1.8125138552855877
22570,2.976728475229569
18132,2.3940306723195435
20568,2.9444596168841772
25107,2.9091808532613457
13497,2.6907715445038094
26386,2.986313094971526
21022,2.3206470837407407
7790,2.7990319945297975
6169,2.1464743346926083
607,2.9227144621354144
23596,2.2518803382146806
19461,2.9763245382645
16320,2.800334691247195
23281,2.2489219924484756
10370,2.764526837521517
2984,2.6215880216309824
3279,3.0126229842042838
9066,2.912213534943069
2815,2.4664773001154994
15367,2.580404981857784
15611,2.7984635921359917
23231,2.297459143524146
13619,2.702277004320415
2649,3.3186602606484406
4923,3.0113073742166523
13018,2.9677723614923073
19090,2.8076125650789687
14882,2.9153715878715785
13102,2.5059643943765963
2347,2.7891487809337874
754,2.8260552064730997
19357,3.1099480719473442
11648,2.67724481846968
26359,3.0574095925922475
6635,2.7802404128119593
14294,2.8280852829710277
8721,3.1232282770232094
6708,2.8186768663216757
24581,2.2505590299372358
1414,2.770434811485711
20471,3.1199297485471083
26271,3.0383084560231373
8860,2.398071300012548
18918,2.567953687120219
6157,2.9953260545133698
3033,2.894854427285153
24477,3.173230947492815
3628,2.9356017821421188
2422,2.8324324926575404
5289,2.59018067292965
14773,3.0583004029847474
5556,1.902219908189088
1348,2.7353381676384085
11966,2.802697451994121
8495,2.9022183204035032
7063,2.991177553345832
10460,2.665753828202391
15354,2.785081552062787
9895,2.5713084218001128
15205,2.9888905867141857
24498,2.499397728334574
12026,3.223126824718438
18419,2.9253158796067145
5896,2.9004668908695352
8562,2.61983888483582
19369,3.1399609598080995
1618,2.596493162364705
19443,2.9890277075400355
8471,2.6963974303517193
7045,2.5688561979821083
2924,2.937061664620624
3206,2.689722054728413
26465,2.9642303070129126
4274,2.5494970339874676
1387,2.9139786530940475
13592,2.8817946075485166
13388,2.6474152954508328
26978,2.4393256935070644
13915,2.5257920786917443
10411,3.184209791653684
25060,2.6483608556418554
8283,2.837715720225924
1950,2.6474983038692783
4829,3.1797096448185576
10928,2.9452857799561984
14987,2.333348852712929
22545,2.8357693260971293
19012,2.584934228138663
18928,2.2471381612625247
1068,2.5482148990816476
3660,2.6306710245478198
2577,2.9392311615058673
17613,2.5682004987850684
15431,2.620341047471809
2470,1.667462617159594
2274,2.6749402448603723
11159,3.014333345973829
12938,2.990522094351318
12841,1.9423318368200952
14945,2.595026495749642
12445,1.5911750234349278
1265,2.960979644770438
12386,2.8270212384736633
6609,2.8873721163900448
10958,2.894522467358617
7864,2.9405765509248214
2845,2.8466634080484585
3038,2.984192498096429
24732,3.0346519789330335
16457,2.8046928294644577
26334,3.0223454232696834
11698,2.8219490610604008
21646,2.128542935130594
8774,2.8133411361120086
26845,2.900235939030312
21279,2.82777531688844
24444,2.5262370451398124
5032,2.9270746066922895
24985,2.2835432461976826
347,3.2808021892391643
14817,2.4545854257152366
24986,2.771520064447839
2260,2.9193717833221857
12708,2.606009917256681
6277,2.5699654785919512
16716,2.895505271791441
7091,3.1423427507291146
24453,2.903739424889914
21635,2.781701857512948
24155,2.6999702454476995
9919,2.734976563617906
5880,3.149111987714126
4952,2.4257514994331784
8762,3.0199003915311757
1477,2.966519092753121
24195,2.92752174916646
8372,3.2210786966181284
8744,1.9499378029622747
23399,3.0183033905439247
20582,2.703519374015198
9029,3.0097867611118487
15487,2.6771163023792304
11019,2.87332089220358
7248,2.864994228670196
255,2.7047406395672677
12104,3.1280156985766596
7283,2.159537460218282
12970,2.6116809601710234
15631,2.869533150276109
16382,2.6219146646333735
13108,2.6510964768481875
26806,2.815301527795544
4513,2.916052322448785
20660,2.8164612394144544
10823,2.6012697794339528
107,1.5621291137278501
3717,2.8929547526577934
6702,2.9832453828544137
12655,2.8163349575824927
13342,2.7229692839354938
416,1.8789543845988663
6516,2.200313180038327
4825,2.5251263348786326
246,2.747375458666893
24772,2.8508160470652912
15066,2.6558770397392895
25899,2.8985010009873586
22610,3.1635101776870234
25717,2.7391745148862348
17527,3.0823439677399627
14676,2.7988143307863145
14193,2.233948183759422
14864,1.7616004006003179
8650,2.059039104674855
13271,2.329175534335894
8775,2.3857150692027167
23746,2.650603820285895
4606,2.1813464095039876
22526,2.728040827631715
21901,2.559878807259568
1900,2.7875007432016137
7565,2.648917719328565
24229,1.9117306715764084
13253,2.5844765174550774
25757,3.169475784626793
26735,2.757844282908966
25210,2.924030669299591
9574,2.7134842405646658
39,2.284008854231413
14179,2.8490151102746992
19772,2.490618804280661
9707,2.249574540346278
4759,2.4832596066347223
9551,3.1224256510801816
25138,2.714880612634709
22517,2.392992771817719
16071,2.1884195559712185
9309,1.7915852500184086
2980,2.7536767974949017
11629,2.986071118328755
10760,2.7009194683631073
17133,2.296151586755719
17335,2.9936867926903474
17360,2.714215576725325
3544,2.930604122120667
20412,2.571595106979446
2867,3.181837429062475
12634,2.8457992450354745
19444,3.087979112014062
20379,2.7388231782649415
10809,2.9673143750962945
4570,2.898528269742763
17180,2.721598938420924
6454,3.1888665568196677
12162,2.988678888425452
1878,2.745757262837878
13563,1.9768204962876086
23296,2.6635290866169754
12610,2.805705465653401
20495,2.5268770142331385
3897,2.784558918722675
14988,2.9689024378262987
23896,2.33806048214042
11857,2.583843900901422
11642,2.299808226279445
2729,2.8131820494335606
19746,2.736296971177096
6850,2.9279105355308714
414,1.4045946976499843
7887,2.2610387839004247
18125,2.1404511157079233
6386,2.2151246822749338
20239,2.5680992525479582
22237,2.436425020937738
24465,2.802474757561088
15616,2.819770127206599
5067,2.656671010668169
21381,2.548681223296622
13870,2.6978193480113757
6485,2.787426444785478
26708,2.7504375207251144
6333,2.766725981619158
22189,2.587520284393921
15977,2.90304722974885
26491,2.8310237665599938
5932,2.7156065847002333
21981,2.795628603565612
23804,2.942378878966898
8065,2.772337295413378
15925,2.780525657313949
10919,2.6076889769369784
21541,2.4888604852210245
26499,2.870760590932313
25864,2.9162618730699554
1787,3.1176204181762683
12028,2.6494875662715236
36,2.963937708147133
21255,2.4034226967942796
7767,2.5392475020510474
4187,2.8495824413173327
8867,2.476424947531693
11825,1.966261463147952
1555,2.993594530721835
11721,2.835290270848714
7252,2.961805676552268
6398,2.3098501036770824
18671,2.984693541582804
21739,2.57403521911664
14121,2.465286434835686
26228,3.0041096619809875
15932,2.9247307085391845
22032,2.7098072613373563
3708,2.9328911145858467
12426,2.929355118132386
15858,2.591484362334486
625,2.6767604873489197
20531,2.514870426782246
20777,2.4088715615782093
19862,2.6511250327939075
5775,2.800803165779336
23319,3.3272505246248523
13576,2.6844259426243786
19993,2.9841500511068033
24042,2.830523298801035
7073,2.758098636654853
18005,2.6960945019618645
12012,2.660412521010136
21605,3.001814628261696
26560,2.5068995055308276
10334,2.922541274504829
23219,2.3362529261444536
1746,2.9323298314467463
19815,2.4232681243241023
8879,2.801262541091239
19935,2.910963063839392
11080,3.1709791477558804
7260,3.05119290789101
19455,2.9952339298981685
18960,2.842409370863205
4038,2.171966578217268
21898,3.011553208412845
11597,2.49143630914021
3705,2.8955967382412653
23947,2.7321665440122094
3955,2.7434477292295516
26268,3.1059035190370614
13544,2.8614266834709614
11567,2.638492072896972
3428,2.757309543482803
19858,2.755142893963144
2507,2.8427123826682155
18847,2.750816759665617
4681,2.4214019516434107
19258,2.8575019756777142
8402,3.090653404096653
10859,2.585950445540126
14238,2.492318759833858
25435,2.9263629465617997
4747,2.720948939735484
15929,2.9176622910790124
19106,2.6085159678798813
6302,2.8335595867874273
23968,2.808885088326312
6711,3.1817248172655814
5492,2.96083384547236
22538,2.334776714938972
12807,2.9169410993507054
14136,3.011675716540207
9862,2.8536660326390533
10512,2.887580016734604
11687,2.6425831460474067
26677,2.9135020716698574
11417,2.7920757145296102
11199,2.391241568865389
6048,2.9467990088554963
16803,2.8827147119584313
14579,2.8368420417580467
17142,2.934390353528832
1809,2.739337269770094
22802,3.0337434743081597
7675,2.737211691035877
3483,2.9810155659881716
10107,2.677008212021342
25978,3.2613996054983727
1715,2.5657499734706812
8994,2.4247383023847173
7614,2.326690287895101
8676,3.123042583413234
6436,2.8087949508581125
24630,1.024409691094899
19883,2.268562179731694
5828,2.792380358812747
10638,2.98781148532607
22632,1.8642423127103414
24927,2.8068834932599653
21130,2.512397003262321
9537,2.845814385210703
20619,2.4422585367538088
7351,2.85595215373236
1649,2.9410178572996744
19336,2.592047483517151
25447,2.70120309394529
1250,2.5841769097503904
6929,2.7767507992086395
1109,2.791286845646211
6531,3.061360971409301
19590,2.8135685763629916
7236,2.7253929035485682
13309,2.263234139670221
20210,2.8393844523207656
19805,2.835130165943421
8991,2.808585390846064
19598,2.782823625470912
4861,2.7274557753513973
2303,2.956280248662228
10844,2.935381638833734
6908,2.996391754723726
18766,3.2928425294774666
12870,3.0134917746117518
12436,2.792554249535605
16454,2.657448622922726
8910,2.7269910179864425
16319,3.147892039983185
8581,2.9473853077325773
26093,2.581753828039229
19786,2.6939364222492266
17789,2.8409865891439
24750,3.036254725378319
8250,2.5568810481881457
1257,2.789685697167412
6680,3.043829185663176
8930,2.520639419825582
17102,2.81490374605882
270,2.0583950859879234
17930,2.7837585543050167
25448,2.9970059497611934
2822,2.907616306500224
20052,2.558101924356832
1973,2.0052002605207804
17697,2.830737226517207
26576,2.745450802099455
13628,2.8297231019676907
14633,2.7625202904584687
267,2.5088861491329055
17990,1.9120092235326873
7545,2.6929107354245474
2770,2.937475102462733
19802,3.039795056677625
2329,2.9408172928889407
723,2.845294488534204
5935,2.762857485551456
25360,2.955131290085642
11275,2.8748868186894456
9467,2.6867196974263443
16564,2.845878855398732
13988,2.7030142320599864
15439,3.2080294843789563
7991,2.531139346423937
11014,2.3947752729798353
13011,2.505809618009102
11903,2.5563187638928158
14601,2.4499123176027626
1894,2.5228246447474945
24370,3.04472990352736
10456,2.4960500139647666
318,1.9154825722749051
1536,2.8225515866187747
1471,2.6611420342385017
19047,2.891105940048558
17203,1.2730965049766145
1369,2.827148485004572
740,2.9305439207602353
17976,2.926833342542259
26347,3.05313668688351
1188,2.6378776247165616
10257,3.040644150876483
25597,2.9060372274039428
13858,2.6888317646227846
890,2.687194323109745
22521,2.9852597853428127
10719,2.373180354256135
24332,3.0648004194576024
14415,2.236888690320232
7383,2.8038445090172446
3487,2.7537243180003634
6044,3.0839687618645995
15052,3.0084261673758093
21808,2.4368786634081823
10951,2.5342554653448426
19254,2.868912794226769
11125,2.788223440425145
22580,2.8495205667498658
9945,3.1897262461211517
25272,2.9954037650359733
1233,3.064396901511304
19468,2.7626168772564825
19795,2.6957660714875895
5392,3.0601293722661147
21365,2.9649107577614835
17950,2.696997504975901
18042,2.5964113639985587
19161,2.3513880280620056
16238,2.323533436879951
19359,2.6636448968141813
10172,2.7904142769419686
20295,2.6704107484909922
19424,2.9735855212230184
11846,2.3699875968392607
23085,2.891857743743194
11680,2.437927045754467
1291,2.663592170668028
13111,2.208389993566761
9609,2.9696434129627365
18835,2.9346355576732943
9308,2.662230282786082
5202,2.3381143386337846
16560,2.6052145787738072
2296,2.6740615071115212
11967,3.110292873186181
7862,2.954614726842577
26015,2.4374418745267827
21070,2.755316195640939
23585,3.017325117120847
18686,2.335411589761639
10730,2.7843356200037737
562,3.1515297300580207
10208,2.4837450498836144
1031,3.003584985341919
12928,2.7966374938382956
5765,2.610167413551198
23702,2.4234456875260717
20192,2.925978935706759
24898,2.729284573777747
25548,3.0878789622099307
7058,3.1205186486636944
10599,2.7126853583435517
4377,2.7438079697297444
16886,2.643174197958205
21791,2.7740647655587227
20719,2.746343242987456
6976,2.9308639663809997
23313,2.805744930731802
17526,2.6026152729524066
18969,2.779220412246832
15677,1.9519784004492167
13714,2.554732760318489
11102,2.9990597585564585
15030,2.809253480053302
25227,2.5169408086325373
22119,2.4686700219908606
17395,2.9081315384333384
14510,2.920183483049616
5712,2.7039724962893197
15656,2.618314284415872
21079,2.554946461910389
11358,2.5335107566540835
7640,2.5657311446083892
1249,2.8083879802838774
16356,2.8523601002626275
22636,2.7115222107089494
11322,2.356570120665282
13071,3.0335597062051027
25239,3.1183090035810395
2218,2.6173924236667574
17795,3.033972325162086
25733,2.66438107390688
13345,2.6560818710352354
10057,2.8810568828907965
23298,2.9071138537500443
18999,2.754061974133666
12978,2.264779431840003
23315,2.7812071821493403
16159,2.6767799445149043
24246,3.0674087748966223
22099,2.79006173802129
22742,2.706406818514092
22673,2.9650699942668055
25760,2.912035042281479
6065,2.837528946331806
11058,2.894339688319743
20018,2.5740645765397563
17691,2.5982528658821815
21886,2.756142491700521
22827,1.488650304317601
13498,2.9557243299492297
13751,2.8583488944301467
6010,3.1175776255174226
6334,2.6492778366814487
4549,2.9562081170427263
26683,2.8507984904874983
7044,1.7367358980550172
9328,2.582847073225279
24589,3.0358620589441014
12933,2.686453403876302
8457,2.6209229414173447
2354,2.265189863282543
19078,2.671018502339566
12009,2.8438070819312338
1660,2.678736415105428
22181,2.9864532874518814
5327,2.9319204054290964
24202,3.0316420213007453
1434,2.91906844152018
9877,2.6619355109693945
21876,2.5672536726209727
264,2.9779997434655123
21304,2.84935572384387
14147,2.738189134744225
14778,2.6150291483793002
8324,2.746137697128181
24474,2.786836923625043
13311,2.661455175403476
13491,2.9974106899962134
20615,2.8192355438874537
4541,2.719568005884568
24337,2.7456358514832058
23771,2.9662782976266397
22258,2.667967582145514
6347,2.55234632328758
8584,3.0257471337252664
13665,2.891702868405515
3378,2.697316053732296
5731,3.334201858709324
13372,2.7156623360690966
16786,2.494904231010115
10969,2.866135170251703
18217,2.8095637210123203
8620,2.799478432314711
1437,2.4982169461580304
11231,2.9287339893127164
21435,2.6827807767308323
7960,2.3862277135722545
4419,2.9457409686974496
14440,2.880786722259996
19030,2.8625393196988203
14986,2.7507341021816236
4692,2.682139136789577
11636,2.7961732699652004
11670,3.04108673618703
7441,3.041816877682091
6255,2.8609029109395325
12696,2.3222605973997372
26918,2.9284739895144214
25555,2.749055007115675
8594,2.703391199757656
15355,2.417219715366846
24685,2.1412950770242563
16949,2.7566482685457556
65,2.840676304778245
21368,2.304993781846667
15171,2.717015126821625
21134,2.7860291024159403
21912,2.531169561991401
24272,3.0284497761428653
6185,2.874007439238215
17891,2.769857733069962
18662,2.9405742669263213
20944,2.91791730077428
18583,3.2979439292573063
15885,3.1164220559824027
2865,2.8170203319178775
13556,2.695562187923668
22049,2.66394293645799
23165,2.7544399589656936
18018,1.5929140406134377
5113,2.6979616447980987
4408,2.7111544537708703
13426,3.029242161675117
6025,2.1568825863325825
21971,2.8319296438800845
9883,2.8415051836493737
21114,2.351945867345974
6890,2.6906873748611813
11847,3.1911686057104296
7512,2.636377930218671
1421,3.0708674658827495
18648,3.310913420777271
19808,2.8647490947198126
20011,2.0314579344521606
8000,2.9180863906343864
16059,2.9734655815815
73,2.9779213901478547
1843,2.964814809184374
770,2.8894411196064875
11228,2.3577318498210262
14679,3.0380898539124823
22842,2.4068993664759772
9436,3.035281248269933
19739,3.2924993160854097
16243,3.0434569045369613
16798,2.884323087589594
25437,2.860332901194021
13406,2.892752500253561
20727,2.937314724335738
5938,2.8273100375650095
9679,2.313583876528105
26375,2.8180803820371167
24099,3.047170215476772
4027,2.8844690340664303
23628,2.858304338990669
16056,2.551239849395154
14377,2.855095840403123
8974,2.844658348698205
5897,2.436128830236317
3963,2.3410845664711624
3937,2.4889242759767134
4414,2.887714967276226
17736,3.02295070792246
3146,3.1151014959693484
19551,2.7070211526166927
23264,2.9404711855127332
7507,3.016280686265337
10767,2.766744574934727
6192,2.804854768621506
9990,2.9241373216048667
3514,2.998138271441874
7272,2.6298665087218507
19688,2.694910734149091
1203,2.823274854632772
19305,2.686196282383166
9691,2.8276033606489865
18153,2.9940401604343685
9411,2.6941577179463256
5255,3.081136525131672
5957,3.0647504124518137
25400,2.5443966127734017
12108,3.2312999390193107
15678,2.522532323883038
18304,2.8791980537273294
20606,2.7989732749904603
1055,2.5484133689780317
13880,3.1658102616379127
19981,2.7188481371892377
1525,2.9025395143689448
22396,2.555687008053836
22873,2.9771356057770366
5154,2.60012524943379
12894,2.8760788527675145
14126,2.909177328815919
5664,2.7482842700370966
21596,2.561636567682679
16409,2.402649336131196
19160,2.8862253371059277
15551,2.6943041534274106
24634,2.8347476916848007
2970,2.6527692424558826
21757,2.921188065382461
6999,2.923558251767282
493,3.0051348088183194
8664,2.443204208084928
15580,2.7806659816482813
16120,2.919673088537009
13801,3.124872750915648
10482,2.79035501429559
6026,2.4868782063029773
7238,2.6550983849747642
22343,2.7496753885571583
21063,3.1821145671609883
26993,2.8321936747502807
11141,2.6868912957904683
2550,2.2833825763172007
13301,3.019891149881318
22971,2.3907148075685263
18335,2.4588096009856373
10979,2.8999367826497395
14925,2.7422177312862974
12929,2.913399400445509
19211,2.5336325836752036
23560,3.0053395158175733
13292,2.4472699032145813
12563,2.505824455129958
815,2.484803209840031
17054,3.028601424329891
7607,2.49273432856774
4087,2.9037803156914066
19847,2.7015127624269364
19077,2.459044978177643
20926,3.2296632923547044
23676,2.6388934202733987
19276,2.7186076439652154
21803,2.912396525716036
18578,2.496421895678601
6922,1.821920360639484
8907,2.4283156149184597
660,2.008974044444426
18447,2.638855265194854
7358,2.218461839156558
23799,2.692091655956212
17994,2.834242723237653
18382,2.8491635107594315
1461,3.0432672763579496
2409,2.1894719637622377
296,2.5387436013302116
7548,2.6420059815504056
7942,2.8835339609849466
20781,3.270779720959157
5789,2.7847717005973545
25502,2.3908942556402293
20917,2.842927284579057
17336,2.9235805663854126
21091,2.7513629692551103
21495,2.877825593021595
18318,2.845078377013402
12420,2.855498522915811
19472,2.8678056495906015
9855,2.525966080526448
26748,2.5711255472368006
24411,2.637672961026119
13795,2.8957996286811687
8381,3.0326141034586156
16703,2.530268673944896
19270,2.8434911167634525
18107,2.842251076882268
4190,3.059896372879954
24459,3.006778571505422
4350,2.869438419947132
8741,2.966950601640765
16375,2.7419495496354256
7630,2.7624182755443956
23212,2.741215076756991
2723,2.8383545197020315
24601,2.999316165999839
12459,2.85980876393524
1463,2.8334267616401423
496,2.6756877469499702
21629,3.0727121625061975
11696,2.783651219634105
4008,2.59612119925896
19652,2.7687400401049937
2287,2.675049541141256
8655,2.682230011636384
11982,2.337279360463199
9157,2.6992252961144905
444,2.7100719336061854
10268,2.410712333850314
8630,3.1125137541882753
672,2.983461791413139
1494,2.5195650824076017
23191,2.9481782411948982
17973,2.6141881063621453
5261,2.664962043582527
11744,2.5387554615353984
3751,2.8795699607432783
2670,2.6678107274574003
15217,2.982149444441264
13378,2.3596342679115945
2083,2.5773259889946236
80,2.836842295163489
23755,1.6188328053586032
18166,2.583097416116809
14150,2.727386196707285
9696,2.86084176737089
14067,2.7535269056447405
22940,2.7741028611754794
6572,2.6332786010808413
25097,2.66496453207169
537,2.9353836718033173
12700,3.237588101110262
26471,2.704790940736926
646,3.212461725205081
18634,3.0059171642739657
12482,2.645443268957527
3109,2.6631815513807555
25932,2.784661641563871
19566,3.0371965004945354
9624,2.899804410146404
14935,2.964013710345791
23544,2.818693391661675
8524,2.9566012675688382
3030,2.7791844638708074
2102,2.473391282177791
9554,2.634813752842568
26878,2.4713543921392844
7145,2.418899127889159
25038,2.848527565281777
3891,2.9359456605532954
23149,2.4147638417084227
1995,3.0280896104646704
24374,2.6844842893403094
10786,2.505841096105061
4925,2.394824444622677
4975,2.8844026389087514
22089,3.007159473279719
9422,3.123837771149656
10639,2.7140929304524395
2978,2.942887146618478
3573,2.642198452854053
7372,2.115339058541206
25896,2.5077407045763347
23687,2.577793002411637
1115,3.2905286704105015
13015,2.901711703775299
3088,3.1062769293474197
13785,2.2545234456144514
3466,2.7199723360974533
16916,2.4536204804950486
13747,2.900929204176186
20972,2.7464546967629406
13262,2.231068564969106
16760,2.597683978499706
8232,2.9616569808624007
14961,2.764751361284316
7624,2.764855454976991
14481,2.952022302678322
7025,2.427437743818271
799,2.9255044222779665
20398,2.792796429330746
427,2.623806703968187
26027,2.67811679341679
17762,2.918885353187677
26695,3.0036872767831344
14838,2.28655748031997
19432,2.6562281826850467
14184,2.7280315263399335
22121,2.3675855937802237
26505,2.6552775117455716
20296,2.68869224273609
21429,2.5907504739609792
26125,3.068044363819186
11498,3.1726914115856264
7634,2.4940391436212956
232,2.5499915445329226
20812,2.841051222243172
22455,3.2545084785133644
18490,2.8871710624810256
23706,2.4734551739270296
7423,2.504681482178796
24708,3.0051185804603926
15982,3.1026470821045082
4023,2.0793519408145427
26410,2.4219515494327526
5369,2.763407192883784
24962,2.289853228245639
17496,2.366154898260568
16909,2.745913859264774
6884,1.764915858502343
24497,2.447203223955728
12288,2.7603539344958667
13187,2.825351650964135
7902,2.5752882655708995
24734,2.345219505870793
8216,2.718886813438425
10051,2.927804158665727
24056,2.5079277920266154
3883,3.061529912280643
4412,3.163811812035733
2314,2.6996756020364554
12834,2.7770081369649855
10315,2.7523156643765643
23974,2.763115613052631
7412,2.6552854954238945
18365,2.9707692392047567
18362,2.7911187209118746
15942,2.4642297711758236
18232,2.803284358648144
4833,2.593887592284197
19331,2.836044931795709
13418,2.8505931446679624
9450,2.8571849345935822
3424,2.0826072847540336
22072,2.6680165928210173
9617,2.3135583275378835
5947,2.9074781661219924
26633,2.8340666523547116
15257,3.017049188437169
26564,2.323023771600333
22064,2.6104200941680884
8209,2.756739965150409
797,3.141674757667411
1883,2.7251832843432315
1198,2.9349261929369574
20680,3.0701220616810128
2793,3.3121450946255098
20639,2.8378363647007347
18015,2.795574335739312
7126,3.0281901820331414
22038,2.8800705005119616
13765,2.9096087345162456
8261,2.4492623356996512
4355,2.814226766211034
24059,2.859969104292327
1420,3.097299970118477
5205,2.770359213302186
1234,3.0071539791944883
18796,2.4987805364608184
9255,2.486827594823899
18747,2.9054066997855377
2328,2.1508130388418465
16611,2.8799728552536474
16919,2.8369370508432232
20998,2.9103123023115525
4233,3.1844353293852383
684,2.8879066517081062
19402,2.5758879941714
16974,2.8725823421946326
5794,3.1564722241123806
8953,2.6241038510783223
8988,2.6633015904632664
10780,2.553579235391524
437,2.4651211145986647
22846,3.0132905362781557
15926,2.7421248336136177
6431,2.7186382427789177
8625,2.8073552199130436
16571,2.7667852957398917
1292,2.884700815751649
22739,2.52495596045646
7855,1.8100141360819244
25269,2.705731140247762
591,1.982480936272401
5137,2.4140700241845576
14780,2.845876316889061
10584,2.82332995380582
14805,2.651456430640519
1340,2.7450955629575153
23734,2.923741707166699
10715,2.4811330029278915
24348,2.5416754083924578
19705,2.953411036903495
15608,2.8701664479272866
24310,2.129173011576723
13248,1.813072056956181
9001,1.5292803715056158
19934,2.9128939240572116
4979,2.6455587316229283
4888,2.8542598719932037
1473,2.7331870022196827
16769,2.9079027961963297
20630,2.880203490240683
14123,2.902657645263857
21966,2.7712232602460514
8215,2.613579791381332
17048,2.803731116332896
1095,2.1013316554927153
14738,2.8365736320751664
13882,2.8747198378154186
23983,3.14974888547461
5876,2.9394736581372323
17097,2.5386803744146063
25844,2.6531093077430388
1160,2.833348831598719
15815,2.779596242042287
15445,2.0819834683255602
25586,2.654888749663912
21218,2.6778258009219966
5302,2.732701743815818
2768,3.0208486571220576
13359,2.892412545075775
1573,3.047227217317293
14887,2.896505132580626
3951,2.2569635008616413
23811,2.9452480410796955
24644,2.905712101212049
3367,1.0218251945108676
25987,3.1212559336992833
24673,2.5384540876084336
13435,2.6807439415889562
11542,2.242708745290978
8009,2.8386502633185704
9531,2.865129761966009
26847,2.8589937666236054
17628,2.6784653207595324
12510,2.958454200852384
11986,2.8668368583513373
4995,2.8761045567227193
9781,2.910548708300198
11750,2.662353203856632
17781,2.4912204389209336
8708,3.0931342442917256
18703,2.4479930678936337
1100,2.6637043577254933
20478,2.7965044965544403
3235,2.486147652793228
22304,2.6008141548523427
4722,2.8653096098092696
17256,1.9070403660665733
19272,2.663674589263782
5266,2.83898836755417
15326,2.9558058093244233
7032,2.78803787790548
19400,3.0060327423563202
329,2.850399489066961
18513,2.8368091573074654
21766,2.9912186624561694
4522,3.1202008573583555
21086,1.7630030638402923
849,2.750367652953222
23258,2.9999446774770755
18737,2.5995163991503336
5607,2.8096377003950423
25605,2.7030145759488944
3148,2.622084817011976
1284,2.75223299847084
11616,2.8522761217032477
8606,2.759248491533213
16537,2.8566373609763556
26667,2.3952966445610917
209,2.3643856994171615
12714,1.8083944051605034
3271,2.931062360666792
4717,3.2274434056485775
10286,3.0688108768368796
1004,2.73113933689176
22104,2.9657684428445266
24878,2.6507086215406113
10532,3.2148169078194773
15247,2.9421810980449394
17037,2.7228062175103536
11471,2.702823852415794
11525,2.3771889984090997
22123,2.4806587075681126
6212,2.571621965320318
3542,3.164608255801493
17125,2.679191649013168
253,2.519996822763842
26870,2.7845313336208166
9340,2.6003824281282
19868,1.9350970010756108
6403,2.6464549994434954
26350,2.7873190134899737
7632,2.7162600604701077
1728,2.5307866679943904
26367,2.90643358193934
14677,2.824383397183759
11441,2.5232965971670223
19966,2.990635476478319
14593,2.813644681756421
1971,2.4507937709967695
23565,2.8882902936599977
19931,2.837085397069159
16080,2.9329763192158933
13055,2.8770113667880883
17428,2.8846340384788265
694,2.518233872609955
12047,2.8790361529644835
26406,2.905203808698995
2284,2.847709210708992
3094,2.9602030800908814
1677,2.687510559344675
2114,3.0444135306960094
25459,2.6487191729939927
18993,3.004192830506893
22088,3.1312809513573647
11292,2.991260262952665
5041,2.6352695126847703
3563,2.5730090546200395
17922,2.9508904096173367
9954,2.6417561337284896
19062,2.745187975568704
6312,2.65116920687798
12103,2.700633166363536
12004,2.60888633798294
10383,2.8729909916094116
6684,3.1433191841944215
24068,2.9598509855632273
8186,2.7363561748050214
22292,2.7602939123738492
25966,2.779872375326009
11631,2.0900088474272853
23839,2.9533535085945055
2484,2.6048351099896667
13034,2.991772787610765
23637,2.7398786161586375
25290,2.2693827234054234
7205,2.965474390789133
5967,2.756465060608856
23189,2.7021374679233747
19371,2.6712476944865196
3409,2.855946434510757
9910,1.96958593581617
25233,2.074602157602072
7192,2.763537204933461
23406,2.642621310156581
1159,2.203094132738978
21393,3.0187053975469875
14674,2.211822790050711
9024,2.5044524054254413
15185,3.071248799991793
18809,2.6837578665745165
7953,2.5847801636427756
24486,2.8578734207726106
8118,2.2836071284925974
14120,3.103080521967917
17422,2.6917426332490253
25207,2.857839870477211
13948,2.987560191658125
12076,2.9540069824335773
11179,2.8034624291110393
20554,2.7284796207098125
5914,3.0848517938681264
16840,2.9296018632160075
23121,2.389364764546901
5397,2.763353634271093
19985,2.6374750248590035
18750,2.7507460999685795
16480,2.9290310708385743
3130,2.871391556751221
8015,2.657732731171497
6780,2.024406368174673
12123,2.808032015754669
6618,2.6749893382140426
2627,2.577372226452161
10559,2.3309534497841193
2239,2.935795002181829
544,2.489062703318628
9399,2.7688999583503797
11219,2.859014144970297
13939,3.0207131501033735
2389,2.533499644055246
4261,2.7806425464145352
22830,2.5325995251763933
15903,2.753924090025797
19844,2.769116739460618
10583,3.123142020176112
13579,2.9182243425401317
17837,2.8142942693318833
1054,2.883431327819698
25523,2.724838552727653
5591,2.8739683538586727
23108,2.209548003880207
22770,3.0237037264640594
4268,2.9790233386826785
17433,2.581323416031005
18563,3.0246981012544376
24455,2.917668117622115
22592,2.759557759269945
26512,3.0424857940245436
4535,2.93579476082967
10546,2.5088592920090935
24907,2.052211107802321
12674,3.084725467986001
2397,3.0148857791672268
4184,2.4437325064204134
2576,2.8282440091749352
2373,2.6455238264120795
21624,2.94420949620117
22134,2.8411652532465874
22332,2.6772719274286376
26700,3.0673476171320733
14104,2.487854930928765
11236,2.4925323307463456
2515,2.808337744874428
4262,2.451672923256219
20557,2.701036305186344
24783,2.8325863170305188
16799,2.7525563395479606
15150,3.262386423736217
5778,2.811860549455354
18104,3.0350188860346465
3695,2.517644327356374
22086,2.8914426315213695
26283,2.825180512719668
11720,2.944775719405302
4503,2.5149146413720644
5873,2.8818566779495223
24005,2.6841172852837176
21028,3.041151610289136
1495,2.5513858249713866
22622,2.851194634133858
13960,2.9129606171776206
4091,2.8993622992392547
21860,2.179147464882276
2888,2.7173552278104403
17287,2.4837324588173733
4928,2.786419723428853
5206,2.8039118774547824
3319,2.71341551001705
3574,2.672648956478581
916,2.8519581797979487
16911,2.9119134716577406
24342,2.5437269245231353
11136,2.605074787338019
9697,2.9905946240129055
25660,1.7545040870098287
6264,2.463851685345503
23326,2.7893288338617785
12419,2.8952821148684453
4019,2.273163934779478
15456,2.6057439750970603
18438,1.8590640013343729
18698,1.750878980091029
6429,2.9756057978783765
22130,2.8689350138528575
20273,3.1137172613116455
2750,2.493684116285343
21651,2.4194434459772727
23143,2.834111897000194
21956,2.5790412144860335
16450,2.8936715613945925
21228,2.48591195128388
18676,2.817283242786304
598,2.8479226668096094
4001,2.830422567566279
10097,2.8698728347178504
21323,2.4477274131387428
19853,2.4067858605246553
19396,2.520146311603329
5672,2.692273736121527
6217,2.782501847237255
23842,2.601128962007155
17552,2.9856548601219592
15471,2.611774943755404
5080,2.8893998404243293
15390,2.866446367627102
19484,2.836238156459742
19474,2.829223384103492
24932,2.802650497842531
11036,2.668163891340009
11936,2.696359963109786
1446,2.699039793206964
26357,2.471109036502345
19527,2.946895088912017
9611,2.5611399626328244
15856,2.975499701820418
12128,2.969180719322031
20383,2.4552308785078303
14379,2.4889492848306194
7309,2.136091128658603
7034,2.9133240308453683
26809,2.2407365106930635
2837,2.9664721436227732
22114,2.89821222511096
3218,3.0289987855116123
11324,3.0766825440109415
20640,2.9327622751061346
20846,2.9062027899020246
24647,2.683459503290473
4695,2.162745950330435
5241,2.6194838403559655
11545,2.7459664469008427
24128,2.187533520083997
9950,2.7852534408737335
7338,2.645343493946394
18970,2.711705309629335
23631,2.911290135079694
6806,2.89259514962249
26328,2.959376105789513
24469,2.808341513723078
4482,2.4127984850689614
10415,2.9056566975450098
21648,2.4584849392049803
24377,3.076364535865051
4483,2.6284793931392114
20758,2.9853135348469264
15225,2.5318060762555845
9180,2.547756636107625
22964,3.1192367902768865
22766,2.9204827612985707
10524,2.5998938451614184
26016,3.0607426472420824
7234,2.7861306758849174
17210,3.059164767114285
4608,2.7963586181027122
16884,2.8936400896489256
24094,2.7406288346734864
21105,2.908099339778505
9193,2.5147259469524923
22427,2.568516190963641
19172,2.8066264413258444
15120,2.781825139068695
12878,2.8945739944866546
18488,3.009254663302947
24178,2.221257994990992
1074,2.9166925447796053
20117,3.166132723421057
13817,2.6716475487312787
18832,2.871660228516879
777,2.790677264843544
17213,2.8092011716668006
19659,2.9125234516444247
9386,2.623561976780319
9553,2.60415678683663
19485,2.6868027103843644
20525,2.5545384420166424
17856,2.9796843988547437
12598,2.6314971621189938
6083,2.001037634726356
21404,2.855768940839124
11446,2.8608314972943374
23080,2.981692070831107
13113,2.5813392501784116
5890,2.8934704353695153
9379,2.6057228544376754
17578,2.777648825763791
9187,1.9013395443244618
10474,2.6643477118668457
9156,2.5908791350662743
6005,2.91087104763478
565,2.813783494425171
5899,2.5621638490935585
23748,2.9618669504656023
13873,3.1788204103871984
840,2.6132547690022534
3888,2.657378398409006
9834,2.6795345070295764
7641,2.675548396140005
20937,2.818889016805524
2666,2.9630235354669243
17609,2.159495489162499
25133,1.4204037920618229
12334,2.9058540590808746
9341,2.8867099139918797
24682,3.0350735056688656
4092,2.7190080311783937
16158,2.951956988866077
12671,2.8760557872953454
765,3.1036669780006982
11343,2.3023027189983747
24981,2.676873149867053
20136,2.4832909384069306
20769,2.552899513074233
24752,2.0684412494130586
4865,2.738097786153494
20757,3.009324212906016
2620,2.7789368221199178
20289,2.7227000295630455
6709,2.948754066584558
3026,2.157669430776121
4102,2.834361064973876
25180,2.728742766788545
15831,2.842980700722022
2022,2.8802068991007
23071,2.9354495304327464
9385,2.663790911679644
2685,2.9507832834514987
26353,2.3869967507517833
71,2.7826389569894436
1025,3.0102826079870932
14714,2.835619248038357
12751,2.48848136969804
13908,2.99223084713384
1189,2.690808134197489
21744,2.999618302862142
11690,2.9217984575908496
3499,3.0129459087944976
17051,2.9130757688170212
12791,2.730372517978797
2709,2.8331122094137133
16464,2.2089492329942737
4242,2.8068329166384776
1359,2.4406157279489222
12931,3.0269411473668546
9840,2.975921878185043
14106,2.894295423964244
1578,2.323278221043533
18824,3.2170797199897407
1509,3.299353553482766
23767,2.9752379854124933
18167,2.6922383030979042
12780,3.022001679891115
4112,2.6462998547481433
26148,2.878861690042479
13942,2.9316948710713526
1845,2.862043481464903
12243,2.6812655003067682
12399,2.6754566063655463
7838,2.464483239644967
6963,2.607731436503571
13769,2.796462589350351
15700,2.765816270713532
12002,3.0309216788359596
4332,3.0490086914001213
25436,2.698687052812456
11678,2.864658100632334
25830,2.7414190058960313
3614,2.995728556937119
2108,2.6806721889718212
14409,2.958818361398228
18630,2.673230101858251
10778,2.4441236213419333
7773,2.7570451097673567
17813,3.0188066642643245
22286,2.67520927797866
12888,2.5364297850273037
5323,2.546724433123501
17096,1.749772980881657
11351,2.51131184060457
4183,2.8613461811476766
26956,3.0046886688198966
25076,3.099595754823971
25375,2.9799768278093732
25704,2.9394134774059304
636,2.3173544598953155
8983,2.7714362287752246
19580,2.348693966120018
4512,2.6941465456949554
1193,2.402417699305715
45,3.0006670460694274
23879,2.7907564062699297
19750,2.715458176106206
13866,3.0415989927465605
6786,2.4786037734033295
2963,2.765427604957262
9776,2.6759670182192505
22362,2.9335062412324704
4515,2.816596534968885
9581,2.1585065170178477
14267,2.948437519395223
24821,2.5943606772664527
1975,2.9828518164147217
21872,2.45782617866194
20053,2.5711380833345037
12603,2.754774025745586
11906,2.330906790801001
6889,2.8743103631659164
22048,2.594236681809177
24274,2.907889457855381
26219,2.5549550788532955
21897,2.904317389592363
14912,2.760952366988808
18295,2.992038433836969
432,2.453682353569787
5167,2.9239046070470884
25510,3.092821619550941
1832,2.6629622066065433
15930,2.862069727346907
26520,3.0020339880814193
22110,2.445413786498399
10264,2.9159665520904845
37,3.210049059038914
14574,2.4723460769509558
17469,2.384219635287469
23936,2.691350072685744
26836,3.0426802555265584
4593,1.9714031590814751
713,2.8298411571993984
559,3.0174440309658968
13254,2.3412924000886948
20036,3.1169757631362596
2335,2.7322227188014225
13091,2.9029773294164847
4537,2.017284363933015
12612,2.3597617468323553
22280,2.6493297487147847
6131,2.7104285164184962
7002,2.9585904141224724
13092,2.7079981528588903
26831,2.818540540763509
10437,2.7935659700217874
17474,2.7753527835468477
7432,2.464535440573189
13017,2.8975619072637993
13879,2.6498493219008714
3747,2.6447981673527883
11600,2.4544590068310357
1597,2.7823613059643852
21217,3.062589486679332
25587,2.9961461639784543
14641,2.7322208041562783
17384,3.155987421202916
14080,2.692601175039072
9372,2.864620576765086
26420,2.2554236830017373
4302,2.9299293425616404
3006,2.7626378737738326
22033,2.712079403503904
13285,2.40559525070232
25809,2.7934395964365013
17009,2.6192847520678817
7523,2.889289332134774
5830,2.7622794724053477
25706,2.805808986229884
24753,2.951655290302623
1559,2.7687951621477884
13313,2.507527797748697
13528,2.9953305926930156
16310,2.845202419146122
17318,3.09827941781304
20744,2.7397462090026288
2107,2.7759206429287824
24326,2.600972492246452
24309,2.748263412368429
11878,3.1500557292148073
26658,3.0095392784534774
10447,2.735861098853157
12561,2.90095017098889
15863,2.871205194772149
20486,2.7307156825453656
13936,3.1050182530169024
7939,3.046895093511709
16105,2.8765168241717367
20372,2.3098215338312134
13532,2.9092672795577768
8027,3.1205067562723383
17382,2.896277865867113
19887,2.5399695751291103
17290,2.8820400595729
9228,2.374384080232762
11885,2.9163874302451176
760,2.791341832357258
986,3.0968405490415045
12614,2.8863672323286997
17550,2.338910956790676
324,2.738889067102367
25493,2.7876234850715367
23646,2.9346250689611506
10245,3.011807962626006
16679,2.9006345545224685
11735,3.1462072391247675
13030,2.633141387448391
1785,2.736969615394669
4382,2.719019895613302
23753,2.3087888095901294
9476,2.5192188916226312
19525,2.748706021180111
12646,2.980356330499469
15321,2.6530696327250034
15698,2.751306556837471
13425,2.406405059171005
17788,2.7911316672002733
15012,2.6099019038727778
15234,2.5261166910920827
17254,2.753979267112342
7407,3.004870347060071
12544,2.94551246749933
7313,2.820315440766246
2648,1.5480903335087108
2586,2.993760845035152
14328,2.7076008547254418
11009,2.274591469558974
3182,2.7486927372556096
11672,2.689130442724166
4803,2.965963900346953
4218,1.9678708690459847
5692,3.0622373853478595
25936,2.555686658623266
12779,2.7312325188431057
9371,3.0843568802383547
13591,2.259233313707308
7378,2.9359336240865153
1754,3.028542080281054
24437,2.5245325838420793
10538,2.9843032417890742
5372,2.703520683224523
15545,2.6526360095205175
21900,2.8172487968062745
1613,1.9223733736349982
5829,2.647120760054743
18179,2.4264333359243655
25023,2.7125391450336562
22369,2.8765699329901877
2015,2.856470210596463
20024,3.0939886821872515
25780,2.982864363143044
22490,2.188879913579671
5756,2.817360197090428
603,2.613357054335759
5329,2.887144167439491
22279,2.5269616252840854
865,2.6352362476995603
25540,2.8203650389951926
16627,3.1243616630733873
18956,2.733637250390641
17665,2.8597304178210146
22546,2.5737018476814004
16865,2.2326582528026244
25883,3.244059858078589
11220,2.91689354087399
4830,3.04804326924345
19102,2.9852639050927854
5344,2.7792581351855175
24877,2.984397253352075
15316,1.6972048810144742
21954,2.6060847021165103
12797,2.920685754783622
17157,1.0365431562119265
15455,2.8299305803541444
3873,2.6247448547848617
179,2.7092467536748157
18746,2.7700776115568266
7436,2.710100896338621
18505,2.5874055294220217
5958,2.872502804074179
14110,2.5774139853348603
1800,2.7212290888350488
19533,2.5460414327042566
14648,3.3579572210109734
15082,2.8314468068720355
6038,2.5016831517119984
8221,2.755192111912452
26008,3.0932215055327994
13895,2.775879926662281
2801,2.6257242867387536
18441,2.8811052548238303
2922,3.031112305523771
24171,2.9141187351278393
12856,2.819267340545865
22885,2.5589750194283987
1245,2.9485214560213358
21044,2.826335346164518
4053,2.9339505259407233
5931,2.794048411566213
3239,2.70802914093832
108,2.9375975957844633
20297,2.6941514172653056
16150,2.511432237241649
19513,2.795541360118202
14728,2.5265864194365895
21334,1.875354921285309
11319,2.9737331430231473
18487,2.90403510122947
3534,3.3194225879132166
4394,2.098932430177368
11330,3.0124442903556794
14966,2.5302883315897837
24888,2.8860892450973994
3567,2.7591954273967696
17495,2.6354725293924774
7433,2.998722354148539
17855,2.7855398682097285
19507,3.187345680928155
11317,2.457234872978169
5494,2.7879735906331953
24228,3.141887261329856
17357,2.8943925134726043
4299,2.4142511994280755
25535,2.853306593307869
5872,2.683870220429321
4838,3.0669806816425513
7598,2.8691582167708645
1789,2.324138493988533
21637,2.86646999118445
13739,2.806311254009332
13662,2.5349016005953704
7195,2.730501195733793
20465,2.699188933691847
14746,2.893931928724966
7464,2.5331253775498546
9230,2.831181316072969
23072,3.030772345896032
6330,3.013190674520852
10,2.5589301652044383
10839,2.420901861836249
5868,2.366099372658397
8855,2.940941696138011
24314,2.861700743306891
11457,2.652086842458572
23996,2.875075619498322
17164,2.7292864680086253
20270,2.8200592695888242
21698,2.802421995434346
15462,2.8831412991689582
10585,2.977556654221581
18992,2.94807352607995
8515,3.0101282453037483
1344,2.7479764546550918
372,2.364697371160642
15806,3.3674985122251018
909,2.910523955500719
14915,2.9290717448301358
18808,2.986705633782434
16880,1.2146327238460868
22970,3.2592488200828003
20032,3.158006441362445
16210,3.085485731298318
11662,2.6546519859682816
26522,2.991502267535191
11415,2.936337791102328
1244,2.5942577624866168
1195,2.6552940599732815
2990,2.7549636271139644
15704,2.6128057782007796
256,2.7035903697865193
16365,3.284724420249074
8205,2.7512930244481346
25526,2.958034756086194
14769,2.712266040926642
19747,2.892933555490162
21645,2.7419982968328402
25282,2.9807065387446614
26580,2.6592213164992256
19142,2.896771715955202
4784,2.2564132629264644
13663,2.665109449276624
7522,3.0300487781810985
9304,2.9414368088700966
15870,2.82064475625826
17559,3.0089804863384235
20247,2.7295739585136225
5912,3.0063053341773505
24391,2.212411398690862
13886,2.306643818111977
22393,3.115113298438939
26905,2.726019738794683
16330,2.8236978159458066
18580,2.61806463896949
19920,3.0330225703895235
1379,2.9979486353170888
7689,2.6657186655912843
3688,2.4660518712948454
18076,2.50825670946266
25684,2.3119067904062973
15659,2.6987476577887
3790,3.1013020634030215
8812,2.382724882974965
16182,2.8056189091068373
652,2.8056227420759114
26018,2.6336248456531473
11665,2.709912631504531
17662,2.2326356814116957
5328,2.773842503341796
7219,2.81563659710176
23964,2.7464938598745485
11162,2.8050099377620277
12,3.064150685573534
6152,2.7445574003618978
11663,2.8339076507901964
2810,2.9357635774016617
2689,2.9715230184897927
11161,2.3198284391455837
13478,2.7407849730417
22751,2.4240506109395596
12616,2.9125162041591066
9858,3.169481373354029
21379,2.8416246006354555
12363,3.0623055965621724
24563,2.8502738067680053
1506,3.07016029225408
4366,2.5047302734913393
10588,2.9450523744824415
14392,2.574759020705223
2130,3.200881994434652
1648,2.79150620756591
15928,2.5400161655899294
17114,2.9628087505261615
6766,2.672178407212475
20729,2.752902820102498
4144,2.854319336814042
8201,2.8742814430578547
26502,2.682828053511785
14830,2.437792690880798
9937,2.9394376699847
13603,2.0755783112236137
25354,2.744004708683823
12597,2.9318015192567026
21681,2.435460466105784
14963,2.55263647836123
25187,3.010601352226494
25292,2.537116410666542
1543,2.880370444098846
12120,2.4974812182136104
17540,2.9838815935311507
21889,2.6145285731362686
21827,2.778480350229708
14408,2.5463975980181095
14893,2.8200754434169273
32,2.469093958747624
7187,2.668235854774117
24528,2.8342877315623136
22097,1.970639476457817
23667,2.8291427705666115
12213,1.7166530958593107
20732,2.9217298999210746
17323,2.8647967074734773
17325,2.7873558450800466
8749,2.5959540811164286
745,2.962895877542178
4083,2.844374383097606
2877,2.8042475653289824
20522,3.0115119235464056
9933,3.0314539224759023
21998,2.898175763262806
2651,3.0259902971343693
23584,2.9535771983264065
23465,2.798540941587307
25166,2.9425803459344264
24403,2.980848205344378
7146,2.6248270904921713
957,2.8070012160934894
2110,2.838595439308663
5108,2.7367925827139628
21868,3.0158036859690647
7631,2.9492486210407063
26403,2.933902573185681
24553,2.3934535160836075
25968,2.4809068237205194
23146,2.416965232816928
18195,2.7447492071121666
13535,2.6598938381054786
10960,3.017399357103644
19947,2.793660701104273
8847,3.035054854271518
12911,2.9268324580338656
24460,2.7109440452117277
22561,2.8875779116106037
19827,2.8474330913273023
18092,2.64867100707199
10391,2.012677475369189
4640,2.6132989396766604
2399,2.9576509567863205
7310,1.3927838908340051
17276,2.923178231265994
23511,2.0029731393605883
12000,2.685474739177583
14024,2.878742892303737
23030,2.8289626042134723
9597,2.9929400885223676
22413,3.0885166124829135
2625,2.76827604097819
21108,1.9027881965000322
11340,2.8045476558196967
3346,2.805321816961059
15835,2.6241047870170866
19384,2.524224228689318
8297,1.9785343969531461
8959,2.711539155982389
16460,2.6230843635016017
20924,3.0697068187311185
6651,2.7463248706333445
4947,2.747093626546494
19733,2.820406977694256
10452,2.928407523083898
16218,2.0913436882853245
9967,2.677688502205721
18901,2.930864163418015
21045,2.652477337373265
93,2.5062952637379565
17253,3.0427164808198137
7171,3.08954720763474
6791,2.6213641392373304
9139,3.055814088617636
26898,3.078539312935832
24899,2.940453955661864
22290,3.137818798776616
7844,2.149361076241985
16331,2.7450850560990565
19544,2.8756747154215643
1885,3.047162308263448
23641,2.827960611138439
12786,2.6665644055415423
5773,2.4166069536511188
17659,2.909600443524888
8190,2.9653608289089357
2,2.848192473393199
16091,2.9472746940434265
2759,2.8912444933058565
19534,2.153997317687439
17954,2.6149346857159768
12222,2.5532863602769207
9425,2.863730313103233
24852,2.618760981925968
7849,2.55997570809488
3175,2.9032618311150853
20779,2.9668279111150144
15669,3.0325901377483437
16304,2.7666429146989238
2465,2.725310263854066
14274,2.6894987289639665
24684,2.9291159923735854
15612,2.510868165385416
19060,3.1189563954182655
2511,2.5994179278740392
15248,2.7080167634489714
21665,2.5899981231729163
18205,3.1365405012831467
3621,2.4535402011684866
2317,2.8063425423276733
7086,3.228363175376357
4477,3.2219931901569536
10082,2.776617727900546
1155,2.9450322355129237
2486,2.874915950159415
25389,2.7505649931608804
18744,2.7722020832415
3227,2.378061346727189
15015,2.7758574612908506
13541,2.7738951878716627
4392,1.5416892248400091
20340,2.965348971413489
8872,2.7521545412346238
23024,2.730534430236764
2191,2.899065345010179
9921,2.138489747559891
8001,2.5797414465790065
19955,2.890226168630643
6668,3.122588736146553
13358,2.95069805572532
8163,2.6683896845864115
17064,2.6380250419625124
12818,2.8895414638416184
5909,2.6388748060466876
17803,2.8850484857374115
26713,2.817655888327407
21026,2.7896957270270595
19038,2.811973137763828
18657,2.792402803337901
7320,2.6839181859108536
14142,3.0862635615135527
20090,2.6886995611282423
5298,1.4938182949129974
19454,2.393614724465927
4240,2.660819971145885
19617,2.6827019914906747
13934,2.52637593977234
16205,2.631540141165309
7612,3.0174454270115127
9769,2.774613261764128
18081,2.756299868341975
10141,2.532795712422944
23266,2.596543869276341
2889,2.785861232649066
21722,2.9380365502951142
788,2.7843048899010543
18183,2.718912026003594
20516,2.9789937945786997
19415,2.660279058159173
13636,2.517906108779017
3401,2.6868283914847235
17743,2.951611389818057
3377,2.7436646915868814
21359,3.1225896773879187
583,3.2193561062809755
9972,2.86335852050581
16733,2.7026434813065703
17869,2.9325764799115026
19039,2.8053383652588213
15197,2.8898396095284715
13897,2.9102960844903216
24626,2.7125990013572823
801,2.48279043302115
20014,2.531798688903096
9173,2.6259656498781316
11650,3.0691814756967353
23709,2.9166472274798942
5173,2.8666038919324333
6499,2.2994044887706586
19820,2.7362176688650552
16256,2.4176270162734026
20401,2.877308860535889
17352,2.760153696423858
12847,2.7662585664207464
7709,2.3839218710741212
6853,3.071203130947809
2756,2.602851574391638
6458,2.664349320356713
24656,2.7926346701107403
14855,2.7526951857919157
12809,2.564851739188586
14792,2.830218734721549
13806,2.920266432499076
6942,3.208507947190515
25818,2.8760034095028173
2170,2.4035869453829775
21235,2.1726426239475125
5087,2.6908576469932792
12059,2.525669517442644
21283,2.6565795204682026
8077,3.0664905821750823
18079,3.0576931814254813
25454,2.414499421281788
5615,3.033585924268165
13846,3.1208011023974995
10974,2.6951014109082596
26185,2.7760699993233913
16112,2.608217436046159
18586,2.929162433163371
13444,3.140354036606473
13824,2.899885333327918
13376,2.722933848797354
10067,2.5205891014555384
9481,3.0044196114777684
2401,3.097646008431671
8111,2.8334846204291853
12397,2.6629505658137638
21657,2.629786245826573
15702,2.9779363587943197
11139,2.782382989892709
1702,2.048400576357651
18903,2.7277944599743034
5641,2.6616040903645075
21924,2.690259465582269
1124,2.6060960055391686
4521,2.6669112404785293
15077,2.4889391695806995
14439,3.0467772801658555
18674,3.046414645335765
13003,2.7271421174542407
7764,2.5635268657710752
19863,2.5937028254794945
9763,2.819997295781065
26068,2.836543497510985
9735,2.9297207963569347
14158,2.34949768853461
11612,2.9145225075671712
3133,3.2571526672821665
4264,2.989722534710069
15329,2.283979436385135
7972,2.502114645578049
4677,3.224826055301621
20493,3.0331919287007123
13320,3.2497076215271776
21695,2.8893369590353393
16246,2.666976658012108
11880,2.7857174973472136
23796,3.0038453470009303
7062,2.939131198034862
4663,3.116855873926703
19865,2.8069383501796823
22665,3.13510374479515
2367,1.9911011004977799
25817,2.5072279780362146
9721,2.7307257747797027
13928,3.085424123666177
21928,2.8942520656872284
16824,2.800920774842904
14306,2.7593137874359113
16142,2.2905662136054667
24830,2.4543034559955554
24269,2.957340946274023
12884,3.2845140831022035
15401,2.835036570991987
25578,2.7259811895829995
14310,2.8108462466472504
17608,2.850249053317841
1490,3.0139396469157966
3247,2.57887633142548
6849,2.893971543782275
19399,2.4408866050385467
1425,2.3312528507850847
25515,2.538702287752528
21198,2.2458198951175192
2691,2.8066679533384904
18516,2.1110191561041742
10441,2.7664663544954777
25455,2.7991559678020423
25639,2.6491614333986475
6843,2.5232875237170025
16622,2.8324744291829225
13085,2.874089553971117
15008,3.215773375922194
8572,2.6654671789620035
9148,2.690034855691695
10813,2.803684229357515
26127,2.694903988231042
9552,2.8676403095144396
3196,2.8616841844852297
14500,2.8577858030741785
486,2.758160160630729
15908,2.803478053032857
370,3.1043152632777016
783,2.790316513580909
6382,2.6299462360438195
21916,2.6763192630695714
22217,2.6090978046506277
16682,3.040710843887465
17257,3.1244592436408256
16529,2.5720844458258947
2047,2.4346928667028647
104,2.531129055178522
24187,2.8922418075803114
13266,2.9672620812580726
5684,2.920228794740337
3632,2.9111309733427677
16493,2.5657090424282516
13089,2.892900877096499
15893,2.858972554463915
11656,2.3569326071961285
21674,2.768059478069456
18159,2.8603848421780405
12663,2.485570294025767
669,1.0941919195315555
26142,2.830587778646055
18521,3.041887232095682
18813,2.914806050688338
25981,2.930385751956659
11634,2.489311143676964
1439,2.978906769935235
11039,3.011465489916606
25302,2.9102832521342483
19089,2.267842854272412
4811,2.7547294843082737
3258,2.915589851729281
19155,2.7907466661181046
22103,2.94528557884759
19419,3.091026141728822
26761,3.0436469216479827
16057,2.195871767580039
25631,2.936780695728326
7332,2.2948784672669245
1564,2.847506944353245
20823,3.03665786989079
14922,2.5251386887348475
11760,2.7165212337173856
9965,2.861370518877189
16805,2.9418078301397164
23555,2.615977457297551
18821,3.135299614986854
19214,2.9217087204036662
18214,2.738245478930428
26408,2.5686138794238778
14174,2.671927594214298
3003,3.0101039113651216
11978,2.651990475922222
11716,2.7528969328892674
5389,2.885244059701393
12055,3.1074997850716324
20978,3.1863592340446463
1309,2.2889670545918137
11345,3.4446626293380675
17173,2.979905040438204
24144,2.8502156635855793
25525,2.643953819378621
21229,1.3304299651671077
2514,3.089518051396118
12577,2.949059559681348
22404,2.661851513363766
15754,2.9802204738480182
14245,2.876726549832426
20864,2.6220978720656354
9258,3.196610361301233
25533,3.0035293139508537
8791,2.620800290727753
23729,2.986753275769846
12881,2.721948956737081
11249,2.9260041788725233
9777,2.7252466760847103
19473,2.590983787030199
19789,2.882504361826405
5257,2.7085093851189095
13932,2.8151690575133372
19186,2.7377724024199224
21362,3.0332065721228503
20371,2.917723753243292
21513,2.7357731360993225
3301,2.7055469460492723
25656,2.6944019922666507
12041,2.8943471700479786
5406,2.167148305291637
712,2.697075151595629
5783,2.3503769694867196
4409,2.754586065533259
11688,2.5399637388920815
5920,3.022953371132418
22598,2.537095525519347
21426,2.5361093114802538
5411,2.6426247308890343
22968,3.09683989863782
16934,2.66202899696704
19542,2.721460222481364
3241,2.5251975410087497
22113,2.8003341662276138
22952,2.980596578170286
8493,2.9383925718290262
24405,1.5401351858010295
9321,2.8179414248603023
25341,2.564621746910196
25340,2.2346137344253725
8444,3.067477588102953
11109,3.0130494118980975
14511,2.5249307629533106
12231,2.7420807964456673
25595,2.7013995438209326
7292,2.778361399551045
3671,3.2587086711552744
23155,2.2445913187140003
10629,2.6272919069543166
24396,2.6219938002964147
17188,3.06129588884835
8940,2.8883459647934626
17593,2.7922773263999905
19133,2.404333854933364
24112,3.104595740690483
2934,2.935977567652995
10794,2.971449493398737
15307,2.85801187400583
4311,2.6358851321843213
14691,2.3861074475507764
6597,2.8101902951006976
26199,2.7286837233163843
12489,2.7259189261839945
24554,3.1802647549070637
22840,2.9932147810502476
21459,2.994587180581528
23442,2.2035636033743717
16440,2.83889953458521
3412,2.7518844791425225
10416,2.813619259775522
400,2.787257621192147
2986,3.195196353001013
12764,3.235846090982087
16043,2.0289894120008753
10251,2.4257353742107277
6605,2.5016320447786926
26294,2.236067342065204
23768,2.962538096679799
20151,2.787412864625488
12664,2.9188283576996787
6554,2.8736955844722636
8780,2.6714612873444086
23013,2.7084657290088243
20191,2.6407572343038903
10797,2.9775049012350356
5781,2.6992672854821693
12241,2.7031739242566424
23613,2.284193849288996
18906,2.6016561020698052
22865,2.462693685980157
7233,2.791617124425207
25160,2.670345526705429
19453,2.647210218586399
11736,2.5412674208360584
519,2.8506793073932997
1755,2.6892777436102273
4508,2.543219243336794
22555,2.6887809720591394
12919,3.083908239825682
20248,1.6644977792004614
16109,2.9273455647151905
5263,2.906781293666271
1069,2.5212744497792285
15184,2.593102998184974
8419,3.198477293173479
17463,2.6759281729028266
20376,2.3494335775430266
665,1.9983173895477528
26221,2.531114473236729
13796,3.05959959511598
25750,2.654715713278405
26114,3.032923451088586
1699,1.7884098607364507
12164,3.2062218435120746
20499,2.7532633357238856
23876,2.683525495917779
4916,2.739535307215426
7065,3.0545842230267817
2979,2.980410523684437
20050,2.826410457201194
13750,2.910006671167389
8990,2.7542029337708716
6861,2.695067833680709
8168,2.989471162691715
26712,2.842238993329904
8128,2.8383427378692208
26672,2.2342243087832276
13644,2.8387066434239725
16475,2.2817038824952776
23067,2.6864957232295095
8384,2.775280438217567
5246,2.9487299197265253
13464,2.001231527485544
26073,2.6347400225757234
3896,2.7777301384944417
17733,2.7500157640631566
1721,2.8378454022534796
23343,3.008731541522324
3777,2.8480409592766502
16742,2.8081285188682634
15210,2.6028253436846738
15722,3.0025291722780896
22882,2.7881196938275394
4050,2.7367935966365313
25335,1.215546649115264
12280,2.6443924591651435
13894,3.048904696567833
7705,2.6314190340501047
19615,1.604647310225975
12229,2.8430642094797367
7105,3.065013111597266
6372,2.393094755159647
7244,2.6085504930194587
11877,3.095002810531576
5062,2.8267589898791248
3602,2.7501892490974535
15764,3.0814577178840152
11856,2.540752863991151
7756,3.009355982993042
9638,3.0914928918006637
18582,2.524402629117746
16412,2.6684141641060055
10435,2.9204752087026495
10086,2.6869618474429546
10766,2.3244844935974465
2956,2.8669454923623183
7869,2.811327154508265
11934,2.7808738504972057
12106,3.0429708972036966
9670,2.6179917479880213
5409,2.3832343075411386
7520,3.0525019922225267
17487,2.9434883562475203
4439,2.7365272072315303
12198,2.895868201199144
22247,2.8197953131626683
4690,2.4004498410139985
1558,3.113375688222668
10892,2.917948477776839
2488,2.4956852368844005
24691,2.6451974620140137
3523,3.0295857852542882
4542,2.7661958062556113
15371,2.9175199216336645
3400,3.035551296428699
17273,2.696448008766317
25632,2.6332967683814243
2272,2.685109138251262
14429,2.621868529786154
233,2.23960573676884
18718,2.0530691387811357
12823,2.647859601756195
9843,2.850786202112754
16676,2.400567195683778
21555,2.9332877239427115
23392,2.5585935737979653
11392,2.904923276107614
17261,1.3966536641159273
9964,3.118855157970139
20997,2.844361810625856
9727,2.4487481565328326
25798,2.7789925132774083
13231,2.0394544652417714
18688,2.951221782724838
13201,2.7195818918818597
22509,2.7934848228044133
26276,2.9478639728081952
10542,2.1235733509728365
23198,2.306533889362777
10420,2.8865422503880747
20048,3.0506923413448885
10002,3.1509365477156224
4647,2.5444168086005057
15572,2.6278245469800323
14539,2.6961482332411713
22743,2.850087801469692
18409,2.931612677566602
16740,3.0923214348347225
25090,2.8809647713152344
15738,2.5500497849107955
17221,2.6418272220497734
8458,2.750245817975419
24990,3.178013654163739
1726,2.2469896953383297
25747,2.3935949701080914
22595,2.6686682425121186
14554,2.553896529739205
10284,2.8815764902862098
20004,2.6320221053982364
4607,2.0294698314745485
20391,3.0433634302122137
25986,3.1466015871985475
15753,2.8917030423336247
26284,2.477723779427766
11115,3.0978859406772
1067,2.993778585971285
7280,2.631280622525988
11258,2.3417384869623605
10940,2.770448341099515
20233,3.0463519638760292
23414,2.7547063947347703
16006,2.6758028832582736
6166,2.6790241275332565
6461,1.6986670111530697
889,2.8765696167307286
966,3.023587539650101
10481,3.105868695486122
21506,2.424354304843805
1963,2.421807064220962
9850,3.009106755308027
12062,2.8451375026199974
14496,3.033953839173061
1909,2.6583539380648054
15690,2.3992181631038005
8353,3.0465214414806203
26411,2.7803940046935987
25434,3.029481266361293
19917,2.209027920261807
26405,2.8562481653383367
2835,2.85113813963214
11455,2.817901219721092
7213,2.8023721193205566
7605,2.702819370488971
975,2.9706353486345476
2268,2.981677159842829
3770,3.0212189671609537
25773,2.4962689641643747
14984,2.9286925952343674
132,2.9225715820148865
10131,2.941723897703194
21546,2.948283231598814
581,2.324486980297654
25700,2.524100847436622
9716,2.292810404933487
9035,2.7557529258370907
15992,2.8396140683444395
393,2.6249106353631366
10218,2.4523819915677403
23327,2.8526481662514507
19141,2.6452018799975052
8401,1.8197546545007757
17725,2.5886301375793423
8183,2.3800905182807632
26620,2.712327393271106
11426,2.7901763214246262
4613,2.6583149749353048
16607,2.780669785705975
21479,2.248852672798993
8593,2.71688182716069
14168,2.598505252612363
25301,3.0612589773633707
18480,2.690563943097569
26241,2.283323939308672
12190,2.7396961066923997
20433,3.03506657517439
2908,2.8685295409014437
20820,2.704228729279211
8071,3.204404737340226
21973,2.8764867089149906
15890,2.580282496337882
20653,2.7400378794430815
5264,3.233402108218395
6163,2.6095754997030842
25201,3.0925722290969406
5481,2.9455414240097793
25962,2.666698779197253
23500,2.8287325242422803
6895,3.0467953051405456
24781,2.7038877922771496
17193,2.7431335941193633
14317,2.6428366927592855
13600,2.623091858569619
2650,2.5043551730619362
18937,2.743921377057944
26876,2.442828301954663
8789,2.988820746113866
15345,2.832069583070025
3190,2.445443245802073
9894,2.8017442735105957
12349,2.8976145576217025
3650,2.811913944379136
18473,2.698275466126693
19640,2.6694826182021965
24853,2.7468688766117553
5976,2.736588305533399
3370,2.892712086906557
26193,1.942808266769469
19500,2.150810240087339
9604,2.6881367426059413
26644,2.660613307846476
1764,2.6978086993337858
26280,3.0308770822188933
20071,2.604021691703644
22322,1.8722693021580143
19017,2.537734381459285
15629,3.064232292249152
7903,3.025871178856898
13334,2.99869002738752
18120,2.686462719501621
14692,2.9528687440072057
13451,3.0424790691902994
13993,3.1383241170987
11539,2.958927518768786
17952,2.628209600972816
16846,2.7341179629757764
17127,2.5729567811349754
8414,2.3612451247389155
21879,3.018745231300306
8817,2.701566647681891
6284,2.794037341857194
19886,3.045318020479476
12944,2.180590443544848
8536,2.6669067066714622
15651,2.598575452496485
12726,2.7840826392135454
20099,3.0939091988911636
23044,2.8007165339717925
10471,2.9282876437119305
21673,2.2899772598562924
4326,2.5122457638527447
25677,2.75272623376939
8587,2.7182805030281685
22157,3.1202886953246405
13306,3.0239014983056864
26995,2.6313250431074993
3641,2.61035239931268
15799,2.8401513753509673
9034,2.5666202235276505
25344,2.8164622130749795
21,2.9856419375751106
3718,2.0203722031795417
13391,2.2925674772075584
2902,2.719502359472951
22087,2.970927478797447
5534,2.8664267511859363
11042,2.196549993604505
15351,2.3260977505188585
779,1.7566102047628962
18823,3.155439501319038
21535,2.7145502205917977
22936,2.7479165624799102
20026,2.604360244107607
3431,2.7482025301064614
17207,2.96124296728452
18426,2.7702405030318733
3622,2.649538551131134
4259,2.886022490482207
4725,3.0822619069237382
1469,2.9117711627271876
13322,1.9226765528802476
18479,2.565618035960987
22183,2.4312472492210357
8424,2.6008586322739498
368,2.6683999876931215
24767,2.4333318660097563
11785,2.485618101947145
13112,3.0026539616416072
9491,2.794820652309088
26888,3.095265520846586
11384,2.689595895331963
18377,3.058754898170619
19837,3.1897247889558735
18105,2.8987976618657685
26137,2.9484680553664875
4060,2.470487321928209
10683,2.8843543232341404
1824,3.1153095601396306
26292,2.8212029694967895
10972,2.4055975986404494
24021,2.807621937828308
3758,2.84392730445835
3232,2.9603012824954344
18302,2.4981647331850185
7246,2.897468008928527
17953,2.7670341905393894
1831,3.043835383151903
8539,2.243394184707226
1242,2.806334845249708
18685,2.8371962119156557
18338,2.4636343399724963
4656,3.0755704723616466
18916,2.8817950844431284
8998,2.9914037172426533
11914,3.0478576578159706
23502,2.8784357431401153
8343,2.5145314000850205
24643,2.515024614082774
8893,2.3755706915237287
7490,3.110115492656867
24108,2.772970436225048
18161,2.2911684046351817
11859,2.853919324071911
24967,1.0781595807104962
14772,2.9732798592956584
17606,2.89095974514708
1777,2.9022017658212347
24914,2.782566000872312
15111,2.8229963859639806
11133,2.9049748600510426
13072,2.708745654409359
20228,2.283445954614584
23372,1.9087802937298497
13863,3.0801205152641176
14490,2.351972481781002
24655,2.7757406161153972
17132,2.93888944784555
7271,2.968650309293003
17643,2.7625879650707708
18272,2.757283806978553
14779,2.485326858055089
19592,2.7762084657598356
17095,2.9611082264236073
12470,2.596592763573362
16619,2.811725927000655
19751,2.92073848740676
21263,2.808873216118421
13660,2.781534079778508
19911,2.709406685197509
3293,2.994919409961228
378,2.7307060736508912
11484,3.0127861453363884
14247,2.095310092484658
11882,2.7478888713909404
3845,2.7969180715240207
15051,2.667258679890787
21234,3.17489167519848
13777,3.1019198726982875
26365,2.9449812876593944
18178,2.65461856695456
22604,2.3832564191582444
13039,3.068422379843658
5024,2.8711558835118645
14029,3.032852859547888
12270,2.8939594973745093
1658,2.841128733546767
212,2.597371812458825
22239,2.508903640759428
26235,2.577818788330598
15898,2.6104964139097295
8526,3.1984336397927
15762,1.3776550877839835
13901,2.8374614132363245
14195,2.965217284213004
792,2.375201603301191
16617,2.4768122393250547
19373,2.305002258983753
16593,2.8697867538553425
9330,3.0605920228323678
26885,3.2160410093265925
26227,2.285007964429487
4498,2.9251980249687453
9505,2.833708223778769
2413,2.6078101868962573
26958,2.8204664411474423
834,2.1917325102152643
9063,2.929797397739108
9455,2.587887317112427
9810,2.6129535379133255
12537,1.093200732618656
13289,2.6258859295456656
13163,2.1133179493608316
1220,2.688228832703359
12955,3.1267774783868854
9957,2.546520828482271
17414,3.0386984820724954
11375,2.875065176938187
25512,2.401283713957885
18385,2.938125531442511
5609,2.9070349416066357
11907,3.179252151824909
4581,2.83599734196845
24564,2.481989796699048
10292,2.9503852387087495
9677,2.7752569556312627
2523,2.4800495013507264
14182,2.701577831693549
25325,2.856633035832207
7460,2.5614896604053676
4782,3.009468370585624
4381,2.4959348370980186
19431,3.0145181156793535
20010,2.817170681754828
14435,2.695317695912798
7642,2.443387937783203
6452,3.0879690879244044
8809,2.8102279886241655
26740,2.725659381353879
19196,2.706286998933257
24385,2.9398647456806772
20370,2.6958338880630404
10618,2.910521906741609
14940,3.019394611522027
12962,3.11296798718592
7637,2.8939303830752268
16033,2.6375369371341746
10196,2.9779660441539098
6854,2.744210382645864
10619,2.818700520369208
11239,2.5120079858781876
1386,2.061992211375371
23891,2.6744302962693056
555,3.1619682773063174
16704,2.6177170646546912
3095,2.7423444379082698
3285,2.7322852473516313
9930,2.8127517581519608
9166,2.6324977999812926
17454,3.1612196743808267
7847,2.7408627614398413
1313,2.381431241610638
11095,3.100982979917122
7450,2.874390492607152
23487,2.9674018534711073
14706,2.8231624740597976
11245,3.132258288551042
9631,2.2943996610890625
5072,2.442331453109177
26454,2.639173877583281
5275,2.865961193208081
19949,2.934380510691349
19298,2.8538735772198933
22057,2.5381925975952733
23892,3.0679157431758104
24516,3.116425775560813
1857,2.6238911435698595
24799,2.4942320553176796
26316,1.7821361807199692
10306,2.6656868591016263
2765,2.6812941971577717
1541,2.522387889069774
7262,2.6627593380942502
8434,2.7391425505230784
23440,2.898447309624222
20007,2.364412968256666
9475,2.7356186753661853
19303,2.846090693330133
22312,1.161128587889762
8563,2.6138160447723644
3771,2.6101406673017657
13460,2.795473395028742
17493,2.810458969994902
4655,2.6827704809656723
24208,2.990305714985825
11434,2.2023353051736203
25132,3.0000724487973787
8266,2.9050734645714096
13389,3.0679223173680925
9126,2.4847496541414005
12098,2.723473534577559
11723,2.9094376173746244
22029,2.23151353435106
9096,3.0756677209971435
1737,3.0872819567608056
22470,2.7493211506033917
561,2.679057558756516
15357,2.7917569697445215
3345,2.072707988233768
11492,2.5040110642498976
9354,2.7853970707783318
9628,2.576268684774288
8314,2.8101010554661685
19529,2.81863938643737
9719,2.8570127701828647
21249,2.789808097213628
25349,2.49907944419315
58,2.9363423554046353
15153,2.5295317893906897
3201,3.0937880442072294
21612,2.9114804622315016
18033,2.3256888465277537
2510,3.0540209438343755
9828,1.2867298945020333
17322,1.2467186891858484
26329,2.8486820053473703
20061,3.071767539286574
20599,2.481803054344792
11759,2.9429694459478557
16138,2.7370861847535393
10174,2.6097346813443547
13546,2.736451561386642
21846,3.049118004464053
5993,2.6050890041677484
21521,3.075117392584972
25703,2.794701346168384
26900,1.4603354914065043
2072,2.740578421817997
12122,2.899532591003394
26180,2.942544256704002
5822,2.7506974920710867
25488,2.6961019468515284
13335,2.6033256646098923
16879,2.4490570389873296
3513,2.481718832740641
22383,2.7087222262147455
23547,2.389057758668691
16269,3.081872001826282
20042,2.789601175812623
16343,2.6757266501898047
17150,3.008053091748653
3782,2.9784640964226643
22918,2.795651961409058
9336,3.019092205023664
19146,2.9017234336691002
25497,2.75458797433401
10702,2.892665206707348
2860,2.775492179082386
1221,2.6046141991824205
20750,2.7792485769184507
4864,2.4163783576412396
13280,2.5379080704140753
19405,2.8319425519859904
6085,2.5698533336129854
12546,2.9434585932936463
15269,3.036359840101121
4924,2.3604382512191187
4532,3.065308497244343
1672,2.9249250366546993
20610,1.4322026132177557
20787,2.7899000252640236
4055,2.7862879788442303
22895,2.7020678596730057
25711,2.9846525366434076
10000,2.6805093820646366
21668,3.0537644858365782
11953,2.63658358148997
21941,2.2464800712828947
10237,2.816967575822
21764,2.579360137413978
10255,2.875855450493225
13305,2.7586234535927714
9487,2.93593703564718
20363,3.021349508088976
12879,2.136811246480894
24705,2.3098544057358588
4317,2.7429470920319465
9980,2.9521554638302105
5519,2.8269100806540397
858,2.641652037483062
20720,2.6244111373689845
5972,2.585776697638661
7875,3.051986813509794
595,2.6393241148624034
8804,2.733825174302412
9186,2.590392985381173
10970,2.8889351457052856
9746,2.555433989216129
14352,3.09742792549458
21658,2.9491689954816294
1951,2.9022930341947655
9120,1.5111840810103432
21523,3.0604229246326997
20638,3.020560775341628
20488,2.940234581888405
7910,0.8195272179446316
14781,2.784550889818423
7830,2.7870352150989577
2513,2.971377213868636
6732,2.7427041066888727
5559,2.9900405778918815
26789,2.9858601675195535
7860,3.0186596590067816
11027,2.767145981575661
4700,2.632567254145422
2233,2.3358140656164994
24669,2.787214389740931
17560,1.2334007673435552
16160,3.027059070244323
15092,2.6794419142499826
11926,2.7655000307496795
19571,2.885408656030186
9215,2.9701973656327354
20037,2.526177241889444
19938,3.0377344564966555
5424,2.74373121538694
13265,2.6367190232336513
15567,2.4350485167065443
12501,2.4741085212557206
7492,2.6543630223157804
22448,3.1200518629716156
8995,2.8511090966760277
1550,2.624478658301493
17393,2.5940322894527093
14842,2.780803088290792
10929,3.0786121235778423
18650,2.4794666802359164
5095,2.762593960799226
17032,2.9539689874790858
3243,2.9453115515883277
11054,2.741296819434011
727,1.719838346849436
16125,2.8916807857202267
14591,2.8083910380373167
9133,3.0508975845325983
8169,2.810463417954209
331,2.629916119139732
7027,2.264344733987206
13809,2.7836447906156487
211,2.7625695644335235
25827,2.801890887176263
2263,2.7727599057757737
6343,2.494305110538092
25313,2.852864395617438
18165,2.802223589240372
11367,2.961827501750992
3543,1.8006439938268446
1438,2.833996989063048
10707,2.5996352649589167
16251,2.696554229532344
25847,2.541927675590913
4792,2.972668261528435
9420,2.0635481314822806
23985,3.155375724852532
25514,2.6229301282347284
21248,2.8883342706238504
6475,3.268821595016129
9506,2.7865892340386376
920,2.9253818466051933
12171,2.724048086045252
16396,2.969064778757609
4868,2.616187364763934
818,2.637061445608657
15872,2.82142557213914
10976,2.610393717533267
9896,2.8415984095370996
453,2.911182365117029
9241,2.670784142675222
9848,2.9509323858717864
3457,1.1869561414130683
23738,2.8778603427920113
24726,2.7601711351731413
23990,2.427676159745166
25191,2.9764785745736924
23263,2.6927464404505574
940,2.771543193841791
2739,2.8776937922732513
11796,2.794101279009259
4196,1.1661967837589704
24617,2.513954994509023
21601,2.8777638068319122
26380,2.897540400517046
4071,2.8997489279230524
17784,2.6370263862940906
23449,2.8383713127535573
8222,3.0916415524301715
8123,2.899782265606953
6363,2.848177584065762
14450,2.8133888350028062
5796,2.9744152373811685
3677,2.324564619420999
8864,2.7444380941518256
25135,2.8817308929081262
18712,3.0797606767231613
20300,2.716497773362223
5188,2.337343563534005
17492,2.8344288711048806
16776,2.9816366608813527
10308,2.6727323652797303
2262,1.9900784838714134
22129,2.64012150729533
21209,2.3358805637532716
13186,2.8636251866507565
1779,2.2888881068790976
2553,3.051321906489326
26874,2.919593564996187
2686,2.6453289915934355
1040,3.1100717338297827
25278,2.659149450206856
17947,2.7454292285930624
16939,2.2075304218392415
3071,2.76794210345694
7529,2.078458864431041
23875,2.8224211031304276
17812,2.7340678151909468
7766,3.052046845350284
11045,3.193892798940126
17800,2.9390069694553804
21336,2.026606655355169
15682,2.9863906616108173
25570,2.5361262419938533
15663,2.54154510300968
15128,2.606777047485803
21964,2.9073910160938827
7961,2.6344843683346766
7399,2.9054248495694197
25956,2.9999102943077456
23086,3.011309685097371
18973,2.057906944412574
10303,2.5019512463448734
25954,2.6451958285146775
5839,2.843353363237728
2024,3.0693928301657305
23785,2.252461748017347
21952,2.5813907230616047
9019,2.9105894986762104
10894,2.8432523598451804
17397,3.0239595012230764
14831,3.0230288159515655
28,2.5295685296485257
9718,2.731468600978057
355,2.710678522669594
3170,2.3113496158084934
15383,2.489998450227896
17580,3.0543392008898027
17700,2.083547337783658
18972,2.8567852512807486
5643,2.627277432240387
18460,2.8740143056265257
3675,1.9377813052247042
15450,2.7526892341103233
17348,2.9961699031855367
13763,2.8901988503910117
6749,2.1787279085280655
120,3.030939089464078
6794,2.5119498236702293
21285,2.8905079775768163
5579,2.780284494109307
13683,2.7730459424925042
328,3.015362187576059
4710,2.956008193208024
2370,2.7066931116397757
5522,2.3230110813746796
2544,2.5654331452602417
15791,3.0875102165915065
11077,2.913818554652613
22330,2.9049152998534535
10871,3.3059144100638753
18562,2.554407619278316
4898,3.311701733554903
5153,3.077162100986826
1209,2.8962626055714105
13362,2.3135351216219315
19608,2.1725711695976426
13068,2.7492217056795103
23389,2.7871302308983474
3123,2.3454270302463436
78,2.266701805790162
22767,2.8274411401294572
25418,3.0004411950428627
13012,2.5346266415109353
25803,2.656408522872794
9137,2.6785247853865832
26534,2.7024797114774817
24422,2.8224076840183705
19775,2.0422746671986496
24843,3.0906582796192654
21027,2.454068116672739
21961,2.3108278333963006
17945,2.8077994839250247
4869,2.235714861301171
15605,1.6386384328763728
14485,2.639281030832861
6213,2.8956372216233954
1782,2.86372860044685
6985,2.620065185680797
13275,2.827545496067521
17479,2.772867084742954
5544,2.7486520960559777
1946,2.0504013545660507
25976,2.780315412442185
24942,2.6343116313705957
17061,2.8596511022383866
22793,2.496444181947548
6789,2.444683515060852
1392,2.307527768588273
10661,2.7036395631142045
17136,2.6637433917615443
6694,2.9172828840404206
11980,2.800596551017343
3215,2.5584373338687785
8989,3.0380009083490185
12404,2.758892444202649
9969,2.965971364544646
12305,3.133595719514864
1770,2.981540263879486
19890,3.0888299171904343
25358,3.0644307411921035
10912,2.7237213981791446
11675,2.172718155819268
3022,3.086442939531276
5401,2.7101390767877036
7856,2.614568372957312
10100,2.545063883592038
6875,2.341216271099821
20900,2.396943181243073
13956,2.8895498469710708
4619,2.393771304205867
22021,3.170441803703185
8719,3.0672674595129874
8558,2.6629181832712234
20063,2.3944828745377817
14290,3.138433663160888
12516,2.8019148382475145
7968,2.790570042198966
12454,2.852759635460683
10652,2.8588227091941656
6825,3.042452056244028
10111,2.855043195426199
17085,2.5838081371615065
18887,2.7366130872914955
8159,2.677796242577504
20906,2.626740333921086
4423,2.42053432701372
12159,2.960793647853418
6862,1.9691229304528177
6986,2.528411643690185
9490,3.0434717437430794
15847,2.1229729959721273
24796,2.858047140581867
7282,2.3619556213872195
2926,1.5155946359246864
9825,2.6573044237378154
9479,3.1656309463366967
8733,3.077169526716439
23498,2.4620411590551665
18812,3.114727114679915
16874,2.881636754857544
2013,2.8917209293186557
22784,2.777598325613136
5677,2.8864129115487636
947,2.730474732239701
20322,2.925404571897532
2147,2.825859962575439
8788,2.993026844471921
7129,2.485523762488853
20847,2.969539964186157
26577,3.039571062097555
9699,2.827937592968922
21712,2.756238208886228
10955,3.0513313761762073
6841,2.8304504416678604
17194,2.8347006876798977
26044,2.885236370616614
16696,2.709754294143475
2073,2.415086098431518
9730,2.553690745694802
23476,2.884464028783987
26019,1.4055811627759562
7734,2.5891989948482435
885,2.7001407844547307
18174,2.391492261328276
11334,2.7292088716150653
14621,2.8401911285733856
15332,2.7350692560569643
7329,2.8023737044845216
10200,2.118566869725563
3895,2.3900283267390643
24301,2.817169815003671
20693,2.624249131727415
25942,2.680553992254435
18966,2.9964095107052344
8249,2.393779684657468
18932,2.5854644882671236
18029,2.9257491346288953
8012,2.9050960483172577
26356,2.5820343882473593
10591,2.6472429247272378
22948,3.077558025275262
25283,2.5860579158299406
21278,2.7746216523421525
1468,3.1398594553423993
16854,2.890545620076801
10550,2.399612870381471
2722,3.0804745894512324
5419,2.976354485931628
23955,2.7658061664293143
17548,2.451521955950356
25796,2.562098059363414
24905,2.8475879335749568
12673,3.169007204965435
6041,2.8138111165452258
12061,2.8654170148644473
14588,2.1971715116511543
18635,2.8578729966781786
2161,1.8775635192277766
16925,2.7031016282059355
9247,2.4475524787453997
24079,3.0115232395678677
23311,2.9224414818813047
13892,2.6740050005539953
15733,2.8066043190249297
10116,2.7533219166844254
7265,2.938104803826171
23452,2.4095423463133137
17459,3.10029004731022
9307,2.9077909714166106
3936,2.3581389630304854
11725,2.863662692567643
24941,1.4373077623526977
15043,2.3284012023232767
4207,3.0304425053421604
14033,2.644023599563961
2149,2.938826873808955
25669,2.89006588172256
74,2.892871346599544
21688,2.744566465324472
4016,2.892553926728448
26453,1.8178188294092024
13041,2.6548652469195972
14595,2.7569060058311012
3932,2.681481816804969
14670,2.670066206773765
20535,2.769146703885148
20755,2.944163078706265
15502,2.8251082600065
2509,2.570421328628144
7281,2.14682676957683
9244,2.4623102797612404
22409,3.023988832470183
4067,2.5212383725923564
13100,2.932925854760035
3145,2.87527420436794
23836,2.7457422225794392
17513,2.7233736744324335
8697,3.033335127450949
5131,3.0969311796681884
16924,3.019921692986503
7396,2.851083357547415
20315,2.375318171088975
11560,2.7902407378226144
17138,2.537148481463011
19903,3.309305649685417
22707,2.7359436727519792
23623,2.458038214611739
2542,3.01014142060446
6073,3.3137387820980737
20399,2.869646834766354
237,2.9641792757041525
16484,2.8725261674026803
22972,2.7140411051917184
21611,2.6741888515329126
5192,2.8609006183753225
4766,2.8842305388293368
1620,2.6517140687830767
8793,3.143213468253893
1308,2.5181461978650126
14374,2.7355980638758455
1582,2.31524924103595
22628,3.046758164380557
2431,2.537545641036301
26330,2.6282786644300122
1044,2.6422118079904138
23818,3.1105109050075637
5009,2.3376698034190433
17871,2.794166430313728
7633,2.3951984327168065
10931,2.6422947287944263
22111,1.627140985958244
5795,2.820467737888356
5491,2.8265254496757395
22681,3.1422280685710766
17002,2.824566850493543
11797,3.2385774659061792
13951,2.585596157528356
1600,2.6730533589762757
26827,2.839990623468152
1849,1.9970880342884225
1752,3.0039038198129067
2040,2.6287012868036967
18467,2.6697487808010525
7965,2.5747382334132927
5231,2.2364649150572733
546,2.642389603113109
6199,2.7462416303251587
23470,2.2469047536867777
5147,2.8221094024021625
25366,3.1148706893220153
10737,2.1032218319077747
18051,2.6481222215049867
12191,3.099416188449228
10694,2.628244479081569
21885,3.0520052629794665
7169,1.5910644323758192
16559,2.45449269816559
18592,2.6398433815956146
25078,2.6573716789184156
23961,2.639538868034547
25406,2.830666733074083
14650,2.679829489803484
15302,2.290702112397245
15574,2.932796252102539
10417,3.015548258560091
21524,2.9355871567424994
20510,2.767145342517561
9318,2.8940642633881435
25066,2.6307181023180046
18825,1.7716746323460932
17706,2.930190705614663
17987,2.7202231758462245
14090,2.648716669199794
4065,2.350246012663839
24417,2.7354134997601616
1294,3.261720465116867
15566,2.5687039174403896
2000,2.9695339031096815
2063,2.6944785996776903
25050,2.9820205980496786
1507,2.5150172467620866
6683,2.777456516937305
17943,2.868788759889724
5577,2.4637599899257125
19683,3.028604888114988
8089,2.670927961785502
5611,3.0820458354039832
19565,2.522935511522011
20149,2.8434383453015664
5335,2.8899213867898172
9546,2.10411141757611
4141,2.8319603647714353
7938,2.7542494120188783
21511,2.112170801402969
13036,3.089737068012447
6016,2.4470729001035214
12224,2.5014143938116087
17619,2.942035655031931
22664,2.8830433689525834
25520,2.9886019145149607
12949,2.912455258417645
2251,3.086256404917418
3670,2.868745689500011
19974,2.4866094608316174
25836,2.851907804658496
20432,2.5539692933072558
13436,2.7392692735035307
24635,2.5917681142061455
17331,2.336593356479309
11689,2.8786610443968614
26924,2.7232615316691007
19932,2.7792770920308394
14196,2.4719990900058573
24815,2.861145794921458
26473,2.378103190257069
16666,2.6270937026193515
12963,2.689981360267192
25960,2.943059539102077
11910,2.9924384583054877
6697,2.714139453138144
23445,3.0744520835144282
6058,2.9114300445938097
18224,2.0735738647065274
17948,2.587342094784408
4698,3.2382256034352417
10750,2.551783123107503
3320,2.574805367899569
15864,2.339688402829465
10464,3.0557643606272125
12446,2.5213473323722204
4773,3.168283301588646
6575,3.035354379578857
22193,2.8502264884863755
4709,2.5906290328984642
17231,2.689915261527619
20356,2.7504735806814202
17222,2.74280395232899
13653,2.837283481525019
8740,3.0356838596790077
22576,2.7403456667449806
5785,2.857574675847025
15965,2.7677775842532686
16988,2.7512683484703446
13560,2.8305433839400638
10270,3.121564282374393
23665,2.1838518512152776
7225,2.6292183103402635
2311,2.612639661931935
20883,2.8937021033056616
18366,2.735475846506391
12658,1.5304711553796955
8391,2.7696787875020474
23546,2.7808864614762667
8677,2.791261679414229
15167,3.014268482313665
12916,2.891266611946435
2823,2.9883132118735927
4551,2.0220222303562667
5336,2.8883659576588627
11437,3.376215829821342
14009,2.049671736800478
11353,2.6097800952052097
3749,3.0486032428526815
10394,2.7572175114616866
25626,2.9477184120307642
16532,2.435077770513878
22430,2.6848232329480384
9079,2.5946615784152183
524,2.907397939468023
22637,2.9560361052290616
13732,2.554850639534345
24102,2.74848028191361
24798,2.2000442658435184
122,2.9904169873490782
15620,2.277653103688629
9799,2.736814700840966
25873,2.8309738347083475
2283,2.750813151374111
2302,2.8973483445891297
11609,2.488042137734584
23447,2.388303801497866
14292,2.972035753981232
5820,2.460780754154626
14553,2.732466102834358
22812,3.0467172521835297
16770,2.5871480738496344
15173,2.603671264081146
48,2.57897120047878
16885,2.7570441566238344
15011,2.9559409033015367
3185,2.8822019876512273
14345,2.484395428058201
15774,2.509987904399445
229,3.1478959175911903
20804,2.736127441386216
2824,3.0389196186148544
8772,2.8966569490577614
969,3.183168844230696
3007,2.7022298008673333
26391,2.7886120830587675
17458,2.7929154058689956
10942,2.775798634561686
20941,2.3716472748514605
23635,2.1538746584608073
7210,2.384416198404095
2944,2.6821579373687015
10910,2.7770319745850442
23379,2.8045347873428845
14016,2.7088245941584206
4433,2.722986528510169
21057,2.2130154896605316
20835,2.1077333352914494
4161,2.8988343052419516
3117,2.60304130934399
17509,2.9557825439148724
11232,2.2092988174649877
5322,3.013561672797923
13753,2.8598720263339974
20863,2.9785060692561163
20218,3.1038986347014097
2419,1.9212908574881769
25296,2.797893096123895
23230,1.6392972457237416
13303,3.1073427376416825
7170,3.0085554666748675
25309,2.9241839060687136
20631,2.9433106211012037
1017,2.667953892801637
19812,2.725073987136182
18312,2.8392682068990296
350,2.8662730979582807
14895,2.87745103457521
20451,2.761386519455229
223,2.3589125199922876
26126,3.1217399813038664
26078,2.4891943204071816
2500,2.652736546840079
25726,2.7548144685585476
564,3.03524417635695
25311,3.2520762080058567
10367,2.6657368066668075
22982,2.7576232937502914
3385,2.950020426996752
3933,2.0351942933375287
7959,2.6777383845644174
19091,1.830865234240724
26832,2.7846397525804063
14516,2.625428740482104
26530,2.935423910588388
3535,2.7999298379603412
18316,2.9008151707896106
23589,2.988158829152935
26737,2.4902803468316406
23929,2.804350579073596
17205,2.701538205013402
24959,2.038118105575377
13611,2.947618572031085
26988,2.130785224853538
15994,2.5019951745520417
26012,3.0461749950755848
10889,3.2467998441512194
12018,2.3264970098534445
7645,2.7306672427518732
14116,2.780721839691466
14708,2.4254934698330564
9589,3.0505811105805254
22377,3.1798235278983866
2833,2.78952429212479
23774,3.181332153598738
25768,3.070109205803973
9979,2.9062640804467033
25002,3.019581678568193
14549,2.9857876551493083
4095,2.9739392027538645
19073,2.5927462562976786
17573,2.5045883847174566
3990,2.6756990886348637
8060,2.8648362376894543
10565,2.8167970174682053
23332,2.203136546730698
16016,2.8926559523819346
21702,2.7551850408980356
22024,2.993564529712554
23817,2.5229822062871508
14799,2.895489443507736
2785,2.954202078542107
21122,3.0310927939676553
10771,2.724435372624271
10686,3.204640060726881
3880,2.883342004805276
21987,3.3283683872551335
23101,2.6612894606607282
22381,3.0752051790991803
20952,2.947503615835793
18974,2.579180301708035
11975,3.283151551217177
7746,3.08697447659024
21056,2.234497070704246
3945,2.998348227907909
2164,2.08191237522837
2886,2.9616007596670024
10109,2.6326027878904403
4354,2.790628302213925
5666,2.507828783231812
172,3.1788646739627997
639,2.465917634408146
19603,2.5196265992444506
5065,2.7913472064330267
1548,2.969447989516987
7435,2.695662667021511
10932,3.0985191939773364
10024,2.058739803031018
1036,3.0853607988610436
22605,2.9960058859905914
14419,2.411667876420041
18827,2.550442925214177
8418,2.745969030996585
18870,2.755302463157931
9582,2.7728254067807705
21150,2.8214797268118206
10713,2.2476469046909773
21327,2.5514040476536457
22961,2.62071912655706
8257,3.054734290000658
12467,1.7650184288665072
22633,2.645068017427843
22305,2.788342550212255
18408,2.8392778294718335
18256,2.442071509232889
354,2.5857134345120074
26819,2.829918799278857
5904,3.0413743753200935
12954,2.1905372165621273
1164,2.752140849396362
24351,2.7925627627212313
3395,2.712092826545241
14796,2.6981223380621175
21089,2.9553927122345565
12760,2.910214867979519
3127,2.892203901826526
9694,2.8483699815600416
15138,2.726809198623063
8501,2.5501127741728555
21748,2.8741758817007086
22506,2.6347483171600063
22036,3.0033970623911546
16535,2.7968783494696785
3587,2.5893203478675035
3557,2.423058480488166
22647,2.8249780194476304
10962,2.8776137958184935
13004,2.5192184838419434
16708,3.017633218317444
16005,2.873276075006056
5171,1.9123577916743564
6743,2.9210002332230856
7398,3.173781437619216
11267,2.831743049582165
24568,2.8671963690902342
9484,2.6201397756501827
13830,2.494679184069809
18763,2.8900204507339278
16892,2.703376139606569
13890,2.9901942060160174
20861,1.8761082157839906
20558,2.78638434062049
8177,2.963116229412431
11620,2.685605999393448
7857,2.7642311085719213
17485,2.653134852925118
22541,3.127757455140085
2603,2.6639631742565886
8609,2.996922606063827
8061,2.5301407743296602
3250,2.944488754684014
12601,2.801681554878783
15857,2.9955880683219758
709,2.775054093114068
118,2.6368100023035015
10214,2.6915706521528135
4598,2.9607636533280615
2042,2.911426601949113
7419,2.6617593411787808
6130,2.698608407752093
17886,2.902584281403502
317,3.0461417443151397
10566,3.1736840335541925
5315,2.774037786120131
22919,2.9300948200324277
14457,3.056602820323554
13419,3.010844915036737
12873,2.53816963230873
14993,2.97189250039435
6523,2.6730990649389534
5739,2.853604435004613
24797,2.7871744808487624
14953,3.138679061309042
5470,2.655145039923288
14336,2.499035248622384
16471,1.9812114266734095
4163,2.8690092284738227
13180,1.5398935405613627
403,2.359743958254499
4911,2.8126752005382367
11422,2.515768812604549
9365,2.854477653349944
22712,3.125298646728021
6378,2.372024413056086
18625,3.079442926116481
14744,2.3688717130144425
3539,2.816008820222404
6310,2.9570836889987433
9219,3.1870880173966665
5517,2.576015492770806
18820,2.304625765433688
2594,2.269200632910882
25649,3.0286473074139337
19926,2.8533850157010945
21565,2.596949402580412
25118,2.823174152128474
6654,2.9053899475760874
14266,1.7046335306699776
15867,3.0348337454617966
17809,2.316738029340975
26816,2.8423587258075576
21194,2.790475827733599
1502,2.952878819494637
25767,2.956261172386187
678,1.3872512021246606
23359,2.7894478117900854
5851,1.8899135411909938
7194,2.6606444934323665
16301,2.803379512147207
10095,2.9189615049895092
2939,2.580022256444206
12390,2.917177933828192
1850,2.9887372886404404
1070,2.8005656523609335
17929,3.179499421263427
6784,2.7890955329403133
14444,2.5846881200654157
10672,2.6626846006514735
24661,2.920145637520501
3392,3.1954665745241893
17483,2.919163816500714
23827,2.7360503004115473
16802,2.6912805160103477
21487,2.8386139414261575
20794,3.009850774857971
10139,2.9118593686451817
14606,2.490548572874111
8400,2.8342243176931974
20002,2.7176204262760124
4893,2.8496040652644177
8720,2.1876729028814577
22487,2.545628237260061
17106,2.8067615091199793
18244,2.925356160592766
24912,2.912364225822118
26412,2.537388818250788
8498,2.6957538667064793
18627,2.5878299928844997
18376,2.4013806946859844
19159,2.8261483182710214
23909,2.7151600837148964
16587,2.460072545985558
20771,2.968318981587734
6117,2.9940813958285166
12716,2.7055871193389662
6567,2.1271057224209713
5670,2.201036685670421
24000,2.777123832606583
8949,2.776579152851262
13330,2.90304015420909
574,3.180788168867646
24146,2.8526144338791632
23519,2.7865454337300744
24194,2.9984471222655493
15123,2.7646116496814632
16698,3.101682190062292
24115,2.701377285758561
26970,2.448510776460214
8695,3.1255520419906477
10514,3.2114838691678282
22316,3.0408036423214937
17232,2.5949726548746117
2248,2.4448565600851855
15958,2.554336482003891
5616,2.7892015778843096
25604,2.6285878340577904
13509,2.6164283738432554
24788,2.3699153327776186
14390,2.3458590414562366
997,2.8204999430482385
12926,2.64263101634323
11586,3.046125497949567
16935,2.4668669717540976
24258,2.6870593764015847
17794,3.0017368519213217
14572,2.91908163103764
8032,3.0027625448303836
1407,3.0005690823859146
24803,2.8502702188119615
23853,3.1743263567634346
14021,2.8820737280243205
14254,2.730581953099789
13841,3.0435101938063243
22051,2.506747567958692
11780,2.518838784853315
24633,2.593553638899249
693,2.1141188688035695
10725,3.210063304582156
3443,2.815776364422084
9174,2.0784669255058086
4175,3.0598051116265252
13844,2.712006009589803
10458,2.823725078215192
25139,3.235848432647967
13382,3.149297114785639
16645,2.5447839825344527
11529,2.7857151741251753
26508,2.2624546440440554
5497,2.4969246516619297
3875,3.012573316309267
3626,2.7418624004892314
21151,2.7470289456432724
16829,2.838219740855604
6752,3.1660579711298102
5111,3.1701318238168614
14157,3.0278536962293665
16012,2.829253528465504
3555,2.7535646135500924
10386,2.44645044201791
22044,2.9840113435547924
11059,3.067911271927483
2526,2.6854819881730116
15032,2.239084130545645
22699,2.852638077620213
23816,2.8971406232768895
1168,2.9252948439977
16136,2.3701589498496656
7892,2.7244814486641564
3149,3.05443992597584
12006,2.9890927395434357
17264,2.8509119176946407
19122,3.0741279422442243
13439,2.798597678207927
1467,2.4838541202037647
8154,2.8083049638724606
23115,1.3651614704488815
13833,2.928398480854288
12153,2.6265350508210883
16836,2.923371700056963
24957,2.7872541441165524
4137,2.9864425354626736
19423,2.979731517813567
23457,2.7981304128996842
4150,2.8685943392260302
6468,2.575223951047667
14017,2.3205462179350427
16963,3.042610299550882
6571,2.8250316577955616
15366,2.9261220309292506
23186,2.4814107324628214
21922,2.7635264746243036
15155,2.907799639857777
13779,2.903264365986468
867,2.8513829735445184
26215,2.87335586641596
23117,2.7015120937344266
402,3.143440291490582
4428,2.522484904356531
3057,1.960822619460327
24709,2.6997790167791176
7060,2.597923950625041
16548,2.954837139058203
14863,2.6905054768515115
10390,2.4834336237862376
11347,1.898613861280243
12212,2.561901595973491
3317,2.8520005421405936
12118,2.8467381184709564
7865,2.159677099661188
12126,1.6919295149465945
6851,2.531076062120889
18231,2.602196584172423
17718,2.982797446166573
22428,2.735442803323361
25177,2.6815712033824073
6997,2.8819081822501826
25925,2.742794140010386
706,3.0815130923837812
3491,3.1556606279030466
15339,2.8655256202001484
4573,2.728809563917506
13247,3.1415838653426746
15823,2.595370845603558
22405,2.771746040503197
7054,2.6711028999376056
5580,2.802444763678247
3151,1.763086178317516
6617,1.5283448690061427
11991,2.9382271253338295
4022,3.1550746627834476
20788,2.6308425604700325
2607,1.7644325102961969
11630,3.008780588253105
9118,2.728625319586649
9182,2.8553903201143416
2429,2.94669109006362
16630,2.923635981454642
3815,2.553418725436685
20198,2.5607683758913273
24192,2.6309599913120176
18646,1.7266177460502088
835,3.06258423409984
13256,1.365256467070101
22092,2.9677190245201435
8624,2.8153392215499102
1173,2.843964001429347
20301,2.82299527761678
8102,2.658027293042178
16117,3.059670196114735
8098,2.984734122251679
4951,2.9469580045969783
15194,2.742504162625889
16634,1.9361483578581005
19644,2.906972195447185
26714,2.7989926265297576
19177,2.928825616415751
19857,2.571834752756731
7795,2.8177913859122308
24972,2.830216399521042
3407,3.08645158220535
22666,2.743812849466591
15784,3.11792875980639
8963,2.866791858503322
1997,1.8959272983146367
21751,2.76809927602408
22599,2.826154015532558
5629,3.017246295679129
4002,2.962984199398835
26697,2.875433384686108
4753,2.9050350830176406
25671,2.879367379736371
16956,2.8342504564380384
3681,3.0221409505298795
19403,1.6914957883186363
7448,3.287590755138826
19866,2.3821146699981295
13135,2.720427080023114
3985,2.856726826351675
21586,3.042506984468996
9205,2.199406057194308
20681,3.0086532153103445
18953,2.438561461062912
4277,3.1805284838658485
3666,2.751504268194759
8412,2.81896190540091
18830,2.5941802973052295
19681,2.7728214933939515
6520,2.6659538920405095
24794,2.4747845701626403
19556,3.177398368801647
17607,2.7965322017032475
15464,2.8532530914170593
11831,2.89903949658934
16928,2.8876939539940563
1204,2.980422957695333
2883,2.748796211493788
8613,2.985724916245958
9257,2.4912190571829838
7242,2.593707147869895
2637,2.8763540119411277
25280,2.3115632477791452
24668,2.7795446401695245
19049,2.569859157540953
18252,2.72863281758165
25194,2.5526625539664978
877,2.724061748370225
26660,3.189567211685094
4379,3.2149152407991273
11957,2.5012234579540413
22888,2.8689492932365757
3908,3.0413671911399316
10763,2.921510198703496
7688,2.5695582428837893
25123,2.7297242764809027
8075,3.013890397440934
14635,2.981415957397612
13161,2.629184390610282
6479,2.2856253101045714
4711,2.792785143947533
19676,2.3376626834002643
12476,2.347892437259747
989,3.021402145532618
2682,2.773877239581851
18892,3.4324241988862125
9702,2.568537280037201
17392,2.779757505878799
21740,2.5764270912727736
11196,2.7943822416562165
7787,2.5914640755577736
18260,1.9132247940931313
16099,3.1650245251894535
3823,2.783353713977065
8446,2.7839255391425937
24631,2.8520615697905445
5159,2.5985267004869104
24571,2.247396856409265
17143,2.8773800885878593
654,2.7078456548852814
5812,2.860525661265723
2892,2.1955944861116024
16179,2.6576106996048403
25238,2.7565388277241776
5636,2.8594452730128834
9612,2.7214097602237914
3044,2.8096830972291817
24627,2.922358047942639
8445,2.8392745898912257
21745,3.2985572073169376
6159,2.9683158331999486
13515,2.9203579463900717
19543,2.3310870600365465
12569,3.058474387840104
6022,2.6889261144519017
5092,2.859963223835883
13569,2.943315665148704
11211,2.7185152519633964
11221,2.855823887821137
20092,2.97130030834319
24592,2.5651231548661837
25624,1.9876067620783284
17515,2.8313356632018825
3659,2.928136784760871
3326,2.2831136355749244
9465,2.6138838116700933
15033,2.752339400893782
2663,2.1708744901057404
22997,3.004946888974596
11673,3.2668303157637855
26507,2.8154694591990483
1927,2.9556002226474027
21593,2.994322887515904
14132,2.858289317565335
25305,3.236365827091443
2880,3.0112259212430157
13562,2.4238966579297756
9494,2.574744533960551
20701,2.8181686286292127
22806,2.579681798839105
24024,2.059480656341361
16195,2.8936763521327924
4620,3.1244937736800273
942,3.031398163623195
25640,2.5654834583346364
19619,2.9288020279828726
24712,2.8369602072591387
19641,2.6485843769641555
16577,2.6937207797998575
16522,2.9949763445635407
8368,2.7394774834478746
8627,2.864590819336497
16692,2.700452446443697
17949,2.001197681145361
12156,2.9239005499785375
6727,3.0212658085172746
18519,3.19162445927343
20747,2.8424494900405106
25338,2.89991548153051
18660,2.5808424064614757
12817,2.898516825751865
20874,2.9535515489866366
25465,2.6882641788615693
2623,2.840225026332058
8534,2.813432938531067
18301,2.207000131339114
16615,2.8906284116187164
8371,2.898135683600643
19770,2.4628534011477368
737,2.775275278374379
26479,2.97006392039628
25167,2.5181715156270963
25919,2.5827154487390684
14057,2.61943659267286
14879,2.6041362951055094
14249,2.268081237172794
21462,2.7839596727924967
20663,2.5417630853257616
20321,3.0634035783102154
9513,2.9378270328995315
10187,2.98618991772655
6495,2.840659743361945
755,2.8659069253805285
26173,2.7181469265813134
20194,2.88308137032061
15802,2.748465714722363
23532,2.883271461385729
22356,2.7973557525759865
6200,2.988897237080139
16453,2.6790424384979654
8084,3.1669092506966754
15047,3.090798003649974
20000,2.757080316913802
5682,2.7783654044179373
25892,2.6436806016808583
15653,3.116032646275671
26945,3.14299331161079
18064,2.750646206587265
7557,2.920288778675376
8569,2.8779302435552436
9661,2.7850733740850395
15734,2.6846332952327336
5961,3.049334988645298
18987,2.7875296683462607
24717,2.796486412290625
7868,2.8456882792916525
1269,2.445318336403502
13733,2.855071825981973
12697,2.9232836126519794
22091,2.7880438614400442
6998,2.7552252149432293
11283,2.634770776683027
8669,2.967043089880531
26076,3.063904154462356
18667,3.0095208494097867
9045,2.78089363103571
23382,2.0606200854311836
26587,2.6371237883796863
26693,2.8405635582572955
5127,2.9163502945684874
9327,2.572145650279006
1545,2.559892689234546
739,2.931725638857815
11572,2.7192601839214445
10875,3.160991959947098
1674,2.299269876449412
16121,2.6797180737585484
2567,2.30362843156771
6984,2.9166125142606614
6795,2.708279590958062
4732,2.896794747428135
773,2.839982807307547
17249,2.5545426933802142
8521,2.742754847447592
24076,2.800279989284939
17025,2.985000724303827
18,2.4920803253655355
2244,2.5839000199054483
3203,2.9572406101826583
7288,2.656775909841296
5204,3.3837765933877737
13708,2.0763745609480986
6923,2.5654450791726333
22775,2.750650114279799
11998,2.409677610942517
11197,2.6299885901808757
13968,2.8061519120683025
23282,2.773935468282523
12921,2.6390660806844157
6665,2.749659150160063
3240,2.86517818726347
16929,2.2790499378383293
3309,2.791258593897905
10358,2.908752089099256
363,2.5008190189953323
11017,2.707458501274568
11789,2.144347504684788
4726,2.8387362473314295
8738,3.073339876934888
19324,2.8965321074726207
16855,2.7623215828270125
1641,3.0879512637523296
25347,2.5439819288938303
1172,2.7277474358604876
4500,2.619161125211245
13465,2.852771200470177
25070,2.606966038070768
23627,3.156236956430177
3364,2.537836825511757
20105,3.110267312500023
12665,2.899159547364075
1410,2.7461018855898436
12479,3.235922823699801
21614,3.0017174345195548
6666,2.860973947469671
11332,2.731951816933181
17199,2.6812919325477136
14900,2.921042043880215
2131,3.155449731362735
1797,2.3598338300192006
15378,2.454314782731486
7727,2.686780099182381
4575,2.540099496901293
5190,2.8895453696001847
8167,2.7320588097142364
19506,2.8316902742706924
15732,2.7567985021594787
12410,2.5739341538531786
523,2.783354157071897
3089,2.90418945878804
22949,2.4164270594183086
11619,3.0460282803829593
1996,2.674666643050842
17916,2.7079322959946115
11819,2.484783304423532
19105,2.4818490482569993
11602,2.7922689054893084
2831,2.6005603881370045
8269,2.497950652912908
7489,2.43962853352033
21821,2.3647147010876557
22127,2.954206634937055
23647,2.762171958767702
1299,2.6728686151934746
6273,2.606385150318714
5499,2.819295881585224
6447,2.7878137809798056
15613,2.805387850523936
15126,2.847159797592724
22866,2.705000801740933
17864,2.8733999146598657
17985,2.7436378371385586
10151,2.5221922713827496
7067,2.91779142602006
23859,3.0903475253372217
21227,3.0537316320967096
15116,2.998672527608055
8747,2.6188262826782402
5680,2.7161725124574576
11549,2.8284423465995583
16781,2.8915225168542626
1537,2.8553911246009767
18890,2.8090311834268733
26896,2.343567422308219
21926,2.9168958776496456
5555,3.0271149786398905
3010,2.9451753010140793
17107,2.426122662302136
16684,2.60374118416429
24786,2.62757436551003
7328,2.5569385512084812
12486,2.814959178053671
4185,2.783494605619524
25636,2.7088539373694176
15146,2.836988643194233
9549,2.1808735901613905
11496,2.8381998028651503
13647,2.850839832321642
25627,2.8475635939363118
23405,2.977119249478369
25725,1.6310116298754151
13147,2.8815761328258582
4582,2.8597641892007273
25744,2.9200604976959275
7367,2.774184858561495
10681,2.6904284337190356
143,2.602577755757544
26726,2.321363838298482
20614,2.939400901854952
25215,2.9310471113451215
9344,1.2112873782636415
14141,2.3396442170323635
1212,2.8482879579993203
19939,2.607359945668275
24509,3.0208044996787295
9261,2.5521862669047093
14086,2.7019368208232786
26303,2.849984807731684
23113,3.0097075398500652
5994,2.2824219484467956
4272,2.942404188040385
14923,2.4566911153253868
20133,2.9721418789955165
786,2.3999178736357085
11049,2.8606559487611642
14785,2.759868482447342
18100,2.1247689367255904
20850,2.626278357759344
15792,3.104253168710568
12379,2.7912594383486686
7853,2.950474806925106
25420,2.7694507356083373
22402,3.0030679920854957
13016,2.5755041281048974
14873,2.62179992093727
14259,3.0646742009677017
19289,2.9189253040752687
4626,2.7609893938599437
17380,2.954277450065207
20111,2.8982463182022005
23692,3.329077376343294
154,2.7388170325254895
11468,2.918614628115148
21094,2.5899149751012955
8055,2.5293458899493566
23689,2.764860829162924
8926,3.0512476835621976
156,2.8317333327426613
21935,2.837274324804329
3085,2.5520259836414896
22558,2.523795957481913
1552,2.90620801608152
13393,2.9820141826339923
556,3.186765545775613
2148,2.7462415777561935
11987,2.7147360559522986
495,3.161372890731712
23267,2.8325576535501273
2321,1.8893468949985381
17296,2.433382729907787
151,1.5330732826386737
26172,2.35673092654135
23208,2.8411884509798857
22603,2.7989042295921234
1364,2.8249024547718644
18122,2.660412685382872
19385,3.2276594879437757
18799,2.9523621803516122
15696,2.746992243554879
19267,2.5001710553710006
3720,2.791397078472514
7127,2.969636520152477
9533,0.23120769369958916
17272,2.591507797613332
5471,2.760238910107315
19585,2.8493472269247855
21753,2.711708033622607
4823,2.751578060171492
15479,2.204994222057732
12653,2.6499958712033127
16727,2.625814585558388
4136,2.9242723398466817
22960,3.054811527969794
19572,3.1377061735906713
18607,3.065301614834927
12388,2.4006431938082042
2121,3.0207281234839636
6858,2.619820728861472
992,2.6092374636257794
13273,2.7061193716763428
15871,2.7374487371689136
16149,2.259376770696498
20845,2.8785035563188663
15630,2.737779076171874
7366,2.6420936855958845
17849,1.5582747293868926
25260,2.4854085958928085
3565,1.9369357000242693
5840,2.1011050592036318
16667,2.49026402968468
26023,2.645522709528094
12861,2.811624615235791
18984,2.3819339041656375
8911,3.123040953338894
4151,2.5730262219264004
16075,2.1600385304629053
14271,2.8775712118131485
14130,2.9845785647205934
26553,2.9740980203241336
13502,2.730720517134102
10313,2.8215082072647193
26766,2.8645877199206002
20388,2.842365122434052
13204,2.262029860613385
4321,1.5991731591159075
3161,2.648392298165083
2630,2.5996425481658005
24808,2.5607758864548
3174,2.6073552198326846
2565,3.141549391055443
24135,2.9098859304556077
17587,2.7444961648598376
25989,3.0156279713288483
24764,2.9139503085923537
17000,2.738239631129944
3114,1.9448874527988411
10833,3.0191105791901482
24449,3.0751405576115434
19112,2.204009301149618
13920,2.9672722020355318
20268,3.061128778917795
2460,2.673790511224091
14914,2.8177519067591974
11810,2.8325894792619506
24549,2.7500119260590012
8092,2.855612957975075
17741,3.0128425468783058
7798,2.9131862755222477
8997,2.835624824397044
12886,2.9263814693504986
23779,3.0646248388957087
7776,2.880084761574396
14201,2.6479115218399163
17974,3.039846404116349
15489,3.07977305927003
26614,2.060175225452389
3140,2.662703428807374
12472,2.5262928369386612
5338,2.7733149478505528
20453,2.9970454855982123
16931,2.885706240371801
7118,3.2086213213643626
6937,2.86155144928462
16410,2.869604883494619
17451,3.1843128449931495
3918,3.079385190443011
5529,3.1087934608269525
5398,2.436122764560506
11360,2.8734316365936037
14380,2.877373727681432
17285,2.8697288294730225
21650,2.9721351884161686
10740,2.9815071326498233
16821,2.7028553718827015
8320,2.7982813828040056
15699,2.9202624176844965
11112,2.563835388641555
5269,2.831400189221775
1861,3.1603610723278135
10891,2.774040944108142
26825,2.718193046496168
17488,2.8007003855415404
9225,2.7597003019494752
1,2.657187608686174
2706,2.9338191816629324
13327,2.758556137311213
10691,2.84795926699048
9196,2.375654390813841
6957,2.866190404861911
2155,2.8348324679358345
21102,3.166974510718919
4011,2.0648918734758053
25581,3.1511656536083144
534,3.004364613816211
11962,2.758482000623752
5823,2.799952046423346
16969,2.8269694661602425
11875,2.8835589558690162
12352,2.867683985782309
15323,2.4641581515024433
22771,2.6469988535184177
20838,2.715475604067279
22256,2.608529922980203
8683,2.7079106310993737
9743,2.424219611028932
14260,2.9893892225732928
15124,3.025264567791884
9088,2.915832096683955
16562,2.4430339508920715
6464,2.695016401865491
23972,2.668646431174536
18300,2.8440158334691836
8107,2.8485674419862583
14904,2.8635589439705145
1910,2.793841157766297
23937,2.754166452461875
20770,2.7741363521825804
17517,3.034001734516933
24591,2.633892157154304
25697,3.0523267093536934
1317,2.996617808165949
4368,2.793545747208543
8313,2.3019671638197616
20523,2.768159769612737
13854,2.9941287574095816
6080,2.387137281867761
20885,2.5904244187427325
2601,2.5856072837438817
6568,1.5481112852240435
18557,2.8940034273989323
25938,2.641605016502754
12746,2.792207207603873
19989,2.6691815232758263
13276,2.442551749661133
7995,2.234838104787369
9142,3.1511516445179573
3768,2.609616566148168
5077,2.597314167051149
25673,3.1009990571844113
9599,2.817554038765064
4631,3.111665485434749
20649,2.727605376404833
240,2.93879619537784
16053,2.5087384555565375
15424,2.9916863780665968
24834,2.7761999784084517
20715,2.780001378512702
21763,2.9742899039186814
11461,3.083629012720297
7465,2.806041179203957
1867,2.806861006672268
20708,2.2299705501420637
18952,2.0116930814281755
2521,2.4951406961152545
21947,2.7648612445483627
1820,2.6795216296024766
2410,2.7765806695083874
8243,2.2732727113127993
6637,3.0545607841660223
16576,2.8756764469746683
4565,2.733981487356205
14917,2.9528496152981045
13929,2.2533066146791425
24539,2.000119610313404
6391,2.8789393655612625
2118,2.817787499357656
10050,3.110001364792747
3779,2.8996021790792743
25147,1.9253244597822345
4961,3.2177123547351183
2809,2.9348427807059396
498,3.128178562732897
11445,2.7055403153201296
918,2.717289140831892
13390,2.2662038395538633
13264,2.792988449495706
4284,2.370010054249308
22314,2.6943762825293107
228,2.994105847725856
24006,2.75213056702055
21855,2.7181643705191654
2741,2.6738533741991968
13329,2.99909476232095
11703,1.2489664502180688
14348,2.9171022432575775
9271,3.0800185426418523
23577,2.317364117283829
11113,2.782890128525518
6001,2.8846551196492842
4897,3.2977706049643922
5583,2.355094746583379
18749,3.078960967229417
7867,3.218848965233964
20601,2.4115632564449188
1128,2.6621111634790013
21752,2.757989687945526
10400,2.220795533521154
1567,2.652943463719473
10298,2.8090689119205408
1706,3.0490668947864816
3153,2.984264863358676
10364,2.6699611556716474
11523,2.62990606040598
7299,2.7533036723345847
22832,2.8456867045807575
26472,2.8309808353890453
6240,2.905531001415109
9824,1.7316685630695823
2925,2.6688969812051
10490,2.596563553161685
26666,2.8977629329884675
12444,2.6033326911679677
2721,2.744525580116827
7509,2.7370631103727687
23644,2.6098757573827163
21416,2.700530446977635
26157,2.7659511919325945
13799,2.964713069294154
15154,2.9181708062292047
22337,3.051349958490286
14783,2.931759204142174
16344,3.0323478699248887
10832,2.549512476036077
15749,2.813523224391366
9053,2.8860495576969476
1505,2.7698683323978592
6054,2.026283888825306
22219,2.9588265380224117
4225,3.1381434177337533
18934,2.797310962275825
25489,3.2518263014450945
25256,2.233909302076515
6768,2.297636456352557
3199,2.5393757694094585
25460,2.6990915327403897
6449,2.295090061645449
7951,2.9173923050554125
14626,2.6779062012923953
26630,2.683477811664261
15804,2.8814673801154838
19028,2.8878841689137644
4435,2.9192016363365947
11357,2.7478478356550764
20974,2.8535537264540074
13668,2.904563983499597
14645,3.0003149419766855
15706,2.9888630707774526
18445,2.9545026304152886
3775,2.1006258967290776
16374,1.8001143450353345
5596,2.4813770873626475
25645,2.876938715810038
9297,2.9089243358901506
25580,2.6900155350521837
4174,2.8353046145903793
21760,2.8550257458003583
8737,2.5367684054348123
9216,2.995578400604903
26638,2.859178032072409
15581,2.5979033325941194
10143,1.1842853687734733
25623,2.5157892956773122
8543,1.81976678536914
983,2.8824599595740614
8033,2.7823669887584397
5480,3.015629966719533
14894,2.594846554338498
20046,3.008078161498762
10486,2.413235060335306
4657,2.5364214248739523
6414,2.781584722429081
15386,2.8467262245981173
3150,3.0673019140173854
21414,2.9551466968933133
20843,2.6046638245780738
15861,2.7869907581410733
9265,2.8350558887841757
5969,2.6839723671880633
14998,2.5508619186142787
11891,2.4981296754928954
19323,3.1913321125905023
15454,2.53076797021954
17724,2.646493667575472
26287,2.0946407172219286
1391,2.9721889587298187
22867,2.8817109384723043
7437,2.897289099288906
21238,2.7984036593976427
8802,2.9146003311059814
23068,2.912044874943885
371,2.3814347122935016
6146,2.685856350935513
21716,2.178882213747846
9775,2.9700876569700068
17796,3.2100216491786533
25856,2.9468521193914508
18640,2.613731356472831
23261,2.806297105986606
2212,2.513507043137404
5603,2.847406801133383
8881,2.8549134344819844
5417,3.1756563954272576
4938,2.645033498030051
13434,2.8706086615706803
20008,2.3402473989622345
3158,2.875767298346848
9158,2.6751629988151344
463,2.597348848578519
18138,3.161636360475323
21203,2.717807897962007
615,2.8980147028481973
6380,2.911759851601518
20213,2.864722403500895
16762,2.5864574614540436
11298,2.6455419936756126
12995,2.634329684758699
8181,3.058964956009167
17719,2.483593736404822
13511,2.9568324681381704
16574,3.318875467386348
2716,2.754988520794767
21655,2.7693645856802243
22082,2.533870297570793
24759,2.586313839591607
20181,2.7019598690825046
21762,2.9577273105471074
10003,2.6797730542704894
13639,2.9641030191264637
25810,3.084051749469606
7389,3.0734422234077683
18278,2.4846803553560965
14356,3.0033952493202603
24279,2.674607454013643
7769,2.770587147031514
6221,2.8727783873358383
23042,3.018847678217838
24787,3.037818501463147
7037,2.4710927944917938
15474,3.0815816954476314
11646,2.7032727818234115
15897,2.514670220237938
10570,3.1234946510234183
15511,2.547664447510876
20475,2.5848390585857755
20578,2.5250741738193985
20712,2.9224207128877864
6358,2.830887919504954
23339,2.9465744763168664
6691,3.1158548478363186
23708,2.875169728646037
15881,2.4526722798039464
1030,2.661814758346366
9164,2.9344789641854354
18604,2.837558053162137
9488,2.4812239840506973
1577,2.8092279009916483
15859,2.7921510529185793
9947,2.819002960281976
3793,2.885614620296489
23112,2.800765025914768
17551,2.843453363421599
24447,2.9617422174106305
2917,2.5861184352962914
5586,3.050965595478003
14605,2.5668768456174256
6326,2.741681560552489
25439,2.76111174607319
1515,2.9619192038389817
2371,3.1052497423933327
3432,2.6419786780809154
18647,2.874457298485561
4239,3.0650161040044526
19773,2.881608474907215
1390,2.912291311344082
893,2.9398123091573907
17874,2.5621996191607606
24232,2.908071507724212
14037,2.4962362077429168
21709,2.931166099496286
15187,2.956403622489757
2933,2.2961520670533733
25222,2.780800289702068
10937,2.9838561508097747
24807,2.1875320990881577
25908,2.8835910259469184
1129,2.918729557615345
731,2.4584337160492953
11110,2.470653544355491
3084,2.6994131463715254
7297,2.57572331959968
4588,3.064836237090155
12496,2.6225923615361975
2795,2.7690175301989948
7601,2.418455952668102
798,2.86041732315581
17118,2.716041357848104
18628,2.887046712377349
178,3.093532716912539
11469,2.906954624881079
17558,3.1689421902715194
13798,2.868957025476255
9830,2.2511651639088464
17174,2.805717278483119
24247,2.877773314480374
198,2.242013008773408
14643,2.6630636833173766
16932,3.1845306460245024
19723,2.5431852134914297
12940,3.0858281215239827
16268,2.4866207052098006
11772,2.629602500349911
24760,2.751882134070568
20575,3.0668464768685446
17524,2.171649367283883
13277,2.6390969648679654
25268,2.688211611487755
15103,2.8243845709395545
7533,2.753706397169527
20455,2.7805034696402267
15855,2.938617066821806
66,2.7996762849057495
4712,2.715796426840785
11452,3.099891651604046
15689,2.234665741539133
24222,2.2888698308979776
5033,3.1238414096972322
6915,2.6988259997318065
2572,2.5304699238422126
22366,2.9624292351419874
20225,2.942626540912552
17006,2.8701707317280936
24595,2.9378595987229
6222,3.0181828301273548
787,2.6769846543012776
3332,3.259595700760227
26496,2.5271053290536707
6008,2.95124098937914
8334,3.0305959158977376
16655,2.9846743695219207
26521,2.9473492269490302
13448,2.682638012302933
22956,3.05067498435588
1191,2.6830359958553345
12478,2.73289370774726
515,2.871748934921926
16862,2.872697802446411
4476,1.9405690474465793
10232,2.9421313624445284
25271,2.772468497144321
17417,2.6702553090399412
21318,2.6849320538699355
14622,2.8397394537530953
18982,2.9504559007684468
17898,2.2965230309364664
6191,2.815414042110478
14175,2.9870998573307355
7237,2.876020855184334
5753,2.966445849230942
2068,2.337887311634547
25080,2.6294053833675384
8236,3.1013867342467383
16252,2.601068176852503
15905,3.0250541664026533
1462,2.583003589158396
15207,2.839272937433134
18255,2.716338160462175
4576,2.76316912082013
9856,2.95073995249205
22178,3.218506999258449
7349,2.7974203253072796
4818,2.6229378736685867
21146,2.318229640841521
220,2.9809124354938414
12632,3.095265026968008
19937,0.7759445407995977
20957,2.779712666239991
18860,2.880137080593087
4248,2.5393410886448042
18432,2.3616785093970565
17442,2.791359324310931
6487,2.778803775518399
7036,2.9935775963055273
9456,2.8532118772435955
12433,2.7923095874150086
5650,2.8976791248447094
17632,2.7298508973173505
22977,2.7628942666678555
25907,2.4929622582169118
21331,2.95442090061842
2881,2.7107390253890062
18061,2.9069130110983425
20851,3.189088163162837
901,2.967657340021676
18981,2.9533294077658865
7164,2.526570398428931
18680,2.7951419878222774
11594,2.269121319000272
2181,3.0271974713304206
8488,2.54917467269527
9713,2.462316378623224
18369,2.5597264623416667
8219,2.8832703079007898
25464,2.5186839872584046
23254,3.2349386769532056
6772,3.0242061512196003
23223,1.9053644530929403
14436,3.192444591553762
14678,2.851269730576032
11440,2.3970686187441745
21708,2.565371586500457
16172,2.7492827994014006
24084,2.836238343319868
7257,2.7907773460981757
2580,2.7218494844071355
7966,2.9699476358387433
23997,2.854800353145401
2156,2.6885902025305146
4340,2.8593356257266023
9562,2.8967895719385006
26807,2.9487939049781495
21844,2.5183623064605056
13743,2.7512152104882395
1073,3.023845536927008
17065,2.821031351826355
4530,1.8975586372865005
3159,2.8680333630081267
25396,2.84699616542144
2987,2.708772491183263
1882,1.654243886738565
18324,2.802018947062584
19680,2.999990659607504
19918,2.9395008602246055
5974,3.0039191528813736
3729,3.061162739014875
490,2.8415466583125526
1181,2.6623805170611847
1375,2.8217255730613853
5014,2.8840049401956467
16234,2.804553553054538
17010,2.945433912815688
4758,2.8591119006043715
10304,2.7836485530224464
22465,2.445740149881996
6040,2.8560002524356656
2841,2.8131096145254495
4180,2.7111247292829614
18645,2.0674708361013407
4086,2.9072914532675527
24535,2.8810756623417553
2887,2.986413289421035
8876,2.9134882821695336
12271,2.9262678394370187
6671,2.630921996307164
14997,2.719564963973726
9211,2.775463746770189
17750,2.8554779831171144
24142,2.6014761642090036
12581,2.3567395937311018
19023,2.134359005293341
26282,2.9443899067514985
5602,2.890773300815313
25702,3.158745719579333
13921,2.7122108497221937
5730,2.670172147537673
14745,2.668072223620116
5296,2.642999158183952
22479,3.068930853461011
12979,2.8644298169419633
19322,2.4646996434265502
25065,1.5450665851515304
22364,2.8360011126786984
17696,2.8970021624324818
10171,2.7162969564597814
10065,2.7684868209369666
11538,2.963199360476554
7669,2.1203713690191517
6869,2.4996379721746402
21370,2.50062774833422
12992,3.0285561689097946
10472,2.547726160232579
9943,3.2778044401457955
9643,2.4366164714083838
14892,3.1538637552400837
12661,2.1857551626987037
26629,2.8567549294932926
6681,2.798268153870206
5428,2.2816428853046236
9190,2.883449059808221
3786,2.9118746775435267
26747,2.761321444251888
1784,2.7570833413265836
7116,1.7563091519440375
16878,2.651573689006292
4683,2.622641196580972
10046,2.259559006715252
21457,3.0017538418471794
2038,2.0453939028050416
20425,2.8613056320153207
9281,2.770067248727602
19281,2.4168833844429956
21863,3.126672171367978
12435,2.8892853535793748
25371,2.844972323068536
7876,2.124496065184583
3340,2.900021584670965
19037,2.806113067446028
24527,2.5880371687702475
5911,2.0025624083914546
24698,1.8564891648976232
20675,2.8197288454428238
8514,3.236253487334867
2031,2.8968073610976557
17197,2.366884774725251
7235,2.9498778680178384
12755,2.5730331793391743
15327,2.9685439967979903
25930,2.8878401452116886
13983,2.448839617682175
1079,2.7353095084424774
18610,3.073246494843949
15451,2.1847562776572373
24139,2.739758654294704
17726,2.9061695551281734
26641,3.039448297386594
18203,2.4811032028153055
19645,2.5269547971981274
5649,2.531242094257388
15300,2.0456484354071494
22204,2.900931828254556
14506,2.575760079014406
3862,2.8961675764518104
2936,2.6213656176603695
3917,2.1170030680896064
1689,2.8660842400273774
14347,2.892507360096697
305,2.9388196888833664
4056,2.7141938062962847
19824,2.571423800472988
19383,2.628415155884212
24065,2.7567983310691924
9837,2.7335866845861174
17615,2.803064015541275
9706,1.7198899740206464
2313,2.7841447420579986
26903,2.153011607554607
21041,2.645240975796448
22394,2.5460911461740614
24979,2.269944077765838
9030,2.813773911313053
2062,2.444319222882797
6470,2.7936666254395943
17400,2.2646527963836056
6477,2.8236960998039655
20283,2.7410072286112723
19951,2.8801883334231526
5452,2.8215713548834906
11279,3.0744333821660037
25148,2.419989997345472
9906,2.055237853634352
4270,2.6039701211301503
8531,2.3136957035330306
24945,2.746392545733844
20470,2.446619159874818
9095,2.7849358679991223
24395,2.88788821387454
25028,3.1747735581426104
16972,2.957818257021614
3365,2.8194123260234063
19054,2.843780129680622
5515,2.9215017252214506
11781,2.539133942374347
26931,3.067846318392667
15310,3.1444883639420462
2395,2.890172859622816
21845,2.900654026617714
5506,2.755498110506421
18554,3.1705286032513333
924,2.905070999527705
8134,2.8834746762728116
22572,3.0943178738679555
12070,3.2101662439095295
17737,1.7564958480564028
11706,2.769080011228586
8671,3.0293155645569474
3124,2.2806177581290905
19158,2.3206044468279887
7620,2.7245301181074355
6559,2.67966200515544
21337,2.489884369736019
9145,2.922272818950519
12720,2.656209491439284
9846,2.9106147402506966
23543,2.9250605107650856
26153,3.1110251632300403
9627,2.8236244395737224
5798,2.8937101186720837
5882,2.4417390552400327
9782,2.3299450196970164
11348,2.707609421430336
21246,2.7116288099148793
18565,2.4757164487979044
23368,2.7572155953321413
17857,2.522980694245867
6103,2.5208053587941253
6748,3.087725449563009
13009,2.5181885395782295
9082,3.010693649572444
21127,2.9039405747818345
20886,2.8193360290359535
15966,2.865689852539121
23568,2.630241209017645
5540,2.728239081798292
421,2.1498718478902195
16081,2.682488156325146
18690,2.952343736320029
16555,2.501267605899481
3956,2.71011992094884
5606,3.1357981707511704
24129,2.7986745128264308
11380,2.933250157305095
1725,2.6354435294940557
1184,2.9349958300148407
9974,2.810806847124279
16788,2.405454854647987
21060,2.735614298835011
904,2.6800726423379326
19878,2.824814684319579
8346,3.034127615364217
17245,2.6379058670993536
7797,3.0160074454256174
6089,3.008509371170103
2080,2.908091933690531
7928,3.1319867126523153
13853,2.8713174627825233
23395,2.7256365043661335
7933,2.8002839384108866
10846,2.9929739539639506
12177,2.9361150728477203
9316,2.809532392525074
22807,2.964759150113867
23242,2.6683494443882942
9927,2.9813037463823804
7211,2.6514432199637916
6533,2.518966507278868
5209,2.8923100273519893
2646,2.4730571384142217
10073,1.9815939538744691
16825,2.8956065778366735
10622,2.855347596431336
23126,2.3087729363680918
26972,2.8351186642215747
1478,3.2848189889481016
692,2.8161743350282205
22783,2.8743571434274324
6365,2.7645663948142105
23800,2.8216659867480365
18539,2.9058959099950346
7370,2.9623429288248517
1301,2.6689916282661668
7837,2.8959735765566643
14877,2.9655936416863984
3715,2.7823056001077178
25357,2.743458979866929
5037,2.804593691450092
4399,3.0554266356351585
20006,2.7558737665913924
13840,2.687257195763036
11294,2.7544633972864085
7354,3.0801457782425743
16122,2.5766933828616208
8750,2.8423710345330164
21239,2.852040223197195
1436,2.9982915963091132
507,2.8986051269045885
16017,2.9254135357889006
5402,3.013939581359871
5930,2.8391712965602016
25753,3.0111376588337886
8947,2.5783725204180383
26699,2.829433332124906
18723,2.7200938926557416
12242,2.9467989693169887
17303,2.65833077254139
4386,2.5113099539533854
12744,2.891567970849306
10310,2.914137250784029
17667,2.6276741621219633
23520,2.988868876235901
8693,2.4944509112219357
17027,2.974136625410551
1539,2.734448411284575
9121,2.6584455506034037
1211,2.6047982373175187
15284,2.9092697987061897
23211,2.677077454901523
2560,2.5415564695181354
13107,2.6432319715152817
13029,2.822680469152851
11569,3.022985235923568
12668,2.3646764410129166
390,2.745041381961098
17848,2.9800045354305005
17576,2.7193444231530606
10064,2.5863174977097136
3590,2.1760760275856588
11350,2.4835672816436056
8435,2.8051414206977547
6719,2.8145288793246004
15540,2.5497134112326285
16890,2.7205829667319605
14693,2.842388925713352
946,2.2765898756983463
15576,3.0743597621424903
14327,2.763851188059701
25079,2.742418824737301
21301,2.6717816690340133
2547,3.092464343232027
18157,2.7859810628433843
13007,2.9487476809335456
272,2.5750919586419614
20827,2.3727640794807843
3618,3.201528917682459
18765,2.690614950569209
22650,2.9423792308526395
7008,2.7853439043657677
26776,2.1480260059384215
9269,2.053213948700548
25286,2.9667337359352897
4633,2.4911962765230595
17130,2.60630215060774
7707,2.729241248695221
19953,3.4121370988617468
8982,2.704310720658698
21836,2.872715513287056
14312,3.006942111156111
10762,2.831504283650349
13945,3.0752824671641594
14342,2.5550959428306017
5599,2.6644400227343072
9290,2.6782203863143166
15989,2.965746537455348
10355,2.403309984845717
3637,2.946680813962674
20597,2.6346159388279227
22723,2.6888569582692408
18296,2.758345312038332
599,2.701544343767766
20276,2.8167149503690503
1652,2.7691416825420414
21905,2.5260803614632215
8106,2.4364739331640304
1893,2.8018953682383856
7833,2.5164468686618804
26162,2.394384174769255
22684,2.951271338628603
20746,2.7059301526276696
262,2.7804997358916985
375,2.6993634195662732
18350,3.0691380781357616
20341,2.8434141788715217
1466,2.4945689610279107
12615,2.9042174151778144
13543,2.5922432853950084
16226,2.21559764457212
5696,3.025574689263968
17627,2.3228728672077494
22018,2.6460819898490557
24289,2.6838218830550598
22533,2.6808504081824864
941,2.5170503902901644
22902,2.1576769153588677
9663,2.3588935299261213
19730,2.9598686583746967
19041,2.931353856836301
15882,2.9390092293091343
13353,2.954115693505069
10905,1.8857439385961339
18186,2.8834925416725836
26859,2.4622198917311757
24148,2.9224442413694725
6578,3.020619699404073
19183,2.2258142184801644
20690,2.900112073689013
23218,2.6777998323434
25032,2.655091989227809
23745,3.1285377172653974
298,2.59565942082469
25359,2.787536985508315
20207,3.146733861960365
17241,2.4151512052261506
7977,2.965883054020571
11463,2.331916821829595
2035,2.658546389743488
20423,1.831221365179914
10450,2.903982998495799
10164,2.945465430135734
18542,2.8065622888363913
10291,2.1853875863574155
17883,2.7988691580466862
13397,2.9380959120532375
19896,2.748017146526232
26894,2.450202141174743
14220,2.6368568876635066
8844,1.623163085719429
6828,2.675201543396279
7130,2.771706618926263
23205,3.039189931053148
7954,2.42029646362023
20469,2.7720589748811784
16626,2.408163826581254
24320,2.886304067800156
13990,2.519718448328983
3144,3.049556526075729
18028,3.062157176373511
14547,2.712168418033655
7371,2.7740736182339134
26477,3.14159261002965
5594,2.930213027611363
21707,2.2008480531659202
14466,2.7754878709102537
23436,2.417038042991209
22397,2.835243189328733
2076,2.2369232373924057
4103,2.903384410535027
7493,2.774270876224796
5968,2.872684184053152
15470,3.2262567755889764
20350,2.2901992126164994
23462,2.3948992914325187
26717,2.695746779368395
17965,2.8855201501132766
6754,2.865978532425702
2575,2.8114052188397682
14389,2.6758511494894446
16284,2.6406561483041275
4042,2.866855361399881
17751,2.5955286897607377
12853,2.7587185471428457
4078,2.6844915364126316
14246,2.7812839421040287
7754,3.138189214923065
14166,2.6836396586034357
9462,3.2668298484187104
15960,2.949007078248987
19162,2.7430991832821943
4603,2.7718002790706326
14252,2.6826461320761164
1985,2.5976823638077167
20245,2.8690950294138986
7774,2.8616643123120147
9726,3.0129318635493494
16709,3.2357531730429074
16156,2.930533543769697
15560,2.830630522195647
10530,2.1580312623300855
12172,2.9922473726404246
23432,2.5030055766080084
4054,2.83579256643751
18621,2.986572013645011
24880,2.8951796707661743
5229,2.445591531389742
12370,2.794897678677028
20955,2.52768251256978
13666,2.893058994940455
7454,2.764971108173752
1268,2.818261782733079
864,2.3966304499946895
24343,2.3317959057124207
4942,2.934073812260351
2253,2.844470378579637
21878,2.984019878137422
16755,2.877371724743105
22901,2.815788329613468
10348,2.7888459685154183
7940,2.795319166630849
609,2.8019283722753356
4651,2.2466511525783615
24742,2.893077439278728
15886,2.4881490708224985
5919,2.3870864561511262
23469,2.8149804897597077
14022,2.910315381803179
18748,2.6536590636809505
7148,2.9021018887709937
13648,2.5489478827453365
10635,2.909908328004567
25643,2.6630050710563333
20173,1.797938098101658
24955,3.0125816822061546
5581,2.4661602195904204
24287,2.5020703903789383
5060,3.0154765354295443
25971,3.097661671016021
9615,2.107673131300545
26744,2.7973142553379877
8044,2.78319760182841
17046,2.9753400071627976
8386,1.655240082521373
14629,2.285975671960655
22294,3.4043186689786635
9311,2.8851857806987224
2776,2.909393494947933
20919,2.86432613597962
13667,2.696588862952455
22243,2.7523387574112643
24431,2.5448949536967422
26930,3.07313320866801
7189,2.8144801272273403
13731,3.1736494177684653
20515,2.641724362196133
5573,2.7370583436649754
6135,3.0682892640867037
20811,2.7315834896255087
10553,2.947597033128796
5247,2.5173293334972997
3981,2.6118622312137494
11085,2.3688701108171903
19053,2.5998780742668535
20361,3.075461750319098
16663,2.9860505665495682
13158,3.001870760162403
2172,3.013416995680586
25102,2.7022274644807296
8718,2.847697637895656
7452,2.745079352383889
15553,2.621109184728794
5197,2.6316862671268337
17793,2.871623976746798
13210,3.303337675867346
11671,2.6379126277838116
24537,2.8922847744029347
15995,2.9703744650321253
25872,2.84319167110693
20539,2.7397501945855622
25868,2.950247992625703
3809,2.593386774138649
24859,2.852310352849018
10079,2.6691896210036603
12488,2.526386121956588
18265,2.509611688822196
5543,2.9260321267045444
15681,2.5394770386424215
11864,2.1003578231186304
15519,2.719516823059661
10401,2.9158761314179036
20947,3.113848619933574
21273,2.5907038190174885
21746,2.954160882548608
17653,3.006482278331783
18734,2.4792250688926143
8745,2.7410493742504345
1384,2.8257457962719026
23471,3.088404850892522
9036,2.7531586818703078
13095,2.634781927729273
297,3.0463553287986596
8635,2.855553606461078
25362,2.916659925593698
21700,2.6052063939467405
3867,2.392793097848633
21670,2.9357058428215512
2077,2.908931992105186
15029,2.9351088428391017
15675,2.891008353943851
14209,2.7806884989147704
26566,2.745632599933676
18613,2.109068486042638
15216,2.8407119713740423
19226,2.591557552692872
2537,2.884424732113419
16578,2.926039141274122
16395,2.963471318355764
7362,2.684519339750112
6636,3.0907485670193906
7498,2.6237038780184876
13482,2.7741436335821565
9009,2.505013066588458
25694,2.4525408384663736
20426,2.8171595002202
6553,2.854751324204768
10770,2.8534890933506123
16131,2.75841245017071
4654,2.8541055781972613
320,2.3555361891085127
7135,2.912667972854622
17755,2.758658641268321
11984,0.7867220771350294
2654,2.1504176107575677
12142,3.0051777601465126
13721,2.66823945623764
19782,2.5139186278726227
886,2.6566639890936914
5002,2.9432847129324475
22725,2.7557985259797926
24785,2.783547154204727
17310,2.7324752251759006
244,3.324474397185712
14758,2.812954335996138
8207,2.3349065122562718
16527,2.75598450228962
5983,3.114621139627796
2363,2.8916274581053805
16513,3.0952768487632736
1161,2.704331975635132
18291,2.568612176626541
26728,2.554368747848734
287,2.531584411344411
13650,2.986829583224354
21388,3.1227785456062254
10068,2.698724898653607
10680,2.9220879103737563
12450,2.8405404460103125
22764,2.8473570124260057
8681,2.723571913867166
1170,2.960923224088819
25209,2.9457188594280166
10374,2.99032834927963
25901,2.769422903671402
21171,2.5032591787679896
6792,2.4314007327340597
24629,3.0258464712191695
18243,2.5425750102419715
277,2.8414584032786063
21990,2.871115550792266
15946,2.8750592403360336
22308,2.2696628715682015
3121,2.9369536990827974
8579,2.636576795715013
17695,3.04205861011371
17416,2.9652760571754855
8339,2.7161653616449195
3406,3.0191883450147117
15475,3.1028708158171883
13861,2.9714572564432347
25944,2.872396633893586
13128,3.0345282031380654
931,2.394146461245302
691,2.8047688802440236
22115,2.9771236066596125
6364,2.4291934286886385
18293,3.0056843314737485
9021,2.7059396481472215
10273,2.7805059429809815
20950,3.11131996367433
26261,2.7964078517378472
16428,2.7497451013093985
20323,2.6449496349636177
9141,2.7663329027393164
7108,2.5976211935581963
8975,2.21596527429406
4319,2.7114807348955154
2965,2.827478969149957
3969,2.7501785985927727
4926,2.792865608726338
21997,2.4696668460885904
14616,2.76117594825347
13971,3.0215824051913573
20543,2.7983122602015555
3092,3.227259122197653
21097,2.6760568426129
12748,2.95410172590836
24551,2.891511993273302
15790,2.6386760537950464
12515,3.0528145404667355
3982,2.4864186351586652
22013,3.12024818304069
1404,2.345200209452906
19579,2.932141191993112
6124,3.0529437896026757
1094,3.0220550744034416
17353,2.7502318132190244
15972,2.887871983694045
2843,2.9204002196789096
19235,2.751497602402549
4815,3.111764118547305
16473,2.898624893101817
5956,2.7803240089285506
24191,1.1015496902134179
20855,3.1137204344500504
21831,2.6401939649044204
13374,2.122445790882382
24913,3.1836795764540633
18173,2.723749995387728
24609,2.813296908625325
18443,2.861556647987873
13179,2.6640099932772103
21367,3.064066266994405
12205,2.8353216299408173
18286,1.9845921831127156
14407,2.896786732826123
4686,2.691826720742312
18714,2.144249874568276
4922,2.8955932232174697
15833,2.9013544189737526
6785,3.2972513742232588
5877,3.0157443368762746
9548,3.1755042198523182
16459,3.2150030085718946
2345,2.042292078264994
8430,2.6933865491864446
4586,2.5657715127509357
26606,2.2483077650563112
14597,2.8534798913289987
26495,2.729367269822561
21706,2.9083046646169657
8378,2.630755331758612
24430,2.519461231740442
17937,2.7980548798841083
24667,2.154509874693416
6197,2.1985071233650078
13097,2.778642447163132
14456,2.788859849911257
15179,3.0641989007176327
6401,2.7445224200029408
5695,2.709007574121362
2941,2.9690366945437177
22067,2.0963013566117845
26115,1.839886529736636
7381,2.7078567963090787
24291,3.117613098341713
18004,3.0467295364509
13834,2.6101146364060805
5578,2.679239288599509
10338,2.816740907311129
9993,2.8733422865612486
7905,2.6743278397313146
22709,1.2322308073532346
23336,1.8619032747178026
1048,3.2711278157768504
6782,2.7314744853818254
12662,2.8734766387693975
25336,2.882095209639463
22133,2.9364532073878875
1609,2.515198144952329
19480,2.746089127949526
2415,2.7145034106290162
2017,2.476033585226305
2971,2.971212239917283
12317,3.1275716271165472
14038,2.5448471186084074
13567,2.8122414707144716
2931,3.047472120207979
15406,2.954343097693313
24694,1.6990926359318266
19630,3.177632587108482
16508,2.5315396511001023
17490,2.861257310021558
13001,2.713459936584168
1814,2.605987544324836
14586,2.3792993693975832
14448,2.836205063723848
25867,2.610781388492033
11533,3.1241686893428358
2123,2.481872230698129
13704,2.332632540496671
22881,2.7143096636270942
26552,2.6403130639082053
26337,2.5407026713306404
18581,2.97414476413218
20435,2.7581707252995553
17600,2.374272610669226
7701,2.818850921956462
23682,2.6341386937038953
17109,2.9631370782603876
23504,3.446521767936406
9170,2.8933895186338088
808,2.668302550793218
21738,2.7547863718236103
21338,3.0075356169459697
22571,2.777696432049265
4906,2.702861077412345
3722,2.7480807169359838
25701,2.977591706542794
13122,2.7670417886918375
12734,2.744595505198313
3962,2.936447242144518
23829,1.8622700258697185
2671,2.6706592825584146
21564,2.619896569048857
9417,3.0893879025563957
18148,2.656488464305561
4552,2.466125151440858
16991,2.900133934459445
6009,2.4717229906778733
17831,2.739999751641919
19601,2.9576661407637355
5737,2.7816760259372315
8479,3.3259489172743617
18437,2.5175571728556863
3164,2.235588724883375
22645,2.834147995799088
6763,2.4601326984795304
25492,3.0794870569391923
1657,2.9135855969333164
25902,2.6194606288004953
19094,2.522274062187627
7549,3.1959748403114525
4266,2.464362670591154
25206,2.8523534870967913
16806,2.9095778741974727
26464,2.6577002144192763
5316,2.6277679671319794
9673,3.139352994688122
19229,2.4764940357394702
20450,2.6771961997162173
25374,2.7313533601653086
1001,2.3885332003836015
4198,2.9396566456587667
2418,2.754415784056316
3575,2.928805007449384
20231,2.7815181495524626
17345,2.619472842855982
9772,2.9826154177346633
3558,2.869895103322219
26269,2.7609760470092697
12458,1.9566198968825363
3854,2.949823692454843
4887,2.4887042671057964
17141,2.4739048696261894
13058,2.853185908769257
24699,2.651977894301587
5313,2.580233813806251
18668,2.8478811109088973
16223,3.0029145271618005
22913,2.44839618235332
4524,2.7316267066617046
13699,2.6722026285911213
4827,3.1732316255948954
21731,2.703893505872896
807,2.497442622008125
3907,2.730190191046209
14333,2.897109252624834
21830,2.652033309990398
7023,2.872146140020189
1956,3.0302618194603412
10637,2.3874366328924563
9343,3.155808374063608
15161,2.9046082329330485
11404,2.8765334419928767
24432,2.4879482886995015
2402,2.791532614708216
5184,2.3328173066483875
17457,2.846563908666478
14698,2.89129479354379
25834,2.604197040387458
24940,2.58786302379352
10283,2.7031400614965335
12719,2.3510444194518136
8095,1.9200591688923654
9890,2.8498670054584063
23357,2.7723405502501794
18323,2.821690493831388
23400,2.7614864235620353
17387,2.4091610750432677
15086,2.721739036925606
21054,2.7747263864434304
24598,2.841516547713515
7566,2.8113302449016357
11126,2.8963146322261104
14719,2.928388006537793
25972,2.711329022818675
5368,2.9846096284968935
6928,2.6053337382823676
9603,2.7812033907328026
22062,3.086758866625185
8901,2.812606015015897
21579,3.023269988891868
11795,2.4916873855799175
17369,2.515054092350493
11268,3.114000449733956
7384,2.801333554956254
22568,3.0291754582143966
23718,2.6648433106559226
21794,3.0825156141964323
26155,2.603577601091806
9460,2.911829853056009
2462,2.799027052245744
22824,2.5712575759646468
16652,2.724505040741999
19964,2.1061192845094956
12942,2.964241365707119
11708,2.8046390766417733
16455,3.0769297819373134
9454,2.812948859899917
26296,2.890704139595998
6509,2.8492302441987816
19205,2.730707717066184
25611,2.716482671250488
589,2.29843151707741
22609,3.0516320918455677
13136,2.6937633691835714
16549,1.5089835716021431
8848,2.989140860411811
4624,2.850953775254616
20142,2.752621735413118
6845,2.918079486761279
14343,2.6593994006577617
18412,2.264269353975737
10850,2.845107157482455
8869,2.9787152924416294
22426,2.7518317427815764
9424,2.9739947771694277
5454,2.651333262197822
21985,2.914317480278972
1449,2.946199741445895
21893,2.8615843501499754
15849,2.587173431356371
11454,2.3228168688323496
22141,2.6729065345168523
18816,2.957390582684575
23090,3.0553332425647417
21031,2.6464307830254645
17280,2.499550268952878
9803,2.7817697049524877
1587,2.77098996684717
6686,3.025009826258607
13558,3.0880174283035724
18103,2.984777596065683
20190,2.6334677527266215
8806,2.5629233040266897
23722,2.4385120380261442
3961,2.7359681984092887
8923,2.930596004368078
6078,2.380990736359886
17274,2.981485812307831
10956,2.7833182874680373
25662,2.2155108678345368
4006,2.710167229507077
4939,1.4512030374574323
25008,2.6839507467553534
18395,2.7581168147545707
5898,2.8259865711191874
14365,2.9317293173975028
26721,2.510459580462969
14011,3.1113018111174786
16968,2.473480577788794
11460,2.8007929288817937
20316,2.7479267426659413
13157,2.798187381483854
1260,1.7167328450559989
20922,2.374685642949808
14391,2.5964071354653107
310,2.5482523347453663
1716,3.025090480519183
2052,2.9312502889441148
20671,2.758146499295306
4668,2.762048383491051
4298,2.958974961267817
3783,2.574659158530151
1008,2.6616616908459556
7347,2.6409132360600722
20824,2.8876037164661112
10377,3.0980874726668013
25607,2.747960415036822
9878,1.398181181900339
13159,2.8495506502545176
2773,2.7647278039838192
13026,2.702554184513729
20443,2.5007914615108255
12948,2.933953621141631
16474,2.827756956697665
1987,1.9554733789240477
23006,2.51476277154033
7279,3.221586023185832
2672,3.0242185562078996
16260,2.5361506922007515
9175,3.1551050516585186
17358,3.1556061208259316
25085,2.9349560837080344
19309,2.8615753442880245
249,2.702978040141171
8185,2.521985362148296
5884,3.020292057531277
18725,2.3665483381919774
23831,2.9742423608269424
23566,3.0842626204198718
6589,2.529607040725352
13780,2.6612074491911213
26753,2.914129031447343
627,1.7704492684368025
22169,3.0295516201496553
13272,2.8876440540806225
23814,2.8733143096194964
4765,2.762424455911526
26467,2.7676273028570417
24851,2.860221884577972
16512,2.5785635511666793
24199,2.816185362526672
22547,2.7678385261596072
20566,2.723184322812604
13782,3.0106534194709953
12427,2.903148189762053
6995,2.7205180481688003
22854,2.8242170012430567
18782,2.0482464052687024
6305,2.7006141126086916
25063,2.8486366258280835
22163,2.885787049794012
22900,3.0620051922478315
12392,2.498172687699954
17570,2.3842204345115245
22659,2.5990537917226604
15472,2.517173280420348
10703,3.1059596223571804
26621,2.647058977696889
9220,2.779767890092489
4247,2.946624460050447
26402,2.9002083141805963
11273,3.0614460627506155
9107,2.596099045720026
9497,3.0343245776509087
17480,2.662803111030634
11241,2.8677503995043896
1273,2.5536133615172942
5698,2.802366289345198
7678,3.18965441232628
10988,3.257224696309928
9590,2.365281500690055
3358,2.88392802950686
16567,2.3359867839045902
21721,2.7684201221903137
22789,2.4239112752910863
23526,2.910754796432145
15235,2.9032068480915414
6513,2.4122454601926875
16079,2.801028081981136
4567,2.7809438597512885
13255,3.0160776566892156
10848,2.8432490126606633
19247,2.677346407720613
23416,2.899622196373788
1961,2.7492245105760036
4992,2.2787932784036644
4891,3.009021815009946
14330,2.87314648421911
6226,2.2450734550246514
23861,3.188393930492493
22769,2.2588822395085253
1251,3.153412963506163
3176,2.4632373911056598
3359,2.8199907361596406
307,3.0081283331878406
23822,2.928340095167342
25087,2.0854771209835277
23033,2.954957144422076
12580,2.750969374778568
25524,2.9893550994006075
23545,1.8497526387451444
12225,2.984908041530669
1051,1.815085502726731
14519,2.63526250540362
11410,2.9526879989485044
9221,2.7868103549331145
10234,2.5021152642975535
4763,2.1606778736818857
9062,2.463539814015886
1874,3.156280993780497
21970,2.8547370481906302
13682,2.841194013112895
20706,2.56154170933838
26003,2.7622251493656766
5831,2.2748220408548656
26543,2.6968805670090092
191,2.898584812805854
12901,2.1690399995699976
13233,2.6847748089623478
12629,2.7821211295925443
4485,2.7237792047013243
9783,3.0325660199091486
3924,2.730948828679639
9940,2.9024224397771374
26298,2.6298402114025334
22148,3.0467061037758123
21595,2.943921056530017
15198,2.7835934152663984
16061,3.1201679352855267
19497,3.1831216983710613
3303,2.856508971857449
15549,2.787715910360268
18074,2.8013295522567923
21432,2.971122718405771
13304,2.7742626102764225
19692,2.9822254456888704
17888,3.028785284158302
1806,2.790087074124809
3871,2.2248859502193103
3791,2.441557935993397
25327,2.815854889967845
14154,2.5162920736784846
2786,2.6339771915978942
9259,2.883188293223644
25408,3.253498924477188
1717,2.8558652456956595
2696,2.573829406080507
1848,2.8733170872610803
20896,2.763340683350696
10623,2.727714523048786
21891,2.9035658564886053
12852,2.426610577349692
6622,2.6337932082434263
3435,2.9521884606135362
23789,3.0167550498162714
16526,2.983613166829045
6771,3.0134732766352017
23517,2.5354953061681966
6992,2.382433033948867
21894,2.6865735039866743
22224,2.693664445653597
24530,2.954184782251499
23075,2.858840009842862
11601,2.4821779910279953
1117,2.6322335419926866
1756,2.8894105434167736
16881,2.641216508948577
6751,2.960519415257469
870,2.6417636775100317
19741,2.7765027811842278
9104,2.942224071156003
721,2.8995189941934476
10997,2.9848344844555856
17270,2.8837722669525445
19727,2.3287231290025736
23168,2.9219784158848094
24653,2.8367713910545067
8347,3.066988696890445
15588,1.9647683152506286
25213,2.581283151116191
10938,3.290888174111085
22354,1.8924430315801675
22437,2.6748438946997304
314,2.7489482500327513
25571,2.853869817084642
22326,2.8316729178027256
26456,2.697999166374366
20588,3.0421708564661993
5850,2.6118170181065246
6129,2.9047286587589967
5447,3.0409295264492124
3129,2.7900176991503254
16279,2.874352779540604
15632,2.861253158468041
18380,2.597989099869449
910,2.8682152679807764
3968,2.9217937375434637
22411,2.388191614204982
24145,2.0781216181807864
10165,2.616806199010693
336,2.7235609732975403
24082,2.5071467221646673
24754,2.896760971311764
22519,2.6116205827535124
2985,2.743577376863473
10878,2.729296915402812
15916,1.7643131466721662
21004,2.9398394841924254
11669,2.4646481298995666
20862,2.3404581211219786
19942,2.5187901101200736
13907,2.711665843191192
11001,2.6426977416511077
4820,2.8956580609666296
19800,2.6509113514497
16691,2.845865789744905
12100,2.273143021335486
16732,2.757190347942819
25345,2.8641866955509885
7243,2.8851396630213486
26765,2.936754350131046
14079,2.579287617368413
20866,2.5187141507410935
11874,2.1461837517907845
14520,2.7781457386062574
8263,2.7517333114269715
18678,2.5896106446502274
6855,2.7919280452125523
8597,2.482776587931691
22884,2.1768501181041215
24426,2.5193480162641095
6901,3.052040573754652
18050,2.8084518493740656
9949,2.381732806411889
16436,3.1762161985265758
1445,2.8688437601049435
21908,2.9449884473051626
14821,1.9584775637927763
22306,3.0283033251662226
1695,2.882004894436069
11084,2.3845454205161962
16152,2.217678519679452
13383,2.911310436554146
17958,2.892261920423312
20789,2.8430029076744057
1630,2.7569424578680057
269,2.8369730108006674
1881,2.6223433461120145
14523,2.992733243422214
13900,2.7728585779278623
5074,2.788504283030496
5509,3.2525949304533635
25403,2.66508316118274
22273,2.6970754596577673
24216,2.2896940196976976
2535,2.8552898004293135
11069,2.6974493633607097
25175,2.843833130337585
14680,2.9305021473201927
186,2.9536936771498468
11971,2.58613982216509
5558,2.9456762302010806
26441,3.054624016264004
25990,2.61633270843753
23733,2.205996428914075
6587,2.8466944676933594
17618,2.8109803832181184
22618,2.400429874055971
26934,2.4554087549714843
3915,2.8122861600154927
446,3.309088978168552
25421,2.960934018344685
14031,2.512776315348409
17228,2.8145562631087153
21585,3.0570489374782257
7124,2.8979786735986157
20519,2.867153725063312
2440,2.651488788986866
3103,2.8553635029852384
11088,2.4810505678485453
7692,2.9862946694553605
21158,3.1840203916686707
6094,2.525836269389395
9486,2.883867361905801
18537,2.934284928637314
26968,2.399926809097867
13223,2.926386181361185
21451,2.92672546017235
16913,1.659000640120029
687,2.6889084803573726
5208,2.1354393336057846
17160,2.8008975445397777
8417,2.9798071789841893
10345,2.746075286940683
4920,2.692331380549961
25219,2.7045191470118155
26322,2.9035647941994123
22726,2.82900416342795
19520,3.040257102338545
19600,2.8029707182671633
5462,2.655961099924978
13757,2.860136595387857
23945,2.8188566278754594
19567,2.983833739825038
19583,2.5396723355011654
23556,2.7866472844508947
1289,3.015682618394062
12773,2.814076902165539
25104,2.6760522955113104
10692,2.8665002297929942
10335,2.909404607273843
26392,2.326812666476874
23338,2.864165947887865
25729,2.7495435984679744
11905,2.977405285660721
26457,2.4841384826413644
15830,2.9318322172523166
15735,2.922102773287013
12158,2.845498956695146
18263,2.3569245340000853
18814,2.522492627663097
12453,2.9456443012779876
6079,2.686327638410615
5457,2.7254680087917458
22803,2.8416675013694954
11349,2.805302413503811
12057,2.442957855779835
18532,2.9153583963821026
4131,2.9652033060627074
16351,2.9974769208928147
17420,3.0930450289929032
15408,2.8933432867283098
22201,3.0764428239456962
4134,3.0539430372472203
17033,2.862364468187377
9275,2.5215413514362033
861,2.773628980513698
13404,2.639552772995024
16575,1.6343325601298002
1942,2.708493720959546
10295,2.623665515511457
4331,2.694454072019146
26844,2.786793580808267
14119,2.886538861351204
3970,2.6581677192196658
23409,2.226356370719733
24172,2.803695822052233
12851,2.845264408347733
13193,2.8858781483605793
2775,2.8865595471359375
4145,2.913309869187471
24607,2.7914343279448244
19001,2.867151801820855
2411,2.809475554384009
17478,2.7546067235191565
15457,2.8086330275379128
1546,3.043138904516095
20973,2.999925292694345
6953,2.7147806307564086
3135,2.8383445990316014
20240,2.749403690742482
13232,3.003495402262605
15627,2.7789082181709475
25952,2.944993929410384
14715,3.015780663477613
3805,2.6377401951849384
25241,2.7298014826557178
22000,2.612379130977927
15160,2.7464862742139267
6774,2.3939077936916
19678,2.8716801581564826
14062,2.88579111775906
16848,3.19923332179477
17641,2.635154095121521
10020,3.096139655723414
18643,2.799803151834007
3327,3.1934093498624416
7382,3.1259904851224465
24575,2.9961173289402137
1262,3.108975513960664
17359,2.3814391791500134
22889,2.768101544280494
13117,2.4656940496410154
13455,2.8400788407815356
6582,2.813606908434191
18771,2.235139935142159
21119,2.914272451254707
5021,2.8202140659937474
12583,2.394376803013855
14995,3.1490137867215187
11413,3.03474867503374
20266,2.497682572271724
9802,2.9838380488986687
20259,2.3801503238328268
19173,2.353001832741195
18241,2.9462142405693674
19404,2.34288204876041
4108,2.6885636121712677
5213,2.7918264531917347
3255,2.8665883592642136
7323,2.851831219671327
2690,2.8422330371913684
14501,2.5713726065176776
4627,2.8970219842004035
23358,2.632806899308965
1319,2.651524692347077
23521,2.8843739431435558
16590,2.812120232431
5162,2.7588062242401277
7226,2.071624246529746
22492,2.7936280213774674
12192,2.7734281041727304
17519,3.056116549705616
4529,1.9755983119170075
11667,3.1241201564708994
19889,2.76542826779037
21133,2.9795379537339586
12380,2.6426024673518373
9941,2.792533610680534
22039,2.885879556993156
18062,3.089984224901505
6336,3.1409524344120436
6982,2.64071404903605
10066,2.848989051049831
917,2.799806421668423
18889,2.75658988413278
13288,3.0671771547668953
19288,2.8419542797216577
570,2.8596047723747606
17832,2.9698205485742353
3414,2.8134572434301814
24294,2.6149577327505757
14806,2.7206919457388024
7031,2.7175998951554607
6837,2.794479162469981
13878,2.9051412670023975
19610,2.8534431906833255
19345,2.85061624362473
20767,2.9647723366141006
14026,3.042116435346455
14232,2.7767155466317086
19923,2.7762282458270007
2217,1.8290268251746986
25600,2.6227446576935365
22524,2.813751476944674
2827,3.0988704516401935
23304,2.5996888272759056
4996,2.724316634976749
17722,3.067496884925194
3262,2.5831147297097816
22979,2.7909805636097498
6838,2.8515060896957745
25116,2.7725220886034436
5741,2.9555937429240617
650,3.088312004423239
11094,2.2799359094968947
18642,3.126027088630491
15407,2.7475783499152358
5395,2.8892756747310053
7082,2.7919206302263997
23872,1.9319575467283172
3521,2.8117181126361546
10922,2.5189216608590064
23466,2.6405560751463133
4478,2.6933205051950084
5660,2.752741027650368
9788,3.21451429802232
67,2.8078946411376293
10776,2.8735320649103255
21188,2.9559597911271465
13519,2.906558744819084
22066,1.6962961963082668
17642,2.8873055848205738
3839,2.663858162232072
15715,3.2210016560710732
17375,2.359984364540247
19888,3.0934541155365483
8305,1.5223325271697346
919,3.084036232370435
10701,2.784867827188958
165,2.435195720696406
24080,2.9009891924010502
21950,3.2451791657588167
6644,2.9935460965166962
14334,2.955940986815453
16285,2.9712486945727505
14282,2.815337200409026
4594,2.790249767991944
19348,2.9195352518250157
10698,3.0829097975090094
13299,2.9575329248896796
2850,2.8427366502448814
19212,3.027309025096902
12638,2.8341476209278453
26875,2.5712071839496065
4460,1.0587059180563456
23371,2.924194360812706
14908,2.6703220648920816
6623,3.003421996863785
9306,2.8870881808466673
24873,3.1527086888906823
8490,2.789936097979681
9867,2.754244692663018
2735,2.544096697432728
5669,2.742295071048839
12031,2.818825714775671
21372,2.6848069961152325
25648,2.897158200984492
2378,2.1716037537072848
15623,2.0919501146219615
4172,2.5685342589265026
12391,2.7452626059036875
12742,2.7932783743322465
16103,2.6414598584821194
22078,2.6796860511751133
14010,2.855075308767059
365,2.5782127787032607
2103,3.0864939696201827
20143,2.936419085777253
689,2.739303942277639
18221,2.7784053463596874
24250,2.7533624465804936
19259,2.8831478008807654
9732,2.5244764709870258
5710,2.828062651440093
16034,2.3523116033449707
20884,2.3731485243947383
15228,2.8952128007893063
1093,2.936141324591238
18965,2.5329912127586915
6718,2.591349131081656
26784,2.53591332096538
15899,2.595108921220515
16544,2.7644928498195847
203,2.1151310343375385
20324,2.774002494398803
24164,2.8178830892497007
25574,2.209299420227644
4933,2.7962394888066977
10006,2.479662437074127
26949,2.719409539100473
1230,3.0826549847746483
15796,2.703134340168478
19430,2.7537601720728753
7957,1.8508328271806291
19299,2.855909717760219
25765,2.731571129311181
24131,2.9034269414238194
22999,2.698797108601795
4251,2.8906407368048352
15020,1.870374129189228
13440,2.713410852169965
12226,3.159328457153986
19109,2.8578332963238555
20674,2.5626982693089504
4334,2.6833413771089876
10744,2.64290141225246
26339,2.952320232888257
16767,2.691945706764382
13680,2.145053165557058
7485,2.9372690497888696
12945,2.5175712404246364
4886,2.5328215132414362
857,2.7142781285739246
16754,2.8673895650995407
6539,2.9671127941063284
18945,2.853164666945296
20185,2.9116372993638486
21839,2.753919996993226
22283,3.055655287132636
12682,2.904901275288586
10539,2.857878793598576
8841,2.3720384797278937
6859,3.0830896164582837
10973,2.6208182159555324
23026,2.7306480321953566
10625,2.9781513952717624
954,2.316240425746709
7404,2.6300937867146126
5944,2.7069771819282145
16999,3.2358290939823253
18959,2.0914129173084652
53,2.7586102477994303
6410,2.9201903628168973
19724,3.1632208777409314
3516,3.028320902883137
19275,2.8572480956738073
20029,2.4820057218933105
11748,2.816907155936693
489,3.0895805421576408
13145,2.7594194728724
15935,2.977842383250536
18196,2.6167252838231643
24372,2.4168199352081334
17374,3.0070526952232544
26527,2.7863697508131158
23007,2.9420929117343064
11705,2.8387003874366927
2972,2.7637303402591336
24935,2.747747768428564
2942,2.324430844505546
3163,3.1490657459435223
21062,2.544864997955142
2618,2.779551718617086
19996,2.904741164632735
8235,2.4217901783098985
21714,2.7064709507322813
11618,3.1479018844143147
20176,2.362096798166034
11763,3.1860557392672524
11577,3.0069718868392337
2854,3.019472105803488
3439,2.8169054612006974
1892,2.726469070770999
26642,2.5738042876799168
21639,2.9100006982518134
15768,3.028969402245274
21551,2.742840172880421
13006,2.8116223575061556
11767,2.9513020372782046
17889,2.8125834705196775
670,2.2580333014312464
26237,3.057755655614866
15240,2.925453545640193
14896,2.2727299372025636
9471,2.274633267861774
23580,3.133674596496765
897,2.4579612503267683
3306,2.557075644455907
8026,2.9927977145431646
10858,3.2460030327032126
2890,3.1744675140838683
23636,3.16880879477623
14394,3.1209108335381757
23301,2.781640085340637
8397,2.898467325207309
14005,2.7018909604694485
16386,2.931374745157108
14162,2.6140156704904682
11996,2.1653148966234097
634,2.6861421480117835
12508,2.693668571824996
16915,2.2924319126302155
25113,2.5465577007058284
25156,2.8756932679547575
6476,2.86321563350322
15169,1.4554580170497893
4177,2.4460334972332234
24900,1.9878382673198367
26609,2.828908664489114
11064,2.2982210701081596
19790,2.625047823064663
10531,1.3045300895930207
5991,2.9307173029901987
22505,3.074880734259978
18949,2.7144134545939576
2581,2.7373411580940994
24707,2.6158111386908818
11999,2.6902223565093215
8385,2.8544786498118286
18991,2.817584570762742
10674,2.9229061822457756
9447,2.8071334243639696
2104,2.4346738720935512
26064,2.9751920644895544
23262,2.7872010993966936
3764,2.9077313929239024
4234,3.1215791852785255
4994,2.182631961555209
23401,2.370714098628733
5057,2.8311728765807707
17042,2.6007658018502764
4434,2.953371361904556
11676,2.955441351387339
717,2.8594963865326455
3816,2.5735754024041526
6773,3.2107362935883588
11186,2.6940027705326006
10738,2.6357475545382965
14671,2.281646076770197
9813,2.897674908732519
26236,2.6596513252277503
20288,2.763961049242735
25509,2.799295890854673
9288,3.1745327723328964
6811,2.9757882986684545
3893,2.3270538052480663
9359,3.0623113283435197
15129,2.5150810615070798
10655,2.9160893913760177
3700,2.8009767106726544
7374,2.500240690167877
18172,3.075726373342973
6314,2.86546129956127
12816,2.4931552151740553
3645,2.842965824857722
18160,2.7460754952831357
192,2.7960096001704877
13414,2.849470073802538
816,2.9947127289857636
25969,2.6552442937737464
15810,2.5718522232246723
21772,3.0318675814901037
6160,2.948312016087886
15641,3.011261892971565
21335,2.9787473960737962
19071,2.6934933295826506
4390,2.9350688231212754
11164,2.8040197406952028
4927,2.9868116575467205
5552,2.7910229626558456
10799,2.8032965121679547
23920,3.039827166793794
238,2.8566870313507398
12207,2.7749516138436374
26022,2.7871606010431784
11169,2.671979494698267
22385,2.635205182534526
4236,2.858462411285099
5618,3.0041775044931436
23004,2.7310124809013034
8640,3.0795406994421106
5097,2.7702531880958023
14665,2.6457915172158217
2242,2.632378982805548
22464,2.498898281804018
3552,2.7872135393000863
19389,2.896807015390794
19744,2.8699685248295945
25603,2.7847232195546554
8328,2.84297005550831
5628,2.989897913959354
10602,3.0577318263716076
22167,3.1066769147093325
4507,3.109923931581222
24868,3.121707590678124
12174,3.0347114136204074
14453,2.745427246204059
16530,3.0046693446381494
15093,1.5688713943427237
23226,2.6872488842853866
2294,2.958392846359091
11803,2.908303425117482
26783,1.476607377088446
24856,3.3323652129014056
14318,3.1465108351073368
22934,3.0339551200333807
21113,2.869929790897813
8690,2.937404652162379
7081,2.743068949070167
4733,2.5022386815842665
8912,3.1309031775938205
20768,2.9546153928295946
13045,3.032090180254078
22398,3.0672141223984757
25882,2.705985546793099
11281,2.805018397576052
14955,2.5473181848175317
25884,2.5811958377976745
20929,3.019375192902291
16980,2.6428464468697563
25781,3.14028710078915
11510,2.796751222642763
5520,3.103183276118206
21548,3.0992933515455214
18031,1.6326070249402558
11821,2.5893768270085507
2700,2.7469080394690746
1700,2.870665906523575
13596,2.532187587028625
19157,2.5644017367452814
6968,2.8889426280602217
25120,2.7201901523943643
16322,2.9125780645240216
6219,2.9348182051912897
22906,2.93110724138114
86,2.858178637476364
24492,3.0064755945812496
26327,2.6278828780739008
18978,2.8167881406149333
15346,3.00078424115476
17413,2.7042802242450925
136,3.0186650204978505
6972,2.98035263107119
11087,2.725356622078523
19238,2.8733797716404594
15721,3.0112688469078823
1200,2.706481207072735
6121,2.4999337736879066
15748,2.7254248759228847
12127,2.884514442305871
23757,2.8850438987482003
14125,3.0267339540981117
13622,3.216619720522451
6296,3.1476599715645652
3927,2.571299437936813
14387,2.89779574699002
25411,2.461059441649123
3606,2.7532350043661316
21225,2.83646740697596
2330,2.8393107807072213
11707,2.2889668783533486
2187,2.3863259241186023
195,2.439496054098949
12356,2.599447078073799
21443,2.9464642320796894
17186,2.9377072036842806
15954,2.827346884749844
14638,2.807088913322358
2668,2.9113681217343785
16625,2.694454000177011
18452,2.7883231379554925
15195,2.9032406327286995
2761,2.61819806669531
2032,3.0347344154437272
17028,2.6442817104643193
5103,2.641624664389985
13652,2.3559683841720918
1637,2.8424079330498864
8312,2.6193003284348153
11173,1.9590994041241412
25062,2.8599046302605626
3074,3.0377130151589182
7296,2.7608353836534816
3278,3.0027250678495188
8003,2.8891507852023213
21354,1.8627849808468047
22811,2.5128074809404413
8326,3.0238041933624746
13516,2.6457304425527166
7352,3.044574002328327
13450,2.507644443111365
10751,2.920664692150778
7829,2.445044703072556
16446,3.005167622666498
7697,2.385465473097644
14427,2.045424200325298
5668,2.6362471862778256
23020,2.657518914408059
10659,2.5308394963653815
17063,2.955123637885365
18425,2.957571074096694
8933,2.335653325648091
5307,2.9360945727726784
23307,2.437646744527106
20025,2.355599620190694
24418,2.9754094130909206
19642,2.027391028028309
12855,2.9238238577941638
18257,2.7019748337533733
21128,2.695621898335421
19296,2.6936602484648646
11035,2.886771507882023
20411,3.1346830892368893
5488,2.7200031390290356
16678,2.9066832607074233
8024,3.0297625302986697
10748,2.8272639345857384
16873,2.5875017989387525
690,2.7098947340339703
12013,2.1433817102571844
16986,3.1045481713704066
10103,2.523918361580289
1014,2.572781753799137
869,2.490224181089412
1993,2.939502364912024
10626,3.153080132392012
11949,2.978295067310544
14839,3.0167427049312354
14924,2.8688855274535765
10558,3.0090016036533176
7610,2.6384530411374216
5283,3.000225879233441
4370,2.7598183073427416
1361,2.8476309276660685
17910,2.8675529863866904
1629,2.956105394652244
12625,2.4776700251800494
1551,3.1549970436796295
20810,2.451114396509542
26583,2.872804551733804
17721,2.4855012595504977
20285,3.0556656128777337
21425,3.0011454644363114
8252,2.915781166272123
10442,2.8192293209074246
14631,1.3838744807905408
23120,2.64230817733602
5039,2.850827521830468
18730,2.9937078938917607
26049,2.4843162298595414
21869,2.98766835936999
5694,3.1809174425944873
5119,2.7476017896351825
21550,2.7689400426804
1134,2.8032702149534283
10996,2.7134823338134306
10278,2.740379042577344
10451,2.7147912496890068
4017,2.510580768455013
10409,2.7220698737909714
2424,2.1039972485257374
4138,1.9721311585832024
12048,2.9225285025797665
859,2.992005795910189
2962,3.11047056338865
2426,2.9048233252751734
25024,2.472754674609239
17748,3.000601586873714
7674,2.55121530190306
18163,2.7075081732228337
19874,2.7861361258294317
25850,2.7516768723046665
18485,2.9780603695057537
18202,2.0779108635575287
16753,2.432303946135445
4937,2.974084737491026
10896,2.594089903382289
5285,2.785615143388282
8367,3.117028436761364
12905,2.5153806582967198
2093,2.9045720514922015
24848,2.9425129943719366
11336,2.971990001481616
11683,2.4016019873628194
7817,2.72316679618897
1920,3.0472541938335125
82,2.809199355755125
17200,2.8965515829462083
13318,2.6808035796087126
23832,2.199517484893339
4396,2.7853470159140814
8475,2.6322031626214364
20504,2.9442720685450436
18845,2.6847251380617756
1813,2.7095611179471466
1271,3.1194624944416116
15226,2.676276958009109
2994,2.9840478425550963
25637,2.8367730399119457
15674,2.8242382646312927
15438,2.8380216330124823
24926,2.8845910442491873
26150,2.885544562961264
2642,2.6806224553494866
9280,2.652041279459882
22537,2.41201373491598
18689,3.1175958750466384
23798,2.628161101404713
21562,2.0351151667732807
4195,2.701430967656039
13032,2.937040874495161
12768,2.5932115633078223
12360,2.607200212783424
3849,2.963112897606918
26793,2.7856449015856075
24775,2.7058720405984467
16194,2.768209920836456
15253,2.6710732670310975
19233,3.054525300917326
16193,2.5975442458865947
3554,2.4090793233138172
18579,2.68001602867585
13237,2.9384572242795306
2600,2.9404148814753985
23305,2.261114113586649
1518,3.181465039321419
4117,2.5107203480665805
10825,2.5337296150216586
5755,2.8221358263228105
5633,3.0107525544881284
8399,2.9038564174122183
24514,2.9258302837373256
13065,2.830135746141521
7162,3.3614945586753904
22192,2.6955488363418882
20186,2.7302868761921095
14256,2.8883818954165306
11737,2.4032776006285115
15441,2.936715452973738
1988,2.6575768702842613
7737,2.2974830876505976
16901,2.824504535788766
10561,2.2316901879067355
201,2.6333844410201004
25769,2.8285854324805166
22077,3.067918879507627
20840,2.886066953892716
19145,2.874948733740627
15166,2.755753115691607
22295,2.06177753273437
4855,2.7056838263528618
25456,3.050909901086427
9741,2.918921277164069
12502,2.4012035739374484
15950,2.5447285223969507
18822,2.536271158698401
3765,2.0584024245709776
23431,2.4864241090483814
13452,2.9834429626675414
6432,2.8179571952069837
7846,2.5631253367397937
22829,2.5036768672058067
12253,2.592903048943614
21205,2.9067111949677
16402,2.8551408735459294
19944,2.732719874486875
20335,3.1287722434652303
16433,2.6953902774075607
26864,2.8947481726501727
887,2.669692325773952
6261,1.5934178054794756
6989,3.106994712163779
6043,2.868000044328387
10808,2.7275506813725863
19552,2.615514907033123
19333,2.9632242846429957
1424,2.9471435757252045
16523,2.534115550300956
15924,2.5914622035980637
19581,2.972153485858045
21515,2.5782710769865522
112,1.3877029912202419
8160,2.7590884770198074
25193,2.5311594710353873
16199,2.58259471271299
4559,2.750931847817888
20979,2.521094344745323
23786,2.418850353392141
11442,1.69213151867632
21074,2.763140625875223
11254,2.2757830297180077
24162,2.6375649898498965
8566,2.966567043699866
16311,2.383060883386973
19661,2.729678727703401
10758,2.5432838401168727
20452,2.9192855402084357
20792,2.9357165985895373
17266,2.8437528359759754
19477,2.6798811311401867
16835,2.8647896527859293
3731,2.852774300482669
25588,3.048209350137247
4986,2.6463792260215278
20047,2.8478741356293873
2763,2.78417241494422
13794,2.8426104325646064
24692,2.869332265335604
1855,2.8826439086980513
15599,2.4734552161910717
12812,2.5727686494876454
999,2.854406442970538
389,2.7338747782528774
11599,2.545147411418072
6426,2.851377276685569
17860,3.1139981960420595
18624,2.9597244806729783
10578,2.867341322897059
25842,2.774966401121617
8112,2.7234284413113405
17376,2.692928252879514
4997,2.8474176533244298
20306,2.5755377637596406
19356,2.7361993411660612
14211,2.760868784690169
25898,3.038174352162008
4796,2.9156856124943547
4769,2.555276933861671
17677,3.1869899958324774
11065,2.7482272369523137
4173,3.034702935374816
18919,2.8687913686022464
25833,2.6205676202655632
1907,1.3104263373682057
4946,2.951272771965848
8560,3.0649462716191325
6033,2.824916141434152
7619,2.5308908041934663
1151,2.737313978183839
17951,3.074945151048265
19555,2.607354437152373
24612,2.8299939985558304
9689,3.1677880958172353
7106,2.7483541212077482
25427,2.5633012972457245
20544,2.951745461047102
4287,2.802599806822361
2230,3.0234680749876524
174,2.5615601147522535
18287,2.9921568581348033
8752,2.8233915654090023
3408,2.8844503026612403
1538,3.1357327270621793
2292,3.2501109362392393
9523,2.8176516498456254
1363,1.7192737081377825
4357,2.972476619016296
21644,2.502803216510088
18504,2.8785839266042417
18908,2.873576350391472
680,2.57475705220724
13050,2.0362162421621512
24073,2.8426043521764934
3664,3.0261033809587947
18045,2.9534310378058413
508,2.9999001796150373
166,2.6000320162059447
13689,2.9276922027887746
24620,2.910351773273054
26240,2.6328444501126502
1914,1.4802253376058605
7263,2.5062478763119156
26516,3.0175737549556736
26665,2.7994014724050458
10728,1.9229566567076144
1104,2.755464168420398
12067,2.6936607117194855
2610,2.6672729539228426
9944,2.405685715813856
5310,2.3050267677884886
23512,3.079237851308222
11108,2.6080458175256345
11156,2.6607116556751005
22138,2.473961123549429
152,2.7881658314960616
13422,2.723757059834214
22063,2.7122153833176905
2832,2.895903461459729
26857,2.779841123337381
22729,2.690053481012897
3551,2.841676884246404
20106,2.5768750124860444
23562,2.5583095322121374
25000,2.606645214473734
12541,2.4830245017807075
4538,2.6889187397610277
14367,2.4905092699963673
24541,2.9078458567589744
10014,2.9701297391559645
12278,2.8130749369457133
23869,2.8278046257695437
15088,2.717204394200798
18375,2.8771912923414185
25674,2.6969315043405984
5141,3.0015478211464224
11814,3.1052913013559915
20195,2.9751770263816684
25226,2.418555580570806
3450,2.708079102361881
20975,2.632688260823664
16589,2.5452250223020547
13156,2.777433333030589
2749,2.0726508952657996
18233,2.6679433338792795
25749,2.9149113276462537
19624,2.7974201415240767
12707,2.8437839961128413
20466,2.8203140222693817
19493,2.7160535315831056
13131,3.0647427440079476
12251,2.965717363160132
10179,2.8208468462476404
22318,1.7988167975161131
5810,2.8820859097894878
5634,2.6251307559936383
20691,2.8896524106817796
11580,3.1756857605472675
19540,2.955293939554063
13926,2.6320693347202386
25846,3.241634724990137
1380,3.1154091008033875
25122,2.9582719984654693
14901,2.7309584827367415
3832,2.6024717327721456
25236,2.8623714778800466
4776,2.716305674572378
4276,2.9641118197054155
4958,2.634086974438311
26458,2.5524237530308467
23777,2.857038421554639
16662,2.8586555126741424
7415,2.6970700244536703
3252,2.1182516145201773
22863,2.945729690416957
16673,2.9198346789259197
19459,2.152839542845133
24398,2.780450237252163
24029,2.8379862446091138
26965,2.7241838309661626
14300,2.9441096681642884
15523,2.533534409613182
14270,2.404583831140803
12327,3.038155153825848
11546,2.932006628180182
15639,2.9531754142319873
15042,2.6680181002028474
14208,1.833176805754817
2468,2.7266341018610722
24153,2.9631354067315656
16654,2.7508305674636837
20954,2.846766959235302
11757,2.586318336767412
13869,2.7878046170767563
16998,2.6920361792957905
9583,2.7326170964699976
6696,2.993666199830918
20700,1.76588024846456
3180,2.6618797659235027
15089,2.490014795166412
17806,3.202905997427482
8275,2.401017684263978
9065,2.74126264643349
11030,3.045235940393723
24060,3.1538838890976906
4557,2.9947358671580218
7812,2.386502263409781
12839,2.909476186758448
6297,2.9234457372373317
26798,2.7161965969588495
14534,2.397412098523473
26591,2.938296639636841
1132,3.0800281316278806
10642,2.5790767203670484
10521,2.7393549261588923
22626,2.8385429795886425
26128,2.817194445587132
25879,2.0923564502082765
2871,3.063697539865138
12996,2.8634477145513624
19164,2.7248420293846554
1772,2.6992427525335603
10593,2.8188615237612193
21904,2.100438416502211
1913,3.2326240176150054
14212,3.0277242191246727
23422,1.9320704049622643
9256,3.053883690980475
20170,2.60044833756443
12602,2.89742475956345
23324,2.978606677593225
14188,2.7517080688268165
15417,2.837765295247969
18545,2.8566437650077865
19392,2.6254431508596845
1105,3.054461248708268
23229,3.0067184352719782
17076,3.0239651950398923
23962,3.1057499899288072
4956,2.441093408208913
8307,2.8056732263826962
26225,2.9093888687003737
20753,2.1831099259984277
19149,2.5412519735365864
20313,2.552165217813125
25073,2.4078336571406345
3696,2.5553970309941016
7778,2.9215327695140045
22991,3.0221320456506673
628,2.6237126186229527
2451,2.714629167275509
22855,2.7882042939217513
20208,2.9151219610522903
25621,2.0695571765632583
26948,2.6587693360081577
20127,2.2016173869311464
2176,2.9596909263164757
19702,2.863089663995891
23045,2.588470734915403
2787,2.7804480689805366
12297,3.0952465699604543
1196,2.812340563387575
18060,2.108441542807747
20331,2.5591284865278365
7618,2.79962783357929
4444,2.2907214999802026
11128,2.7870297736182423
15514,2.9720381562359237
5722,2.6032758616588447
23899,3.166705838032483
10695,2.849313172956834
24902,2.5925388859968206
18753,3.0237372879852766
4967,2.767463571316554
18601,2.970111029549627
10410,2.796032629232359
19710,2.856380802571131
4009,2.6903042574970994
15515,2.6517268682030735
3583,2.8275508650609487
26702,2.7814578852090226
18020,3.0274706550205
20003,2.757539235098576
22601,2.426166808411582
18852,2.500455629450252
12424,2.724544698155575
8277,2.6535724089968005
22620,2.91056684799098
22357,3.148222257493295
3667,2.9802424403434404
12474,2.761487251310655
21542,1.461544743208886
12782,3.0404947785116168
10211,2.4418880306003956
3423,3.075526636692117
10717,2.4150636437794284
8199,2.9603961869055957
18793,2.962081466759397
19596,2.992395261948435
25022,2.5817487066423155
5366,2.8047283697674947
17313,2.87149702963235
2895,2.5828321138222394
14122,2.6012700651032454
1296,2.7497302388805602
3642,3.0317455507393074
23213,3.1123510009903423
24773,2.961067503381494
26584,2.7892211357652066
26332,2.882309777074252
8548,1.6875215682806415
21642,2.767116571787449
5451,2.92258699041729
10685,2.9850342227777125
15449,2.8164414507347844
7866,2.783478963145338
19127,2.8230119712166943
12867,3.153983528561769
14607,3.051822469678867
9797,2.3896093298910386
11755,2.690927938201699
13979,2.601515535883397
21342,2.8146646234210326
9738,2.828926971607086
14385,2.4054687193248148
6474,2.632549638097798
8811,1.849349596194793
492,2.8859995155061515
11691,2.834904605128873
24204,2.91661668526041
1116,2.821068182008562
5637,2.5026502125819357
5085,3.04410511573042
1757,2.828581062300837
11486,2.4526866026620326
23274,2.753678337302749
25720,3.0745721769437155
6353,3.120510774465118
25755,2.5238263237520386
26861,2.833681227476471
26976,2.3250725630358975
21625,2.655870837501984
3644,2.833687015851313
19167,3.0346363274260333
14350,2.6699206394689474
12001,2.763711475628943
23201,2.9605845217043982
11185,3.107963416009902
1696,2.759584934225658
22069,3.024652940685413
2295,1.674783212880474
14794,2.8807074500551733
14696,2.7205960548139245
5939,2.806151635186288
25634,2.3750555477057613
9968,2.7424796828182676
11033,2.530720129376924
3313,2.7453855700140455
21165,2.803253236337804
14824,2.8768617083793018
23345,3.0656976780267353
9784,2.936300172277099
9915,2.270030915880258
215,2.151876655872161
1072,2.5558365309572455
8682,2.86879882010433
25835,2.6269542716537795
19867,2.966581176892252
7006,2.804208408782754
21486,2.930329754753103
13379,1.9646471333128295
20148,3.1521546085665855
8652,2.9219706071527654
22794,0.6966526692271758
13705,2.663549091214372
15384,2.8215351629270944
25,2.5998883726596045
26216,2.642088084904299
10601,2.9843221182798807
7659,2.608734096655321
13401,2.8568812873307414
5690,2.4546679328680656
9744,2.8911807932014724
25933,2.559695622732913
25111,2.6150629554662124
12721,2.825855367075606
9171,2.809190375815565
10847,3.091825401001716
11908,3.065620967198799
630,2.322580696148412
21607,2.8196312440061866
25186,2.812469774448637
8707,2.7592589610060205
23726,3.042823009398359
6614,3.191514156297712
5243,2.792774989533813
1102,2.789612833092624
19660,2.615269681740428
21729,3.023149488342006
2204,2.971773214001827
26711,2.511313963165517
12903,3.0280729758682523
11477,2.8856855302286424
11308,2.9613487189040333
13767,1.6586260224583254
15064,3.0213203368105375
12512,2.564553565686148
26989,3.0147360515007016
18591,2.6348689053956416
20936,2.337911886586298
20786,2.7557878169702956
20102,2.7124002994080487
17356,2.713863135174518
20963,2.7790479457069925
14890,2.954895711273412
719,2.241411038382305
13839,1.5898687977589838
6155,2.8171046270390243
20093,2.7797276166162477
19187,2.8653531830639634
18950,2.585951823890619
4025,2.459732723436688
22582,2.839089320898767
8224,1.9856181252109741
17908,2.9491993784194768
20447,3.079190414716113
15493,2.8314845871153125
19176,2.88224511200557
16093,2.751544203258125
18606,2.35079788146088
5818,2.4393752720996758
11956,2.11192225096952
3866,3.0622786665793815
23009,2.824363924534249
2745,3.0588463096061806
11867,2.5033914503082295
10343,3.152287981781797
23602,2.709900676375923
11950,2.6933605419060447
24429,2.77177498890661
19611,2.7690325138447687
4214,2.6166448196022585
20307,2.7286751791773085
12096,2.7825181528211442
15193,2.7771994259291386
19643,2.834782097451271
1401,3.0167211574412787
12828,2.6160055385837495
21363,2.897975698879242
3253,3.026757914297989
25127,2.669950762492378
19045,2.811394417052063
2158,3.072171936027766
8578,2.181987653413494
17058,2.8210828550211726
23607,2.564308363328383
7011,2.939027344377893
23179,2.748752706567448
10197,2.411056637436258
3841,2.74035704616371
18199,2.5688394842773046
19557,3.118811469830107
20132,3.1415474027541883
11849,2.9694496688865484
2100,2.9004896330031387
1673,2.7087395203928324
10293,2.3858273235007172
4213,2.5993410045558294
7480,2.7186904734385697
17932,2.7345825697384925
14562,2.8327277958800914
26532,2.898749393596707
11515,2.8647223231246093
8547,2.745378802948027
21568,2.936547676929495
17845,2.932249383380153
14823,2.6674737317326294
16923,2.841615840859236
19604,2.6120816049650024
16363,2.242154919950396
22853,2.8964233989597252
14609,2.8202302967766153
18135,2.6243379852704343
20360,2.825958601230392
18156,3.0751245513579373
9388,2.7678877210468156
10070,2.468353664715145
10860,2.889095948360468
18400,2.6476550134188153
2005,2.912484146142243
20277,2.406693570809455
19621,3.04125076882965
20808,1.8495417798966647
15887,2.355094129939682
15233,2.559959385406004
13411,2.466573168967086
2257,3.1161125980048943
23091,2.766912878460727
20456,2.8799708541952307
5574,2.780532598365729
9083,2.8301992579922404
26343,2.838186009245936
5355,2.5110802864036783
6093,3.328102690040369
7935,2.8088192503596447
24350,2.993543860470529
1519,2.9368341329076566
26088,2.6202214288263703
1378,2.4602664850558704
22056,2.96431040403082
18971,2.6332352351888937
15206,3.2864736574675026
21807,2.621127067729724
22005,2.773829797062008
24062,2.0420350325098555
13200,2.8444404082753927
26759,2.620932959832689
5842,2.736436891656194
7122,2.8853133307289074
16211,2.802355504159658
12820,3.137323066392967
5832,2.481538862681911
9821,2.905542874401587
21272,2.516138720306259
12718,2.5255722837123433
22288,2.3541822444057177
522,1.061678733210076
19991,2.827251567342341
15372,2.3371842440859156
234,2.4914375662575328
12180,2.8502472910166428
20180,2.808599010554447
6318,2.668100274755951
11992,2.80391853133441
25012,2.5334704365825296
1948,3.0862781600544493
6361,2.778176434564289
26203,2.6775926146373634
24973,2.8309501474369085
11684,2.8959089545171515
22475,2.79749700231448
15927,3.0097614470248266
25777,2.7349830914977775
2224,2.529435885950676
25716,2.6041695703247223
15246,2.6780513326210644
16209,2.329661021882931
5571,3.083747405835672
4523,3.1938370282052735
5793,2.4405306356338605
20616,2.5962608077868654
5738,2.8392838330603203
19008,2.4362935747905814
4728,2.6997817734408645
7818,2.6957778813786084
8859,2.8465475288456217
26890,2.8019615060683445
22335,2.8323697243607873
15275,2.4915995581276436
26647,2.8622762496387235
2437,2.3471738733689844
22440,2.5892104940554477
14087,3.0554274549039855
22736,2.5232715802617935
11989,3.2966907790928834
3167,2.7907740540910706
18193,3.002636260298756
24344,1.8268494245647573
21470,2.923471576991744
13752,2.5196894440255404
15920,1.9484055203197725
14027,2.46909643429182
7016,2.5684043315490763
13386,2.912218059951112
15998,2.8127636655574597
12641,2.734169865047274
23904,2.994684900316945
4945,2.718923444045529
15649,2.5426840768761636
12237,3.1729345233821715
6046,2.7958713177459518
9227,2.8165854733751208
5585,2.8517950060628907
5590,3.105454008205933
1228,2.713029367729624
18691,2.904843655012673
13341,2.722488978300107
13333,2.8374210169078853
14743,2.834568146806738
8244,2.6352515183469905
23810,2.9035188329468
16237,2.7494391482180247
6555,3.045377423888454
15373,1.9263913991033395
12145,3.1611618989266663
159,2.8676339810994214
1589,2.1148110008566445
26787,2.659827892362267
15369,2.5214150228734318
5565,3.1717819694389546
7190,3.042710554904472
23479,3.1146801026265574
10576,2.212684706957559
15061,3.0809192400140124
13364,2.929200008472214
1556,2.6338306394380324
2828,2.603568449017183
436,2.818903074940129
22173,2.1593479539739664
15592,2.9150337431501723
26540,2.860474732770373
17972,2.8538389131743775
2780,2.7550519085023533
3701,2.497926213952063
5686,2.716182790564632
20349,2.754096205209422
4727,2.6175494567749293
17622,2.1931932366183022
2951,2.9484317314017927
23107,3.046336387518752
2555,2.7231156193433383
10350,2.059200551949707
23169,2.579316604362535
17881,2.349554749576499
12737,1.5617288979713806
6465,1.919768477111877
7355,3.1009730074458663
15717,2.7573234263359043
7823,3.0528390485957724
12449,2.2872071225574526
25025,2.6503766056679785
15271,2.9896813803535296
5185,2.853418335703508
22031,2.87906114159718
8549,2.716779431343838
5242,2.8969158049921915
18514,2.641396446167008
2092,2.632105596114656
21793,3.0672262844329867
10207,2.819681197811221
11948,2.267815935244568
187,2.4932516175102153
23417,2.761056747316966
20039,2.1352684345828026
19810,2.783906020585231
23703,2.8699874134431376
1381,2.929785194728414
23923,2.9338002089643282
8605,3.08009515281166
15743,2.5993896845504416
21421,2.738404800295623
21281,2.8345999260569217
11528,2.4826104816741514
19559,2.292687634388768
15038,2.533314329957827
24950,2.836485271719866
24183,2.980168575961765
8448,2.53692574792759
11390,2.9203158021322912
26867,2.5399554754977416
7295,2.8781116494236176
18619,3.1187932773038645
8068,2.742818719437585
12935,2.5972281589610353
9959,2.718405105083272
20620,2.9946249959815234
23294,1.4366046536544903
26397,2.999379414848327
9764,3.146975852808422
24,2.6478513261596315
3363,2.3925385587689645
1088,2.848914066190461
12866,2.7165555266888717
10886,2.6301543729950057
11590,1.9446498309014526
25865,2.6066674366754743
19225,2.1482175223591087
10503,2.9465167697168084
12306,2.920299987443736
20536,2.684994499606496
17079,2.8169376277137212
15906,2.9001006835178194
25900,2.7360375468232387
11944,2.776159305146535
6337,2.8005041308266563
17611,2.883645750314488
18383,3.0847194525298094
276,2.8410200829364243
12413,2.97878321824021
22313,2.7205271158575206
19337,2.980623278585029
20021,1.4387039875231702
3906,2.7312053166887758
21162,2.8084446308998587
5845,2.4710069003443214
26596,2.9137028480670755
20501,1.7285339295165654
1137,2.53979316712617
19151,2.81771286620591
18108,2.9006102778506615
13324,2.968484416648367
2490,2.4526753642639503
21826,2.9724676614803847
16165,2.8688216152204675
7742,2.705799215039242
14482,2.369486455495119
13127,1.9603784070109553
3935,2.926368475763065
15072,2.9660971840810113
2384,3.0248023544955074
8016,2.6409670870638484
7084,2.81580331618341
16499,2.9409457696855634
1863,2.856135008504589
15688,3.0739721867864573
19503,2.8614756351596857
20642,2.344639954666178
364,2.77350908751952
9094,2.679751180670334
19203,3.093573513449873
23638,2.767657879477803
23443,2.5748113214264037
18354,2.7661333865652953
21083,2.320557880497146
3802,2.78063610438794
15309,2.580344608361109
22452,2.556490168159982
3536,2.9106679172111587
3825,2.1001575535798573
6642,2.810514024286292
25146,3.0393723850937406
12991,2.6960303861576045
18330,3.1334734608951464
20878,2.6485428656572965
23651,2.4000739801755
13527,2.729355407839528
7269,2.4390777316497476
23916,2.7275442659486395
7929,2.6463902610343326
12982,2.6814177500224585
7166,2.970320224570783
12869,2.78413994223437
5867,2.7011196783847207
4761,3.087131320715757
882,2.837026680871849
13893,2.982862078280574
25034,2.857282405795854
557,2.9531730561261487
1960,3.039289615048368
13331,2.2535630328782403
1207,2.9324003261104816
7684,3.2465615840185738
16859,2.959408551538966
22922,2.9167075927414308
12021,2.7759601458234697
10485,2.8092718981783986
19595,2.6897661495306977
3630,2.6728865294623567
1708,2.741530945499943
1140,2.6181540618587222
19546,3.0448851360147975
6207,2.7887850985848637
24817,2.520079055189837
20114,2.5667893633056478
23795,2.784269474330555
2660,2.5904172311200178
14852,3.0171276105561673
1307,2.3861722282426348
18951,2.647770848749676
16212,2.5631473669368017
12452,2.19625579646398
19218,2.688051113421275
6905,2.6588814589565906
11927,1.7575521710085584
14072,2.9193795673586385
9429,2.471677942552157
2151,2.6900717381019885
20219,2.7668739959345987
26592,3.103910502201395
22800,2.6011088950090637
25774,2.9025267603851073
13283,2.614833692427609
5004,2.539262852039027
23010,2.458628871580388
15996,2.4260250750894996
1627,3.0341689134781937
19840,2.5560411658377618
9714,2.871998182860097
21315,2.575022004245599
358,1.8795625961559927
138,2.162809622413878
8491,2.3492969106106063
16766,2.9662574803397304
11181,2.802881933070855
340,2.1872270606023205
4857,3.0890914911832676
17823,2.801368656218598
9569,2.4071755328979068
13865,2.8021670838712063
17330,2.457580403849858
10582,2.91842575432588
5498,2.934586112528979
21300,3.404269359486788
8556,2.8814228181344226
10913,3.1348521588759417
1932,2.9407450034808638
2352,1.668653326429569
15848,2.785270633470781
3236,2.90668535508308
12355,2.595768435849734
9493,2.799785834298167
24820,2.4205096638125294
3807,2.6832531746145287
1936,2.7745306390479256
5619,3.039997009183949
14973,1.5451995162142864
20538,2.895088458334525
18800,2.5412463522341713
23681,2.7113760298977754
6139,3.0718757018012464
785,2.8154194642142896
23173,2.1845796041462355
8036,2.991440716104394
8315,2.787485703635602
26281,2.914478191027131
22052,2.6690784990105465
18556,2.9026345471277053
2169,3.0408423542497798
23012,1.864755025524114
20393,2.8045519074880736
20724,2.826834828276178
17294,2.6578933177327713
22652,3.1219501439793143
14138,3.022436479615869
18693,2.7252541874475718
11826,2.361303427213709
16346,2.8930260436261586
6591,2.7271010796571487
4458,2.54437826554427
14325,2.6945618425777185
7597,2.7037387133372333
9370,3.1286004279930077
4652,2.2482029681441174
22602,2.4519408125066247
442,2.6882316208305013
19799,2.4892686024699384
9591,3.0288952445388353
25287,2.53289542160764
25217,3.2844242603993106
9649,2.861457391842229
23970,2.6086640677646056
5744,3.039820910593452
15747,2.604263397936747
17438,2.8372513190417794
15845,2.7378794540548324
20083,2.9976584678473284
11951,3.2203109255797617
929,2.6915183703407033
25874,3.0296951254902895
22852,3.380330088534146
8767,2.4703108427784484
18213,3.0339168598866086
11120,2.4245260509953943
14730,2.5243702624514506
11738,3.003495595105873
13790,1.8582472381601773
25785,2.6902104143358856
21930,2.7334779032327963
24408,2.703032235003306
2011,2.5729852499979593
17297,2.6514830137728786
7611,3.057131943160357
19657,2.767857450792284
16028,3.024172984677653
23758,2.8654541569321714
26715,2.8851145084424124
18990,2.715286531415341
21312,3.2443101375287378
6564,2.3717433506613164
24410,3.100554177782605
16390,2.7141245597049655
11172,1.7434328625963775
7835,2.8699931529843052
22967,2.7610651814001703
3361,2.629847421194576
12966,2.8389151430420387
10135,2.951842713776426
26143,2.83849359809292
18019,2.824088908173446
1141,2.900984771495822
25095,2.841850646883826
25259,3.0426125276701934
15007,2.926204656767664
15434,2.7210718739355797
16743,2.665573178383338
18454,3.292192173879804
3134,2.831121243678954
21544,2.8394506766451375
6990,2.7375126944642774
19627,3.06714087946629
24599,2.8535152952999723
18626,2.6380075916170416
17858,2.7717126946603576
1823,2.5490294232992645
10081,3.0024335421796957
3259,3.07971243122523
10213,2.717848985608682
4020,2.996287092390146
25417,2.6944712452538613
3500,2.6902036278850856
2658,2.7626373777696656
22947,2.778720831808473
17514,2.8953836524320264
13749,2.7748788147284422
10516,2.8104820571035445
1819,2.975446839673287
7461,2.6545663049292565
5624,2.0989056614144963
17815,2.9160062702131135
24445,3.1267242567059643
7064,2.794742173464474
20702,2.7577550769848975
9342,2.976405143470566
12336,3.066828177626123
4669,2.958696376354547
9428,2.8400435554133803
5476,2.7410378086074862
26781,2.944655003727619
15670,2.7439808442434392
1856,2.615839056914165
2282,2.8895825265562407
25218,2.2927525197446825
20392,3.1788185363850014
13392,2.6179469957734587
22785,2.8192336861343845
6439,2.9881003433784246
6031,3.079554293239631
386,2.6242806924564506
1628,3.2706557077723186
11777,3.038547964718612
25061,2.4457404854645084
26100,2.813383814794369
13851,2.4847674647197673
7718,2.9469533259549268
7544,3.005424328793149
11381,2.339623233033513
4658,2.4919012612344362
12497,2.838288214174629
9101,3.113230985984126
10058,3.0058063354886717
1842,2.7921840061664316
18881,2.7979657851735595
16585,2.878734221870286
24252,2.9083946469165602
3868,2.520907118919624
5054,2.4509779457235417
5889,2.643505818470009
14376,2.39814781442849
19086,3.0532133294960593
25699,3.1293544631010293
16715,2.9402131175921995
3808,3.048256891194503
24436,2.987555437878681
935,2.4284254104431153
10651,2.869210988028005
1774,2.9174808187953643
24026,3.0123191125718503
3744,2.620581017294009
17373,2.4055839819216778
5443,2.982968609988184
26381,2.6503419074721077
13969,2.4307203151914885
23377,2.74524121463811
1875,2.5635693060291547
22190,1.956110236137411
3760,2.467511297880859
25225,2.7906961654771427
22958,3.041826210336124
3052,3.031324421825627
20125,2.997401744798116
13654,2.9731955843489475
13146,2.9358884417277737
26102,2.7574676227364012
4615,2.6433242564421136
15812,2.372553747825036
3321,3.2131439261094905
24524,3.0243792892305446
22630,2.581409403996175
22432,2.7723004423774715
3311,2.42168216729717
23881,2.9469067266618607
23782,2.97394853219502
24017,2.8927581171387136
26175,3.030449554804328
12743,2.642348849590248
12871,2.603956760551964
11595,3.024345564267198
8210,2.764288297453104
11431,2.6799145135635642
20012,3.2640477044649066
20013,2.8564211476706567
17740,2.7602898289484545
21386,2.0691223140148614
16018,2.8247305709215254
1517,3.1130325919231545
25691,2.970228494296701
22207,2.607200233898924
4492,3.184048329805318
22054,2.635254220099548
3112,2.7533474086576426
16566,3.061498918038032
16294,3.057473945928391
11834,3.009698262014571
2866,2.759109136311373
855,2.9471999668666222
24833,2.9949762065983565
4912,2.7368842003339364
13860,2.7606681704476825
5463,2.97750145205748
18184,3.035013250526997
22760,3.024223393974182
5482,2.829658782629164
12605,2.766783706662087
24688,3.212195724357196
18352,2.716257566584996
3828,2.058378902578445
24419,2.582365592585139
4697,2.72436071745484
15200,2.4951545118298997
4987,2.864910436766799
4650,3.2414978098156615
17543,3.0430813238108825
23819,2.9266194680010047
17709,2.6030607685587324
10288,3.2203201836544215
21477,2.5445026615189636
21180,2.710428934599994
6796,1.8487796752607486
5808,2.935168291085993
26822,2.7419439004540065
17839,2.7615382547926948
5410,2.6037718480905294
8333,3.126391241166437
2800,2.885169141595734
9836,2.9057125111632462
10332,2.8349760409716396
12728,3.022942570754983
25585,2.9517732205314675
13778,3.0323628527237543
7815,2.9260526804707667
4378,2.9140861126865314
8921,2.8734173019285802
21259,2.9987712811240868
6716,2.70643091317276
20120,3.1737150300255244
2261,3.046248273652792
7429,2.776220320526349
20389,2.7057593896442387
9302,2.500816777203785
25620,2.4852616116384256
11190,2.4675475246010232
18778,2.5456863115263544
17569,2.7484281059184035
2007,2.8058705883968815
193,2.9395981294295903
13803,2.917580197995895
25513,2.6658862574416036
8770,2.8944328200276424
16300,2.6806319233505
21909,2.8051326301328503
771,2.807114923251659
10587,2.4951900108896434
17862,2.196168056968142
18230,2.9075827313003004
12466,3.095143445472908
20124,2.778097458822555
24201,2.673962159839892
14868,2.524682299230345
14567,2.694024551165519
16789,2.884349036230763
26387,2.775579635800552
26612,2.957331774209591
10088,2.805025527395844
16910,3.1031965105442763
6317,3.105375058169763
11851,3.11917770069372
6581,2.5944419522868394
1447,2.8597229415180556
342,2.7073305308641706
13319,3.101804051881321
11328,3.012809241456831
17111,2.804312350639922
20961,3.1295679660535134
9168,2.847564811166298
25705,2.900704538560668
19900,2.6216080959883135
7368,2.514972708164485
2044,2.630022403578526
7156,2.8355039739886663
16288,2.62665423860962
7851,2.812600858573444
10178,2.8943169878043413
12132,2.9442288893749784
13615,2.94205425428576
17732,2.7765968412770565
17044,2.846679004440759
1492,2.7203682882671023
778,2.6718415334583896
21538,2.3436753201884297
9885,2.8724699274871113
18863,3.1255183491703487
9277,2.6173069905172155
2524,2.9275185009689277
23567,2.7900062735876876
21174,2.787713806454197
5374,2.8004081956632816
19582,2.648305121926472
22101,2.275547533957076
25795,2.753322103191548
16232,2.8670204530486325
14849,2.708319685956812
17371,1.526817457766415
8259,2.8387675159166315
25248,2.3810934716897028
40,1.6958623138789903
11240,2.7578595768132663
18146,2.6375693489255365
24697,2.6597052836718422
14424,3.0467141619434472
11639,2.7771705524109294
6816,2.531927214744428
23730,2.2990988329078017
24438,2.9426101892214027
10704,2.835904905274806
19107,2.747691815109631
14140,2.4321997803736317
1460,2.4952497426699356
25042,2.666069391409243
4493,2.7039393082213667
23539,2.2545051669242158
24230,2.8887208492829943
13074,1.9742566864522666
17915,1.998712368615455
13686,2.8314172722394413
13947,2.7264150175517927
11002,3.0168606631843327
15432,2.9031546164152986
7230,2.5782918736397864
15686,3.105496749471789
10412,2.7474362334205344
5075,2.5381266114222143
21778,2.8778407365503855
9641,2.600558471441455
25010,2.2858884065523815
24862,2.960624384438277
26123,2.6405136974179326
4088,2.779733136942578
18351,2.533661778034858
21141,2.637982833395978
25377,3.1034371805187573
14949,2.4499862092380336
4249,2.5563946431344693
23383,2.8075142089178193
16807,3.0420228967502454
26026,2.648284645849029
10096,2.687905473138489
26338,2.6223588811676155
22010,2.862915421728763
12109,2.687219110285793
6142,3.0023897023878314
5661,2.8432685708341845
13970,2.6674141114194674
15037,2.806497002438356
9031,2.6983962768286
20980,2.7211686534531045
2659,2.966287134486009
141,2.735809062133715
2597,2.045853578207751
6701,3.046534739963696
15223,2.8666166088093807
17761,1.9535119293534053
20058,2.4966542833217846
26862,3.0045967756806253
22746,3.034203124680544
7418,2.9318757625087173
21125,2.7880904421022987
17522,3.118121864122127
10449,2.9551235628343226
18171,2.4327292300295555
12130,2.8083931555185484
24249,2.7780346178896127
21030,2.861341688781504
16843,2.385727716164636
22499,2.756579471773827
16013,3.1698506308090937
8179,2.5849096166154433
11565,2.8523040639718036
17332,2.4403665821504448
9528,2.607107170894953
6370,2.879904740229947
4628,2.8410659025813296
14478,2.8661147931807136
22309,2.711844672149212
22424,1.4142947844998586
441,1.685760042739882
23043,2.8622896109827316
9794,2.8608270536279603
9046,2.836254713629656
3830,3.102903260797445
26196,2.60891560619543
22528,2.6040324964247463
25730,2.9998953098099106
6344,2.6547277104531632
24637,2.7357564873169173
1958,2.5008063382615076
155,2.519851295964062
10487,2.784960815505697
24963,2.7960111883836833
4578,2.2727633089856236
1089,2.081932084393167
22433,2.7804345516049844
12576,2.560327916710775
9122,2.939636997495766
7950,2.7420064067782723
11101,1.4044235198638928
18058,2.6569003450657567
23147,2.8476859066443914
24758,2.466711972321579
6416,2.6148390639171786
16021,2.693845497908935
9087,3.126407322806987
11439,2.923862431795046
18710,3.052775981558836
7096,2.5657663164363727
1098,2.3674646566877913
5433,2.941093766939638
13230,2.7772562827713205
6450,2.765821596943569
12328,2.600546527583377
10785,2.8763235996565957
18099,2.824462501277428
20215,2.970711160072084
22683,2.3742487363066616
3348,2.7003688086657474
4079,2.225422845008182
9177,2.9578247651567
26134,2.6857866879092986
587,2.7539979958913405
9346,2.808925734131589
13269,2.7703470829522856
13537,2.710434760990872
24036,2.6249821993862
10964,2.4578882542570186
26364,2.7362621974840726
13675,2.695570590599522
19374,2.7431061448322818
21953,2.3903818054504606
16299,3.0223069977123345
645,2.8014899759042438
11749,2.759902083257048
9587,2.4328616194163355
16648,2.8675970252609764
11739,2.8525401646166904
15036,2.6695962435185403
226,3.066973178618145
23172,3.0304801000140165
3864,3.02815257703499
10592,1.8191465202345098
22658,2.2354476835952695
25196,2.509328295360636
26739,3.125831119683901
16154,2.8949241057128736
20095,3.0743101895419134
8438,2.8784926028700712
1529,2.624803841349567
24506,2.925289020560935
923,3.0987980341636883
23991,1.9691752814667944
23713,3.0862257847057837
20748,2.690525858574059
17053,2.739728546654448
19988,2.1021637097724617
21492,3.0576176744702064
10102,3.031556762407464
21632,2.9266779030063867
7183,3.034933564237984
12150,2.870284139642502
25557,2.7083358465306664
2591,2.1237224592508963
5906,2.570211053997727
22893,1.9308155558858493
11205,2.733338247516623
7133,2.5972153994239053
2307,2.8566671964712853
20074,2.5448663660939483
17071,2.9356062192365537
14203,2.349075721986273
612,2.7908202493643586
23551,2.7175621063307247
21494,2.9952067585478845
19584,2.99865483471815
11168,2.8460212711269315
6629,2.8868862529677872
4135,2.6931481937021515
1898,3.0275025500412855
13937,2.462564373456638
282,3.027411449766918
258,2.56897238344296
11116,2.8827585206171715
26239,3.167541782357644
4943,2.7396315942931335
19206,2.954781908087982
14721,2.4752286436064757
11531,3.0105370715247965
19909,2.785861332979623
6971,2.857242815226066
14889,2.763509904594073
13521,2.7833484986813133
5223,2.874262854743039
2285,3.069495872061563
22447,2.8700265223786112
8078,2.8261466203672536
21038,2.811746875219258
21384,2.771569643781155
6710,3.0451145583485144
26799,3.0494668390558286
10403,2.9017962775452704
21800,2.05648050913025
475,1.1278323733133448
18939,2.8069772796417127
16391,2.25985511999996
6411,2.6869651690328418
2551,2.6375814783172693
6852,2.703245251299772
5546,2.530805169368669
13489,2.391848541335825
18810,2.6600313301938994
23128,2.833569415676765
24373,3.066789766174234
26504,2.8251785255504775
18658,2.2195090455926207
9203,2.780645055495844
17961,2.923855742223938
23648,2.839949249742653
10183,2.5787769248635124
20354,2.918648137463201
13565,2.547038964034559
22263,2.5390668134056398
16280,2.8618945522197885
24819,3.022773095429099
21360,2.5239181762945035
7193,2.4718626718329424
20251,2.777654839802835
18489,2.943009843749753
6823,2.5024311192363036
26001,2.8420844187652903
781,2.6863488675951115
14939,2.4160154951644595
18133,2.9344488162229463
10983,2.550307507933698
6519,2.4268377976377353
5774,2.8382570582918203
13171,2.5592946249120043
9283,3.1067831007160804
9369,2.6373765401387805
25866,3.013083116641536
18708,2.79122864258443
10271,2.8179488963757713
5055,2.6013833931175516
10800,2.9148683029871107
25679,2.96579834207626
1727,3.1862619092270754
16994,3.1059167835886314
16009,3.0602826948975026
4666,1.2371117571348105
21797,2.6301508426440754
8535,3.078710102202909
3750,2.803593664543896
12924,2.647823946043944
12722,2.7553737826633555
11407,2.2135935042350177
97,3.0934250008815725
23369,3.010104553870614
3137,2.9690579683338014
13368,2.8810907215428476
14357,2.9091170888344244
17921,2.60563092890386
13140,2.9860165886518
15177,3.033215406475081
3648,2.8064942436376445
10849,2.3023993856185614
23992,2.0758306382017464
17901,3.044678634260121
1633,2.9794166051643787
21008,2.86412662078146
12464,2.706726285204146
11861,3.1008718976162375
22950,2.794164613738379
26650,2.955864615810818
18474,2.64239282698209
23481,2.82272155214263
6171,2.8921188781873557
7521,2.939603058803964
572,2.9879006500354452
9879,2.1906901061276556
25758,2.6451562701425404
19446,2.5334020876324796
597,2.611064856384554
15352,1.672984624071852
23017,2.807974198126035
7345,2.5707349791326695
6304,2.5144160856165008
26260,2.293479555186166
16376,2.4594623751527522
24452,2.9958252494290405
22360,1.9112065197835402
18322,3.156245151806052
1753,2.937800238499884
20054,2.41521740768933
24255,2.717602160371857
18745,3.22253837945324
20644,2.294776018083763
5432,2.7457139361987113
22669,2.854827121751587
13183,2.292781201474149
24031,2.563357792988365
26289,2.642238462550635
11929,2.270048792322463
23967,2.646445929824375
25017,2.9788128631511968
9135,3.21626841707104
25368,2.736811485280727
21975,2.6654323935367317
1171,3.0182514930861246
15562,3.020281717293988
7927,2.909331035515466
26021,2.9725311289191327
25546,2.384573921512699
26407,2.6265133285790867
24331,2.5880526711993657
14531,2.858307661955502
15892,2.59204484638656
25878,2.7781327434361303
17258,2.9415876117019217
18681,2.6713101395060135
26074,3.2998127071378778
2643,3.2307601888216673
5347,2.9396293537595173
9032,2.944922916509454
22059,2.920164251214843
16965,2.711444513291416
204,2.9352537453494993
7896,2.6969931582578144
9833,2.632430764768998
2014,2.5502515736088274
17289,2.5518893052805796
17015,1.9389387641420293
8461,3.0319199801326273
19675,2.7085696843792064
1974,2.9548504252335865
162,2.379684355015566
4998,3.2435552959709755
24559,2.854945788057336
9557,2.929933054120071
4713,3.301662727792266
9067,2.031649701235667
1431,2.8748526196761737
15261,1.9550937838249154
23252,2.7519691530022357
12835,2.8124654635307156
13975,2.8541830223358313
25841,3.1209937798337624
7710,2.5775420020998245
7736,2.8542090396924915
4283,3.0913613818527668
7531,2.055660632791013
14139,2.3265773325417256
17069,2.9019659417990864
13493,2.8699563006991347
10053,2.7147217411588276
10851,2.92040129944734
3384,2.9420029519011903
2839,2.9157358039989054
24386,1.9776768872384747
24689,2.9187685670749364
23846,2.648111281432796
15078,2.1313131579715106
19715,2.4641979125003672
15941,2.659639267323634
10595,2.664288143635158
22788,2.4402556330039147
15433,2.5668845600425914
2096,2.9856772943011056
10195,2.5961610376222235
24784,3.318475668426504
7999,3.0881071695090396
25145,2.873372971294674
5017,2.666922315565791
17833,2.638947845597435
23284,3.0266877772916723
18994,3.241755395352461
18284,2.88747190560741
20304,2.8572514422297
2757,3.037375448438643
6397,2.983184867155234
10077,2.9379606821331867
13930,1.7956511846529737
25179,3.178409893650019
14082,2.698173741034312
2097,2.439351632975998
8329,2.746454884915327
22008,3.034395511462539
9028,2.663071502803661
3471,2.982337019900044
12889,2.9257852200813406
14472,2.5466215505154124
16230,2.787544024659156
18555,3.1136870638705365
18509,2.8618265202821815
1733,2.591372775459289
18394,2.639165517527982
26723,2.5043264819552435
1283,2.9049827704182705
12485,2.402037828581769
12448,1.7867175581941597
10028,3.112022687038007
21621,2.2914570439227506
1019,2.679537701185416
16184,3.0354145841587585
26418,2.89426197191823
9518,2.9897456480041598
19194,1.173831380158479
17520,2.920026304464064
1651,2.4210829570019334
830,2.717045254556724
1169,2.8346105147978213
10720,2.7741107202052544
6256,1.4117370023192053
5469,2.7054698104478874
16044,2.5499763844622834
10258,2.547537870347238
16063,2.8394818857854167
17251,0.36900902016369974
11166,2.7276189813120464
26229,2.7181294693553424
5093,2.8000953163541693
21817,2.7806690724105594
541,2.86831645735679
9324,2.6827885548004713
17047,2.553939649633155
12693,2.5908616923869587
22738,2.78779518707015
26118,2.7054113406047158
3390,2.9375599179308383
12080,2.8302966720196956
11154,2.907547438253072
14226,2.5644101696131436
16977,2.6156226408682155
16029,2.675398782063
26913,1.72067652910035
10775,2.993017763308858
11005,2.3144014280614478
3959,2.3592995282165194
6643,2.998585915811525
23225,2.6294478175889373
20815,3.1522619823686613
16100,2.857262988558859
16087,3.1775734534067177
3586,2.731475718848212
24312,2.025923977363115
2563,3.0464703727112403
10822,3.1541445577846017
26388,2.999685782712289
5036,1.9610975766302192
1080,2.5270393829032622
5891,2.6046617926106737
14537,2.9079320129226587
21350,2.6023356049023185
2023,3.0176119494633142
13109,2.494186872871587
25633,2.5906500578443605
7909,3.0384644039190567
25258,2.5044347185180498
23705,2.877766757595816
16610,2.9649885304820884
1013,2.73516497897126
14871,2.2156522247179504
18313,3.069574839464045
9235,2.9466571377400728
5251,2.8664837417721882
9596,2.8711794105237947
2179,3.1268753746230846
17081,2.8945973797452833
17508,3.0725832317158797
23762,2.9649190518043347
12087,2.5192918684909267
21573,2.4226975176268564
5110,3.0936075124586426
1778,2.898501934786903
24175,2.7465979696615155
19018,2.85501716052353
15379,3.1735650156139363
23928,2.8957568703759455
7604,2.7580688721917133
19873,2.5995588024921767
13944,2.6222703567673995
17421,2.577641484277516
24454,2.2490225174090464
26921,2.8313812695366813
19033,2.674840450939008
10473,2.6828389669249484
14933,2.1826705288226678
19363,2.6669186979484283
18931,2.850799252741326
5132,2.7411335816829703
2159,2.8122678049230148
11329,2.5021823371376675
14042,2.0122876547057884
14566,2.9603207842362744
6445,2.8520033870994537
3967,2.9844189471410316
1428,2.5709817261267087
3081,2.852110710569965
2520,2.5501188156265586
11754,2.505021271559831
10047,2.8082723547317276
25130,3.0098425475265316
25616,2.649052035747824
6019,3.018824513757065
16832,2.8757679566900785
16898,2.606905136905774
22379,3.062275079486024
22656,2.6094336813244103
3727,2.7583117740449365
23737,2.762909924778729
8553,2.5657069561277885
22663,3.079229829765303
25568,2.6306218924211437
23679,2.7961158549800724
9496,2.6405444356423953
6251,2.388997962541727
5926,2.5205920373771225
18844,2.9217326989198225
16406,2.9524223308272424
18450,2.849988329639574
18037,1.8608211930335599
8894,2.7142788431202223
8706,2.0851449257812007
1376,2.065031838451376
1724,2.633272904113792
3754,2.8925412883461212
10517,3.0680744951483643
20567,2.761219043436901
25690,3.228840163948492
4082,2.593865588992671
11870,2.746699037307827
24864,2.3932026460898452
22963,2.4703928686938097
20942,2.7120431760662695
12500,3.05109732050704
13057,2.825500109860256
19921,2.2491728556483555
16140,2.9818741217385125
23387,2.8595384838275404
10773,2.5846273813788914
20714,2.8612983999992267
9951,2.8541587046558012
14571,2.9119869684450714
17030,3.0836010312379147
22765,3.111253152605613
23911,2.7497602667419923
26595,3.0149019488617608
14215,2.201431080265354
15997,2.5953961988108265
7165,2.3428615194778186
24184,2.8471912663304013
24081,2.6743454941486555
11182,2.241608158012722
26213,2.318276248228665
4875,3.0256103320881333
10736,3.1138914996326355
25071,2.723332201525941
15990,2.766186915034293
21725,2.756615816023988
12258,3.023264399430691
23415,2.6662838136227176
18544,2.988203898789762
685,2.747891254101307
11435,2.5305515588233876
24875,2.8782780651096527
14291,2.6673715730030985
2461,2.911395975515345
12275,2.7864768792527568
11889,2.9650749842878836
7128,2.8144719242372633
16377,2.9132499472190427
22651,2.1833726098036954
21325,2.995575762982101
5946,3.031962702396626
4583,2.6361479762506623
22168,2.4050691824274764
12232,2.4964454150341897
23953,3.010037548007847
13070,2.7009504319579807
16905,2.708467015425737
25558,3.2582674119380015
3983,2.6793782043942858
14686,2.818868593994036
6303,3.0148902152300483
9908,3.1097710274403543
780,2.6314032357915433
17153,2.786227064554313
21991,2.948439876329777
5978,2.9830333271357534
20131,2.735207678467619
2196,2.665469123198433
14089,2.7378070649190374
26846,2.810042378445732
20669,2.5636487371730863
24747,2.5787474516097597
9832,2.8775169919239953
6979,2.0014579048074546
18211,2.4947170151859304
11824,2.8124881378382325
19393,1.926348702555039
2376,2.894242653050983
20223,2.9103126096131455
17630,3.0461493959613453
23888,2.5991793532000456
11483,1.9944426818272583
6511,2.503250001555952
13279,2.211975219376638
25859,2.25484897589592
14473,2.9632380337420376
5439,2.272878347946995
10759,2.9510808623825375
6493,2.8811674895361654
8964,2.95712578561157
5510,2.205633357956653
5330,2.9483503069983352
24392,2.9702744596243047
4531,3.0695040072322435
9866,2.41146596523577
15587,2.990750362530367
16749,2.9597815541924613
10142,2.6311911559317265
12089,2.7906476403875837
22804,2.572662116835593
16531,2.0841078989785626
18052,2.55699071371362
11280,2.5871887279739307
25438,2.926498243620623
24034,2.871981630993906
7788,2.6741792915875853
3456,3.041368465488088
19655,2.8459469805181246
4940,3.070340758678103
9223,2.834556290354066
22614,2.8476446456080047
25516,2.812088932593128
14916,2.8683664142605494
23724,2.932335099531371
20310,2.9287831486513816
7099,2.6765494950637088
8080,3.0232106267256382
16462,2.9685849283567096
23472,2.818217155634982
18631,2.750145853598469
24560,2.7253119655235087
26933,3.022621510688744
24614,3.1357188662407838
23835,2.9187957391643655
18663,2.947027725696493
20281,2.668815707971838
23561,2.8292309301385585
9312,2.025680521576438
6172,2.823837831474402
3631,2.8742538877887025
16955,3.159026596406005
6272,3.1023949711090584
392,1.750620387335584
3191,2.759378962559456
16,2.9015011012777294
20584,3.2447492399934657
19056,2.9588199247797835
26395,2.6806608819256637
22548,2.628572903850709
19877,2.5806592638056314
24958,2.434843469863417
7394,2.50213400724435
21223,2.963992134659376
593,2.912524184799426
4719,2.698567468313653
5827,2.8140912226298576
10749,2.9322447454392666
22271,2.676684419423405
18739,3.0454011148113973
22420,2.7050843013213806
4798,3.2254689859369168
10634,2.6271057786889096
4795,2.8696433444638414
20976,3.000927896726136
11234,3.02909455765357
8656,1.7236125745185364
163,2.799461666972063
671,2.6835918608505014
26252,2.8464461963789875
14308,2.8316197373113727
26706,2.9414107221999632
16052,2.683580568748797
23764,2.5853502265650072
14828,2.951996692471841
22740,3.371319075605763
5542,2.6318261755575896
22391,2.828897472882552
7993,2.3562665540298386
24022,3.0278555068451802
23177,2.7184493717789753
10900,3.003851067509735
7758,2.537828774945315
4837,2.9542304028081934
18677,2.5219149241633025
6548,2.197318791482263
24282,2.7756971173062417
4481,2.9069290292022805
3716,2.811155289996333
10837,1.7898267061755577
6140,2.667310832269313
9956,3.0612652510594547
1549,2.920152206238028
14818,2.9092367619192236
18428,2.7615722200278743
767,2.654527399646193
5693,3.022333459609929
24254,2.993223382761372
9700,2.7841785967378567
26880,1.7834668702196823
24241,2.9161857576112196
19686,2.3268602781547036
4517,2.81009524407224
12411,2.492656343628309
25764,2.6241412161910733
24313,3.0056118226630693
3292,2.362447092519827
9011,2.8220411336512283
1403,2.338884692519449
1382,3.0961522916101565
10340,2.7123044256834583
23312,2.209859249459891
22055,2.528313715922834
1638,2.9775678716262903
14083,2.967387696242753
8800,2.887188036651483
23291,2.7794454465564815
6406,2.955248771868106
9074,2.821892298283761
17563,2.427725014124235
5448,2.720645302976502
12168,3.018927060496108
5078,2.843897305313102
21559,2.8189227907074956
13564,2.6385082154144173
17073,2.9868760961987633
3850,2.940648302467507
22909,2.8214512551069313
21121,2.5380234161316695
6488,2.7158471001668207
10145,2.6457061734572878
13828,2.7113267156850758
7154,2.6936269211987036
24810,2.890337156464974
6610,2.9311883121795
5179,2.7204282980606473
20733,2.531123672364097
12330,2.7999204665114954
18268,2.6319050163748727
19103,2.571586568939413
26168,1.9509920032374353
2494,2.774450637630825
22331,3.130424741794285
19420,2.877801064735051
22161,2.8564826970126878
845,2.9218262251130187
8734,2.559470785249109
11916,2.968778982048619
11871,2.7834811706013594
12415,2.9271698045051804
7967,2.9024526917281626
23563,2.3242172490747115
7340,3.150891891409221
13891,2.6992027780063466
25663,2.8298560833167423
25082,3.125072808332698
7137,2.713984597039854
2964,2.832214454510321
15751,2.826183436967417
18913,2.7912675024820532
15476,2.974527031328444
5772,2.7612968583071886
17432,2.747160990646336
23429,3.1362432082039953
18344,3.1512884522030893
2530,2.4308856701326724
11138,2.8225132639836255
26998,2.7204060350511607
14716,2.656673315935598
8429,2.8965364699962954
4917,2.79364725807743
5901,2.8603625828780577
8286,2.90401841468287
20643,2.7969719467467944
25036,2.957638759550139
5656,2.3731174564491537
16127,2.7610698620042564
22481,2.5391217432762843
5907,2.826142714239191
7373,2.470900044017948
19362,2.8027912947177986
25458,2.6448322910062685
26881,2.7839047825880807
6721,3.0873677591010344
24226,2.900045409902377
26009,2.501922934543574
12686,2.3635778701037515
8264,2.7307097676732432
7693,2.5438342601855517
19522,2.6672795719719846
8325,2.5614735943618197
26908,2.9184088590162705
12265,2.665583791436231
11421,2.4365950799394382
1826,3.0506996624295617
21932,2.9494138437883084
12329,2.6206314083562687
560,2.924406841354235
4107,2.2494179476688827
5435,3.125029644278253
4437,2.7051388736794926
10382,2.54915623590264
17826,2.487071136356087
4406,3.2690296484804326
26378,2.7452687460620506
18073,2.8405519235010686
23958,2.365199680331687
9917,2.790533055787066
25644,2.7407955635658907
22346,3.0662413925152054
18880,2.658075735361586
15096,2.726908839832214
2817,2.3818537788951186
16724,2.8013808048092312
18792,2.7884662203444446
24710,2.772586523301748
5782,2.900181131884759
20960,2.8592389853444837
16163,2.1622765760826246
20109,2.6718680594616284
19169,2.932196951836468
9715,2.9903265084391792
10699,2.2937848503793985
26197,2.6129432108443194
17396,2.509953025793582
21664,3.171246871792907
4895,2.616230225272611
23505,2.080876869171487
22933,2.2536347088729887
20421,1.9977428121687413
24923,2.617483798922368
148,2.9024791535377172
16669,2.105474347272535
18752,2.887559365947867
8555,2.888153768066716
22483,2.917595828902731
15463,2.940050830566142
23154,2.2369540629922935
4443,2.6900647535555984
7446,3.132335792530571
236,2.883735690673605
15901,2.993640693844389
26452,2.5598743101634684
10754,2.9851436727850067
7123,2.7812716353775655
25743,3.0003969321560264
10123,2.601245724718331
13711,2.460424266358866
3083,2.450321789592392
632,2.9718890009605903
23197,2.657439031920394
18877,2.1954176954174405
2665,2.65879951379069
24922,2.327155819735955
24811,2.6483317642780295
10526,2.6074872222484125
15836,3.0427900093280513
10060,2.9150048563661843
14788,3.1171736325513066
12075,2.7652755177368276
24889,2.838327826362428
20595,2.710467144005095
14109,2.3249654752900275
9686,2.7965995871832554
20258,2.7460576220797295
19201,2.4601486949890807
24569,3.0182588374553774
5249,2.738518822826986
8533,2.2368373668366903
7426,1.8892743250128987
12345,2.9123028509985107
25084,3.1858761124198627
7979,2.7562164781718677
26072,2.9764588263371947
1735,2.728733133734231
23781,2.7256720438682116
14484,2.663022678358489
4255,2.139695807217429
24602,2.4816741191583227
2475,2.8809155743485593
10756,3.042904978584942
26977,2.6486082090806975
3713,2.7160294672108605
6704,2.480806268733435
18188,3.145725598410482
17091,2.562091776209757
25921,2.4763737523664173
5189,3.123081460522231
25220,2.612168049494549
21856,2.323809768072217
16456,2.7004537326112517
14210,2.666291625158711
7843,2.7907549245730565
12640,2.97487633436816
14052,2.6203883029668678
13031,3.0020156365044097
26542,2.648985889694052
21485,2.971906457693992
6764,2.7155262195840626
10793,2.3489028159278122
1125,2.600991722194588
17625,1.5398092974941515
26648,2.485841329894903
18733,2.6002311290227906
11543,2.8218122800794863
22986,3.1248542586230315
23164,2.6670269606952415
4358,3.0458176117934426
14114,2.8332387692473446
17727,0.8382937312683855
26982,2.066097413892896
21400,2.987085416829813
7421,2.1097427266735056
6652,3.04270026465715
17484,2.757019222529108
9160,2.521918922973916
23711,3.1017305068396883
7622,2.9816555411117194
987,2.515629763670834
16014,2.410008853559323
2852,2.702221066164588
11695,2.810156052512955
8853,2.7095303065540914
16336,2.982639275594648
14996,2.768131877282969
17014,2.763846973699244
17633,1.5976325387586965
19563,2.4130802566984944
16866,2.700664266451035
9654,2.599703944846524
3040,2.62865298755966
16035,2.640042035048886
5010,3.000169677574354
25273,2.706706672062444
23384,2.790120520191656
3273,2.8441929250897497
7227,2.4528980212057805
3683,2.039130533995433
23058,3.069715630853807
6807,2.720331572901505
12337,2.7426144758137267
22083,3.060216729016666
1316,2.6326462757036255
3225,2.8024948916624943
17456,3.130386545660892
21199,3.0915976051003993
24865,2.354864494715624
9852,3.0496794217611414
5752,2.57502968784619
10617,2.639953794277364
16393,2.8122621007863335
4616,2.7643540447192163
19481,2.8432160829814155
26249,2.5538013517923264
23253,1.8222526725055657
1300,2.881238503043113
23669,2.8905028149321264
15222,2.9754221160992764
22668,2.938431456611515
26314,3.215480949059117
13673,2.603258903123144
9900,2.750646474255528
5495,3.080010627539202
21675,2.5311830338076047
9600,2.9143213170929196
1798,2.889226203688884
12149,2.6268771122487
9667,3.061378402432394
21587,3.0150260972333474
21431,2.596510739126523
6441,3.0750385636387407
8636,2.8016418835587538
24489,3.023918366630808
15600,2.9972065956517455
18743,2.4726112684323382
26179,2.860301097550445
3654,2.321121627743745
7052,2.827768492864251
15945,2.720614462636629
11371,2.8698262673146155
15710,2.7583600330419515
1286,2.8774543773303423
19914,2.535231608812105
20829,3.2402340342208387
2137,2.318187930182898
23171,2.680478287349768
10828,2.8794877152554617
12208,3.0585214902567732
12289,3.0032799900387146
9873,2.0335966406482524
21923,2.6574130570285726
16489,2.4036082135467356
23695,1.283216303106064
13467,2.669530335466717
6894,2.832233938678777
9884,2.70663361639517
3610,2.9141761414047096
7151,2.1957801676197533
17347,2.8528785959588325
6012,3.08196342306016
13645,2.6972904817783627
14113,2.726393012106581
4882,2.787779113939142
16524,2.806999048757985
13076,2.9737178650689584
12611,2.7613277146678947
12046,2.8297973545249158
4146,2.8746977956479807
8906,2.679136948638466
23320,2.700340522503051
6542,3.0766489747179104
21627,3.063366816243252
4431,3.026209453580577
24723,2.3069412211392715
406,2.635758684598989
24596,2.9975487122616054
24741,2.1775131007279773
13178,1.8321342275945052
16173,2.930816412298429
21829,2.6136086534998597
8234,3.1345076938505056
11022,2.8527551756904277
14051,2.620791035742933
11563,2.9737553752601626
11556,2.6564044803141935
20783,2.8802334966356753
16353,2.8512816527126215
21636,3.106947379942612
11,2.807463588757756
4760,2.42476512575939
1177,3.2612745059621604
10693,2.9388746187962087
2863,2.92940586788324
6471,2.8749378156938574
22612,2.9128303474247867
9218,3.069689636645362
12040,2.669127237624694
2989,2.320824621290912
23501,2.381358963599846
11207,2.308218834937481
7010,2.7681104959914307
11530,2.8450317742141227
14437,1.9586455441103332
22443,3.0906532618955236
8927,2.586463007427738
12592,2.5603868491886823
17824,2.7287972677414207
26661,2.6437013580632573
2875,2.6022309573333673
12178,2.947631333482042
9108,3.017979520074521
2190,2.9061606809721767
25361,2.7123697337261587
23616,2.780807152980038
3726,2.677580271902117
19156,2.6448631647509684
16838,2.9604295487677112
9013,2.351118175689392
8189,2.801578386864571
1367,1.7987073792794326
3712,3.0555128749268983
5450,2.8790534875059355
17772,2.8309555392545636
15638,2.8510802445985184
1000,3.1312567691354753
7761,1.8987734436141233
3553,2.7030201498989297
4114,2.584670040569394
1667,2.7954819828834188
3173,2.693232281205181
15740,2.9978646780984355
26201,2.8546827857649317
488,2.643678425046186
19614,2.753759610698649
20212,2.673694934866515
25158,2.881712468612677
12975,1.8479677842681477
21592,3.091270229929973
7848,1.77276213018804
5704,3.029804296684281
26523,2.3469982565002754
8133,3.3297237103885555
17087,2.638390534713554
5105,3.069655856862555
25498,1.650405681676119
3291,2.6566426804466374
8125,2.9633159337488486
11865,2.8637104270957034
13380,2.583143785963254
9519,3.1065213451046896
26511,3.153323889439072
13965,2.8314231408700623
14287,2.6488905848591235
13598,3.1025569261973596
25680,0.8947797519804328
21293,2.101521857999007
4440,2.4522637981100317
10055,2.879733134448502
17370,2.8293869820074624
26340,2.790859198291031
25983,2.9830669974616337
26188,3.102019888160813
24089,2.809762929246129
15504,2.8083692907287965
22641,2.92833886204797
22473,2.7265985469348553
15577,2.8284146741105185
5238,3.101746946970613
14646,2.9286255880075545
15552,2.671849619103117
17582,3.251705052568288
12373,2.9064854483777443
25754,2.7637090935124333
13669,3.107014979469843
7519,2.5840097955248313
23196,2.2555359037667184
9991,2.793466069948065
9206,1.7908419955313604
24704,2.9234793982071934
9556,2.904757922054278
10225,2.875525488143384
23559,2.9727313991182505
4470,2.601053951976505
17275,2.579584642337321
10985,2.10866168007069
1969,2.765308054166976
12595,2.858244488701377
5757,2.858993208251552
22911,2.521830037407844
6294,2.56440906364418
12115,2.9306537625219375
13605,2.879192018777859
7595,2.5715987725011917
9110,2.92341835857049
3249,2.6871347773323877
6570,2.826020002044267
6638,2.7595878645482483
23735,3.2546942455374075
21726,3.109007404657387
15398,2.7256658271644025
23857,3.0800508279072343
12504,2.342864913269151
125,2.7064945334694235
16170,2.578432028778144
5370,2.9336090034388143
1239,2.8250336942363212
2289,2.6376091608595718
19124,2.583226835729889
8467,2.741261817669133
20969,2.8529499384058172
1229,3.0733374001084597
9200,2.893887222527016
6980,2.9504657693638
5178,2.712318701978754
10724,3.0155401993227837
20677,1.819475508888017
1058,2.956319877287961
6262,2.7637065341546125
15360,2.7279969353943114
281,3.0878342694644894
14846,2.9149467939803984
968,2.8232986203345614
16001,2.9060843606074243
20337,2.5848315519167944
1939,2.960733319459453
26651,2.8831563971003296
17658,2.892089312215415
619,2.748163693086406
18309,2.5392151601354516
1742,2.8077175526600175
17774,3.0265272168369655
18587,3.079588673402944
14135,2.693779831363824
9847,2.899558959993484
3568,2.9912952349177693
15563,2.4591370279797506
6116,2.5507758825543076
26962,2.0824003855599886
22436,2.333464370037801
3178,2.801381782445859
19576,3.288907713855904
9499,2.6094116836828554
6099,3.054942368512634
23413,2.3430139476952045
16959,2.842738655825762
10552,3.0224455060507776
23040,2.730904444251883
23499,2.81622039457138
13994,2.886017242281686
25381,2.3750271662890174
15635,2.9745205257686185
6276,2.670322545363587
9472,2.6171697683620097
25629,2.1948078200082453
13149,2.8139377095805194
11083,2.6645049127653544
22281,1.798832625245199
5724,2.9592261975421774
10831,2.989803390489209
16653,2.806487136156252
629,3.1187185992383246
11970,2.821223387398828
19465,2.5798722055501093
19850,2.5121834824455442
6430,2.7512709160368987
3374,2.8713379543432165
23446,2.8902739934946626
12588,2.853804750927977
26974,2.823716131589003
21927,2.9665510540956546
13760,2.9697226197083575
10238,3.0801879250288495
20740,3.1701794548560858
2113,2.727696873915194
24603,2.3484953095163683
3216,2.6825013831529874
13125,2.937904485137175
3814,2.9853108342109023
8321,2.6361667375301967
3155,2.580073329684133
14296,2.8598865779183575
2278,2.910187048443056
4599,2.8470231071269096
13,2.630147464791498
1646,3.0458620919156774
17909,2.772064336426319
2365,3.1073265871631244
4648,2.801881578972395
12197,2.951711615974183
374,2.9091557379043196
24960,2.900288683563806
22861,2.608737281795478
525,2.829130916561306
9131,2.901989156758405
11561,2.5005807769631736
13910,2.739337254835875
12765,2.736636164809211
23279,3.0526710184972705
19975,2.885530985504216
24288,2.135780157600593
19342,2.7011139533539423
529,2.858443473678562
15596,3.0885021894753137
20098,2.865860111844072
21116,2.664092609971621
9461,2.9232528775889604
12473,2.8597401210454603
17778,2.6617575448361133
12201,2.809003312986924
12582,2.876368318686776
11171,2.671238305533274
26812,3.001894397829488
12003,2.767074867965803
22015,2.9516561969543123
6563,2.8772380926222665
4703,2.85247957243496
15282,2.7399204404764923
18096,2.86566096311352
15921,2.6546573215925275
26673,2.88008639362045
955,2.7228046769239875
6675,2.9577160407389638
3453,2.29289320894667
12803,2.4475467651799687
15140,2.709636596425109
8595,3.0111388155208525
2071,2.6172143885589616
956,2.7422218853154883
16542,2.8218410869330564
14036,2.3013724245882985
7005,2.619606604644199
352,3.119911367958931
13518,2.8596879008737313
22462,2.9339280808353347
16309,2.577957933426438
6236,2.9218244132295528
12732,2.302193390222026
8946,2.759868793041893
14025,2.6260371869434684
25591,2.916406027606129
2920,2.8384795788409067
15711,2.168703859813889
4644,3.094002031634316
661,3.1556818814366436
16082,2.6962368869295035
7057,3.051916090905944
10181,2.961326288090426
20049,2.542338862949219
24363,2.974985641843276
16690,2.9794712870764535
4790,3.0334158100476656
2356,2.792324076990056
11894,1.954449969677202
18311,2.8852865902614058
26541,3.061757357790181
19811,2.7969560339412514
20022,2.70832270473015
17650,1.3168103135307232
13612,2.6186810118945245
1560,2.910588216617082
11787,2.3870495863935357
10326,3.0851450313796485
7179,2.5815002179679514
15349,2.971509492665267
15313,2.7312083886911163
13258,2.49314987364436
4109,2.70563935265543
24251,2.8811761870134984
21288,2.462609367927187
23678,2.4882360688517142
514,2.727036273809044
894,2.8350274202614427
8601,2.495798142426752
16405,2.6032902326999836
26922,2.8526483251837003
899,2.7206696756794146
207,2.6894657521074
25630,2.4990441081533183
458,2.1298056972101485
2430,2.7216455764007317
24826,3.0041244742668365
13629,2.9903271880715074
3389,2.876187348252818
3911,2.527621114897199
21767,2.7290325819886077
552,2.19660007628037
19528,2.6459526363041475
6917,2.7089492598043647
18440,2.7170197681903
1925,1.4561189525494906
17018,2.295359165434338
6082,3.0631858420714253
24892,2.9756417901092234
26033,2.9457911571996744
18279,2.9805191965649294
25069,2.857249291647951
105,2.7119318385194435
3041,2.7706648662923268
16369,2.84759937749138
10361,1.8527134962188119
18093,3.1090835880452046
89,2.7593389217842907
23398,2.5314536986473373
15525,3.0221573183416237
10433,2.708667355842983
19558,2.7053663043727068
17301,2.7787291236716647
24217,3.0877924325025825
14451,3.067411362542423
23116,2.4752299379929865
18333,3.010364046813094
12236,2.480017690472421
14056,2.6958788603427806
6368,1.7680252348422825
16385,2.2556544716085405
24416,2.8303582818153306
22431,2.233398750484645
9127,3.119570914660304
8905,2.736067401889531
2720,2.8725024650684325
16019,3.052976134849121
13621,2.2762053858073
8783,2.912088622655847
15822,3.1557422651261344
26751,2.460997306534356
19501,2.2813348669477573
26293,2.7843094789340666
10640,3.1964723752988795
9768,2.7363494324380624
13399,2.7723466195405497
3762,2.692371180961861
213,2.804815526606816
17162,2.7922602781614794
19880,2.8318216635023807
25398,3.1931307292820086
18427,2.6751616906306874
8920,2.4416646998065055
21804,3.186722512316393
6154,3.042663413392844
8357,3.1118348392738797
17773,2.8331635174345715
24849,2.262834916162401
4167,2.891752949215353
20172,2.3868937044354905
24970,2.524506245718222
16967,2.816688292667636
26884,2.8163377093323474
26979,2.9318113412337703
16500,3.1368874407545824
23028,2.79152060072645
5109,3.072664936932284
26936,2.8370182315603585
26691,2.974216312659341
25598,2.686580716397975
8712,2.545675713306469
1763,2.7020362335415347
18259,3.0500689596151207
13547,2.735711248534862
11536,2.614846075976133
15069,3.0325151408740716
3224,2.8755639377836997
526,2.6893188071233194
24109,2.3695172340735047
15251,2.730924920933547
19330,2.562960930460706
20857,1.7154003706964123
12091,2.842588726371001
5655,2.394678095205672
8884,1.9469812857689335
6059,2.8664106712898136
17343,2.790840069398556
6342,3.062858536681325
20017,2.714921989101145
13997,2.6422316829144714
17434,2.824182406318021
8782,2.4699184682861723
8711,2.5734110796059357
3380,1.6147498628877297
3676,2.9351870008614642
5776,2.9314645946625975
25713,2.7350189610980538
6573,2.061739752918401
21563,2.7614210312899776
1607,2.871919334128067
19994,2.75777923271278
26676,3.0996917441387195
23019,2.496605618793764
26996,2.36760503034401
15883,2.9401896787084594
17175,1.1982124239653784
8984,2.728056413751969
19440,2.802289845409897
15522,2.392572309514076
1980,2.6060090533388096
11425,2.8440486603408943
19982,2.6651446233066416
17317,2.9843936390304573
12155,2.9693281319389166
12857,2.9526733848089406
7424,2.535650985223528
5626,2.7732052647647314
1682,3.0490231706739874
16133,2.838873162233844
20563,3.082640822036156
16335,2.695010721728469
6446,1.9831954511674896
20500,2.676297061862025
988,2.752405804352948
15083,1.2445457941242526
11645,2.3277128497744495
19280,1.6973333640966173
20162,3.035719032473994
22042,2.895354722996235
11722,2.6058735965524846
3093,2.7031508692267114
19539,2.981808393056947
13261,2.9526139622932375
13998,2.865712657952607
18207,2.770897203650227
26501,1.7826528627575484
17482,3.095347051811741
10396,2.401696882218238
2844,2.9740254950318423
9078,2.6015760599289
3342,2.9795281400763205
16422,2.015023965979915
6540,1.8296021479084628
26317,2.8897910956106876
14288,2.8595031294048487
3356,2.766423637843635
13025,3.0375431920197533
11745,2.424082330503097
11801,2.5722756042328503
14414,2.4632751108678397
7813,2.9851613676388196
26636,2.9490959796383205
24604,2.873562836919982
21510,2.0912450264632256
2428,2.371828921340745
21427,2.6557331898732244
21730,2.8107264850728537
11939,3.1939637713706337
21195,2.821817692078954
24860,2.7800950605257517
17070,2.7874672761776504
4799,2.206978660794242
23821,2.812681935703102
2353,3.051414110189424
22737,2.2057293858370444
16378,2.8415807661663557
11383,3.0755241131527824
20953,2.678236623674969
24597,2.768140211978647
19136,2.90224584896221
9077,2.894138289630775
8073,2.8798996913530295
14859,2.9956564300337796
17424,3.051542767042735
26362,2.7521257411241753
7491,2.679262087016701
17649,2.85754431071421
12771,3.202859410483401
26025,2.8125718368426136
7059,2.9126485219984986
13507,2.6136028155526554
16661,2.5350961585704983
5084,2.8278201873193924
2382,2.9711297285566
571,2.8736328676150675
1435,2.7889109512050454
13281,2.335495716208406
9439,2.2395702544477203
21736,2.491432641729601
11718,3.1011235609263545
14749,3.1189334364637666
10706,2.7795224304670487
5445,2.66933359881899
1007,1.714077818375553
4543,2.7594635442186313
12987,2.065049577866425
7009,3.099037872217039
2064,2.5960167012880513
1136,2.6140513962809613
9882,2.83519095324344
21727,2.655607109040727
10177,2.763445241369748
294,2.925076182495428
16077,1.849566916241678
18787,2.9326239124095217
3998,2.780007463965171
9766,3.0445941322499595
3741,2.7857994719864503
11700,2.093855521495797
25964,3.0626817599825134
2719,2.5622003760324996
25935,2.6461040333851833
12713,2.6886170831324385
14870,2.975071472495175
21534,2.782603184039281
16370,2.6545383384502492
2808,3.3016656744144037
9017,2.8091903546303305
16940,2.8580634261859283
16106,2.7144045446537555
22534,2.820387653324208
21179,2.503468387648838
2469,2.809885645892549
3738,3.0489939681916556
20670,2.4765061386970437
13481,2.6294833359786622
18988,2.885016934420593
362,2.6813537495710795
6924,2.7845356372086574
18088,2.945867606751982
14688,2.728992667749729
2139,2.903734612142391
19623,3.108666565993183
18767,2.801399378150036
7314,2.6097438932323134
20695,2.827522175463614
1312,2.476275464596459
20314,2.835145483280357
6183,2.786076081720868
11303,2.9768759177261623
1591,2.7345428985250195
26187,2.785822459164748
18546,3.143294783723068
2396,3.13199900647816
16701,2.7680412548443765
14559,2.8279464022847236
9516,2.3433914570624763
5233,3.0029983115348826
25511,2.8662717796582755
21452,2.797603092721226
20420,2.9640585992353246
8987,2.3798164164277495
3020,2.847934991487405
9903,2.8431084822252273
8228,2.637019533757268
9105,2.717828088526336
13913,3.194440580123589
5295,2.7902087833740965
3972,2.7567167917746827
21754,3.1003076212709044
14663,2.5582539073789987
4133,2.9884082388893027
974,2.7535173290370314
7291,2.890652392170109
15585,2.507268027220498
17338,2.882831381980722
9752,2.6275960774300793
13774,2.8681221027958372
23265,2.59087256400475
5016,2.8740079899147832
17602,2.4264404484619377
10874,2.9726062410642653
23874,2.878768141517099
13239,2.7725506492316647
18024,2.103522040601248
17674,2.660371006683562
11873,2.9064406212137457
17764,2.420324493596281
1933,2.744939664816943
4675,1.5687583958603877
10222,2.4999523222316684
892,2.492767955758188
7287,2.702175818675727
21260,2.6815041127810475
7906,2.2273555095394166
24578,3.0067766806743523
14551,2.231523039316419
23696,2.8369837997189795
18850,2.606378656707126
7657,2.862773890367242
10106,2.541096574318931
18297,2.9062867555859593
11362,2.955191731963295
13832,2.809494967173149
19120,2.572695662546951
726,2.811432490729497
7214,2.8542015284885363
8245,2.819857572492249
18180,2.8882036434289926
15876,3.022424605605081
20229,2.831597017544196
14199,2.51372818596725
22786,2.6843845623377343
10745,2.551641160609132
17320,2.609130542752491
18649,2.3636200136664067
17208,2.264601292829182
7274,2.961949871716147
11593,3.065248597622908
1389,2.802023907953115
3564,2.8372349901351868
9076,2.563036400214528
5429,2.582008317510033
26834,2.6663530649519553
16220,2.8989742876506748
24211,2.094156434078807
22074,3.0240468217702423
14899,2.092867336375095
24262,2.856341826017356
15512,2.4040862577272533
14561,3.133158545760346
1868,3.045490421766683
8202,2.751737942325186
23870,2.801257057871314
806,2.7839905818281294
4805,3.0676123683732808
25410,2.9356020529737794
12260,2.985558594798064
25858,2.9707975376051188
26944,3.0123591332925557
10426,2.4323963702556304
9155,3.1292417366362946
23895,2.3256471627475093
24440,2.551043081708877
15152,2.9649565094096384
4494,2.997910203373467
2632,2.9281599607833835
14286,2.5897329939004567
25507,3.1664130612145764
25007,1.7136977375110023
7832,2.5244793215284544
20772,2.4338929960135656
14269,2.902931847467585
145,2.581255703973379
22851,2.7390728378597533
2033,2.8437755930257422
24951,2.33021000822581
1165,2.7559190832013036
11692,2.893190088645499
2050,2.8702776790713864
20144,1.7938220546243788
10816,2.348533290473751
12676,2.6959792335779302
20819,3.198585082430542
3430,2.226064374746021
24574,2.9061277000830072
25315,2.7582000092164254
7069,2.618407363089744
4361,2.72596855736552
10616,2.588955983082505
18155,2.621896775025731
19895,2.3670331326659877
271,3.0065192278546573
12984,2.6347494713774293
8436,2.7947927472120364
18416,2.6085607620451694
12316,2.889439002888351
26690,2.8181600321654505
9005,2.7017652851724145
26555,2.49148737463957
3810,2.807484885073532
13919,3.0367675951463617
15775,2.8850037072298518
9996,2.6867856753266226
4346,2.4968144176816347
545,2.8072104169845047
19625,2.857090784745625
8502,2.9086689338588454
11713,2.7516617554169835
15229,2.7959222579786407
9323,2.702787336549817
13737,2.790888714807144
26892,2.472969094601038
15520,2.7800642528770676
7564,2.5860967716916115
17304,2.586838774625242
15317,2.987476456920764
25815,2.9741948238737894
11779,2.9652675498388597
6640,2.9670067480463738
24078,3.05836672919996
8230,2.5678439272658458
12651,2.4604165475500146
23510,2.3488713663547003
20662,2.7002199212316462
2983,2.7489351719783794
16514,3.0225129871402108
13409,3.1357009238721543
24364,2.9125689673892694
2667,1.7838854262051838
23522,2.9231410102373974
19607,2.7226763651948493
9374,2.6032125906512085
24077,2.974747302295068
21776,2.8027885522328932
614,2.1973656973647837
19945,2.6562522251735414
17850,2.7691015044213363
4497,2.7679693235557363
19426,2.7040537175942596
18803,2.3232486655881144
21469,2.7161704447299333
3294,2.8896891192857126
6737,2.5326050182904725
1500,1.9133170021009276
9018,2.0718577044650703
17905,2.9127067551912686
25814,2.4698334203454917
15023,2.5932517162726594
11122,2.6207354024422167
4232,3.1290262573575127
24070,2.9709870787524
8820,2.90072775426397
4430,3.024553739327401
12045,2.9882302996010774
16774,2.6345124752542444
26814,2.9132754270123713
23508,2.829785855001074
22297,2.806381257111982
12182,2.80457400165324
8592,3.0775685331328324
4806,2.728968761129323
25589,3.277446537483039
24622,2.7428906323875224
13849,2.700980229397116
24428,2.780951445012383
25064,2.8664559203401
20377,2.7453461818752967
11918,3.0048731142473377
21771,2.689539202171688
22993,2.85850985145776
15896,2.5517965995065626
5319,2.0632779514993724
26788,2.8325821733988947
7119,3.015418126630304
2421,3.0223254967830244
21988,2.1269963603021447
1750,2.5775355739793437
11344,1.755642423010561
19092,2.4391899805291812
12254,1.9444120647030037
26622,3.0625949208867653
338,2.5729453632178334
24791,2.729568479718896
11855,3.196270099757798
1341,2.6704226904916477
26394,3.1660115902548966
24366,2.8316892345417735
3640,2.8130937202418416
16713,2.660332781156606
21520,2.9314784451037825
3004,2.6982587382962375
6960,2.9168522977851445
4090,2.7619412629033304
16314,2.931611328778929
18706,2.8521221760008806
23051,2.8281535242962907
23393,2.871580783444939
20581,2.552084684128218
19933,2.8011781242913125
9650,3.195891706074462
8363,2.7467386169178734
20587,2.8069987065587
26085,2.727374376863126
12418,2.97224738594333
24354,2.724384299743391
13350,2.6838062025237255
25646,2.590135062557444
22569,2.702605689793354
18023,2.6161043982613985
9130,2.8442658899608837
60,2.802051140226557
1240,2.9954392207581786
22144,2.9101600073174962
5136,3.1809665154113014
2343,2.9199393616260916
15048,3.036051038761536
2120,3.014160221582612
1524,2.3670176612386213
7617,2.737395613150979
153,2.8346517791415575
14536,2.02800692122141
481,2.6870225669862347
6122,2.265522730477652
12652,3.034370242524489
24058,2.630524345452482
23485,2.731085472427633
12112,2.5502759441297123
15850,2.789280163082633
1762,2.8071871542297937
15826,2.5642607414466885
15507,2.628615542473861
8942,2.5045311802558072
7715,2.8623751325838414
21792,2.724261728906771
23863,3.031001828530418
22596,2.7511585837063626
4853,2.8450627310320344
2711,2.873681465487545
23150,2.6953420178746397
20534,2.654204309925552
17717,2.6054669830313313
11046,2.6859622263002443
24762,2.6914861067366127
6819,2.750392749326311
24063,2.678535218897809
21799,2.5891880456932825
20234,3.1577378643567
24724,2.6316645567727424
20508,2.341599511119078
13081,3.093298518855525
21874,2.7067155199485056
11555,2.7467148335125415
21172,2.730458629427365
19250,3.0267121225105034
17770,2.845950818568761
5941,2.7103049448305545
3067,2.7663472589779983
25738,2.7630549853187905
3629,2.8271025272832673
26279,2.1714667749072745
24027,2.8204327509884064
3028,3.0196493957142208
2969,2.6313834062018073
11664,2.7640631734819388
8646,2.9590643376936554
15156,3.2684296417356187
22520,2.8402905787722608
25802,2.7655723820768943
25185,2.952562260052414
4263,2.632598352991474
17029,2.4110376895324706
15646,2.9567227766242317
7992,2.698930937402882
18458,3.1263005648459057
16725,2.7049628498996494
8041,2.2708706187420646
15988,2.4759135990137695
1622,2.608865971746104
12875,2.6760045706221
23525,3.0629408284977093
22180,2.3722886845264304
7184,2.312623552958452
24616,2.618947273966595
5475,2.3379461484672976
23365,3.090238347863983
16458,2.872708135266589
8996,3.0592384824042913
11372,2.664785665790184
8633,2.8931772032838676
23193,2.9600342163037148
18435,2.7867540841533676
18925,2.7693064787959423
17685,2.941510041108844
22261,2.856203815442869
23752,2.7966847742133365
1304,3.0869350305100216
8428,1.953071252788805
4033,2.6218622176835025
2599,2.961835825699028
12808,2.9956474688721224
2573,2.2314010472507446
3186,3.0303791231977155
19152,2.978943606126252
4831,2.515973018280015
20607,2.8201009398572663
16086,2.649457219486556
24557,2.510260039350076
2106,1.8421632639972372
19063,2.7584914825844726
15517,2.9906232700641056
12880,3.127169373079345
17771,2.662279283969823
26568,2.8224323565256833
25553,3.100914605790372
22370,2.690926192404728
7083,2.7950962561250976
13192,2.8557372378479395
1279,2.8345898464835124
13221,1.8521724281831857
804,2.428244161031725
14596,2.307262025102959
17939,2.564306252786705
20875,3.1326940505659184
11382,3.0961029429725735
4566,2.602841924558018
26562,2.7153210119876583
15358,2.958607395577383
4841,2.712037463736929
19978,2.8503989146359827
22419,3.1867489695152296
23236,2.8819471781692685
10112,2.5632704857155937
8705,2.7428692927670295
20561,2.644041001861701
17692,2.945092328288761
13859,2.753999843403424
9106,3.1194037951973277
3452,2.7137586472699673
20079,3.0553016077752386
20626,2.6160443691354187
2198,2.3181699337484556
16032,2.530598286463708
25350,2.7566601113627547
4425,2.8114114172410085
6150,1.986490345235303
14289,2.721575985741736
17327,2.52136653719278
822,2.9316129949636034
15070,2.752092418305999
21389,2.5922717951521994
22996,2.684899817317252
8356,2.7484154341605826
22003,2.6872635939287495
20931,2.349173717859806
12175,3.1587035267512418
18922,2.381975325968233
15149,3.1966063927179182
9503,2.9391255750382226
21591,2.4256298521828152
26354,2.963542788444303
25665,2.7884977604398835
13575,2.766138906797855
3054,3.0883167840470116
20059,1.809170570634024
24160,2.7656367133446924
7218,2.8157887318276913
6722,3.0022177186575143
3300,2.8825461906083736
19694,3.0217785871900915
23605,2.4681842290161358
8519,2.613381255269233
16380,2.569103406125478
10682,2.613445979767095
14295,1.5273820198676518
22338,2.7241050784835052
10998,2.755983622819261
12600,2.6237826876283763
17216,2.719566665701659
11271,3.040121355254943
26725,2.8085242373842396
19846,2.798229803700602
7643,2.964190884904223
16438,1.4186213105777161
14422,2.961936460840534
19835,2.8381386588294104
22689,2.6181945344568516
10093,2.8404906928197993
1481,2.861446997585889
4873,3.0991898577289727
13087,3.157733793494285
16002,3.0077813728072553
8038,2.661190052967525
12342,2.4714922211832713
19719,2.8824902867263003
22400,2.9659045945592446
21310,2.9414370325728934
25522,2.694448562152769
5797,3.49389542624681
11485,2.941106440057253
5232,2.3031593200148164
21467,2.897215876552529
6645,2.8188619202869507
15534,2.8380407907866902
5490,2.369104397895462
768,2.8977084092336924
18449,2.6238115537984514
23570,2.672133637378965
7311,3.110976358701997
24861,2.521893160324847
26917,2.825874812570201
20908,2.7034873987682637
2717,2.610507004364619
2079,2.837954060986551
25298,2.8315029654207913
951,1.6669343082493027
24442,3.0259257747413617
2482,2.672876142953253
9181,2.8877921817143473
1759,2.4528638729269647
9984,2.5916887491030183
20806,2.908514120843678
23088,2.785393573481377
9916,2.9710256810264863
21566,2.4009078303915388
24917,2.998880326564809
20085,3.0797910705582154
4243,2.9723725072778846
17072,2.596110381849939
19816,2.839028467214418
13395,2.737367503866346
4944,3.1061412334292697
17350,2.5372778414126196
5588,2.0706620073130733
16241,2.880136248786367
10395,3.052060363622118
19097,2.942715399632217
4757,2.753565265666453
4380,2.6950679479695543
22704,3.194031029994735
13472,2.7402019189122293
22359,2.429903716075286
19956,2.7859136888949103
12997,2.628922069680422
5299,3.0308385245615734
1990,2.866364610672534
12312,2.7445653747497487
12951,2.9017740433763968
17589,2.214588181611022
13490,2.716977109089186
4971,2.436916950200395
26634,3.0045160377334947
13226,2.900668859251593
6783,2.521655578390218
3600,2.8864330310642377
22874,2.8139592783208474
24993,3.0879627837008425
26971,3.0451725063295805
8070,2.9731658962353347
8577,2.674985396757666
7973,2.1052926370570595
10314,2.7633054538765034
1625,2.803903823314076
16920,2.9762806205731676
25150,2.9416463915997584
7970,2.8360231061611163
13224,2.4536137623656886
4212,2.8559722399214467
6456,3.0207175673751316
19891,3.014991245378171
24777,3.0071212553647846
9524,2.9247788585472057
23496,2.7976154708177594
11694,2.7725607293671866
2708,3.0405189198686475
21415,2.9093970943173137
6514,2.4257686232935076
4662,3.056701982495479
20405,2.9502596424969854
1854,3.0028384502604313
3072,3.096749503449729
19256,2.9627321839161462
19414,2.713373791315575
14755,2.876321882461231
1645,2.176865131967588
3417,2.5374058357671507
3476,2.4270771915512817
26404,2.8791674885338177
11053,2.251012248945067
1792,2.5590159044249265
13718,2.980746264753574
15114,2.8685827566199174
3797,2.6875485408393467
3368,2.3965641837812655
11559,2.3590054670076968
7196,2.255175109244964
26525,2.8958108529776685
21493,3.0818479817726656
22408,3.1058892692840723
11641,2.9186374740101093
8795,2.7591455163212553
26062,2.6829796698704964
126,2.685571188997446
5959,1.8724794716972109
20260,2.6693287517396787
13635,2.6823115339443904
15343,2.9219829683049205
4451,2.718061645108609
7147,2.6617164370965503
19915,3.050963305712979
827,2.4157050691068114
24174,2.7463369987383857
26513,2.803820158594788
17368,2.7864084107221774
11473,2.7585514291755784
7783,2.7892325482874223
10380,2.842349412204774
26440,2.7729421702995554
2443,2.786782807270179
24938,2.821313099417222
10541,2.579210155373717
16729,2.6594225541451753
814,2.878842062840328
22550,2.9744362322883204
12999,2.7248271944627294
11397,2.5208725815842583
25762,2.526433551540102
26705,2.7274087658963153
14153,2.959291191911247
12298,3.1393016187350726
5779,2.1902071265168557
2116,2.6344141729160904
793,2.828717145537998
10147,2.7354890283003375
6898,2.8593824533780654
2674,2.829615557949989
16478,3.060998036842955
15770,3.166235716175927
20609,2.795494757690023
3756,2.9942818677794287
2891,2.9896332172701023
18755,2.6865635919407373
14382,3.0447590380600644
20103,2.2552229801458505
3228,3.0288346632603886
7863,2.5531955904960224
6359,2.993330451055462
25931,2.9268584301312304
23710,2.7621246508834805
22412,2.5687301268472305
13429,2.74821518168181
11104,2.7195239541110334
18249,2.843922780889054
13946,2.5827194015481587
4612,2.972974086399286
19029,2.929289998617327
2243,2.3353471044830925
5373,2.994180797014586
2336,2.4066891884653363
17334,2.5907674511108434
11260,2.997390121007377
1120,1.8220018731158583
10789,2.5259935717131756
18588,2.728008678896901
419,2.5770153152766406
922,2.758293000709644
9446,2.5462921113035684
25053,2.6978588007647497
5408,2.950591357500263
5788,2.589560996406468
22126,2.702318009448239
15374,2.647782382365051
24051,2.494745822644614
21951,3.102327811688251
24519,2.913517817220317
17586,2.8958034831862545
22149,2.920873961780828
8389,2.7447447958398232
1970,2.3654022880807393
11302,2.8322041646546645
4018,2.640804864743624
3687,2.8679493022666938
18381,2.944875936634921
20417,3.157376664378305
12790,2.8615679218653036
11246,2.631002928973216
1248,2.6189880068185825
2192,3.1611893687837265
19096,1.9919102184458461
9184,2.6995248654446895
18574,2.1870524761180015
4670,2.687429805439555
21526,2.892886456655043
5984,2.9465255723711
6565,2.6764749888054675
7804,2.689653809081475
11954,3.0443786109843423
6943,2.3352099815591845
9510,2.7507374302707817
10535,2.8567561986127656
18520,2.965174334992032
17449,2.7051141439546655
14060,2.3796217847679944
16984,2.3277462626895375
20611,2.6844546313031707
7577,3.0468129829786457
77,2.8088628043012576
23930,2.071422634779227
19282,2.910435975096654
15524,2.9237126773926443
21204,2.373436609353788
23325,2.59352252584399
22797,3.0626928312267823
9064,2.7936736479103965
8007,2.821615362649291
21852,2.7000189444682494
5951,2.32468892433792
11157,3.012306743287719
3391,2.9482753399845634
5415,2.8891496881390455
18944,2.8480110245185495
8162,2.539638651130379
19019,3.115129209453157
5256,2.7928643492554057
3530,2.9600927351301625
8567,2.5881464844631075
1908,2.669312504145954
26020,2.607659031504311
235,2.689353887893602
12219,2.78534208751524
17988,2.744408449762963
7984,3.1558971653393946
9310,2.762048747472411
3490,2.7896188741019676
14231,2.7754780944166932
18378,2.6061514403484014
19208,3.141453380207987
26052,2.742815008320587
10568,2.779187833308904
1342,2.830700674929933
8512,2.920781875762446
1619,2.8181337916584113
5287,2.970201614948179
18444,3.0221155746605195
7041,2.8254615761301225
2219,2.8492958002063142
9865,2.8534592323234667
22422,2.9502884558202154
16644,2.3048363798656917
26161,2.7307011409827324
12977,2.73757808145746
25477,2.8421596003616467
20128,2.9180219035148003
14594,3.0904375697013533
18410,2.2287120966233096
6988,2.2626502203214853
20618,3.1674859253734757
1917,1.9876766765151077
1828,2.9257137813617202
9765,3.1911110327001726
12607,2.7859288551458907
12941,2.972913567701294
6233,2.6455341597318114
26117,3.009256639853091
6283,2.5477430243265418
4208,2.6264371421504986
12819,2.5560413553638424
16608,2.7872384564200394
25299,3.0871205070770644
9333,2.656052971660617
6469,3.17511414985659
26224,2.223875496256952
13746,2.76241936436101
15385,2.698316217896293
13703,3.082511362320556
10954,3.1814664743758385
846,2.7069815248835716
20673,2.6537679218643726
5560,2.9104024740206476
13234,2.9088369234379505
14309,2.0225779776806267
18935,2.7298987063541604
13917,2.690779354516117
117,3.2150064357626804
8837,3.1722434792554437
22350,3.0333982940495443
24579,3.061646895353342
14043,2.83638690863635
8659,2.5946628965810397
23873,3.2105512062293506
16389,2.611819987625038
5342,3.095660070562388
9111,2.344232945312072
10787,2.0731606132884415
4324,2.9339588151452594
17447,3.081590736955339
2590,2.667424182472275
24818,2.745352296532168
13046,2.3333560528048114
25736,2.9845759891728214
20119,2.959934406336127
13918,2.744689489867067
10589,2.739782364300412
19901,2.858660175470497
23370,2.5110814321124755
11613,2.587501010776502
6767,2.616608599401577
5622,2.7135857616825008
1605,2.927019617302323
18117,2.390687114555448
26129,2.758451693686762
25888,1.7587051331392765
3812,2.861662935207138
14277,2.4161828065132958
17260,2.7730074335012462
10554,3.011168624314406
10167,2.955461499912953
1761,2.688541470956151
15679,2.582927249836586
21785,2.89118079976087
19123,2.3220341783602447
2472,2.9157308497670975
15913,2.6743392174974727
6738,2.909205895543685
23275,2.5212027171878733
15728,2.9173622640495496
12199,2.684277446114529
7943,2.8167888125541376
12910,2.315709411359325
14369,1.8901373622143676
20590,2.364060061626894
6371,2.410748621069729
25745,2.7955423353502353
16616,2.781810627249086
8258,2.8979662639365045
7561,2.997269179531887
9795,2.3105673958249535
6168,2.940345271059324
11475,2.8823330359839
3596,2.653632197104108
6288,2.6865795779678896
4632,2.8371825251558063
15147,2.873935452550444
16509,2.5265159607219854
24025,2.8896371422673495
6229,2.9204642110004237
17680,2.7112021225069185
18360,2.70298839088717
26750,2.998790646481202
26270,2.7960438208058873
10267,2.9842974506388957
12772,3.1144596590881473
5750,2.910959479092181
8152,2.4252129562223246
13503,2.8860408331241296
3086,2.505739038858298
1906,2.5938553365058845
6882,2.6805396044038643
26980,2.9287436052082527
7673,2.7787456011099954
19729,2.6121534669965767
8172,2.8684194547673103
26234,2.689037598566682
5870,2.4596011325052998
22890,2.410077895423951
19181,2.3816643008584384
17302,2.5685546713202356
18030,2.5858757724040338
5122,2.647954569166122
5126,2.7036943246124383
13623,2.879828374524629
15034,3.000850803730354
4621,2.9215595629876843
6809,2.979082954526399
16748,2.8028311313263656
15745,2.7949911604083413
11479,2.7913658221196456
2125,3.0080121781884865
8150,2.997221762941665
8717,2.9513946349744726
13013,2.791532883261088
55,2.6239236040385707
17022,2.1814481535652974
302,3.0086706445319455
22195,3.0873744573662125
17660,2.341666414659413
14178,2.7285303983823064
13568,2.7818427805286428
4432,2.287073482792784
20028,3.0230040525464172
20527,2.993133156666612
19262,2.9658743317628145
12394,2.916865857756279
22877,2.53376499827373
10478,3.0464821333640466
10453,2.6998718485992015
5240,2.4525054994840367
22574,2.827141403221439
10488,2.47556218291628
23321,3.0074674827420695
23624,3.049075828827617
16282,2.037145546269814
14124,2.9218777392645943
10160,2.763155781918315
18977,2.3723743098021175
18777,2.8152233973893743
16907,2.873535708601471
6376,2.9361834064740333
6981,2.8633719322935836
13716,3.0432634034959407
23061,2.9377520436890086
3900,2.867867917545488
26517,2.8133252183755855
12891,2.485835884255861
21969,2.7421973463690246
21508,2.8021467557058344
24340,2.7926687526386984
23954,2.9925555618031012
11314,2.58313244270336
23161,2.2059460395998642
10161,2.4901631581513555
17055,2.7035880154636014
4188,3.0566010982961433
666,2.9548671690232977
3266,2.377983129308843
18271,1.8765587482356814
8472,2.042248494136051
9911,2.9616657204463106
12647,2.6724645108099976
25475,2.818709696740474
24071,2.9584232229975544
22415,2.9167171011943185
11637,2.683196681085579
6090,1.8681691353666057
6238,3.1589568026603265
15183,2.695741677966689
7350,2.765043772824717
24214,2.7152563787134527
17144,2.831373203848166
6254,2.8929655805005696
18290,2.801727290419519
12234,2.7682031972335963
12015,2.51050869147122
3818,2.8083706595548206
6269,2.9201782781070222
4300,2.6347619700832166
5569,2.805820219406986
14388,3.3251069921968375
7941,2.9288509184966642
4164,1.950486281075591
22355,3.118981259268068
19963,2.8695836887959576
19216,2.9059697237878406
21833,2.866148632990179
19856,2.8417502198398905
22711,2.499413576050689
16521,2.6526279347718895
7043,2.724207431232271
4892,1.7209555975130888
18564,2.5858773045428474
10320,1.9924425108617085
24114,3.0394276882136015
19561,2.8822770274102676
4854,2.7427983781479237
4637,3.0856854804694183
21499,2.9961294082531627
9550,2.9836978670201817
24032,2.8031698417380326
20645,2.9021686371207758
17715,3.026729918952423
10209,2.5551430913094246
23386,2.6125166169794825
25934,3.2078210982313893
6941,2.4682117266695034
8017,2.8319551229508204
22625,2.6791873022374797
9521,2.5603544600132677
6949,0.7515466660335252
6881,2.3752743469077515
13051,1.765477359533553
15781,3.1407026955940234
20914,3.0236885063800516
4673,2.0535061183937358
12173,2.731890499902579
6996,3.121868151706704
1252,2.8765389985476766
11470,3.0921784981188867
15254,2.491257965514392
19758,3.066475028583801
19198,2.7032118003194006
21103,3.048900301603988
22928,3.1830488254079845
10040,2.209343061963855
4858,2.5646101501187832
24285,2.671896625456643
8580,2.8333162845114463
8427,3.019198901842204
17461,3.093417120338103
10176,2.682656298727659
4363,2.7543808716302047
17154,2.885079896008059
10357,2.682191581078407
25249,2.441126404813611
16633,2.6100411714524845
14489,2.6706608998084493
7239,2.774784788618228
14430,2.696075740081818
3419,2.949994584739363
10015,2.7555590520446493
26466,2.6962996036311555
4976,2.703930136005821
4544,3.0595203736727354
21949,2.967712208532988
24323,2.5915543083983335
17100,2.6537116751798018
21164,3.021089234639146
12338,2.6669636048313126
2048,2.774943061098365
5997,2.1070549152965574
22984,2.0270317340946904
23629,2.6555854662684437
15444,3.0779627819802107
13456,3.0676410639904095
20562,2.599600586767527
4809,2.7614342033551695
10916,2.159739784950697
3636,3.1305120131875843
23524,1.972896139000632
23574,2.7189362091909315
17844,2.9167146719755874
15106,2.3899424024884595
5989,3.184696294342866
9860,2.5383823092789295
18384,3.1781564729265415
12763,2.849924498292891
15158,2.7704187380639795
8175,2.76562112466765
404,2.9099163334637574
384,2.5015327685153266
8702,2.392048215663012
7266,2.6364706334858408
10344,3.130525502114999
18017,2.9770101662276156
20384,2.371510399322244
13772,2.8267772549059886
21168,3.0802424971229
6938,2.7345747501425217
6970,3.0752384913239528
20309,2.2552668735248504
4158,2.6770093503050947
23833,2.489801045517905
26331,2.88057735519119
13550,2.8021121026938824
8415,2.680480889584618
2193,2.853112366820158
1015,2.5847316064609087
5124,3.0052289722402583
23802,2.8021260997840236
23793,2.595849064455194
25373,2.5106559321055983
19255,3.1081039935883132
9,2.9676876943368997
10136,2.501853569525742
18222,2.442593685221343
4804,2.9584289398721295
16639,2.906408616261891
23410,2.974882688796463
5713,1.8849768631582975
12677,2.8666281201637593
19708,2.636723184257207
24098,2.999716713638736
1581,2.8303826661849514
17308,2.411219233847227
2779,3.1779569826728813
24275,2.797546718251123
22516,2.6904532184928405
13216,2.852036206009394
5320,2.6904127692013127
7312,2.7626046743489274
23486,3.025071137477341
14837,2.7696293965311445
6042,2.6582904092346045
20159,2.7475955636164167
4835,2.758528287611623
4964,3.0666284151778087
539,2.486738821368008
7483,2.3204466183981407
19129,3.174761805848336
3719,2.8200511428711166
23203,2.7427686201688415
13659,2.992364156034082
9337,1.557447769621325
20852,2.5902033444514014
667,2.8333773813287735
23959,2.9280501460110417
24933,2.6508444324864624
21447,2.75015104305847
11023,2.6911055061963705
10975,2.6081915177078856
1353,2.881239464677887
13323,1.4154485038622058
7114,2.8168171589707938
24504,2.8928756175147754
8662,2.723261976870792
19087,2.852299221383997
3330,2.9047700630446847
8053,3.098856747821591
11829,3.028927418099086
9588,2.194427595229126
19968,2.263336456523472
26262,2.909759145561121
5645,2.5778153031344373
19760,2.895857778212808
17640,2.3026690006937374
6190,2.615202446954531
15761,3.1670531976119793
11704,2.8080557403811266
13843,2.881991171433465
25826,2.3737027108536903
21732,3.2058235574540714
11003,2.954863499265354
20559,2.642109013545644
4910,3.1094614807197756
1852,2.3351164037743914
22700,2.5467356701172696
12972,2.613087161672317
26805,2.4303265508474556
2105,2.7311339663424605
16517,2.901403544721603
13428,2.8990039152934757
5029,2.927381916570336
17312,2.704281830671126
823,2.7005478068212847
23960,2.8133234403357386
1531,2.8454556312588166
1214,2.6501906416416285
504,2.0547728011153645
14683,2.4370426343601523
10188,2.5458898615331114
6530,2.7577206088440445
19456,3.115264673910862
10150,3.0648074250716117
9576,2.704490783877796
25470,3.2036708829009735
13116,2.8114111973480864
25031,2.7494909586345915
23003,2.4845114414814056
25657,3.035453804390557
3709,2.8698990887091136
26447,3.020487058375765
21233,2.285568539390814
4748,2.81790810505621
20652,2.7745799614564555
11714,2.657600207515478
15485,2.248414246416916
26839,3.0743884375748496
25289,2.8163986536941796
20570,2.833378729056363
5301,2.8537169916015355
19307,2.7322819454680856
6588,2.789223447609935
1810,1.5823720082386843
19870,2.132658613263713
23803,3.078503649873962
3141,2.6984911077753218
25731,2.583923102579617
1324,3.0018347910401646
4312,2.423726247491449
7494,2.8993290607609254
25086,3.0940613143403857
26256,2.889335903504998
8691,2.8970986874729827
26335,3.1523131585527997
9580,2.5111917694061896
13807,2.8673480033762977
21925,2.4128137323795005
22556,2.915378895572847
17924,2.3197145135657626
25793,2.8460840235566973
19065,2.981522078694091
26843,2.869621887626283
6313,2.6527747184583643
17575,2.9684513777138553
13964,3.0533933205887616
21677,2.694653128463132
1542,2.9104666128012515
11493,3.0349977233365784
11516,2.976914571373229
7056,2.3785208932460318
2539,2.9707153546276137
17337,2.919451381145717
23625,2.784375298669274
15368,2.471205852158757
6731,2.7558127100129735
4846,2.7026729798968505
6801,2.8383515956925933
24394,2.9073104358865756
4330,3.119160458524051
8924,2.762181279548162
5334,2.828273780785422
23714,2.875462077525298
9348,2.7345599732995747
4729,2.5873797802161476
22925,2.4978411789140584
11174,3.1894267716872813
21689,1.8521720382145201
21545,2.9447976274362992
24244,2.137888776985912
18540,2.909346468984237
1062,2.9927804047189976
1167,2.8917812406875405
20020,2.5257420483885626
7651,2.186434457053355
21972,2.916819775219707
11130,2.84370100979967
23576,2.3330691089013196
4491,2.9788606194720537
23650,2.9406070228454086
21364,2.7938758884731647
8335,2.9873145701871238
5486,3.0453145968378514
21330,2.8995524590499695
19166,2.5447467641007555
17101,2.4684558614212313
2502,2.7366897386696465
4360,3.022775650457019
4171,2.259899922575177
24466,2.013951644868567
26680,2.5170988672106174
16779,2.997534564759944
13923,2.6463923552623028
14512,1.8240453595655142
7186,2.8574594508416866
698,2.5183140875373358
20876,2.6984537435388187
17749,1.9022009409509681
26369,2.954851334095402
14191,2.9058547364143807
8787,2.8415454895711068
14397,2.7773316497239016
12144,2.487428181307449
13584,3.0976322617766345
22301,2.9867878905526934
21352,2.7582155939757134
2914,3.0770363245787347
14552,2.59482506812865
10518,3.047741933710329
5644,2.5436290402347015
20150,2.858038900893574
3440,2.9982622620239225
12043,2.445015205369318
7357,2.4853361162659064
23190,2.8611074187262493
26263,3.0578833708282063
2143,2.929716383960797
5104,2.8095956904629826
5073,2.6609885679362653
17955,2.4729343115083964
20463,2.8483014472207615
17506,3.14179250549262
16048,3.113830890740497
19170,2.80970002317009
14527,2.6667620174860853
2967,2.9705929603699954
18888,2.4964469808544165
5988,2.1285151911591056
11657,2.799261077126766
25251,2.7050225356809787
23548,3.065069494232388
728,2.6931014524861077
7587,2.2001221097402133
7543,2.7131457491808515
412,2.8010988600415465
11338,3.0200254145954997
26092,2.9730846224944387
5745,2.9634961409178247
24052,2.832170143364623
17209,2.8668834587904515
3267,2.6817319792529566
20358,2.6386093227097747
8808,2.4997759717069017
24690,3.0097098226331314
417,2.456086057387389
11261,2.716082433938956
9817,2.7124831487729355
15305,2.3132606345857387
16281,2.965720703502979
23132,2.7714388295458994
25351,2.734370064343729
2082,2.737478354368156
25329,2.6542037372522427
12161,2.5429327119017464
3373,2.289782597701215
5726,1.3488815055988823
20491,2.905516876405725
10636,2.7099416373651763
20764,2.6917832053561352
24107,2.0609764865537126
17450,1.4390254544936816
3913,2.8457690254564616
13479,2.8335969397107963
5536,2.747362736266097
8002,2.760557335078666
5387,3.139651110087784
22116,2.5353604498200872
2738,2.6528062876102627
5052,2.7641034225620755
4000,2.985183412050507
26144,2.9600607396410115
2427,2.2744232286406723
11938,2.674147935239295
6833,2.961991483706909
18071,2.89506757929417
851,2.786741834295305
22687,2.7729701110207916
25471,2.7785278306538954
16347,2.615716393718468
5878,2.9541181162073755
24911,2.6128228950900665
19223,3.0642752947296032
4611,2.2682480836718946
16364,2.3768139397992174
9540,3.1134121005366797
9207,2.7607021849852265
9823,3.000245514508992
2489,2.7289358356942746
11922,3.0480247555911286
23289,2.745487331648201
7390,2.411033754592651
2849,3.048781885114953
14069,2.927268653418335
23049,2.474892175362542
5881,2.835846761067827
4452,2.973768251183613
26333,3.052788634568559
23805,2.948250627353414
26211,2.8132906734669594
22868,3.151300622269375
2479,2.7678034609188957
23001,2.528696196684968
10457,1.0504628974754433
11151,2.506551022536288
13245,2.482613622891916
18525,2.4808168150679983
13296,2.803314216319075
11310,2.9668116006076115
21572,3.029628771036781
9435,2.997757261896451
19128,2.6776071237015224
7253,2.93126223024229
13284,2.8833270826052027
3506,2.60528542315857
1679,2.9507306921849383
20633,2.10741876889321
19531,2.752803143666989
8130,2.6445333454888877
23388,2.6787445141636783
15125,2.479663351090725
16964,2.9921972500652516
9662,2.604356378081007
20454,2.8029756497283924
13500,2.6102726962789706
3343,2.9547692375882826
13184,2.5514954132362835
16244,2.46560760085659
23788,2.7523540392219643
12775,2.652165237824506
20056,1.822058380782673
16943,2.024287667738642
5237,2.9898409326426303
7805,2.2728713768964304
13407,1.9829564749045858
16896,2.7536777510159403
1081,3.0030006376434306
18048,2.485861961030037
9204,3.1129484401686547
1931,2.1381352364471806
23944,2.757808532868027
1150,2.598639076507566
19222,2.4836678480666476
5949,3.1105427566445676
8308,3.1025543026860185
25316,2.4517816743351943
26718,2.8436892794594093
14262,2.3007978322071247
5177,2.9446951111777393
14098,3.276965313144989
17214,2.8850690202967857
8311,2.6514986788433936
21136,2.8550568214468917
26258,2.659657474337624
26628,2.868209752191945
26920,2.8169033668814323
17019,2.7910886317795214
4465,2.9722942788746054
6799,2.698939147261497
7987,2.8606780914574776
7079,2.746795309046493
6966,2.832744241092412
15202,2.8829617960717604
4142,2.7915513177521265
23411,2.7236477156863055
25567,2.693597928571087
876,2.664080250692465
21253,2.7908236712938748
21699,3.129484441570457
21606,2.7796587255445404
16388,2.9246465119177647
15979,2.762032143024899
3051,2.659418292969627
22075,2.6267219560899626
19508,2.978044828395248
14599,2.302946053655451
15328,3.1862484302151626
2491,2.8734819256159656
15338,2.4561714736026614
20238,3.024202961828729
4777,2.9194220311556793
9907,3.1016386976415706
23893,3.185051390565616
22841,2.8971098010497163
22677,2.794921830663614
17532,2.898991831589546
16958,2.8979251623135602
20153,3.0746625521789634
20530,3.0028162352361094
853,3.2068400564568957
10966,2.806985373800128
22303,2.570092144818595
13121,3.0132245987954
13403,2.4469910136908877
25742,2.739475524316773
22998,2.749539883453089
22386,2.666848464992873
25547,2.6745783911703915
10893,2.7299250268772957
4495,2.5751568954121193
8173,2.6023893060459082
6655,3.190568599858386
12039,2.9332235134835667
2368,2.639612822848925
4780,2.852820438555228
12323,2.749805649811239
24376,2.9401742964413087
19334,2.9445737402093153
22009,3.1115996374619344
23355,2.143670481168874
8716,2.7341008452060995
10647,2.771077584360899
18225,2.431764405282887
5986,2.7839144589493268
16921,3.0673296606941234
19190,2.597033247947244
5801,3.289787000868976
21980,2.9232785997133375
7206,2.7508707764462623
7343,2.639165376808462
12533,2.9295388235321314
7560,2.821689169169049
8096,2.8411758685283246
784,2.361934521896935
12249,3.208994202994369
1409,3.0770813876066283
10729,3.1777878725692332
16538,3.023801261333422
24190,3.1497730736874026
3009,3.1074822267744806
18070,2.8746651264939516
11093,2.7136116765220217
4014,2.228849995167486
7455,2.6718176903136026
12913,2.764322224954257
3863,2.789110827408505
19117,1.6798526143717525
1895,3.031483607602332
5442,2.9331234617244863
569,2.990375442615311
23093,2.741360850291587
22238,2.917228433442653
1816,2.7571214639795296
24703,2.8539965309044795
19778,2.64937662955082
19711,2.615976134606799
26975,2.9762250307990747
6102,2.8878335829530988
2975,2.783780963618347
17364,2.659296916318018
10492,2.1189324172694817
190,0.6765262172712668
25715,2.744015842551868
21472,2.453257305525111
699,2.6377144243306003
26679,2.481671653613531
16990,2.73076241384951
12468,3.045053336741986
301,3.005471968707059
3420,2.567494375653521
18711,2.693583390316931
1060,2.329690883315575
14434,2.8277596022774656
10757,2.090754956856961
3444,2.800580571056344
17453,2.0614411261509495
10716,3.0671475667023063
18589,3.069212420735637
25819,3.0833252326259015
23723,3.1437550769518157
8208,2.970494974777649
7679,2.9384582616025887
11312,2.9271789501948415
4642,2.270658531080348
24067,2.7041299995729773
12946,2.7022345799294207
9007,2.914472446076329
7996,2.9844623471876153
5600,3.279348951286187
9151,2.6642410096712883
7022,2.7388395872198443
21277,2.9715925439432636
15636,3.136061156609428
16609,2.7879911445090957
19738,2.836796539167126
5895,3.172834473947023
10677,2.2661832235786763
8754,2.8925925709493012
3436,2.800473334750762
14565,1.8676471286378302
14373,2.760739920220095
18077,2.78286087231963
6893,2.892586689162208
17429,2.7622934487393245
19830,2.7179486184975428
12757,2.5979087452184126
8050,3.0522365656774992
9146,2.637436676859593
4555,3.1364819022175863
11296,2.537837726857183
4735,2.523781039980232
20880,2.829717880623012
1218,2.862997290797368
13446,2.7175205040019264
22399,1.760718352175958
26103,2.6588732633456234
3987,2.0160897249626837
21295,2.814890665668745
25876,2.8624794454795275
20877,3.043904185097998
23328,2.9376860680007018
5699,2.266317981865002
24736,2.869041833879129
13992,2.6763226061320706
17340,2.8635212776372176
2869,2.4890364694148905
11969,2.4450333863446385
20817,3.0302660366705716
21357,2.7267009163583515
14207,1.7034399124009263
2961,2.9715891417806315
14172,2.817884484620198
2200,2.8452330020750325
16482,2.926439158528886
5592,2.585383829361993
2557,2.839335785409189
15586,3.1354625481323644
24829,2.6917466840710675
20583,2.5013216963210745
9637,2.6109137090224546
5539,2.7169561633702513
18032,2.6008403777513074
12874,3.0499841544034347
12183,3.0755146422061173
26272,2.450620514128494
22581,2.645558019055207
6295,2.459294138507569
4499,2.8298371285777244
1154,3.1024266689682376
18639,2.9684575230831873
15151,2.36541788503638
9874,2.949370971052093
19554,2.9490917027353682
7400,2.7835367143769636
10248,2.9243648480239517
7158,2.658777091828759
19492,2.6566261781190206
20932,2.159491822088689
14589,2.287348724914501
5423,2.6280355918084086
2049,2.721289749473217
13168,2.9757120951980194
11835,3.130261783047568
16371,2.8592052735873246
9208,3.044379177128326
25199,2.8667762557817014
26731,2.734895571368923
14075,2.523188078501344
16646,2.907911974901513
20445,2.4288378904257626
21918,2.570279984655584
14486,2.925562290180256
14257,2.56497569443087
6616,2.825633470580536
8120,2.8422626874751913
8155,2.6384863726217826
1802,1.7307323107369104
4736,1.7503212033614184
11111,2.8053852577562024
2385,2.5860644980878185
23078,2.4462723780287434
5759,2.4450554724782663
18343,2.8633782587793037
19360,2.6939138666012417
8680,2.6328799807054692
18227,3.024465428008884
1734,2.7788959410708545
2911,3.2173127278795337
11411,2.9436289797413244
8338,2.9832491587876664
1986,3.0070706038016075
25945,2.4160437799374512
6546,2.6011836679119065
14243,2.999808767385412
23482,3.1134523862925474
2811,2.609867572222383
17043,2.9100999828272918
26370,2.687370772901513
15708,2.7791720232167623
18895,2.70738908067876
11589,2.6523523043205026
20666,2.59370027312066
9339,2.9879921772405513
25184,2.7785828742247887
22671,2.6714310765271603
15087,2.38443197948719
11774,2.583016653469669
1930,3.071449075232271
23509,2.5891614581983844
197,2.6650185332598646
7777,2.976098174958408
19315,2.7693855941234315
8004,2.9404117243790853
2327,3.1408371444156495
4389,2.7933256829524424
25342,2.7493878109408607
12688,1.723287564104496
20602,2.8236849679484806
11447,2.8214821504429626
202,2.9024310677311687
19894,2.9143194812793767
4931,2.7718439221213083
21919,3.0021440239207804
26309,2.3326575790005535
5791,2.7810749366603402
18091,2.958889685117372
21556,3.0704469397836553
21633,2.6327325159420356
13949,3.0608695134978854
22912,3.026689650198776
7392,2.7913931201388356
5855,2.6750950802728948
24548,2.561266201078357
854,2.7762352949393914
13877,3.1408305058081316
14555,2.8322196703283975
4737,2.6473659300653227
26736,3.073650806030929
17082,2.925421540551465
20080,2.5927936517715455
1636,2.3124228898613106
23664,2.6714069648560548
23938,2.9891200936822115
11649,2.9950810704800928
19965,2.70445320777979
17675,2.9886455411809636
6585,2.8741222815375354
13808,2.44643588380808
18237,2.7066469286252084
21616,2.959773027079983
20147,2.970407947078864
3304,2.7637947430008274
17879,2.958331312989777
7994,2.879196664063831
1998,2.696045290560731
663,2.6967263779285293
13545,2.8214891733096885
3748,2.713152468428242
20797,2.1356984405659762
5530,2.945730065228393
21959,2.784926498058395
25285,2.963772179125358
7526,2.7949767796185525
9474,2.677709723676044
22248,2.5623146832412695
6776,2.40062461239342
1306,2.9019283229114476
23776,2.7844759932255014
11494,2.8066519128642615
21976,2.788973388489358
15707,2.5789488642963647
10230,2.5358324080436754
26105,2.4230523748958466
18047,2.526271814905276
21834,2.8835821006450932
10173,2.347841034603391
16157,2.6692215369619783
26939,2.45685520361466
3627,3.1878660994779415
13931,2.5729523180972507
2693,3.0775367680060297
11252,2.822392483915052
16312,2.5789215092827953
9789,2.534569168815191
10921,3.110333823424212
10817,3.0494895349414897
22299,2.804147933694431
19541,2.915177363228775
9914,2.2770559131757726
16198,1.9894713013343979
23052,2.5322458095468527
1059,2.8320148198492654
21020,2.765873413959019
19626,2.618152454027056
1678,2.954457263650516
23276,2.374394810866103
6374,1.7892075111706571
7574,2.820034921682505
14820,2.5493593612403336
18141,2.130135547104681
22403,2.9197042135871616
12383,2.7541450998788832
21500,2.317032049418235
8755,2.7498357507672484
23792,2.7560669412400207
19174,2.7133033103709296
17247,2.832530405700591
15934,2.7010959960261105
24242,2.9929157304004717
17868,2.592321602982851
23419,1.7994395582264027
24105,2.7775912835632903
22361,2.630980896069559
21518,0.3638266209974757
206,2.8863312460370167
20872,2.593698037440656
23322,2.863812107584192
25446,2.6682371151803275
12685,3.023448636174915
6910,2.5989657209686015
502,2.8399529590033286
23769,2.807535867577918
17412,2.4517904959768537
20224,2.9398282114216623
13773,2.824948310381094
8110,2.859025744175879
14948,2.8356076511432375
5056,3.101879151555553
9762,2.969855779186433
24538,2.7342274425371196
10965,2.8619978116401192
19115,2.2143399202176166
25380,2.9580185177304967
14039,2.865186226315628
11837,2.807018263128301
2454,2.7226778274440178
23599,2.1476649084308916
19488,2.7570413121916952
15265,2.547878905670131
13067,2.6990260886878694
8392,2.6878453202392905
22662,2.7846639060583303
19483,2.786586533175498
6184,2.7993343083845557
26854,2.5399659369839505
3561,2.987601459214633
5892,2.6749614520234806
12666,2.998257935714779
13986,2.3113628030227096
391,2.9337686795980966
6736,2.6131200293109074
22002,2.640001841839087
5258,2.636500599722311
15422,2.8511241961521683
26071,1.7977347580800866
2695,2.716061068760274
2027,2.8130259212776245
21847,2.9886253215244207
2568,1.9764329783127812
8006,2.7458492427248946
16216,2.2253902529621046
16448,2.507336221821075
18446,2.802851793146532
5276,2.9025503543058004
7208,2.8445181608744528
25068,2.6831408970096224
8571,1.7299852698094746
6331,2.6702106259239016
21243,2.0575083892461605
12185,2.696092100114951
21271,2.4882120010151194
9268,2.902835022104191
17262,2.51382351576872
8529,2.4956487343271743
24300,2.8197468456137633
23247,3.0690532217357136
24276,3.0696839329275214
22823,2.4589630436176186
24253,1.3981361173716889
1016,2.9573165503093617
25851,2.9125489824325212
7629,3.083855410201124
11534,2.9639387011349116
995,2.8717754069443164
26557,2.5807659187970295
4297,2.8385618928381016
161,2.7842251885514235
5675,2.8900393527712507
6873,2.6966453050387176
12990,2.5430783344488197
9692,2.7284357353114843
7989,2.8982512343645648
20227,2.2425163744511667
13417,2.9772656908617203
10805,2.578456503992853
11653,2.981738477686861
1021,2.713020035953667
19457,3.0281156521870574
23939,2.4648476310582503
3943,2.6563652658370573
1585,3.4513002023057076
26531,2.74670438720705
3152,1.9344528487900867
14541,2.644831023802771
8226,2.4606380285223204
12206,3.3581736982213064
17159,2.5555357757825994
15787,3.0305655743875617
26054,2.849947600621123
23483,2.1642695769127682
21870,3.0554224350753083
22619,2.9503036118630446
25939,2.013478895844648
23425,2.7348553251810457
2612,2.878949526552317
23897,2.973389539156537
11016,3.113054031518674
10233,3.1100049540207486
8433,1.6948540603999185
10253,2.4019061740001315
10555,2.7862386831050974
8792,2.697696599020518
10627,2.9566548899619804
21777,2.662134184348849
14502,2.643265774283781
8838,2.7265215109699783
3890,2.549562148675631
3556,2.9531093182798456
11394,2.8553611009931963
17912,3.229054625202564
1267,2.7132694441706544
24118,2.024213359560356
1899,2.4334395560645437
21042,2.6592532382211282
3005,3.2285762416237755
19118,3.1412947984567605
189,3.3438065673170314
26382,2.5534449083315316
25551,2.849485667227091
2747,3.057225572884125
18431,2.836807202045659
24233,2.8218124328647436
18942,2.9898220105817477
25658,2.7922951046118096
8666,2.4820877909006533
6396,2.208300425663132
19769,2.649473809828976
20939,2.7288624556664787
17568,1.78540566525702
6420,2.3921315502862517
5051,2.916713869373571
5311,2.579696151014244
2433,3.1172663521434085
23333,2.998211224126189
26967,1.8371526006871834
769,2.657535245482677
1685,2.9581006812161754
8322,3.05925565173068
16023,2.4421031649266607
11363,2.877178899303497
14423,2.893928544473276
21962,2.6941332378153655
4426,2.8120293890938397
16850,2.096330921094362
6265,3.1635199924162407
22118,2.721651354245021
11284,2.882410949916814
11964,2.803099458669155
21575,2.3204306610625904
5390,2.856197653378915
860,2.912129002706578
15795,2.753361808631884
23654,2.2612581889418486
