threshold,fpr,tpr
inf,0.00000000,0.00000000
0.99092811,0.00000000,0.00208000
0.99096340,0.00000000,0.00200000
0.99038982,0.00000000,0.00264000
0.99047005,0.00000000,0.00248000
0.99045777,0.00000000,0.00256000
0.99055535,0.00000000,0.00240000
0.99069136,0.00000000,0.00232000
0.99228948,0.00000000,0.00088000
0.99080479,0.00000000,0.00224000
0.99283618,0.00000000,0.00072000
0.99251336,0.00000000,0.00080000
0.99191308,0.00000000,0.00104000
0.99201947,0.00000000,0.00096000
0.99172056,0.00000000,0.00112000
0.99165714,0.00000000,0.00120000
0.99296910,0.00000000,0.00064000
0.99159276,0.00000000,0.00128000
0.99087077,0.00000000,0.00216000
0.99378479,0.00000000,0.00024000
0.99367368,0.00000000,0.00032000
0.99362576,0.00000000,0.00040000
0.99335951,0.00000000,0.00048000
0.99310303,0.00000000,0.00056000
0.99150753,0.00000000,0.00160000
0.99129689,0.00000000,0.00168000
0.99108678,0.00000000,0.00176000
0.99157298,0.00000000,0.00136000
0.99155009,0.00000000,0.00144000
0.99154073,0.00000000,0.00152000
0.99385566,0.00000000,0.00016000
0.99539560,0.00000000,0.00008000
0.99107367,0.00000000,0.00184000
0.99106419,0.00000000,0.00192000
0.98932844,0.00008000,0.00408000
0.98934233,0.00008000,0.00400000
0.98940241,0.00008000,0.00392000
0.98944843,0.00008000,0.00384000
0.98952508,0.00008000,0.00376000
0.99034739,0.00008000,0.00264000
0.98984283,0.00008000,0.00320000
0.98986185,0.00008000,0.00312000
0.98974001,0.00008000,0.00344000
0.98954225,0.00008000,0.00368000
0.98958367,0.00008000,0.00360000
0.98973769,0.00008000,0.00352000
0.98984081,0.00008000,0.00328000
0.98980016,0.00008000,0.00336000
0.98997110,0.00008000,0.00304000
0.99017465,0.00008000,0.00280000
0.99003965,0.00008000,0.00288000
0.98998559,0.00008000,0.00296000
0.99024862,0.00008000,0.00272000
0.98668891,0.00016000,0.00760000
0.98680019,0.00016000,0.00712000
0.98687464,0.00016000,0.00704000
0.98694998,0.00016000,0.00696000
0.98698437,0.00016000,0.00688000
0.98903519,0.00016000,0.00424000
0.98639232,0.00016000,0.00800000
0.98641336,0.00016000,0.00792000
0.98647630,0.00016000,0.00784000
0.98654896,0.00016000,0.00776000
0.98658526,0.00016000,0.00768000
0.98679090,0.00016000,0.00720000
0.98669797,0.00016000,0.00752000
0.98676783,0.00016000,0.00744000
0.98742467,0.00016000,0.00616000
0.98595595,0.00016000,0.00864000
0.98600036,0.00016000,0.00856000
0.98602432,0.00016000,0.00848000
0.98615509,0.00016000,0.00840000
0.98616111,0.00016000,0.00832000
0.98617643,0.00016000,0.00824000
0.98721123,0.00016000,0.00656000
0.98555517,0.00016000,0.00968000
0.98559141,0.00016000,0.00960000
0.98559767,0.00016000,0.00952000
0.98580498,0.00016000,0.00888000
0.98582608,0.00016000,0.00880000
0.98586440,0.00016000,0.00872000
0.98561478,0.00016000,0.00944000
0.98710757,0.00016000,0.00680000
0.98711550,0.00016000,0.00672000
0.98717684,0.00016000,0.00664000
0.98574859,0.00016000,0.00904000
0.98722965,0.00016000,0.00648000
0.98727489,0.00016000,0.00640000
0.98737389,0.00016000,0.00632000
0.98738933,0.00016000,0.00624000
0.98562372,0.00016000,0.00936000
0.98906648,0.00016000,0.00416000
0.98924923,0.00016000,0.00408000
0.98678869,0.00016000,0.00736000
0.98679060,0.00016000,0.00728000
0.98627985,0.00016000,0.00808000
0.98578173,0.00016000,0.00896000
0.98571569,0.00016000,0.00912000
0.98568141,0.00016000,0.00920000
0.98564571,0.00016000,0.00928000
0.98886055,0.00016000,0.00432000
0.98881757,0.00016000,0.00440000
0.98859149,0.00016000,0.00448000
0.98858637,0.00016000,0.00456000
0.98855674,0.00016000,0.00464000
0.98848993,0.00016000,0.00472000
0.98847455,0.00016000,0.00480000
0.98844332,0.00016000,0.00488000
0.98840755,0.00016000,0.00496000
0.98823124,0.00016000,0.00504000
0.98812556,0.00016000,0.00520000
0.98758698,0.00016000,0.00592000
0.98753077,0.00016000,0.00600000
0.98744428,0.00016000,0.00608000
0.98622417,0.00016000,0.00816000
0.98812675,0.00016000,0.00512000
0.98760241,0.00016000,0.00584000
0.98764604,0.00016000,0.00576000
0.98769474,0.00016000,0.00568000
0.98782128,0.00016000,0.00560000
0.98785245,0.00016000,0.00552000
0.98795962,0.00016000,0.00544000
0.98800153,0.00016000,0.00536000
0.98805004,0.00016000,0.00528000
0.98549902,0.00024000,0.00984000
0.98553038,0.00024000,0.00976000
0.98553503,0.00024000,0.00968000
0.98521847,0.00024000,0.01096000
0.98549449,0.00024000,0.00992000
0.98524898,0.00024000,0.01088000
0.98544669,0.00024000,0.01016000
0.98545539,0.00024000,0.01008000
0.98541170,0.00024000,0.01024000
0.98539978,0.00024000,0.01032000
0.98537874,0.00024000,0.01040000
0.98535711,0.00024000,0.01048000
0.98532259,0.00024000,0.01056000
0.98530757,0.00024000,0.01064000
0.98529124,0.00024000,0.01072000
0.98526865,0.00024000,0.01080000
0.98546338,0.00024000,0.01000000
0.98284745,0.00032000,0.01776000
0.98465329,0.00032000,0.01232000
0.98468244,0.00032000,0.01224000
0.98470044,0.00032000,0.01208000
0.98470545,0.00032000,0.01200000
0.98477560,0.00032000,0.01192000
0.98478568,0.00032000,0.01184000
0.98435044,0.00032000,0.01312000
0.98441482,0.00032000,0.01304000
0.98442739,0.00032000,0.01296000
0.98443407,0.00032000,0.01288000
0.98449105,0.00032000,0.01280000
0.98449475,0.00032000,0.01272000
0.98449773,0.00032000,0.01264000
0.98454350,0.00032000,0.01256000
0.98287809,0.00032000,0.01768000
0.98465168,0.00032000,0.01240000
0.98283434,0.00032000,0.01784000
0.98433417,0.00032000,0.01320000
0.98432946,0.00032000,0.01328000
0.98432398,0.00032000,0.01336000
0.98431879,0.00032000,0.01344000
0.98427838,0.00032000,0.01360000
0.98409224,0.00032000,0.01424000
0.98414201,0.00032000,0.01416000
0.98419094,0.00032000,0.01408000
0.98422009,0.00032000,0.01400000
0.98512948,0.00032000,0.01112000
0.98518860,0.00032000,0.01104000
0.98520446,0.00032000,0.01096000
0.98394853,0.00032000,0.01488000
0.98246127,0.00032000,0.01896000
0.98289341,0.00032000,0.01760000
0.98293924,0.00032000,0.01752000
0.98295051,0.00032000,0.01744000
0.98298430,0.00032000,0.01736000
0.98301089,0.00032000,0.01728000
0.98265326,0.00032000,0.01848000
0.98265713,0.00032000,0.01840000
0.98269320,0.00032000,0.01832000
0.98273426,0.00032000,0.01824000
0.98274958,0.00032000,0.01816000
0.98277169,0.00032000,0.01808000
0.98280901,0.00032000,0.01800000
0.98283398,0.00032000,0.01792000
0.98239934,0.00032000,0.01912000
0.98245358,0.00032000,0.01904000
0.98398709,0.00032000,0.01480000
0.98255241,0.00032000,0.01888000
0.98256302,0.00032000,0.01880000
0.98257393,0.00032000,0.01872000
0.98261112,0.00032000,0.01864000
0.98261434,0.00032000,0.01856000
0.98480588,0.00032000,0.01176000
0.98485470,0.00032000,0.01168000
0.98487419,0.00032000,0.01160000
0.98489720,0.00032000,0.01152000
0.98492473,0.00032000,0.01144000
0.98496372,0.00032000,0.01136000
0.98496825,0.00032000,0.01128000
0.98512650,0.00032000,0.01120000
0.98463434,0.00032000,0.01248000
0.98239428,0.00032000,0.01928000
0.98316610,0.00032000,0.01696000
0.98320621,0.00032000,0.01688000
0.98212296,0.00032000,0.02032000
0.98212653,0.00032000,0.02024000
0.98217291,0.00032000,0.02016000
0.98220187,0.00032000,0.02008000
0.98223984,0.00032000,0.02000000
0.98426658,0.00032000,0.01376000
0.98422390,0.00032000,0.01384000
0.98422295,0.00032000,0.01392000
0.98325634,0.00032000,0.01664000
0.98321992,0.00032000,0.01672000
0.98321301,0.00032000,0.01680000
0.98398858,0.00032000,0.01472000
0.98237258,0.00032000,0.01936000
0.98235130,0.00032000,0.01944000
0.98234475,0.00032000,0.01952000
0.98232251,0.00032000,0.01960000
0.98329091,0.00032000,0.01656000
0.98230731,0.00032000,0.01968000
0.98229122,0.00032000,0.01976000
0.98342150,0.00032000,0.01648000
0.98342806,0.00032000,0.01640000
0.98346519,0.00032000,0.01632000
0.98348492,0.00032000,0.01624000
0.98239905,0.00032000,0.01920000
0.98350590,0.00032000,0.01600000
0.98373127,0.00032000,0.01544000
0.98373586,0.00032000,0.01536000
0.98376089,0.00032000,0.01528000
0.98376209,0.00032000,0.01520000
0.98376828,0.00032000,0.01512000
0.98377740,0.00032000,0.01504000
0.98388922,0.00032000,0.01496000
0.98348618,0.00032000,0.01616000
0.98369265,0.00032000,0.01552000
0.98310053,0.00032000,0.01704000
0.98408288,0.00032000,0.01432000
0.98408079,0.00032000,0.01440000
0.98350334,0.00032000,0.01608000
0.98352504,0.00032000,0.01592000
0.98357034,0.00032000,0.01584000
0.98358077,0.00032000,0.01576000
0.98359364,0.00032000,0.01568000
0.98361903,0.00032000,0.01560000
0.98226124,0.00032000,0.01992000
0.98228413,0.00032000,0.01984000
0.98404908,0.00032000,0.01448000
0.98403788,0.00032000,0.01456000
0.98400486,0.00032000,0.01464000
0.98307461,0.00032000,0.01720000
0.98308933,0.00032000,0.01712000
0.98197871,0.00040000,0.02064000
0.98200512,0.00040000,0.02056000
0.98196191,0.00040000,0.02072000
0.98193204,0.00040000,0.02080000
0.98211068,0.00040000,0.02032000
0.98205572,0.00040000,0.02040000
0.98204350,0.00040000,0.02048000
0.98167324,0.00048000,0.02120000
0.98179173,0.00048000,0.02096000
0.98182595,0.00048000,0.02080000
0.98179239,0.00048000,0.02088000
0.98176849,0.00048000,0.02104000
0.98162258,0.00048000,0.02144000
0.98164582,0.00048000,0.02136000
0.98164833,0.00048000,0.02128000
0.98174208,0.00048000,0.02112000
0.98129451,0.00056000,0.02248000
0.98128933,0.00056000,0.02256000
0.98142290,0.00056000,0.02200000
0.98128742,0.00056000,0.02264000
0.98127729,0.00056000,0.02272000
0.98125893,0.00056000,0.02280000
0.98123574,0.00056000,0.02288000
0.98150074,0.00056000,0.02168000
0.98148042,0.00056000,0.02176000
0.98129714,0.00056000,0.02240000
0.98138511,0.00056000,0.02224000
0.98139679,0.00056000,0.02216000
0.98141885,0.00056000,0.02208000
0.98091447,0.00056000,0.02344000
0.98145229,0.00056000,0.02192000
0.98158652,0.00056000,0.02160000
0.98158777,0.00056000,0.02152000
0.98161155,0.00056000,0.02144000
0.98147225,0.00056000,0.02184000
0.98066038,0.00056000,0.02392000
0.98039836,0.00056000,0.02472000
0.98049533,0.00056000,0.02464000
0.98050082,0.00056000,0.02456000
0.98056227,0.00056000,0.02448000
0.98056430,0.00056000,0.02440000
0.98056442,0.00056000,0.02432000
0.98059064,0.00056000,0.02424000
0.98090494,0.00056000,0.02360000
0.98089212,0.00056000,0.02368000
0.98078406,0.00056000,0.02376000
0.98070097,0.00056000,0.02384000
0.98137766,0.00056000,0.02232000
0.98061472,0.00056000,0.02400000
0.98061150,0.00056000,0.02408000
0.98059684,0.00056000,0.02416000
0.98120075,0.00056000,0.02296000
0.98112750,0.00056000,0.02304000
0.98106670,0.00056000,0.02312000
0.98098409,0.00056000,0.02320000
0.98098248,0.00056000,0.02328000
0.98096943,0.00056000,0.02336000
0.98035908,0.00056000,0.02480000
0.98090816,0.00056000,0.02352000
0.98021507,0.00064000,0.02520000
0.98021770,0.00064000,0.02512000
0.98013306,0.00064000,0.02544000
0.97977930,0.00064000,0.02680000
0.97976089,0.00064000,0.02688000
0.97997183,0.00064000,0.02608000
0.97997344,0.00064000,0.02600000
0.97998399,0.00064000,0.02592000
0.97983825,0.00064000,0.02664000
0.97980565,0.00064000,0.02672000
0.97986299,0.00064000,0.02656000
0.97996610,0.00064000,0.02616000
0.97986734,0.00064000,0.02648000
0.97988462,0.00064000,0.02640000
0.98018575,0.00064000,0.02528000
0.97991520,0.00064000,0.02632000
0.98015428,0.00064000,0.02536000
0.98011649,0.00064000,0.02552000
0.98008609,0.00064000,0.02560000
0.98007125,0.00064000,0.02568000
0.98003370,0.00064000,0.02576000
0.98001271,0.00064000,0.02584000
0.98033732,0.00064000,0.02480000
0.98031014,0.00064000,0.02488000
0.98028058,0.00064000,0.02496000
0.98022318,0.00064000,0.02504000
0.97993279,0.00064000,0.02624000
0.97970104,0.00072000,0.02704000
0.97958553,0.00072000,0.02744000
0.97970426,0.00072000,0.02696000
0.97971493,0.00072000,0.02688000
0.97959852,0.00072000,0.02736000
0.97898030,0.00072000,0.02904000
0.97900552,0.00072000,0.02896000
0.97901595,0.00072000,0.02888000
0.97904265,0.00072000,0.02880000
0.97904384,0.00072000,0.02872000
0.97961503,0.00072000,0.02728000
0.97962099,0.00072000,0.02720000
0.97966939,0.00072000,0.02712000
0.97917044,0.00072000,0.02840000
0.97918081,0.00072000,0.02832000
0.97926259,0.00072000,0.02816000
0.97933382,0.00072000,0.02808000
0.97943270,0.00072000,0.02800000
0.97956914,0.00072000,0.02752000
0.97950941,0.00072000,0.02760000
0.97947639,0.00072000,0.02768000
0.97895330,0.00072000,0.02920000
0.97946644,0.00072000,0.02784000
0.97944105,0.00072000,0.02792000
0.97913021,0.00072000,0.02848000
0.97907603,0.00072000,0.02856000
0.97886580,0.00072000,0.02928000
0.97905356,0.00072000,0.02864000
0.97896934,0.00072000,0.02912000
0.97946894,0.00072000,0.02776000
0.97871906,0.00080000,0.02992000
0.97875208,0.00080000,0.02968000
0.97875071,0.00080000,0.02976000
0.97873092,0.00080000,0.02984000
0.97884846,0.00080000,0.02928000
0.97880983,0.00080000,0.02936000
0.97878611,0.00080000,0.02944000
0.97878522,0.00080000,0.02952000
0.97875458,0.00080000,0.02960000
0.97869247,0.00088000,0.02992000
0.97851336,0.00088000,0.03016000
0.97853482,0.00088000,0.03008000
0.97866666,0.00088000,0.03000000
0.97837138,0.00088000,0.03048000
0.97834694,0.00088000,0.03072000
0.97836202,0.00088000,0.03064000
0.97836542,0.00088000,0.03056000
0.97849405,0.00088000,0.03024000
0.97844201,0.00088000,0.03032000
0.97843051,0.00088000,0.03040000
0.97818464,0.00088000,0.03144000
0.97811115,0.00088000,0.03176000
0.97803223,0.00088000,0.03200000
0.97806942,0.00088000,0.03192000
0.97809106,0.00088000,0.03184000
0.97790110,0.00088000,0.03248000
0.97790092,0.00088000,0.03256000
0.97785598,0.00088000,0.03264000
0.97803169,0.00088000,0.03208000
0.97832322,0.00088000,0.03088000
0.97831523,0.00088000,0.03096000
0.97829014,0.00088000,0.03104000
0.97791183,0.00088000,0.03240000
0.97815019,0.00088000,0.03152000
0.97812998,0.00088000,0.03160000
0.97811913,0.00088000,0.03168000
0.97785097,0.00088000,0.03272000
0.97774750,0.00088000,0.03304000
0.97764426,0.00088000,0.03328000
0.97771740,0.00088000,0.03320000
0.97773725,0.00088000,0.03312000
0.97828668,0.00088000,0.03112000
0.97834295,0.00088000,0.03080000
0.97757077,0.00088000,0.03360000
0.97760576,0.00088000,0.03336000
0.97799027,0.00088000,0.03216000
0.97798473,0.00088000,0.03224000
0.97792929,0.00088000,0.03232000
0.97756177,0.00088000,0.03368000
0.97756028,0.00088000,0.03376000
0.97753268,0.00088000,0.03384000
0.97779739,0.00088000,0.03288000
0.97782826,0.00088000,0.03280000
0.97778350,0.00088000,0.03296000
0.97826642,0.00088000,0.03120000
0.97821850,0.00088000,0.03136000
0.97758943,0.00088000,0.03344000
0.97758591,0.00088000,0.03352000
0.97826296,0.00088000,0.03128000
0.97747213,0.00096000,0.03400000
0.97740036,0.00096000,0.03408000
0.97750956,0.00096000,0.03392000
0.97751993,0.00096000,0.03384000
0.97738510,0.00112000,0.03408000
0.97725016,0.00112000,0.03456000
0.97726530,0.00112000,0.03448000
0.97729152,0.00112000,0.03440000
0.97730219,0.00112000,0.03432000
0.97733444,0.00112000,0.03424000
0.97722024,0.00112000,0.03472000
0.97733736,0.00112000,0.03416000
0.97723138,0.00112000,0.03464000
0.97720361,0.00112000,0.03480000
0.97716445,0.00120000,0.03480000
0.97714406,0.00120000,0.03488000
0.97713166,0.00120000,0.03496000
0.97707874,0.00120000,0.03504000
0.97704095,0.00120000,0.03536000
0.97707599,0.00120000,0.03512000
0.97705847,0.00120000,0.03520000
0.97704554,0.00120000,0.03528000
0.97693187,0.00128000,0.03552000
0.97693956,0.00128000,0.03544000
0.97692698,0.00128000,0.03560000
0.97694153,0.00128000,0.03536000
0.97688466,0.00136000,0.03576000
0.97690761,0.00136000,0.03560000
0.97690672,0.00136000,0.03568000
0.97683734,0.00136000,0.03584000
0.97682810,0.00144000,0.03584000
0.97681195,0.00144000,0.03592000
0.97679377,0.00152000,0.03592000
0.97673953,0.00152000,0.03600000
0.97662830,0.00152000,0.03648000
0.97662985,0.00152000,0.03640000
0.97656566,0.00152000,0.03656000
0.97663057,0.00152000,0.03632000
0.97667432,0.00152000,0.03608000
0.97667420,0.00152000,0.03616000
0.97666901,0.00152000,0.03624000
0.97654402,0.00160000,0.03656000
0.97639114,0.00160000,0.03704000
0.97642672,0.00160000,0.03696000
0.97637081,0.00160000,0.03720000
0.97644949,0.00160000,0.03688000
0.97637391,0.00160000,0.03712000
0.97618741,0.00160000,0.03752000
0.97615027,0.00160000,0.03760000
0.97602355,0.00160000,0.03768000
0.97599787,0.00160000,0.03776000
0.97598982,0.00160000,0.03784000
0.97649592,0.00160000,0.03664000
0.97646672,0.00160000,0.03672000
0.97645926,0.00160000,0.03680000
0.97588408,0.00160000,0.03816000
0.97588354,0.00160000,0.03824000
0.97583187,0.00160000,0.03832000
0.97580314,0.00160000,0.03840000
0.97577274,0.00160000,0.03848000
0.97629482,0.00160000,0.03728000
0.97627252,0.00160000,0.03736000
0.97621936,0.00160000,0.03744000
0.97597504,0.00160000,0.03800000
0.97598559,0.00160000,0.03792000
0.97594416,0.00160000,0.03808000
0.97572178,0.00160000,0.03856000
0.97556823,0.00168000,0.03880000
0.97555745,0.00168000,0.03888000
0.97557509,0.00168000,0.03872000
0.97569543,0.00168000,0.03856000
0.97554922,0.00168000,0.03896000
0.97565824,0.00168000,0.03864000
0.97553986,0.00176000,0.03896000
0.97552514,0.00176000,0.03904000
0.97545683,0.00176000,0.03912000
0.97539198,0.00176000,0.03928000
0.97544563,0.00176000,0.03920000
0.97507292,0.00184000,0.04048000
0.97505647,0.00184000,0.04056000
0.97504401,0.00184000,0.04064000
0.97504133,0.00184000,0.04072000
0.97501636,0.00184000,0.04080000
0.97533745,0.00184000,0.03960000
0.97531813,0.00184000,0.03968000
0.97529840,0.00184000,0.03976000
0.97489911,0.00184000,0.04120000
0.97489709,0.00184000,0.04128000
0.97488654,0.00184000,0.04136000
0.97487926,0.00184000,0.04144000
0.97511023,0.00184000,0.04024000
0.97509515,0.00184000,0.04032000
0.97508866,0.00184000,0.04040000
0.97471017,0.00184000,0.04240000
0.97466415,0.00184000,0.04248000
0.97465706,0.00184000,0.04256000
0.97483438,0.00184000,0.04160000
0.97484684,0.00184000,0.04152000
0.97481084,0.00184000,0.04168000
0.97473437,0.00184000,0.04216000
0.97473055,0.00184000,0.04232000
0.97473282,0.00184000,0.04224000
0.97496289,0.00184000,0.04104000
0.97497344,0.00184000,0.04096000
0.97534579,0.00184000,0.03936000
0.97521698,0.00184000,0.03992000
0.97521710,0.00184000,0.03984000
0.97534341,0.00184000,0.03944000
0.97534001,0.00184000,0.03952000
0.97538221,0.00184000,0.03928000
0.97500348,0.00184000,0.04088000
0.97494841,0.00184000,0.04112000
0.97477168,0.00184000,0.04192000
0.97477990,0.00184000,0.04184000
0.97479874,0.00184000,0.04176000
0.97516018,0.00184000,0.04016000
0.97518516,0.00184000,0.04008000
0.97520411,0.00184000,0.04000000
0.97474867,0.00184000,0.04208000
0.97476065,0.00184000,0.04200000
0.97437912,0.00192000,0.04320000
0.97437716,0.00192000,0.04328000
0.97438443,0.00192000,0.04304000
0.97463256,0.00192000,0.04256000
0.97460133,0.00192000,0.04264000
0.97439462,0.00192000,0.04296000
0.97433925,0.00192000,0.04360000
0.97438014,0.00192000,0.04312000
0.97431201,0.00192000,0.04368000
0.97457743,0.00192000,0.04272000
0.97439492,0.00192000,0.04288000
0.97436482,0.00192000,0.04352000
0.97437197,0.00192000,0.04336000
0.97452331,0.00192000,0.04280000
0.97437149,0.00192000,0.04344000
0.97431016,0.00200000,0.04368000
0.97430861,0.00200000,0.04376000
0.97428280,0.00200000,0.04384000
0.97417259,0.00208000,0.04408000
0.97424430,0.00208000,0.04392000
0.97425121,0.00208000,0.04384000
0.97424340,0.00208000,0.04400000
0.97415209,0.00208000,0.04424000
0.97416931,0.00208000,0.04416000
0.97415018,0.00208000,0.04432000
0.97393680,0.00216000,0.04488000
0.97387117,0.00216000,0.04512000
0.97393394,0.00216000,0.04496000
0.97388625,0.00216000,0.04504000
0.97399139,0.00216000,0.04464000
0.97394991,0.00216000,0.04480000
0.97396797,0.00216000,0.04472000
0.97371465,0.00216000,0.04528000
0.97369665,0.00216000,0.04536000
0.97405034,0.00216000,0.04456000
0.97406060,0.00216000,0.04448000
0.97408336,0.00216000,0.04440000
0.97379881,0.00216000,0.04520000
0.97411996,0.00216000,0.04432000
0.97367102,0.00224000,0.04552000
0.97366536,0.00224000,0.04560000
0.97367597,0.00224000,0.04544000
0.97361439,0.00224000,0.04576000
0.97362989,0.00224000,0.04568000
0.97367948,0.00224000,0.04536000
0.97355270,0.00232000,0.04600000
0.97346330,0.00232000,0.04624000
0.97353554,0.00232000,0.04616000
0.97354668,0.00232000,0.04608000
0.97346061,0.00232000,0.04632000
0.97361362,0.00232000,0.04576000
0.97358322,0.00232000,0.04584000
0.97357225,0.00232000,0.04592000
0.97344434,0.00240000,0.04640000
0.97345144,0.00240000,0.04632000
0.97341871,0.00240000,0.04648000
0.97340423,0.00248000,0.04648000
0.97334498,0.00248000,0.04664000
0.97339195,0.00248000,0.04656000
0.97327763,0.00256000,0.04688000
0.97325414,0.00256000,0.04696000
0.97324657,0.00256000,0.04704000
0.97330421,0.00256000,0.04680000
0.97320604,0.00256000,0.04712000
0.97332293,0.00256000,0.04672000
0.97317469,0.00256000,0.04720000
0.97334063,0.00256000,0.04664000
0.97313911,0.00264000,0.04720000
0.97312999,0.00264000,0.04744000
0.97313017,0.00264000,0.04736000
0.97312170,0.00264000,0.04760000
0.97312737,0.00264000,0.04752000
0.97313482,0.00264000,0.04728000
0.97304374,0.00272000,0.04784000
0.97278613,0.00272000,0.04944000
0.97272104,0.00272000,0.04952000
0.97265750,0.00272000,0.04960000
0.97262889,0.00272000,0.04976000
0.97256809,0.00272000,0.05016000
0.97310448,0.00272000,0.04760000
0.97287965,0.00272000,0.04880000
0.97289568,0.00272000,0.04848000
0.97289383,0.00272000,0.04872000
0.97262400,0.00272000,0.04984000
0.97289556,0.00272000,0.04864000
0.97257286,0.00272000,0.05008000
0.97258985,0.00272000,0.05000000
0.97259730,0.00272000,0.04992000
0.97265089,0.00272000,0.04968000
0.97285664,0.00272000,0.04896000
0.97286338,0.00272000,0.04888000
0.97309160,0.00272000,0.04768000
0.97307152,0.00272000,0.04776000
0.97285157,0.00272000,0.04904000
0.97280067,0.00272000,0.04936000
0.97283721,0.00272000,0.04928000
0.97290933,0.00272000,0.04840000
0.97292209,0.00272000,0.04832000
0.97292554,0.00272000,0.04824000
0.97293979,0.00272000,0.04816000
0.97298932,0.00272000,0.04808000
0.97299147,0.00272000,0.04800000
0.97301620,0.00272000,0.04792000
0.97283971,0.00272000,0.04920000
0.97285062,0.00272000,0.04912000
0.97237891,0.00280000,0.05104000
0.97246200,0.00280000,0.05056000
0.97246236,0.00280000,0.05048000
0.97238117,0.00280000,0.05096000
0.97243768,0.00280000,0.05080000
0.97248030,0.00280000,0.05032000
0.97240555,0.00280000,0.05088000
0.97243959,0.00280000,0.05072000
0.97245187,0.00280000,0.05064000
0.97251636,0.00280000,0.05024000
0.97254395,0.00280000,0.05016000
0.97247171,0.00280000,0.05040000
0.97199428,0.00288000,0.05272000
0.97197658,0.00288000,0.05280000
0.97096777,0.00288000,0.05616000
0.97095650,0.00288000,0.05624000
0.97092575,0.00288000,0.05632000
0.97088301,0.00288000,0.05640000
0.97088188,0.00288000,0.05648000
0.97088146,0.00288000,0.05656000
0.97087753,0.00288000,0.05664000
0.97084862,0.00288000,0.05688000
0.97082829,0.00288000,0.05696000
0.97081751,0.00288000,0.05704000
0.97080851,0.00288000,0.05712000
0.97194958,0.00288000,0.05288000
0.97219872,0.00288000,0.05168000
0.97218329,0.00288000,0.05176000
0.97176886,0.00288000,0.05352000
0.97208458,0.00288000,0.05232000
0.97206759,0.00288000,0.05240000
0.97164899,0.00288000,0.05416000
0.97191364,0.00288000,0.05296000
0.97185272,0.00288000,0.05304000
0.97183979,0.00288000,0.05312000
0.97142595,0.00288000,0.05480000
0.97176415,0.00288000,0.05360000
0.97174287,0.00288000,0.05368000
0.97171175,0.00288000,0.05376000
0.97168452,0.00288000,0.05384000
0.97168237,0.00288000,0.05392000
0.97166640,0.00288000,0.05400000
0.97165018,0.00288000,0.05408000
0.97164524,0.00288000,0.05424000
0.97158414,0.00288000,0.05432000
0.97156775,0.00288000,0.05440000
0.97155625,0.00288000,0.05448000
0.97154039,0.00288000,0.05456000
0.97153115,0.00288000,0.05464000
0.97149605,0.00288000,0.05472000
0.97235119,0.00288000,0.05120000
0.97234458,0.00288000,0.05128000
0.97226870,0.00288000,0.05136000
0.97226441,0.00288000,0.05144000
0.97225934,0.00288000,0.05152000
0.97220719,0.00288000,0.05160000
0.97104543,0.00288000,0.05584000
0.97101521,0.00288000,0.05592000
0.97101498,0.00288000,0.05600000
0.97097653,0.00288000,0.05608000
0.97132415,0.00288000,0.05488000
0.97131425,0.00288000,0.05496000
0.97130775,0.00288000,0.05504000
0.97128141,0.00288000,0.05512000
0.97210938,0.00288000,0.05216000
0.97209585,0.00288000,0.05224000
0.97235638,0.00288000,0.05104000
0.97235167,0.00288000,0.05112000
0.97087729,0.00288000,0.05672000
0.97120529,0.00288000,0.05552000
0.97116625,0.00288000,0.05560000
0.97112375,0.00288000,0.05568000
0.97127062,0.00288000,0.05520000
0.97124070,0.00288000,0.05528000
0.97121620,0.00288000,0.05536000
0.97121382,0.00288000,0.05544000
0.97075754,0.00288000,0.05744000
0.97074461,0.00288000,0.05752000
0.97080618,0.00288000,0.05720000
0.97077519,0.00288000,0.05728000
0.97076571,0.00288000,0.05736000
0.97201693,0.00288000,0.05248000
0.97201610,0.00288000,0.05256000
0.97200382,0.00288000,0.05264000
0.97218227,0.00288000,0.05184000
0.97217530,0.00288000,0.05192000
0.97212428,0.00288000,0.05200000
0.97211647,0.00288000,0.05208000
0.97183853,0.00288000,0.05320000
0.97182143,0.00288000,0.05328000
0.97181875,0.00288000,0.05336000
0.97180915,0.00288000,0.05344000
0.97106725,0.00288000,0.05576000
0.97085810,0.00288000,0.05680000
0.97023153,0.00296000,0.05960000
0.97040242,0.00296000,0.05864000
0.97039998,0.00296000,0.05872000
0.97039312,0.00296000,0.05880000
0.97039276,0.00296000,0.05888000
0.97038394,0.00296000,0.05896000
0.97037852,0.00296000,0.05904000
0.97035831,0.00296000,0.05912000
0.97074294,0.00296000,0.05752000
0.97070360,0.00296000,0.05760000
0.97067386,0.00296000,0.05768000
0.97066832,0.00296000,0.05776000
0.97063309,0.00296000,0.05784000
0.97061992,0.00296000,0.05792000
0.97028315,0.00296000,0.05928000
0.97025418,0.00296000,0.05936000
0.97024989,0.00296000,0.05944000
0.97024012,0.00296000,0.05952000
0.97052866,0.00296000,0.05824000
0.97051179,0.00296000,0.05832000
0.97042930,0.00296000,0.05840000
0.97042364,0.00296000,0.05848000
0.97041267,0.00296000,0.05856000
0.97061467,0.00296000,0.05800000
0.97055030,0.00296000,0.05808000
0.97053999,0.00296000,0.05816000
0.97034609,0.00296000,0.05920000
0.97007006,0.00304000,0.06008000
0.96987993,0.00304000,0.06032000
0.96992546,0.00304000,0.06024000
0.97000384,0.00304000,0.06016000
0.97012693,0.00304000,0.05992000
0.97009957,0.00304000,0.06000000
0.97013110,0.00304000,0.05984000
0.97019303,0.00304000,0.05960000
0.97016776,0.00304000,0.05968000
0.97016674,0.00304000,0.05976000
0.96959656,0.00312000,0.06128000
0.96958268,0.00312000,0.06144000
0.96965504,0.00312000,0.06112000
0.96967143,0.00312000,0.06096000
0.96958804,0.00312000,0.06136000
0.96966916,0.00312000,0.06104000
0.96965337,0.00312000,0.06120000
0.96987289,0.00312000,0.06032000
0.96979260,0.00312000,0.06056000
0.96984404,0.00312000,0.06048000
0.96971512,0.00312000,0.06080000
0.96974933,0.00312000,0.06072000
0.96968937,0.00312000,0.06088000
0.96977782,0.00312000,0.06064000
0.96986222,0.00312000,0.06040000
0.96915138,0.00320000,0.06296000
0.96943510,0.00320000,0.06216000
0.96910369,0.00320000,0.06304000
0.96935588,0.00320000,0.06240000
0.96906191,0.00320000,0.06312000
0.96934915,0.00320000,0.06248000
0.96930671,0.00320000,0.06256000
0.96945107,0.00320000,0.06208000
0.96936607,0.00320000,0.06232000
0.96923882,0.00320000,0.06280000
0.96939039,0.00320000,0.06224000
0.96922082,0.00320000,0.06288000
0.96926349,0.00320000,0.06272000
0.96929842,0.00320000,0.06264000
0.96958244,0.00320000,0.06144000
0.96950084,0.00320000,0.06176000
0.96945930,0.00320000,0.06200000
0.96947342,0.00320000,0.06192000
0.96949738,0.00320000,0.06184000
0.96950620,0.00320000,0.06160000
0.96950531,0.00320000,0.06168000
0.96957141,0.00320000,0.06152000
0.96905398,0.00328000,0.06312000
0.96902901,0.00336000,0.06328000
0.96891260,0.00336000,0.06400000
0.96904892,0.00336000,0.06320000
0.96905339,0.00336000,0.06312000
0.96897817,0.00336000,0.06360000
0.96900183,0.00336000,0.06352000
0.96901488,0.00336000,0.06344000
0.96901578,0.00336000,0.06336000
0.96897775,0.00336000,0.06368000
0.96891743,0.00336000,0.06392000
0.96892333,0.00336000,0.06384000
0.96871525,0.00344000,0.06456000
0.96858740,0.00344000,0.06528000
0.96885329,0.00344000,0.06416000
0.96885711,0.00344000,0.06408000
0.96886450,0.00344000,0.06400000
0.96877193,0.00344000,0.06432000
0.96875393,0.00344000,0.06440000
0.96872002,0.00344000,0.06448000
0.96884030,0.00344000,0.06424000
0.96865731,0.00344000,0.06488000
0.96867281,0.00344000,0.06480000
0.96870607,0.00344000,0.06472000
0.96871501,0.00344000,0.06464000
0.96863258,0.00344000,0.06496000
0.96862149,0.00344000,0.06504000
0.96860796,0.00344000,0.06512000
0.96860492,0.00344000,0.06520000
0.96858203,0.00352000,0.06528000
0.96857631,0.00352000,0.06536000
0.96853459,0.00352000,0.06568000
0.96854848,0.00352000,0.06544000
0.96854085,0.00352000,0.06560000
0.96854824,0.00352000,0.06552000
0.96853125,0.00352000,0.06584000
0.96849388,0.00360000,0.06592000
0.96850562,0.00360000,0.06584000
0.96844560,0.00360000,0.06600000
0.96843511,0.00368000,0.06600000
0.96838301,0.00376000,0.06616000
0.96837741,0.00376000,0.06624000
0.96842951,0.00376000,0.06600000
0.96842873,0.00376000,0.06608000
0.96832913,0.00384000,0.06632000
0.96821648,0.00384000,0.06648000
0.96827465,0.00384000,0.06640000
0.96835071,0.00384000,0.06624000
0.96814930,0.00392000,0.06672000
0.96753949,0.00392000,0.06912000
0.96753448,0.00392000,0.06920000
0.96751606,0.00392000,0.06928000
0.96764219,0.00392000,0.06832000
0.96803993,0.00392000,0.06696000
0.96804005,0.00392000,0.06688000
0.96809477,0.00392000,0.06680000
0.96762317,0.00392000,0.06848000
0.96763557,0.00392000,0.06840000
0.96762240,0.00392000,0.06856000
0.96751183,0.00392000,0.06944000
0.96751374,0.00392000,0.06936000
0.96785855,0.00392000,0.06776000
0.96786422,0.00392000,0.06768000
0.96761340,0.00392000,0.06864000
0.96803266,0.00392000,0.06704000
0.96782124,0.00392000,0.06800000
0.96784288,0.00392000,0.06792000
0.96785527,0.00392000,0.06784000
0.96796477,0.00392000,0.06728000
0.96799970,0.00392000,0.06720000
0.96795690,0.00392000,0.06736000
0.96768379,0.00392000,0.06816000
0.96776086,0.00392000,0.06808000
0.96755469,0.00392000,0.06904000
0.96759069,0.00392000,0.06896000
0.96789491,0.00392000,0.06760000
0.96791160,0.00392000,0.06752000
0.96794575,0.00392000,0.06744000
0.96817803,0.00392000,0.06664000
0.96800292,0.00392000,0.06712000
0.96759170,0.00392000,0.06888000
0.96765089,0.00392000,0.06824000
0.96761280,0.00392000,0.06872000
0.96760815,0.00392000,0.06880000
0.96818709,0.00392000,0.06656000
0.96819520,0.00392000,0.06648000
0.96723324,0.00400000,0.07000000
0.96740448,0.00400000,0.06960000
0.96735251,0.00400000,0.06968000
0.96723783,0.00400000,0.06992000
0.96719980,0.00400000,0.07008000
0.96751004,0.00400000,0.06944000
0.96741599,0.00400000,0.06952000
0.96724665,0.00400000,0.06984000
0.96735138,0.00400000,0.06976000
0.96689534,0.00408000,0.07160000
0.96689099,0.00408000,0.07168000
0.96706980,0.00408000,0.07072000
0.96706933,0.00408000,0.07080000
0.96706724,0.00408000,0.07088000
0.96706533,0.00408000,0.07096000
0.96705794,0.00408000,0.07104000
0.96716189,0.00408000,0.07008000
0.96701407,0.00408000,0.07120000
0.96711218,0.00408000,0.07016000
0.96701604,0.00408000,0.07112000
0.96687704,0.00408000,0.07176000
0.96709508,0.00408000,0.07040000
0.96710134,0.00408000,0.07032000
0.96710324,0.00408000,0.07024000
0.96698517,0.00408000,0.07128000
0.96693558,0.00408000,0.07144000
0.96691942,0.00408000,0.07152000
0.96706992,0.00408000,0.07064000
0.96698183,0.00408000,0.07136000
0.96707380,0.00408000,0.07048000
0.96707058,0.00408000,0.07056000
0.96679246,0.00416000,0.07200000
0.96682113,0.00416000,0.07192000
0.96682435,0.00416000,0.07184000
0.96685219,0.00416000,0.07176000
0.96674883,0.00424000,0.07208000
0.96669912,0.00424000,0.07216000
0.96664786,0.00424000,0.07224000
0.96674925,0.00424000,0.07200000
0.96658838,0.00432000,0.07232000
0.96657991,0.00432000,0.07240000
0.96657681,0.00432000,0.07248000
0.96659219,0.00432000,0.07224000
0.96657169,0.00432000,0.07256000
0.96638060,0.00440000,0.07304000
0.96647334,0.00440000,0.07272000
0.96649462,0.00440000,0.07264000
0.96650189,0.00440000,0.07256000
0.96640766,0.00440000,0.07296000
0.96642625,0.00440000,0.07288000
0.96644777,0.00440000,0.07280000
0.96635491,0.00448000,0.07304000
0.96632385,0.00456000,0.07312000
0.96631652,0.00456000,0.07320000
0.96635091,0.00456000,0.07304000
0.96629614,0.00464000,0.07328000
0.96631318,0.00464000,0.07320000
0.96621501,0.00472000,0.07360000
0.96627218,0.00472000,0.07336000
0.96610105,0.00472000,0.07376000
0.96613389,0.00472000,0.07368000
0.96624881,0.00472000,0.07344000
0.96621877,0.00472000,0.07352000
0.96629167,0.00472000,0.07328000
0.96603149,0.00472000,0.07400000
0.96602517,0.00472000,0.07416000
0.96602815,0.00472000,0.07408000
0.96608388,0.00472000,0.07392000
0.96609360,0.00472000,0.07384000
0.96596432,0.00480000,0.07416000
0.96595365,0.00480000,0.07424000
0.96594238,0.00488000,0.07432000
0.96594530,0.00488000,0.07424000
0.96590412,0.00488000,0.07440000
0.96589369,0.00488000,0.07448000
0.96588737,0.00496000,0.07448000
0.96588457,0.00496000,0.07456000
0.96586257,0.00496000,0.07464000
0.96586186,0.00496000,0.07472000
0.96579027,0.00504000,0.07480000
0.96585530,0.00504000,0.07472000
0.96578294,0.00504000,0.07488000
0.96573848,0.00512000,0.07504000
0.96572542,0.00512000,0.07512000
0.96569467,0.00512000,0.07520000
0.96569031,0.00512000,0.07528000
0.96566921,0.00512000,0.07536000
0.96576238,0.00512000,0.07488000
0.96575481,0.00512000,0.07496000
0.96566266,0.00512000,0.07544000
0.96565831,0.00512000,0.07552000
0.96536881,0.00520000,0.07584000
0.96456236,0.00520000,0.07856000
0.96453899,0.00520000,0.07864000
0.96536368,0.00520000,0.07600000
0.96534115,0.00520000,0.07608000
0.96533936,0.00520000,0.07616000
0.96531737,0.00520000,0.07624000
0.96530217,0.00520000,0.07632000
0.96523696,0.00520000,0.07664000
0.96523064,0.00520000,0.07672000
0.96522462,0.00520000,0.07680000
0.96518689,0.00520000,0.07688000
0.96517330,0.00520000,0.07696000
0.96541190,0.00520000,0.07576000
0.96469402,0.00520000,0.07808000
0.96536624,0.00520000,0.07592000
0.96527416,0.00520000,0.07640000
0.96526730,0.00520000,0.07648000
0.96525085,0.00520000,0.07656000
0.96476918,0.00520000,0.07792000
0.96473277,0.00520000,0.07800000
0.96483684,0.00520000,0.07768000
0.96480411,0.00520000,0.07776000
0.96478736,0.00520000,0.07784000
0.96499068,0.00520000,0.07736000
0.96503299,0.00520000,0.07728000
0.96495485,0.00520000,0.07744000
0.96450871,0.00520000,0.07888000
0.96544415,0.00520000,0.07568000
0.96548271,0.00520000,0.07560000
0.96485740,0.00520000,0.07760000
0.96461618,0.00520000,0.07832000
0.96460021,0.00520000,0.07840000
0.96456361,0.00520000,0.07848000
0.96495336,0.00520000,0.07752000
0.96510535,0.00520000,0.07720000
0.96514076,0.00520000,0.07712000
0.96514356,0.00520000,0.07704000
0.96463162,0.00520000,0.07824000
0.96463501,0.00520000,0.07816000
0.96453732,0.00520000,0.07872000
0.96452636,0.00520000,0.07880000
0.96560884,0.00520000,0.07552000
0.96447098,0.00528000,0.07912000
0.96448541,0.00528000,0.07888000
0.96447575,0.00528000,0.07896000
0.96447253,0.00528000,0.07904000
0.96435624,0.00528000,0.07944000
0.96440381,0.00528000,0.07920000
0.96434993,0.00528000,0.07952000
0.96432096,0.00528000,0.07960000
0.96437407,0.00528000,0.07936000
0.96439224,0.00528000,0.07928000
0.96409124,0.00536000,0.08008000
0.96409833,0.00536000,0.08000000
0.96419841,0.00536000,0.07992000
0.96407241,0.00536000,0.08016000
0.96405244,0.00536000,0.08024000
0.96397281,0.00536000,0.08048000
0.96429396,0.00536000,0.07960000
0.96426058,0.00536000,0.07968000
0.96424460,0.00536000,0.07984000
0.96404052,0.00536000,0.08032000
0.96396041,0.00536000,0.08064000
0.96397215,0.00536000,0.08056000
0.96403849,0.00536000,0.08040000
0.96393836,0.00544000,0.08064000
0.96344018,0.00552000,0.08216000
0.96343440,0.00552000,0.08224000
0.96341008,0.00552000,0.08232000
0.96339965,0.00552000,0.08240000
0.96337998,0.00552000,0.08248000
0.96367359,0.00552000,0.08128000
0.96365023,0.00552000,0.08136000
0.96364754,0.00552000,0.08144000
0.96329886,0.00552000,0.08288000
0.96328837,0.00552000,0.08296000
0.96328348,0.00552000,0.08304000
0.96328187,0.00552000,0.08312000
0.96326393,0.00552000,0.08320000
0.96353555,0.00552000,0.08192000
0.96351445,0.00552000,0.08200000
0.96345633,0.00552000,0.08208000
0.96334237,0.00552000,0.08256000
0.96330875,0.00552000,0.08272000
0.96330088,0.00552000,0.08280000
0.96382827,0.00552000,0.08088000
0.96381974,0.00552000,0.08096000
0.96372652,0.00552000,0.08104000
0.96372527,0.00552000,0.08112000
0.96371078,0.00552000,0.08120000
0.96363407,0.00552000,0.08152000
0.96363163,0.00552000,0.08160000
0.96362221,0.00552000,0.08168000
0.96359873,0.00552000,0.08176000
0.96357250,0.00552000,0.08184000
0.96388417,0.00552000,0.08064000
0.96387476,0.00552000,0.08072000
0.96383250,0.00552000,0.08080000
0.96321958,0.00560000,0.08344000
0.96221733,0.00560000,0.08672000
0.96219283,0.00560000,0.08680000
0.96263295,0.00560000,0.08552000
0.96260184,0.00560000,0.08560000
0.96250254,0.00560000,0.08576000
0.96314359,0.00560000,0.08376000
0.96324742,0.00560000,0.08320000
0.96194559,0.00560000,0.08752000
0.96193105,0.00560000,0.08760000
0.96192890,0.00560000,0.08768000
0.96189010,0.00560000,0.08776000
0.96182734,0.00560000,0.08784000
0.96312809,0.00560000,0.08392000
0.96319413,0.00560000,0.08352000
0.96249974,0.00560000,0.08584000
0.96322358,0.00560000,0.08328000
0.96313488,0.00560000,0.08384000
0.96307260,0.00560000,0.08440000
0.96304476,0.00560000,0.08448000
0.96245879,0.00560000,0.08592000
0.96243691,0.00560000,0.08600000
0.96242356,0.00560000,0.08608000
0.96240622,0.00560000,0.08616000
0.96280962,0.00560000,0.08488000
0.96217895,0.00560000,0.08688000
0.96307760,0.00560000,0.08432000
0.96316504,0.00560000,0.08360000
0.96315598,0.00560000,0.08368000
0.96311498,0.00560000,0.08408000
0.96222466,0.00560000,0.08664000
0.96280897,0.00560000,0.08496000
0.96308202,0.00560000,0.08424000
0.96263969,0.00560000,0.08544000
0.96264535,0.00560000,0.08536000
0.96269417,0.00560000,0.08528000
0.96272558,0.00560000,0.08520000
0.96312577,0.00560000,0.08400000
0.96278763,0.00560000,0.08504000
0.96309394,0.00560000,0.08416000
0.96292114,0.00560000,0.08480000
0.96293521,0.00560000,0.08472000
0.96296901,0.00560000,0.08464000
0.96298295,0.00560000,0.08456000
0.96205556,0.00560000,0.08712000
0.96212929,0.00560000,0.08704000
0.96215379,0.00560000,0.08696000
0.96205103,0.00560000,0.08720000
0.96225291,0.00560000,0.08656000
0.96226823,0.00560000,0.08648000
0.96235722,0.00560000,0.08640000
0.96236163,0.00560000,0.08632000
0.96239042,0.00560000,0.08624000
0.96199059,0.00560000,0.08744000
0.96200204,0.00560000,0.08736000
0.96203703,0.00560000,0.08728000
0.96277231,0.00560000,0.08512000
0.96169955,0.00568000,0.08824000
0.96173561,0.00568000,0.08816000
0.96176779,0.00568000,0.08808000
0.96177077,0.00568000,0.08800000
0.96177918,0.00568000,0.08792000
0.96182626,0.00568000,0.08784000
0.96164298,0.00576000,0.08824000
0.96159083,0.00584000,0.08840000
0.96160102,0.00584000,0.08832000
0.96163118,0.00584000,0.08824000
0.96158183,0.00592000,0.08840000
0.96136230,0.00600000,0.08904000
0.96131009,0.00600000,0.08912000
0.96128792,0.00600000,0.08920000
0.96145946,0.00600000,0.08864000
0.96142608,0.00600000,0.08872000
0.96142125,0.00600000,0.08880000
0.96139973,0.00600000,0.08888000
0.96139812,0.00600000,0.08896000
0.96152437,0.00600000,0.08848000
0.96157169,0.00600000,0.08840000
0.96127921,0.00600000,0.08928000
0.96151930,0.00600000,0.08856000
0.96119982,0.00600000,0.08936000
0.96110654,0.00608000,0.08960000
0.96107936,0.00608000,0.08976000
0.96110392,0.00608000,0.08968000
0.96101832,0.00608000,0.09024000
0.96101141,0.00608000,0.09032000
0.96099788,0.00608000,0.09040000
0.96096098,0.00608000,0.09048000
0.96095383,0.00608000,0.09056000
0.96092254,0.00608000,0.09064000
0.96090013,0.00608000,0.09072000
0.96102375,0.00608000,0.09016000
0.96115524,0.00608000,0.08944000
0.96116048,0.00608000,0.08936000
0.96114320,0.00608000,0.08952000
0.96105820,0.00608000,0.08984000
0.96105278,0.00608000,0.08992000
0.96104264,0.00608000,0.09000000
0.96102560,0.00608000,0.09008000
0.96086985,0.00616000,0.09072000
0.96086311,0.00616000,0.09080000
0.96080911,0.00624000,0.09080000
0.96069533,0.00624000,0.09136000
0.96070147,0.00624000,0.09128000
0.96074891,0.00624000,0.09120000
0.96079403,0.00624000,0.09112000
0.96079922,0.00624000,0.09104000
0.96080709,0.00624000,0.09096000
0.96080899,0.00624000,0.09088000
0.96068555,0.00632000,0.09136000
0.96068209,0.00632000,0.09144000
0.96062988,0.00632000,0.09152000
0.96062404,0.00632000,0.09160000
0.96037108,0.00640000,0.09208000
0.96053022,0.00640000,0.09176000
0.96055287,0.00640000,0.09168000
0.96061993,0.00640000,0.09160000
0.96039075,0.00640000,0.09200000
0.96045357,0.00640000,0.09184000
0.96041471,0.00640000,0.09192000
0.96036369,0.00648000,0.09208000
0.96022946,0.00656000,0.09256000
0.96035379,0.00656000,0.09208000
0.96030360,0.00656000,0.09216000
0.96026391,0.00656000,0.09224000
0.96018046,0.00656000,0.09264000
0.96026212,0.00656000,0.09232000
0.96023214,0.00656000,0.09248000
0.96023554,0.00656000,0.09240000
0.96016598,0.00656000,0.09288000
0.96016872,0.00656000,0.09280000
0.96017587,0.00656000,0.09272000
0.95965332,0.00664000,0.09416000
0.96012014,0.00664000,0.09296000
0.96014869,0.00664000,0.09288000
0.95983505,0.00664000,0.09368000
0.95978880,0.00664000,0.09376000
0.96003145,0.00664000,0.09328000
0.96011341,0.00664000,0.09304000
0.96007895,0.00664000,0.09312000
0.96003550,0.00664000,0.09320000
0.95978606,0.00664000,0.09384000
0.95977706,0.00664000,0.09392000
0.95973831,0.00664000,0.09400000
0.95970339,0.00664000,0.09408000
0.95998913,0.00664000,0.09336000
0.95993477,0.00664000,0.09344000
0.95984989,0.00664000,0.09360000
0.95987207,0.00664000,0.09352000
0.95952380,0.00672000,0.09456000
0.95953059,0.00672000,0.09448000
0.95958000,0.00672000,0.09432000
0.95957899,0.00672000,0.09440000
0.95948243,0.00672000,0.09472000
0.95948046,0.00672000,0.09480000
0.95948672,0.00672000,0.09464000
0.95943862,0.00672000,0.09488000
0.95961434,0.00672000,0.09416000
0.95960116,0.00672000,0.09424000
0.95885158,0.00680000,0.09688000
0.95910096,0.00680000,0.09608000
0.95911384,0.00680000,0.09600000
0.95911491,0.00680000,0.09592000
0.95906830,0.00680000,0.09616000
0.95895231,0.00680000,0.09640000
0.95900077,0.00680000,0.09632000
0.95905977,0.00680000,0.09624000
0.95915967,0.00680000,0.09584000
0.95939630,0.00680000,0.09488000
0.95892072,0.00680000,0.09664000
0.95886922,0.00680000,0.09680000
0.95888335,0.00680000,0.09672000
0.95892620,0.00680000,0.09656000
0.95917904,0.00680000,0.09576000
0.95892823,0.00680000,0.09648000
0.95932955,0.00680000,0.09528000
0.95924753,0.00680000,0.09536000
0.95924014,0.00680000,0.09544000
0.95922524,0.00680000,0.09552000
0.95933890,0.00680000,0.09512000
0.95935768,0.00680000,0.09504000
0.95939451,0.00680000,0.09496000
0.95933145,0.00680000,0.09520000
0.95921737,0.00680000,0.09560000
0.95921415,0.00680000,0.09568000
0.95883155,0.00688000,0.09688000
0.95869511,0.00696000,0.09728000
0.95865238,0.00696000,0.09736000
0.95881534,0.00696000,0.09688000
0.95870334,0.00696000,0.09720000
0.95874405,0.00696000,0.09696000
0.95872295,0.00696000,0.09704000
0.95871353,0.00696000,0.09712000
0.95855379,0.00704000,0.09744000
0.95864415,0.00704000,0.09736000
0.95854908,0.00712000,0.09752000
0.95854646,0.00712000,0.09760000
0.95854974,0.00712000,0.09744000
0.95852935,0.00720000,0.09760000
0.95851642,0.00720000,0.09768000
0.95849693,0.00720000,0.09776000
0.95839763,0.00720000,0.09800000
0.95840263,0.00720000,0.09792000
0.95847178,0.00720000,0.09784000
0.95830333,0.00728000,0.09824000
0.95824599,0.00728000,0.09832000
0.95817417,0.00728000,0.09840000
0.95831120,0.00728000,0.09816000
0.95838350,0.00728000,0.09808000
0.95839334,0.00728000,0.09800000
0.95817167,0.00736000,0.09848000
0.95817220,0.00736000,0.09840000
0.95813525,0.00736000,0.09864000
0.95816392,0.00736000,0.09856000
0.95810634,0.00736000,0.09872000
0.95809901,0.00744000,0.09872000
0.95804834,0.00744000,0.09888000
0.95808774,0.00744000,0.09880000
0.95801485,0.00752000,0.09888000
0.95800841,0.00760000,0.09888000
0.95793152,0.00768000,0.09936000
0.95793355,0.00768000,0.09928000
0.95799571,0.00768000,0.09888000
0.95798880,0.00768000,0.09920000
0.95798969,0.00768000,0.09912000
0.95799208,0.00768000,0.09904000
0.95766246,0.00776000,0.10000000
0.95772839,0.00776000,0.09976000
0.95770305,0.00776000,0.09984000
0.95767605,0.00776000,0.09992000
0.95774066,0.00776000,0.09968000
0.95781130,0.00776000,0.09960000
0.95783085,0.00776000,0.09952000
0.95792294,0.00776000,0.09936000
0.95783687,0.00776000,0.09944000
0.95734113,0.00784000,0.10064000
0.95758170,0.00784000,0.10008000
0.95753860,0.00784000,0.10016000
0.95752126,0.00784000,0.10024000
0.95749903,0.00784000,0.10040000
0.95751864,0.00784000,0.10032000
0.95743239,0.00784000,0.10048000
0.95739722,0.00784000,0.10056000
0.95759231,0.00784000,0.10000000
0.95729780,0.00792000,0.10072000
0.95732868,0.00792000,0.10064000
0.95724797,0.00800000,0.10088000
0.95725864,0.00800000,0.10080000
0.95728225,0.00800000,0.10072000
0.95724368,0.00808000,0.10088000
0.95721555,0.00808000,0.10104000
0.95723855,0.00808000,0.10096000
0.95720786,0.00808000,0.10112000
0.95713383,0.00808000,0.10120000
0.95699459,0.00816000,0.10160000
0.95622039,0.00816000,0.10384000
0.95616567,0.00816000,0.10392000
0.95624983,0.00816000,0.10368000
0.95622855,0.00816000,0.10376000
0.95613450,0.00816000,0.10416000
0.95613444,0.00816000,0.10424000
0.95647782,0.00816000,0.10304000
0.95644361,0.00816000,0.10312000
0.95643616,0.00816000,0.10320000
0.95639288,0.00816000,0.10328000
0.95616364,0.00816000,0.10400000
0.95615405,0.00816000,0.10408000
0.95634991,0.00816000,0.10344000
0.95636690,0.00816000,0.10336000
0.95632899,0.00816000,0.10352000
0.95710009,0.00816000,0.10120000
0.95706242,0.00816000,0.10128000
0.95705312,0.00816000,0.10136000
0.95702428,0.00816000,0.10144000
0.95700532,0.00816000,0.10152000
0.95628601,0.00816000,0.10360000
0.95665073,0.00816000,0.10232000
0.95658022,0.00816000,0.10240000
0.95657074,0.00816000,0.10248000
0.95656586,0.00816000,0.10256000
0.95655221,0.00816000,0.10264000
0.95651662,0.00816000,0.10272000
0.95650542,0.00816000,0.10280000
0.95650399,0.00816000,0.10296000
0.95699179,0.00816000,0.10168000
0.95696610,0.00816000,0.10176000
0.95691359,0.00816000,0.10184000
0.95690846,0.00816000,0.10192000
0.95685488,0.00816000,0.10200000
0.95678055,0.00816000,0.10208000
0.95674098,0.00816000,0.10216000
0.95611024,0.00816000,0.10432000
0.95610958,0.00816000,0.10440000
0.95607001,0.00816000,0.10448000
0.95604450,0.00816000,0.10456000
0.95599198,0.00816000,0.10464000
0.95598489,0.00816000,0.10472000
0.95598185,0.00816000,0.10480000
0.95672286,0.00816000,0.10224000
0.95547467,0.00824000,0.10672000
0.95580149,0.00824000,0.10560000
0.95579833,0.00824000,0.10568000
0.95577145,0.00824000,0.10576000
0.95594668,0.00824000,0.10488000
0.95592064,0.00824000,0.10496000
0.95531273,0.00824000,0.10784000
0.95530003,0.00824000,0.10792000
0.95528597,0.00824000,0.10800000
0.95525920,0.00824000,0.10808000
0.95580178,0.00824000,0.10552000
0.95574671,0.00824000,0.10584000
0.95571208,0.00824000,0.10592000
0.95566005,0.00824000,0.10600000
0.95589602,0.00824000,0.10504000
0.95587599,0.00824000,0.10512000
0.95587558,0.00824000,0.10520000
0.95585483,0.00824000,0.10528000
0.95581955,0.00824000,0.10536000
0.95581335,0.00824000,0.10544000
0.95595074,0.00824000,0.10480000
0.95541495,0.00824000,0.10720000
0.95540351,0.00824000,0.10728000
0.95539927,0.00824000,0.10736000
0.95539916,0.00824000,0.10744000
0.95539534,0.00824000,0.10752000
0.95538372,0.00824000,0.10760000
0.95531601,0.00824000,0.10768000
0.95531493,0.00824000,0.10776000
0.95543635,0.00824000,0.10696000
0.95542669,0.00824000,0.10704000
0.95542306,0.00824000,0.10712000
0.95544845,0.00824000,0.10680000
0.95544237,0.00824000,0.10688000
0.95521384,0.00824000,0.10824000
0.95547628,0.00824000,0.10664000
0.95525485,0.00824000,0.10816000
0.95565414,0.00824000,0.10608000
0.95555943,0.00824000,0.10616000
0.95554966,0.00824000,0.10624000
0.95552570,0.00824000,0.10632000
0.95551211,0.00824000,0.10640000
0.95550895,0.00824000,0.10648000
0.95548522,0.00824000,0.10656000
0.95493889,0.00832000,0.10936000
0.95518202,0.00832000,0.10840000
0.95517594,0.00832000,0.10848000
0.95516449,0.00832000,0.10856000
0.95519274,0.00832000,0.10832000
0.95520788,0.00832000,0.10824000
0.95499897,0.00832000,0.10920000
0.95489287,0.00832000,0.10944000
0.95497364,0.00832000,0.10928000
0.95508116,0.00832000,0.10888000
0.95507944,0.00832000,0.10896000
0.95506388,0.00832000,0.10904000
0.95501322,0.00832000,0.10912000
0.95483494,0.00832000,0.10960000
0.95484787,0.00832000,0.10952000
0.95512956,0.00832000,0.10864000
0.95508641,0.00832000,0.10880000
0.95508879,0.00832000,0.10872000
0.95432574,0.00840000,0.11080000
0.95464730,0.00840000,0.11008000
0.95476097,0.00840000,0.10968000
0.95454204,0.00840000,0.11016000
0.95467663,0.00840000,0.11000000
0.95474499,0.00840000,0.10976000
0.95469737,0.00840000,0.10984000
0.95468193,0.00840000,0.10992000
0.95437199,0.00840000,0.11048000
0.95439315,0.00840000,0.11040000
0.95450372,0.00840000,0.11032000
0.95454109,0.00840000,0.11024000
0.95477206,0.00840000,0.10960000
0.95430714,0.00840000,0.11088000
0.95434016,0.00840000,0.11072000
0.95434290,0.00840000,0.11064000
0.95436621,0.00840000,0.11056000
0.95430410,0.00848000,0.11088000
0.95429361,0.00848000,0.11104000
0.95425069,0.00848000,0.11128000
0.95426440,0.00848000,0.11120000
0.95430052,0.00848000,0.11096000
0.95428836,0.00848000,0.11112000
0.95410103,0.00856000,0.11184000
0.95410722,0.00856000,0.11176000
0.95410985,0.00856000,0.11168000
0.95415235,0.00856000,0.11160000
0.95424366,0.00856000,0.11128000
0.95421326,0.00856000,0.11136000
0.95419711,0.00856000,0.11144000
0.95406914,0.00856000,0.11192000
0.95417148,0.00856000,0.11152000
0.95403647,0.00856000,0.11224000
0.95403200,0.00856000,0.11232000
0.95401174,0.00856000,0.11240000
0.95400697,0.00856000,0.11248000
0.95399612,0.00856000,0.11256000
0.95405489,0.00856000,0.11208000
0.95406675,0.00856000,0.11200000
0.95398968,0.00856000,0.11264000
0.95398885,0.00856000,0.11272000
0.95404863,0.00856000,0.11216000
0.95386118,0.00864000,0.11312000
0.95389467,0.00864000,0.11280000
0.95388871,0.00864000,0.11288000
0.95388544,0.00864000,0.11296000
0.95391798,0.00864000,0.11272000
0.95387816,0.00864000,0.11304000
0.95381820,0.00872000,0.11320000
0.95383537,0.00872000,0.11312000
0.95381671,0.00872000,0.11328000
0.95368904,0.00880000,0.11368000
0.95374620,0.00880000,0.11336000
0.95377094,0.00880000,0.11328000
0.95360929,0.00880000,0.11376000
0.95369190,0.00880000,0.11360000
0.95373094,0.00880000,0.11352000
0.95374250,0.00880000,0.11344000
0.95347846,0.00888000,0.11392000
0.95346922,0.00888000,0.11400000
0.95351040,0.00888000,0.11384000
0.95355928,0.00888000,0.11376000
0.95345515,0.00896000,0.11400000
0.95345050,0.00896000,0.11408000
0.95342457,0.00904000,0.11408000
0.95339346,0.00912000,0.11424000
0.95339715,0.00912000,0.11416000
0.95339978,0.00912000,0.11408000
0.95329857,0.00920000,0.11432000
0.95320219,0.00920000,0.11440000
0.95333022,0.00920000,0.11424000
0.95317864,0.00928000,0.11456000
0.95302457,0.00928000,0.11544000
0.95302737,0.00928000,0.11536000
0.95304418,0.00928000,0.11520000
0.95304555,0.00928000,0.11512000
0.95303661,0.00928000,0.11528000
0.95319158,0.00928000,0.11440000
0.95313871,0.00928000,0.11464000
0.95313329,0.00928000,0.11472000
0.95317930,0.00928000,0.11448000
0.95306450,0.00928000,0.11504000
0.95312482,0.00928000,0.11480000
0.95311987,0.00928000,0.11488000
0.95310783,0.00928000,0.11496000
0.95295691,0.00936000,0.11544000
0.95295137,0.00944000,0.11544000
0.95295084,0.00952000,0.11544000
0.95292962,0.00952000,0.11568000
0.95293242,0.00952000,0.11560000
0.95293373,0.00952000,0.11552000
0.95291346,0.00952000,0.11576000
0.95290774,0.00952000,0.11584000
0.95290679,0.00952000,0.11592000
0.95281523,0.00960000,0.11600000
0.95279020,0.00960000,0.11608000
0.95289129,0.00960000,0.11592000
0.95256388,0.00968000,0.11696000
0.95266414,0.00968000,0.11656000
0.95253336,0.00968000,0.11704000
0.95268112,0.00968000,0.11648000
0.95269024,0.00968000,0.11640000
0.95259893,0.00968000,0.11688000
0.95261317,0.00968000,0.11672000
0.95277768,0.00968000,0.11608000
0.95260322,0.00968000,0.11680000
0.95273924,0.00968000,0.11632000
0.95275539,0.00968000,0.11616000
0.95264769,0.00968000,0.11664000
0.95202118,0.00976000,0.11872000
0.95203114,0.00976000,0.11856000
0.95206571,0.00976000,0.11816000
0.95204735,0.00976000,0.11832000
0.95203197,0.00976000,0.11848000
0.95205456,0.00976000,0.11824000
0.95242769,0.00976000,0.11744000
0.95243418,0.00976000,0.11736000
0.95244110,0.00976000,0.11728000
0.95208538,0.00976000,0.11808000
0.95213735,0.00976000,0.11800000
0.95219266,0.00976000,0.11792000
0.95221162,0.00976000,0.11784000
0.95226270,0.00976000,0.11776000
0.95241570,0.00976000,0.11752000
0.95227903,0.00976000,0.11768000
0.95237732,0.00976000,0.11760000
0.95204365,0.00976000,0.11840000
0.95249671,0.00976000,0.11720000
0.95252687,0.00976000,0.11704000
0.95251042,0.00976000,0.11712000
0.95202249,0.00976000,0.11864000
0.95181543,0.00984000,0.11920000
0.95186919,0.00984000,0.11904000
0.95195389,0.00984000,0.11888000
0.95181668,0.00984000,0.11912000
0.95199144,0.00984000,0.11872000
0.95197225,0.00984000,0.11880000
0.95195341,0.00984000,0.11896000
0.95177156,0.00992000,0.11920000
0.95168465,0.00992000,0.11944000
0.95169491,0.00992000,0.11936000
0.95171392,0.00992000,0.11928000
0.95167893,0.00992000,0.11952000
0.95165384,0.00992000,0.11968000
0.95164025,0.00992000,0.11976000
0.95167619,0.00992000,0.11960000
0.95149732,0.01000000,0.12016000
0.95151097,0.01000000,0.12008000
0.95155334,0.01000000,0.12000000
0.95162493,0.01000000,0.11976000
0.95158648,0.01000000,0.11984000
0.95157582,0.01000000,0.11992000
0.95118368,0.01008000,0.12136000
0.95143604,0.01008000,0.12048000
0.95141542,0.01008000,0.12080000
0.95130938,0.01008000,0.12104000
0.95137864,0.01008000,0.12096000
0.95140499,0.01008000,0.12088000
0.95143068,0.01008000,0.12064000
0.95122933,0.01008000,0.12128000
0.95123291,0.01008000,0.12120000
0.95143634,0.01008000,0.12040000
0.95144325,0.01008000,0.12024000
0.95149380,0.01008000,0.12016000
0.95143455,0.01008000,0.12056000
0.95125902,0.01008000,0.12112000
0.95144093,0.01008000,0.12032000
0.95142269,0.01008000,0.12072000
0.95115823,0.01016000,0.12136000
0.95093590,0.01024000,0.12200000
0.95090002,0.01024000,0.12224000
0.95090026,0.01024000,0.12216000
0.95085144,0.01024000,0.12232000
0.95090479,0.01024000,0.12208000
0.95114404,0.01024000,0.12136000
0.95113844,0.01024000,0.12144000
0.95108753,0.01024000,0.12160000
0.95107120,0.01024000,0.12168000
0.95102149,0.01024000,0.12176000
0.95099533,0.01024000,0.12184000
0.95113379,0.01024000,0.12152000
0.95095348,0.01024000,0.12192000
0.95067984,0.01040000,0.12312000
0.95067859,0.01040000,0.12320000
0.95058829,0.01040000,0.12328000
0.95056909,0.01040000,0.12336000
0.95055652,0.01040000,0.12344000
0.95055330,0.01040000,0.12352000
0.95046926,0.01040000,0.12360000
0.95072126,0.01040000,0.12280000
0.95068246,0.01040000,0.12304000
0.95072705,0.01040000,0.12272000
0.95068836,0.01040000,0.12296000
0.95069438,0.01040000,0.12288000
0.95038861,0.01040000,0.12400000
0.95074677,0.01040000,0.12264000
0.95076615,0.01040000,0.12256000
0.95080423,0.01040000,0.12248000
0.95043081,0.01040000,0.12392000
0.95043492,0.01040000,0.12384000
0.95083296,0.01040000,0.12240000
0.95044011,0.01040000,0.12368000
0.95085096,0.01040000,0.12232000
0.95043904,0.01040000,0.12376000
0.95035899,0.01048000,0.12424000
0.95038515,0.01048000,0.12400000
0.95037234,0.01048000,0.12416000
0.95037431,0.01048000,0.12408000
0.95022327,0.01056000,0.12480000
0.95023918,0.01056000,0.12472000
0.95026630,0.01056000,0.12456000
0.95031625,0.01056000,0.12432000
0.95024955,0.01056000,0.12464000
0.95034999,0.01056000,0.12424000
0.95029688,0.01056000,0.12440000
0.95028895,0.01056000,0.12448000
0.95012373,0.01064000,0.12488000
0.95011878,0.01064000,0.12496000
0.95021617,0.01064000,0.12480000
0.95009142,0.01072000,0.12496000
0.94996810,0.01080000,0.12520000
0.94991595,0.01080000,0.12528000
0.94997865,0.01080000,0.12504000
0.94987822,0.01080000,0.12544000
0.94989628,0.01080000,0.12536000
0.94997478,0.01080000,0.12512000
0.95003933,0.01080000,0.12496000
0.94984967,0.01088000,0.12544000
0.94982046,0.01088000,0.12560000
0.94983357,0.01088000,0.12552000
0.94976884,0.01088000,0.12568000
0.94971353,0.01096000,0.12592000
0.94955015,0.01096000,0.12648000
0.94955146,0.01096000,0.12640000
0.94956487,0.01096000,0.12632000
0.94950223,0.01096000,0.12656000
0.94976777,0.01096000,0.12568000
0.94972181,0.01096000,0.12584000
0.94976676,0.01096000,0.12576000
0.94971347,0.01096000,0.12600000
0.94950080,0.01096000,0.12664000
0.94960207,0.01096000,0.12624000
0.94966304,0.01096000,0.12616000
0.94970590,0.01096000,0.12608000
0.94943386,0.01104000,0.12688000
0.94945759,0.01104000,0.12680000
0.94947988,0.01104000,0.12672000
0.94949877,0.01104000,0.12664000
0.94941634,0.01104000,0.12704000
0.94931579,0.01112000,0.12744000
0.94930947,0.01112000,0.12752000
0.94938862,0.01112000,0.12720000
0.94933772,0.01112000,0.12728000
0.94941419,0.01112000,0.12704000
0.94933170,0.01112000,0.12736000
0.94939816,0.01112000,0.12712000
0.94929850,0.01120000,0.12752000
0.94918430,0.01128000,0.12792000
0.94925356,0.01128000,0.12784000
0.94928193,0.01128000,0.12752000
0.94926584,0.01128000,0.12776000
0.94926870,0.01128000,0.12768000
0.94927365,0.01128000,0.12760000
0.94917226,0.01136000,0.12792000
0.94914132,0.01136000,0.12800000
0.94912887,0.01136000,0.12816000
0.94913459,0.01136000,0.12808000
0.94909519,0.01136000,0.12832000
0.94910878,0.01136000,0.12824000
0.94909453,0.01144000,0.12832000
0.94908327,0.01152000,0.12832000
0.94903255,0.01152000,0.12840000
0.94892812,0.01160000,0.12864000
0.94898587,0.01160000,0.12840000
0.94893157,0.01160000,0.12856000
0.94898480,0.01160000,0.12848000
0.94880134,0.01160000,0.12912000
0.94888198,0.01160000,0.12888000
0.94888794,0.01160000,0.12880000
0.94885200,0.01160000,0.12896000
0.94890881,0.01160000,0.12872000
0.94880867,0.01160000,0.12904000
0.94874740,0.01168000,0.12960000
0.94862175,0.01168000,0.12992000
0.94854379,0.01168000,0.13000000
0.94878387,0.01168000,0.12928000
0.94878620,0.01168000,0.12920000
0.94846892,0.01168000,0.13024000
0.94850129,0.01168000,0.13016000
0.94876808,0.01168000,0.12944000
0.94870126,0.01168000,0.12968000
0.94862777,0.01168000,0.12984000
0.94865489,0.01168000,0.12976000
0.94876093,0.01168000,0.12952000
0.94877476,0.01168000,0.12936000
0.94851267,0.01168000,0.13008000
0.94880104,0.01168000,0.12912000
0.94846439,0.01176000,0.13024000
0.94836468,0.01184000,0.13096000
0.94835931,0.01184000,0.13104000
0.94835746,0.01184000,0.13112000
0.94844317,0.01184000,0.13032000
0.94842398,0.01184000,0.13048000
0.94842535,0.01184000,0.13040000
0.94841874,0.01184000,0.13056000
0.94844759,0.01184000,0.13024000
0.94836819,0.01184000,0.13088000
0.94840896,0.01184000,0.13064000
0.94838482,0.01184000,0.13072000
0.94836926,0.01184000,0.13080000
0.94835538,0.01192000,0.13112000
0.94815522,0.01200000,0.13184000
0.94814044,0.01200000,0.13192000
0.94832182,0.01200000,0.13112000
0.94809723,0.01200000,0.13208000
0.94809908,0.01200000,0.13200000
0.94831127,0.01200000,0.13120000
0.94827420,0.01200000,0.13136000
0.94830161,0.01200000,0.13128000
0.94822383,0.01200000,0.13144000
0.94819474,0.01200000,0.13168000
0.94819969,0.01200000,0.13160000
0.94821376,0.01200000,0.13152000
0.94817829,0.01200000,0.13176000
0.94806004,0.01208000,0.13216000
0.94803351,0.01208000,0.13240000
0.94808525,0.01208000,0.13208000
0.94798088,0.01208000,0.13256000
0.94802362,0.01208000,0.13248000
0.94803619,0.01208000,0.13232000
0.94804484,0.01208000,0.13224000
0.94793260,0.01208000,0.13264000
0.94790173,0.01216000,0.13264000
0.94769335,0.01216000,0.13296000
0.94780713,0.01216000,0.13272000
0.94774836,0.01216000,0.13288000
0.94775778,0.01216000,0.13280000
0.94767725,0.01224000,0.13304000
0.94766873,0.01224000,0.13312000
0.94766164,0.01224000,0.13320000
0.94763970,0.01224000,0.13328000
0.94767922,0.01224000,0.13296000
0.94758970,0.01232000,0.13328000
0.94758540,0.01240000,0.13328000
0.94722784,0.01248000,0.13416000
0.94720846,0.01248000,0.13424000
0.94737506,0.01248000,0.13368000
0.94743347,0.01248000,0.13360000
0.94744021,0.01248000,0.13352000
0.94734454,0.01248000,0.13392000
0.94735622,0.01248000,0.13384000
0.94736046,0.01248000,0.13376000
0.94748110,0.01248000,0.13344000
0.94754583,0.01248000,0.13336000
0.94758534,0.01248000,0.13328000
0.94727063,0.01248000,0.13408000
0.94733429,0.01248000,0.13400000
0.94715190,0.01256000,0.13440000
0.94718599,0.01256000,0.13424000
0.94717938,0.01256000,0.13432000
0.94714451,0.01256000,0.13456000
0.94714570,0.01256000,0.13448000
0.94713038,0.01264000,0.13456000
0.94710076,0.01264000,0.13464000
0.94709492,0.01272000,0.13464000
0.94703364,0.01272000,0.13480000
0.94709170,0.01272000,0.13472000
0.94702125,0.01280000,0.13480000
0.94674772,0.01288000,0.13584000
0.94650215,0.01288000,0.13688000
0.94677347,0.01288000,0.13568000
0.94636321,0.01288000,0.13728000
0.94678897,0.01288000,0.13552000
0.94682670,0.01288000,0.13544000
0.94693530,0.01288000,0.13496000
0.94695657,0.01288000,0.13488000
0.94701642,0.01288000,0.13480000
0.94650030,0.01288000,0.13696000
0.94674891,0.01288000,0.13576000
0.94662958,0.01288000,0.13624000
0.94638157,0.01288000,0.13720000
0.94672346,0.01288000,0.13592000
0.94635522,0.01288000,0.13736000
0.94629359,0.01288000,0.13744000
0.94663626,0.01288000,0.13616000
0.94669825,0.01288000,0.13608000
0.94682992,0.01288000,0.13536000
0.94653398,0.01288000,0.13664000
0.94661045,0.01288000,0.13640000
0.94691712,0.01288000,0.13504000
0.94649059,0.01288000,0.13704000
0.94643110,0.01288000,0.13712000
0.94651252,0.01288000,0.13680000
0.94684803,0.01288000,0.13512000
0.94683707,0.01288000,0.13520000
0.94683653,0.01288000,0.13528000
0.94658726,0.01288000,0.13648000
0.94655478,0.01288000,0.13656000
0.94671834,0.01288000,0.13600000
0.94677484,0.01288000,0.13560000
0.94653022,0.01288000,0.13672000
0.94604045,0.01296000,0.13848000
0.94607204,0.01296000,0.13840000
0.94618952,0.01296000,0.13824000
0.94614005,0.01296000,0.13832000
0.94622284,0.01296000,0.13784000
0.94625401,0.01296000,0.13744000
0.94622314,0.01296000,0.13776000
0.94623691,0.01296000,0.13768000
0.94624037,0.01296000,0.13760000
0.94625068,0.01296000,0.13752000
0.94621772,0.01296000,0.13792000
0.94621336,0.01296000,0.13800000
0.94620973,0.01296000,0.13808000
0.94619101,0.01296000,0.13816000
0.94603842,0.01296000,0.13856000
0.94603461,0.01296000,0.13864000
0.94592816,0.01304000,0.13904000
0.94596964,0.01304000,0.13888000
0.94596267,0.01304000,0.13896000
0.94602001,0.01304000,0.13864000
0.94600379,0.01304000,0.13872000
0.94599169,0.01304000,0.13880000
0.94590539,0.01312000,0.13904000
0.94590265,0.01312000,0.13912000
0.94588077,0.01320000,0.13912000
0.94586384,0.01328000,0.13920000
0.94584566,0.01328000,0.13928000
0.94583809,0.01328000,0.13936000
0.94587916,0.01328000,0.13912000
0.94583249,0.01336000,0.13936000
0.94579875,0.01336000,0.13944000
0.94576168,0.01344000,0.13944000
0.94563407,0.01352000,0.13992000
0.94559342,0.01352000,0.14000000
0.94554555,0.01352000,0.14008000
0.94552928,0.01352000,0.14016000
0.94572818,0.01352000,0.13944000
0.94570982,0.01352000,0.13952000
0.94503993,0.01352000,0.14152000
0.94503129,0.01352000,0.14160000
0.94502926,0.01352000,0.14168000
0.94502765,0.01352000,0.14176000
0.94526356,0.01352000,0.14088000
0.94525278,0.01352000,0.14096000
0.94521976,0.01352000,0.14104000
0.94518685,0.01352000,0.14112000
0.94549388,0.01352000,0.14024000
0.94545209,0.01352000,0.14032000
0.94510657,0.01352000,0.14120000
0.94510186,0.01352000,0.14128000
0.94508570,0.01352000,0.14136000
0.94505960,0.01352000,0.14144000
0.94533855,0.01352000,0.14056000
0.94532776,0.01352000,0.14064000
0.94542783,0.01352000,0.14040000
0.94533885,0.01352000,0.14048000
0.94501853,0.01352000,0.14184000
0.94500220,0.01352000,0.14192000
0.94530892,0.01352000,0.14072000
0.94527686,0.01352000,0.14080000
0.94568115,0.01352000,0.13960000
0.94567090,0.01352000,0.13968000
0.94566941,0.01352000,0.13976000
0.94564790,0.01352000,0.13984000
0.94490129,0.01360000,0.14208000
0.94489342,0.01360000,0.14216000
0.94489324,0.01360000,0.14224000
0.94483227,0.01360000,0.14232000
0.94482607,0.01360000,0.14248000
0.94483066,0.01360000,0.14240000
0.94490314,0.01360000,0.14200000
0.94497144,0.01360000,0.14192000
0.94481105,0.01368000,0.14248000
0.94480896,0.01368000,0.14256000
0.94470924,0.01368000,0.14304000
0.94471157,0.01368000,0.14296000
0.94470549,0.01368000,0.14320000
0.94470668,0.01368000,0.14312000
0.94469935,0.01368000,0.14328000
0.94467133,0.01368000,0.14336000
0.94472617,0.01368000,0.14288000
0.94473022,0.01368000,0.14280000
0.94476777,0.01368000,0.14272000
0.94478637,0.01368000,0.14264000
0.94461542,0.01376000,0.14352000
0.94460839,0.01376000,0.14360000
0.94460350,0.01376000,0.14368000
0.94459605,0.01376000,0.14376000
0.94464958,0.01376000,0.14336000
0.94461840,0.01376000,0.14344000
0.94456178,0.01376000,0.14392000
0.94451588,0.01376000,0.14400000
0.94459391,0.01376000,0.14384000
0.94419479,0.01384000,0.14472000
0.94432521,0.01384000,0.14440000
0.94415879,0.01384000,0.14480000
0.94438785,0.01384000,0.14424000
0.94446653,0.01384000,0.14400000
0.94424880,0.01384000,0.14456000
0.94422179,0.01384000,0.14464000
0.94429356,0.01384000,0.14448000
0.94438559,0.01384000,0.14432000
0.94444740,0.01384000,0.14408000
0.94443023,0.01384000,0.14416000
0.94413239,0.01384000,0.14488000
0.94410551,0.01384000,0.14496000
0.94399577,0.01392000,0.14536000
0.94400090,0.01392000,0.14528000
0.94402158,0.01392000,0.14520000
0.94402874,0.01392000,0.14512000
0.94408256,0.01392000,0.14504000
0.94409138,0.01392000,0.14496000
0.94390345,0.01400000,0.14568000
0.94384742,0.01400000,0.14576000
0.94390911,0.01400000,0.14560000
0.94391930,0.01400000,0.14552000
0.94381785,0.01400000,0.14592000
0.94383371,0.01400000,0.14584000
0.94393313,0.01400000,0.14544000
0.94395363,0.01400000,0.14536000
0.94370341,0.01408000,0.14640000
0.94365853,0.01408000,0.14648000
0.94377410,0.01408000,0.14608000
0.94372743,0.01408000,0.14616000
0.94334036,0.01408000,0.14752000
0.94330335,0.01408000,0.14760000
0.94324923,0.01408000,0.14784000
0.94324154,0.01408000,0.14792000
0.94322360,0.01408000,0.14832000
0.94320494,0.01408000,0.14840000
0.94314438,0.01408000,0.14848000
0.94312644,0.01408000,0.14856000
0.94324130,0.01408000,0.14800000
0.94323844,0.01408000,0.14808000
0.94355237,0.01408000,0.14672000
0.94352072,0.01408000,0.14680000
0.94371837,0.01408000,0.14624000
0.94371426,0.01408000,0.14632000
0.94328672,0.01408000,0.14768000
0.94326699,0.01408000,0.14776000
0.94312507,0.01408000,0.14864000
0.94312006,0.01408000,0.14872000
0.94348246,0.01408000,0.14688000
0.94342673,0.01408000,0.14696000
0.94341230,0.01408000,0.14720000
0.94340879,0.01408000,0.14728000
0.94341367,0.01408000,0.14704000
0.94341296,0.01408000,0.14712000
0.94358337,0.01408000,0.14656000
0.94356054,0.01408000,0.14664000
0.94323760,0.01408000,0.14816000
0.94322401,0.01408000,0.14824000
0.94338715,0.01408000,0.14736000
0.94335753,0.01408000,0.14744000
0.94381768,0.01408000,0.14592000
0.94380289,0.01408000,0.14600000
0.94297773,0.01416000,0.14952000
0.94299436,0.01416000,0.14944000
0.94301367,0.01416000,0.14936000
0.94303209,0.01416000,0.14928000
0.94296539,0.01416000,0.14960000
0.94293416,0.01416000,0.14968000
0.94305223,0.01416000,0.14896000
0.94304299,0.01416000,0.14904000
0.94311953,0.01416000,0.14872000
0.94311172,0.01416000,0.14888000
0.94288266,0.01416000,0.14984000
0.94289440,0.01416000,0.14976000
0.94303483,0.01416000,0.14912000
0.94303387,0.01416000,0.14920000
0.94270992,0.01424000,0.15056000
0.94273746,0.01424000,0.15048000
0.94282752,0.01424000,0.14992000
0.94262189,0.01424000,0.15128000
0.94263113,0.01424000,0.15120000
0.94263268,0.01424000,0.15112000
0.94264209,0.01424000,0.15096000
0.94279861,0.01424000,0.15016000
0.94277328,0.01424000,0.15040000
0.94278282,0.01424000,0.15032000
0.94269866,0.01424000,0.15080000
0.94268841,0.01424000,0.15088000
0.94270569,0.01424000,0.15064000
0.94270504,0.01424000,0.15072000
0.94284564,0.01424000,0.14984000
0.94264179,0.01424000,0.15104000
0.94281006,0.01424000,0.15000000
0.94280589,0.01424000,0.15008000
0.94279128,0.01424000,0.15024000
0.94241202,0.01432000,0.15184000
0.94256163,0.01432000,0.15128000
0.94242293,0.01432000,0.15168000
0.94247246,0.01432000,0.15152000
0.94238806,0.01432000,0.15216000
0.94239146,0.01432000,0.15208000
0.94248486,0.01432000,0.15144000
0.94239271,0.01432000,0.15200000
0.94239908,0.01432000,0.15192000
0.94254130,0.01432000,0.15136000
0.94246525,0.01432000,0.15160000
0.94236660,0.01440000,0.15224000
0.94236946,0.01440000,0.15216000
0.94236022,0.01448000,0.15224000
0.94228339,0.01448000,0.15240000
0.94224465,0.01448000,0.15248000
0.94221246,0.01448000,0.15256000
0.94233841,0.01448000,0.15232000
0.94217002,0.01456000,0.15264000
0.94221216,0.01456000,0.15256000
0.94215530,0.01464000,0.15264000
0.94214779,0.01464000,0.15272000
0.94211489,0.01472000,0.15280000
0.94212508,0.01472000,0.15272000
0.94211149,0.01472000,0.15288000
0.94180465,0.01480000,0.15328000
0.94205058,0.01480000,0.15288000
0.94188464,0.01480000,0.15312000
0.94192004,0.01480000,0.15304000
0.94186020,0.01480000,0.15320000
0.94203365,0.01480000,0.15296000
0.94178170,0.01488000,0.15328000
0.94172281,0.01488000,0.15352000
0.94173467,0.01488000,0.15344000
0.94175637,0.01488000,0.15336000
0.94168890,0.01496000,0.15360000
0.94156462,0.01496000,0.15384000
0.94164610,0.01496000,0.15368000
0.94161248,0.01496000,0.15376000
0.94171065,0.01496000,0.15352000
0.94143271,0.01504000,0.15424000
0.94153351,0.01504000,0.15392000
0.94152504,0.01504000,0.15400000
0.94145405,0.01504000,0.15416000
0.94156450,0.01504000,0.15384000
0.94151103,0.01504000,0.15408000
0.94143021,0.01504000,0.15432000
0.94137168,0.01504000,0.15440000
0.94131589,0.01512000,0.15464000
0.94136459,0.01512000,0.15448000
0.94136721,0.01512000,0.15440000
0.94129211,0.01512000,0.15480000
0.94135833,0.01512000,0.15456000
0.94131207,0.01512000,0.15472000
0.94097281,0.01520000,0.15552000
0.94096529,0.01520000,0.15560000
0.94056463,0.01520000,0.15672000
0.94056380,0.01520000,0.15680000
0.94116324,0.01520000,0.15496000
0.94112092,0.01520000,0.15520000
0.94116306,0.01520000,0.15504000
0.94115144,0.01520000,0.15512000
0.94079649,0.01520000,0.15608000
0.94076896,0.01520000,0.15616000
0.94070119,0.01520000,0.15640000
0.94070554,0.01520000,0.15632000
0.94066757,0.01520000,0.15656000
0.94068104,0.01520000,0.15648000
0.94106442,0.01520000,0.15544000
0.94062155,0.01520000,0.15664000
0.94109380,0.01520000,0.15528000
0.94106996,0.01520000,0.15536000
0.94093680,0.01520000,0.15568000
0.94092393,0.01520000,0.15576000
0.94119084,0.01520000,0.15480000
0.94084501,0.01520000,0.15600000
0.94084901,0.01520000,0.15592000
0.94091457,0.01520000,0.15584000
0.94072104,0.01520000,0.15624000
0.94117349,0.01520000,0.15488000
0.94038600,0.01528000,0.15712000
0.94043195,0.01528000,0.15704000
0.94053817,0.01528000,0.15680000
0.94053805,0.01528000,0.15688000
0.94048196,0.01528000,0.15696000
0.94037580,0.01528000,0.15720000
0.94035101,0.01536000,0.15736000
0.94037133,0.01536000,0.15720000
0.94035512,0.01536000,0.15728000
0.94023919,0.01544000,0.15784000
0.94027829,0.01544000,0.15752000
0.94028711,0.01544000,0.15744000
0.94026059,0.01544000,0.15760000
0.94025701,0.01544000,0.15768000
0.94029367,0.01544000,0.15736000
0.94022757,0.01544000,0.15792000
0.94025254,0.01544000,0.15776000
0.94022715,0.01544000,0.15800000
0.94015753,0.01552000,0.15824000
0.94011533,0.01552000,0.15832000
0.94008303,0.01552000,0.15840000
0.94015795,0.01552000,0.15816000
0.94018531,0.01552000,0.15800000
0.94018364,0.01552000,0.15808000
0.94002497,0.01560000,0.15840000
0.94001698,0.01560000,0.15848000
0.93996274,0.01560000,0.15872000
0.93988407,0.01560000,0.15880000
0.93977833,0.01560000,0.15912000
0.93987513,0.01560000,0.15888000
0.93998706,0.01560000,0.15856000
0.93996954,0.01560000,0.15864000
0.93978220,0.01560000,0.15904000
0.93987364,0.01560000,0.15896000
0.93955779,0.01568000,0.15960000
0.93954951,0.01568000,0.15968000
0.93953311,0.01568000,0.15976000
0.93950772,0.01568000,0.15984000
0.93948132,0.01568000,0.15992000
0.93947881,0.01568000,0.16000000
0.93959898,0.01568000,0.15952000
0.93961179,0.01568000,0.15944000
0.93965894,0.01568000,0.15936000
0.93973118,0.01568000,0.15928000
0.93976349,0.01568000,0.15920000
0.93976730,0.01568000,0.15912000
0.93945920,0.01568000,0.16016000
0.93939304,0.01568000,0.16024000
0.93929100,0.01568000,0.16032000
0.93947005,0.01568000,0.16008000
0.93928689,0.01576000,0.16032000
0.93924946,0.01584000,0.16040000
0.93925685,0.01584000,0.16032000
0.93922120,0.01592000,0.16048000
0.93913370,0.01592000,0.16072000
0.93916714,0.01592000,0.16064000
0.93924445,0.01592000,0.16040000
0.93913221,0.01592000,0.16080000
0.93919230,0.01592000,0.16056000
0.93896228,0.01600000,0.16088000
0.93911004,0.01600000,0.16080000
0.93894976,0.01608000,0.16088000
0.93891138,0.01608000,0.16104000
0.93892336,0.01608000,0.16096000
0.93890107,0.01616000,0.16104000
0.93888283,0.01616000,0.16120000
0.93889940,0.01616000,0.16112000
0.93883497,0.01616000,0.16152000
0.93883711,0.01616000,0.16144000
0.93887872,0.01616000,0.16128000
0.93884605,0.01616000,0.16136000
0.93874556,0.01624000,0.16152000
0.93872058,0.01632000,0.16152000
0.93867785,0.01632000,0.16184000
0.93860030,0.01632000,0.16208000
0.93866765,0.01632000,0.16192000
0.93862426,0.01632000,0.16200000
0.93850237,0.01640000,0.16240000
0.93856758,0.01640000,0.16216000
0.93857205,0.01640000,0.16208000
0.93855065,0.01640000,0.16224000
0.93850946,0.01640000,0.16232000
0.93845057,0.01640000,0.16256000
0.93846256,0.01640000,0.16248000
0.93836468,0.01648000,0.16280000
0.93837625,0.01648000,0.16272000
0.93834549,0.01648000,0.16296000
0.93835443,0.01648000,0.16288000
0.93834013,0.01648000,0.16304000
0.93833899,0.01648000,0.16312000
0.93843055,0.01648000,0.16256000
0.93838781,0.01648000,0.16264000
0.93821096,0.01656000,0.16336000
0.93822199,0.01656000,0.16328000
0.93827623,0.01656000,0.16320000
0.93832272,0.01656000,0.16312000
0.93817413,0.01656000,0.16360000
0.93819773,0.01656000,0.16344000
0.93818957,0.01656000,0.16352000
0.93812627,0.01664000,0.16376000
0.93810844,0.01664000,0.16392000
0.93812841,0.01664000,0.16368000
0.93816596,0.01664000,0.16360000
0.93810111,0.01664000,0.16400000
0.93812031,0.01664000,0.16384000
0.93808991,0.01664000,0.16416000
0.93809956,0.01664000,0.16408000
0.93798035,0.01672000,0.16464000
0.93794578,0.01672000,0.16480000
0.93800604,0.01672000,0.16440000
0.93798077,0.01672000,0.16456000
0.93799967,0.01672000,0.16448000
0.93775851,0.01672000,0.16528000
0.93773460,0.01672000,0.16536000
0.93768764,0.01672000,0.16544000
0.93776166,0.01672000,0.16520000
0.93781972,0.01672000,0.16504000
0.93778294,0.01672000,0.16512000
0.93795520,0.01672000,0.16472000
0.93787181,0.01672000,0.16488000
0.93785924,0.01672000,0.16496000
0.93805307,0.01672000,0.16432000
0.93808246,0.01672000,0.16416000
0.93806565,0.01672000,0.16424000
0.93768167,0.01680000,0.16552000
0.93768376,0.01680000,0.16544000
0.93764740,0.01680000,0.16560000
0.93761247,0.01688000,0.16576000
0.93753463,0.01688000,0.16624000
0.93763745,0.01688000,0.16560000
0.93756920,0.01688000,0.16616000
0.93761283,0.01688000,0.16568000
0.93760461,0.01688000,0.16592000
0.93761241,0.01688000,0.16584000
0.93760115,0.01688000,0.16600000
0.93757254,0.01688000,0.16608000
0.93745166,0.01696000,0.16664000
0.93734783,0.01696000,0.16688000
0.93750614,0.01696000,0.16632000
0.93751806,0.01696000,0.16624000
0.93747354,0.01696000,0.16648000
0.93747294,0.01696000,0.16656000
0.93748552,0.01696000,0.16640000
0.93739164,0.01696000,0.16680000
0.93739390,0.01696000,0.16672000
0.93729192,0.01704000,0.16696000
0.93733162,0.01704000,0.16688000
0.93727922,0.01704000,0.16704000
0.93698663,0.01712000,0.16824000
0.93698746,0.01712000,0.16816000
0.93704474,0.01712000,0.16800000
0.93702471,0.01712000,0.16808000
0.93696547,0.01712000,0.16840000
0.93697721,0.01712000,0.16832000
0.93727422,0.01712000,0.16720000
0.93711054,0.01712000,0.16792000
0.93694741,0.01712000,0.16856000
0.93695945,0.01712000,0.16848000
0.93713778,0.01712000,0.16784000
0.93727326,0.01712000,0.16728000
0.93727255,0.01712000,0.16736000
0.93724167,0.01712000,0.16744000
0.93719476,0.01712000,0.16768000
0.93717200,0.01712000,0.16776000
0.93719757,0.01712000,0.16760000
0.93722993,0.01712000,0.16752000
0.93727863,0.01712000,0.16704000
0.93727452,0.01712000,0.16712000
0.93690783,0.01720000,0.16872000
0.93686062,0.01720000,0.16880000
0.93692124,0.01720000,0.16864000
0.93693119,0.01720000,0.16856000
0.93684685,0.01720000,0.16888000
0.93683064,0.01720000,0.16896000
0.93664056,0.01728000,0.16968000
0.93665791,0.01728000,0.16960000
0.93677402,0.01728000,0.16904000
0.93678886,0.01728000,0.16896000
0.93675864,0.01728000,0.16912000
0.93673456,0.01728000,0.16920000
0.93669903,0.01728000,0.16928000
0.93669724,0.01728000,0.16936000
0.93666637,0.01728000,0.16952000
0.93667161,0.01728000,0.16944000
0.93636465,0.01736000,0.17008000
0.93638313,0.01736000,0.17000000
0.93645936,0.01736000,0.16992000
0.93651932,0.01736000,0.16984000
0.93654102,0.01736000,0.16976000
0.93661839,0.01736000,0.16968000
0.93622315,0.01736000,0.17024000
0.93629271,0.01736000,0.17016000
0.93619788,0.01744000,0.17024000
0.93603665,0.01744000,0.17056000
0.93606687,0.01744000,0.17048000
0.93613881,0.01744000,0.17032000
0.93609619,0.01744000,0.17040000
0.93603575,0.01752000,0.17056000
0.93597502,0.01752000,0.17080000
0.93600774,0.01752000,0.17072000
0.93601549,0.01752000,0.17064000
0.93591362,0.01760000,0.17096000
0.93593723,0.01760000,0.17088000
0.93595737,0.01760000,0.17080000
0.93589568,0.01768000,0.17112000
0.93586969,0.01768000,0.17120000
0.93590707,0.01768000,0.17096000
0.93568772,0.01768000,0.17192000
0.93568212,0.01768000,0.17200000
0.93589652,0.01768000,0.17104000
0.93578833,0.01768000,0.17136000
0.93583387,0.01768000,0.17128000
0.93575799,0.01768000,0.17144000
0.93572521,0.01768000,0.17152000
0.93572450,0.01768000,0.17160000
0.93572158,0.01768000,0.17168000
0.93570691,0.01768000,0.17176000
0.93570393,0.01768000,0.17184000
0.93567908,0.01776000,0.17200000
0.93564337,0.01776000,0.17216000
0.93560165,0.01776000,0.17256000
0.93560642,0.01776000,0.17240000
0.93563086,0.01776000,0.17232000
0.93563229,0.01776000,0.17224000
0.93559664,0.01776000,0.17272000
0.93560058,0.01776000,0.17264000
0.93560570,0.01776000,0.17248000
0.93566203,0.01776000,0.17208000
0.93559068,0.01784000,0.17272000
0.93555027,0.01784000,0.17280000
0.93551683,0.01792000,0.17280000
0.93521792,0.01800000,0.17344000
0.93548959,0.01800000,0.17280000
0.93547612,0.01800000,0.17304000
0.93528992,0.01800000,0.17328000
0.93542540,0.01800000,0.17312000
0.93520057,0.01800000,0.17352000
0.93529028,0.01800000,0.17320000
0.93547964,0.01800000,0.17288000
0.93527305,0.01800000,0.17336000
0.93547666,0.01800000,0.17296000
0.93519455,0.01808000,0.17352000
0.93517756,0.01808000,0.17360000
0.93516356,0.01808000,0.17368000
0.93509769,0.01816000,0.17384000
0.93506765,0.01816000,0.17392000
0.93511802,0.01816000,0.17376000
0.93505639,0.01816000,0.17400000
0.93514794,0.01816000,0.17368000
0.93505150,0.01824000,0.17400000
0.93496680,0.01832000,0.17416000
0.93480724,0.01832000,0.17440000
0.93492544,0.01832000,0.17424000
0.93504506,0.01832000,0.17400000
0.93498880,0.01832000,0.17408000
0.93488228,0.01832000,0.17432000
0.93468642,0.01840000,0.17456000
0.93475187,0.01840000,0.17448000
0.93465102,0.01840000,0.17464000
0.93477196,0.01840000,0.17440000
0.93463790,0.01848000,0.17464000
0.93463176,0.01848000,0.17472000
0.93462384,0.01848000,0.17480000
0.93457741,0.01848000,0.17488000
0.93456781,0.01856000,0.17496000
0.93456805,0.01856000,0.17488000
0.93456107,0.01856000,0.17504000
0.93455929,0.01856000,0.17512000
0.93452007,0.01864000,0.17528000
0.93454647,0.01864000,0.17512000
0.93453866,0.01864000,0.17520000
0.93447465,0.01872000,0.17560000
0.93442583,0.01872000,0.17592000
0.93445665,0.01872000,0.17576000
0.93446571,0.01872000,0.17568000
0.93441284,0.01872000,0.17600000
0.93450826,0.01872000,0.17528000
0.93440849,0.01872000,0.17616000
0.93441230,0.01872000,0.17608000
0.93448228,0.01872000,0.17552000
0.93449652,0.01872000,0.17544000
0.93450451,0.01872000,0.17536000
0.93436170,0.01872000,0.17624000
0.93442625,0.01872000,0.17584000
0.93431544,0.01880000,0.17640000
0.93433714,0.01880000,0.17632000
0.93429452,0.01880000,0.17648000
0.93436098,0.01880000,0.17624000
0.93413633,0.01880000,0.17696000
0.93413645,0.01880000,0.17688000
0.93416172,0.01880000,0.17680000
0.93419534,0.01880000,0.17664000
0.93419284,0.01880000,0.17672000
0.93404472,0.01880000,0.17728000
0.93406367,0.01880000,0.17720000
0.93410921,0.01880000,0.17712000
0.93412584,0.01880000,0.17704000
0.93422127,0.01880000,0.17656000
0.93387729,0.01888000,0.17760000
0.93399978,0.01888000,0.17736000
0.93400478,0.01888000,0.17728000
0.93397450,0.01888000,0.17752000
0.93398464,0.01888000,0.17744000
0.93384916,0.01896000,0.17776000
0.93382835,0.01896000,0.17784000
0.93386596,0.01896000,0.17768000
0.93387264,0.01896000,0.17760000
0.93375778,0.01896000,0.17800000
0.93380576,0.01896000,0.17792000
0.93375379,0.01904000,0.17800000
0.93372482,0.01904000,0.17808000
0.93369985,0.01904000,0.17816000
0.93368202,0.01912000,0.17824000
0.93366629,0.01912000,0.17832000
0.93368489,0.01912000,0.17816000
0.93364501,0.01920000,0.17832000
0.93363619,0.01920000,0.17840000
0.93360740,0.01920000,0.17848000
0.93359095,0.01920000,0.17864000
0.93355095,0.01920000,0.17872000
0.93354994,0.01920000,0.17880000
0.93352073,0.01920000,0.17888000
0.93310910,0.01920000,0.18048000
0.93307352,0.01920000,0.18064000
0.93332642,0.01920000,0.17960000
0.93332368,0.01920000,0.17968000
0.93328154,0.01920000,0.17976000
0.93360543,0.01920000,0.17856000
0.93321353,0.01920000,0.18008000
0.93324512,0.01920000,0.18000000
0.93324739,0.01920000,0.17992000
0.93314314,0.01920000,0.18024000
0.93312168,0.01920000,0.18032000
0.93311781,0.01920000,0.18040000
0.93319154,0.01920000,0.18016000
0.93327284,0.01920000,0.17984000
0.93343937,0.01920000,0.17904000
0.93350351,0.01920000,0.17896000
0.93342817,0.01920000,0.17920000
0.93333536,0.01920000,0.17952000
0.93337363,0.01920000,0.17944000
0.93338841,0.01920000,0.17936000
0.93339080,0.01920000,0.17928000
0.93343544,0.01920000,0.17912000
0.93310660,0.01920000,0.18056000
0.93292189,0.01928000,0.18104000
0.93304902,0.01928000,0.18064000
0.93285084,0.01928000,0.18136000
0.93290854,0.01928000,0.18112000
0.93287408,0.01928000,0.18120000
0.93285871,0.01928000,0.18128000
0.93304074,0.01928000,0.18072000
0.93299431,0.01928000,0.18080000
0.93298799,0.01928000,0.18088000
0.93294960,0.01928000,0.18096000
0.93279368,0.01928000,0.18144000
0.93243039,0.01936000,0.18280000
0.93239874,0.01936000,0.18296000
0.93253416,0.01936000,0.18240000
0.93255085,0.01936000,0.18232000
0.93252563,0.01936000,0.18248000
0.93272418,0.01936000,0.18160000
0.93270260,0.01936000,0.18176000
0.93271631,0.01936000,0.18168000
0.93241316,0.01936000,0.18288000
0.93264216,0.01936000,0.18192000
0.93265235,0.01936000,0.18184000
0.93260574,0.01936000,0.18216000
0.93278754,0.01936000,0.18144000
0.93260401,0.01936000,0.18224000
0.93247038,0.01936000,0.18264000
0.93248624,0.01936000,0.18256000
0.93274659,0.01936000,0.18152000
0.93261415,0.01936000,0.18208000
0.93261570,0.01936000,0.18200000
0.93244439,0.01936000,0.18272000
0.93237078,0.01944000,0.18296000
0.93224281,0.01952000,0.18344000
0.93225485,0.01952000,0.18336000
0.93235356,0.01952000,0.18296000
0.93224269,0.01952000,0.18352000
0.93227589,0.01952000,0.18328000
0.93233377,0.01952000,0.18312000
0.93232977,0.01952000,0.18320000
0.93223941,0.01952000,0.18360000
0.93234324,0.01952000,0.18304000
0.93204665,0.01960000,0.18456000
0.93208379,0.01960000,0.18432000
0.93206805,0.01960000,0.18440000
0.93198210,0.01960000,0.18488000
0.93218833,0.01960000,0.18368000
0.93201953,0.01960000,0.18464000
0.93208724,0.01960000,0.18424000
0.93209666,0.01960000,0.18416000
0.93212318,0.01960000,0.18408000
0.93212336,0.01960000,0.18400000
0.93215352,0.01960000,0.18384000
0.93216437,0.01960000,0.18376000
0.93213469,0.01960000,0.18392000
0.93221670,0.01960000,0.18360000
0.93204963,0.01960000,0.18448000
0.93199712,0.01960000,0.18472000
0.93198800,0.01960000,0.18480000
0.93182433,0.01968000,0.18528000
0.93188906,0.01968000,0.18520000
0.93192631,0.01968000,0.18504000
0.93193710,0.01968000,0.18496000
0.93190694,0.01968000,0.18512000
0.93180901,0.01968000,0.18536000
0.93196774,0.01968000,0.18488000
0.93179798,0.01976000,0.18536000
0.93178493,0.01984000,0.18536000
0.93177217,0.01984000,0.18544000
0.93174577,0.01992000,0.18544000
0.93164045,0.01992000,0.18568000
0.93171549,0.01992000,0.18552000
0.93160385,0.01992000,0.18576000
0.93165827,0.01992000,0.18560000
0.93159389,0.02000000,0.18576000
0.93154639,0.02000000,0.18584000
0.93150371,0.02008000,0.18600000
0.93149376,0.02008000,0.18608000
0.93152988,0.02008000,0.18584000
0.93152767,0.02008000,0.18592000
0.93148196,0.02016000,0.18608000
0.93147689,0.02016000,0.18616000
0.93140680,0.02024000,0.18616000
0.93137938,0.02024000,0.18632000
0.93140095,0.02024000,0.18624000
0.93129623,0.02032000,0.18664000
0.93136781,0.02032000,0.18632000
0.93133450,0.02032000,0.18648000
0.93136704,0.02032000,0.18640000
0.93132800,0.02032000,0.18656000
0.93124938,0.02040000,0.18688000
0.93122023,0.02040000,0.18696000
0.93127555,0.02040000,0.18672000
0.93129146,0.02040000,0.18664000
0.93125975,0.02040000,0.18680000
0.93114161,0.02048000,0.18712000
0.93115795,0.02048000,0.18704000
0.93116683,0.02048000,0.18696000
0.93104845,0.02056000,0.18760000
0.93106860,0.02056000,0.18752000
0.93110788,0.02056000,0.18736000
0.93111670,0.02056000,0.18728000
0.93111968,0.02056000,0.18720000
0.93112898,0.02056000,0.18712000
0.93102938,0.02056000,0.18768000
0.93110192,0.02056000,0.18744000
0.93101239,0.02056000,0.18776000
0.93097699,0.02064000,0.18784000
0.93090475,0.02064000,0.18800000
0.93093866,0.02064000,0.18792000
0.93099689,0.02064000,0.18776000
0.93080455,0.02064000,0.18808000
0.93073690,0.02064000,0.18824000
0.93076491,0.02064000,0.18816000
0.93072331,0.02080000,0.18824000
0.93070048,0.02080000,0.18832000
0.93067932,0.02080000,0.18840000
0.93066317,0.02080000,0.18864000
0.93064958,0.02080000,0.18880000
0.93065327,0.02080000,0.18872000
0.93057954,0.02080000,0.18904000
0.93041754,0.02080000,0.18984000
0.93051970,0.02080000,0.18936000
0.93051171,0.02080000,0.18944000
0.93057853,0.02080000,0.18912000
0.93053412,0.02080000,0.18928000
0.93056089,0.02080000,0.18920000
0.93041986,0.02080000,0.18976000
0.93059134,0.02080000,0.18888000
0.93057996,0.02080000,0.18896000
0.93045652,0.02080000,0.18960000
0.93042600,0.02080000,0.18968000
0.93045664,0.02080000,0.18952000
0.93066412,0.02080000,0.18856000
0.93035573,0.02080000,0.18992000
0.93067145,0.02080000,0.18848000
0.93023086,0.02088000,0.19016000
0.93021858,0.02088000,0.19024000
0.93025500,0.02088000,0.19000000
0.93025541,0.02088000,0.18992000
0.93025410,0.02088000,0.19008000
0.93020755,0.02096000,0.19024000
0.93020475,0.02104000,0.19024000
0.93017167,0.02104000,0.19032000
0.93014783,0.02104000,0.19048000
0.93016756,0.02104000,0.19040000
0.93004060,0.02104000,0.19056000
0.93000901,0.02104000,0.19064000
0.92999840,0.02112000,0.19072000
0.93000090,0.02112000,0.19064000
0.92984194,0.02120000,0.19088000
0.92987859,0.02120000,0.19072000
0.92984337,0.02120000,0.19080000
0.92974609,0.02128000,0.19088000
0.92973900,0.02128000,0.19096000
0.92970622,0.02128000,0.19104000
0.92970592,0.02128000,0.19112000
0.92930090,0.02136000,0.19192000
0.92926222,0.02136000,0.19200000
0.92918664,0.02136000,0.19208000
0.92968321,0.02136000,0.19120000
0.92958492,0.02136000,0.19128000
0.92936611,0.02136000,0.19176000
0.92949295,0.02136000,0.19168000
0.92954737,0.02136000,0.19160000
0.92934126,0.02136000,0.19184000
0.92918247,0.02136000,0.19216000
0.92956072,0.02136000,0.19152000
0.92969722,0.02136000,0.19112000
0.92957556,0.02136000,0.19136000
0.92957443,0.02136000,0.19144000
0.92894816,0.02144000,0.19288000
0.92896974,0.02144000,0.19280000
0.92904514,0.02144000,0.19232000
0.92914486,0.02144000,0.19224000
0.92915010,0.02144000,0.19216000
0.92900002,0.02144000,0.19264000
0.92901748,0.02144000,0.19248000
0.92901707,0.02144000,0.19256000
0.92899513,0.02144000,0.19272000
0.92903733,0.02144000,0.19240000
0.92892945,0.02144000,0.19296000
0.92881072,0.02152000,0.19368000
0.92883182,0.02152000,0.19360000
0.92887717,0.02152000,0.19312000
0.92889684,0.02152000,0.19304000
0.92886794,0.02152000,0.19320000
0.92884701,0.02152000,0.19336000
0.92884529,0.02152000,0.19344000
0.92884076,0.02152000,0.19352000
0.92886442,0.02152000,0.19328000
0.92892534,0.02152000,0.19296000
0.92878217,0.02160000,0.19376000
0.92879492,0.02160000,0.19368000
0.92875922,0.02160000,0.19392000
0.92865443,0.02160000,0.19400000
0.92877167,0.02160000,0.19384000
0.92862886,0.02160000,0.19408000
0.92861927,0.02160000,0.19416000
0.92861784,0.02168000,0.19416000
0.92860049,0.02176000,0.19432000
0.92859823,0.02176000,0.19440000
0.92829680,0.02176000,0.19488000
0.92830676,0.02176000,0.19480000
0.92858863,0.02176000,0.19448000
0.92854422,0.02176000,0.19456000
0.92861062,0.02176000,0.19416000
0.92860818,0.02176000,0.19424000
0.92852020,0.02176000,0.19464000
0.92834991,0.02176000,0.19472000
0.92780727,0.02184000,0.19712000
0.92814159,0.02184000,0.19592000
0.92813772,0.02184000,0.19600000
0.92813331,0.02184000,0.19608000
0.92810321,0.02184000,0.19616000
0.92809951,0.02184000,0.19624000
0.92809415,0.02184000,0.19632000
0.92807889,0.02184000,0.19640000
0.92805898,0.02184000,0.19656000
0.92805034,0.02184000,0.19664000
0.92803741,0.02184000,0.19672000
0.92801255,0.02184000,0.19680000
0.92790753,0.02184000,0.19688000
0.92785281,0.02184000,0.19696000
0.92781526,0.02184000,0.19704000
0.92778438,0.02184000,0.19720000
0.92819184,0.02184000,0.19552000
0.92818344,0.02184000,0.19560000
0.92816895,0.02184000,0.19576000
0.92824215,0.02184000,0.19512000
0.92824906,0.02184000,0.19504000
0.92825359,0.02184000,0.19496000
0.92828971,0.02184000,0.19488000
0.92817235,0.02184000,0.19568000
0.92823017,0.02184000,0.19520000
0.92807394,0.02184000,0.19648000
0.92821926,0.02184000,0.19528000
0.92820251,0.02184000,0.19536000
0.92820233,0.02184000,0.19544000
0.92772138,0.02192000,0.19728000
0.92772508,0.02192000,0.19720000
0.92766422,0.02192000,0.19752000
0.92767441,0.02192000,0.19744000
0.92767686,0.02192000,0.19736000
0.92765152,0.02200000,0.19752000
0.92764980,0.02200000,0.19760000
0.92759132,0.02200000,0.19768000
0.92736477,0.02200000,0.19816000
0.92750567,0.02200000,0.19800000
0.92750651,0.02200000,0.19792000
0.92754626,0.02200000,0.19784000
0.92754990,0.02200000,0.19776000
0.92746043,0.02200000,0.19808000
0.92732346,0.02208000,0.19816000
0.92722273,0.02208000,0.19848000
0.92723203,0.02208000,0.19840000
0.92724997,0.02208000,0.19832000
0.92727399,0.02208000,0.19824000
0.92720878,0.02208000,0.19856000
0.92713517,0.02216000,0.19856000
0.92709255,0.02216000,0.19872000
0.92713273,0.02216000,0.19864000
0.92707658,0.02224000,0.19880000
0.92708129,0.02224000,0.19872000
0.92696422,0.02232000,0.19928000
0.92691290,0.02232000,0.19968000
0.92697918,0.02232000,0.19912000
0.92701501,0.02232000,0.19904000
0.92703611,0.02232000,0.19896000
0.92691892,0.02232000,0.19952000
0.92696309,0.02232000,0.19936000
0.92693818,0.02232000,0.19944000
0.92691535,0.02232000,0.19960000
0.92696512,0.02232000,0.19920000
0.92707646,0.02232000,0.19880000
0.92705703,0.02232000,0.19888000
0.92680365,0.02240000,0.20008000
0.92685801,0.02240000,0.19976000
0.92681438,0.02240000,0.20000000
0.92685688,0.02240000,0.19984000
0.92683893,0.02240000,0.19992000
0.92687231,0.02240000,0.19968000
0.92669338,0.02248000,0.20024000
0.92674077,0.02248000,0.20016000
0.92674989,0.02248000,0.20008000
0.92665601,0.02248000,0.20032000
0.92662781,0.02256000,0.20048000
0.92664903,0.02256000,0.20032000
0.92663860,0.02256000,0.20040000
0.92662597,0.02256000,0.20056000
0.92657328,0.02264000,0.20056000
0.92650914,0.02272000,0.20064000
0.92651856,0.02272000,0.20056000
0.92623001,0.02288000,0.20144000
0.92618483,0.02288000,0.20160000
0.92584312,0.02288000,0.20296000
0.92579561,0.02288000,0.20304000
0.92578065,0.02288000,0.20312000
0.92577434,0.02288000,0.20320000
0.92629987,0.02288000,0.20120000
0.92609560,0.02288000,0.20208000
0.92609048,0.02288000,0.20216000
0.92610562,0.02288000,0.20192000
0.92648095,0.02288000,0.20072000
0.92645192,0.02288000,0.20080000
0.92644340,0.02288000,0.20088000
0.92644161,0.02288000,0.20096000
0.92623943,0.02288000,0.20136000
0.92609924,0.02288000,0.20200000
0.92619652,0.02288000,0.20152000
0.92600787,0.02288000,0.20248000
0.92595083,0.02288000,0.20256000
0.92603421,0.02288000,0.20232000
0.92602628,0.02288000,0.20240000
0.92625511,0.02288000,0.20128000
0.92614537,0.02288000,0.20168000
0.92613435,0.02288000,0.20176000
0.92612648,0.02288000,0.20184000
0.92573655,0.02288000,0.20336000
0.92573643,0.02288000,0.20344000
0.92572713,0.02288000,0.20352000
0.92563564,0.02288000,0.20392000
0.92584711,0.02288000,0.20280000
0.92636186,0.02288000,0.20112000
0.92636836,0.02288000,0.20104000
0.92648906,0.02288000,0.20064000
0.92576575,0.02288000,0.20328000
0.92562950,0.02288000,0.20400000
0.92559016,0.02288000,0.20408000
0.92558938,0.02288000,0.20416000
0.92584425,0.02288000,0.20288000
0.92606437,0.02288000,0.20224000
0.92572284,0.02288000,0.20360000
0.92568421,0.02288000,0.20368000
0.92563981,0.02288000,0.20376000
0.92586970,0.02288000,0.20272000
0.92594653,0.02288000,0.20264000
0.92563891,0.02288000,0.20384000
0.92558527,0.02296000,0.20416000
0.92544740,0.02304000,0.20480000
0.92557150,0.02304000,0.20416000
0.92546946,0.02304000,0.20456000
0.92545742,0.02304000,0.20464000
0.92542475,0.02304000,0.20488000
0.92545050,0.02304000,0.20472000
0.92549336,0.02304000,0.20448000
0.92550498,0.02304000,0.20440000
0.92542315,0.02304000,0.20496000
0.92552811,0.02304000,0.20432000
0.92556125,0.02304000,0.20424000
0.92540312,0.02304000,0.20504000
0.92495275,0.02312000,0.20608000
0.92534810,0.02312000,0.20504000
0.92517406,0.02312000,0.20584000
0.92532361,0.02312000,0.20512000
0.92522478,0.02312000,0.20560000
0.92521960,0.02312000,0.20568000
0.92519212,0.02312000,0.20576000
0.92525542,0.02312000,0.20544000
0.92524642,0.02312000,0.20552000
0.92528766,0.02312000,0.20528000
0.92525846,0.02312000,0.20536000
0.92506033,0.02312000,0.20592000
0.92498660,0.02312000,0.20600000
0.92530888,0.02312000,0.20520000
0.92484635,0.02320000,0.20632000
0.92477965,0.02320000,0.20640000
0.92491823,0.02320000,0.20616000
0.92490774,0.02320000,0.20624000
0.92494464,0.02320000,0.20608000
0.92477334,0.02320000,0.20648000
0.92475909,0.02328000,0.20648000
0.92474216,0.02336000,0.20656000
0.92475522,0.02336000,0.20648000
0.92471862,0.02336000,0.20664000
0.92463267,0.02344000,0.20680000
0.92465603,0.02344000,0.20672000
0.92467171,0.02344000,0.20664000
0.92461544,0.02344000,0.20688000
0.92461526,0.02344000,0.20696000
0.92448443,0.02352000,0.20712000
0.92461324,0.02352000,0.20696000
0.92447424,0.02352000,0.20720000
0.92454922,0.02352000,0.20704000
0.92446393,0.02360000,0.20720000
0.92439538,0.02360000,0.20760000
0.92446077,0.02360000,0.20728000
0.92444766,0.02360000,0.20736000
0.92443246,0.02360000,0.20744000
0.92442042,0.02360000,0.20752000
0.92431867,0.02368000,0.20776000
0.92436004,0.02368000,0.20768000
0.92431158,0.02368000,0.20792000
0.92431718,0.02368000,0.20784000
0.92438173,0.02368000,0.20760000
0.92418313,0.02376000,0.20824000
0.92430913,0.02376000,0.20792000
0.92418325,0.02376000,0.20816000
0.92423958,0.02376000,0.20808000
0.92413419,0.02376000,0.20832000
0.92425913,0.02376000,0.20800000
0.92406869,0.02384000,0.20832000
0.92398608,0.02392000,0.20848000
0.92400938,0.02392000,0.20840000
0.92403096,0.02392000,0.20832000
0.92397040,0.02392000,0.20856000
0.92381173,0.02400000,0.20904000
0.92385358,0.02400000,0.20880000
0.92376387,0.02400000,0.20928000
0.92375112,0.02400000,0.20936000
0.92376721,0.02400000,0.20912000
0.92369008,0.02400000,0.20960000
0.92394131,0.02400000,0.20864000
0.92393506,0.02400000,0.20872000
0.92370069,0.02400000,0.20952000
0.92383283,0.02400000,0.20896000
0.92372721,0.02400000,0.20944000
0.92376566,0.02400000,0.20920000
0.92385203,0.02400000,0.20888000
0.92394507,0.02400000,0.20856000
0.92362410,0.02408000,0.20968000
0.92368072,0.02408000,0.20960000
0.92357475,0.02416000,0.20976000
0.92354774,0.02416000,0.20984000
0.92352903,0.02416000,0.20992000
0.92361557,0.02416000,0.20968000
0.92347759,0.02424000,0.21008000
0.92350209,0.02424000,0.21000000
0.92351121,0.02424000,0.20992000
0.92345935,0.02432000,0.21008000
0.92343366,0.02432000,0.21016000
0.92342287,0.02432000,0.21024000
0.92337519,0.02440000,0.21024000
0.92336595,0.02440000,0.21032000
0.92330021,0.02448000,0.21056000
0.92330182,0.02448000,0.21048000
0.92330855,0.02448000,0.21040000
0.92333728,0.02448000,0.21032000
0.92328525,0.02456000,0.21056000
0.92328203,0.02456000,0.21064000
0.92324746,0.02456000,0.21072000
0.92301983,0.02464000,0.21128000
0.92323995,0.02464000,0.21080000
0.92286056,0.02464000,0.21168000
0.92324013,0.02464000,0.21072000
0.92284495,0.02464000,0.21176000
0.92282039,0.02464000,0.21184000
0.92298812,0.02464000,0.21136000
0.92323607,0.02464000,0.21088000
0.92310339,0.02464000,0.21104000
0.92307109,0.02464000,0.21120000
0.92308247,0.02464000,0.21112000
0.92287046,0.02464000,0.21160000
0.92320400,0.02464000,0.21096000
0.92293012,0.02464000,0.21144000
0.92292374,0.02464000,0.21152000
0.92271864,0.02472000,0.21200000
0.92269635,0.02472000,0.21208000
0.92277777,0.02472000,0.21184000
0.92272961,0.02472000,0.21192000
0.92260057,0.02480000,0.21232000
0.92259985,0.02480000,0.21240000
0.92248994,0.02480000,0.21264000
0.92247677,0.02480000,0.21272000
0.92267329,0.02480000,0.21216000
0.92267036,0.02480000,0.21224000
0.92268729,0.02480000,0.21208000
0.92237300,0.02480000,0.21304000
0.92250699,0.02480000,0.21248000
0.92247403,0.02480000,0.21280000
0.92237645,0.02480000,0.21296000
0.92246765,0.02480000,0.21288000
0.92249906,0.02480000,0.21256000
0.92231876,0.02488000,0.21312000
0.92233759,0.02488000,0.21304000
0.92223847,0.02496000,0.21312000
0.92220080,0.02504000,0.21328000
0.92213947,0.02504000,0.21336000
0.92220384,0.02504000,0.21320000
0.92222333,0.02504000,0.21312000
0.92202556,0.02512000,0.21352000
0.92197794,0.02512000,0.21376000
0.92197126,0.02512000,0.21384000
0.92206389,0.02512000,0.21344000
0.92206722,0.02512000,0.21336000
0.92200685,0.02512000,0.21360000
0.92197835,0.02512000,0.21368000
0.92195040,0.02520000,0.21392000
0.92195970,0.02520000,0.21384000
0.92142469,0.02528000,0.21544000
0.92136467,0.02528000,0.21568000
0.92143470,0.02528000,0.21528000
0.92142713,0.02528000,0.21536000
0.92160237,0.02528000,0.21496000
0.92127359,0.02528000,0.21616000
0.92131662,0.02528000,0.21584000
0.92153251,0.02528000,0.21504000
0.92136520,0.02528000,0.21560000
0.92192274,0.02528000,0.21400000
0.92190921,0.02528000,0.21408000
0.92188430,0.02528000,0.21416000
0.92132145,0.02528000,0.21576000
0.92175817,0.02528000,0.21440000
0.92125642,0.02528000,0.21624000
0.92124701,0.02528000,0.21632000
0.92165571,0.02528000,0.21480000
0.92194742,0.02528000,0.21392000
0.92184287,0.02528000,0.21424000
0.92167205,0.02528000,0.21472000
0.92130500,0.02528000,0.21608000
0.92169368,0.02528000,0.21464000
0.92140454,0.02528000,0.21552000
0.92163950,0.02528000,0.21488000
0.92171365,0.02528000,0.21456000
0.92130840,0.02528000,0.21592000
0.92130667,0.02528000,0.21600000
0.92174369,0.02528000,0.21448000
0.92177665,0.02528000,0.21432000
0.92151022,0.02528000,0.21512000
0.92149901,0.02528000,0.21520000
0.92120117,0.02536000,0.21648000
0.92121536,0.02536000,0.21640000
0.92123175,0.02536000,0.21632000
0.92116666,0.02536000,0.21656000
0.92106181,0.02544000,0.21672000
0.92089093,0.02544000,0.21696000
0.92089891,0.02544000,0.21688000
0.92112207,0.02544000,0.21656000
0.92084128,0.02544000,0.21728000
0.92083460,0.02544000,0.21736000
0.92088675,0.02544000,0.21712000
0.92082345,0.02544000,0.21744000
0.92109829,0.02544000,0.21664000
0.92087102,0.02544000,0.21720000
0.92097199,0.02544000,0.21680000
0.92089081,0.02544000,0.21704000
0.92072999,0.02552000,0.21744000
0.92065078,0.02552000,0.21792000
0.92046314,0.02552000,0.21808000
0.92064047,0.02552000,0.21800000
0.92068100,0.02552000,0.21768000
0.92065352,0.02552000,0.21784000
0.92068946,0.02552000,0.21760000
0.92065662,0.02552000,0.21776000
0.92069644,0.02552000,0.21752000
0.92030734,0.02552000,0.21824000
0.92022818,0.02552000,0.21832000
0.92041552,0.02552000,0.21816000
0.92017782,0.02560000,0.21840000
0.92006105,0.02560000,0.21856000
0.92014533,0.02560000,0.21848000
0.92021096,0.02560000,0.21832000
0.91992152,0.02568000,0.21880000
0.91976762,0.02568000,0.21888000
0.91997975,0.02568000,0.21856000
0.91997439,0.02568000,0.21864000
0.91964972,0.02568000,0.21912000
0.91967028,0.02568000,0.21904000
0.91967112,0.02568000,0.21896000
0.91994733,0.02568000,0.21872000
0.91924226,0.02576000,0.22016000
0.91907197,0.02576000,0.22072000
0.91963762,0.02576000,0.21912000
0.91963238,0.02576000,0.21920000
0.91913199,0.02576000,0.22056000
0.91928834,0.02576000,0.22000000
0.91948414,0.02576000,0.21952000
0.91912502,0.02576000,0.22064000
0.91923857,0.02576000,0.22024000
0.91919845,0.02576000,0.22032000
0.91919291,0.02576000,0.22040000
0.91929698,0.02576000,0.21992000
0.91937006,0.02576000,0.21984000
0.91941851,0.02576000,0.21976000
0.91942060,0.02576000,0.21968000
0.91945165,0.02576000,0.21960000
0.91901088,0.02576000,0.22088000
0.91899443,0.02576000,0.22096000
0.91955203,0.02576000,0.21944000
0.91959083,0.02576000,0.21936000
0.91959447,0.02576000,0.21928000
0.91916454,0.02576000,0.22048000
0.91926849,0.02576000,0.22008000
0.91905791,0.02576000,0.22080000
0.91894752,0.02584000,0.22096000
0.91891563,0.02584000,0.22112000
0.91886669,0.02584000,0.22120000
0.91892672,0.02584000,0.22104000
0.91884530,0.02592000,0.22120000
0.91882956,0.02592000,0.22128000
0.91865128,0.02600000,0.22200000
0.91879195,0.02600000,0.22128000
0.91873449,0.02600000,0.22144000
0.91870970,0.02600000,0.22152000
0.91868466,0.02600000,0.22160000
0.91874582,0.02600000,0.22136000
0.91866940,0.02600000,0.22192000
0.91867983,0.02600000,0.22184000
0.91868448,0.02600000,0.22168000
0.91868359,0.02600000,0.22176000
0.91861165,0.02608000,0.22200000
0.91852897,0.02608000,0.22232000
0.91856062,0.02608000,0.22216000
0.91853672,0.02608000,0.22224000
0.91850966,0.02608000,0.22240000
0.91858721,0.02608000,0.22208000
0.91850579,0.02616000,0.22240000
0.91838336,0.02616000,0.22248000
0.91837138,0.02616000,0.22256000
0.91817468,0.02624000,0.22288000
0.91810107,0.02624000,0.22304000
0.91806269,0.02624000,0.22312000
0.91805929,0.02624000,0.22320000
0.91803712,0.02624000,0.22328000
0.91803455,0.02624000,0.22336000
0.91794890,0.02624000,0.22344000
0.91818571,0.02624000,0.22280000
0.91834050,0.02624000,0.22264000
0.91828281,0.02624000,0.22272000
0.91834605,0.02624000,0.22256000
0.91814995,0.02624000,0.22296000
0.91727525,0.02632000,0.22544000
0.91724330,0.02632000,0.22560000
0.91776663,0.02632000,0.22416000
0.91792661,0.02632000,0.22344000
0.91740018,0.02632000,0.22496000
0.91718471,0.02632000,0.22568000
0.91725403,0.02632000,0.22552000
0.91746891,0.02632000,0.22488000
0.91750550,0.02632000,0.22472000
0.91751575,0.02632000,0.22464000
0.91758060,0.02632000,0.22456000
0.91760862,0.02632000,0.22448000
0.91729671,0.02632000,0.22528000
0.91769350,0.02632000,0.22432000
0.91769683,0.02632000,0.22424000
0.91728181,0.02632000,0.22536000
0.91734338,0.02632000,0.22512000
0.91734207,0.02632000,0.22520000
0.91735339,0.02632000,0.22504000
0.91747481,0.02632000,0.22480000
0.91785187,0.02632000,0.22376000
0.91784585,0.02632000,0.22384000
0.91780186,0.02632000,0.22400000
0.91783577,0.02632000,0.22392000
0.91779852,0.02632000,0.22408000
0.91788059,0.02632000,0.22360000
0.91785908,0.02632000,0.22368000
0.91766995,0.02632000,0.22440000
0.91789907,0.02632000,0.22352000
0.91716695,0.02640000,0.22568000
0.91683137,0.02648000,0.22632000
0.91709185,0.02648000,0.22592000
0.91686410,0.02648000,0.22624000
0.91690278,0.02648000,0.22616000
0.91695380,0.02648000,0.22600000
0.91710532,0.02648000,0.22584000
0.91691613,0.02648000,0.22608000
0.91715044,0.02648000,0.22576000
0.91715223,0.02648000,0.22568000
0.91679758,0.02656000,0.22640000
0.91681564,0.02656000,0.22632000
0.91666090,0.02664000,0.22704000
0.91677511,0.02664000,0.22656000
0.91678739,0.02664000,0.22648000
0.91676474,0.02664000,0.22672000
0.91673958,0.02664000,0.22680000
0.91679627,0.02664000,0.22640000
0.91676521,0.02664000,0.22664000
0.91669858,0.02664000,0.22688000
0.91668218,0.02664000,0.22696000
0.91664982,0.02672000,0.22704000
0.91658258,0.02680000,0.22728000
0.91643411,0.02680000,0.22760000
0.91660112,0.02680000,0.22720000
0.91651189,0.02680000,0.22736000
0.91641098,0.02680000,0.22768000
0.91640198,0.02680000,0.22776000
0.91663438,0.02680000,0.22704000
0.91646302,0.02680000,0.22744000
0.91643453,0.02680000,0.22752000
0.91660321,0.02680000,0.22712000
0.91638637,0.02688000,0.22784000
0.91632688,0.02688000,0.22800000
0.91620749,0.02688000,0.22816000
0.91626596,0.02688000,0.22808000
0.91639036,0.02688000,0.22776000
0.91634089,0.02688000,0.22792000
0.91617656,0.02696000,0.22824000
0.91620541,0.02696000,0.22816000
0.91607881,0.02696000,0.22840000
0.91610605,0.02696000,0.22832000
0.91605592,0.02704000,0.22848000
0.91606092,0.02704000,0.22840000
0.91599470,0.02704000,0.22864000
0.91595107,0.02704000,0.22872000
0.91600418,0.02704000,0.22856000
0.91592520,0.02712000,0.22872000
0.91591990,0.02712000,0.22880000
0.91584510,0.02720000,0.22880000
0.91582280,0.02728000,0.22880000
0.91580361,0.02728000,0.22888000
0.91576791,0.02728000,0.22904000
0.91577721,0.02728000,0.22896000
0.91566485,0.02728000,0.22928000
0.91566193,0.02728000,0.22936000
0.91576189,0.02728000,0.22912000
0.91567975,0.02728000,0.22920000
0.91564614,0.02728000,0.22944000
0.91520929,0.02736000,0.23056000
0.91543794,0.02736000,0.22992000
0.91550922,0.02736000,0.22976000
0.91530508,0.02736000,0.23032000
0.91526353,0.02736000,0.23040000
0.91526121,0.02736000,0.23048000
0.91534781,0.02736000,0.23024000
0.91548407,0.02736000,0.22984000
0.91535282,0.02736000,0.23016000
0.91542244,0.02736000,0.23000000
0.91538417,0.02736000,0.23008000
0.91555303,0.02736000,0.22960000
0.91551322,0.02736000,0.22968000
0.91555583,0.02736000,0.22952000
0.91558290,0.02736000,0.22944000
0.91518283,0.02744000,0.23056000
0.91518193,0.02744000,0.23064000
0.91497862,0.02752000,0.23088000
0.91502512,0.02752000,0.23080000
0.91493261,0.02752000,0.23096000
0.91488498,0.02752000,0.23104000
0.91506511,0.02752000,0.23072000
0.91513002,0.02752000,0.23064000
0.91476655,0.02760000,0.23128000
0.91486692,0.02760000,0.23112000
0.91488212,0.02760000,0.23104000
0.91472161,0.02760000,0.23144000
0.91476208,0.02760000,0.23136000
0.91483772,0.02760000,0.23120000
0.91464579,0.02768000,0.23168000
0.91415417,0.02768000,0.23336000
0.91415203,0.02768000,0.23344000
0.91415191,0.02768000,0.23352000
0.91413057,0.02768000,0.23360000
0.91454655,0.02768000,0.23264000
0.91450977,0.02768000,0.23272000
0.91410130,0.02768000,0.23368000
0.91446131,0.02768000,0.23280000
0.91459394,0.02768000,0.23200000
0.91455466,0.02768000,0.23240000
0.91442293,0.02768000,0.23288000
0.91460580,0.02768000,0.23192000
0.91461480,0.02768000,0.23184000
0.91427892,0.02768000,0.23296000
0.91424006,0.02768000,0.23312000
0.91457391,0.02768000,0.23232000
0.91457748,0.02768000,0.23224000
0.91469276,0.02768000,0.23160000
0.91471010,0.02768000,0.23152000
0.91471243,0.02768000,0.23144000
0.91422373,0.02768000,0.23328000
0.91422933,0.02768000,0.23320000
0.91454989,0.02768000,0.23256000
0.91462833,0.02768000,0.23176000
0.91426301,0.02768000,0.23304000
0.91458815,0.02768000,0.23216000
0.91459095,0.02768000,0.23208000
0.91408902,0.02776000,0.23368000
0.91406780,0.02776000,0.23376000
0.91395241,0.02784000,0.23408000
0.91403037,0.02784000,0.23384000
0.91402000,0.02784000,0.23392000
0.91397411,0.02784000,0.23400000
0.91405028,0.02784000,0.23376000
0.91385931,0.02792000,0.23424000
0.91386181,0.02792000,0.23416000
0.91393667,0.02792000,0.23408000
0.91383803,0.02800000,0.23432000
0.91381323,0.02800000,0.23440000
0.91385168,0.02800000,0.23424000
0.91379559,0.02808000,0.23440000
0.91374606,0.02808000,0.23480000
0.91374922,0.02808000,0.23464000
0.91375297,0.02808000,0.23456000
0.91376960,0.02808000,0.23448000
0.91310543,0.02816000,0.23664000
0.91306674,0.02816000,0.23672000
0.91306418,0.02816000,0.23680000
0.91304737,0.02816000,0.23688000
0.91327131,0.02816000,0.23592000
0.91331041,0.02816000,0.23584000
0.91326135,0.02816000,0.23600000
0.91323382,0.02816000,0.23608000
0.91320419,0.02816000,0.23616000
0.91319782,0.02816000,0.23624000
0.91310579,0.02816000,0.23656000
0.91312617,0.02816000,0.23648000
0.91355938,0.02816000,0.23528000
0.91366434,0.02816000,0.23504000
0.91365963,0.02816000,0.23512000
0.91363096,0.02816000,0.23520000
0.91343886,0.02816000,0.23552000
0.91341096,0.02816000,0.23560000
0.91333658,0.02816000,0.23568000
0.91333437,0.02816000,0.23576000
0.91373795,0.02816000,0.23480000
0.91371590,0.02816000,0.23488000
0.91368073,0.02816000,0.23496000
0.91319269,0.02816000,0.23632000
0.91314906,0.02816000,0.23640000
0.91349834,0.02816000,0.23536000
0.91346949,0.02816000,0.23544000
0.91297722,0.02824000,0.23704000
0.91294283,0.02824000,0.23720000
0.91289425,0.02824000,0.23728000
0.91289198,0.02824000,0.23736000
0.91288185,0.02824000,0.23744000
0.91280723,0.02824000,0.23752000
0.91276670,0.02824000,0.23760000
0.91260540,0.02824000,0.23808000
0.91254032,0.02824000,0.23856000
0.91300744,0.02824000,0.23696000
0.91304088,0.02824000,0.23688000
0.91258866,0.02824000,0.23816000
0.91245741,0.02824000,0.23888000
0.91247308,0.02824000,0.23880000
0.91247559,0.02824000,0.23872000
0.91251868,0.02824000,0.23864000
0.91243666,0.02824000,0.23904000
0.91255152,0.02824000,0.23840000
0.91272408,0.02824000,0.23800000
0.91274506,0.02824000,0.23776000
0.91245097,0.02824000,0.23896000
0.91273683,0.02824000,0.23784000
0.91258377,0.02824000,0.23832000
0.91258490,0.02824000,0.23824000
0.91295028,0.02824000,0.23712000
0.91254109,0.02824000,0.23848000
0.91275430,0.02824000,0.23768000
0.91240692,0.02832000,0.23912000
0.91237038,0.02832000,0.23920000
0.91243243,0.02832000,0.23904000
0.91236991,0.02840000,0.23920000
0.91234511,0.02840000,0.23936000
0.91235781,0.02840000,0.23928000
0.91229814,0.02848000,0.23952000
0.91232026,0.02848000,0.23944000
0.91233003,0.02848000,0.23936000
0.91213703,0.02856000,0.24000000
0.91226977,0.02856000,0.23960000
0.91206616,0.02856000,0.24024000
0.91205841,0.02856000,0.24032000
0.91206783,0.02856000,0.24016000
0.91203868,0.02856000,0.24040000
0.91215461,0.02856000,0.23992000
0.91221291,0.02856000,0.23968000
0.91200835,0.02856000,0.24048000
0.91208220,0.02856000,0.24008000
0.91228855,0.02856000,0.23952000
0.91217190,0.02856000,0.23984000
0.91218567,0.02856000,0.23976000
0.91199344,0.02864000,0.24056000
0.91191852,0.02864000,0.24080000
0.91190851,0.02864000,0.24088000
0.91197222,0.02864000,0.24064000
0.91196752,0.02864000,0.24072000
0.91199863,0.02864000,0.24048000
0.91190583,0.02872000,0.24088000
0.91183245,0.02880000,0.24112000
0.91187042,0.02880000,0.24104000
0.91188192,0.02880000,0.24096000
0.91188216,0.02880000,0.24088000
0.91180551,0.02888000,0.24112000
0.91174251,0.02896000,0.24112000
0.91173089,0.02896000,0.24120000
0.91170377,0.02896000,0.24136000
0.91159850,0.02896000,0.24160000
0.91166967,0.02896000,0.24152000
0.91168797,0.02896000,0.24144000
0.91171461,0.02896000,0.24128000
0.91150123,0.02904000,0.24184000
0.91155165,0.02904000,0.24168000
0.91154039,0.02904000,0.24176000
0.91158813,0.02904000,0.24160000
0.91143471,0.02912000,0.24184000
0.91133773,0.02912000,0.24224000
0.91133618,0.02912000,0.24232000
0.91142452,0.02912000,0.24192000
0.91139764,0.02912000,0.24200000
0.91136420,0.02912000,0.24216000
0.91139561,0.02912000,0.24208000
0.91132438,0.02920000,0.24232000
0.91116858,0.02928000,0.24240000
0.91118860,0.02928000,0.24232000
0.91116124,0.02928000,0.24248000
0.91114753,0.02936000,0.24248000
0.91111219,0.02936000,0.24256000
0.91096467,0.02944000,0.24296000
0.91102380,0.02944000,0.24280000
0.91099197,0.02944000,0.24288000
0.91104877,0.02944000,0.24272000
0.91085565,0.02944000,0.24320000
0.91106802,0.02944000,0.24264000
0.91109347,0.02944000,0.24256000
0.91086334,0.02944000,0.24312000
0.91094416,0.02944000,0.24304000
0.91070384,0.02952000,0.24368000
0.91070336,0.02952000,0.24376000
0.91070110,0.02952000,0.24384000
0.91068143,0.02952000,0.24392000
0.91067255,0.02952000,0.24400000
0.91061896,0.02952000,0.24408000
0.91058177,0.02952000,0.24416000
0.91070634,0.02952000,0.24360000
0.91080767,0.02952000,0.24336000
0.91075844,0.02952000,0.24344000
0.91052109,0.02952000,0.24440000
0.91057646,0.02952000,0.24424000
0.91051835,0.02952000,0.24448000
0.91049200,0.02952000,0.24456000
0.91053897,0.02952000,0.24432000
0.91073656,0.02952000,0.24352000
0.91049087,0.02952000,0.24464000
0.91084248,0.02952000,0.24320000
0.91083527,0.02952000,0.24328000
0.91045845,0.02952000,0.24472000
0.91045368,0.02960000,0.24472000
0.91044372,0.02960000,0.24480000
0.91038865,0.02960000,0.24496000
0.91041493,0.02960000,0.24488000
0.91038471,0.02960000,0.24504000
0.91033036,0.02968000,0.24520000
0.91026115,0.02968000,0.24576000
0.91029346,0.02968000,0.24552000
0.91030043,0.02968000,0.24544000
0.91032547,0.02968000,0.24528000
0.91035199,0.02968000,0.24504000
0.91033345,0.02968000,0.24512000
0.91026646,0.02968000,0.24568000
0.91028053,0.02968000,0.24560000
0.91026032,0.02968000,0.24584000
0.91019338,0.02976000,0.24584000
0.91016889,0.02984000,0.24592000
0.91018105,0.02984000,0.24584000
0.91016120,0.02992000,0.24592000
0.91010571,0.03000000,0.24600000
0.91010392,0.03000000,0.24608000
0.91010964,0.03000000,0.24592000
0.90998673,0.03008000,0.24632000
0.91009682,0.03008000,0.24608000
0.91003507,0.03008000,0.24624000
0.91006917,0.03008000,0.24616000
0.90998197,0.03008000,0.24640000
0.90991104,0.03016000,0.24656000
0.90995240,0.03016000,0.24640000
0.90994716,0.03016000,0.24648000
0.90985930,0.03024000,0.24688000
0.90990132,0.03024000,0.24656000
0.90988851,0.03024000,0.24672000
0.90989780,0.03024000,0.24664000
0.90988684,0.03024000,0.24680000
0.90983957,0.03032000,0.24704000
0.90984935,0.03032000,0.24688000
0.90984082,0.03032000,0.24696000
0.90982229,0.03032000,0.24712000
0.90980107,0.03032000,0.24720000
0.90975124,0.03040000,0.24744000
0.90975994,0.03040000,0.24736000
0.90978611,0.03040000,0.24720000
0.90973872,0.03040000,0.24752000
0.90976548,0.03040000,0.24728000
0.90965933,0.03048000,0.24784000
0.90966749,0.03048000,0.24776000
0.90963888,0.03048000,0.24792000
0.90970170,0.03048000,0.24760000
0.90968150,0.03048000,0.24768000
0.90973449,0.03048000,0.24752000
0.90958720,0.03048000,0.24808000
0.90961325,0.03048000,0.24800000
0.90919513,0.03056000,0.24896000
0.90925497,0.03056000,0.24880000
0.90906113,0.03056000,0.24952000
0.90929949,0.03056000,0.24864000
0.90915424,0.03056000,0.24912000
0.90908617,0.03056000,0.24936000
0.90909731,0.03056000,0.24928000
0.90947539,0.03056000,0.24832000
0.90913278,0.03056000,0.24920000
0.90906686,0.03056000,0.24944000
0.90934604,0.03056000,0.24848000
0.90923023,0.03056000,0.24888000
0.90930730,0.03056000,0.24856000
0.90928108,0.03056000,0.24872000
0.90946239,0.03056000,0.24840000
0.90900439,0.03056000,0.24968000
0.90957260,0.03056000,0.24808000
0.90918034,0.03056000,0.24904000
0.90905070,0.03056000,0.24960000
0.90955120,0.03056000,0.24816000
0.90953118,0.03056000,0.24824000
0.90897661,0.03064000,0.24984000
0.90897208,0.03064000,0.24992000
0.90898776,0.03064000,0.24968000
0.90897769,0.03064000,0.24976000
0.90893418,0.03072000,0.24992000
0.90888572,0.03072000,0.25000000
0.90883166,0.03080000,0.25008000
0.90861028,0.03080000,0.25064000
0.90859699,0.03080000,0.25072000
0.90861547,0.03080000,0.25056000
0.90883297,0.03080000,0.25000000
0.90882927,0.03080000,0.25016000
0.90868425,0.03080000,0.25032000
0.90874416,0.03080000,0.25024000
0.90866929,0.03080000,0.25040000
0.90862131,0.03080000,0.25048000
0.90859610,0.03088000,0.25072000
0.90857708,0.03088000,0.25080000
0.90855759,0.03088000,0.25088000
0.90849674,0.03096000,0.25096000
0.90848827,0.03096000,0.25104000
0.90839905,0.03096000,0.25144000
0.90848631,0.03096000,0.25112000
0.90840197,0.03096000,0.25136000
0.90844387,0.03096000,0.25120000
0.90842009,0.03096000,0.25128000
0.90849954,0.03096000,0.25088000
0.90838581,0.03104000,0.25144000
0.90833604,0.03112000,0.25152000
0.90834844,0.03112000,0.25144000
0.90823358,0.03120000,0.25160000
0.90830028,0.03120000,0.25152000
0.90806764,0.03128000,0.25200000
0.90822405,0.03128000,0.25160000
0.90792787,0.03128000,0.25248000
0.90805191,0.03128000,0.25224000
0.90807825,0.03128000,0.25192000
0.90806437,0.03128000,0.25216000
0.90806705,0.03128000,0.25208000
0.90802342,0.03128000,0.25232000
0.90821689,0.03128000,0.25168000
0.90820229,0.03128000,0.25184000
0.90799952,0.03128000,0.25240000
0.90821666,0.03128000,0.25176000
0.90786821,0.03136000,0.25256000
0.90792692,0.03136000,0.25248000
0.90783453,0.03144000,0.25272000
0.90783846,0.03144000,0.25256000
0.90783465,0.03144000,0.25264000
0.90781772,0.03152000,0.25272000
0.90779376,0.03152000,0.25280000
0.90778756,0.03160000,0.25280000
0.90748990,0.03168000,0.25360000
0.90749872,0.03168000,0.25352000
0.90741581,0.03168000,0.25384000
0.90743208,0.03168000,0.25376000
0.90739274,0.03168000,0.25392000
0.90750009,0.03168000,0.25344000
0.90772676,0.03168000,0.25304000
0.90743315,0.03168000,0.25368000
0.90768921,0.03168000,0.25312000
0.90752190,0.03168000,0.25336000
0.90761137,0.03168000,0.25328000
0.90766340,0.03168000,0.25320000
0.90775681,0.03168000,0.25288000
0.90774179,0.03168000,0.25296000
0.90778649,0.03168000,0.25280000
0.90738046,0.03176000,0.25400000
0.90738094,0.03176000,0.25392000
0.90731949,0.03184000,0.25408000
0.90736926,0.03184000,0.25400000
0.90731215,0.03184000,0.25416000
0.90695751,0.03192000,0.25480000
0.90718949,0.03192000,0.25432000
0.90698242,0.03192000,0.25472000
0.90726340,0.03192000,0.25424000
0.90718585,0.03192000,0.25440000
0.90702438,0.03192000,0.25456000
0.90714318,0.03192000,0.25448000
0.90730578,0.03192000,0.25416000
0.90698373,0.03192000,0.25464000
0.90671831,0.03200000,0.25496000
0.90677488,0.03200000,0.25488000
0.90677971,0.03200000,0.25480000
0.90658998,0.03208000,0.25544000
0.90670323,0.03208000,0.25496000
0.90661818,0.03208000,0.25520000
0.90669453,0.03208000,0.25504000
0.90661740,0.03208000,0.25528000
0.90667391,0.03208000,0.25512000
0.90660584,0.03208000,0.25536000
0.90631551,0.03216000,0.25648000
0.90649486,0.03216000,0.25592000
0.90646124,0.03216000,0.25600000
0.90644830,0.03216000,0.25608000
0.90658361,0.03216000,0.25544000
0.90654707,0.03216000,0.25576000
0.90655518,0.03216000,0.25560000
0.90656066,0.03216000,0.25552000
0.90634716,0.03216000,0.25640000
0.90653688,0.03216000,0.25584000
0.90631461,0.03216000,0.25656000
0.90644348,0.03216000,0.25616000
0.90640247,0.03216000,0.25624000
0.90639365,0.03216000,0.25632000
0.90618277,0.03224000,0.25728000
0.90619773,0.03224000,0.25720000
0.90625322,0.03224000,0.25672000
0.90624863,0.03224000,0.25688000
0.90626079,0.03224000,0.25664000
0.90630388,0.03224000,0.25656000
0.90622926,0.03224000,0.25696000
0.90622658,0.03224000,0.25704000
0.90616268,0.03224000,0.25736000
0.90609425,0.03224000,0.25744000
0.90621859,0.03224000,0.25712000
0.90586919,0.03232000,0.25776000
0.90602040,0.03232000,0.25744000
0.90601599,0.03232000,0.25752000
0.90589124,0.03232000,0.25768000
0.90585935,0.03232000,0.25784000
0.90589672,0.03232000,0.25760000
0.90584749,0.03240000,0.25792000
0.90585661,0.03240000,0.25784000
0.90583390,0.03240000,0.25800000
0.90580994,0.03240000,0.25808000
0.90580428,0.03248000,0.25808000
0.90579754,0.03248000,0.25816000
0.90567380,0.03256000,0.25848000
0.90568888,0.03256000,0.25840000
0.90557528,0.03256000,0.25872000
0.90561223,0.03256000,0.25864000
0.90567017,0.03256000,0.25856000
0.90555531,0.03256000,0.25880000
0.90551883,0.03256000,0.25888000
0.90573847,0.03256000,0.25832000
0.90575993,0.03256000,0.25816000
0.90575886,0.03256000,0.25824000
0.90546703,0.03264000,0.25912000
0.90548521,0.03264000,0.25904000
0.90545940,0.03264000,0.25928000
0.90550232,0.03264000,0.25896000
0.90550536,0.03264000,0.25888000
0.90546530,0.03264000,0.25920000
0.90544963,0.03272000,0.25928000
0.90543234,0.03272000,0.25936000
0.90543109,0.03280000,0.25936000
0.90539861,0.03280000,0.25944000
0.90537536,0.03288000,0.25952000
0.90532309,0.03288000,0.25976000
0.90536588,0.03288000,0.25960000
0.90521348,0.03288000,0.25992000
0.90528917,0.03288000,0.25984000
0.90535855,0.03288000,0.25968000
0.90538067,0.03288000,0.25944000
0.90505791,0.03296000,0.26024000
0.90504736,0.03296000,0.26032000
0.90521115,0.03296000,0.25992000
0.90504473,0.03296000,0.26040000
0.90497619,0.03296000,0.26048000
0.90515929,0.03296000,0.26016000
0.90516847,0.03296000,0.26008000
0.90517646,0.03296000,0.26000000
0.90488082,0.03304000,0.26088000
0.90492201,0.03304000,0.26072000
0.90495843,0.03304000,0.26048000
0.90484244,0.03304000,0.26104000
0.90491682,0.03304000,0.26080000
0.90482986,0.03304000,0.26112000
0.90493238,0.03304000,0.26056000
0.90485936,0.03304000,0.26096000
0.90482247,0.03304000,0.26120000
0.90480119,0.03312000,0.26120000
0.90468496,0.03312000,0.26136000
0.90477484,0.03312000,0.26128000
0.90463072,0.03312000,0.26152000
0.90464926,0.03312000,0.26144000
0.90461600,0.03320000,0.26152000
0.90451032,0.03320000,0.26200000
0.90460825,0.03320000,0.26168000
0.90460932,0.03320000,0.26160000
0.90460575,0.03320000,0.26176000
0.90457422,0.03320000,0.26184000
0.90454328,0.03320000,0.26192000
0.90449607,0.03328000,0.26208000
0.90450889,0.03328000,0.26200000
0.90447485,0.03328000,0.26216000
0.90416336,0.03336000,0.26320000
0.90414482,0.03336000,0.26328000
0.90409148,0.03336000,0.26336000
0.90419436,0.03336000,0.26304000
0.90405577,0.03336000,0.26344000
0.90397686,0.03336000,0.26352000
0.90439987,0.03336000,0.26248000
0.90423840,0.03336000,0.26296000
0.90436512,0.03336000,0.26256000
0.90435755,0.03336000,0.26264000
0.90442121,0.03336000,0.26240000
0.90442765,0.03336000,0.26232000
0.90416861,0.03336000,0.26312000
0.90425175,0.03336000,0.26288000
0.90426308,0.03336000,0.26280000
0.90433627,0.03336000,0.26272000
0.90446156,0.03336000,0.26224000
0.90447366,0.03336000,0.26216000
0.90387821,0.03344000,0.26360000
0.90387011,0.03344000,0.26368000
0.90396851,0.03344000,0.26352000
0.90385383,0.03352000,0.26368000
0.90373451,0.03352000,0.26384000
0.90370876,0.03352000,0.26392000
0.90369028,0.03352000,0.26400000
0.90384334,0.03352000,0.26376000
0.90328991,0.03360000,0.26528000
0.90328968,0.03360000,0.26536000
0.90361661,0.03360000,0.26416000
0.90341467,0.03360000,0.26480000
0.90344656,0.03360000,0.26448000
0.90342981,0.03360000,0.26456000
0.90341157,0.03360000,0.26488000
0.90351760,0.03360000,0.26440000
0.90368873,0.03360000,0.26400000
0.90364689,0.03360000,0.26408000
0.90359569,0.03360000,0.26432000
0.90360463,0.03360000,0.26424000
0.90342027,0.03360000,0.26472000
0.90342480,0.03360000,0.26464000
0.90332109,0.03360000,0.26504000
0.90337712,0.03360000,0.26496000
0.90330911,0.03360000,0.26520000
0.90331525,0.03360000,0.26512000
0.90323919,0.03368000,0.26552000
0.90326297,0.03368000,0.26544000
0.90327060,0.03368000,0.26536000
0.90321553,0.03376000,0.26560000
0.90317672,0.03376000,0.26568000
0.90321720,0.03376000,0.26552000
0.90290058,0.03392000,0.26664000
0.90289319,0.03392000,0.26672000
0.90312588,0.03392000,0.26568000
0.90309858,0.03392000,0.26576000
0.90309441,0.03392000,0.26584000
0.90298367,0.03392000,0.26632000
0.90297306,0.03392000,0.26640000
0.90293217,0.03392000,0.26656000
0.90300030,0.03392000,0.26616000
0.90302265,0.03392000,0.26608000
0.90296626,0.03392000,0.26648000
0.90307331,0.03392000,0.26600000
0.90308434,0.03392000,0.26592000
0.90286732,0.03392000,0.26680000
0.90299201,0.03392000,0.26624000
0.90286005,0.03400000,0.26680000
0.90276104,0.03400000,0.26704000
0.90276772,0.03400000,0.26696000
0.90277141,0.03400000,0.26688000
0.90273547,0.03408000,0.26712000
0.90271831,0.03408000,0.26720000
0.90264338,0.03408000,0.26744000
0.90271205,0.03408000,0.26728000
0.90265137,0.03408000,0.26736000
0.90275180,0.03408000,0.26704000
0.90258878,0.03416000,0.26752000
0.90259534,0.03416000,0.26744000
0.90249306,0.03424000,0.26760000
0.90258616,0.03424000,0.26752000
0.90226740,0.03432000,0.26792000
0.90225768,0.03432000,0.26800000
0.90222079,0.03432000,0.26816000
0.90222633,0.03432000,0.26808000
0.90248144,0.03432000,0.26760000
0.90245599,0.03432000,0.26768000
0.90240628,0.03432000,0.26776000
0.90239596,0.03432000,0.26784000
0.90217662,0.03440000,0.26816000
0.90215153,0.03448000,0.26816000
0.90210563,0.03456000,0.26832000
0.90210414,0.03456000,0.26840000
0.90213722,0.03456000,0.26816000
0.90211928,0.03456000,0.26824000
0.90199143,0.03456000,0.26872000
0.90209329,0.03456000,0.26848000
0.90206069,0.03456000,0.26856000
0.90205634,0.03456000,0.26864000
0.90193683,0.03464000,0.26904000
0.90197068,0.03464000,0.26896000
0.90197223,0.03464000,0.26888000
0.90197611,0.03464000,0.26872000
0.90190202,0.03472000,0.26912000
0.90180916,0.03472000,0.26936000
0.90193093,0.03472000,0.26904000
0.90176225,0.03472000,0.26944000
0.90186161,0.03472000,0.26928000
0.90188509,0.03472000,0.26920000
0.90175486,0.03480000,0.26944000
0.90163916,0.03480000,0.26952000
0.90162075,0.03480000,0.26960000
0.90159458,0.03488000,0.26960000
0.90155709,0.03488000,0.26976000
0.90158498,0.03488000,0.26968000
0.90153635,0.03496000,0.26976000
0.90150553,0.03496000,0.26984000
0.90145659,0.03496000,0.27000000
0.90146530,0.03496000,0.26992000
0.90144557,0.03504000,0.27000000
0.90140581,0.03512000,0.27032000
0.90144044,0.03512000,0.27000000
0.90143585,0.03512000,0.27008000
0.90140557,0.03512000,0.27040000
0.90141493,0.03512000,0.27024000
0.90142500,0.03512000,0.27016000
0.90126848,0.03520000,0.27072000
0.90133476,0.03520000,0.27040000
0.90133375,0.03520000,0.27048000
0.90127599,0.03520000,0.27064000
0.90132439,0.03520000,0.27056000
0.90119338,0.03528000,0.27080000
0.90126240,0.03528000,0.27072000
0.90118641,0.03528000,0.27088000
0.90097743,0.03536000,0.27136000
0.90104413,0.03536000,0.27120000
0.90101826,0.03536000,0.27128000
0.90105408,0.03536000,0.27112000
0.90106034,0.03536000,0.27104000
0.90106463,0.03536000,0.27096000
0.90117592,0.03536000,0.27088000
0.90074593,0.03544000,0.27176000
0.90090871,0.03544000,0.27136000
0.90088087,0.03544000,0.27152000
0.90076470,0.03544000,0.27160000
0.90075153,0.03544000,0.27168000
0.90072948,0.03544000,0.27184000
0.90090322,0.03544000,0.27144000
0.90068054,0.03552000,0.27192000
0.90060490,0.03552000,0.27208000
0.90059006,0.03552000,0.27216000
0.90058500,0.03552000,0.27224000
0.90058357,0.03552000,0.27232000
0.90065193,0.03552000,0.27200000
0.90070605,0.03552000,0.27184000
0.90057057,0.03560000,0.27240000
0.90057206,0.03560000,0.27232000
0.90053880,0.03568000,0.27240000
0.90052533,0.03576000,0.27248000
0.90050715,0.03576000,0.27256000
0.90052760,0.03576000,0.27240000
0.90050447,0.03584000,0.27256000
0.90047044,0.03584000,0.27264000
0.90018421,0.03592000,0.27336000
0.90034223,0.03592000,0.27288000
0.90018898,0.03592000,0.27328000
0.90026772,0.03592000,0.27296000
0.90026355,0.03592000,0.27304000
0.90038753,0.03592000,0.27272000
0.90040898,0.03592000,0.27264000
0.90023881,0.03592000,0.27312000
0.90020758,0.03592000,0.27320000
0.90035564,0.03592000,0.27280000
0.90012956,0.03600000,0.27352000
0.90011835,0.03600000,0.27360000
0.90018278,0.03600000,0.27336000
0.90013468,0.03600000,0.27344000
0.90008879,0.03600000,0.27368000
0.90006024,0.03608000,0.27384000
0.90005952,0.03608000,0.27392000
0.89984947,0.03608000,0.27424000
0.90003395,0.03608000,0.27400000
0.90006727,0.03608000,0.27376000
0.90008157,0.03608000,0.27368000
0.89987415,0.03608000,0.27416000
0.89997274,0.03608000,0.27408000
0.89984375,0.03616000,0.27424000
0.89981341,0.03616000,0.27432000
0.89981055,0.03624000,0.27432000
0.89974701,0.03624000,0.27440000
0.89951307,0.03632000,0.27504000
0.89973134,0.03632000,0.27440000
0.89965546,0.03632000,0.27464000
0.89965886,0.03632000,0.27456000
0.89949900,0.03632000,0.27512000
0.89956534,0.03632000,0.27496000
0.89957923,0.03632000,0.27488000
0.89960694,0.03632000,0.27472000
0.89960450,0.03632000,0.27480000
0.89969212,0.03632000,0.27448000
0.89948887,0.03640000,0.27512000
0.89948744,0.03648000,0.27512000
0.89937341,0.03648000,0.27528000
0.89936882,0.03648000,0.27536000
0.89943391,0.03648000,0.27520000
0.89936304,0.03656000,0.27536000
0.89933372,0.03656000,0.27552000
0.89934385,0.03656000,0.27544000
0.89928412,0.03664000,0.27568000
0.89925927,0.03664000,0.27576000
0.89925468,0.03664000,0.27584000
0.89933252,0.03664000,0.27552000
0.89931923,0.03664000,0.27560000
0.89924210,0.03672000,0.27584000
0.89924002,0.03680000,0.27584000
0.89918351,0.03680000,0.27592000
0.89917463,0.03680000,0.27600000
0.89901412,0.03688000,0.27632000
0.89895803,0.03688000,0.27648000
0.89915067,0.03688000,0.27608000
0.89915949,0.03688000,0.27600000
0.89897597,0.03688000,0.27640000
0.89908212,0.03688000,0.27624000
0.89913619,0.03688000,0.27616000
0.89891863,0.03696000,0.27648000
0.89883822,0.03696000,0.27680000
0.89884430,0.03696000,0.27672000
0.89888078,0.03696000,0.27664000
0.89890176,0.03696000,0.27656000
0.89883482,0.03704000,0.27688000
0.89880508,0.03704000,0.27704000
0.89883560,0.03704000,0.27680000
0.89880818,0.03704000,0.27696000
0.89872533,0.03712000,0.27728000
0.89876366,0.03712000,0.27704000
0.89874732,0.03712000,0.27712000
0.89873797,0.03712000,0.27720000
0.89859891,0.03712000,0.27744000
0.89872283,0.03712000,0.27736000
0.89857471,0.03712000,0.27752000
0.89852196,0.03720000,0.27760000
0.89855081,0.03720000,0.27752000
0.89846486,0.03720000,0.27768000
0.89836442,0.03728000,0.27824000
0.89841688,0.03728000,0.27792000
0.89842224,0.03728000,0.27768000
0.89839751,0.03728000,0.27800000
0.89839607,0.03728000,0.27808000
0.89831865,0.03728000,0.27840000
0.89836872,0.03728000,0.27816000
0.89841908,0.03728000,0.27784000
0.89835018,0.03728000,0.27832000
0.89831775,0.03736000,0.27840000
0.89824659,0.03736000,0.27872000
0.89828879,0.03736000,0.27856000
0.89830571,0.03736000,0.27848000
0.89826685,0.03736000,0.27864000
0.89822513,0.03744000,0.27872000
0.89813221,0.03752000,0.27896000
0.89814836,0.03752000,0.27888000
0.89818645,0.03752000,0.27880000
0.89820868,0.03752000,0.27872000
0.89804697,0.03760000,0.27928000
0.89808309,0.03760000,0.27920000
0.89811194,0.03760000,0.27912000
0.89812052,0.03760000,0.27896000
0.89811885,0.03760000,0.27904000
0.89797252,0.03760000,0.27936000
0.89794910,0.03768000,0.27944000
0.89797002,0.03768000,0.27936000
0.89786702,0.03776000,0.27968000
0.89794832,0.03776000,0.27944000
0.89784795,0.03776000,0.27984000
0.89792055,0.03776000,0.27952000
0.89787400,0.03776000,0.27960000
0.89786315,0.03776000,0.27976000
0.89776844,0.03784000,0.27984000
0.89773154,0.03792000,0.27984000
0.89744395,0.03800000,0.28032000
0.89742804,0.03800000,0.28040000
0.89741313,0.03800000,0.28048000
0.89745933,0.03800000,0.28024000
0.89748466,0.03800000,0.28000000
0.89747298,0.03800000,0.28008000
0.89752185,0.03800000,0.27992000
0.89755774,0.03800000,0.27984000
0.89746654,0.03800000,0.28016000
0.89739317,0.03808000,0.28056000
0.89739925,0.03808000,0.28048000
0.89736861,0.03816000,0.28056000
0.89734453,0.03824000,0.28064000
0.89736140,0.03824000,0.28056000
0.89732802,0.03832000,0.28072000
0.89729989,0.03832000,0.28080000
0.89734441,0.03832000,0.28064000
0.89724261,0.03840000,0.28088000
0.89726895,0.03840000,0.28080000
0.89720029,0.03840000,0.28096000
0.89716434,0.03840000,0.28104000
0.89715582,0.03848000,0.28104000
0.89709598,0.03856000,0.28136000
0.89701819,0.03856000,0.28168000
0.89693981,0.03856000,0.28184000
0.89692932,0.03856000,0.28192000
0.89709991,0.03856000,0.28120000
0.89711869,0.03856000,0.28112000
0.89706784,0.03856000,0.28152000
0.89705211,0.03856000,0.28160000
0.89712292,0.03856000,0.28104000
0.89707178,0.03856000,0.28144000
0.89709949,0.03856000,0.28128000
0.89695090,0.03856000,0.28176000
0.89689177,0.03856000,0.28200000
0.89687747,0.03856000,0.28208000
0.89686835,0.03864000,0.28208000
0.89681745,0.03872000,0.28208000
0.89681172,0.03872000,0.28216000
0.89679646,0.03880000,0.28232000
0.89680862,0.03880000,0.28224000
0.89681053,0.03880000,0.28216000
0.89677006,0.03888000,0.28232000
0.89671344,0.03896000,0.28232000
0.89665580,0.03896000,0.28240000
0.89662898,0.03904000,0.28248000
0.89660275,0.03904000,0.28256000
0.89663571,0.03904000,0.28240000
0.89651382,0.03912000,0.28264000
0.89647931,0.03912000,0.28272000
0.89658225,0.03912000,0.28256000
0.89639777,0.03920000,0.28304000
0.89646852,0.03920000,0.28280000
0.89640844,0.03920000,0.28296000
0.89642012,0.03920000,0.28288000
0.89647013,0.03920000,0.28272000
0.89633536,0.03928000,0.28312000
0.89620519,0.03928000,0.28320000
0.89634657,0.03928000,0.28304000
0.89620441,0.03928000,0.28328000
0.89618874,0.03928000,0.28336000
0.89608794,0.03936000,0.28352000
0.89617914,0.03936000,0.28336000
0.89617354,0.03936000,0.28344000
0.89598542,0.03944000,0.28368000
0.89603680,0.03944000,0.28360000
0.89605230,0.03944000,0.28352000
0.89590138,0.03952000,0.28376000
0.89592129,0.03952000,0.28368000
0.89588362,0.03952000,0.28384000
0.89579237,0.03952000,0.28392000
0.89557278,0.03960000,0.28440000
0.89578921,0.03960000,0.28392000
0.89566559,0.03960000,0.28424000
0.89566684,0.03960000,0.28416000
0.89575732,0.03960000,0.28408000
0.89575899,0.03960000,0.28400000
0.89558786,0.03960000,0.28432000
0.89502007,0.03968000,0.28504000
0.89500940,0.03968000,0.28512000
0.89553320,0.03968000,0.28440000
0.89517635,0.03968000,0.28488000
0.89504415,0.03968000,0.28496000
0.89535856,0.03968000,0.28472000
0.89529920,0.03968000,0.28480000
0.89542830,0.03968000,0.28456000
0.89538628,0.03968000,0.28464000
0.89549130,0.03968000,0.28448000
0.89499766,0.03976000,0.28512000
0.89493978,0.03976000,0.28536000
0.89495802,0.03976000,0.28528000
0.89485061,0.03976000,0.28552000
0.89490235,0.03976000,0.28544000
0.89495957,0.03976000,0.28520000
0.89481437,0.03976000,0.28576000
0.89480031,0.03976000,0.28584000
0.89479595,0.03976000,0.28592000
0.89481455,0.03976000,0.28568000
0.89483231,0.03976000,0.28560000
0.89474827,0.03984000,0.28592000
0.89473903,0.03984000,0.28600000
0.89470315,0.03984000,0.28616000
0.89471787,0.03984000,0.28608000
0.89457017,0.03992000,0.28624000
0.89463043,0.03992000,0.28616000
0.89453000,0.04000000,0.28632000
0.89456999,0.04000000,0.28624000
0.89450997,0.04008000,0.28640000
0.89448327,0.04008000,0.28648000
0.89451599,0.04008000,0.28632000
0.89448136,0.04016000,0.28648000
0.89442003,0.04016000,0.28656000
0.89440918,0.04016000,0.28664000
0.89432526,0.04024000,0.28664000
0.89430600,0.04032000,0.28664000
0.89407521,0.04040000,0.28720000
0.89411372,0.04040000,0.28704000
0.89418370,0.04040000,0.28696000
0.89407283,0.04040000,0.28728000
0.89423054,0.04040000,0.28688000
0.89410734,0.04040000,0.28712000
0.89424688,0.04040000,0.28680000
0.89428967,0.04040000,0.28664000
0.89427233,0.04040000,0.28672000
0.89406610,0.04048000,0.28728000
0.89396423,0.04048000,0.28736000
0.89395535,0.04056000,0.28736000
0.89387631,0.04056000,0.28744000
0.89313531,0.04064000,0.28936000
0.89353961,0.04064000,0.28824000
0.89316374,0.04064000,0.28928000
0.89351600,0.04064000,0.28832000
0.89383161,0.04064000,0.28744000
0.89344120,0.04064000,0.28848000
0.89349896,0.04064000,0.28840000
0.89367366,0.04064000,0.28768000
0.89354497,0.04064000,0.28816000
0.89356554,0.04064000,0.28808000
0.89358473,0.04064000,0.28792000
0.89357948,0.04064000,0.28800000
0.89322108,0.04064000,0.28912000
0.89325601,0.04064000,0.28904000
0.89326149,0.04064000,0.28896000
0.89328194,0.04064000,0.28888000
0.89373755,0.04064000,0.28752000
0.89372599,0.04064000,0.28760000
0.89320731,0.04064000,0.28920000
0.89333087,0.04064000,0.28872000
0.89343125,0.04064000,0.28856000
0.89334571,0.04064000,0.28864000
0.89362359,0.04064000,0.28784000
0.89366233,0.04064000,0.28776000
0.89328563,0.04064000,0.28880000
0.89308870,0.04072000,0.28944000
0.89309943,0.04072000,0.28936000
0.89305258,0.04072000,0.28968000
0.89301872,0.04072000,0.28976000
0.89306122,0.04072000,0.28960000
0.89300835,0.04072000,0.28984000
0.89306438,0.04072000,0.28952000
0.89299458,0.04080000,0.28992000
0.89299583,0.04080000,0.28984000
0.89287311,0.04088000,0.29016000
0.89284897,0.04088000,0.29024000
0.89297992,0.04088000,0.28992000
0.89294887,0.04088000,0.29000000
0.89290828,0.04088000,0.29008000
0.89274865,0.04096000,0.29056000
0.89274549,0.04096000,0.29064000
0.89280343,0.04096000,0.29040000
0.89282048,0.04096000,0.29024000
0.89282000,0.04096000,0.29032000
0.89277464,0.04096000,0.29048000
0.89263690,0.04104000,0.29096000
0.89271867,0.04104000,0.29072000
0.89271683,0.04104000,0.29088000
0.89271796,0.04104000,0.29080000
0.89263606,0.04104000,0.29104000
0.89273703,0.04104000,0.29064000
0.89262086,0.04104000,0.29112000
0.89259398,0.04104000,0.29120000
0.89254951,0.04112000,0.29128000
0.89255136,0.04112000,0.29120000
0.89252424,0.04112000,0.29152000
0.89254516,0.04112000,0.29136000
0.89253062,0.04112000,0.29144000
0.89222372,0.04120000,0.29208000
0.89243567,0.04120000,0.29160000
0.89220816,0.04120000,0.29216000
0.89231104,0.04120000,0.29192000
0.89227337,0.04120000,0.29200000
0.89237988,0.04120000,0.29184000
0.89239258,0.04120000,0.29176000
0.89216840,0.04120000,0.29240000
0.89219666,0.04120000,0.29232000
0.89220333,0.04120000,0.29224000
0.89250183,0.04120000,0.29152000
0.89240038,0.04120000,0.29168000
0.89199138,0.04128000,0.29264000
0.89191240,0.04128000,0.29280000
0.89197803,0.04128000,0.29272000
0.89208728,0.04128000,0.29248000
0.89213413,0.04128000,0.29240000
0.89204592,0.04128000,0.29256000
0.89185226,0.04128000,0.29288000
0.89182079,0.04136000,0.29288000
0.89182013,0.04144000,0.29288000
0.89175373,0.04144000,0.29296000
0.89173192,0.04144000,0.29304000
0.89167923,0.04144000,0.29312000
0.89167213,0.04152000,0.29312000
0.89162636,0.04152000,0.29336000
0.89159536,0.04152000,0.29344000
0.89165097,0.04152000,0.29320000
0.89164126,0.04152000,0.29328000
0.89158106,0.04160000,0.29344000
0.89156383,0.04160000,0.29352000
0.89151305,0.04168000,0.29368000
0.89153177,0.04168000,0.29360000
0.89154655,0.04168000,0.29352000
0.89146185,0.04176000,0.29368000
0.89144111,0.04184000,0.29376000
0.89145154,0.04184000,0.29368000
0.89133173,0.04192000,0.29392000
0.89133239,0.04192000,0.29384000
0.89139432,0.04192000,0.29376000
0.89106292,0.04200000,0.29480000
0.89122283,0.04200000,0.29432000
0.89120722,0.04200000,0.29440000
0.89116353,0.04200000,0.29448000
0.89106613,0.04200000,0.29464000
0.89106464,0.04200000,0.29472000
0.89126199,0.04200000,0.29400000
0.89124101,0.04200000,0.29416000
0.89109844,0.04200000,0.29456000
0.89123362,0.04200000,0.29424000
0.89125842,0.04200000,0.29408000
0.89129102,0.04200000,0.29392000
0.89100736,0.04208000,0.29496000
0.89101428,0.04208000,0.29488000
0.89105934,0.04208000,0.29480000
0.89097774,0.04216000,0.29496000
0.89091235,0.04224000,0.29512000
0.89092189,0.04224000,0.29504000
0.89097518,0.04224000,0.29496000
0.89091188,0.04232000,0.29512000
0.89089060,0.04232000,0.29528000
0.89085096,0.04232000,0.29536000
0.89079010,0.04232000,0.29544000
0.89078391,0.04232000,0.29552000
0.89090222,0.04232000,0.29520000
0.89071834,0.04240000,0.29568000
0.89073062,0.04240000,0.29552000
0.89072591,0.04240000,0.29560000
0.89067400,0.04240000,0.29576000
0.89064085,0.04248000,0.29584000
0.89062047,0.04248000,0.29592000
0.89065242,0.04248000,0.29576000
0.89037919,0.04256000,0.29632000
0.89055836,0.04256000,0.29592000
0.89037645,0.04256000,0.29640000
0.89036447,0.04256000,0.29648000
0.89048147,0.04256000,0.29624000
0.89055389,0.04256000,0.29600000
0.89049292,0.04256000,0.29616000
0.89053082,0.04256000,0.29608000
0.89033026,0.04264000,0.29656000
0.89028752,0.04264000,0.29672000
0.89031351,0.04264000,0.29664000
0.89035457,0.04264000,0.29648000
0.89014959,0.04272000,0.29696000
0.89025372,0.04272000,0.29672000
0.89013374,0.04272000,0.29704000
0.89018464,0.04272000,0.29688000
0.89020061,0.04272000,0.29680000
0.89008641,0.04280000,0.29712000
0.89011562,0.04280000,0.29704000
0.89008433,0.04288000,0.29712000
0.88991570,0.04288000,0.29736000
0.88995999,0.04288000,0.29728000
0.88989955,0.04288000,0.29744000
0.89008009,0.04288000,0.29720000
0.88989228,0.04296000,0.29744000
0.88978887,0.04296000,0.29752000
0.88974267,0.04304000,0.29752000
0.88941348,0.04312000,0.29824000
0.88956189,0.04312000,0.29784000
0.88964444,0.04312000,0.29760000
0.88940620,0.04312000,0.29832000
0.88946956,0.04312000,0.29816000
0.88973778,0.04312000,0.29752000
0.88956314,0.04312000,0.29776000
0.88962728,0.04312000,0.29768000
0.88951880,0.04312000,0.29800000
0.88949579,0.04312000,0.29808000
0.88954872,0.04312000,0.29792000
0.88935536,0.04320000,0.29840000
0.88938373,0.04320000,0.29832000
0.88931805,0.04328000,0.29840000
0.88915873,0.04328000,0.29856000
0.88921028,0.04328000,0.29848000
0.88903499,0.04328000,0.29864000
0.88901985,0.04328000,0.29872000
0.88898796,0.04336000,0.29872000
0.88896698,0.04336000,0.29880000
0.88895386,0.04344000,0.29896000
0.88896114,0.04344000,0.29880000
0.88888824,0.04344000,0.29904000
0.88895476,0.04344000,0.29888000
0.88886499,0.04352000,0.29904000
0.88886029,0.04360000,0.29904000
0.88882351,0.04360000,0.29912000
0.88878483,0.04368000,0.29912000
0.88874698,0.04376000,0.29912000
0.88870537,0.04384000,0.29920000
0.88867378,0.04384000,0.29928000
0.88863879,0.04384000,0.29936000
0.88873142,0.04384000,0.29912000
0.88861424,0.04384000,0.29952000
0.88863713,0.04384000,0.29944000
0.88859230,0.04392000,0.29960000
0.88859767,0.04392000,0.29952000
0.88854146,0.04392000,0.29976000
0.88858259,0.04392000,0.29968000
0.88820881,0.04400000,0.30048000
0.88823748,0.04400000,0.30040000
0.88826531,0.04400000,0.30032000
0.88831872,0.04400000,0.30008000
0.88829553,0.04400000,0.30016000
0.88829178,0.04400000,0.30024000
0.88852698,0.04400000,0.29976000
0.88841271,0.04400000,0.29992000
0.88843143,0.04400000,0.29984000
0.88839549,0.04400000,0.30000000
0.88818014,0.04400000,0.30064000
0.88776296,0.04408000,0.30200000
0.88773328,0.04408000,0.30208000
0.88772267,0.04408000,0.30216000
0.88796365,0.04408000,0.30128000
0.88781321,0.04408000,0.30192000
0.88805723,0.04408000,0.30088000
0.88812059,0.04408000,0.30080000
0.88813782,0.04408000,0.30072000
0.88813835,0.04408000,0.30064000
0.88781714,0.04408000,0.30184000
0.88781935,0.04408000,0.30176000
0.88786125,0.04408000,0.30168000
0.88787770,0.04408000,0.30160000
0.88790059,0.04408000,0.30152000
0.88793886,0.04408000,0.30144000
0.88794792,0.04408000,0.30136000
0.88801914,0.04408000,0.30096000
0.88797081,0.04408000,0.30120000
0.88797855,0.04408000,0.30112000
0.88798678,0.04408000,0.30104000
0.88759500,0.04416000,0.30264000
0.88761699,0.04416000,0.30248000
0.88766068,0.04416000,0.30224000
0.88762927,0.04416000,0.30240000
0.88757610,0.04416000,0.30280000
0.88757634,0.04416000,0.30272000
0.88759696,0.04416000,0.30256000
0.88763529,0.04416000,0.30232000
0.88752013,0.04416000,0.30328000
0.88754928,0.04416000,0.30320000
0.88768238,0.04416000,0.30216000
0.88735425,0.04424000,0.30360000
0.88730651,0.04424000,0.30384000
0.88728714,0.04424000,0.30392000
0.88733792,0.04424000,0.30368000
0.88733411,0.04424000,0.30376000
0.88740224,0.04424000,0.30344000
0.88739425,0.04424000,0.30352000
0.88748372,0.04424000,0.30336000
0.88749313,0.04424000,0.30328000
0.88728076,0.04424000,0.30400000
0.88712537,0.04432000,0.30440000
0.88721949,0.04432000,0.30416000
0.88720441,0.04432000,0.30432000
0.88728040,0.04432000,0.30400000
0.88723350,0.04432000,0.30408000
0.88721788,0.04432000,0.30424000
0.88712239,0.04440000,0.30448000
0.88712323,0.04440000,0.30440000
0.88704133,0.04448000,0.30480000
0.88702053,0.04448000,0.30488000
0.88700736,0.04448000,0.30496000
0.88698405,0.04448000,0.30504000
0.88705146,0.04448000,0.30464000
0.88708043,0.04448000,0.30448000
0.88707763,0.04448000,0.30456000
0.88704425,0.04448000,0.30472000
0.88691175,0.04456000,0.30504000
0.88673264,0.04456000,0.30552000
0.88661242,0.04456000,0.30568000
0.88663048,0.04456000,0.30560000
0.88688713,0.04456000,0.30512000
0.88680416,0.04456000,0.30520000
0.88677174,0.04456000,0.30528000
0.88675517,0.04456000,0.30536000
0.88674080,0.04456000,0.30544000
0.88660622,0.04464000,0.30568000
0.88649887,0.04464000,0.30616000
0.88653493,0.04464000,0.30608000
0.88655668,0.04464000,0.30584000
0.88659847,0.04464000,0.30576000
0.88653719,0.04464000,0.30592000
0.88653672,0.04464000,0.30600000
0.88649189,0.04472000,0.30616000
0.88648975,0.04472000,0.30624000
0.88648957,0.04480000,0.30624000
0.88640386,0.04488000,0.30624000
0.88633519,0.04488000,0.30632000
0.88632774,0.04488000,0.30640000
0.88604540,0.04488000,0.30704000
0.88600707,0.04488000,0.30712000
0.88627601,0.04488000,0.30656000
0.88621151,0.04488000,0.30664000
0.88607877,0.04488000,0.30672000
0.88607109,0.04488000,0.30680000
0.88606042,0.04488000,0.30688000
0.88605183,0.04488000,0.30696000
0.88632548,0.04488000,0.30648000
0.88552320,0.04496000,0.30800000
0.88597333,0.04496000,0.30712000
0.88575304,0.04496000,0.30784000
0.88589042,0.04496000,0.30760000
0.88575536,0.04496000,0.30776000
0.88591290,0.04496000,0.30752000
0.88593590,0.04496000,0.30736000
0.88580835,0.04496000,0.30768000
0.88555086,0.04496000,0.30792000
0.88593262,0.04496000,0.30744000
0.88597059,0.04496000,0.30728000
0.88597316,0.04496000,0.30720000
0.88543850,0.04504000,0.30808000
0.88540775,0.04504000,0.30824000
0.88540477,0.04504000,0.30832000
0.88543391,0.04504000,0.30816000
0.88546646,0.04504000,0.30800000
0.88530672,0.04512000,0.30864000
0.88532335,0.04512000,0.30856000
0.88534272,0.04512000,0.30848000
0.88537073,0.04512000,0.30840000
0.88537174,0.04512000,0.30832000
0.88524580,0.04512000,0.30872000
0.88521463,0.04512000,0.30880000
0.88520199,0.04512000,0.30888000
0.88517940,0.04512000,0.30896000
0.88494557,0.04520000,0.30960000
0.88485521,0.04520000,0.30968000
0.88484550,0.04520000,0.30976000
0.88482928,0.04520000,0.30984000
0.88517267,0.04520000,0.30896000
0.88515186,0.04520000,0.30904000
0.88508171,0.04520000,0.30928000
0.88505471,0.04520000,0.30944000
0.88477391,0.04520000,0.31008000
0.88468856,0.04520000,0.31016000
0.88482237,0.04520000,0.30992000
0.88504380,0.04520000,0.30952000
0.88479495,0.04520000,0.31000000
0.88506025,0.04520000,0.30936000
0.88509804,0.04520000,0.30920000
0.88513964,0.04520000,0.30912000
0.88455385,0.04528000,0.31040000
0.88459462,0.04528000,0.31032000
0.88465154,0.04528000,0.31016000
0.88463372,0.04528000,0.31024000
0.88444173,0.04528000,0.31056000
0.88442153,0.04528000,0.31064000
0.88440913,0.04528000,0.31072000
0.88447380,0.04528000,0.31048000
0.88440090,0.04528000,0.31080000
0.88438880,0.04528000,0.31088000
0.88435102,0.04528000,0.31096000
0.88428557,0.04536000,0.31112000
0.88426626,0.04536000,0.31120000
0.88432950,0.04536000,0.31096000
0.88429004,0.04536000,0.31104000
0.88420731,0.04536000,0.31152000
0.88421178,0.04536000,0.31144000
0.88421327,0.04536000,0.31136000
0.88422096,0.04536000,0.31128000
0.88419843,0.04544000,0.31152000
0.88419217,0.04544000,0.31160000
0.88417357,0.04544000,0.31168000
0.88407499,0.04544000,0.31176000
0.88404727,0.04544000,0.31184000
0.88368380,0.04552000,0.31240000
0.88368976,0.04552000,0.31232000
0.88372505,0.04552000,0.31224000
0.88382477,0.04552000,0.31208000
0.88368165,0.04552000,0.31248000
0.88359547,0.04552000,0.31272000
0.88375241,0.04552000,0.31216000
0.88403761,0.04552000,0.31184000
0.88359582,0.04552000,0.31264000
0.88392246,0.04552000,0.31192000
0.88391399,0.04552000,0.31200000
0.88362628,0.04552000,0.31256000
0.88357425,0.04560000,0.31272000
0.88350725,0.04568000,0.31280000
0.88355553,0.04568000,0.31272000
0.88347459,0.04576000,0.31280000
0.88347149,0.04576000,0.31288000
0.88335162,0.04584000,0.31296000
0.88344395,0.04584000,0.31288000
0.88331068,0.04584000,0.31304000
0.88325804,0.04592000,0.31312000
0.88322043,0.04592000,0.31320000
0.88303071,0.04592000,0.31344000
0.88302177,0.04592000,0.31352000
0.88306051,0.04592000,0.31328000
0.88305694,0.04592000,0.31336000
0.88329029,0.04592000,0.31304000
0.88246757,0.04600000,0.31496000
0.88279551,0.04600000,0.31432000
0.88248831,0.04600000,0.31480000
0.88275027,0.04600000,0.31448000
0.88273478,0.04600000,0.31456000
0.88288701,0.04600000,0.31376000
0.88290912,0.04600000,0.31360000
0.88246793,0.04600000,0.31488000
0.88269389,0.04600000,0.31464000
0.88254660,0.04600000,0.31472000
0.88299918,0.04600000,0.31352000
0.88282949,0.04600000,0.31408000
0.88284808,0.04600000,0.31400000
0.88285369,0.04600000,0.31392000
0.88287503,0.04600000,0.31384000
0.88289016,0.04600000,0.31368000
0.88276529,0.04600000,0.31440000
0.88279569,0.04600000,0.31424000
0.88281238,0.04600000,0.31416000
0.88242579,0.04616000,0.31496000
0.88236099,0.04616000,0.31504000
0.88236028,0.04624000,0.31504000
0.88235199,0.04624000,0.31512000
0.88233447,0.04632000,0.31512000
0.88233131,0.04640000,0.31512000
0.88232899,0.04648000,0.31512000
0.88230067,0.04648000,0.31520000
0.88228697,0.04656000,0.31520000
0.88212806,0.04664000,0.31528000
0.88218135,0.04664000,0.31520000
0.88208556,0.04672000,0.31552000
0.88205141,0.04672000,0.31568000
0.88212198,0.04672000,0.31528000
0.88208908,0.04672000,0.31544000
0.88206059,0.04672000,0.31560000
0.88212061,0.04672000,0.31536000
0.88201690,0.04680000,0.31568000
0.88200152,0.04688000,0.31568000
0.88195896,0.04688000,0.31576000
0.88188457,0.04696000,0.31600000
0.88194358,0.04696000,0.31592000
0.88195825,0.04696000,0.31576000
0.88195616,0.04696000,0.31584000
0.88180339,0.04712000,0.31648000
0.88183028,0.04712000,0.31624000
0.88186932,0.04712000,0.31600000
0.88182992,0.04712000,0.31632000
0.88182926,0.04712000,0.31640000
0.88185161,0.04712000,0.31608000
0.88184196,0.04712000,0.31616000
0.88173991,0.04720000,0.31648000
0.88172841,0.04728000,0.31648000
0.88165087,0.04728000,0.31664000
0.88165474,0.04728000,0.31656000
0.88158041,0.04736000,0.31672000
0.88164407,0.04736000,0.31664000
0.88156456,0.04744000,0.31672000
0.88151604,0.04752000,0.31696000
0.88152307,0.04752000,0.31688000
0.88155234,0.04752000,0.31680000
0.88149947,0.04752000,0.31704000
0.88156235,0.04752000,0.31672000
0.88128287,0.04760000,0.31760000
0.88133091,0.04760000,0.31736000
0.88129342,0.04760000,0.31752000
0.88130486,0.04760000,0.31744000
0.88142943,0.04760000,0.31712000
0.88142377,0.04760000,0.31720000
0.88134712,0.04760000,0.31728000
0.88146299,0.04760000,0.31704000
0.88116759,0.04768000,0.31792000
0.88126987,0.04768000,0.31768000
0.88123870,0.04768000,0.31776000
0.88122869,0.04768000,0.31784000
0.88127053,0.04768000,0.31760000
0.88107002,0.04776000,0.31808000
0.88110495,0.04776000,0.31800000
0.88112926,0.04776000,0.31792000
0.88063014,0.04784000,0.31880000
0.88094836,0.04784000,0.31824000
0.88099492,0.04784000,0.31816000
0.88086200,0.04784000,0.31840000
0.88084561,0.04784000,0.31848000
0.88072175,0.04784000,0.31872000
0.88073105,0.04784000,0.31864000
0.88084155,0.04784000,0.31856000
0.88101691,0.04784000,0.31808000
0.88088769,0.04784000,0.31832000
0.88060558,0.04792000,0.31888000
0.88060594,0.04792000,0.31880000
0.88058633,0.04792000,0.31896000
0.88055110,0.04792000,0.31904000
0.88051748,0.04800000,0.31912000
0.88053530,0.04800000,0.31904000
0.88049436,0.04800000,0.31928000
0.88049889,0.04800000,0.31920000
0.88048661,0.04808000,0.31928000
0.88044900,0.04816000,0.31928000
0.88032234,0.04824000,0.31944000
0.88039058,0.04824000,0.31936000
0.88027984,0.04824000,0.31960000
0.88031781,0.04824000,0.31952000
0.88043660,0.04824000,0.31928000
0.88027757,0.04832000,0.31960000
0.88019413,0.04840000,0.31992000
0.88027143,0.04840000,0.31960000
0.88024843,0.04840000,0.31976000
0.88020378,0.04840000,0.31984000
0.88026410,0.04840000,0.31968000
0.88016629,0.04848000,0.32000000
0.88008827,0.04848000,0.32024000
0.88012189,0.04848000,0.32016000
0.88016355,0.04848000,0.32008000
0.88017970,0.04848000,0.31992000
0.88002640,0.04856000,0.32032000
0.88007128,0.04856000,0.32024000
0.87994897,0.04856000,0.32040000
0.87992340,0.04864000,0.32048000
0.87991387,0.04864000,0.32056000
0.87993556,0.04864000,0.32040000
0.87989867,0.04864000,0.32088000
0.87989986,0.04864000,0.32080000
0.87985206,0.04864000,0.32096000
0.87990201,0.04864000,0.32072000
0.87991047,0.04864000,0.32064000
0.87985069,0.04864000,0.32104000
0.87970304,0.04872000,0.32128000
0.87980294,0.04872000,0.32104000
0.87979132,0.04872000,0.32112000
0.87971675,0.04872000,0.32120000
0.87969804,0.04872000,0.32136000
0.87969375,0.04880000,0.32136000
0.87966126,0.04888000,0.32136000
0.87966043,0.04888000,0.32144000
0.87964255,0.04896000,0.32144000
0.87963283,0.04904000,0.32152000
0.87964022,0.04904000,0.32144000
0.87957168,0.04912000,0.32160000
0.87960774,0.04912000,0.32152000
0.87956631,0.04920000,0.32160000
0.87949324,0.04928000,0.32160000
0.87941742,0.04936000,0.32160000
0.87924957,0.04944000,0.32192000
0.87935042,0.04944000,0.32168000
0.87935168,0.04944000,0.32160000
0.87918615,0.04944000,0.32200000
0.87915051,0.04944000,0.32208000
0.87926996,0.04944000,0.32176000
0.87925434,0.04944000,0.32184000
0.87905735,0.04952000,0.32264000
0.87904280,0.04952000,0.32272000
0.87910360,0.04952000,0.32224000
0.87913483,0.04952000,0.32216000
0.87914711,0.04952000,0.32208000
0.87909532,0.04952000,0.32240000
0.87908179,0.04952000,0.32248000
0.87906325,0.04952000,0.32256000
0.87910205,0.04952000,0.32232000
0.87896222,0.04960000,0.32288000
0.87901497,0.04960000,0.32272000
0.87898928,0.04960000,0.32280000
0.87893379,0.04968000,0.32288000
0.87885326,0.04976000,0.32296000
0.87892675,0.04976000,0.32288000
0.87880117,0.04984000,0.32296000
0.87876230,0.04992000,0.32304000
0.87879831,0.04992000,0.32296000
0.87872374,0.05000000,0.32304000
0.87868452,0.05008000,0.32304000
0.87868410,0.05008000,0.32312000
0.87863207,0.05016000,0.32312000
0.87858009,0.05016000,0.32320000
0.87857568,0.05016000,0.32328000
0.87854815,0.05024000,0.32328000
0.87845743,0.05024000,0.32368000
0.87842929,0.05024000,0.32384000
0.87843543,0.05024000,0.32376000
0.87840402,0.05024000,0.32400000
0.87841231,0.05024000,0.32392000
0.87848943,0.05024000,0.32352000
0.87847048,0.05024000,0.32360000
0.87853998,0.05024000,0.32336000
0.87850434,0.05024000,0.32344000
0.87827849,0.05032000,0.32424000
0.87835276,0.05032000,0.32408000
0.87836528,0.05032000,0.32400000
0.87829769,0.05032000,0.32416000
0.87822568,0.05040000,0.32424000
0.87818718,0.05040000,0.32432000
0.87816417,0.05040000,0.32440000
0.87809652,0.05048000,0.32440000
0.87808919,0.05048000,0.32448000
0.87801409,0.05048000,0.32456000
0.87796044,0.05056000,0.32464000
0.87794489,0.05056000,0.32472000
0.87791723,0.05056000,0.32480000
0.87788445,0.05056000,0.32488000
0.87799251,0.05056000,0.32456000
0.87769973,0.05064000,0.32536000
0.87776256,0.05064000,0.32512000
0.87762481,0.05064000,0.32568000
0.87776482,0.05064000,0.32504000
0.87775105,0.05064000,0.32520000
0.87773800,0.05064000,0.32528000
0.87780148,0.05064000,0.32496000
0.87781352,0.05064000,0.32488000
0.87769216,0.05064000,0.32544000
0.87767804,0.05064000,0.32552000
0.87766683,0.05064000,0.32560000
0.87754548,0.05072000,0.32600000
0.87757808,0.05072000,0.32568000
0.87748122,0.05072000,0.32632000
0.87750334,0.05072000,0.32624000
0.87743217,0.05072000,0.32640000
0.87754750,0.05072000,0.32592000
0.87757427,0.05072000,0.32576000
0.87755370,0.05072000,0.32584000
0.87753791,0.05072000,0.32608000
0.87752104,0.05072000,0.32616000
0.87741649,0.05080000,0.32648000
0.87742478,0.05080000,0.32640000
0.87732446,0.05088000,0.32648000
0.87730509,0.05088000,0.32656000
0.87725151,0.05088000,0.32672000
0.87730354,0.05088000,0.32664000
0.87717831,0.05088000,0.32680000
0.87679386,0.05096000,0.32720000
0.87690353,0.05096000,0.32712000
0.87714481,0.05096000,0.32680000
0.87701416,0.05096000,0.32688000
0.87698942,0.05096000,0.32696000
0.87690884,0.05096000,0.32704000
0.87676930,0.05104000,0.32720000
0.87666029,0.05112000,0.32736000
0.87671262,0.05112000,0.32720000
0.87666112,0.05112000,0.32728000
0.87653267,0.05112000,0.32760000
0.87649047,0.05112000,0.32768000
0.87658662,0.05112000,0.32744000
0.87657672,0.05112000,0.32752000
0.87643367,0.05120000,0.32768000
0.87640148,0.05128000,0.32768000
0.87626439,0.05136000,0.32792000
0.87629545,0.05136000,0.32776000
0.87635899,0.05136000,0.32768000
0.87614644,0.05136000,0.32824000
0.87626868,0.05136000,0.32784000
0.87613004,0.05136000,0.32832000
0.87624079,0.05136000,0.32800000
0.87621582,0.05136000,0.32808000
0.87610143,0.05136000,0.32840000
0.87621135,0.05136000,0.32816000
0.87609416,0.05136000,0.32848000
0.87595159,0.05144000,0.32864000
0.87599438,0.05144000,0.32856000
0.87605035,0.05144000,0.32848000
0.87589037,0.05152000,0.32864000
0.87584639,0.05152000,0.32872000
0.87575996,0.05160000,0.32880000
0.87563658,0.05160000,0.32912000
0.87572992,0.05160000,0.32896000
0.87571436,0.05160000,0.32904000
0.87574965,0.05160000,0.32888000
0.87581331,0.05160000,0.32872000
0.87558722,0.05160000,0.32920000
0.87549675,0.05168000,0.32936000
0.87552345,0.05168000,0.32928000
0.87555480,0.05168000,0.32920000
0.87546259,0.05168000,0.32944000
0.87543470,0.05176000,0.32952000
0.87542093,0.05176000,0.32960000
0.87534004,0.05176000,0.32968000
0.87530720,0.05176000,0.32976000
0.87545365,0.05176000,0.32944000
0.87527943,0.05176000,0.32992000
0.87528831,0.05176000,0.32984000
0.87522811,0.05184000,0.32992000
0.87522310,0.05192000,0.32992000
0.87517279,0.05200000,0.33000000
0.87505680,0.05200000,0.33024000
0.87519944,0.05200000,0.32992000
0.87499899,0.05200000,0.33048000
0.87503183,0.05200000,0.33040000
0.87503976,0.05200000,0.33032000
0.87506264,0.05200000,0.33016000
0.87510455,0.05200000,0.33008000
0.87495404,0.05208000,0.33056000
0.87497616,0.05208000,0.33048000
0.87495178,0.05208000,0.33064000
0.87493062,0.05216000,0.33064000
0.87482339,0.05224000,0.33088000
0.87486637,0.05224000,0.33080000
0.87490982,0.05224000,0.33072000
0.87491935,0.05224000,0.33064000
0.87480652,0.05232000,0.33088000
0.87479180,0.05232000,0.33096000
0.87477195,0.05240000,0.33096000
0.87474442,0.05240000,0.33104000
0.87469530,0.05248000,0.33112000
0.87473643,0.05248000,0.33104000
0.87463009,0.05248000,0.33128000
0.87467581,0.05248000,0.33120000
0.87445104,0.05256000,0.33128000
0.87444127,0.05256000,0.33136000
0.87440538,0.05256000,0.33144000
0.87438715,0.05264000,0.33152000
0.87437868,0.05264000,0.33160000
0.87432808,0.05264000,0.33168000
0.87438804,0.05264000,0.33144000
0.87424362,0.05272000,0.33176000
0.87428051,0.05272000,0.33168000
0.87423021,0.05272000,0.33184000
0.87422520,0.05272000,0.33192000
0.87416083,0.05272000,0.33200000
0.87407666,0.05280000,0.33208000
0.87406993,0.05280000,0.33216000
0.87408566,0.05280000,0.33200000
0.87390935,0.05288000,0.33248000
0.87388015,0.05288000,0.33256000
0.87384683,0.05288000,0.33280000
0.87401050,0.05288000,0.33232000
0.87403947,0.05288000,0.33216000
0.87402135,0.05288000,0.33224000
0.87399495,0.05288000,0.33240000
0.87386131,0.05288000,0.33272000
0.87386751,0.05288000,0.33264000
0.87377477,0.05296000,0.33296000
0.87383765,0.05296000,0.33280000
0.87376893,0.05296000,0.33304000
0.87370557,0.05304000,0.33312000
0.87366837,0.05304000,0.33328000
0.87367958,0.05304000,0.33320000
0.87372214,0.05304000,0.33304000
0.87348711,0.05312000,0.33360000
0.87357438,0.05312000,0.33352000
0.87362367,0.05312000,0.33328000
0.87361169,0.05312000,0.33336000
0.87358367,0.05312000,0.33344000
0.87337464,0.05320000,0.33392000
0.87340850,0.05320000,0.33384000
0.87331802,0.05320000,0.33424000
0.87334329,0.05320000,0.33416000
0.87344849,0.05320000,0.33368000
0.87343293,0.05320000,0.33376000
0.87335736,0.05320000,0.33408000
0.87336594,0.05320000,0.33400000
0.87346792,0.05320000,0.33360000
0.87326336,0.05320000,0.33448000
0.87328589,0.05320000,0.33440000
0.87329853,0.05320000,0.33432000
0.87324947,0.05320000,0.33456000
0.87319839,0.05328000,0.33464000
0.87316990,0.05328000,0.33472000
0.87323797,0.05328000,0.33456000
0.87311095,0.05336000,0.33480000
0.87307543,0.05336000,0.33488000
0.87316257,0.05336000,0.33472000
0.87307233,0.05344000,0.33488000
0.87302589,0.05344000,0.33496000
0.87302333,0.05352000,0.33496000
0.87299424,0.05352000,0.33504000
0.87298501,0.05360000,0.33504000
0.87295145,0.05368000,0.33504000
0.87280887,0.05368000,0.33528000
0.87286246,0.05368000,0.33520000
0.87290490,0.05368000,0.33512000
0.87276882,0.05368000,0.33544000
0.87279809,0.05368000,0.33536000
0.87268060,0.05376000,0.33560000
0.87266260,0.05376000,0.33576000
0.87272286,0.05376000,0.33552000
0.87266856,0.05376000,0.33568000
0.87275666,0.05376000,0.33544000
0.87244630,0.05384000,0.33600000
0.87257046,0.05384000,0.33576000
0.87241757,0.05384000,0.33608000
0.87250584,0.05384000,0.33592000
0.87251091,0.05384000,0.33584000
0.87236339,0.05392000,0.33616000
0.87240005,0.05392000,0.33608000
0.87222469,0.05400000,0.33648000
0.87230033,0.05400000,0.33624000
0.87229300,0.05400000,0.33632000
0.87226081,0.05400000,0.33640000
0.87220258,0.05400000,0.33656000
0.87236220,0.05400000,0.33616000
0.87197965,0.05408000,0.33728000
0.87205422,0.05408000,0.33720000
0.87211126,0.05408000,0.33704000
0.87206268,0.05408000,0.33712000
0.87213957,0.05408000,0.33696000
0.87216729,0.05408000,0.33672000
0.87218028,0.05408000,0.33656000
0.87217671,0.05408000,0.33664000
0.87214297,0.05408000,0.33688000
0.87215579,0.05408000,0.33680000
0.87195998,0.05416000,0.33736000
0.87193930,0.05416000,0.33744000
0.87196946,0.05416000,0.33728000
0.87192994,0.05424000,0.33744000
0.87189353,0.05424000,0.33752000
0.87163335,0.05432000,0.33792000
0.87162519,0.05432000,0.33800000
0.87170690,0.05432000,0.33784000
0.87181830,0.05432000,0.33776000
0.87182003,0.05432000,0.33760000
0.87181932,0.05432000,0.33768000
0.87185264,0.05432000,0.33752000
0.87159622,0.05440000,0.33800000
0.87154412,0.05448000,0.33808000
0.87156558,0.05448000,0.33800000
0.87152630,0.05448000,0.33816000
0.87149209,0.05456000,0.33832000
0.87140065,0.05456000,0.33848000
0.87151760,0.05456000,0.33816000
0.87149823,0.05456000,0.33824000
0.87145090,0.05456000,0.33840000
0.87117529,0.05464000,0.33872000
0.87119186,0.05464000,0.33864000
0.87132788,0.05464000,0.33856000
0.87138057,0.05464000,0.33848000
0.87116045,0.05472000,0.33872000
0.87110204,0.05472000,0.33888000
0.87114698,0.05472000,0.33880000
0.87107831,0.05472000,0.33896000
0.87107134,0.05480000,0.33896000
0.87090778,0.05488000,0.33920000
0.87104803,0.05488000,0.33896000
0.87097842,0.05488000,0.33912000
0.87103933,0.05488000,0.33904000
0.87082160,0.05496000,0.33944000
0.87068492,0.05496000,0.33960000
0.87070960,0.05496000,0.33952000
0.87088609,0.05496000,0.33920000
0.87083191,0.05496000,0.33936000
0.87087071,0.05496000,0.33928000
0.87051880,0.05496000,0.33968000
0.87028587,0.05504000,0.34000000
0.87027329,0.05504000,0.34008000
0.87043154,0.05504000,0.33968000
0.87020594,0.05504000,0.34016000
0.87038791,0.05504000,0.33992000
0.87011325,0.05504000,0.34040000
0.87016487,0.05504000,0.34032000
0.87010670,0.05504000,0.34048000
0.87017173,0.05504000,0.34024000
0.87008727,0.05512000,0.34048000
0.87006599,0.05512000,0.34056000
0.87003088,0.05520000,0.34056000
0.86995506,0.05520000,0.34080000
0.87001723,0.05520000,0.34064000
0.87000179,0.05520000,0.34072000
0.86994237,0.05528000,0.34080000
0.86985421,0.05528000,0.34096000
0.86989707,0.05528000,0.34088000
0.86984015,0.05536000,0.34096000
0.86981916,0.05536000,0.34112000
0.86983359,0.05536000,0.34104000
0.86979288,0.05536000,0.34120000
0.86972922,0.05544000,0.34128000
0.86978984,0.05544000,0.34120000
0.86971569,0.05552000,0.34136000
0.86963427,0.05552000,0.34152000
0.86972862,0.05552000,0.34128000
0.86964917,0.05552000,0.34144000
0.86961561,0.05560000,0.34160000
0.86963177,0.05560000,0.34152000
0.86961097,0.05568000,0.34160000
0.86959893,0.05576000,0.34160000
0.86957359,0.05584000,0.34184000
0.86954695,0.05584000,0.34192000
0.86959130,0.05584000,0.34160000
0.86958212,0.05584000,0.34176000
0.86958873,0.05584000,0.34168000
0.86954063,0.05592000,0.34200000
0.86949080,0.05592000,0.34208000
0.86954129,0.05592000,0.34192000
0.86948919,0.05592000,0.34216000
0.86921322,0.05600000,0.34312000
0.86915755,0.05600000,0.34336000
0.86920130,0.05600000,0.34328000
0.86920267,0.05600000,0.34320000
0.86935222,0.05600000,0.34264000
0.86938417,0.05600000,0.34256000
0.86939079,0.05600000,0.34240000
0.86940849,0.05600000,0.34232000
0.86925191,0.05600000,0.34288000
0.86928678,0.05600000,0.34280000
0.86938542,0.05600000,0.34248000
0.86929679,0.05600000,0.34272000
0.86946720,0.05600000,0.34216000
0.86942023,0.05600000,0.34224000
0.86924690,0.05600000,0.34296000
0.86921328,0.05600000,0.34304000
0.86911362,0.05608000,0.34336000
0.86909229,0.05608000,0.34344000
0.86907822,0.05616000,0.34344000
0.86906707,0.05616000,0.34352000
0.86899567,0.05616000,0.34360000
0.86899078,0.05624000,0.34360000
0.86884433,0.05632000,0.34400000
0.86885136,0.05632000,0.34392000
0.86893654,0.05632000,0.34384000
0.86894786,0.05632000,0.34376000
0.86895460,0.05632000,0.34368000
0.86898279,0.05632000,0.34360000
0.86883229,0.05640000,0.34400000
0.86879480,0.05648000,0.34408000
0.86882222,0.05648000,0.34400000
0.86876410,0.05656000,0.34408000
0.86875403,0.05664000,0.34408000
0.86874986,0.05664000,0.34416000
0.86872274,0.05672000,0.34424000
0.86874545,0.05672000,0.34416000
0.86853266,0.05680000,0.34472000
0.86853123,0.05680000,0.34480000
0.86872119,0.05680000,0.34424000
0.86858141,0.05680000,0.34464000
0.86861330,0.05680000,0.34456000
0.86864668,0.05680000,0.34448000
0.86866772,0.05680000,0.34440000
0.86872065,0.05680000,0.34432000
0.86852187,0.05688000,0.34480000
0.86822498,0.05696000,0.34528000
0.86819798,0.05696000,0.34544000
0.86834925,0.05696000,0.34512000
0.86826307,0.05696000,0.34520000
0.86844462,0.05696000,0.34488000
0.86848474,0.05696000,0.34480000
0.86816764,0.05696000,0.34552000
0.86815035,0.05696000,0.34560000
0.86820608,0.05696000,0.34536000
0.86838585,0.05696000,0.34496000
0.86835462,0.05696000,0.34504000
0.86808544,0.05704000,0.34560000
0.86806124,0.05712000,0.34560000
0.86804312,0.05712000,0.34568000
0.86803555,0.05712000,0.34576000
0.86796784,0.05712000,0.34592000
0.86802000,0.05712000,0.34584000
0.86795920,0.05712000,0.34608000
0.86796039,0.05712000,0.34600000
0.86795211,0.05712000,0.34616000
0.86788028,0.05712000,0.34624000
0.86783707,0.05712000,0.34640000
0.86787313,0.05712000,0.34632000
0.86760300,0.05720000,0.34672000
0.86762947,0.05720000,0.34664000
0.86767411,0.05720000,0.34656000
0.86755008,0.05720000,0.34680000
0.86777622,0.05720000,0.34640000
0.86773062,0.05720000,0.34648000
0.86748809,0.05728000,0.34704000
0.86748612,0.05728000,0.34712000
0.86699772,0.05728000,0.34808000
0.86694539,0.05728000,0.34816000
0.86691028,0.05728000,0.34848000
0.86690462,0.05728000,0.34856000
0.86693460,0.05728000,0.34824000
0.86706340,0.05728000,0.34784000
0.86702567,0.05728000,0.34792000
0.86700654,0.05728000,0.34800000
0.86693001,0.05728000,0.34832000
0.86724085,0.05728000,0.34760000
0.86683780,0.05728000,0.34872000
0.86690104,0.05728000,0.34864000
0.86754811,0.05728000,0.34680000
0.86692894,0.05728000,0.34840000
0.86720192,0.05728000,0.34768000
0.86715961,0.05728000,0.34776000
0.86744541,0.05728000,0.34728000
0.86747158,0.05728000,0.34720000
0.86754048,0.05728000,0.34688000
0.86742580,0.05728000,0.34736000
0.86729032,0.05728000,0.34752000
0.86732107,0.05728000,0.34744000
0.86748952,0.05728000,0.34696000
0.86681241,0.05736000,0.34872000
0.86680728,0.05744000,0.34872000
0.86679107,0.05752000,0.34872000
0.86676633,0.05752000,0.34888000
0.86679000,0.05752000,0.34880000
0.86672890,0.05760000,0.34888000
0.86648560,0.05760000,0.34920000
0.86663473,0.05760000,0.34896000
0.86648834,0.05760000,0.34912000
0.86651236,0.05760000,0.34904000
0.86643493,0.05768000,0.34928000
0.86646479,0.05768000,0.34920000
0.86639637,0.05768000,0.34936000
0.86628038,0.05776000,0.34952000
0.86578339,0.05776000,0.35056000
0.86636806,0.05776000,0.34944000
0.86581028,0.05776000,0.35048000
0.86602515,0.05776000,0.35000000
0.86601990,0.05776000,0.35008000
0.86587781,0.05776000,0.35032000
0.86582643,0.05776000,0.35040000
0.86604124,0.05776000,0.34992000
0.86575729,0.05776000,0.35064000
0.86638510,0.05776000,0.34936000
0.86591047,0.05776000,0.35024000
0.86598504,0.05776000,0.35016000
0.86624658,0.05776000,0.34960000
0.86623752,0.05776000,0.34968000
0.86609876,0.05776000,0.34984000
0.86617458,0.05776000,0.34976000
0.86571288,0.05784000,0.35080000
0.86572003,0.05784000,0.35072000
0.86572379,0.05784000,0.35064000
0.86565268,0.05792000,0.35088000
0.86564875,0.05792000,0.35104000
0.86568284,0.05792000,0.35080000
0.86561942,0.05792000,0.35112000
0.86565167,0.05792000,0.35096000
0.86551332,0.05800000,0.35136000
0.86560971,0.05800000,0.35112000
0.86552137,0.05800000,0.35128000
0.86547321,0.05800000,0.35144000
0.86560202,0.05800000,0.35120000
0.86546332,0.05808000,0.35144000
0.86541843,0.05808000,0.35168000
0.86532193,0.05808000,0.35192000
0.86534119,0.05808000,0.35184000
0.86542726,0.05808000,0.35160000
0.86543965,0.05808000,0.35152000
0.86537957,0.05808000,0.35176000
0.86526620,0.05816000,0.35200000
0.86516678,0.05816000,0.35208000
0.86514479,0.05816000,0.35216000
0.86511087,0.05816000,0.35224000
0.86531997,0.05816000,0.35192000
0.86507583,0.05824000,0.35232000
0.86501318,0.05824000,0.35240000
0.86501193,0.05824000,0.35248000
0.86497188,0.05824000,0.35264000
0.86509889,0.05824000,0.35224000
0.86498719,0.05824000,0.35256000
0.86493146,0.05832000,0.35264000
0.86480319,0.05840000,0.35280000
0.86492819,0.05840000,0.35264000
0.86491960,0.05840000,0.35272000
0.86476713,0.05848000,0.35280000
0.86442864,0.05848000,0.35336000
0.86448961,0.05848000,0.35312000
0.86443210,0.05848000,0.35328000
0.86447513,0.05848000,0.35320000
0.86439049,0.05848000,0.35352000
0.86442631,0.05848000,0.35344000
0.86453402,0.05848000,0.35304000
0.86433262,0.05848000,0.35360000
0.86428994,0.05848000,0.35368000
0.86456054,0.05848000,0.35288000
0.86453706,0.05848000,0.35296000
0.86420554,0.05856000,0.35384000
0.86405027,0.05856000,0.35400000
0.86395633,0.05856000,0.35416000
0.86425751,0.05856000,0.35368000
0.86403865,0.05856000,0.35408000
0.86409622,0.05856000,0.35392000
0.86422920,0.05856000,0.35376000
0.86392915,0.05864000,0.35416000
0.86383098,0.05864000,0.35432000
0.86391246,0.05864000,0.35424000
0.86365676,0.05872000,0.35456000
0.86362749,0.05872000,0.35464000
0.86368048,0.05872000,0.35448000
0.86371398,0.05872000,0.35440000
0.86381984,0.05872000,0.35432000
0.86361361,0.05872000,0.35472000
0.86359727,0.05880000,0.35472000
0.86359698,0.05880000,0.35480000
0.86358428,0.05888000,0.35480000
0.86356544,0.05888000,0.35488000
0.86355042,0.05896000,0.35488000
0.86354613,0.05896000,0.35496000
0.86354452,0.05896000,0.35504000
0.86318463,0.05896000,0.35576000
0.86350477,0.05896000,0.35512000
0.86343920,0.05896000,0.35528000
0.86335844,0.05896000,0.35536000
0.86334431,0.05896000,0.35544000
0.86333150,0.05896000,0.35552000
0.86309510,0.05896000,0.35584000
0.86307615,0.05896000,0.35592000
0.86307204,0.05896000,0.35600000
0.86322445,0.05896000,0.35560000
0.86318916,0.05896000,0.35568000
0.86306965,0.05904000,0.35600000
0.86306590,0.05912000,0.35600000
0.86296213,0.05912000,0.35632000
0.86280203,0.05912000,0.35640000
0.86299515,0.05912000,0.35616000
0.86304009,0.05912000,0.35608000
0.86296868,0.05912000,0.35624000
0.86279261,0.05920000,0.35648000
0.86279303,0.05920000,0.35640000
0.86275113,0.05920000,0.35656000
0.86268806,0.05928000,0.35656000
0.86260760,0.05936000,0.35656000
0.86252058,0.05936000,0.35664000
0.86251456,0.05936000,0.35672000
0.86250931,0.05944000,0.35672000
0.86249161,0.05944000,0.35680000
0.86248142,0.05944000,0.35688000
0.86247957,0.05952000,0.35688000
0.86244363,0.05952000,0.35704000
0.86244434,0.05952000,0.35696000
0.86235636,0.05960000,0.35712000
0.86237192,0.05960000,0.35704000
0.86234593,0.05968000,0.35712000
0.86233610,0.05976000,0.35712000
0.86232942,0.05984000,0.35720000
0.86233288,0.05984000,0.35712000
0.86214077,0.05984000,0.35776000
0.86214477,0.05984000,0.35768000
0.86216885,0.05984000,0.35760000
0.86212987,0.05984000,0.35784000
0.86200529,0.05984000,0.35824000
0.86197573,0.05984000,0.35832000
0.86218053,0.05984000,0.35752000
0.86204642,0.05984000,0.35816000
0.86211747,0.05984000,0.35800000
0.86209661,0.05984000,0.35808000
0.86223930,0.05984000,0.35744000
0.86212939,0.05984000,0.35792000
0.86232483,0.05984000,0.35728000
0.86230427,0.05984000,0.35736000
0.86195165,0.05992000,0.35832000
0.86192560,0.05992000,0.35840000
0.86190301,0.05992000,0.35848000
0.86185402,0.06000000,0.35848000
0.86160761,0.06008000,0.35912000
0.86155456,0.06008000,0.35936000
0.86155385,0.06008000,0.35944000
0.86147010,0.06008000,0.35952000
0.86184365,0.06008000,0.35848000
0.86159182,0.06008000,0.35920000
0.86158919,0.06008000,0.35928000
0.86167228,0.06008000,0.35888000
0.86176693,0.06008000,0.35872000
0.86168146,0.06008000,0.35880000
0.86163306,0.06008000,0.35904000
0.86167067,0.06008000,0.35896000
0.86181664,0.06008000,0.35864000
0.86183321,0.06008000,0.35856000
0.86137015,0.06016000,0.35984000
0.86140931,0.06016000,0.35976000
0.86142159,0.06016000,0.35960000
0.86145735,0.06016000,0.35952000
0.86115491,0.06016000,0.36008000
0.86142141,0.06016000,0.35968000
0.86120850,0.06016000,0.36000000
0.86133981,0.06016000,0.35992000
0.86113816,0.06024000,0.36008000
0.86111856,0.06032000,0.36008000
0.86111307,0.06032000,0.36016000
0.86106914,0.06040000,0.36024000
0.86109459,0.06040000,0.36016000
0.86102867,0.06048000,0.36032000
0.86105353,0.06048000,0.36024000
0.86095667,0.06048000,0.36040000
0.86090207,0.06056000,0.36048000
0.86078775,0.06056000,0.36080000
0.86078870,0.06056000,0.36072000
0.86087245,0.06056000,0.36064000
0.86089283,0.06056000,0.36056000
0.86091691,0.06056000,0.36040000
0.86076814,0.06064000,0.36080000
0.86073595,0.06072000,0.36088000
0.86071241,0.06072000,0.36112000
0.86076337,0.06072000,0.36080000
0.86072564,0.06072000,0.36104000
0.86073118,0.06072000,0.36096000
0.86069131,0.06080000,0.36112000
0.86064696,0.06080000,0.36128000
0.86064923,0.06080000,0.36120000
0.86054575,0.06080000,0.36160000
0.86064023,0.06080000,0.36144000
0.86058736,0.06080000,0.36152000
0.86064106,0.06080000,0.36136000
0.86042899,0.06088000,0.36192000
0.86047995,0.06088000,0.36176000
0.86047399,0.06088000,0.36184000
0.86050206,0.06088000,0.36168000
0.86050898,0.06088000,0.36160000
0.86040872,0.06096000,0.36192000
0.86039484,0.06096000,0.36200000
0.86034137,0.06096000,0.36232000
0.86030000,0.06096000,0.36248000
0.86037475,0.06096000,0.36216000
0.86035901,0.06096000,0.36224000
0.86030698,0.06096000,0.36240000
0.86038715,0.06096000,0.36208000
0.86021292,0.06096000,0.36256000
0.86004794,0.06104000,0.36312000
0.86002558,0.06104000,0.36320000
0.86001301,0.06104000,0.36328000
0.86017686,0.06104000,0.36264000
0.86019892,0.06104000,0.36256000
0.86015159,0.06104000,0.36272000
0.86007595,0.06104000,0.36296000
0.86012930,0.06104000,0.36288000
0.86006969,0.06104000,0.36304000
0.86014861,0.06104000,0.36280000
0.85993636,0.06112000,0.36328000
0.85990870,0.06112000,0.36336000
0.85988200,0.06120000,0.36344000
0.85986012,0.06120000,0.36352000
0.85989910,0.06120000,0.36336000
0.85984993,0.06128000,0.36352000
0.85982370,0.06128000,0.36360000
0.85975194,0.06136000,0.36368000
0.85978335,0.06136000,0.36360000
0.85973471,0.06136000,0.36376000
0.85973150,0.06136000,0.36384000
0.85966724,0.06144000,0.36392000
0.85972250,0.06144000,0.36384000
0.85954553,0.06144000,0.36448000
0.85965705,0.06144000,0.36400000
0.85957271,0.06144000,0.36440000
0.85963219,0.06144000,0.36408000
0.85959113,0.06144000,0.36416000
0.85958892,0.06144000,0.36424000
0.85958028,0.06144000,0.36432000
0.85950297,0.06152000,0.36464000
0.85953504,0.06152000,0.36448000
0.85953116,0.06152000,0.36456000
0.85945779,0.06160000,0.36480000
0.85935652,0.06160000,0.36488000
0.85948694,0.06160000,0.36472000
0.85920769,0.06160000,0.36512000
0.85927033,0.06160000,0.36496000
0.85926545,0.06160000,0.36504000
0.85915065,0.06160000,0.36528000
0.85919756,0.06160000,0.36520000
0.85949558,0.06160000,0.36464000
0.85906315,0.06168000,0.36552000
0.85911638,0.06168000,0.36528000
0.85903400,0.06168000,0.36560000
0.85906446,0.06168000,0.36544000
0.85909015,0.06168000,0.36536000
0.85901695,0.06168000,0.36568000
0.85901415,0.06184000,0.36568000
0.85896969,0.06184000,0.36576000
0.85890955,0.06192000,0.36576000
0.85889161,0.06192000,0.36584000
0.85875267,0.06200000,0.36616000
0.85882348,0.06200000,0.36592000
0.85880703,0.06200000,0.36600000
0.85885864,0.06200000,0.36584000
0.85879052,0.06200000,0.36608000
0.85858965,0.06208000,0.36680000
0.85874134,0.06208000,0.36616000
0.85867876,0.06208000,0.36648000
0.85868168,0.06208000,0.36640000
0.85867077,0.06208000,0.36664000
0.85871005,0.06208000,0.36632000
0.85867518,0.06208000,0.36656000
0.85861653,0.06208000,0.36672000
0.85872948,0.06208000,0.36624000
0.85857737,0.06216000,0.36680000
0.85846269,0.06224000,0.36720000
0.85849410,0.06224000,0.36688000
0.85849106,0.06224000,0.36696000
0.85848325,0.06224000,0.36704000
0.85856813,0.06224000,0.36680000
0.85839146,0.06224000,0.36736000
0.85847533,0.06224000,0.36712000
0.85840845,0.06224000,0.36728000
0.85823697,0.06232000,0.36760000
0.85819173,0.06232000,0.36768000
0.85811818,0.06232000,0.36784000
0.85812157,0.06232000,0.36776000
0.85825700,0.06232000,0.36752000
0.85830861,0.06232000,0.36744000
0.85838354,0.06232000,0.36736000
0.85808879,0.06232000,0.36792000
0.85805541,0.06240000,0.36800000
0.85808158,0.06240000,0.36792000
0.85803944,0.06248000,0.36808000
0.85804749,0.06248000,0.36800000
0.85796052,0.06248000,0.36816000
0.85790402,0.06256000,0.36832000
0.85786730,0.06256000,0.36848000
0.85789651,0.06256000,0.36840000
0.85791194,0.06256000,0.36816000
0.85790730,0.06256000,0.36824000
0.85782641,0.06264000,0.36856000
0.85785913,0.06264000,0.36848000
0.85776955,0.06272000,0.36864000
0.85758251,0.06272000,0.36936000
0.85769945,0.06272000,0.36888000
0.85759902,0.06272000,0.36928000
0.85770231,0.06272000,0.36880000
0.85761940,0.06272000,0.36920000
0.85781348,0.06272000,0.36856000
0.85765642,0.06272000,0.36904000
0.85754269,0.06272000,0.36944000
0.85753685,0.06272000,0.36952000
0.85774684,0.06272000,0.36872000
0.85767412,0.06272000,0.36896000
0.85765618,0.06272000,0.36912000
0.85743839,0.06280000,0.36984000
0.85751748,0.06280000,0.36960000
0.85746443,0.06280000,0.36976000
0.85751814,0.06280000,0.36952000
0.85749483,0.06280000,0.36968000
0.85742831,0.06288000,0.36984000
0.85738659,0.06288000,0.37000000
0.85736024,0.06288000,0.37008000
0.85732633,0.06288000,0.37040000
0.85730374,0.06288000,0.37048000
0.85720080,0.06288000,0.37072000
0.85720330,0.06288000,0.37064000
0.85730195,0.06288000,0.37056000
0.85740131,0.06288000,0.36992000
0.85719717,0.06288000,0.37080000
0.85735601,0.06288000,0.37016000
0.85734129,0.06288000,0.37024000
0.85733736,0.06288000,0.37032000
0.85709995,0.06296000,0.37088000
0.85714352,0.06296000,0.37080000
0.85704058,0.06304000,0.37088000
0.85697031,0.06312000,0.37096000
0.85695171,0.06312000,0.37104000
0.85694087,0.06312000,0.37112000
0.85699105,0.06312000,0.37088000
0.85692865,0.06312000,0.37120000
0.85688168,0.06320000,0.37120000
0.85677695,0.06328000,0.37136000
0.85682029,0.06328000,0.37120000
0.85681361,0.06328000,0.37128000
0.85673213,0.06328000,0.37144000
0.85662657,0.06336000,0.37176000
0.85672665,0.06336000,0.37144000
0.85667205,0.06336000,0.37152000
0.85663301,0.06336000,0.37160000
0.85662854,0.06336000,0.37168000
0.85655427,0.06344000,0.37192000
0.85655814,0.06344000,0.37176000
0.85655570,0.06344000,0.37184000
0.85650724,0.06352000,0.37192000
0.85643977,0.06352000,0.37200000
0.85642540,0.06360000,0.37200000
0.85627371,0.06368000,0.37240000
0.85634303,0.06368000,0.37224000
0.85631919,0.06368000,0.37232000
0.85641885,0.06368000,0.37200000
0.85635614,0.06368000,0.37216000
0.85640544,0.06368000,0.37208000
0.85621911,0.06376000,0.37248000
0.85623729,0.06376000,0.37240000
0.85621029,0.06376000,0.37256000
0.85619193,0.06384000,0.37256000
0.85612804,0.06392000,0.37272000
0.85613501,0.06392000,0.37264000
0.85607028,0.06392000,0.37288000
0.85610086,0.06392000,0.37280000
0.85615671,0.06392000,0.37256000
0.85604376,0.06400000,0.37288000
0.85592276,0.06400000,0.37336000
0.85594916,0.06400000,0.37328000
0.85602635,0.06400000,0.37296000
0.85591614,0.06400000,0.37344000
0.85595876,0.06400000,0.37320000
0.85599035,0.06400000,0.37304000
0.85598075,0.06400000,0.37312000
0.85591173,0.06408000,0.37344000
0.85584486,0.06408000,0.37352000
0.85577422,0.06408000,0.37384000
0.85575563,0.06408000,0.37392000
0.85575259,0.06408000,0.37400000
0.85566950,0.06408000,0.37408000
0.85582006,0.06408000,0.37368000
0.85584313,0.06408000,0.37360000
0.85579473,0.06408000,0.37376000
0.85562867,0.06408000,0.37416000
0.85560071,0.06416000,0.37424000
0.85561281,0.06416000,0.37416000
0.85559285,0.06416000,0.37432000
0.85551190,0.06424000,0.37448000
0.85551399,0.06424000,0.37440000
0.85556889,0.06424000,0.37432000
0.85548556,0.06424000,0.37456000
0.85545480,0.06424000,0.37464000
0.85544682,0.06424000,0.37472000
0.85542315,0.06424000,0.37480000
0.85529441,0.06432000,0.37512000
0.85528028,0.06432000,0.37520000
0.85542035,0.06432000,0.37480000
0.85519117,0.06432000,0.37536000
0.85537589,0.06432000,0.37488000
0.85535336,0.06432000,0.37496000
0.85530430,0.06432000,0.37504000
0.85513341,0.06432000,0.37552000
0.85525072,0.06432000,0.37528000
0.85514832,0.06432000,0.37544000
0.85491610,0.06440000,0.37568000
0.85489225,0.06440000,0.37576000
0.85486680,0.06440000,0.37584000
0.85481501,0.06440000,0.37592000
0.85481256,0.06440000,0.37600000
0.85492039,0.06440000,0.37560000
0.85512495,0.06440000,0.37552000
0.85479468,0.06440000,0.37608000
0.85475487,0.06448000,0.37608000
0.85469472,0.06456000,0.37608000
0.85461962,0.06464000,0.37624000
0.85468775,0.06464000,0.37608000
0.85468209,0.06464000,0.37616000
0.85457814,0.06472000,0.37624000
0.85456437,0.06472000,0.37632000
0.85436481,0.06480000,0.37696000
0.85448855,0.06480000,0.37648000
0.85447830,0.06480000,0.37656000
0.85443318,0.06480000,0.37664000
0.85454232,0.06480000,0.37640000
0.85454738,0.06480000,0.37632000
0.85440195,0.06480000,0.37680000
0.85440719,0.06480000,0.37672000
0.85438818,0.06480000,0.37688000
0.85432398,0.06488000,0.37696000
0.85423166,0.06488000,0.37728000
0.85422504,0.06488000,0.37736000
0.85418433,0.06488000,0.37744000
0.85428363,0.06488000,0.37720000
0.85430473,0.06488000,0.37704000
0.85429794,0.06488000,0.37712000
0.85404915,0.06488000,0.37768000
0.85415316,0.06488000,0.37752000
0.85411626,0.06488000,0.37760000
0.85401618,0.06496000,0.37768000
0.85396081,0.06496000,0.37792000
0.85396045,0.06496000,0.37800000
0.85399371,0.06496000,0.37776000
0.85398000,0.06496000,0.37784000
0.85394889,0.06504000,0.37800000
0.85383195,0.06512000,0.37832000
0.85389644,0.06512000,0.37816000
0.85392982,0.06512000,0.37800000
0.85392523,0.06512000,0.37808000
0.85385042,0.06512000,0.37824000
0.85379028,0.06520000,0.37864000
0.85380000,0.06520000,0.37856000
0.85380226,0.06520000,0.37848000
0.85382599,0.06520000,0.37832000
0.85381919,0.06520000,0.37840000
0.85376930,0.06528000,0.37864000
0.85375977,0.06528000,0.37880000
0.85376090,0.06528000,0.37872000
0.85361260,0.06528000,0.37888000
0.85360688,0.06536000,0.37888000
0.85356683,0.06536000,0.37896000
0.85355681,0.06544000,0.37896000
0.85354239,0.06552000,0.37896000
0.85348475,0.06552000,0.37904000
0.85344392,0.06552000,0.37912000
0.85333890,0.06560000,0.37928000
0.85341406,0.06560000,0.37920000
0.85344213,0.06560000,0.37912000
0.85324490,0.06568000,0.37936000
0.85327208,0.06568000,0.37928000
0.85323715,0.06568000,0.37952000
0.85324478,0.06568000,0.37944000
0.85318828,0.06568000,0.37968000
0.85322475,0.06568000,0.37960000
0.85311145,0.06576000,0.37968000
0.85306895,0.06576000,0.38008000
0.85308862,0.06576000,0.37992000
0.85310650,0.06576000,0.37976000
0.85309738,0.06576000,0.37984000
0.85307592,0.06576000,0.38000000
0.85304803,0.06584000,0.38008000
0.85300857,0.06592000,0.38008000
0.85283673,0.06600000,0.38032000
0.85296321,0.06600000,0.38008000
0.85294968,0.06600000,0.38016000
0.85290688,0.06600000,0.38024000
0.85279071,0.06600000,0.38040000
0.85270101,0.06608000,0.38048000
0.85276872,0.06608000,0.38040000
0.85268825,0.06608000,0.38056000
0.85260940,0.06616000,0.38064000
0.85264814,0.06616000,0.38056000
0.85255057,0.06616000,0.38072000
0.85246366,0.06624000,0.38080000
0.85238934,0.06624000,0.38088000
0.85250759,0.06624000,0.38072000
0.85235322,0.06632000,0.38096000
0.85238838,0.06632000,0.38088000
0.85234916,0.06640000,0.38096000
0.85232204,0.06648000,0.38096000
0.85223567,0.06656000,0.38120000
0.85223943,0.06656000,0.38112000
0.85229933,0.06656000,0.38096000
0.85229611,0.06656000,0.38104000
0.85218531,0.06656000,0.38128000
0.85216582,0.06664000,0.38136000
0.85218304,0.06664000,0.38128000
0.85211623,0.06672000,0.38136000
0.85191822,0.06672000,0.38176000
0.85201359,0.06672000,0.38168000
0.85190225,0.06672000,0.38192000
0.85208154,0.06672000,0.38144000
0.85205394,0.06672000,0.38152000
0.85189342,0.06672000,0.38200000
0.85203654,0.06672000,0.38160000
0.85190380,0.06672000,0.38184000
0.85187238,0.06680000,0.38200000
0.85183007,0.06680000,0.38208000
0.85155421,0.06688000,0.38224000
0.85144699,0.06688000,0.38240000
0.85177928,0.06688000,0.38208000
0.85158932,0.06688000,0.38216000
0.85145849,0.06688000,0.38232000
0.85131592,0.06696000,0.38256000
0.85139918,0.06696000,0.38240000
0.85136724,0.06696000,0.38248000
0.85128427,0.06696000,0.38264000
0.85117561,0.06704000,0.38280000
0.85113382,0.06704000,0.38296000
0.85114968,0.06704000,0.38288000
0.85127276,0.06704000,0.38264000
0.85118431,0.06704000,0.38272000
0.85104704,0.06704000,0.38320000
0.85107094,0.06704000,0.38312000
0.85101432,0.06704000,0.38328000
0.85113245,0.06704000,0.38304000
0.85073847,0.06712000,0.38352000
0.85077351,0.06712000,0.38344000
0.85078317,0.06712000,0.38336000
0.85090375,0.06712000,0.38328000
0.85038143,0.06720000,0.38376000
0.85037291,0.06720000,0.38384000
0.85058302,0.06720000,0.38360000
0.85047758,0.06720000,0.38368000
0.85062462,0.06720000,0.38352000
0.85021454,0.06720000,0.38392000
0.84956980,0.06728000,0.38504000
0.84966719,0.06728000,0.38496000
0.85018390,0.06728000,0.38392000
0.85017389,0.06728000,0.38400000
0.84990704,0.06728000,0.38448000
0.84984314,0.06728000,0.38456000
0.85014492,0.06728000,0.38416000
0.85015130,0.06728000,0.38408000
0.84950888,0.06728000,0.38520000
0.84951806,0.06728000,0.38512000
0.84968734,0.06728000,0.38488000
0.84974122,0.06728000,0.38480000
0.84978437,0.06728000,0.38472000
0.84994018,0.06728000,0.38432000
0.84991628,0.06728000,0.38440000
0.84979939,0.06728000,0.38464000
0.85001212,0.06728000,0.38424000
0.84947103,0.06736000,0.38528000
0.84940481,0.06736000,0.38552000
0.84941339,0.06736000,0.38544000
0.84950513,0.06736000,0.38520000
0.84944052,0.06736000,0.38536000
0.84940463,0.06744000,0.38552000
0.84940404,0.06744000,0.38560000
0.84933138,0.06744000,0.38576000
0.84940177,0.06744000,0.38568000
0.84928012,0.06752000,0.38576000
0.84925795,0.06752000,0.38584000
0.84901184,0.06760000,0.38624000
0.84924299,0.06760000,0.38584000
0.84917092,0.06760000,0.38592000
0.84914136,0.06760000,0.38600000
0.84906340,0.06760000,0.38616000
0.84884870,0.06760000,0.38648000
0.84888613,0.06760000,0.38640000
0.84912401,0.06760000,0.38608000
0.84899718,0.06760000,0.38632000
0.84874117,0.06768000,0.38680000
0.84874314,0.06768000,0.38672000
0.84877646,0.06768000,0.38664000
0.84883273,0.06768000,0.38656000
0.84872246,0.06768000,0.38688000
0.84883308,0.06768000,0.38648000
0.84867609,0.06768000,0.38704000
0.84867918,0.06768000,0.38696000
0.84846103,0.06776000,0.38736000
0.84847736,0.06776000,0.38728000
0.84861213,0.06776000,0.38720000
0.84863281,0.06776000,0.38704000
0.84863210,0.06776000,0.38712000
0.84844559,0.06784000,0.38736000
0.84844357,0.06792000,0.38736000
0.84844297,0.06792000,0.38744000
0.84840006,0.06800000,0.38744000
0.84839213,0.06800000,0.38752000
0.84833443,0.06800000,0.38768000
0.84834290,0.06800000,0.38760000
0.84829521,0.06808000,0.38776000
0.84831792,0.06808000,0.38768000
0.84806776,0.06816000,0.38808000
0.84815919,0.06816000,0.38792000
0.84824038,0.06816000,0.38784000
0.84824860,0.06816000,0.38776000
0.84811121,0.06816000,0.38800000
0.84797579,0.06824000,0.38824000
0.84797156,0.06824000,0.38832000
0.84800476,0.06824000,0.38808000
0.84794921,0.06824000,0.38848000
0.84796023,0.06824000,0.38840000
0.84798735,0.06824000,0.38816000
0.84793943,0.06832000,0.38848000
0.84786755,0.06840000,0.38896000
0.84783840,0.06840000,0.38904000
0.84787506,0.06840000,0.38888000
0.84789538,0.06840000,0.38880000
0.84793144,0.06840000,0.38848000
0.84790492,0.06840000,0.38872000
0.84792942,0.06840000,0.38856000
0.84775847,0.06848000,0.38904000
0.84775460,0.06848000,0.38912000
0.84772635,0.06848000,0.38920000
0.84768075,0.06848000,0.38928000
0.84759992,0.06856000,0.38928000
0.84758866,0.06856000,0.38936000
0.84749180,0.06864000,0.38960000
0.84745187,0.06864000,0.38968000
0.84753102,0.06864000,0.38936000
0.84752506,0.06864000,0.38944000
0.84752375,0.06864000,0.38952000
0.84737796,0.06864000,0.38984000
0.84739918,0.06864000,0.38976000
0.84725153,0.06872000,0.38984000
0.84719884,0.06872000,0.38992000
0.84714693,0.06880000,0.39008000
0.84714049,0.06880000,0.39016000
0.84719515,0.06880000,0.38992000
0.84716350,0.06880000,0.39000000
0.84711814,0.06880000,0.39024000
0.84710044,0.06880000,0.39032000
0.84708619,0.06880000,0.39040000
0.84703201,0.06880000,0.39048000
0.84701806,0.06888000,0.39048000
0.84701145,0.06888000,0.39056000
0.84680998,0.06896000,0.39080000
0.84693778,0.06896000,0.39064000
0.84694481,0.06896000,0.39056000
0.84693164,0.06896000,0.39072000
0.84676862,0.06904000,0.39088000
0.84677553,0.06904000,0.39080000
0.84669971,0.06904000,0.39096000
0.84669638,0.06904000,0.39104000
0.84657753,0.06904000,0.39144000
0.84655488,0.06904000,0.39152000
0.84660006,0.06904000,0.39136000
0.84662914,0.06904000,0.39128000
0.84665066,0.06904000,0.39120000
0.84667689,0.06904000,0.39112000
0.84651482,0.06912000,0.39152000
0.84645641,0.06920000,0.39160000
0.84647179,0.06920000,0.39152000
0.84641111,0.06928000,0.39160000
0.84640056,0.06936000,0.39168000
0.84638107,0.06936000,0.39176000
0.84641004,0.06936000,0.39160000
0.84632903,0.06936000,0.39184000
0.84619820,0.06944000,0.39208000
0.84628695,0.06944000,0.39192000
0.84632760,0.06944000,0.39184000
0.84628242,0.06944000,0.39200000
0.84612697,0.06952000,0.39216000
0.84612274,0.06952000,0.39224000
0.84604722,0.06952000,0.39232000
0.84613377,0.06952000,0.39208000
0.84603220,0.06960000,0.39240000
0.84603661,0.06960000,0.39232000
0.84601617,0.06968000,0.39248000
0.84602529,0.06968000,0.39240000
0.84538966,0.06968000,0.39368000
0.84537047,0.06968000,0.39376000
0.84535378,0.06968000,0.39384000
0.84565139,0.06968000,0.39328000
0.84587532,0.06968000,0.39288000
0.84569079,0.06968000,0.39320000
0.84588486,0.06968000,0.39272000
0.84585333,0.06968000,0.39296000
0.84569216,0.06968000,0.39312000
0.84572434,0.06968000,0.39304000
0.84593427,0.06968000,0.39264000
0.84587556,0.06968000,0.39280000
0.84549975,0.06968000,0.39344000
0.84532237,0.06968000,0.39400000
0.84534758,0.06968000,0.39392000
0.84597921,0.06968000,0.39256000
0.84540260,0.06968000,0.39360000
0.84549713,0.06968000,0.39352000
0.84552199,0.06968000,0.39336000
0.84508061,0.06976000,0.39440000
0.84526461,0.06976000,0.39408000
0.84523982,0.06976000,0.39416000
0.84519488,0.06976000,0.39424000
0.84510338,0.06976000,0.39432000
0.84529579,0.06976000,0.39400000
0.84488910,0.06984000,0.39464000
0.84507865,0.06984000,0.39440000
0.84488654,0.06984000,0.39472000
0.84496433,0.06984000,0.39456000
0.84500438,0.06984000,0.39448000
0.84487206,0.06992000,0.39472000
0.84480006,0.07000000,0.39488000
0.84486562,0.07000000,0.39472000
0.84470457,0.07000000,0.39512000
0.84484959,0.07000000,0.39480000
0.84478706,0.07000000,0.39496000
0.84473574,0.07000000,0.39504000
0.84467947,0.07008000,0.39512000
0.84464884,0.07008000,0.39520000
0.84442651,0.07016000,0.39536000
0.84431839,0.07016000,0.39560000
0.84440076,0.07016000,0.39552000
0.84458166,0.07016000,0.39520000
0.84430027,0.07016000,0.39568000
0.84442002,0.07016000,0.39544000
0.84429204,0.07016000,0.39576000
0.84428883,0.07016000,0.39584000
0.84452343,0.07016000,0.39528000
0.84424150,0.07024000,0.39584000
0.84419817,0.07032000,0.39592000
0.84419316,0.07032000,0.39608000
0.84419340,0.07032000,0.39600000
0.84420145,0.07032000,0.39584000
0.84419078,0.07032000,0.39616000
0.84414601,0.07040000,0.39632000
0.84411711,0.07040000,0.39640000
0.84416997,0.07040000,0.39624000
0.84418577,0.07040000,0.39616000
0.84406555,0.07048000,0.39656000
0.84403068,0.07048000,0.39672000
0.84407657,0.07048000,0.39640000
0.84406996,0.07048000,0.39648000
0.84403527,0.07048000,0.39664000
0.84402686,0.07056000,0.39672000
0.84396589,0.07056000,0.39680000
0.84388447,0.07064000,0.39696000
0.84387410,0.07064000,0.39712000
0.84389007,0.07064000,0.39688000
0.84384936,0.07064000,0.39720000
0.84382933,0.07064000,0.39736000
0.84390050,0.07064000,0.39680000
0.84374356,0.07064000,0.39760000
0.84383970,0.07064000,0.39728000
0.84375083,0.07064000,0.39752000
0.84387851,0.07064000,0.39704000
0.84381253,0.07064000,0.39744000
0.84369588,0.07072000,0.39760000
0.84350502,0.07080000,0.39792000
0.84360623,0.07080000,0.39760000
0.84334862,0.07080000,0.39808000
0.84356207,0.07080000,0.39768000
0.84355426,0.07080000,0.39776000
0.84349018,0.07080000,0.39800000
0.84354091,0.07080000,0.39784000
0.84324992,0.07088000,0.39832000
0.84332186,0.07088000,0.39816000
0.84333009,0.07088000,0.39808000
0.84328908,0.07088000,0.39824000
0.84320772,0.07096000,0.39840000
0.84322959,0.07096000,0.39832000
0.84312773,0.07104000,0.39856000
0.84319347,0.07104000,0.39840000
0.84313709,0.07104000,0.39848000
0.84312075,0.07112000,0.39856000
0.84309059,0.07120000,0.39856000
0.84297758,0.07128000,0.39856000
0.84286511,0.07128000,0.39872000
0.84294730,0.07128000,0.39864000
0.84283614,0.07136000,0.39872000
0.84276247,0.07144000,0.39880000
0.84277636,0.07144000,0.39872000
0.84275955,0.07144000,0.39888000
0.84224576,0.07152000,0.39976000
0.84222692,0.07152000,0.39984000
0.84267819,0.07152000,0.39904000
0.84253567,0.07152000,0.39936000
0.84242356,0.07152000,0.39952000
0.84234422,0.07152000,0.39960000
0.84250242,0.07152000,0.39944000
0.84275365,0.07152000,0.39888000
0.84259528,0.07152000,0.39920000
0.84258449,0.07152000,0.39928000
0.84230083,0.07152000,0.39968000
0.84261107,0.07152000,0.39912000
0.84271038,0.07152000,0.39896000
0.84211802,0.07160000,0.40000000
0.84220243,0.07160000,0.39992000
0.84222305,0.07160000,0.39984000
0.84196359,0.07168000,0.40024000
0.84202629,0.07168000,0.40016000
0.84207577,0.07168000,0.40000000
0.84191519,0.07168000,0.40032000
0.84207296,0.07168000,0.40008000
0.84191060,0.07176000,0.40032000
0.84189999,0.07176000,0.40040000
0.84151644,0.07184000,0.40128000
0.84160584,0.07184000,0.40104000
0.84164125,0.07184000,0.40096000
0.84175712,0.07184000,0.40064000
0.84167725,0.07184000,0.40080000
0.84171253,0.07184000,0.40072000
0.84184599,0.07184000,0.40040000
0.84178281,0.07184000,0.40056000
0.84183472,0.07184000,0.40048000
0.84157574,0.07184000,0.40112000
0.84165788,0.07184000,0.40088000
0.84154499,0.07184000,0.40120000
0.84145635,0.07192000,0.40136000
0.84147823,0.07192000,0.40128000
0.84142977,0.07200000,0.40136000
0.84140277,0.07208000,0.40136000
0.84138173,0.07208000,0.40144000
0.84126824,0.07224000,0.40160000
0.84134310,0.07224000,0.40152000
0.84137332,0.07224000,0.40144000
0.84122795,0.07232000,0.40168000
0.84126055,0.07232000,0.40160000
0.84116435,0.07240000,0.40192000
0.84119385,0.07240000,0.40176000
0.84117085,0.07240000,0.40184000
0.84121400,0.07240000,0.40168000
0.84115446,0.07248000,0.40192000
0.84114593,0.07248000,0.40200000
0.84113252,0.07248000,0.40208000
0.84095353,0.07256000,0.40248000
0.84105885,0.07256000,0.40224000
0.84097242,0.07256000,0.40240000
0.84109533,0.07256000,0.40216000
0.84105682,0.07256000,0.40232000
0.84110469,0.07256000,0.40208000
0.84094781,0.07264000,0.40248000
0.84090579,0.07264000,0.40264000
0.84092593,0.07264000,0.40256000
0.84087366,0.07264000,0.40272000
0.84080338,0.07272000,0.40272000
0.84065259,0.07272000,0.40296000
0.84065330,0.07272000,0.40288000
0.84071535,0.07272000,0.40280000
0.84049016,0.07280000,0.40328000
0.84064853,0.07280000,0.40296000
0.84057277,0.07280000,0.40304000
0.84049231,0.07280000,0.40320000
0.84052503,0.07280000,0.40312000
0.84047991,0.07288000,0.40328000
0.84040928,0.07288000,0.40352000
0.84046918,0.07288000,0.40344000
0.84047979,0.07288000,0.40336000
0.84039235,0.07296000,0.40360000
0.84040743,0.07296000,0.40352000
0.84036970,0.07304000,0.40368000
0.84038651,0.07304000,0.40360000
0.84035736,0.07312000,0.40368000
0.84022021,0.07312000,0.40408000
0.84022307,0.07312000,0.40400000
0.84024268,0.07312000,0.40392000
0.84035325,0.07312000,0.40376000
0.84025925,0.07312000,0.40384000
0.84021574,0.07312000,0.40416000
0.84016001,0.07320000,0.40432000
0.84018290,0.07320000,0.40416000
0.84015083,0.07320000,0.40440000
0.84017485,0.07320000,0.40424000
0.84012479,0.07328000,0.40440000
0.84009349,0.07328000,0.40448000
0.83996147,0.07336000,0.40464000
0.83991992,0.07336000,0.40480000
0.83994591,0.07336000,0.40472000
0.84004062,0.07336000,0.40448000
0.83989125,0.07336000,0.40488000
0.84002388,0.07336000,0.40456000
0.83988184,0.07344000,0.40488000
0.83988124,0.07352000,0.40488000
0.83972120,0.07360000,0.40512000
0.83983558,0.07360000,0.40496000
0.83987528,0.07360000,0.40488000
0.83971149,0.07360000,0.40520000
0.83961701,0.07360000,0.40528000
0.83978432,0.07360000,0.40504000
0.83960468,0.07368000,0.40536000
0.83961290,0.07368000,0.40528000
0.83953321,0.07368000,0.40552000
0.83951646,0.07368000,0.40560000
0.83944130,0.07368000,0.40568000
0.83958232,0.07368000,0.40544000
0.83943260,0.07376000,0.40576000
0.83943313,0.07376000,0.40568000
0.83941698,0.07384000,0.40576000
0.83939439,0.07392000,0.40592000
0.83941269,0.07392000,0.40576000
0.83938056,0.07392000,0.40600000
0.83940428,0.07392000,0.40584000
0.83891761,0.07400000,0.40696000
0.83899981,0.07400000,0.40680000
0.83902752,0.07400000,0.40672000
0.83904171,0.07400000,0.40664000
0.83934367,0.07400000,0.40600000
0.83888990,0.07400000,0.40712000
0.83891106,0.07400000,0.40704000
0.83894980,0.07400000,0.40688000
0.83930171,0.07400000,0.40616000
0.83928478,0.07400000,0.40624000
0.83922642,0.07400000,0.40632000
0.83910817,0.07400000,0.40640000
0.83908725,0.07400000,0.40648000
0.83932519,0.07400000,0.40608000
0.83887696,0.07400000,0.40720000
0.83876932,0.07400000,0.40728000
0.83908600,0.07400000,0.40656000
0.83872986,0.07408000,0.40728000
0.83870977,0.07408000,0.40736000
0.83870667,0.07408000,0.40744000
0.83868897,0.07408000,0.40752000
0.83863455,0.07408000,0.40760000
0.83862466,0.07416000,0.40768000
0.83862919,0.07416000,0.40760000
0.83860844,0.07416000,0.40776000
0.83850259,0.07424000,0.40784000
0.83852881,0.07424000,0.40776000
0.83846480,0.07432000,0.40792000
0.83839303,0.07432000,0.40800000
0.83837712,0.07432000,0.40808000
0.83849889,0.07432000,0.40784000
0.83836919,0.07440000,0.40808000
0.83833182,0.07440000,0.40816000
0.83828992,0.07440000,0.40824000
0.83823341,0.07448000,0.40832000
0.83820540,0.07448000,0.40856000
0.83822370,0.07448000,0.40848000
0.83824140,0.07448000,0.40824000
0.83823019,0.07448000,0.40840000
0.83815438,0.07448000,0.40864000
0.83793336,0.07456000,0.40896000
0.83789772,0.07456000,0.40904000
0.83808666,0.07456000,0.40880000
0.83796585,0.07456000,0.40888000
0.83810586,0.07456000,0.40864000
0.83808851,0.07456000,0.40872000
0.83785748,0.07464000,0.40904000
0.83780229,0.07472000,0.40912000
0.83783287,0.07472000,0.40904000
0.83775544,0.07472000,0.40920000
0.83755219,0.07480000,0.40944000
0.83741122,0.07480000,0.40976000
0.83767664,0.07480000,0.40936000
0.83769459,0.07480000,0.40928000
0.83752024,0.07480000,0.40952000
0.83749151,0.07480000,0.40960000
0.83747375,0.07480000,0.40968000
0.83773440,0.07480000,0.40920000
0.83717388,0.07488000,0.41000000
0.83714122,0.07488000,0.41008000
0.83731860,0.07488000,0.40976000
0.83722895,0.07488000,0.40992000
0.83729756,0.07488000,0.40984000
0.83709693,0.07496000,0.41008000
0.83703113,0.07496000,0.41016000
0.83696800,0.07496000,0.41024000
0.83695525,0.07504000,0.41024000
0.83678448,0.07512000,0.41056000
0.83678031,0.07512000,0.41064000
0.83688259,0.07512000,0.41024000
0.83686674,0.07512000,0.41032000
0.83683676,0.07512000,0.41040000
0.83682483,0.07512000,0.41048000
0.83672523,0.07512000,0.41088000
0.83673334,0.07512000,0.41080000
0.83674467,0.07512000,0.41072000
0.83639520,0.07520000,0.41168000
0.83661246,0.07520000,0.41120000
0.83656245,0.07520000,0.41128000
0.83666641,0.07520000,0.41112000
0.83672214,0.07520000,0.41088000
0.83645576,0.07520000,0.41152000
0.83643532,0.07520000,0.41160000
0.83639163,0.07520000,0.41176000
0.83655792,0.07520000,0.41136000
0.83666825,0.07520000,0.41104000
0.83649403,0.07520000,0.41144000
0.83667964,0.07520000,0.41096000
0.83630270,0.07528000,0.41176000
0.83606082,0.07536000,0.41184000
0.83615839,0.07536000,0.41176000
0.83605224,0.07544000,0.41184000
0.83603603,0.07544000,0.41192000
0.83597893,0.07544000,0.41200000
0.83595288,0.07552000,0.41208000
0.83587074,0.07552000,0.41216000
0.83597702,0.07552000,0.41200000
0.83584327,0.07560000,0.41224000
0.83583409,0.07560000,0.41232000
0.83579475,0.07560000,0.41240000
0.83573151,0.07560000,0.41272000
0.83576912,0.07560000,0.41264000
0.83577251,0.07560000,0.41256000
0.83578610,0.07560000,0.41248000
0.83585954,0.07560000,0.41216000
0.83548778,0.07568000,0.41272000
0.83541483,0.07576000,0.41280000
0.83544040,0.07576000,0.41272000
0.83523589,0.07584000,0.41312000
0.83524954,0.07584000,0.41304000
0.83531404,0.07584000,0.41288000
0.83517694,0.07584000,0.41320000
0.83528346,0.07584000,0.41296000
0.83532065,0.07584000,0.41280000
0.83514339,0.07592000,0.41320000
0.83507717,0.07600000,0.41352000
0.83504164,0.07600000,0.41368000
0.83512795,0.07600000,0.41320000
0.83511513,0.07600000,0.41336000
0.83511996,0.07600000,0.41328000
0.83504230,0.07600000,0.41360000
0.83510232,0.07600000,0.41344000
0.83489597,0.07608000,0.41408000
0.83500266,0.07608000,0.41376000
0.83500111,0.07608000,0.41384000
0.83488107,0.07608000,0.41424000
0.83494455,0.07608000,0.41392000
0.83488715,0.07608000,0.41416000
0.83487707,0.07608000,0.41432000
0.83500963,0.07608000,0.41368000
0.83489662,0.07608000,0.41400000
0.83484834,0.07616000,0.41432000
0.83483720,0.07624000,0.41432000
0.83483505,0.07624000,0.41440000
0.83479470,0.07632000,0.41440000
0.83477485,0.07632000,0.41448000
0.83469373,0.07640000,0.41456000
0.83474857,0.07640000,0.41448000
0.83426136,0.07648000,0.41576000
0.83410084,0.07648000,0.41584000
0.83432722,0.07648000,0.41544000
0.83466160,0.07648000,0.41456000
0.83427709,0.07648000,0.41552000
0.83439153,0.07648000,0.41512000
0.83461398,0.07648000,0.41488000
0.83463532,0.07648000,0.41480000
0.83435720,0.07648000,0.41528000
0.83433264,0.07648000,0.41536000
0.83427560,0.07648000,0.41560000
0.83438671,0.07648000,0.41520000
0.83427095,0.07648000,0.41568000
0.83464152,0.07648000,0.41472000
0.83465016,0.07648000,0.41464000
0.83450288,0.07648000,0.41496000
0.83442527,0.07648000,0.41504000
0.83405304,0.07656000,0.41584000
0.83389711,0.07656000,0.41600000
0.83404702,0.07656000,0.41592000
0.83388251,0.07656000,0.41608000
0.83387613,0.07656000,0.41616000
0.83385050,0.07664000,0.41616000
0.83378488,0.07672000,0.41616000
0.83375216,0.07680000,0.41616000
0.83374786,0.07688000,0.41624000
0.83373773,0.07688000,0.41632000
0.83372074,0.07688000,0.41648000
0.83374989,0.07688000,0.41616000
0.83373737,0.07688000,0.41640000
0.83371800,0.07696000,0.41648000
0.83360261,0.07704000,0.41648000
0.83357674,0.07704000,0.41656000
0.83350569,0.07720000,0.41672000
0.83348799,0.07720000,0.41688000
0.83350140,0.07720000,0.41680000
0.83351594,0.07720000,0.41664000
0.83355945,0.07720000,0.41656000
0.83345360,0.07728000,0.41688000
0.83343482,0.07736000,0.41688000
0.83334333,0.07736000,0.41712000
0.83336234,0.07736000,0.41704000
0.83341938,0.07736000,0.41696000
0.83330739,0.07736000,0.41720000
0.83301121,0.07744000,0.41768000
0.83291513,0.07744000,0.41784000
0.83302742,0.07744000,0.41760000
0.83312541,0.07744000,0.41736000
0.83319050,0.07744000,0.41728000
0.83283973,0.07744000,0.41824000
0.83310837,0.07744000,0.41744000
0.83328497,0.07744000,0.41720000
0.83276182,0.07744000,0.41840000
0.83280671,0.07744000,0.41832000
0.83294094,0.07744000,0.41776000
0.83289641,0.07744000,0.41792000
0.83302951,0.07744000,0.41752000
0.83287966,0.07744000,0.41816000
0.83288085,0.07744000,0.41808000
0.83275050,0.07752000,0.41848000
0.83275396,0.07752000,0.41840000
0.83274567,0.07752000,0.41856000
0.83264768,0.07752000,0.41864000
0.83258533,0.07760000,0.41888000
0.83260125,0.07760000,0.41880000
0.83263278,0.07760000,0.41872000
0.83252382,0.07760000,0.41896000
0.83264285,0.07760000,0.41864000
0.83249581,0.07768000,0.41896000
0.83246511,0.07776000,0.41904000
0.83249027,0.07776000,0.41896000
0.83222908,0.07784000,0.41920000
0.83235031,0.07784000,0.41904000
0.83232200,0.07784000,0.41912000
0.83220130,0.07792000,0.41920000
0.83218747,0.07792000,0.41928000
0.83218461,0.07800000,0.41928000
0.83216506,0.07800000,0.41936000
0.83211112,0.07808000,0.41944000
0.83215898,0.07808000,0.41936000
0.83204716,0.07816000,0.41944000
0.83203578,0.07824000,0.41944000
0.83193827,0.07832000,0.41960000
0.83179951,0.07832000,0.41968000
0.83201760,0.07832000,0.41952000
0.83202672,0.07832000,0.41944000
0.83170640,0.07840000,0.41968000
0.83147895,0.07848000,0.42008000
0.83146840,0.07848000,0.42016000
0.83134615,0.07848000,0.42032000
0.83149284,0.07848000,0.42000000
0.83161628,0.07848000,0.41992000
0.83168203,0.07848000,0.41968000
0.83165187,0.07848000,0.41976000
0.83163637,0.07848000,0.41984000
0.83145237,0.07848000,0.42024000
0.83127016,0.07856000,0.42056000
0.83128852,0.07856000,0.42048000
0.83124888,0.07856000,0.42064000
0.83115482,0.07856000,0.42080000
0.83130389,0.07856000,0.42032000
0.83129174,0.07856000,0.42040000
0.83123785,0.07856000,0.42072000
0.83113998,0.07864000,0.42080000
0.83100998,0.07872000,0.42096000
0.83111495,0.07872000,0.42080000
0.83106810,0.07872000,0.42088000
0.83096266,0.07880000,0.42096000
0.83086491,0.07880000,0.42120000
0.83091301,0.07880000,0.42104000
0.83085972,0.07880000,0.42128000
0.83086902,0.07880000,0.42112000
0.83082801,0.07888000,0.42136000
0.83083361,0.07888000,0.42128000
0.83071554,0.07888000,0.42144000
0.83071136,0.07888000,0.42152000
0.83069986,0.07896000,0.42152000
0.83056134,0.07896000,0.42184000
0.83062154,0.07896000,0.42168000
0.83066493,0.07896000,0.42160000
0.83055747,0.07896000,0.42192000
0.83057183,0.07896000,0.42176000
0.83048850,0.07896000,0.42216000
0.83051652,0.07896000,0.42200000
0.83051366,0.07896000,0.42208000
0.83041048,0.07904000,0.42216000
0.83039963,0.07912000,0.42224000
0.83040214,0.07912000,0.42216000
0.83039337,0.07920000,0.42224000
0.83032250,0.07928000,0.42232000
0.83029819,0.07928000,0.42240000
0.83024389,0.07928000,0.42248000
0.83039075,0.07928000,0.42224000
0.83023828,0.07936000,0.42248000
0.83015233,0.07944000,0.42248000
0.83012342,0.07952000,0.42256000
0.83010626,0.07952000,0.42264000
0.83013624,0.07952000,0.42248000
0.82988155,0.07960000,0.42272000
0.82984477,0.07960000,0.42280000
0.82979727,0.07960000,0.42288000
0.82971478,0.07960000,0.42296000
0.82966965,0.07960000,0.42312000
0.83008504,0.07960000,0.42264000
0.82967061,0.07960000,0.42304000
0.82965398,0.07968000,0.42312000
0.82965344,0.07968000,0.42320000
0.82957888,0.07976000,0.42320000
0.82948774,0.07976000,0.42336000
0.82952297,0.07976000,0.42328000
0.82943332,0.07984000,0.42336000
0.82942885,0.07984000,0.42344000
0.82937127,0.07984000,0.42360000
0.82941979,0.07984000,0.42352000
0.82935828,0.07984000,0.42368000
0.82935172,0.07992000,0.42368000
0.82933295,0.07992000,0.42376000
0.82927805,0.08000000,0.42384000
0.82928562,0.08000000,0.42376000
0.82926142,0.08000000,0.42392000
0.82925880,0.08000000,0.42400000
0.82923651,0.08000000,0.42408000
0.82921535,0.08000000,0.42416000
0.82913113,0.08000000,0.42424000
0.82910556,0.08008000,0.42424000
0.82890958,0.08008000,0.42496000
0.82891291,0.08008000,0.42488000
0.82893449,0.08008000,0.42480000
0.82899266,0.08008000,0.42456000
0.82898378,0.08008000,0.42464000
0.82903063,0.08008000,0.42440000
0.82901919,0.08008000,0.42448000
0.82896543,0.08008000,0.42472000
0.82905537,0.08008000,0.42432000
0.82884979,0.08016000,0.42496000
0.82873988,0.08024000,0.42512000
0.82875007,0.08024000,0.42504000
0.82884234,0.08024000,0.42496000
0.82872450,0.08024000,0.42520000
0.82870251,0.08024000,0.42528000
0.82864386,0.08032000,0.42528000
0.82860893,0.08040000,0.42528000
0.82848352,0.08048000,0.42544000
0.82851118,0.08048000,0.42528000
0.82834727,0.08048000,0.42568000
0.82849836,0.08048000,0.42536000
0.82838684,0.08048000,0.42560000
0.82840574,0.08048000,0.42552000
0.82833195,0.08056000,0.42568000
0.82830799,0.08064000,0.42568000
0.82826465,0.08072000,0.42576000
0.82822776,0.08072000,0.42592000
0.82826406,0.08072000,0.42584000
0.82828248,0.08072000,0.42568000
0.82814139,0.08080000,0.42592000
0.82812005,0.08088000,0.42592000
0.82809246,0.08096000,0.42592000
0.82804662,0.08104000,0.42592000
0.82803702,0.08112000,0.42592000
0.82802385,0.08120000,0.42592000
0.82794434,0.08128000,0.42592000
0.82792068,0.08128000,0.42600000
0.82791758,0.08136000,0.42600000
0.82773376,0.08136000,0.42624000
0.82781357,0.08136000,0.42616000
0.82791454,0.08136000,0.42608000
0.82761991,0.08144000,0.42640000
0.82744217,0.08144000,0.42664000
0.82763356,0.08144000,0.42632000
0.82758683,0.08144000,0.42648000
0.82752138,0.08144000,0.42656000
0.82765716,0.08144000,0.42624000
0.82741225,0.08152000,0.42664000
0.82727492,0.08160000,0.42672000
0.82737988,0.08160000,0.42664000
0.82723624,0.08168000,0.42672000
0.82721341,0.08176000,0.42672000
0.82714432,0.08176000,0.42680000
0.82706600,0.08184000,0.42680000
0.82705599,0.08192000,0.42680000
0.82701153,0.08200000,0.42680000
0.82699901,0.08200000,0.42688000
0.82694829,0.08200000,0.42704000
0.82685632,0.08200000,0.42712000
0.82698661,0.08200000,0.42696000
0.82685381,0.08208000,0.42712000
0.82679147,0.08208000,0.42720000
0.82678771,0.08208000,0.42728000
0.82667965,0.08216000,0.42752000
0.82665122,0.08216000,0.42760000
0.82661647,0.08216000,0.42768000
0.82673281,0.08216000,0.42744000
0.82673436,0.08216000,0.42736000
0.82674170,0.08216000,0.42728000
0.82659578,0.08224000,0.42776000
0.82660508,0.08224000,0.42768000
0.82642037,0.08232000,0.42816000
0.82651585,0.08232000,0.42800000
0.82646549,0.08232000,0.42808000
0.82654870,0.08232000,0.42784000
0.82657647,0.08232000,0.42776000
0.82654804,0.08232000,0.42792000
0.82640028,0.08240000,0.42816000
0.82626659,0.08248000,0.42840000
0.82625794,0.08248000,0.42848000
0.82635313,0.08248000,0.42816000
0.82634252,0.08248000,0.42824000
0.82628483,0.08248000,0.42832000
0.82622361,0.08256000,0.42856000
0.82624561,0.08256000,0.42848000
0.82602936,0.08264000,0.42880000
0.82576621,0.08264000,0.42952000
0.82578540,0.08264000,0.42944000
0.82600111,0.08264000,0.42896000
0.82594424,0.08264000,0.42904000
0.82601219,0.08264000,0.42888000
0.82592458,0.08264000,0.42912000
0.82611591,0.08264000,0.42856000
0.82609761,0.08264000,0.42864000
0.82609737,0.08264000,0.42872000
0.82583559,0.08264000,0.42936000
0.82585937,0.08264000,0.42928000
0.82587546,0.08264000,0.42920000
0.82570165,0.08272000,0.42960000
0.82568455,0.08272000,0.42968000
0.82576483,0.08272000,0.42952000
0.82554835,0.08280000,0.42984000
0.82555056,0.08280000,0.42976000
0.82552397,0.08280000,0.42992000
0.82558781,0.08280000,0.42968000
0.82544225,0.08288000,0.43008000
0.82548904,0.08288000,0.43000000
0.82550788,0.08288000,0.42992000
0.82543826,0.08296000,0.43008000
0.82543153,0.08296000,0.43016000
0.82543015,0.08304000,0.43016000
0.82525694,0.08312000,0.43032000
0.82523048,0.08312000,0.43056000
0.82518291,0.08312000,0.43064000
0.82532406,0.08312000,0.43016000
0.82524395,0.08312000,0.43040000
0.82523865,0.08312000,0.43048000
0.82531881,0.08312000,0.43024000
0.82510710,0.08320000,0.43080000
0.82517672,0.08320000,0.43072000
0.82517773,0.08320000,0.43064000
0.82508373,0.08320000,0.43096000
0.82507855,0.08320000,0.43104000
0.82508576,0.08320000,0.43088000
0.82504052,0.08328000,0.43112000
0.82504410,0.08328000,0.43104000
0.82500166,0.08328000,0.43120000
0.82486606,0.08336000,0.43160000
0.82472646,0.08336000,0.43192000
0.82498050,0.08336000,0.43120000
0.82479453,0.08336000,0.43184000
0.82486498,0.08336000,0.43168000
0.82480794,0.08336000,0.43176000
0.82494831,0.08336000,0.43128000
0.82493621,0.08336000,0.43136000
0.82490236,0.08336000,0.43144000
0.82490176,0.08336000,0.43152000
0.82465553,0.08344000,0.43200000
0.82466590,0.08344000,0.43192000
0.82455957,0.08352000,0.43200000
0.82446074,0.08360000,0.43224000
0.82451987,0.08360000,0.43208000
0.82447422,0.08360000,0.43216000
0.82438290,0.08360000,0.43240000
0.82441801,0.08360000,0.43232000
0.82455921,0.08360000,0.43200000
0.82423389,0.08368000,0.43272000
0.82420975,0.08368000,0.43288000
0.82432628,0.08368000,0.43248000
0.82435286,0.08368000,0.43240000
0.82420546,0.08368000,0.43296000
0.82422835,0.08368000,0.43280000
0.82432574,0.08368000,0.43256000
0.82428253,0.08368000,0.43264000
0.82402164,0.08376000,0.43304000
0.82418740,0.08376000,0.43296000
0.82387364,0.08384000,0.43312000
0.82388723,0.08384000,0.43304000
0.82380861,0.08392000,0.43336000
0.82387280,0.08392000,0.43312000
0.82385254,0.08392000,0.43320000
0.82381964,0.08392000,0.43328000
0.82380641,0.08400000,0.43336000
0.82370615,0.08400000,0.43360000
0.82371968,0.08400000,0.43352000
0.82376343,0.08400000,0.43344000
0.82347327,0.08408000,0.43392000
0.82348639,0.08408000,0.43384000
0.82347322,0.08408000,0.43400000
0.82334363,0.08408000,0.43456000
0.82345730,0.08408000,0.43416000
0.82362175,0.08408000,0.43368000
0.82362878,0.08408000,0.43360000
0.82335943,0.08408000,0.43440000
0.82335854,0.08408000,0.43448000
0.82346511,0.08408000,0.43408000
0.82343781,0.08408000,0.43432000
0.82344592,0.08408000,0.43424000
0.82358301,0.08408000,0.43376000
0.82326728,0.08416000,0.43456000
0.82318616,0.08416000,0.43472000
0.82311505,0.08416000,0.43488000
0.82313430,0.08416000,0.43480000
0.82310581,0.08416000,0.43496000
0.82324004,0.08416000,0.43464000
0.82300001,0.08424000,0.43536000
0.82304823,0.08424000,0.43512000
0.82308096,0.08424000,0.43496000
0.82301265,0.08424000,0.43528000
0.82304960,0.08424000,0.43504000
0.82304794,0.08424000,0.43520000
0.82293940,0.08432000,0.43544000
0.82295531,0.08432000,0.43536000
0.82289934,0.08432000,0.43560000
0.82291609,0.08432000,0.43552000
0.82285720,0.08440000,0.43560000
0.82272059,0.08440000,0.43584000
0.82268083,0.08440000,0.43592000
0.82276511,0.08440000,0.43568000
0.82272601,0.08440000,0.43576000
0.82264161,0.08440000,0.43600000
0.82253224,0.08448000,0.43616000
0.82258135,0.08448000,0.43608000
0.82262152,0.08448000,0.43600000
0.82242918,0.08456000,0.43632000
0.82251018,0.08456000,0.43616000
0.82240188,0.08456000,0.43640000
0.82237166,0.08456000,0.43648000
0.82236362,0.08456000,0.43656000
0.82235181,0.08456000,0.43672000
0.82247579,0.08456000,0.43624000
0.82234627,0.08456000,0.43680000
0.82236177,0.08456000,0.43664000
0.82228100,0.08464000,0.43688000
0.82233226,0.08464000,0.43680000
0.82223445,0.08464000,0.43696000
0.82223344,0.08464000,0.43704000
0.82221240,0.08472000,0.43704000
0.82220328,0.08480000,0.43704000
0.82212234,0.08488000,0.43704000
0.82211250,0.08488000,0.43712000
0.82204682,0.08488000,0.43720000
0.82200950,0.08496000,0.43720000
0.82196105,0.08504000,0.43728000
0.82195896,0.08504000,0.43736000
0.82200378,0.08504000,0.43720000
0.82193428,0.08512000,0.43744000
0.82184839,0.08512000,0.43760000
0.82190007,0.08512000,0.43752000
0.82195187,0.08512000,0.43736000
0.82161862,0.08520000,0.43800000
0.82174337,0.08520000,0.43768000
0.82157737,0.08520000,0.43816000
0.82159507,0.08520000,0.43808000
0.82165438,0.08520000,0.43784000
0.82175291,0.08520000,0.43760000
0.82162791,0.08520000,0.43792000
0.82169330,0.08520000,0.43776000
0.82150090,0.08528000,0.43824000
0.82152998,0.08528000,0.43816000
0.82145917,0.08528000,0.43840000
0.82148814,0.08528000,0.43832000
0.82134080,0.08536000,0.43872000
0.82143366,0.08536000,0.43848000
0.82138985,0.08536000,0.43864000
0.82145369,0.08536000,0.43840000
0.82141078,0.08536000,0.43856000
0.82131642,0.08544000,0.43880000
0.82131970,0.08544000,0.43872000
0.82121336,0.08544000,0.43896000
0.82128954,0.08544000,0.43888000
0.82119876,0.08552000,0.43896000
0.82117331,0.08552000,0.43904000
0.82113808,0.08560000,0.43912000
0.82114351,0.08560000,0.43904000
0.82099253,0.08568000,0.43928000
0.82099706,0.08568000,0.43920000
0.82052284,0.08568000,0.43968000
0.82103360,0.08568000,0.43912000
0.82083356,0.08568000,0.43936000
0.82057637,0.08568000,0.43960000
0.82058805,0.08568000,0.43952000
0.82070225,0.08568000,0.43944000
0.82047051,0.08576000,0.43968000
0.82030916,0.08584000,0.43976000
0.82023370,0.08584000,0.43992000
0.82029980,0.08584000,0.43984000
0.82021171,0.08584000,0.44000000
0.82034963,0.08584000,0.43968000
0.82003087,0.08592000,0.44000000
0.82000351,0.08592000,0.44008000
0.81990367,0.08600000,0.44040000
0.81994116,0.08600000,0.44024000
0.81990379,0.08600000,0.44032000
0.81988668,0.08600000,0.44048000
0.81994212,0.08600000,0.44016000
0.81998378,0.08600000,0.44008000
0.81985295,0.08608000,0.44056000
0.81986469,0.08608000,0.44048000
0.81979012,0.08608000,0.44072000
0.81979686,0.08608000,0.44064000
0.81960291,0.08616000,0.44120000
0.81975263,0.08616000,0.44088000
0.81975961,0.08616000,0.44080000
0.81977743,0.08616000,0.44072000
0.81962323,0.08616000,0.44104000
0.81961823,0.08616000,0.44112000
0.81966108,0.08616000,0.44096000
0.81959689,0.08624000,0.44120000
0.81955212,0.08624000,0.44136000
0.81956553,0.08624000,0.44128000
0.81936371,0.08632000,0.44144000
0.81936324,0.08632000,0.44152000
0.81948137,0.08632000,0.44136000
0.81935602,0.08640000,0.44152000
0.81933868,0.08640000,0.44160000
0.81928343,0.08648000,0.44160000
0.81926382,0.08648000,0.44176000
0.81927425,0.08648000,0.44168000
0.81922752,0.08656000,0.44176000
0.81920642,0.08664000,0.44176000
0.81917256,0.08664000,0.44200000
0.81919438,0.08664000,0.44192000
0.81919640,0.08664000,0.44184000
0.81916946,0.08672000,0.44200000
0.81910914,0.08680000,0.44216000
0.81904346,0.08680000,0.44224000
0.81912863,0.08680000,0.44208000
0.81914896,0.08680000,0.44200000
0.81887215,0.08688000,0.44240000
0.81850082,0.08688000,0.44288000
0.81882244,0.08688000,0.44264000
0.81852961,0.08688000,0.44280000
0.81898516,0.08688000,0.44224000
0.81868416,0.08688000,0.44272000
0.81897223,0.08688000,0.44232000
0.81886256,0.08688000,0.44248000
0.81848454,0.08688000,0.44296000
0.81847757,0.08688000,0.44304000
0.81844544,0.08688000,0.44312000
0.81843942,0.08688000,0.44320000
0.81885785,0.08688000,0.44256000
0.81838155,0.08696000,0.44352000
0.81841820,0.08696000,0.44320000
0.81841034,0.08696000,0.44328000
0.81839764,0.08696000,0.44344000
0.81837356,0.08696000,0.44360000
0.81839913,0.08696000,0.44336000
0.81833637,0.08704000,0.44360000
0.81826061,0.08712000,0.44376000
0.81832683,0.08712000,0.44360000
0.81828284,0.08712000,0.44368000
0.81821740,0.08720000,0.44376000
0.81820571,0.08728000,0.44376000
0.81819290,0.08736000,0.44376000
0.81810397,0.08744000,0.44384000
0.81817490,0.08744000,0.44376000
0.81797391,0.08744000,0.44400000
0.81807196,0.08744000,0.44392000
0.81793070,0.08752000,0.44400000
0.81788582,0.08760000,0.44424000
0.81789929,0.08760000,0.44416000
0.81791097,0.08760000,0.44408000
0.81792510,0.08760000,0.44400000
0.81782377,0.08768000,0.44424000
0.81753772,0.08776000,0.44488000
0.81764352,0.08776000,0.44456000
0.81779408,0.08776000,0.44424000
0.81773835,0.08776000,0.44448000
0.81776285,0.08776000,0.44440000
0.81761676,0.08776000,0.44464000
0.81747168,0.08776000,0.44496000
0.81759536,0.08776000,0.44472000
0.81776690,0.08776000,0.44432000
0.81754589,0.08776000,0.44480000
0.81732637,0.08784000,0.44520000
0.81739998,0.08784000,0.44504000
0.81741375,0.08784000,0.44496000
0.81733328,0.08784000,0.44512000
0.81729853,0.08792000,0.44528000
0.81730860,0.08792000,0.44520000
0.81727660,0.08800000,0.44536000
0.81728363,0.08800000,0.44528000
0.81719142,0.08808000,0.44536000
0.81718218,0.08816000,0.44536000
0.81713051,0.08824000,0.44544000
0.81716329,0.08824000,0.44536000
0.81711096,0.08824000,0.44552000
0.81690007,0.08832000,0.44576000
0.81697780,0.08832000,0.44568000
0.81702387,0.08832000,0.44560000
0.81702691,0.08832000,0.44552000
0.81677848,0.08840000,0.44600000
0.81687397,0.08840000,0.44584000
0.81687444,0.08840000,0.44576000
0.81678075,0.08840000,0.44592000
0.81641310,0.08848000,0.44672000
0.81655681,0.08848000,0.44640000
0.81644666,0.08848000,0.44664000
0.81654114,0.08848000,0.44648000
0.81646073,0.08848000,0.44656000
0.81660193,0.08848000,0.44624000
0.81662041,0.08848000,0.44616000
0.81663460,0.08848000,0.44600000
0.81662500,0.08848000,0.44608000
0.81639808,0.08856000,0.44672000
0.81639254,0.08856000,0.44680000
0.81637228,0.08864000,0.44680000
0.81624591,0.08872000,0.44712000
0.81614929,0.08872000,0.44720000
0.81633294,0.08872000,0.44688000
0.81626958,0.08872000,0.44696000
0.81626302,0.08872000,0.44704000
0.81637114,0.08872000,0.44680000
0.81613064,0.08880000,0.44720000
0.81610358,0.08888000,0.44720000
0.81598514,0.08896000,0.44728000
0.81601191,0.08896000,0.44720000
0.81594032,0.08904000,0.44728000
0.81588525,0.08912000,0.44736000
0.81593704,0.08912000,0.44728000
0.81579691,0.08920000,0.44768000
0.81581527,0.08920000,0.44752000
0.81580329,0.08920000,0.44760000
0.81581879,0.08920000,0.44744000
0.81584549,0.08920000,0.44736000
0.81576735,0.08928000,0.44768000
0.81571859,0.08928000,0.44776000
0.81556803,0.08936000,0.44808000
0.81550115,0.08936000,0.44824000
0.81549901,0.08936000,0.44832000
0.81555748,0.08936000,0.44816000
0.81566066,0.08936000,0.44784000
0.81568754,0.08936000,0.44776000
0.81558371,0.08936000,0.44800000
0.81560242,0.08936000,0.44792000
0.81548667,0.08936000,0.44848000
0.81549484,0.08936000,0.44840000
0.81548405,0.08944000,0.44848000
0.81532276,0.08952000,0.44872000
0.81536847,0.08952000,0.44856000
0.81544071,0.08952000,0.44848000
0.81531698,0.08952000,0.44880000
0.81533003,0.08952000,0.44864000
0.81522125,0.08960000,0.44896000
0.81514966,0.08960000,0.44912000
0.81524259,0.08960000,0.44880000
0.81523055,0.08960000,0.44888000
0.81516087,0.08960000,0.44904000
0.81483746,0.08968000,0.44976000
0.81514031,0.08968000,0.44912000
0.81491691,0.08968000,0.44952000
0.81509584,0.08968000,0.44920000
0.81506610,0.08968000,0.44928000
0.81486070,0.08968000,0.44968000
0.81505501,0.08968000,0.44936000
0.81489462,0.08968000,0.44960000
0.81500161,0.08968000,0.44944000
0.81483084,0.08976000,0.44976000
0.81478822,0.08984000,0.44984000
0.81479502,0.08984000,0.44976000
0.81473374,0.08992000,0.45008000
0.81478608,0.08992000,0.44984000
0.81474847,0.08992000,0.45000000
0.81471372,0.08992000,0.45016000
0.81477386,0.08992000,0.44992000
0.81452239,0.09000000,0.45048000
0.81454712,0.09000000,0.45040000
0.81464887,0.09000000,0.45016000
0.81457847,0.09000000,0.45024000
0.81456709,0.09000000,0.45032000
0.81449234,0.09000000,0.45056000
0.81443679,0.09008000,0.45072000
0.81447905,0.09008000,0.45064000
0.81449062,0.09008000,0.45056000
0.81438440,0.09016000,0.45072000
0.81436604,0.09024000,0.45072000
0.81432408,0.09032000,0.45088000
0.81429726,0.09032000,0.45104000
0.81430614,0.09032000,0.45096000
0.81434202,0.09032000,0.45072000
0.81433094,0.09032000,0.45080000
0.81429154,0.09040000,0.45112000
0.81429434,0.09040000,0.45104000
0.81409776,0.09048000,0.45120000
0.81410170,0.09048000,0.45112000
0.81407559,0.09048000,0.45128000
0.81397420,0.09048000,0.45136000
0.81391054,0.09056000,0.45136000
0.81387889,0.09064000,0.45152000
0.81388509,0.09064000,0.45144000
0.81388772,0.09064000,0.45136000
0.81355286,0.09072000,0.45208000
0.81365198,0.09072000,0.45200000
0.81370378,0.09072000,0.45192000
0.81370991,0.09072000,0.45184000
0.81371009,0.09072000,0.45176000
0.81377268,0.09072000,0.45168000
0.81380647,0.09072000,0.45160000
0.81384832,0.09072000,0.45152000
0.81352007,0.09080000,0.45216000
0.81354809,0.09080000,0.45208000
0.81349421,0.09088000,0.45216000
0.81341994,0.09096000,0.45224000
0.81348646,0.09096000,0.45216000
0.81336331,0.09104000,0.45232000
0.81339818,0.09104000,0.45224000
0.81331587,0.09112000,0.45256000
0.81336153,0.09112000,0.45232000
0.81333542,0.09112000,0.45248000
0.81330836,0.09112000,0.45264000
0.81333649,0.09112000,0.45240000
0.81322485,0.09120000,0.45272000
0.81322682,0.09120000,0.45264000
0.81321043,0.09128000,0.45280000
0.81291497,0.09128000,0.45336000
0.81274605,0.09128000,0.45344000
0.81256491,0.09128000,0.45376000
0.81322438,0.09128000,0.45272000
0.81314456,0.09128000,0.45304000
0.81292057,0.09128000,0.45328000
0.81313872,0.09128000,0.45312000
0.81298834,0.09128000,0.45320000
0.81316346,0.09128000,0.45296000
0.81318551,0.09128000,0.45288000
0.81269300,0.09128000,0.45360000
0.81269395,0.09128000,0.45352000
0.81262511,0.09128000,0.45368000
0.81254411,0.09136000,0.45384000
0.81256127,0.09136000,0.45376000
0.81246883,0.09144000,0.45400000
0.81248909,0.09144000,0.45392000
0.81251138,0.09144000,0.45384000
0.81239176,0.09144000,0.45408000
0.81234592,0.09152000,0.45408000
0.81232744,0.09160000,0.45408000
0.81219262,0.09168000,0.45424000
0.81218642,0.09168000,0.45432000
0.81228060,0.09168000,0.45416000
0.81230593,0.09168000,0.45408000
0.81218517,0.09176000,0.45432000
0.81209904,0.09184000,0.45440000
0.81218237,0.09184000,0.45432000
0.81209284,0.09192000,0.45448000
0.81209511,0.09192000,0.45440000
0.81163710,0.09200000,0.45544000
0.81201893,0.09200000,0.45448000
0.81189281,0.09200000,0.45472000
0.81193227,0.09200000,0.45456000
0.81148136,0.09200000,0.45560000
0.81176609,0.09200000,0.45504000
0.81155908,0.09200000,0.45552000
0.81189758,0.09200000,0.45464000
0.81164038,0.09200000,0.45536000
0.81182271,0.09200000,0.45488000
0.81189060,0.09200000,0.45480000
0.81141996,0.09200000,0.45576000
0.81145698,0.09200000,0.45568000
0.81168687,0.09200000,0.45528000
0.81169379,0.09200000,0.45520000
0.81176406,0.09200000,0.45512000
0.81177902,0.09200000,0.45496000
0.81137937,0.09208000,0.45576000
0.81123680,0.09208000,0.45600000
0.81128025,0.09208000,0.45592000
0.81134087,0.09208000,0.45584000
0.81122935,0.09208000,0.45624000
0.81123477,0.09208000,0.45616000
0.81123644,0.09208000,0.45608000
0.81120062,0.09216000,0.45624000
0.81108356,0.09216000,0.45640000
0.81112784,0.09216000,0.45632000
0.81108308,0.09224000,0.45640000
0.81102306,0.09232000,0.45640000
0.81100017,0.09232000,0.45648000
0.81071925,0.09240000,0.45704000
0.81091905,0.09240000,0.45664000
0.81086075,0.09240000,0.45672000
0.81082010,0.09240000,0.45680000
0.81095231,0.09240000,0.45656000
0.81097507,0.09240000,0.45648000
0.81075597,0.09240000,0.45696000
0.81081057,0.09240000,0.45688000
0.81060576,0.09240000,0.45736000
0.81060696,0.09240000,0.45728000
0.81062382,0.09240000,0.45720000
0.81068403,0.09240000,0.45712000
0.81056720,0.09248000,0.45744000
0.81060386,0.09248000,0.45736000
0.81049436,0.09248000,0.45752000
0.81039786,0.09256000,0.45760000
0.81042814,0.09256000,0.45752000
0.81030440,0.09264000,0.45776000
0.81036729,0.09264000,0.45760000
0.81034815,0.09264000,0.45768000
0.81026095,0.09272000,0.45776000
0.81019628,0.09272000,0.45784000
0.81018764,0.09280000,0.45784000
0.80999571,0.09280000,0.45808000
0.81002909,0.09280000,0.45800000
0.81006509,0.09280000,0.45792000
0.80985677,0.09288000,0.45808000
0.80968457,0.09288000,0.45840000
0.80968088,0.09288000,0.45848000
0.80965829,0.09288000,0.45864000
0.80970657,0.09288000,0.45832000
0.80966449,0.09288000,0.45856000
0.80982423,0.09288000,0.45816000
0.80977458,0.09288000,0.45824000
0.80960953,0.09296000,0.45880000
0.80963552,0.09296000,0.45864000
0.80962938,0.09296000,0.45872000
0.80957186,0.09304000,0.45880000
0.80925393,0.09312000,0.45944000
0.80926204,0.09312000,0.45936000
0.80940080,0.09312000,0.45904000
0.80949992,0.09312000,0.45896000
0.80933279,0.09312000,0.45928000
0.80921304,0.09312000,0.45952000
0.80950427,0.09312000,0.45888000
0.80934519,0.09312000,0.45920000
0.80935782,0.09312000,0.45912000
0.80955064,0.09312000,0.45880000
0.80910856,0.09320000,0.45984000
0.80913150,0.09320000,0.45976000
0.80913514,0.09320000,0.45968000
0.80916291,0.09320000,0.45960000
0.80917513,0.09320000,0.45952000
0.80898726,0.09320000,0.45992000
0.80895758,0.09320000,0.46000000
0.80883867,0.09320000,0.46008000
0.80883312,0.09320000,0.46016000
0.80881804,0.09328000,0.46024000
0.80879730,0.09328000,0.46032000
0.80883002,0.09328000,0.46016000
0.80847710,0.09336000,0.46088000
0.80848294,0.09336000,0.46080000
0.80878097,0.09336000,0.46032000
0.80851328,0.09336000,0.46064000
0.80850017,0.09336000,0.46072000
0.80874205,0.09336000,0.46040000
0.80871576,0.09336000,0.46048000
0.80862010,0.09336000,0.46056000
0.80844259,0.09344000,0.46088000
0.80838174,0.09352000,0.46088000
0.80832744,0.09352000,0.46096000
0.80828649,0.09360000,0.46096000
0.80813313,0.09368000,0.46160000
0.80818719,0.09368000,0.46120000
0.80818081,0.09368000,0.46128000
0.80813611,0.09368000,0.46152000
0.80810142,0.09368000,0.46176000
0.80809218,0.09368000,0.46184000
0.80810827,0.09368000,0.46168000
0.80815721,0.09368000,0.46136000
0.80814934,0.09368000,0.46144000
0.80826384,0.09368000,0.46096000
0.80822253,0.09368000,0.46104000
0.80821282,0.09368000,0.46112000
0.80807072,0.09376000,0.46184000
0.80805695,0.09384000,0.46184000
0.80800682,0.09384000,0.46192000
0.80792952,0.09392000,0.46192000
0.80791688,0.09400000,0.46192000
0.80756956,0.09408000,0.46216000
0.80777150,0.09408000,0.46200000
0.80790961,0.09408000,0.46192000
0.80769718,0.09408000,0.46208000
0.80752003,0.09416000,0.46216000
0.80747646,0.09416000,0.46224000
0.80743897,0.09416000,0.46232000
0.80743819,0.09424000,0.46232000
0.80738091,0.09424000,0.46248000
0.80736959,0.09424000,0.46256000
0.80739415,0.09424000,0.46240000
0.80729693,0.09424000,0.46264000
0.80722010,0.09432000,0.46280000
0.80728841,0.09432000,0.46272000
0.80729544,0.09432000,0.46264000
0.80721384,0.09432000,0.46288000
0.80720937,0.09440000,0.46288000
0.80707914,0.09440000,0.46304000
0.80712354,0.09440000,0.46296000
0.80703855,0.09440000,0.46320000
0.80707604,0.09440000,0.46312000
0.80698878,0.09448000,0.46320000
0.80698311,0.09456000,0.46320000
0.80689025,0.09464000,0.46328000
0.80698085,0.09464000,0.46320000
0.80684417,0.09464000,0.46336000
0.80677450,0.09472000,0.46336000
0.80671662,0.09480000,0.46336000
0.80671203,0.09488000,0.46336000
0.80667824,0.09496000,0.46344000
0.80668628,0.09496000,0.46336000
0.80666751,0.09504000,0.46344000
0.80664176,0.09504000,0.46352000
0.80653566,0.09512000,0.46368000
0.80658996,0.09512000,0.46352000
0.80652004,0.09512000,0.46376000
0.80658054,0.09512000,0.46360000
0.80646408,0.09520000,0.46384000
0.80648416,0.09520000,0.46376000
0.80644673,0.09528000,0.46384000
0.80633926,0.09536000,0.46400000
0.80634356,0.09536000,0.46392000
0.80637556,0.09536000,0.46384000
0.80622816,0.09536000,0.46440000
0.80625969,0.09536000,0.46432000
0.80631900,0.09536000,0.46408000
0.80631799,0.09536000,0.46416000
0.80628651,0.09536000,0.46424000
0.80620682,0.09544000,0.46440000
0.80603254,0.09552000,0.46480000
0.80619246,0.09552000,0.46440000
0.80619019,0.09552000,0.46448000
0.80615592,0.09552000,0.46464000
0.80616379,0.09552000,0.46456000
0.80609125,0.09552000,0.46472000
0.80594248,0.09560000,0.46480000
0.80590415,0.09568000,0.46480000
0.80586970,0.09568000,0.46488000
0.80577511,0.09584000,0.46496000
0.80586028,0.09584000,0.46488000
0.80575860,0.09584000,0.46504000
0.80562377,0.09592000,0.46512000
0.80559862,0.09592000,0.46520000
0.80564147,0.09592000,0.46504000
0.80549163,0.09600000,0.46552000
0.80553085,0.09600000,0.46536000
0.80551952,0.09600000,0.46544000
0.80559254,0.09600000,0.46528000
0.80559784,0.09600000,0.46520000
0.80539548,0.09608000,0.46552000
0.80534810,0.09616000,0.46552000
0.80531967,0.09624000,0.46552000
0.80523717,0.09624000,0.46576000
0.80524659,0.09624000,0.46568000
0.80530888,0.09624000,0.46560000
0.80514240,0.09632000,0.46584000
0.80513608,0.09632000,0.46592000
0.80521894,0.09632000,0.46576000
0.80512547,0.09632000,0.46600000
0.80510974,0.09640000,0.46600000
0.80510819,0.09648000,0.46600000
0.80510175,0.09656000,0.46600000
0.80507272,0.09656000,0.46608000
0.80506241,0.09656000,0.46616000
0.80501878,0.09664000,0.46624000
0.80505210,0.09664000,0.46616000
0.80499876,0.09664000,0.46632000
0.80497336,0.09672000,0.46640000
0.80492097,0.09672000,0.46648000
0.80499786,0.09672000,0.46632000
0.80488831,0.09680000,0.46664000
0.80485737,0.09680000,0.46672000
0.80489516,0.09680000,0.46656000
0.80466264,0.09680000,0.46728000
0.80479187,0.09680000,0.46680000
0.80466712,0.09680000,0.46720000
0.80479103,0.09680000,0.46688000
0.80491126,0.09680000,0.46648000
0.80478382,0.09680000,0.46696000
0.80470008,0.09680000,0.46704000
0.80467516,0.09680000,0.46712000
0.80445260,0.09688000,0.46744000
0.80458045,0.09688000,0.46728000
0.80449826,0.09688000,0.46736000
0.80438370,0.09688000,0.46760000
0.80438453,0.09688000,0.46752000
0.80434430,0.09696000,0.46760000
0.80433398,0.09696000,0.46768000
0.80432308,0.09696000,0.46776000
0.80431002,0.09704000,0.46784000
0.80428183,0.09704000,0.46792000
0.80422556,0.09704000,0.46808000
0.80431604,0.09704000,0.46776000
0.80426854,0.09704000,0.46800000
0.80417079,0.09712000,0.46808000
0.80405289,0.09720000,0.46832000
0.80410022,0.09720000,0.46808000
0.80406564,0.09720000,0.46824000
0.80404240,0.09720000,0.46848000
0.80404764,0.09720000,0.46840000
0.80407894,0.09720000,0.46816000
0.80401057,0.09728000,0.46848000
0.80398715,0.09728000,0.46856000
0.80397761,0.09736000,0.46856000
0.80396014,0.09736000,0.46864000
0.80386043,0.09744000,0.46872000
0.80381805,0.09744000,0.46880000
0.80395764,0.09744000,0.46864000
0.80377495,0.09752000,0.46888000
0.80378789,0.09752000,0.46880000
0.80375993,0.09752000,0.46896000
0.80374342,0.09760000,0.46896000
0.80371022,0.09768000,0.46904000
0.80373895,0.09768000,0.46896000
0.80366993,0.09768000,0.46920000
0.80367428,0.09768000,0.46912000
0.80350387,0.09768000,0.46928000
0.80342048,0.09776000,0.46928000
0.80328852,0.09784000,0.46936000
0.80334336,0.09784000,0.46928000
0.80326790,0.09792000,0.46936000
0.80326021,0.09800000,0.46936000
0.80325705,0.09808000,0.46944000
0.80323505,0.09808000,0.46952000
0.80325985,0.09808000,0.46936000
0.80321413,0.09816000,0.46952000
0.80313063,0.09824000,0.46960000
0.80320442,0.09824000,0.46952000
0.80308956,0.09824000,0.46968000
0.80307788,0.09832000,0.46968000
0.80285090,0.09840000,0.46984000
0.80300879,0.09840000,0.46976000
0.80303568,0.09840000,0.46968000
0.80281609,0.09848000,0.46984000
0.80236107,0.09856000,0.47008000
0.80242252,0.09856000,0.47000000
0.80252665,0.09856000,0.46992000
0.80274600,0.09856000,0.46984000
0.80227435,0.09864000,0.47016000
0.80235100,0.09864000,0.47008000
0.80206722,0.09864000,0.47040000
0.80213487,0.09864000,0.47024000
0.80211878,0.09864000,0.47032000
0.80202860,0.09872000,0.47040000
0.80165130,0.09880000,0.47064000
0.80185103,0.09880000,0.47048000
0.80176044,0.09880000,0.47056000
0.80185550,0.09880000,0.47040000
0.80160981,0.09888000,0.47064000
0.80155116,0.09896000,0.47064000
0.80145437,0.09896000,0.47072000
0.80141115,0.09904000,0.47080000
0.80121577,0.09904000,0.47096000
0.80135882,0.09904000,0.47088000
0.80118024,0.09904000,0.47104000
0.80112624,0.09904000,0.47112000
0.80101246,0.09904000,0.47136000
0.80109090,0.09904000,0.47128000
0.80111516,0.09904000,0.47120000
0.80144066,0.09904000,0.47072000
0.80100530,0.09912000,0.47136000
0.80097330,0.09912000,0.47144000
0.80092323,0.09928000,0.47144000
0.80092216,0.09936000,0.47144000
0.80074304,0.09944000,0.47160000
0.80083841,0.09944000,0.47152000
0.80087745,0.09944000,0.47144000
0.80066383,0.09952000,0.47160000
0.80052769,0.09960000,0.47160000
0.80047834,0.09968000,0.47168000
0.80049765,0.09968000,0.47160000
0.80047148,0.09976000,0.47168000
0.80043888,0.09984000,0.47176000
0.80046171,0.09984000,0.47168000
0.80037129,0.09992000,0.47184000
0.80038708,0.09992000,0.47176000
0.80031252,0.10000000,0.47192000
0.80033004,0.10000000,0.47184000
0.80026138,0.10008000,0.47192000
0.80024683,0.10016000,0.47192000
0.80024493,0.10024000,0.47192000
0.80023956,0.10032000,0.47192000
0.80017048,0.10040000,0.47192000
0.80006683,0.10040000,0.47224000
0.80001962,0.10040000,0.47240000
0.80003518,0.10040000,0.47232000
0.80010974,0.10040000,0.47208000
0.80016911,0.10040000,0.47200000
0.79999274,0.10040000,0.47248000
0.80010188,0.10040000,0.47216000
0.79994208,0.10048000,0.47248000
0.79989123,0.10056000,0.47280000
0.79994142,0.10056000,0.47248000
0.79990989,0.10056000,0.47272000
0.79992664,0.10056000,0.47256000
0.79992616,0.10056000,0.47264000
0.79988247,0.10064000,0.47280000
0.79979163,0.10072000,0.47296000
0.79982334,0.10072000,0.47288000
0.79985964,0.10072000,0.47280000
0.79973131,0.10080000,0.47296000
0.79962528,0.10088000,0.47304000
0.79972559,0.10088000,0.47296000
0.79961526,0.10096000,0.47304000
0.79958248,0.10104000,0.47312000
0.79961324,0.10104000,0.47304000
0.79951316,0.10112000,0.47344000
0.79955101,0.10112000,0.47336000
0.79956287,0.10112000,0.47320000
0.79956764,0.10112000,0.47312000
0.79955673,0.10112000,0.47328000
0.79946113,0.10120000,0.47344000
0.79943675,0.10128000,0.47352000
0.79945356,0.10128000,0.47344000
0.79930192,0.10136000,0.47360000
0.79922223,0.10136000,0.47368000
0.79938191,0.10136000,0.47352000
0.79910654,0.10144000,0.47376000
0.79919553,0.10144000,0.47368000
0.79896635,0.10152000,0.47384000
0.79898721,0.10152000,0.47376000
0.79894364,0.10160000,0.47384000
0.79893416,0.10168000,0.47384000
0.79889494,0.10176000,0.47392000
0.79893285,0.10176000,0.47384000
0.79885250,0.10184000,0.47392000
0.79881567,0.10184000,0.47400000
0.79876262,0.10192000,0.47400000
0.79867256,0.10200000,0.47408000
0.79874706,0.10200000,0.47400000
0.79867053,0.10208000,0.47408000
0.79866159,0.10216000,0.47408000
0.79864192,0.10224000,0.47408000
0.79863226,0.10224000,0.47416000
0.79862821,0.10232000,0.47424000
0.79853302,0.10232000,0.47432000
0.79862952,0.10232000,0.47416000
0.79843009,0.10240000,0.47440000
0.79836029,0.10240000,0.47456000
0.79832590,0.10240000,0.47464000
0.79846907,0.10240000,0.47432000
0.79817814,0.10240000,0.47472000
0.79836488,0.10240000,0.47448000
0.79816401,0.10248000,0.47480000
0.79807216,0.10248000,0.47488000
0.79804617,0.10248000,0.47496000
0.79817039,0.10248000,0.47472000
0.79786378,0.10256000,0.47520000
0.79801840,0.10256000,0.47504000
0.79803395,0.10256000,0.47496000
0.79782587,0.10256000,0.47536000
0.79783940,0.10256000,0.47528000
0.79775703,0.10256000,0.47544000
0.79787934,0.10256000,0.47512000
0.79748869,0.10264000,0.47608000
0.79752386,0.10264000,0.47600000
0.79760128,0.10264000,0.47568000
0.79752719,0.10264000,0.47592000
0.79758865,0.10264000,0.47576000
0.79762393,0.10264000,0.47560000
0.79767972,0.10264000,0.47552000
0.79768497,0.10264000,0.47544000
0.79756618,0.10264000,0.47584000
0.79743546,0.10272000,0.47608000
0.79738027,0.10280000,0.47608000
0.79735655,0.10288000,0.47608000
0.79724312,0.10296000,0.47656000
0.79731202,0.10296000,0.47624000
0.79723024,0.10296000,0.47664000
0.79734027,0.10296000,0.47608000
0.79730791,0.10296000,0.47632000
0.79727781,0.10296000,0.47648000
0.79730773,0.10296000,0.47640000
0.79731375,0.10296000,0.47616000
0.79715276,0.10304000,0.47688000
0.79717749,0.10304000,0.47680000
0.79722935,0.10304000,0.47664000
0.79721403,0.10304000,0.47672000
0.79714692,0.10312000,0.47688000
0.79710722,0.10320000,0.47696000
0.79712009,0.10320000,0.47688000
0.79699886,0.10328000,0.47696000
0.79699045,0.10336000,0.47696000
0.79698598,0.10336000,0.47704000
0.79693764,0.10336000,0.47720000
0.79697132,0.10336000,0.47712000
0.79679060,0.10344000,0.47736000
0.79688179,0.10344000,0.47720000
0.79683453,0.10344000,0.47728000
0.79665786,0.10344000,0.47752000
0.79678452,0.10344000,0.47744000
0.79662669,0.10352000,0.47760000
0.79662174,0.10352000,0.47768000
0.79664588,0.10352000,0.47752000
0.79659867,0.10360000,0.47768000
0.79656088,0.10368000,0.47768000
0.79653490,0.10376000,0.47768000
0.79636174,0.10384000,0.47776000
0.79651165,0.10384000,0.47768000
0.79619992,0.10392000,0.47792000
0.79633033,0.10392000,0.47776000
0.79626393,0.10392000,0.47784000
0.79606843,0.10400000,0.47808000
0.79606217,0.10400000,0.47816000
0.79616374,0.10400000,0.47800000
0.79617947,0.10400000,0.47792000
0.79597145,0.10408000,0.47864000
0.79594928,0.10408000,0.47872000
0.79598612,0.10408000,0.47848000
0.79597902,0.10408000,0.47856000
0.79602593,0.10408000,0.47832000
0.79601228,0.10408000,0.47840000
0.79604095,0.10408000,0.47824000
0.79605812,0.10408000,0.47816000
0.79588842,0.10416000,0.47872000
0.79586619,0.10424000,0.47872000
0.79585052,0.10432000,0.47872000
0.79575717,0.10432000,0.47888000
0.79581010,0.10432000,0.47880000
0.79574460,0.10432000,0.47896000
0.79570836,0.10440000,0.47896000
0.79543710,0.10448000,0.47912000
0.79566932,0.10448000,0.47896000
0.79562622,0.10448000,0.47904000
0.79532146,0.10456000,0.47920000
0.79510415,0.10456000,0.47968000
0.79511660,0.10456000,0.47952000
0.79511970,0.10456000,0.47944000
0.79512006,0.10456000,0.47936000
0.79511136,0.10456000,0.47960000
0.79513538,0.10456000,0.47928000
0.79540527,0.10456000,0.47912000
0.79508185,0.10456000,0.47976000
0.79505998,0.10464000,0.47976000
0.79481810,0.10464000,0.48000000
0.79495096,0.10464000,0.47984000
0.79492021,0.10464000,0.47992000
0.79479921,0.10472000,0.48000000
0.79479700,0.10480000,0.48000000
0.79475754,0.10480000,0.48016000
0.79458123,0.10480000,0.48032000
0.79471403,0.10480000,0.48024000
0.79443318,0.10480000,0.48064000
0.79428458,0.10480000,0.48088000
0.79450560,0.10480000,0.48056000
0.79452294,0.10480000,0.48048000
0.79453623,0.10480000,0.48040000
0.79432738,0.10480000,0.48080000
0.79436290,0.10480000,0.48072000
0.79476517,0.10480000,0.48008000
0.79421592,0.10488000,0.48096000
0.79427159,0.10488000,0.48088000
0.79420984,0.10488000,0.48104000
0.79420549,0.10488000,0.48112000
0.79420406,0.10496000,0.48112000
0.79418498,0.10496000,0.48128000
0.79411292,0.10496000,0.48160000
0.79420203,0.10496000,0.48120000
0.79411316,0.10496000,0.48152000
0.79416519,0.10496000,0.48144000
0.79416817,0.10496000,0.48136000
0.79408556,0.10504000,0.48168000
0.79409623,0.10504000,0.48160000
0.79399484,0.10504000,0.48192000
0.79401016,0.10504000,0.48184000
0.79403734,0.10504000,0.48176000
0.79394621,0.10512000,0.48192000
0.79389650,0.10520000,0.48200000
0.79386222,0.10520000,0.48208000
0.79393899,0.10520000,0.48192000
0.79381102,0.10520000,0.48216000
0.79370826,0.10528000,0.48224000
0.79374880,0.10528000,0.48216000
0.79368907,0.10528000,0.48232000
0.79368025,0.10536000,0.48232000
0.79360396,0.10544000,0.48248000
0.79360217,0.10544000,0.48256000
0.79367995,0.10544000,0.48232000
0.79353482,0.10544000,0.48272000
0.79367405,0.10544000,0.48240000
0.79359859,0.10544000,0.48264000
0.79350859,0.10552000,0.48272000
0.79335558,0.10560000,0.48288000
0.79328859,0.10560000,0.48296000
0.79336059,0.10560000,0.48280000
0.79341620,0.10560000,0.48272000
0.79323488,0.10568000,0.48296000
0.79321802,0.10568000,0.48304000
0.79318899,0.10576000,0.48304000
0.79309571,0.10584000,0.48304000
0.79261273,0.10592000,0.48352000
0.79297101,0.10592000,0.48304000
0.79275900,0.10592000,0.48328000
0.79266816,0.10592000,0.48336000
0.79281610,0.10592000,0.48312000
0.79277122,0.10592000,0.48320000
0.79256958,0.10592000,0.48360000
0.79263902,0.10592000,0.48344000
0.79250181,0.10600000,0.48360000
0.79244238,0.10608000,0.48368000
0.79246920,0.10608000,0.48360000
0.79240227,0.10616000,0.48392000
0.79242134,0.10616000,0.48368000
0.79241997,0.10616000,0.48376000
0.79241639,0.10616000,0.48384000
0.79236007,0.10624000,0.48392000
0.79234141,0.10624000,0.48400000
0.79232746,0.10632000,0.48400000
0.79229105,0.10632000,0.48408000
0.79228598,0.10632000,0.48416000
0.79220539,0.10640000,0.48432000
0.79221350,0.10640000,0.48424000
0.79222983,0.10640000,0.48416000
0.79217434,0.10648000,0.48448000
0.79218239,0.10648000,0.48432000
0.79207814,0.10656000,0.48456000
0.79198956,0.10656000,0.48480000
0.79214597,0.10656000,0.48448000
0.79200417,0.10656000,0.48472000
0.79202861,0.10656000,0.48464000
0.79197615,0.10664000,0.48480000
0.79187077,0.10664000,0.48488000
0.79184562,0.10672000,0.48496000
0.79182899,0.10672000,0.48504000
0.79186803,0.10672000,0.48488000
0.79181474,0.10672000,0.48512000
0.79179090,0.10680000,0.48512000
0.79178733,0.10688000,0.48512000
0.79174852,0.10696000,0.48520000
0.79177552,0.10696000,0.48512000
0.79170722,0.10704000,0.48520000
0.79169899,0.10704000,0.48528000
0.79155713,0.10712000,0.48544000
0.79155022,0.10712000,0.48552000
0.79150313,0.10712000,0.48560000
0.79166698,0.10712000,0.48528000
0.79159647,0.10712000,0.48536000
0.79149878,0.10712000,0.48568000
0.79146475,0.10720000,0.48568000
0.79138368,0.10720000,0.48592000
0.79142553,0.10720000,0.48584000
0.79144245,0.10720000,0.48576000
0.79124385,0.10728000,0.48608000
0.79110956,0.10728000,0.48624000
0.79126942,0.10728000,0.48592000
0.79122239,0.10728000,0.48616000
0.79107231,0.10736000,0.48632000
0.79109204,0.10736000,0.48624000
0.79103750,0.10744000,0.48632000
0.79094809,0.10744000,0.48656000
0.79100025,0.10744000,0.48648000
0.79087001,0.10744000,0.48672000
0.79103404,0.10744000,0.48640000
0.79094058,0.10744000,0.48664000
0.79079098,0.10752000,0.48672000
0.79071587,0.10760000,0.48688000
0.79072708,0.10760000,0.48680000
0.79078263,0.10760000,0.48672000
0.79064626,0.10768000,0.48704000
0.79069364,0.10768000,0.48688000
0.79068774,0.10768000,0.48696000
0.79058588,0.10776000,0.48704000
0.79056001,0.10784000,0.48704000
0.79049546,0.10792000,0.48704000
0.79049075,0.10800000,0.48704000
0.79044956,0.10800000,0.48712000
0.79042888,0.10808000,0.48720000
0.79044211,0.10808000,0.48712000
0.79041320,0.10808000,0.48728000
0.79022014,0.10816000,0.48760000
0.79023302,0.10816000,0.48752000
0.79035395,0.10816000,0.48736000
0.79039043,0.10816000,0.48728000
0.79030532,0.10816000,0.48744000
0.79020900,0.10824000,0.48760000
0.79020739,0.10824000,0.48768000
0.79020000,0.10824000,0.48784000
0.79020375,0.10824000,0.48776000
0.79012144,0.10832000,0.48792000
0.79018605,0.10832000,0.48784000
0.79011393,0.10840000,0.48800000
0.79011828,0.10840000,0.48792000
0.79010606,0.10848000,0.48800000
0.79008961,0.10848000,0.48808000
0.79008543,0.10856000,0.48824000
0.79008836,0.10856000,0.48808000
0.79008812,0.10856000,0.48816000
0.79007518,0.10864000,0.48824000
0.79006964,0.10872000,0.48824000
0.78995663,0.10880000,0.48832000
0.79004318,0.10880000,0.48824000
0.78993058,0.10888000,0.48832000
0.78982419,0.10888000,0.48848000
0.78991854,0.10888000,0.48840000
0.78970110,0.10896000,0.48864000
0.78966159,0.10896000,0.48872000
0.78971004,0.10896000,0.48856000
0.78981262,0.10896000,0.48848000
0.78955674,0.10904000,0.48896000
0.78965515,0.10904000,0.48872000
0.78964967,0.10904000,0.48880000
0.78953475,0.10904000,0.48904000
0.78963268,0.10904000,0.48888000
0.78951204,0.10912000,0.48904000
0.78941721,0.10920000,0.48912000
0.78942865,0.10920000,0.48904000
0.78932542,0.10920000,0.48920000
0.78923261,0.10928000,0.48920000
0.78919482,0.10928000,0.48928000
0.78918362,0.10928000,0.48936000
0.78911722,0.10936000,0.48960000
0.78917772,0.10936000,0.48936000
0.78914708,0.10936000,0.48952000
0.78916609,0.10936000,0.48944000
0.78911591,0.10944000,0.48960000
0.78905725,0.10952000,0.48968000
0.78907341,0.10952000,0.48960000
0.78898829,0.10960000,0.48984000
0.78903490,0.10960000,0.48976000
0.78903842,0.10960000,0.48968000
0.78887290,0.10968000,0.49016000
0.78888863,0.10968000,0.49008000
0.78897280,0.10968000,0.48984000
0.78896642,0.10968000,0.48992000
0.78892446,0.10968000,0.49000000
0.78885078,0.10976000,0.49024000
0.78886330,0.10976000,0.49016000
0.78872222,0.10984000,0.49032000
0.78862613,0.10984000,0.49048000
0.78873080,0.10984000,0.49024000
0.78869998,0.10984000,0.49040000
0.78856659,0.10992000,0.49056000
0.78860617,0.10992000,0.49048000
0.78844976,0.11000000,0.49056000
0.78843242,0.11008000,0.49056000
0.78842986,0.11016000,0.49056000
0.78839916,0.11024000,0.49056000
0.78838038,0.11024000,0.49064000
0.78836662,0.11024000,0.49072000
0.78828198,0.11032000,0.49088000
0.78828770,0.11032000,0.49080000
0.78833771,0.11032000,0.49072000
0.78813148,0.11040000,0.49104000
0.78811842,0.11040000,0.49112000
0.78827304,0.11040000,0.49088000
0.78826857,0.11040000,0.49096000
0.78782427,0.11048000,0.49192000
0.78807384,0.11048000,0.49120000
0.78803074,0.11048000,0.49128000
0.78810674,0.11048000,0.49112000
0.78800029,0.11048000,0.49136000
0.78788054,0.11048000,0.49176000
0.78797096,0.11048000,0.49144000
0.78795719,0.11048000,0.49152000
0.78784394,0.11048000,0.49184000
0.78795356,0.11048000,0.49160000
0.78793353,0.11048000,0.49168000
0.78780609,0.11056000,0.49192000
0.78777492,0.11056000,0.49200000
0.78769636,0.11064000,0.49224000
0.78775400,0.11064000,0.49208000
0.78773648,0.11064000,0.49216000
0.78776342,0.11064000,0.49200000
0.78766674,0.11064000,0.49232000
0.78745508,0.11072000,0.49280000
0.78737521,0.11072000,0.49312000
0.78745574,0.11072000,0.49272000
0.78733581,0.11072000,0.49328000
0.78733480,0.11072000,0.49336000
0.78751665,0.11072000,0.49256000
0.78752649,0.11072000,0.49248000
0.78755426,0.11072000,0.49240000
0.78738660,0.11072000,0.49304000
0.78732961,0.11072000,0.49344000
0.78735059,0.11072000,0.49320000
0.78757590,0.11072000,0.49232000
0.78747374,0.11072000,0.49264000
0.78727669,0.11072000,0.49360000
0.78729916,0.11072000,0.49352000
0.78726768,0.11072000,0.49376000
0.78727478,0.11072000,0.49368000
0.78740942,0.11072000,0.49288000
0.78739351,0.11072000,0.49296000
0.78718585,0.11080000,0.49392000
0.78690034,0.11080000,0.49440000
0.78725207,0.11080000,0.49376000
0.78701913,0.11080000,0.49416000
0.78704375,0.11080000,0.49408000
0.78721237,0.11080000,0.49384000
0.78700203,0.11080000,0.49424000
0.78690100,0.11080000,0.49432000
0.78709793,0.11080000,0.49400000
0.78689963,0.11088000,0.49440000
0.78687781,0.11088000,0.49448000
0.78683680,0.11096000,0.49456000
0.78685844,0.11096000,0.49448000
0.78673089,0.11104000,0.49456000
0.78669810,0.11112000,0.49456000
0.78669751,0.11112000,0.49464000
0.78660935,0.11120000,0.49472000
0.78659970,0.11120000,0.49480000
0.78627491,0.11120000,0.49544000
0.78637528,0.11120000,0.49536000
0.78638703,0.11120000,0.49512000
0.78637880,0.11120000,0.49520000
0.78665656,0.11120000,0.49464000
0.78637809,0.11120000,0.49528000
0.78625780,0.11120000,0.49552000
0.78614926,0.11120000,0.49560000
0.78645808,0.11120000,0.49504000
0.78649223,0.11120000,0.49496000
0.78654742,0.11120000,0.49488000
0.78613430,0.11128000,0.49568000
0.78613770,0.11128000,0.49560000
0.78608894,0.11136000,0.49576000
0.78608590,0.11136000,0.49584000
0.78612173,0.11136000,0.49568000
0.78607130,0.11144000,0.49584000
0.78602684,0.11152000,0.49592000
0.78603715,0.11152000,0.49584000
0.78594303,0.11168000,0.49592000
0.78582591,0.11176000,0.49608000
0.78592324,0.11176000,0.49592000
0.78582788,0.11176000,0.49600000
0.78582293,0.11184000,0.49608000
0.78576356,0.11184000,0.49632000
0.78582263,0.11184000,0.49616000
0.78578997,0.11184000,0.49624000
0.78570652,0.11184000,0.49640000
0.78569710,0.11192000,0.49640000
0.78565294,0.11200000,0.49640000
0.78543532,0.11208000,0.49664000
0.78538358,0.11208000,0.49672000
0.78551888,0.11208000,0.49648000
0.78547490,0.11208000,0.49656000
0.78558838,0.11208000,0.49640000
0.78530562,0.11216000,0.49672000
0.78528851,0.11224000,0.49672000
0.78528756,0.11224000,0.49680000
0.78520101,0.11232000,0.49688000
0.78516489,0.11232000,0.49704000
0.78516024,0.11232000,0.49712000
0.78516716,0.11232000,0.49696000
0.78526080,0.11232000,0.49680000
0.78495210,0.11240000,0.49736000
0.78513497,0.11240000,0.49712000
0.78496850,0.11240000,0.49728000
0.78508508,0.11240000,0.49720000
0.78484195,0.11248000,0.49744000
0.78474897,0.11248000,0.49768000
0.78490222,0.11248000,0.49736000
0.78483760,0.11248000,0.49752000
0.78477257,0.11248000,0.49760000
0.78463280,0.11256000,0.49800000
0.78451943,0.11256000,0.49808000
0.78464562,0.11256000,0.49792000
0.78474891,0.11256000,0.49768000
0.78470522,0.11256000,0.49784000
0.78473616,0.11256000,0.49776000
0.78439099,0.11264000,0.49808000
0.78433895,0.11272000,0.49808000
0.78431660,0.11280000,0.49808000
0.78423131,0.11288000,0.49816000
0.78428644,0.11288000,0.49808000
0.78421915,0.11296000,0.49816000
0.78421104,0.11304000,0.49816000
0.78420496,0.11304000,0.49824000
0.78420246,0.11312000,0.49824000
0.78413904,0.11320000,0.49840000
0.78418022,0.11320000,0.49824000
0.78407174,0.11320000,0.49856000
0.78413087,0.11320000,0.49848000
0.78414619,0.11320000,0.49832000
0.78406107,0.11328000,0.49856000
0.78376698,0.11336000,0.49888000
0.78374583,0.11336000,0.49896000
0.78405946,0.11336000,0.49856000
0.78382081,0.11336000,0.49880000
0.78390855,0.11336000,0.49872000
0.78391796,0.11336000,0.49864000
0.78356385,0.11344000,0.49920000
0.78365111,0.11344000,0.49912000
0.78369349,0.11344000,0.49896000
0.78368175,0.11344000,0.49904000
0.78354824,0.11352000,0.49920000
0.78350216,0.11360000,0.49920000
0.78326219,0.11360000,0.49968000
0.78335154,0.11360000,0.49952000
0.78347963,0.11360000,0.49928000
0.78345960,0.11360000,0.49936000
0.78333223,0.11360000,0.49960000
0.78344184,0.11360000,0.49944000
0.78321654,0.11368000,0.49976000
0.78325152,0.11368000,0.49968000
0.78310609,0.11368000,0.49984000
0.78298664,0.11376000,0.49992000
0.78297430,0.11376000,0.50000000
0.78302795,0.11376000,0.49984000
0.78296334,0.11384000,0.50000000
0.78281564,0.11392000,0.50016000
0.78293967,0.11392000,0.50000000
0.78289199,0.11392000,0.50008000
0.78280276,0.11400000,0.50024000
0.78281027,0.11400000,0.50016000
0.78265923,0.11400000,0.50048000
0.78273350,0.11400000,0.50032000
0.78273028,0.11400000,0.50040000
0.78252721,0.11408000,0.50064000
0.78258801,0.11408000,0.50048000
0.78254950,0.11408000,0.50056000
0.78238088,0.11416000,0.50080000
0.78232121,0.11416000,0.50088000
0.78244621,0.11416000,0.50072000
0.78229988,0.11416000,0.50096000
0.78247052,0.11416000,0.50064000
0.78227073,0.11424000,0.50096000
0.78225559,0.11432000,0.50096000
0.78222430,0.11440000,0.50096000
0.78218091,0.11440000,0.50104000
0.78212517,0.11448000,0.50104000
0.78206044,0.11448000,0.50112000
0.78201914,0.11456000,0.50112000
0.78189838,0.11464000,0.50120000
0.78184217,0.11464000,0.50160000
0.78189331,0.11464000,0.50128000
0.78185284,0.11464000,0.50144000
0.78185463,0.11464000,0.50136000
0.78191727,0.11464000,0.50112000
0.78184915,0.11464000,0.50152000
0.78151560,0.11472000,0.50208000
0.78166753,0.11472000,0.50176000
0.78180927,0.11472000,0.50160000
0.78174806,0.11472000,0.50168000
0.78156775,0.11472000,0.50192000
0.78157097,0.11472000,0.50184000
0.78153795,0.11472000,0.50200000
0.78149354,0.11480000,0.50216000
0.78150004,0.11480000,0.50208000
0.78144085,0.11480000,0.50224000
0.78143698,0.11480000,0.50240000
0.78143948,0.11480000,0.50232000
0.78140354,0.11488000,0.50240000
0.78133613,0.11496000,0.50248000
0.78138167,0.11496000,0.50240000
0.78127426,0.11496000,0.50256000
0.78126150,0.11504000,0.50256000
0.78125256,0.11512000,0.50256000
0.78120220,0.11520000,0.50264000
0.78121638,0.11520000,0.50256000
0.78119147,0.11528000,0.50264000
0.78109437,0.11536000,0.50280000
0.78107101,0.11536000,0.50288000
0.78113115,0.11536000,0.50272000
0.78114694,0.11536000,0.50264000
0.78104502,0.11544000,0.50288000
0.78100747,0.11552000,0.50288000
0.78093803,0.11560000,0.50296000
0.78087670,0.11560000,0.50320000
0.78091198,0.11560000,0.50312000
0.78097808,0.11560000,0.50288000
0.78092694,0.11560000,0.50304000
0.78081805,0.11560000,0.50328000
0.78077036,0.11568000,0.50328000
0.78073335,0.11576000,0.50328000
0.78072047,0.11584000,0.50328000
0.78071725,0.11592000,0.50328000
0.78064460,0.11600000,0.50328000
0.78063619,0.11608000,0.50328000
0.78055072,0.11624000,0.50352000
0.78048265,0.11624000,0.50360000
0.78063482,0.11624000,0.50328000
0.78062564,0.11624000,0.50336000
0.78059930,0.11624000,0.50344000
0.78047955,0.11624000,0.50368000
0.78039938,0.11624000,0.50384000
0.78044981,0.11624000,0.50376000
0.78031439,0.11632000,0.50384000
0.78031212,0.11632000,0.50392000
0.78018051,0.11640000,0.50392000
0.78017581,0.11640000,0.50400000
0.78016770,0.11648000,0.50400000
0.78012997,0.11656000,0.50400000
0.78012824,0.11656000,0.50408000
0.78011584,0.11656000,0.50416000
0.78011125,0.11656000,0.50424000
0.78008878,0.11664000,0.50424000
0.78007597,0.11664000,0.50432000
0.77995300,0.11672000,0.50456000
0.77992100,0.11672000,0.50464000
0.77999592,0.11672000,0.50440000
0.77996486,0.11672000,0.50448000
0.77989411,0.11672000,0.50472000
0.78001958,0.11672000,0.50432000
0.77987814,0.11680000,0.50480000
0.77988011,0.11680000,0.50472000
0.77987337,0.11688000,0.50480000
0.77975547,0.11696000,0.50496000
0.77960622,0.11696000,0.50528000
0.77959043,0.11696000,0.50536000
0.77982712,0.11696000,0.50488000
0.77975094,0.11696000,0.50504000
0.77984548,0.11696000,0.50480000
0.77972627,0.11696000,0.50512000
0.77968931,0.11696000,0.50520000
0.77951461,0.11704000,0.50536000
0.77947235,0.11704000,0.50552000
0.77949619,0.11704000,0.50544000
0.77941138,0.11712000,0.50560000
0.77937645,0.11712000,0.50568000
0.77941644,0.11712000,0.50552000
0.77935308,0.11720000,0.50576000
0.77935696,0.11720000,0.50568000
0.77931923,0.11720000,0.50584000
0.77923614,0.11728000,0.50592000
0.77926034,0.11728000,0.50584000
0.77917850,0.11728000,0.50608000
0.77918434,0.11728000,0.50600000
0.77912474,0.11728000,0.50616000
0.77908790,0.11728000,0.50624000
0.77907830,0.11736000,0.50624000
0.77900517,0.11744000,0.50632000
0.77906084,0.11744000,0.50624000
0.77899140,0.11744000,0.50640000
0.77884132,0.11752000,0.50648000
0.77884948,0.11752000,0.50640000
0.77884114,0.11760000,0.50648000
0.77877796,0.11768000,0.50648000
0.77863234,0.11776000,0.50656000
0.77867055,0.11776000,0.50648000
0.77853709,0.11784000,0.50656000
0.77850908,0.11792000,0.50664000
0.77851349,0.11792000,0.50656000
0.77849793,0.11800000,0.50664000
0.77848792,0.11800000,0.50672000
0.77848178,0.11800000,0.50680000
0.77836776,0.11808000,0.50696000
0.77838701,0.11808000,0.50680000
0.77824867,0.11808000,0.50712000
0.77833724,0.11808000,0.50704000
0.77837253,0.11808000,0.50688000
0.77820539,0.11816000,0.50728000
0.77813017,0.11816000,0.50760000
0.77813923,0.11816000,0.50752000
0.77822828,0.11816000,0.50720000
0.77816689,0.11816000,0.50744000
0.77819049,0.11816000,0.50736000
0.77824819,0.11816000,0.50712000
0.77808231,0.11824000,0.50760000
0.77804303,0.11832000,0.50760000
0.77799714,0.11840000,0.50760000
0.77797478,0.11848000,0.50768000
0.77790892,0.11848000,0.50776000
0.77798086,0.11848000,0.50760000
0.77783108,0.11848000,0.50784000
0.77774227,0.11856000,0.50800000
0.77775019,0.11856000,0.50792000
0.77781910,0.11856000,0.50784000
0.77763987,0.11864000,0.50808000
0.77767056,0.11864000,0.50800000
0.77762806,0.11872000,0.50808000
0.77745974,0.11872000,0.50816000
0.77745551,0.11880000,0.50816000
0.77741092,0.11880000,0.50824000
0.77740824,0.11896000,0.50824000
0.77739549,0.11896000,0.50840000
0.77740377,0.11896000,0.50832000
0.77731097,0.11904000,0.50856000
0.77735090,0.11904000,0.50840000
0.77733618,0.11904000,0.50848000
0.77720225,0.11912000,0.50880000
0.77721709,0.11912000,0.50864000
0.77721393,0.11912000,0.50872000
0.77730280,0.11912000,0.50856000
0.77713561,0.11920000,0.50880000
0.77700400,0.11920000,0.50904000
0.77706373,0.11920000,0.50896000
0.77707464,0.11920000,0.50888000
0.77692324,0.11928000,0.50920000
0.77692890,0.11928000,0.50912000
0.77685797,0.11928000,0.50936000
0.77690452,0.11928000,0.50928000
0.77698219,0.11928000,0.50904000
0.77681357,0.11936000,0.50936000
0.77673906,0.11944000,0.50936000
0.77671045,0.11952000,0.50936000
0.77666390,0.11960000,0.50936000
0.77653050,0.11968000,0.50952000
0.77645898,0.11968000,0.50968000
0.77661502,0.11968000,0.50936000
0.77653617,0.11968000,0.50944000
0.77644402,0.11976000,0.50984000
0.77644610,0.11976000,0.50968000
0.77641714,0.11984000,0.50984000
0.77640516,0.11992000,0.50984000
0.77621597,0.12000000,0.51016000
0.77639610,0.12000000,0.50984000
0.77633822,0.12000000,0.51000000
0.77638853,0.12000000,0.50992000
0.77616864,0.12000000,0.51024000
0.77623284,0.12000000,0.51008000
0.77612764,0.12008000,0.51024000
0.77609640,0.12008000,0.51032000
0.77605474,0.12016000,0.51032000
0.77600592,0.12016000,0.51040000
0.77594185,0.12016000,0.51048000
0.77592242,0.12024000,0.51056000
0.77587670,0.12024000,0.51064000
0.77593654,0.12024000,0.51048000
0.77586108,0.12024000,0.51072000
0.77573937,0.12032000,0.51080000
0.77584726,0.12032000,0.51072000
0.77572912,0.12032000,0.51096000
0.77573162,0.12032000,0.51088000
0.77553135,0.12040000,0.51112000
0.77572572,0.12040000,0.51096000
0.77552891,0.12040000,0.51120000
0.77567410,0.12040000,0.51104000
0.77545518,0.12048000,0.51128000
0.77546471,0.12048000,0.51120000
0.77525008,0.12056000,0.51160000
0.77544540,0.12056000,0.51128000
0.77527207,0.12056000,0.51152000
0.77527601,0.12056000,0.51144000
0.77538723,0.12056000,0.51136000
0.77515388,0.12064000,0.51176000
0.77519524,0.12064000,0.51168000
0.77524054,0.12064000,0.51160000
0.77512985,0.12064000,0.51184000
0.77512801,0.12064000,0.51192000
0.77510959,0.12072000,0.51192000
0.77504826,0.12080000,0.51192000
0.77502120,0.12088000,0.51192000
0.77492386,0.12088000,0.51200000
0.77473021,0.12096000,0.51208000
0.77489018,0.12096000,0.51200000
0.77471459,0.12104000,0.51208000
0.77444202,0.12104000,0.51288000
0.77470213,0.12104000,0.51216000
0.77469760,0.12104000,0.51224000
0.77462244,0.12104000,0.51256000
0.77469540,0.12104000,0.51232000
0.77457988,0.12104000,0.51264000
0.77456760,0.12104000,0.51272000
0.77469152,0.12104000,0.51240000
0.77451909,0.12104000,0.51280000
0.77464628,0.12104000,0.51248000
0.77443957,0.12112000,0.51288000
0.77442950,0.12112000,0.51296000
0.77431500,0.12120000,0.51296000
0.77431118,0.12128000,0.51296000
0.77425045,0.12136000,0.51312000
0.77417237,0.12136000,0.51320000
0.77431053,0.12136000,0.51296000
0.77426195,0.12136000,0.51304000
0.77412820,0.12144000,0.51336000
0.77414358,0.12144000,0.51320000
0.77409422,0.12144000,0.51352000
0.77413076,0.12144000,0.51328000
0.77405190,0.12144000,0.51360000
0.77410775,0.12144000,0.51344000
0.77404255,0.12152000,0.51360000
0.77399963,0.12160000,0.51360000
0.77397442,0.12160000,0.51368000
0.77391875,0.12168000,0.51376000
0.77392370,0.12168000,0.51368000
0.77390754,0.12176000,0.51384000
0.77390838,0.12176000,0.51376000
0.77347636,0.12184000,0.51440000
0.77386832,0.12184000,0.51384000
0.77368253,0.12184000,0.51408000
0.77369690,0.12184000,0.51400000
0.77371424,0.12184000,0.51392000
0.77356368,0.12184000,0.51424000
0.77363849,0.12184000,0.51416000
0.77345979,0.12184000,0.51448000
0.77355319,0.12184000,0.51432000
0.77341282,0.12192000,0.51448000
0.77336931,0.12192000,0.51456000
0.77334625,0.12200000,0.51456000
0.77318704,0.12208000,0.51464000
0.77318299,0.12208000,0.51472000
0.77331454,0.12208000,0.51456000
0.77316666,0.12216000,0.51480000
0.77317393,0.12216000,0.51472000
0.77316433,0.12216000,0.51488000
0.77313328,0.12216000,0.51496000
0.77298862,0.12224000,0.51496000
0.77286947,0.12224000,0.51512000
0.77287745,0.12224000,0.51504000
0.77283627,0.12224000,0.51520000
0.77275741,0.12232000,0.51520000
0.77259582,0.12240000,0.51544000
0.77275449,0.12240000,0.51520000
0.77262610,0.12240000,0.51536000
0.77253067,0.12240000,0.51552000
0.77265036,0.12240000,0.51528000
0.77248287,0.12248000,0.51552000
0.77243602,0.12256000,0.51552000
0.77241367,0.12256000,0.51560000
0.77240855,0.12264000,0.51560000
0.77238715,0.12272000,0.51560000
0.77206713,0.12280000,0.51616000
0.77207363,0.12280000,0.51608000
0.77209711,0.12280000,0.51592000
0.77213085,0.12280000,0.51584000
0.77207476,0.12280000,0.51600000
0.77214044,0.12280000,0.51576000
0.77232009,0.12280000,0.51560000
0.77224880,0.12280000,0.51568000
0.77204382,0.12288000,0.51616000
0.77199805,0.12288000,0.51624000
0.77196097,0.12296000,0.51624000
0.77174079,0.12296000,0.51656000
0.77187055,0.12296000,0.51640000
0.77181250,0.12296000,0.51648000
0.77194697,0.12296000,0.51632000
0.77160621,0.12304000,0.51656000
0.77159697,0.12312000,0.51656000
0.77150327,0.12312000,0.51672000
0.77154738,0.12312000,0.51664000
0.77148855,0.12320000,0.51672000
0.77143210,0.12328000,0.51680000
0.77144969,0.12328000,0.51672000
0.77112341,0.12336000,0.51712000
0.77138907,0.12336000,0.51680000
0.77122033,0.12336000,0.51696000
0.77115113,0.12336000,0.51704000
0.77124286,0.12336000,0.51688000
0.77108663,0.12344000,0.51712000
0.77107382,0.12352000,0.51712000
0.77104390,0.12360000,0.51720000
0.77106130,0.12360000,0.51712000
0.77064198,0.12368000,0.51792000
0.77069640,0.12368000,0.51760000
0.77103156,0.12368000,0.51720000
0.77066141,0.12368000,0.51784000
0.77070785,0.12368000,0.51752000
0.77099001,0.12368000,0.51728000
0.77074564,0.12368000,0.51744000
0.77094436,0.12368000,0.51736000
0.77068973,0.12368000,0.51768000
0.77067077,0.12368000,0.51776000
0.77062184,0.12384000,0.51792000
0.77060556,0.12384000,0.51800000
0.77052146,0.12384000,0.51816000
0.77045161,0.12384000,0.51832000
0.77049619,0.12384000,0.51824000
0.77058583,0.12384000,0.51808000
0.77033085,0.12392000,0.51856000
0.77037847,0.12392000,0.51848000
0.77022284,0.12392000,0.51864000
0.77044630,0.12392000,0.51832000
0.77040315,0.12392000,0.51840000
0.77017540,0.12400000,0.51872000
0.77016604,0.12400000,0.51880000
0.77008915,0.12400000,0.51896000
0.77005881,0.12400000,0.51912000
0.77017945,0.12400000,0.51864000
0.77007633,0.12400000,0.51904000
0.77014875,0.12400000,0.51888000
0.77003258,0.12408000,0.51912000
0.77003229,0.12416000,0.51912000
0.76997554,0.12424000,0.51912000
0.76996648,0.12424000,0.51920000
0.76995546,0.12432000,0.51920000
0.76995534,0.12440000,0.51920000
0.76974648,0.12448000,0.51928000
0.76982379,0.12448000,0.51920000
0.76969075,0.12448000,0.51936000
0.76967394,0.12456000,0.51936000
0.76960784,0.12456000,0.51952000
0.76967114,0.12456000,0.51944000
0.76953733,0.12456000,0.51960000
0.76950228,0.12464000,0.51960000
0.76945990,0.12464000,0.51976000
0.76949185,0.12464000,0.51968000
0.76937395,0.12472000,0.51984000
0.76941431,0.12472000,0.51976000
0.76932037,0.12480000,0.51992000
0.76935172,0.12480000,0.51984000
0.76930791,0.12488000,0.51992000
0.76930332,0.12496000,0.51992000
0.76928967,0.12496000,0.52000000
0.76925039,0.12504000,0.52000000
0.76923329,0.12504000,0.52008000
0.76909059,0.12512000,0.52008000
0.76906163,0.12520000,0.52016000
0.76907361,0.12520000,0.52008000
0.76888585,0.12520000,0.52040000
0.76891237,0.12520000,0.52032000
0.76898462,0.12520000,0.52024000
0.76886415,0.12528000,0.52040000
0.76876628,0.12536000,0.52040000
0.76873004,0.12536000,0.52048000
0.76871961,0.12544000,0.52048000
0.76856542,0.12544000,0.52056000
0.76845104,0.12544000,0.52072000
0.76847720,0.12544000,0.52064000
0.76842731,0.12552000,0.52072000
0.76842314,0.12560000,0.52072000
0.76828748,0.12568000,0.52088000
0.76824373,0.12568000,0.52096000
0.76842189,0.12568000,0.52072000
0.76832974,0.12568000,0.52080000
0.76823819,0.12576000,0.52096000
0.76808125,0.12584000,0.52096000
0.76807415,0.12584000,0.52104000
0.76800376,0.12592000,0.52104000
0.76791704,0.12592000,0.52112000
0.76785749,0.12600000,0.52112000
0.76778442,0.12608000,0.52128000
0.76781112,0.12608000,0.52112000
0.76780385,0.12608000,0.52120000
0.76776248,0.12616000,0.52128000
0.76774949,0.12624000,0.52136000
0.76776034,0.12624000,0.52128000
0.76774067,0.12632000,0.52136000
0.76764905,0.12632000,0.52168000
0.76765490,0.12632000,0.52160000
0.76771569,0.12632000,0.52144000
0.76766253,0.12632000,0.52152000
0.76752740,0.12640000,0.52192000
0.76753515,0.12640000,0.52184000
0.76764035,0.12640000,0.52168000
0.76756072,0.12640000,0.52176000
0.76746649,0.12640000,0.52208000
0.76750606,0.12640000,0.52200000
0.76742595,0.12648000,0.52216000
0.76744694,0.12648000,0.52208000
0.76733899,0.12648000,0.52224000
0.76731563,0.12648000,0.52232000
0.76730138,0.12656000,0.52240000
0.76730257,0.12656000,0.52232000
0.76728576,0.12656000,0.52248000
0.76727766,0.12664000,0.52248000
0.76715082,0.12672000,0.52248000
0.76708019,0.12680000,0.52248000
0.76704520,0.12688000,0.52248000
0.76701576,0.12696000,0.52256000
0.76702589,0.12696000,0.52248000
0.76701075,0.12696000,0.52264000
0.76699728,0.12704000,0.52264000
0.76698416,0.12704000,0.52272000
0.76681393,0.12712000,0.52288000
0.76692671,0.12712000,0.52272000
0.76688635,0.12712000,0.52280000
0.76645297,0.12720000,0.52360000
0.76644647,0.12720000,0.52368000
0.76640892,0.12720000,0.52376000
0.76638943,0.12720000,0.52384000
0.76638907,0.12720000,0.52392000
0.76677239,0.12720000,0.52312000
0.76678306,0.12720000,0.52304000
0.76680583,0.12720000,0.52296000
0.76659274,0.12720000,0.52328000
0.76655966,0.12720000,0.52336000
0.76652676,0.12720000,0.52344000
0.76671875,0.12720000,0.52320000
0.76648569,0.12720000,0.52352000
0.76681298,0.12720000,0.52288000
0.76635712,0.12728000,0.52392000
0.76629645,0.12728000,0.52408000
0.76633435,0.12728000,0.52400000
0.76627815,0.12728000,0.52416000
0.76627517,0.12736000,0.52416000
0.76623863,0.12744000,0.52416000
0.76621348,0.12744000,0.52424000
0.76617068,0.12744000,0.52432000
0.76615423,0.12752000,0.52432000
0.76612926,0.12752000,0.52440000
0.76607817,0.12760000,0.52440000
0.76603806,0.12760000,0.52448000
0.76577491,0.12768000,0.52488000
0.76586610,0.12768000,0.52480000
0.76593339,0.12768000,0.52464000
0.76589352,0.12768000,0.52472000
0.76601690,0.12768000,0.52448000
0.76594603,0.12768000,0.52456000
0.76570559,0.12768000,0.52512000
0.76571012,0.12768000,0.52504000
0.76576883,0.12768000,0.52496000
0.76569891,0.12776000,0.52512000
0.76555824,0.12784000,0.52520000
0.76553565,0.12784000,0.52528000
0.76566029,0.12784000,0.52512000
0.76545793,0.12792000,0.52560000
0.76549041,0.12792000,0.52552000
0.76551694,0.12792000,0.52536000
0.76545435,0.12792000,0.52568000
0.76550251,0.12792000,0.52544000
0.76551932,0.12792000,0.52528000
0.76531851,0.12800000,0.52592000
0.76540482,0.12800000,0.52576000
0.76540619,0.12800000,0.52568000
0.76534760,0.12800000,0.52584000
0.76510286,0.12808000,0.52616000
0.76494873,0.12808000,0.52632000
0.76528639,0.12808000,0.52600000
0.76529646,0.12808000,0.52592000
0.76510561,0.12808000,0.52608000
0.76505184,0.12808000,0.52624000
0.76494551,0.12808000,0.52640000
0.76493955,0.12816000,0.52640000
0.76477128,0.12824000,0.52648000
0.76459610,0.12824000,0.52680000
0.76471072,0.12824000,0.52664000
0.76492196,0.12824000,0.52640000
0.76461649,0.12824000,0.52672000
0.76475096,0.12824000,0.52656000
0.76458585,0.12832000,0.52680000
0.76455647,0.12840000,0.52680000
0.76450914,0.12840000,0.52688000
0.76438868,0.12848000,0.52720000
0.76443928,0.12848000,0.52696000
0.76445717,0.12848000,0.52688000
0.76440287,0.12848000,0.52712000
0.76442713,0.12848000,0.52704000
0.76437616,0.12856000,0.52720000
0.76432896,0.12864000,0.52728000
0.76433372,0.12864000,0.52720000
0.76423234,0.12864000,0.52744000
0.76424599,0.12864000,0.52736000
0.76420701,0.12864000,0.52752000
0.76413697,0.12864000,0.52760000
0.76413411,0.12864000,0.52768000
0.76406056,0.12872000,0.52776000
0.76393676,0.12872000,0.52800000
0.76394826,0.12872000,0.52792000
0.76405400,0.12872000,0.52784000
0.76411295,0.12872000,0.52768000
0.76392794,0.12888000,0.52800000
0.76388752,0.12888000,0.52808000
0.76373267,0.12896000,0.52832000
0.76377273,0.12896000,0.52824000
0.76380628,0.12896000,0.52816000
0.76383948,0.12896000,0.52808000
0.76358694,0.12904000,0.52856000
0.76352096,0.12904000,0.52872000
0.76365638,0.12904000,0.52832000
0.76358819,0.12904000,0.52848000
0.76355225,0.12904000,0.52864000
0.76362360,0.12904000,0.52840000
0.76343340,0.12912000,0.52880000
0.76337290,0.12912000,0.52896000
0.76339900,0.12912000,0.52888000
0.76345450,0.12912000,0.52872000
0.76323801,0.12920000,0.52896000
0.76323318,0.12920000,0.52904000
0.76312959,0.12928000,0.52904000
0.76310897,0.12928000,0.52912000
0.76299542,0.12936000,0.52912000
0.76296502,0.12944000,0.52912000
0.76295441,0.12944000,0.52920000
0.76294416,0.12944000,0.52928000
0.76291829,0.12952000,0.52936000
0.76282459,0.12952000,0.52952000
0.76284027,0.12952000,0.52944000
0.76292253,0.12952000,0.52928000
0.76275289,0.12960000,0.52960000
0.76275319,0.12960000,0.52952000
0.76263267,0.12968000,0.52968000
0.76272798,0.12968000,0.52960000
0.76261890,0.12968000,0.52976000
0.76248682,0.12976000,0.53000000
0.76256931,0.12976000,0.52976000
0.76254863,0.12976000,0.52984000
0.76254678,0.12976000,0.52992000
0.76245147,0.12984000,0.53000000
0.76240087,0.12984000,0.53016000
0.76241177,0.12984000,0.53008000
0.76225656,0.12992000,0.53016000
0.76208955,0.13000000,0.53032000
0.76204211,0.13000000,0.53048000
0.76204532,0.13000000,0.53040000
0.76212382,0.13000000,0.53024000
0.76220113,0.13000000,0.53016000
0.76202512,0.13008000,0.53048000
0.76201755,0.13016000,0.53048000
0.76195824,0.13016000,0.53056000
0.76188421,0.13016000,0.53064000
0.76181769,0.13016000,0.53072000
0.76172447,0.13024000,0.53072000
0.76156831,0.13032000,0.53112000
0.76167870,0.13032000,0.53072000
0.76156145,0.13032000,0.53120000
0.76166850,0.13032000,0.53080000
0.76165330,0.13032000,0.53088000
0.76160151,0.13032000,0.53096000
0.76158726,0.13032000,0.53104000
0.76139760,0.13040000,0.53128000
0.76136923,0.13040000,0.53136000
0.76141030,0.13040000,0.53120000
0.76132804,0.13048000,0.53136000
0.76132774,0.13048000,0.53144000
0.76131386,0.13056000,0.53152000
0.76132476,0.13056000,0.53144000
0.76129812,0.13056000,0.53160000
0.76127708,0.13064000,0.53160000
0.76121509,0.13064000,0.53176000
0.76124448,0.13064000,0.53168000
0.76121032,0.13072000,0.53184000
0.76121283,0.13072000,0.53176000
0.76120633,0.13080000,0.53184000
0.76119798,0.13080000,0.53192000
0.76116699,0.13080000,0.53200000
0.76114762,0.13088000,0.53200000
0.76110870,0.13088000,0.53208000
0.76102793,0.13096000,0.53224000
0.76106530,0.13096000,0.53208000
0.76102948,0.13096000,0.53216000
0.76099300,0.13104000,0.53224000
0.76096642,0.13112000,0.53224000
0.76076549,0.13120000,0.53248000
0.76066691,0.13120000,0.53264000
0.76088250,0.13120000,0.53240000
0.76073092,0.13120000,0.53256000
0.76091546,0.13120000,0.53224000
0.76089782,0.13120000,0.53232000
0.76062757,0.13128000,0.53272000
0.76063943,0.13128000,0.53264000
0.76062727,0.13128000,0.53280000
0.76061827,0.13136000,0.53280000
0.76059139,0.13144000,0.53280000
0.76058561,0.13144000,0.53288000
0.76046163,0.13152000,0.53288000
0.76041603,0.13160000,0.53288000
0.76034611,0.13160000,0.53296000
0.76033562,0.13160000,0.53304000
0.76027882,0.13160000,0.53312000
0.76023853,0.13168000,0.53320000
0.76024985,0.13168000,0.53312000
0.76020449,0.13176000,0.53320000
0.76015174,0.13184000,0.53320000
0.75992477,0.13192000,0.53336000
0.76008230,0.13192000,0.53320000
0.76007247,0.13192000,0.53328000
0.75988007,0.13200000,0.53336000
0.75985742,0.13208000,0.53336000
0.75984621,0.13208000,0.53344000
0.75983030,0.13208000,0.53352000
0.75972188,0.13208000,0.53360000
0.75959879,0.13216000,0.53368000
0.75968081,0.13216000,0.53360000
0.75955158,0.13224000,0.53368000
0.75949502,0.13224000,0.53376000
0.75944847,0.13232000,0.53376000
0.75943774,0.13240000,0.53376000
0.75937194,0.13248000,0.53376000
0.75936764,0.13248000,0.53384000
0.75934774,0.13256000,0.53392000
0.75935298,0.13256000,0.53384000
0.75928587,0.13264000,0.53392000
0.75923103,0.13272000,0.53392000
0.75921077,0.13272000,0.53400000
0.75911689,0.13280000,0.53416000
0.75913966,0.13280000,0.53408000
0.75914001,0.13280000,0.53400000
0.75909686,0.13288000,0.53424000
0.75904357,0.13288000,0.53432000
0.75910252,0.13288000,0.53416000
0.75902140,0.13296000,0.53432000
0.75893742,0.13304000,0.53432000
0.75887001,0.13312000,0.53448000
0.75889581,0.13312000,0.53440000
0.75889921,0.13312000,0.53432000
0.75852668,0.13320000,0.53496000
0.75883442,0.13320000,0.53448000
0.75863373,0.13320000,0.53472000
0.75869018,0.13320000,0.53464000
0.75880998,0.13320000,0.53456000
0.75862402,0.13320000,0.53480000
0.75862336,0.13320000,0.53488000
0.75846928,0.13328000,0.53496000
0.75846785,0.13336000,0.53496000
0.75839180,0.13344000,0.53496000
0.75816756,0.13352000,0.53536000
0.75824380,0.13352000,0.53528000
0.75838071,0.13352000,0.53496000
0.75830895,0.13352000,0.53520000
0.75832117,0.13352000,0.53504000
0.75831228,0.13352000,0.53512000
0.75807703,0.13360000,0.53544000
0.75814408,0.13360000,0.53536000
0.75801241,0.13368000,0.53552000
0.75801778,0.13368000,0.53544000
0.75796974,0.13368000,0.53568000
0.75793648,0.13368000,0.53576000
0.75792593,0.13368000,0.53584000
0.75788021,0.13368000,0.53592000
0.75798553,0.13368000,0.53560000
0.75783205,0.13376000,0.53600000
0.75783318,0.13376000,0.53592000
0.75780421,0.13384000,0.53600000
0.75774372,0.13384000,0.53608000
0.75772190,0.13392000,0.53608000
0.75771034,0.13400000,0.53608000
0.75768769,0.13408000,0.53608000
0.75768065,0.13408000,0.53616000
0.75765169,0.13416000,0.53616000
0.75758767,0.13424000,0.53616000
0.75756514,0.13424000,0.53624000
0.75754416,0.13432000,0.53632000
0.75750166,0.13432000,0.53640000
0.75755912,0.13432000,0.53624000
0.75735331,0.13440000,0.53640000
0.75732970,0.13448000,0.53640000
0.75728142,0.13448000,0.53648000
0.75727677,0.13456000,0.53648000
0.75719988,0.13456000,0.53656000
0.75710869,0.13456000,0.53680000
0.75713682,0.13456000,0.53672000
0.75714093,0.13456000,0.53664000
0.75707704,0.13464000,0.53680000
0.75695330,0.13464000,0.53704000
0.75697982,0.13464000,0.53696000
0.75705743,0.13464000,0.53688000
0.75695312,0.13464000,0.53712000
0.75694185,0.13472000,0.53720000
0.75694299,0.13472000,0.53712000
0.75692934,0.13472000,0.53728000
0.75668633,0.13480000,0.53768000
0.75667542,0.13480000,0.53776000
0.75683749,0.13480000,0.53728000
0.75675488,0.13480000,0.53752000
0.75683612,0.13480000,0.53736000
0.75678873,0.13480000,0.53744000
0.75673008,0.13480000,0.53760000
0.75665826,0.13488000,0.53776000
0.75644422,0.13488000,0.53784000
0.75636500,0.13496000,0.53792000
0.75644344,0.13496000,0.53784000
0.75633800,0.13504000,0.53792000
0.75627512,0.13512000,0.53792000
0.75620437,0.13520000,0.53808000
0.75626892,0.13520000,0.53792000
0.75625449,0.13520000,0.53800000
0.75617266,0.13520000,0.53816000
0.75612712,0.13528000,0.53816000
0.75610965,0.13536000,0.53816000
0.75609976,0.13544000,0.53816000
0.75603765,0.13544000,0.53824000
0.75603008,0.13552000,0.53824000
0.75600439,0.13560000,0.53824000
0.75598609,0.13560000,0.53840000
0.75599247,0.13560000,0.53832000
0.75592029,0.13560000,0.53848000
0.75590926,0.13560000,0.53856000
0.75575048,0.13568000,0.53880000
0.75581050,0.13568000,0.53872000
0.75589710,0.13568000,0.53864000
0.75553656,0.13568000,0.53920000
0.75554359,0.13568000,0.53912000
0.75568986,0.13568000,0.53904000
0.75570309,0.13568000,0.53896000
0.75573325,0.13568000,0.53888000
0.75590122,0.13568000,0.53856000
0.75551462,0.13576000,0.53920000
0.75533915,0.13576000,0.53936000
0.75537950,0.13576000,0.53928000
0.75533736,0.13584000,0.53936000
0.75524598,0.13584000,0.53944000
0.75514829,0.13592000,0.53944000
0.75508970,0.13600000,0.53944000
0.75505370,0.13600000,0.53952000
0.75495803,0.13600000,0.53960000
0.75493884,0.13608000,0.53960000
0.75490439,0.13616000,0.53960000
0.75488251,0.13624000,0.53960000
0.75486910,0.13624000,0.53968000
0.75479418,0.13624000,0.53984000
0.75483215,0.13624000,0.53976000
0.75471497,0.13632000,0.53992000
0.75472540,0.13632000,0.53984000
0.75452930,0.13640000,0.54000000
0.75457078,0.13640000,0.53992000
0.75452852,0.13648000,0.54000000
0.75444376,0.13656000,0.54000000
0.75432670,0.13656000,0.54008000
0.75431085,0.13664000,0.54008000
0.75420153,0.13672000,0.54008000
0.75412101,0.13672000,0.54024000
0.75416172,0.13672000,0.54016000
0.75400907,0.13680000,0.54056000
0.75401944,0.13680000,0.54048000
0.75405300,0.13680000,0.54040000
0.75410306,0.13680000,0.54024000
0.75408870,0.13680000,0.54032000
0.75395668,0.13680000,0.54064000
0.75393307,0.13688000,0.54064000
0.75382328,0.13688000,0.54072000
0.75377774,0.13696000,0.54072000
0.75371093,0.13704000,0.54072000
0.75364172,0.13712000,0.54080000
0.75355560,0.13712000,0.54088000
0.75351262,0.13712000,0.54104000
0.75371069,0.13712000,0.54072000
0.75353557,0.13712000,0.54096000
0.75347388,0.13720000,0.54104000
0.75341022,0.13728000,0.54112000
0.75345170,0.13728000,0.54104000
0.75335467,0.13736000,0.54112000
0.75329435,0.13736000,0.54128000
0.75321293,0.13736000,0.54144000
0.75322229,0.13736000,0.54136000
0.75334281,0.13736000,0.54120000
0.75317717,0.13744000,0.54152000
0.75320756,0.13744000,0.54144000
0.75317210,0.13752000,0.54152000
0.75309867,0.13752000,0.54168000
0.75316089,0.13752000,0.54160000
0.75306016,0.13760000,0.54168000
0.75295889,0.13760000,0.54176000
0.75286287,0.13768000,0.54176000
0.75280195,0.13768000,0.54184000
0.75255495,0.13768000,0.54240000
0.75277632,0.13768000,0.54192000
0.75256217,0.13768000,0.54232000
0.75261748,0.13768000,0.54216000
0.75265777,0.13768000,0.54208000
0.75274813,0.13768000,0.54200000
0.75259370,0.13768000,0.54224000
0.75255442,0.13776000,0.54240000
0.75235671,0.13784000,0.54264000
0.75250465,0.13784000,0.54240000
0.75249916,0.13784000,0.54248000
0.75236243,0.13784000,0.54256000
0.75234038,0.13792000,0.54264000
0.75225955,0.13800000,0.54280000
0.75221902,0.13800000,0.54296000
0.75228053,0.13800000,0.54264000
0.75227755,0.13800000,0.54272000
0.75222880,0.13800000,0.54288000
0.75209904,0.13808000,0.54312000
0.75217533,0.13808000,0.54296000
0.75211406,0.13808000,0.54304000
0.75206053,0.13816000,0.54320000
0.75204676,0.13816000,0.54328000
0.75209659,0.13816000,0.54312000
0.75191128,0.13824000,0.54360000
0.75203669,0.13824000,0.54328000
0.75201076,0.13824000,0.54336000
0.75191599,0.13824000,0.54344000
0.75191319,0.13824000,0.54352000
0.75185645,0.13832000,0.54368000
0.75188828,0.13832000,0.54360000
0.75170028,0.13840000,0.54384000
0.75178337,0.13840000,0.54368000
0.75177479,0.13840000,0.54376000
0.75163060,0.13848000,0.54392000
0.75163680,0.13848000,0.54384000
0.75161642,0.13856000,0.54392000
0.75155228,0.13864000,0.54392000
0.75151175,0.13864000,0.54400000
0.75110650,0.13872000,0.54448000
0.75086963,0.13872000,0.54480000
0.75116462,0.13872000,0.54440000
0.75107902,0.13872000,0.54456000
0.75088394,0.13872000,0.54472000
0.75141406,0.13872000,0.54416000
0.75145257,0.13872000,0.54408000
0.75092036,0.13872000,0.54464000
0.75140077,0.13872000,0.54424000
0.75133586,0.13872000,0.54432000
0.75147039,0.13872000,0.54400000
0.75078005,0.13880000,0.54480000
0.75066006,0.13888000,0.54496000
0.75063914,0.13888000,0.54504000
0.75051755,0.13888000,0.54512000
0.75071788,0.13888000,0.54480000
0.75048894,0.13888000,0.54520000
0.75041294,0.13888000,0.54528000
0.75041211,0.13888000,0.54536000
0.75066561,0.13888000,0.54488000
0.75036013,0.13896000,0.54552000
0.75036252,0.13896000,0.54544000
0.75031102,0.13896000,0.54560000
0.75036407,0.13896000,0.54536000
0.75030667,0.13904000,0.54560000
0.75028419,0.13904000,0.54568000
0.75024915,0.13904000,0.54576000
0.75024652,0.13912000,0.54576000
0.75015885,0.13920000,0.54576000
0.75006938,0.13928000,0.54576000
0.75005758,0.13928000,0.54584000
0.75003427,0.13936000,0.54584000
0.75001532,0.13944000,0.54584000
0.74997079,0.13952000,0.54584000
0.74995971,0.13960000,0.54584000
0.74983704,0.13960000,0.54592000
0.74982995,0.13968000,0.54592000
0.74982226,0.13976000,0.54600000
0.74982870,0.13976000,0.54592000
0.74974644,0.13984000,0.54632000
0.74980849,0.13984000,0.54600000
0.74965769,0.13984000,0.54648000
0.74969375,0.13984000,0.54640000
0.74975878,0.13984000,0.54624000
0.74979788,0.13984000,0.54608000
0.74977171,0.13984000,0.54616000
0.74962759,0.13992000,0.54648000
0.74956363,0.14000000,0.54648000
0.74949569,0.14008000,0.54648000
0.74947578,0.14016000,0.54648000
0.74937320,0.14024000,0.54656000
0.74939036,0.14024000,0.54648000
0.74936193,0.14032000,0.54664000
0.74936688,0.14032000,0.54656000
0.74929047,0.14040000,0.54688000
0.74927342,0.14040000,0.54696000
0.74923337,0.14040000,0.54704000
0.74932426,0.14040000,0.54672000
0.74922580,0.14040000,0.54712000
0.74920690,0.14040000,0.54720000
0.74934268,0.14040000,0.54664000
0.74930066,0.14040000,0.54680000
0.74917829,0.14048000,0.54736000
0.74918234,0.14048000,0.54728000
0.74918890,0.14048000,0.54720000
0.74910712,0.14056000,0.54736000
0.74905616,0.14064000,0.54736000
0.74899626,0.14064000,0.54752000
0.74900144,0.14064000,0.54744000
0.74898392,0.14072000,0.54752000
0.74895859,0.14080000,0.54752000
0.74892843,0.14088000,0.54752000
0.74890274,0.14096000,0.54760000
0.74891073,0.14096000,0.54752000
0.74888921,0.14104000,0.54760000
0.74888474,0.14104000,0.54776000
0.74888819,0.14104000,0.54768000
0.74888408,0.14112000,0.54776000
0.74877125,0.14120000,0.54784000
0.74856985,0.14120000,0.54824000
0.74886203,0.14120000,0.54776000
0.74864227,0.14120000,0.54800000
0.74854153,0.14120000,0.54832000
0.74860907,0.14120000,0.54816000
0.74863935,0.14120000,0.54808000
0.74853700,0.14120000,0.54840000
0.74847949,0.14120000,0.54856000
0.74848884,0.14120000,0.54848000
0.74868286,0.14120000,0.54792000
0.74846512,0.14128000,0.54856000
0.74840850,0.14136000,0.54864000
0.74842566,0.14136000,0.54856000
0.74826086,0.14144000,0.54896000
0.74831367,0.14144000,0.54864000
0.74829108,0.14144000,0.54872000
0.74828416,0.14144000,0.54880000
0.74821562,0.14144000,0.54904000
0.74826574,0.14144000,0.54888000
0.74812877,0.14152000,0.54928000
0.74818164,0.14152000,0.54912000
0.74817067,0.14152000,0.54920000
0.74820727,0.14152000,0.54904000
0.74795455,0.14152000,0.54984000
0.74796468,0.14152000,0.54976000
0.74797851,0.14152000,0.54968000
0.74801499,0.14152000,0.54960000
0.74806821,0.14152000,0.54936000
0.74804157,0.14152000,0.54944000
0.74802673,0.14152000,0.54952000
0.74782282,0.14160000,0.54984000
0.74781865,0.14168000,0.54984000
0.74774206,0.14176000,0.54984000
0.74762344,0.14176000,0.55000000
0.74761128,0.14176000,0.55008000
0.74771506,0.14176000,0.54992000
0.74739182,0.14184000,0.55048000
0.74736512,0.14184000,0.55056000
0.74739563,0.14184000,0.55040000
0.74742156,0.14184000,0.55032000
0.74751359,0.14184000,0.55016000
0.74752527,0.14184000,0.55008000
0.74748069,0.14184000,0.55024000
0.74725455,0.14184000,0.55064000
0.74721694,0.14192000,0.55064000
0.74717462,0.14200000,0.55072000
0.74708414,0.14200000,0.55088000
0.74716496,0.14200000,0.55080000
0.74701363,0.14200000,0.55096000
0.74719161,0.14200000,0.55064000
0.74691325,0.14216000,0.55096000
0.74690455,0.14216000,0.55104000
0.74683630,0.14224000,0.55104000
0.74682766,0.14224000,0.55112000
0.74676883,0.14224000,0.55120000
0.74660653,0.14232000,0.55152000
0.74664944,0.14232000,0.55144000
0.74670821,0.14232000,0.55136000
0.74671966,0.14232000,0.55128000
0.74676073,0.14232000,0.55120000
0.74660140,0.14232000,0.55160000
0.74656677,0.14240000,0.55160000
0.74654287,0.14240000,0.55168000
0.74638158,0.14248000,0.55176000
0.74641055,0.14248000,0.55168000
0.74636424,0.14256000,0.55176000
0.74617577,0.14264000,0.55184000
0.74627692,0.14264000,0.55176000
0.74614525,0.14272000,0.55184000
0.74595267,0.14280000,0.55208000
0.74607897,0.14280000,0.55192000
0.74609983,0.14280000,0.55184000
0.74606699,0.14280000,0.55200000
0.74593663,0.14288000,0.55232000
0.74594784,0.14288000,0.55208000
0.74594283,0.14288000,0.55224000
0.74581754,0.14296000,0.55248000
0.74590135,0.14296000,0.55232000
0.74582100,0.14296000,0.55240000
0.74579418,0.14304000,0.55248000
0.74577272,0.14304000,0.55256000
0.74576741,0.14312000,0.55256000
0.74571198,0.14320000,0.55256000
0.74570411,0.14320000,0.55264000
0.74569982,0.14328000,0.55264000
0.74559265,0.14328000,0.55272000
0.74551731,0.14328000,0.55280000
0.74551356,0.14336000,0.55280000
0.74548864,0.14344000,0.55296000
0.74551105,0.14344000,0.55280000
0.74549997,0.14344000,0.55288000
0.74538398,0.14352000,0.55336000
0.74546313,0.14352000,0.55296000
0.74540532,0.14352000,0.55312000
0.74532706,0.14352000,0.55352000
0.74536592,0.14352000,0.55344000
0.74539918,0.14352000,0.55320000
0.74529403,0.14352000,0.55360000
0.74539721,0.14352000,0.55328000
0.74545926,0.14352000,0.55304000
0.74526250,0.14360000,0.55368000
0.74526888,0.14360000,0.55360000
0.74520719,0.14368000,0.55368000
0.74519789,0.14376000,0.55368000
0.74517107,0.14376000,0.55376000
0.74512327,0.14384000,0.55376000
0.74510223,0.14392000,0.55376000
0.74508464,0.14392000,0.55384000
0.74506992,0.14392000,0.55392000
0.74497318,0.14400000,0.55392000
0.74493641,0.14408000,0.55392000
0.74491429,0.14416000,0.55392000
0.74490339,0.14424000,0.55392000
0.74483055,0.14432000,0.55408000
0.74485040,0.14432000,0.55400000
0.74487114,0.14432000,0.55392000
0.74479848,0.14432000,0.55416000
0.74478078,0.14432000,0.55424000
0.74477774,0.14440000,0.55424000
0.74473298,0.14448000,0.55424000
0.74467862,0.14456000,0.55432000
0.74470007,0.14456000,0.55424000
0.74456036,0.14456000,0.55440000
0.74453467,0.14464000,0.55440000
0.74453342,0.14464000,0.55448000
0.74451232,0.14472000,0.55448000
0.74450088,0.14472000,0.55456000
0.74434328,0.14480000,0.55456000
0.74428689,0.14488000,0.55456000
0.74424797,0.14488000,0.55464000
0.74424410,0.14488000,0.55472000
0.74423653,0.14496000,0.55472000
0.74414229,0.14504000,0.55472000
0.74409217,0.14504000,0.55480000
0.74409086,0.14512000,0.55480000
0.74407041,0.14520000,0.55480000
0.74402207,0.14528000,0.55488000
0.74402553,0.14528000,0.55480000
0.74400008,0.14528000,0.55496000
0.74390030,0.14536000,0.55504000
0.74383348,0.14536000,0.55512000
0.74362028,0.14536000,0.55520000
0.74399054,0.14536000,0.55496000
0.74357408,0.14544000,0.55528000
0.74357194,0.14544000,0.55536000
0.74359894,0.14544000,0.55520000
0.74347305,0.14552000,0.55552000
0.74356675,0.14552000,0.55536000
0.74354678,0.14552000,0.55544000
0.74340230,0.14560000,0.55560000
0.74341524,0.14560000,0.55552000
0.74337220,0.14568000,0.55568000
0.74337870,0.14568000,0.55560000
0.74332368,0.14568000,0.55576000
0.74331915,0.14568000,0.55584000
0.74329877,0.14568000,0.55592000
0.74318296,0.14576000,0.55608000
0.74325645,0.14576000,0.55592000
0.74323326,0.14576000,0.55600000
0.74315876,0.14576000,0.55616000
0.74313217,0.14584000,0.55616000
0.74307334,0.14592000,0.55616000
0.74305964,0.14600000,0.55616000
0.74291205,0.14600000,0.55640000
0.74286562,0.14600000,0.55648000
0.74284822,0.14600000,0.55656000
0.74295998,0.14600000,0.55632000
0.74297029,0.14600000,0.55624000
0.74279064,0.14608000,0.55656000
0.74272752,0.14616000,0.55656000
0.74270338,0.14624000,0.55656000
0.74257141,0.14632000,0.55672000
0.74264860,0.14632000,0.55664000
0.74269068,0.14632000,0.55656000
0.74240714,0.14640000,0.55672000
0.74237221,0.14648000,0.55672000
0.74232322,0.14648000,0.55680000
0.74222672,0.14656000,0.55680000
0.74222660,0.14656000,0.55688000
0.74221957,0.14664000,0.55688000
0.74217802,0.14672000,0.55688000
0.74203306,0.14672000,0.55728000
0.74204218,0.14672000,0.55720000
0.74201989,0.14672000,0.55736000
0.74209583,0.14672000,0.55704000
0.74217749,0.14672000,0.55696000
0.74200773,0.14672000,0.55744000
0.74209303,0.14672000,0.55712000
0.74196702,0.14680000,0.55752000
0.74180490,0.14680000,0.55768000
0.74177068,0.14680000,0.55784000
0.74184144,0.14680000,0.55760000
0.74179459,0.14680000,0.55776000
0.74198830,0.14680000,0.55744000
0.74154609,0.14688000,0.55792000
0.74155152,0.14688000,0.55784000
0.74142927,0.14696000,0.55800000
0.74147880,0.14696000,0.55792000
0.74141026,0.14704000,0.55800000
0.74136704,0.14704000,0.55808000
0.74135941,0.14704000,0.55816000
0.74119061,0.14712000,0.55840000
0.74116832,0.14712000,0.55856000
0.74120456,0.14712000,0.55832000
0.74131072,0.14712000,0.55824000
0.74117059,0.14712000,0.55848000
0.74131978,0.14712000,0.55816000
0.74114889,0.14712000,0.55864000
0.74114382,0.14720000,0.55864000
0.74114120,0.14720000,0.55872000
0.74098778,0.14728000,0.55888000
0.74100071,0.14728000,0.55880000
0.74098098,0.14728000,0.55896000
0.74109477,0.14728000,0.55872000
0.74092573,0.14736000,0.55896000
0.74089652,0.14744000,0.55896000
0.74085122,0.14752000,0.55904000
0.74087280,0.14752000,0.55896000
0.74082023,0.14760000,0.55912000
0.74084818,0.14760000,0.55904000
0.74081397,0.14768000,0.55912000
0.74072200,0.14768000,0.55952000
0.74073362,0.14768000,0.55944000
0.74074554,0.14768000,0.55936000
0.74074626,0.14768000,0.55928000
0.74080414,0.14768000,0.55920000
0.74071819,0.14776000,0.55952000
0.74062091,0.14776000,0.55976000
0.74064898,0.14776000,0.55968000
0.74066728,0.14776000,0.55960000
0.74059457,0.14784000,0.55976000
0.74058121,0.14792000,0.55976000
0.74046743,0.14800000,0.55992000
0.74055409,0.14800000,0.55976000
0.74046963,0.14800000,0.55984000
0.74037683,0.14800000,0.56000000
0.74036396,0.14808000,0.56000000
0.74023449,0.14816000,0.56008000
0.74035025,0.14816000,0.56000000
0.74022782,0.14824000,0.56008000
0.74022293,0.14832000,0.56008000
0.74017465,0.14840000,0.56008000
0.74016517,0.14840000,0.56016000
0.74008411,0.14848000,0.56016000
0.74002969,0.14848000,0.56024000
0.73997563,0.14856000,0.56024000
0.73989034,0.14864000,0.56024000
0.73979545,0.14864000,0.56032000
0.73974073,0.14864000,0.56048000
0.73974568,0.14864000,0.56040000
0.73964769,0.14872000,0.56056000
0.73966706,0.14872000,0.56048000
0.73962235,0.14880000,0.56064000
0.73962826,0.14880000,0.56056000
0.73953974,0.14888000,0.56088000
0.73959488,0.14888000,0.56072000
0.73956954,0.14888000,0.56080000
0.73941004,0.14888000,0.56096000
0.73961616,0.14888000,0.56064000
0.73938590,0.14896000,0.56096000
0.73933303,0.14904000,0.56096000
0.73933142,0.14904000,0.56104000
0.73931730,0.14904000,0.56112000
0.73910934,0.14912000,0.56120000
0.73914081,0.14912000,0.56112000
0.73860121,0.14920000,0.56160000
0.73897719,0.14920000,0.56136000
0.73907900,0.14920000,0.56120000
0.73885930,0.14920000,0.56152000
0.73891217,0.14920000,0.56144000
0.73905057,0.14920000,0.56128000
0.73850805,0.14928000,0.56168000
0.73850566,0.14928000,0.56176000
0.73848510,0.14928000,0.56184000
0.73856598,0.14928000,0.56160000
0.73834991,0.14936000,0.56200000
0.73844737,0.14936000,0.56184000
0.73840266,0.14936000,0.56192000
0.73830217,0.14944000,0.56208000
0.73834503,0.14944000,0.56200000
0.73829353,0.14944000,0.56216000
0.73813403,0.14952000,0.56264000
0.73819679,0.14952000,0.56232000
0.73821652,0.14952000,0.56224000
0.73816556,0.14952000,0.56256000
0.73828840,0.14952000,0.56216000
0.73818219,0.14952000,0.56240000
0.73816866,0.14952000,0.56248000
0.73807949,0.14952000,0.56272000
0.73804563,0.14960000,0.56272000
0.73791051,0.14968000,0.56280000
0.73798686,0.14968000,0.56272000
0.73786616,0.14968000,0.56288000
0.73784655,0.14976000,0.56288000
0.73759991,0.14984000,0.56304000
0.73770750,0.14984000,0.56296000
0.73773855,0.14984000,0.56288000
0.73756671,0.14992000,0.56304000
0.73753643,0.15000000,0.56304000
0.73743606,0.15008000,0.56320000
0.73751330,0.15008000,0.56312000
0.73752975,0.15008000,0.56304000
0.73730457,0.15008000,0.56328000
0.73710620,0.15016000,0.56368000
0.73726034,0.15016000,0.56328000
0.73713326,0.15016000,0.56360000
0.73715651,0.15016000,0.56344000
0.73718172,0.15016000,0.56336000
0.73714715,0.15016000,0.56352000
0.73710120,0.15024000,0.56368000
0.73710054,0.15024000,0.56376000
0.73710001,0.15032000,0.56376000
0.73707211,0.15040000,0.56384000
0.73708290,0.15040000,0.56376000
0.73699927,0.15040000,0.56400000
0.73700821,0.15040000,0.56392000
0.73694450,0.15048000,0.56408000
0.73694527,0.15048000,0.56400000
0.73679429,0.15056000,0.56432000
0.73682326,0.15056000,0.56416000
0.73690420,0.15056000,0.56408000
0.73682010,0.15056000,0.56424000
0.73673218,0.15056000,0.56440000
0.73671871,0.15064000,0.56440000
0.73660839,0.15064000,0.56472000
0.73670620,0.15064000,0.56448000
0.73670477,0.15064000,0.56456000
0.73651385,0.15064000,0.56496000
0.73652047,0.15064000,0.56480000
0.73651665,0.15064000,0.56488000
0.73662722,0.15064000,0.56464000
0.73643839,0.15064000,0.56504000
0.73636550,0.15072000,0.56512000
0.73643082,0.15072000,0.56504000
0.73590291,0.15080000,0.56576000
0.73618889,0.15080000,0.56544000
0.73631102,0.15080000,0.56536000
0.73632020,0.15080000,0.56520000
0.73636162,0.15080000,0.56512000
0.73631221,0.15080000,0.56528000
0.73587823,0.15080000,0.56584000
0.73597103,0.15080000,0.56560000
0.73593217,0.15080000,0.56568000
0.73597109,0.15080000,0.56552000
0.73585933,0.15088000,0.56584000
0.73584628,0.15088000,0.56592000
0.73573059,0.15096000,0.56624000
0.73567456,0.15096000,0.56632000
0.73576772,0.15096000,0.56616000
0.73584318,0.15096000,0.56592000
0.73583663,0.15096000,0.56600000
0.73581898,0.15096000,0.56608000
0.73565060,0.15104000,0.56640000
0.73551923,0.15104000,0.56648000
0.73566836,0.15104000,0.56632000
0.73545486,0.15112000,0.56656000
0.73542386,0.15112000,0.56664000
0.73551643,0.15112000,0.56648000
0.73541600,0.15120000,0.56664000
0.73538518,0.15120000,0.56672000
0.73535043,0.15120000,0.56688000
0.73530459,0.15120000,0.56704000
0.73535085,0.15120000,0.56680000
0.73531514,0.15120000,0.56696000
0.73520219,0.15128000,0.56704000
0.73512691,0.15128000,0.56736000
0.73515290,0.15128000,0.56720000
0.73517627,0.15128000,0.56712000
0.73514158,0.15128000,0.56728000
0.73495573,0.15136000,0.56752000
0.73512620,0.15136000,0.56736000
0.73494786,0.15136000,0.56760000
0.73493868,0.15136000,0.56768000
0.73509407,0.15136000,0.56744000
0.73489773,0.15144000,0.56776000
0.73493034,0.15144000,0.56768000
0.73485619,0.15152000,0.56792000
0.73479766,0.15152000,0.56800000
0.73487651,0.15152000,0.56784000
0.73489308,0.15152000,0.56776000
0.73473120,0.15160000,0.56800000
0.73470962,0.15160000,0.56808000
0.73452157,0.15168000,0.56832000
0.73458588,0.15168000,0.56816000
0.73469979,0.15168000,0.56808000
0.73451370,0.15168000,0.56840000
0.73452473,0.15168000,0.56824000
0.73448354,0.15176000,0.56840000
0.73444450,0.15176000,0.56848000
0.73442280,0.15192000,0.56856000
0.73442554,0.15192000,0.56848000
0.73441482,0.15192000,0.56864000
0.73440695,0.15192000,0.56872000
0.73434436,0.15200000,0.56872000
0.73432231,0.15208000,0.56872000
0.73431331,0.15216000,0.56872000
0.73428196,0.15224000,0.56872000
0.73419350,0.15224000,0.56888000
0.73420417,0.15224000,0.56880000
0.73403871,0.15232000,0.56888000
0.73386115,0.15232000,0.56912000
0.73399407,0.15232000,0.56896000
0.73387033,0.15232000,0.56904000
0.73385131,0.15232000,0.56928000
0.73385882,0.15232000,0.56920000
0.73377085,0.15240000,0.56952000
0.73384643,0.15240000,0.56928000
0.73380280,0.15240000,0.56944000
0.73384488,0.15240000,0.56936000
0.73376745,0.15248000,0.56952000
0.73365080,0.15256000,0.56960000
0.73367941,0.15256000,0.56952000
0.73364764,0.15264000,0.56960000
0.73343587,0.15272000,0.56976000
0.73342460,0.15272000,0.56984000
0.73354393,0.15272000,0.56960000
0.73345441,0.15272000,0.56968000
0.73331338,0.15280000,0.56984000
0.73329353,0.15288000,0.56984000
0.73327988,0.15296000,0.56984000
0.73321390,0.15304000,0.56984000
0.73320764,0.15304000,0.56992000
0.73312253,0.15312000,0.57000000
0.73313248,0.15312000,0.56992000
0.73308814,0.15312000,0.57008000
0.73306924,0.15320000,0.57008000
0.73306143,0.15328000,0.57008000
0.73303282,0.15328000,0.57016000
0.73301625,0.15336000,0.57016000
0.73299164,0.15344000,0.57016000
0.73298919,0.15352000,0.57016000
0.73288131,0.15360000,0.57024000
0.73288482,0.15360000,0.57016000
0.73282504,0.15360000,0.57040000
0.73284358,0.15360000,0.57032000
0.73279846,0.15368000,0.57040000
0.73266619,0.15368000,0.57056000
0.73271030,0.15368000,0.57048000
0.73249227,0.15376000,0.57072000
0.73265028,0.15376000,0.57056000
0.73252833,0.15376000,0.57064000
0.73247373,0.15384000,0.57072000
0.73245758,0.15384000,0.57080000
0.73229426,0.15392000,0.57088000
0.73234278,0.15392000,0.57080000
0.73203743,0.15392000,0.57144000
0.73201418,0.15392000,0.57152000
0.73205906,0.15392000,0.57128000
0.73208398,0.15392000,0.57120000
0.73210263,0.15392000,0.57112000
0.73217773,0.15392000,0.57104000
0.73226959,0.15392000,0.57096000
0.73205614,0.15392000,0.57136000
0.73198473,0.15400000,0.57152000
0.73175323,0.15408000,0.57176000
0.73191804,0.15408000,0.57152000
0.73175752,0.15408000,0.57168000
0.73191333,0.15408000,0.57160000
0.73172170,0.15416000,0.57176000
0.73171604,0.15424000,0.57176000
0.73168093,0.15432000,0.57176000
0.73148930,0.15432000,0.57208000
0.73161256,0.15432000,0.57192000
0.73149395,0.15432000,0.57200000
0.73146892,0.15432000,0.57216000
0.73162752,0.15432000,0.57184000
0.73144680,0.15440000,0.57216000
0.73140138,0.15440000,0.57224000
0.73129380,0.15448000,0.57224000
0.73120421,0.15456000,0.57224000
0.73115432,0.15472000,0.57224000
0.73102623,0.15480000,0.57224000
0.73102176,0.15480000,0.57232000
0.73078197,0.15488000,0.57256000
0.73096484,0.15488000,0.57248000
0.73096603,0.15488000,0.57240000
0.73098904,0.15488000,0.57232000
0.73066384,0.15496000,0.57272000
0.73075497,0.15496000,0.57256000
0.73067379,0.15496000,0.57264000
0.73060501,0.15504000,0.57288000
0.73062396,0.15504000,0.57280000
0.73064077,0.15504000,0.57272000
0.73059767,0.15512000,0.57288000
0.73056799,0.15520000,0.57304000
0.73057741,0.15520000,0.57296000
0.73057854,0.15520000,0.57288000
0.73050559,0.15528000,0.57304000
0.73043752,0.15536000,0.57320000
0.73047930,0.15536000,0.57312000
0.73048246,0.15536000,0.57304000
0.73033118,0.15544000,0.57328000
0.73039323,0.15544000,0.57320000
0.73032200,0.15544000,0.57336000
0.73016417,0.15544000,0.57360000
0.73016638,0.15544000,0.57352000
0.73018843,0.15544000,0.57344000
0.73016131,0.15552000,0.57360000
0.73015022,0.15552000,0.57368000
0.73005313,0.15560000,0.57400000
0.73006928,0.15560000,0.57376000
0.73006248,0.15560000,0.57384000
0.73006046,0.15560000,0.57392000
0.73013532,0.15560000,0.57368000
0.73002529,0.15568000,0.57408000
0.73003775,0.15568000,0.57400000
0.72990483,0.15576000,0.57408000
0.72988641,0.15576000,0.57424000
0.72988766,0.15576000,0.57416000
0.72981316,0.15584000,0.57432000
0.72981566,0.15584000,0.57424000
0.72978306,0.15592000,0.57448000
0.72978699,0.15592000,0.57440000
0.72978765,0.15592000,0.57432000
0.72968000,0.15600000,0.57456000
0.72964633,0.15600000,0.57464000
0.72976118,0.15600000,0.57448000
0.72961152,0.15608000,0.57472000
0.72962070,0.15608000,0.57464000
0.72953570,0.15616000,0.57496000
0.72949386,0.15616000,0.57512000
0.72953540,0.15616000,0.57504000
0.72958881,0.15616000,0.57472000
0.72957337,0.15616000,0.57480000
0.72956866,0.15616000,0.57488000
0.72948796,0.15624000,0.57512000
0.72942942,0.15624000,0.57528000
0.72941047,0.15624000,0.57536000
0.72947991,0.15624000,0.57520000
0.72928298,0.15632000,0.57536000
0.72915399,0.15640000,0.57560000
0.72925264,0.15640000,0.57536000
0.72922784,0.15640000,0.57544000
0.72921997,0.15640000,0.57552000
0.72909403,0.15648000,0.57576000
0.72902107,0.15648000,0.57584000
0.72915393,0.15648000,0.57560000
0.72909904,0.15648000,0.57568000
0.72886348,0.15656000,0.57600000
0.72897536,0.15656000,0.57592000
0.72900355,0.15656000,0.57584000
0.72881931,0.15656000,0.57608000
0.72876304,0.15664000,0.57616000
0.72881323,0.15664000,0.57608000
0.72875774,0.15672000,0.57616000
0.72868329,0.15680000,0.57640000
0.72868574,0.15680000,0.57632000
0.72872972,0.15680000,0.57616000
0.72871011,0.15680000,0.57624000
0.72862339,0.15688000,0.57640000
0.72859979,0.15688000,0.57648000
0.72844797,0.15696000,0.57672000
0.72835463,0.15696000,0.57696000
0.72850978,0.15696000,0.57648000
0.72840703,0.15696000,0.57680000
0.72837502,0.15696000,0.57688000
0.72848374,0.15696000,0.57664000
0.72850507,0.15696000,0.57656000
0.72832042,0.15704000,0.57696000
0.72819871,0.15712000,0.57736000
0.72823989,0.15712000,0.57728000
0.72829008,0.15712000,0.57696000
0.72816682,0.15712000,0.57744000
0.72827411,0.15712000,0.57712000
0.72825122,0.15712000,0.57720000
0.72828132,0.15712000,0.57704000
0.72810352,0.15720000,0.57744000
0.72799021,0.15720000,0.57752000
0.72791731,0.15728000,0.57752000
0.72780591,0.15728000,0.57768000
0.72790301,0.15728000,0.57760000
0.72773457,0.15736000,0.57792000
0.72772682,0.15736000,0.57800000
0.72777742,0.15736000,0.57776000
0.72777307,0.15736000,0.57784000
0.72779852,0.15736000,0.57768000
0.72770226,0.15744000,0.57800000
0.72767872,0.15744000,0.57808000
0.72765303,0.15744000,0.57816000
0.72762424,0.15752000,0.57816000
0.72760022,0.15752000,0.57824000
0.72757083,0.15760000,0.57824000
0.72756302,0.15760000,0.57832000
0.72747749,0.15768000,0.57848000
0.72747940,0.15768000,0.57840000
0.72756255,0.15768000,0.57832000
0.72741258,0.15776000,0.57856000
0.72738665,0.15776000,0.57864000
0.72745526,0.15776000,0.57848000
0.72735822,0.15784000,0.57872000
0.72736418,0.15784000,0.57864000
0.72726935,0.15792000,0.57888000
0.72735119,0.15792000,0.57872000
0.72716403,0.15792000,0.57904000
0.72711563,0.15792000,0.57912000
0.72731513,0.15792000,0.57880000
0.72725034,0.15792000,0.57896000
0.72710341,0.15792000,0.57920000
0.72709602,0.15792000,0.57928000
0.72706378,0.15800000,0.57928000
0.72694159,0.15808000,0.57944000
0.72697186,0.15808000,0.57936000
0.72700816,0.15808000,0.57928000
0.72689039,0.15816000,0.57944000
0.72681665,0.15816000,0.57952000
0.72681522,0.15816000,0.57960000
0.72679257,0.15824000,0.57960000
0.72667360,0.15832000,0.57984000
0.72668213,0.15832000,0.57976000
0.72677445,0.15832000,0.57960000
0.72670269,0.15832000,0.57968000
0.72664922,0.15840000,0.57984000
0.72662348,0.15848000,0.57992000
0.72663045,0.15848000,0.57984000
0.72652906,0.15848000,0.58000000
0.72646791,0.15856000,0.58008000
0.72644401,0.15856000,0.58016000
0.72646868,0.15856000,0.58000000
0.72640073,0.15864000,0.58024000
0.72639871,0.15864000,0.58032000
0.72642815,0.15864000,0.58016000
0.72638667,0.15864000,0.58040000
0.72629958,0.15872000,0.58040000
0.72614419,0.15880000,0.58040000
0.72613931,0.15880000,0.58048000
0.72607338,0.15888000,0.58048000
0.72606117,0.15896000,0.58048000
0.72603691,0.15904000,0.58048000
0.72600752,0.15912000,0.58048000
0.72592556,0.15920000,0.58048000
0.72589976,0.15920000,0.58056000
0.72585291,0.15928000,0.58064000
0.72577208,0.15928000,0.58080000
0.72578001,0.15928000,0.58072000
0.72587323,0.15928000,0.58056000
0.72576159,0.15936000,0.58080000
0.72576118,0.15944000,0.58080000
0.72525913,0.15952000,0.58152000
0.72557515,0.15952000,0.58120000
0.72560954,0.15952000,0.58112000
0.72565317,0.15952000,0.58096000
0.72563630,0.15952000,0.58104000
0.72539347,0.15952000,0.58136000
0.72546703,0.15952000,0.58128000
0.72572327,0.15952000,0.58080000
0.72571301,0.15952000,0.58088000
0.72538030,0.15952000,0.58144000
0.72519845,0.15960000,0.58176000
0.72519886,0.15960000,0.58168000
0.72520876,0.15960000,0.58160000
0.72524017,0.15960000,0.58152000
0.72518396,0.15968000,0.58176000
0.72509032,0.15968000,0.58184000
0.72503352,0.15976000,0.58184000
0.72494376,0.15984000,0.58192000
0.72487533,0.15984000,0.58208000
0.72470498,0.15984000,0.58224000
0.72491133,0.15984000,0.58200000
0.72483808,0.15984000,0.58216000
0.72462559,0.15984000,0.58232000
0.72502071,0.15984000,0.58184000
0.72460997,0.15992000,0.58232000
0.72458637,0.15992000,0.58240000
0.72445083,0.16000000,0.58248000
0.72448593,0.16000000,0.58240000
0.72437263,0.16008000,0.58248000
0.72435153,0.16008000,0.58256000
0.72426242,0.16016000,0.58256000
0.72423810,0.16016000,0.58264000
0.72417557,0.16016000,0.58288000
0.72417897,0.16016000,0.58280000
0.72422224,0.16016000,0.58272000
0.72403383,0.16024000,0.58304000
0.72414231,0.16024000,0.58288000
0.72406638,0.16024000,0.58296000
0.72402847,0.16024000,0.58312000
0.72394204,0.16032000,0.58320000
0.72399729,0.16032000,0.58312000
0.72392756,0.16040000,0.58320000
0.72392702,0.16048000,0.58320000
0.72388375,0.16048000,0.58328000
0.72385502,0.16048000,0.58336000
0.72363067,0.16056000,0.58344000
0.72364622,0.16056000,0.58336000
0.72361016,0.16064000,0.58344000
0.72360557,0.16064000,0.58352000
0.72356898,0.16064000,0.58360000
0.72350335,0.16072000,0.58360000
0.72344005,0.16080000,0.58376000
0.72346151,0.16080000,0.58360000
0.72344196,0.16080000,0.58368000
0.72337425,0.16088000,0.58376000
0.72326946,0.16096000,0.58376000
0.72324401,0.16096000,0.58384000
0.72319782,0.16096000,0.58392000
0.72318709,0.16104000,0.58392000
0.72315770,0.16112000,0.58400000
0.72305989,0.16112000,0.58408000
0.72316021,0.16112000,0.58392000
0.72295880,0.16120000,0.58416000
0.72292715,0.16120000,0.58424000
0.72299373,0.16120000,0.58408000
0.72292113,0.16120000,0.58432000
0.72290915,0.16128000,0.58432000
0.72289157,0.16128000,0.58440000
0.72273999,0.16136000,0.58488000
0.72266167,0.16136000,0.58512000
0.72284538,0.16136000,0.58456000
0.72274953,0.16136000,0.58480000
0.72286761,0.16136000,0.58448000
0.72287637,0.16136000,0.58440000
0.72271955,0.16136000,0.58496000
0.72281075,0.16136000,0.58464000
0.72270459,0.16136000,0.58504000
0.72275484,0.16136000,0.58472000
0.72265637,0.16144000,0.58512000
0.72262567,0.16152000,0.58512000
0.72253251,0.16160000,0.58544000
0.72247189,0.16160000,0.58552000
0.72253835,0.16160000,0.58536000
0.72257113,0.16160000,0.58528000
0.72240716,0.16160000,0.58560000
0.72235107,0.16160000,0.58568000
0.72258115,0.16160000,0.58512000
0.72257715,0.16160000,0.58520000
0.72233367,0.16168000,0.58568000
0.72228450,0.16176000,0.58584000
0.72216296,0.16176000,0.58616000
0.72228128,0.16176000,0.58592000
0.72220552,0.16176000,0.58600000
0.72216570,0.16176000,0.58608000
0.72233123,0.16176000,0.58568000
0.72232550,0.16176000,0.58576000
0.72215462,0.16176000,0.58624000
0.72212076,0.16184000,0.58624000
0.72210383,0.16192000,0.58624000
0.72210360,0.16200000,0.58624000
0.72206241,0.16200000,0.58632000
0.72201747,0.16208000,0.58632000
0.72189504,0.16208000,0.58648000
0.72198975,0.16208000,0.58640000
0.72187287,0.16216000,0.58648000
0.72184277,0.16224000,0.58648000
0.72179949,0.16232000,0.58648000
0.72175467,0.16240000,0.58648000
0.72166497,0.16248000,0.58664000
0.72165000,0.16248000,0.58672000
0.72175407,0.16248000,0.58648000
0.72174805,0.16248000,0.58656000
0.72150391,0.16256000,0.58680000
0.72150809,0.16256000,0.58672000
0.72148311,0.16256000,0.58688000
0.72145790,0.16264000,0.58696000
0.72147036,0.16264000,0.58688000
0.72143388,0.16264000,0.58704000
0.72135901,0.16272000,0.58720000
0.72138786,0.16272000,0.58704000
0.72135961,0.16272000,0.58712000
0.72132909,0.16280000,0.58720000
0.72132492,0.16288000,0.58720000
0.72126007,0.16296000,0.58728000
0.72128117,0.16296000,0.58720000
0.72124922,0.16304000,0.58728000
0.72120363,0.16304000,0.58736000
0.72119796,0.16320000,0.58736000
0.72106314,0.16328000,0.58736000
0.72095865,0.16336000,0.58752000
0.72100139,0.16336000,0.58744000
0.72104794,0.16336000,0.58736000
0.72090805,0.16344000,0.58760000
0.72087443,0.16344000,0.58768000
0.72094887,0.16344000,0.58752000
0.72059226,0.16352000,0.58784000
0.72070092,0.16352000,0.58768000
0.72059727,0.16352000,0.58776000
0.72056973,0.16360000,0.58784000
0.72046834,0.16368000,0.58792000
0.72053605,0.16368000,0.58784000
0.72043598,0.16368000,0.58800000
0.72035760,0.16376000,0.58800000
0.72031194,0.16376000,0.58808000
0.72026771,0.16384000,0.58808000
0.72007096,0.16392000,0.58848000
0.72017705,0.16392000,0.58832000
0.72024763,0.16392000,0.58808000
0.72023928,0.16392000,0.58816000
0.72021818,0.16392000,0.58824000
0.72013009,0.16392000,0.58840000
0.72000670,0.16408000,0.58864000
0.72001868,0.16408000,0.58856000
0.72006416,0.16408000,0.58848000
0.71986043,0.16416000,0.58872000
0.71997094,0.16416000,0.58864000
0.71983111,0.16424000,0.58872000
0.71981448,0.16424000,0.58880000
0.71976173,0.16432000,0.58896000
0.71975899,0.16432000,0.58904000
0.71976805,0.16432000,0.58888000
0.71980321,0.16432000,0.58880000
0.71973652,0.16432000,0.58920000
0.71969414,0.16432000,0.58928000
0.71975291,0.16432000,0.58912000
0.71969348,0.16432000,0.58936000
0.71958596,0.16440000,0.58936000
0.71957731,0.16440000,0.58944000
0.71954697,0.16448000,0.58944000
0.71929193,0.16456000,0.59008000
0.71940190,0.16456000,0.58992000
0.71950263,0.16456000,0.58984000
0.71934468,0.16456000,0.59000000
0.71953744,0.16456000,0.58944000
0.71951735,0.16456000,0.58968000
0.71953040,0.16456000,0.58952000
0.71951759,0.16456000,0.58960000
0.71950626,0.16456000,0.58976000
0.71920186,0.16464000,0.59032000
0.71922141,0.16464000,0.59024000
0.71923691,0.16464000,0.59016000
0.71924609,0.16464000,0.59008000
0.71912503,0.16472000,0.59048000
0.71917403,0.16472000,0.59040000
0.71901017,0.16472000,0.59056000
0.71917659,0.16472000,0.59032000
0.71896827,0.16480000,0.59056000
0.71895570,0.16480000,0.59064000
0.71892697,0.16480000,0.59072000
0.71884072,0.16488000,0.59072000
0.71876127,0.16496000,0.59088000
0.71880966,0.16496000,0.59072000
0.71877557,0.16496000,0.59080000
0.71874774,0.16504000,0.59088000
0.71868688,0.16504000,0.59096000
0.71859872,0.16512000,0.59104000
0.71868348,0.16512000,0.59096000
0.71855015,0.16512000,0.59112000
0.71847010,0.16520000,0.59112000
0.71835703,0.16520000,0.59120000
0.71834838,0.16520000,0.59128000
0.71824354,0.16528000,0.59128000
0.71820998,0.16536000,0.59128000
0.71817213,0.16536000,0.59136000
0.71812010,0.16544000,0.59136000
0.71790159,0.16552000,0.59136000
0.71788222,0.16560000,0.59136000
0.71788144,0.16560000,0.59144000
0.71777296,0.16568000,0.59152000
0.71785331,0.16568000,0.59144000
0.71762866,0.16568000,0.59160000
0.71761668,0.16576000,0.59160000
0.71752870,0.16584000,0.59168000
0.71755767,0.16584000,0.59160000
0.71751761,0.16592000,0.59168000
0.71746194,0.16592000,0.59176000
0.71743798,0.16600000,0.59176000
0.71736276,0.16600000,0.59184000
0.71725082,0.16608000,0.59184000
0.71724784,0.16608000,0.59192000
0.71718210,0.16616000,0.59192000
0.71712077,0.16616000,0.59208000
0.71716237,0.16616000,0.59200000
0.71710736,0.16624000,0.59208000
0.71701860,0.16632000,0.59216000
0.71704888,0.16632000,0.59208000
0.71671224,0.16640000,0.59272000
0.71697700,0.16640000,0.59224000
0.71686906,0.16640000,0.59240000
0.71696728,0.16640000,0.59232000
0.71700764,0.16640000,0.59216000
0.71680349,0.16640000,0.59248000
0.71675998,0.16640000,0.59256000
0.71672070,0.16640000,0.59264000
0.71666306,0.16648000,0.59272000
0.71665126,0.16656000,0.59272000
0.71664941,0.16656000,0.59280000
0.71658540,0.16656000,0.59288000
0.71655929,0.16664000,0.59288000
0.71652979,0.16672000,0.59296000
0.71654171,0.16672000,0.59288000
0.71650517,0.16672000,0.59312000
0.71648389,0.16672000,0.59320000
0.71643424,0.16680000,0.59336000
0.71641421,0.16680000,0.59344000
0.71645814,0.16680000,0.59320000
0.71643674,0.16680000,0.59328000
0.71638894,0.16688000,0.59344000
0.71627051,0.16696000,0.59344000
0.71626741,0.16696000,0.59352000
0.71624905,0.16704000,0.59352000
0.71620083,0.16712000,0.59360000
0.71613741,0.16712000,0.59368000
0.71623349,0.16712000,0.59352000
0.71602648,0.16720000,0.59392000
0.71607137,0.16720000,0.59384000
0.71609378,0.16720000,0.59376000
0.71598089,0.16720000,0.59400000
0.71609676,0.16720000,0.59368000
0.71597475,0.16720000,0.59408000
0.71588069,0.16728000,0.59424000
0.71583271,0.16728000,0.59432000
0.71596313,0.16728000,0.59408000
0.71588457,0.16728000,0.59416000
0.71581364,0.16728000,0.59440000
0.71573275,0.16736000,0.59456000
0.71577698,0.16736000,0.59448000
0.71566576,0.16736000,0.59464000
0.71579659,0.16736000,0.59440000
0.71563774,0.16744000,0.59464000
0.71563631,0.16752000,0.59464000
0.71548539,0.16760000,0.59472000
0.71545392,0.16760000,0.59488000
0.71545804,0.16760000,0.59480000
0.71550906,0.16760000,0.59464000
0.71538347,0.16768000,0.59504000
0.71539891,0.16768000,0.59496000
0.71540219,0.16768000,0.59488000
0.71537751,0.16776000,0.59504000
0.71537668,0.16784000,0.59504000
0.71526426,0.16792000,0.59520000
0.71532732,0.16792000,0.59504000
0.71529084,0.16792000,0.59512000
0.71523786,0.16792000,0.59528000
0.71518314,0.16800000,0.59528000
0.71513164,0.16808000,0.59528000
0.71478361,0.16808000,0.59568000
0.71486449,0.16808000,0.59560000
0.71499443,0.16808000,0.59536000
0.71486682,0.16808000,0.59552000
0.71496320,0.16808000,0.59544000
0.71461177,0.16816000,0.59584000
0.71462381,0.16816000,0.59576000
0.71476322,0.16816000,0.59568000
0.71448594,0.16824000,0.59592000
0.71453792,0.16824000,0.59584000
0.71447098,0.16824000,0.59600000
0.71446192,0.16832000,0.59600000
0.71443152,0.16832000,0.59608000
0.71442950,0.16840000,0.59608000
0.71438700,0.16848000,0.59608000
0.71438473,0.16848000,0.59616000
0.71434534,0.16856000,0.59616000
0.71434247,0.16864000,0.59616000
0.71417862,0.16872000,0.59632000
0.71419996,0.16872000,0.59624000
0.71426737,0.16872000,0.59616000
0.71402216,0.16880000,0.59656000
0.71402389,0.16880000,0.59648000
0.71414036,0.16880000,0.59632000
0.71405613,0.16880000,0.59640000
0.71390271,0.16888000,0.59656000
0.71375042,0.16896000,0.59664000
0.71384430,0.16896000,0.59656000
0.71367848,0.16896000,0.59672000
0.71366185,0.16904000,0.59672000
0.71361458,0.16912000,0.59672000
0.71328694,0.16912000,0.59720000
0.71327269,0.16912000,0.59736000
0.71338397,0.16912000,0.59712000
0.71322882,0.16912000,0.59744000
0.71328151,0.16912000,0.59728000
0.71349514,0.16912000,0.59688000
0.71355128,0.16912000,0.59680000
0.71346545,0.16912000,0.59696000
0.71341985,0.16912000,0.59704000
0.71302521,0.16920000,0.59784000
0.71320319,0.16920000,0.59744000
0.71313220,0.16920000,0.59776000
0.71314722,0.16920000,0.59768000
0.71317905,0.16920000,0.59752000
0.71315873,0.16920000,0.59760000
0.71282613,0.16936000,0.59808000
0.71290928,0.16936000,0.59800000
0.71291006,0.16936000,0.59792000
0.71298218,0.16936000,0.59784000
0.71281332,0.16944000,0.59808000
0.71279526,0.16952000,0.59808000
0.71264333,0.16952000,0.59816000
0.71261358,0.16960000,0.59816000
0.71247536,0.16960000,0.59824000
0.71237832,0.16968000,0.59824000
0.71230346,0.16968000,0.59840000
0.71224630,0.16968000,0.59864000
0.71229035,0.16968000,0.59848000
0.71235031,0.16968000,0.59832000
0.71226251,0.16968000,0.59856000
0.71207607,0.16976000,0.59880000
0.71211004,0.16976000,0.59872000
0.71211851,0.16976000,0.59864000
0.71206641,0.16984000,0.59880000
0.71192974,0.16992000,0.59904000
0.71195328,0.16992000,0.59896000
0.71196753,0.16992000,0.59888000
0.71199149,0.16992000,0.59880000
0.71192575,0.17000000,0.59904000
0.71191478,0.17008000,0.59904000
0.71184957,0.17016000,0.59904000
0.71184498,0.17024000,0.59904000
0.71180785,0.17024000,0.59912000
0.71160167,0.17032000,0.59936000
0.71170837,0.17032000,0.59920000
0.71177584,0.17032000,0.59912000
0.71165919,0.17032000,0.59928000
0.71155393,0.17032000,0.59944000
0.71152931,0.17040000,0.59944000
0.71150690,0.17048000,0.59944000
0.71141028,0.17048000,0.59960000
0.71148306,0.17048000,0.59952000
0.71139598,0.17056000,0.59960000
0.71125424,0.17056000,0.59968000
0.71119899,0.17064000,0.59968000
0.71101594,0.17072000,0.59984000
0.71111798,0.17072000,0.59968000
0.71107179,0.17072000,0.59976000
0.71094799,0.17080000,0.59984000
0.71085799,0.17088000,0.59984000
0.71071535,0.17088000,0.59992000
0.71068758,0.17096000,0.59992000
0.71055216,0.17104000,0.60016000
0.71062255,0.17104000,0.60008000
0.71066135,0.17104000,0.60000000
0.71067917,0.17104000,0.59992000
0.71043366,0.17112000,0.60016000
0.71037602,0.17120000,0.60016000
0.71034235,0.17120000,0.60024000
0.71029341,0.17120000,0.60040000
0.71032131,0.17120000,0.60032000
0.71026325,0.17128000,0.60040000
0.71020573,0.17136000,0.60040000
0.71015120,0.17144000,0.60040000
0.71013218,0.17152000,0.60040000
0.71005028,0.17160000,0.60040000
0.70996743,0.17160000,0.60048000
0.70996159,0.17160000,0.60056000
0.70993739,0.17168000,0.60056000
0.70990604,0.17168000,0.60064000
0.70989597,0.17168000,0.60072000
0.70984077,0.17176000,0.60080000
0.70987856,0.17176000,0.60072000
0.70983887,0.17176000,0.60088000
0.70968831,0.17184000,0.60088000
0.70953631,0.17184000,0.60104000
0.70967519,0.17184000,0.60096000
0.70947385,0.17192000,0.60104000
0.70927966,0.17192000,0.60120000
0.70915300,0.17192000,0.60136000
0.70944291,0.17192000,0.60112000
0.70925832,0.17192000,0.60128000
0.70906705,0.17200000,0.60152000
0.70904130,0.17200000,0.60160000
0.70902932,0.17200000,0.60176000
0.70903552,0.17200000,0.60168000
0.70907342,0.17200000,0.60144000
0.70907378,0.17200000,0.60136000
0.70894557,0.17208000,0.60176000
0.70885473,0.17216000,0.60184000
0.70877415,0.17216000,0.60200000
0.70872611,0.17216000,0.60208000
0.70883614,0.17216000,0.60192000
0.70892447,0.17216000,0.60176000
0.70867616,0.17224000,0.60208000
0.70866442,0.17232000,0.60208000
0.70864350,0.17240000,0.60208000
0.70862406,0.17240000,0.60216000
0.70860857,0.17248000,0.60216000
0.70853621,0.17248000,0.60224000
0.70849866,0.17256000,0.60224000
0.70848185,0.17264000,0.60224000
0.70847708,0.17264000,0.60232000
0.70829487,0.17272000,0.60256000
0.70842999,0.17272000,0.60232000
0.70832062,0.17272000,0.60248000
0.70841777,0.17272000,0.60240000
0.70828402,0.17272000,0.60264000
0.70815557,0.17280000,0.60272000
0.70815384,0.17280000,0.60280000
0.70820361,0.17280000,0.60264000
0.70811766,0.17288000,0.60280000
0.70800239,0.17296000,0.60296000
0.70801216,0.17296000,0.60288000
0.70808238,0.17296000,0.60280000
0.70799297,0.17304000,0.60296000
0.70783347,0.17312000,0.60304000
0.70782310,0.17312000,0.60312000
0.70796806,0.17312000,0.60296000
0.70774746,0.17320000,0.60312000
0.70772326,0.17328000,0.60312000
0.70771402,0.17328000,0.60320000
0.70739853,0.17336000,0.60344000
0.70770156,0.17336000,0.60320000
0.70758802,0.17336000,0.60328000
0.70757467,0.17336000,0.60336000
0.70707256,0.17344000,0.60376000
0.70720345,0.17344000,0.60368000
0.70729321,0.17344000,0.60352000
0.70733416,0.17344000,0.60344000
0.70722723,0.17344000,0.60360000
0.70693612,0.17344000,0.60384000
0.70692819,0.17352000,0.60384000
0.70686942,0.17352000,0.60400000
0.70690536,0.17352000,0.60392000
0.70685142,0.17352000,0.60408000
0.70683432,0.17368000,0.60408000
0.70673555,0.17376000,0.60408000
0.70669007,0.17376000,0.60416000
0.70664674,0.17384000,0.60416000
0.70650864,0.17384000,0.60424000
0.70625865,0.17384000,0.60448000
0.70625973,0.17384000,0.60440000
0.70637470,0.17384000,0.60432000
0.70586085,0.17392000,0.60496000
0.70594090,0.17392000,0.60488000
0.70623606,0.17392000,0.60456000
0.70596474,0.17392000,0.60480000
0.70624298,0.17392000,0.60448000
0.70606291,0.17392000,0.60464000
0.70605719,0.17392000,0.60472000
0.70575565,0.17400000,0.60496000
0.70563149,0.17408000,0.60504000
0.70568389,0.17408000,0.60496000
0.70558280,0.17416000,0.60520000
0.70562708,0.17416000,0.60504000
0.70561916,0.17416000,0.60512000
0.70522726,0.17424000,0.60576000
0.70533472,0.17424000,0.60552000
0.70536709,0.17424000,0.60544000
0.70531207,0.17424000,0.60568000
0.70532256,0.17424000,0.60560000
0.70551038,0.17424000,0.60520000
0.70546603,0.17424000,0.60528000
0.70545256,0.17424000,0.60536000
0.70514846,0.17432000,0.60576000
0.70512867,0.17440000,0.60576000
0.70497280,0.17448000,0.60584000
0.70507210,0.17448000,0.60576000
0.70496601,0.17448000,0.60592000
0.70495820,0.17456000,0.60592000
0.70490831,0.17464000,0.60600000
0.70467466,0.17464000,0.60608000
0.70493454,0.17464000,0.60592000
0.70458871,0.17472000,0.60616000
0.70466024,0.17472000,0.60608000
0.70439887,0.17480000,0.60624000
0.70454735,0.17480000,0.60616000
0.70432764,0.17488000,0.60624000
0.70430052,0.17488000,0.60632000
0.70425016,0.17488000,0.60648000
0.70429093,0.17488000,0.60640000
0.70421875,0.17496000,0.60648000
0.70415401,0.17496000,0.60656000
0.70408380,0.17504000,0.60656000
0.70406711,0.17504000,0.60664000
0.70402098,0.17512000,0.60664000
0.70389670,0.17512000,0.60680000
0.70372343,0.17512000,0.60688000
0.70371354,0.17512000,0.60696000
0.70394593,0.17512000,0.60672000
0.70363736,0.17512000,0.60704000
0.70363146,0.17520000,0.60704000
0.70363128,0.17544000,0.60704000
0.70363033,0.17552000,0.60704000
0.70359439,0.17560000,0.60704000
0.70355839,0.17560000,0.60712000
0.70341384,0.17568000,0.60712000
0.70309591,0.17576000,0.60728000
0.70313889,0.17576000,0.60720000
0.70338279,0.17576000,0.60712000
0.70303172,0.17584000,0.60744000
0.70306700,0.17584000,0.60736000
0.70307392,0.17584000,0.60728000
0.70294738,0.17592000,0.60760000
0.70296443,0.17592000,0.60752000
0.70298374,0.17592000,0.60744000
0.70290917,0.17592000,0.60768000
0.70280534,0.17600000,0.60768000
0.70275658,0.17608000,0.60768000
0.70271170,0.17616000,0.60768000
0.70271158,0.17624000,0.60768000
0.70269084,0.17632000,0.60768000
0.70267767,0.17640000,0.60768000
0.70265108,0.17640000,0.60776000
0.70254707,0.17648000,0.60776000
0.70253497,0.17656000,0.60776000
0.70249510,0.17656000,0.60784000
0.70245075,0.17664000,0.60792000
0.70249492,0.17664000,0.60784000
0.70242560,0.17672000,0.60792000
0.70240116,0.17672000,0.60800000
0.70239961,0.17680000,0.60800000
0.70237482,0.17688000,0.60800000
0.70232117,0.17696000,0.60816000
0.70235586,0.17696000,0.60800000
0.70233864,0.17696000,0.60808000
0.70231724,0.17704000,0.60816000
0.70223916,0.17712000,0.60824000
0.70224404,0.17712000,0.60816000
0.70206875,0.17720000,0.60856000
0.70222902,0.17720000,0.60824000
0.70207018,0.17720000,0.60848000
0.70212609,0.17720000,0.60840000
0.70214051,0.17720000,0.60832000
0.70195758,0.17728000,0.60856000
0.70188046,0.17736000,0.60856000
0.70168865,0.17744000,0.60880000
0.70178527,0.17744000,0.60864000
0.70152801,0.17744000,0.60888000
0.70152187,0.17744000,0.60896000
0.70148718,0.17744000,0.60904000
0.70182282,0.17744000,0.60856000
0.70176315,0.17744000,0.60872000
0.70141107,0.17752000,0.60920000
0.70143205,0.17752000,0.60912000
0.70147133,0.17752000,0.60904000
0.70129806,0.17752000,0.60928000
0.70117021,0.17760000,0.60936000
0.70129389,0.17760000,0.60928000
0.70114422,0.17768000,0.60944000
0.70102763,0.17768000,0.60960000
0.70107299,0.17768000,0.60952000
0.70115143,0.17768000,0.60936000
0.70093763,0.17776000,0.60976000
0.70102465,0.17776000,0.60960000
0.70091707,0.17776000,0.60984000
0.70100862,0.17776000,0.60968000
0.70089352,0.17784000,0.60992000
0.70084941,0.17784000,0.61000000
0.70071322,0.17784000,0.61008000
0.70089531,0.17784000,0.60984000
0.70066905,0.17792000,0.61008000
0.70064956,0.17800000,0.61008000
0.70053738,0.17808000,0.61016000
0.70055890,0.17808000,0.61008000
0.70014399,0.17816000,0.61072000
0.70019656,0.17816000,0.61064000
0.70020878,0.17816000,0.61056000
0.70027924,0.17816000,0.61048000
0.70034868,0.17816000,0.61040000
0.70035106,0.17816000,0.61032000
0.70036805,0.17816000,0.61024000
0.70047474,0.17816000,0.61016000
0.70007920,0.17824000,0.61080000
0.70008296,0.17824000,0.61072000
0.70001292,0.17832000,0.61080000
0.69993192,0.17840000,0.61096000
0.70001149,0.17840000,0.61080000
0.69997674,0.17840000,0.61088000
0.69990778,0.17848000,0.61104000
0.69982582,0.17848000,0.61112000
0.69992566,0.17848000,0.61096000
0.69980425,0.17856000,0.61112000
0.69972056,0.17856000,0.61120000
0.69966090,0.17864000,0.61120000
0.69955349,0.17872000,0.61128000
0.69964552,0.17872000,0.61120000
0.69950074,0.17872000,0.61144000
0.69950217,0.17872000,0.61136000
0.69945246,0.17872000,0.61160000
0.69949180,0.17872000,0.61152000
0.69941902,0.17880000,0.61160000
0.69940358,0.17888000,0.61160000
0.69935566,0.17888000,0.61176000
0.69938815,0.17888000,0.61168000
0.69928801,0.17896000,0.61192000
0.69930452,0.17896000,0.61176000
0.69916946,0.17896000,0.61224000
0.69921631,0.17896000,0.61216000
0.69922292,0.17896000,0.61208000
0.69902402,0.17896000,0.61256000
0.69907004,0.17896000,0.61240000
0.69905138,0.17896000,0.61248000
0.69911522,0.17896000,0.61232000
0.69930089,0.17896000,0.61184000
0.69926685,0.17896000,0.61200000
0.69889754,0.17904000,0.61272000
0.69902164,0.17904000,0.61256000
0.69901699,0.17904000,0.61264000
0.69862205,0.17912000,0.61304000
0.69886118,0.17912000,0.61272000
0.69882900,0.17912000,0.61280000
0.69882762,0.17912000,0.61288000
0.69872087,0.17912000,0.61296000
0.69856274,0.17920000,0.61320000
0.69857460,0.17920000,0.61304000
0.69857377,0.17920000,0.61312000
0.69840837,0.17928000,0.61328000
0.69840640,0.17928000,0.61336000
0.69856042,0.17928000,0.61320000
0.69840181,0.17936000,0.61336000
0.69838715,0.17944000,0.61336000
0.69838589,0.17952000,0.61336000
0.69832695,0.17960000,0.61344000
0.69835103,0.17960000,0.61336000
0.69828880,0.17968000,0.61344000
0.69827026,0.17976000,0.61352000
0.69828737,0.17976000,0.61344000
0.69821739,0.17976000,0.61360000
0.69821048,0.17976000,0.61368000
0.69800097,0.17984000,0.61368000
0.69791204,0.17992000,0.61376000
0.69796693,0.17992000,0.61368000
0.69789714,0.18000000,0.61376000
0.69785184,0.18008000,0.61376000
0.69783068,0.18008000,0.61384000
0.69777387,0.18016000,0.61384000
0.69777375,0.18016000,0.61392000
0.69768131,0.18016000,0.61400000
0.69767797,0.18024000,0.61400000
0.69762450,0.18032000,0.61400000
0.69760484,0.18040000,0.61408000
0.69761717,0.18040000,0.61400000
0.69759345,0.18048000,0.61408000
0.69755769,0.18056000,0.61408000
0.69754767,0.18056000,0.61416000
0.69750220,0.18056000,0.61424000
0.69744140,0.18064000,0.61424000
0.69743913,0.18072000,0.61424000
0.69736487,0.18072000,0.61440000
0.69738811,0.18072000,0.61432000
0.69735312,0.18080000,0.61440000
0.69731206,0.18080000,0.61448000
0.69727492,0.18080000,0.61456000
0.69725454,0.18080000,0.61464000
0.69722849,0.18088000,0.61464000
0.69711930,0.18096000,0.61464000
0.69708884,0.18096000,0.61472000
0.69707584,0.18096000,0.61480000
0.69704193,0.18096000,0.61488000
0.69698066,0.18104000,0.61488000
0.69694567,0.18104000,0.61504000
0.69697583,0.18104000,0.61496000
0.69689173,0.18112000,0.61504000
0.69688237,0.18120000,0.61504000
0.69685912,0.18120000,0.61512000
0.69681793,0.18128000,0.61512000
0.69681650,0.18136000,0.61512000
0.69675672,0.18144000,0.61528000
0.69681436,0.18144000,0.61512000
0.69676727,0.18144000,0.61520000
0.69662595,0.18152000,0.61560000
0.69670498,0.18152000,0.61536000
0.69666129,0.18152000,0.61544000
0.69673431,0.18152000,0.61528000
0.69659734,0.18152000,0.61568000
0.69665116,0.18152000,0.61552000
0.69658154,0.18160000,0.61568000
0.69653428,0.18168000,0.61568000
0.69651186,0.18176000,0.61568000
0.69629556,0.18184000,0.61608000
0.69632679,0.18184000,0.61592000
0.69631600,0.18184000,0.61600000
0.69639379,0.18184000,0.61584000
0.69646746,0.18184000,0.61576000
0.69649673,0.18184000,0.61568000
0.69626129,0.18192000,0.61608000
0.69610429,0.18192000,0.61616000
0.69603354,0.18192000,0.61624000
0.69592506,0.18200000,0.61624000
0.69588858,0.18200000,0.61648000
0.69590980,0.18200000,0.61640000
0.69592363,0.18200000,0.61632000
0.69579977,0.18208000,0.61656000
0.69587249,0.18208000,0.61648000
0.69579184,0.18208000,0.61672000
0.69579786,0.18208000,0.61664000
0.69570321,0.18216000,0.61672000
0.69566500,0.18216000,0.61688000
0.69568115,0.18216000,0.61680000
0.69561863,0.18216000,0.61704000
0.69562489,0.18216000,0.61696000
0.69555557,0.18224000,0.61704000
0.69553113,0.18232000,0.61704000
0.69549531,0.18232000,0.61712000
0.69543457,0.18240000,0.61712000
0.69539255,0.18248000,0.61728000
0.69539940,0.18248000,0.61720000
0.69540387,0.18248000,0.61712000
0.69537854,0.18256000,0.61728000
0.69527400,0.18264000,0.61744000
0.69521236,0.18264000,0.61752000
0.69537193,0.18264000,0.61728000
0.69534916,0.18264000,0.61736000
0.69520414,0.18264000,0.61760000
0.69518828,0.18272000,0.61760000
0.69512844,0.18280000,0.61768000
0.69513214,0.18280000,0.61760000
0.69511765,0.18280000,0.61776000
0.69507408,0.18280000,0.61784000
0.69506633,0.18288000,0.61784000
0.69480783,0.18296000,0.61792000
0.69498658,0.18296000,0.61784000
0.69438052,0.18304000,0.61832000
0.69450438,0.18304000,0.61824000
0.69474560,0.18304000,0.61792000
0.69464535,0.18304000,0.61816000
0.69468927,0.18304000,0.61808000
0.69473284,0.18304000,0.61800000
0.69422364,0.18312000,0.61840000
0.69421285,0.18312000,0.61856000
0.69421583,0.18312000,0.61848000
0.69424117,0.18312000,0.61832000
0.69418412,0.18320000,0.61856000
0.69395947,0.18320000,0.61880000
0.69394219,0.18320000,0.61888000
0.69397485,0.18320000,0.61872000
0.69393200,0.18320000,0.61896000
0.69402248,0.18320000,0.61864000
0.69391221,0.18328000,0.61896000
0.69354856,0.18336000,0.61896000
0.69354075,0.18344000,0.61896000
0.69347423,0.18352000,0.61896000
0.69337028,0.18360000,0.61896000
0.69336373,0.18368000,0.61896000
0.69336361,0.18368000,0.61904000
0.69335508,0.18376000,0.61904000
0.69331235,0.18384000,0.61904000
0.69309431,0.18392000,0.61928000
0.69325799,0.18392000,0.61920000
0.69330359,0.18392000,0.61912000
0.69330400,0.18392000,0.61904000
0.69306511,0.18400000,0.61928000
0.69305587,0.18400000,0.61936000
0.69302082,0.18408000,0.61936000
0.69291693,0.18416000,0.61936000
0.69286227,0.18416000,0.61944000
0.69281173,0.18416000,0.61952000
0.69280070,0.18424000,0.61952000
0.69268304,0.18432000,0.61952000
0.69264418,0.18440000,0.61960000
0.69264430,0.18440000,0.61952000
0.69260323,0.18440000,0.61968000
0.69260263,0.18448000,0.61968000
0.69256800,0.18456000,0.61968000
0.69243544,0.18456000,0.61976000
0.69240189,0.18464000,0.61976000
0.69239408,0.18472000,0.61976000
0.69236809,0.18472000,0.61984000
0.69170707,0.18480000,0.62080000
0.69172490,0.18480000,0.62072000
0.69173485,0.18480000,0.62064000
0.69176573,0.18480000,0.62056000
0.69177341,0.18480000,0.62048000
0.69186997,0.18480000,0.62040000
0.69190937,0.18480000,0.62032000
0.69225949,0.18480000,0.61984000
0.69195282,0.18480000,0.62024000
0.69223887,0.18480000,0.61992000
0.69207144,0.18480000,0.62000000
0.69204849,0.18480000,0.62008000
0.69195586,0.18480000,0.62016000
0.69158256,0.18488000,0.62104000
0.69161063,0.18488000,0.62096000
0.69163406,0.18488000,0.62088000
0.69164437,0.18488000,0.62080000
0.69148719,0.18496000,0.62104000
0.69141227,0.18504000,0.62104000
0.69123966,0.18504000,0.62120000
0.69136989,0.18504000,0.62112000
0.69117373,0.18504000,0.62144000
0.69118273,0.18504000,0.62136000
0.69108433,0.18504000,0.62160000
0.69123960,0.18504000,0.62128000
0.69111848,0.18504000,0.62152000
0.69108313,0.18512000,0.62160000
0.69107670,0.18512000,0.62168000
0.69097441,0.18520000,0.62168000
0.69093609,0.18520000,0.62176000
0.69045985,0.18528000,0.62208000
0.69089895,0.18528000,0.62176000
0.69083881,0.18528000,0.62184000
0.69054532,0.18528000,0.62200000
0.69061488,0.18528000,0.62192000
0.69044274,0.18536000,0.62208000
0.69044256,0.18544000,0.62208000
0.69040602,0.18552000,0.62208000
0.69036579,0.18560000,0.62216000
0.69036680,0.18560000,0.62208000
0.69033188,0.18560000,0.62232000
0.69036043,0.18560000,0.62224000
0.69027829,0.18568000,0.62232000
0.69021690,0.18576000,0.62240000
0.69027793,0.18576000,0.62232000
0.69019252,0.18584000,0.62240000
0.69016671,0.18592000,0.62240000
0.69015801,0.18600000,0.62240000
0.69007117,0.18608000,0.62240000
0.68997473,0.18608000,0.62256000
0.68995816,0.18608000,0.62264000
0.69001889,0.18608000,0.62248000
0.68990654,0.18616000,0.62264000
0.68979830,0.18616000,0.62280000
0.68987161,0.18616000,0.62272000
0.68977630,0.18624000,0.62280000
0.68975121,0.18632000,0.62280000
0.68969768,0.18632000,0.62296000
0.68973160,0.18632000,0.62288000
0.68956876,0.18640000,0.62304000
0.68962055,0.18640000,0.62296000
0.68952560,0.18648000,0.62304000
0.68942577,0.18656000,0.62312000
0.68948406,0.18656000,0.62304000
0.68937671,0.18656000,0.62320000
0.68925506,0.18664000,0.62328000
0.68934655,0.18664000,0.62320000
0.68921459,0.18672000,0.62328000
0.68919480,0.18672000,0.62336000
0.68913507,0.18680000,0.62360000
0.68916494,0.18680000,0.62352000
0.68918496,0.18680000,0.62336000
0.68917572,0.18680000,0.62344000
0.68908834,0.18688000,0.62368000
0.68900651,0.18688000,0.62384000
0.68897563,0.18688000,0.62392000
0.68906718,0.18688000,0.62376000
0.68912441,0.18688000,0.62360000
0.68890435,0.18696000,0.62400000
0.68897396,0.18696000,0.62392000
0.68886214,0.18696000,0.62408000
0.68878001,0.18696000,0.62416000
0.68875045,0.18704000,0.62432000
0.68875992,0.18704000,0.62424000
0.68876767,0.18704000,0.62416000
0.68863481,0.18712000,0.62464000
0.68867803,0.18712000,0.62448000
0.68868792,0.18712000,0.62440000
0.68874532,0.18712000,0.62432000
0.68863678,0.18712000,0.62456000
0.68850642,0.18712000,0.62480000
0.68858373,0.18712000,0.62472000
0.68840396,0.18720000,0.62488000
0.68850100,0.18720000,0.62480000
0.68827015,0.18720000,0.62496000
0.68812335,0.18728000,0.62512000
0.68822825,0.18728000,0.62496000
0.68815708,0.18728000,0.62504000
0.68800372,0.18736000,0.62520000
0.68800318,0.18736000,0.62528000
0.68807238,0.18736000,0.62512000
0.68783623,0.18744000,0.62528000
0.68783081,0.18752000,0.62528000
0.68755263,0.18760000,0.62592000
0.68778467,0.18760000,0.62552000
0.68759477,0.18760000,0.62576000
0.68755615,0.18760000,0.62584000
0.68762589,0.18760000,0.62568000
0.68774801,0.18760000,0.62560000
0.68779826,0.18760000,0.62536000
0.68778741,0.18760000,0.62544000
0.68781948,0.18760000,0.62528000
0.68752319,0.18768000,0.62592000
0.68750763,0.18768000,0.62600000
0.68743134,0.18776000,0.62600000
0.68737924,0.18776000,0.62608000
0.68722469,0.18784000,0.62640000
0.68728298,0.18784000,0.62624000
0.68720770,0.18784000,0.62648000
0.68719018,0.18784000,0.62656000
0.68730420,0.18784000,0.62616000
0.68734407,0.18784000,0.62608000
0.68718690,0.18784000,0.62664000
0.68722695,0.18784000,0.62632000
0.68716621,0.18792000,0.62664000
0.68692476,0.18800000,0.62704000
0.68706715,0.18800000,0.62680000
0.68695271,0.18800000,0.62696000
0.68704122,0.18800000,0.62688000
0.68709016,0.18800000,0.62672000
0.68711311,0.18800000,0.62664000
0.68687701,0.18808000,0.62712000
0.68687719,0.18808000,0.62704000
0.68684602,0.18816000,0.62720000
0.68683738,0.18816000,0.62728000
0.68678153,0.18816000,0.62736000
0.68687379,0.18816000,0.62712000
0.68669039,0.18816000,0.62752000
0.68669361,0.18816000,0.62744000
0.68666393,0.18824000,0.62752000
0.68664908,0.18824000,0.62760000
0.68664086,0.18832000,0.62760000
0.68658680,0.18840000,0.62776000
0.68660975,0.18840000,0.62768000
0.68663234,0.18840000,0.62760000
0.68656379,0.18848000,0.62776000
0.68608910,0.18856000,0.62808000
0.68636751,0.18856000,0.62792000
0.68639863,0.18856000,0.62784000
0.68616211,0.18856000,0.62800000
0.68656230,0.18856000,0.62776000
0.68604368,0.18856000,0.62816000
0.68603778,0.18856000,0.62824000
0.68601042,0.18864000,0.62832000
0.68602836,0.18864000,0.62824000
0.68596184,0.18872000,0.62832000
0.68589854,0.18872000,0.62840000
0.68581927,0.18880000,0.62848000
0.68585157,0.18880000,0.62840000
0.68578535,0.18880000,0.62856000
0.68578339,0.18880000,0.62864000
0.68551254,0.18888000,0.62872000
0.68550324,0.18888000,0.62880000
0.68552971,0.18888000,0.62864000
0.68539053,0.18888000,0.62888000
0.68535948,0.18896000,0.62896000
0.68530381,0.18896000,0.62904000
0.68538153,0.18896000,0.62888000
0.68514740,0.18904000,0.62904000
0.68507224,0.18904000,0.62928000
0.68514025,0.18904000,0.62912000
0.68511027,0.18904000,0.62920000
0.68504632,0.18904000,0.62936000
0.68504024,0.18912000,0.62936000
0.68503922,0.18912000,0.62944000
0.68503904,0.18920000,0.62944000
0.68495733,0.18920000,0.62952000
0.68494034,0.18928000,0.62952000
0.68488032,0.18936000,0.62960000
0.68491745,0.18936000,0.62952000
0.68484461,0.18944000,0.62960000
0.68478346,0.18944000,0.62976000
0.68483788,0.18944000,0.62968000
0.68475896,0.18952000,0.62976000
0.68473768,0.18960000,0.62984000
0.68474972,0.18960000,0.62976000
0.68466562,0.18968000,0.62984000
0.68464226,0.18976000,0.62984000
0.68458730,0.18984000,0.62992000
0.68458670,0.18984000,0.63000000
0.68460143,0.18984000,0.62984000
0.68450493,0.18984000,0.63008000
0.68442082,0.18984000,0.63016000
0.68433601,0.18992000,0.63024000
0.68437362,0.18992000,0.63016000
0.68422985,0.19000000,0.63032000
0.68422723,0.19000000,0.63040000
0.68424070,0.19000000,0.63024000
0.68417555,0.19008000,0.63040000
0.68413401,0.19016000,0.63048000
0.68417406,0.19016000,0.63040000
0.68403828,0.19024000,0.63048000
0.68396515,0.19024000,0.63056000
0.68391877,0.19032000,0.63056000
0.68387717,0.19032000,0.63072000
0.68389779,0.19032000,0.63064000
0.68356049,0.19040000,0.63096000
0.68386990,0.19040000,0.63072000
0.68377584,0.19040000,0.63080000
0.68358254,0.19040000,0.63088000
0.68349296,0.19048000,0.63096000
0.68341964,0.19048000,0.63112000
0.68348581,0.19048000,0.63104000
0.68341696,0.19056000,0.63112000
0.68341607,0.19064000,0.63112000
0.68327457,0.19072000,0.63128000
0.68336153,0.19072000,0.63112000
0.68329930,0.19072000,0.63120000
0.68311673,0.19080000,0.63144000
0.68310821,0.19080000,0.63152000
0.68325657,0.19080000,0.63128000
0.68314046,0.19080000,0.63136000
0.68297356,0.19088000,0.63168000
0.68291742,0.19088000,0.63176000
0.68289852,0.19088000,0.63184000
0.68287861,0.19088000,0.63192000
0.68299687,0.19088000,0.63160000
0.68303043,0.19088000,0.63152000
0.68280488,0.19096000,0.63208000
0.68282461,0.19096000,0.63200000
0.68275374,0.19096000,0.63216000
0.68284291,0.19096000,0.63192000
0.68273753,0.19104000,0.63216000
0.68267882,0.19112000,0.63216000
0.68262917,0.19120000,0.63216000
0.68253332,0.19128000,0.63224000
0.68261832,0.19128000,0.63216000
0.68249106,0.19136000,0.63224000
0.68242669,0.19136000,0.63232000
0.68237680,0.19136000,0.63240000
0.68235630,0.19144000,0.63240000
0.68231940,0.19152000,0.63240000
0.68222165,0.19152000,0.63248000
0.68220794,0.19160000,0.63248000
0.68215483,0.19168000,0.63248000
0.68213910,0.19168000,0.63256000
0.68209600,0.19168000,0.63264000
0.68197578,0.19176000,0.63280000
0.68206364,0.19176000,0.63272000
0.68208605,0.19176000,0.63264000
0.68195671,0.19184000,0.63280000
0.68191540,0.19192000,0.63280000
0.68178141,0.19200000,0.63312000
0.68173528,0.19200000,0.63320000
0.68191081,0.19200000,0.63280000
0.68185103,0.19200000,0.63296000
0.68186486,0.19200000,0.63288000
0.68183511,0.19200000,0.63304000
0.68172443,0.19208000,0.63320000
0.68164074,0.19216000,0.63320000
0.68163639,0.19216000,0.63328000
0.68152320,0.19224000,0.63336000
0.68153083,0.19224000,0.63328000
0.68152028,0.19232000,0.63336000
0.68142480,0.19240000,0.63344000
0.68142134,0.19240000,0.63352000
0.68148893,0.19240000,0.63336000
0.68130487,0.19240000,0.63360000
0.68096441,0.19248000,0.63432000
0.68116200,0.19248000,0.63400000
0.68100184,0.19248000,0.63424000
0.68106943,0.19248000,0.63408000
0.68126154,0.19248000,0.63368000
0.68128359,0.19248000,0.63360000
0.68101656,0.19248000,0.63416000
0.68122506,0.19248000,0.63376000
0.68121219,0.19248000,0.63384000
0.68118447,0.19248000,0.63392000
0.68095410,0.19256000,0.63432000
0.68085247,0.19256000,0.63440000
0.68076694,0.19264000,0.63448000
0.68080914,0.19264000,0.63440000
0.68076402,0.19272000,0.63448000
0.68071258,0.19280000,0.63448000
0.68068606,0.19280000,0.63464000
0.68070102,0.19280000,0.63456000
0.68065739,0.19288000,0.63472000
0.68065792,0.19288000,0.63464000
0.68064195,0.19296000,0.63472000
0.68060720,0.19304000,0.63472000
0.68056965,0.19312000,0.63488000
0.68059808,0.19312000,0.63472000
0.68059677,0.19312000,0.63480000
0.68051910,0.19320000,0.63504000
0.68056750,0.19320000,0.63488000
0.68055630,0.19320000,0.63496000
0.68049902,0.19328000,0.63504000
0.68048108,0.19336000,0.63512000
0.68048745,0.19336000,0.63504000
0.68039560,0.19336000,0.63520000
0.68035406,0.19344000,0.63520000
0.68035400,0.19352000,0.63520000
0.68034393,0.19352000,0.63528000
0.68027574,0.19360000,0.63528000
0.68016958,0.19368000,0.63528000
0.67990988,0.19368000,0.63552000
0.67992431,0.19368000,0.63544000
0.68009299,0.19368000,0.63536000
0.67984992,0.19376000,0.63552000
0.67982489,0.19376000,0.63560000
0.67977864,0.19384000,0.63568000
0.67966193,0.19384000,0.63576000
0.67963839,0.19384000,0.63584000
0.67978674,0.19384000,0.63560000
0.67956436,0.19392000,0.63584000
0.67954707,0.19400000,0.63584000
0.67939776,0.19408000,0.63632000
0.67937905,0.19408000,0.63640000
0.67940861,0.19408000,0.63624000
0.67946422,0.19408000,0.63600000
0.67942524,0.19408000,0.63608000
0.67941123,0.19408000,0.63616000
0.67948598,0.19408000,0.63592000
0.67952675,0.19408000,0.63584000
0.67931575,0.19416000,0.63640000
0.67929089,0.19424000,0.63648000
0.67930639,0.19424000,0.63640000
0.67910779,0.19432000,0.63648000
0.67909676,0.19432000,0.63656000
0.67906058,0.19440000,0.63664000
0.67906338,0.19440000,0.63656000
0.67892122,0.19448000,0.63672000
0.67891121,0.19448000,0.63680000
0.67903298,0.19448000,0.63664000
0.67890924,0.19456000,0.63680000
0.67889899,0.19464000,0.63688000
0.67890882,0.19464000,0.63680000
0.67889714,0.19472000,0.63688000
0.67883176,0.19480000,0.63688000
0.67867231,0.19480000,0.63696000
0.67859566,0.19488000,0.63696000
0.67850429,0.19488000,0.63704000
0.67847449,0.19496000,0.63704000
0.67846137,0.19496000,0.63712000
0.67837644,0.19496000,0.63720000
0.67831677,0.19504000,0.63720000
0.67804772,0.19512000,0.63728000
0.67807275,0.19512000,0.63720000
0.67804682,0.19520000,0.63728000
0.67802113,0.19528000,0.63744000
0.67797399,0.19528000,0.63752000
0.67804056,0.19528000,0.63728000
0.67802185,0.19528000,0.63736000
0.67787105,0.19536000,0.63760000
0.67782682,0.19536000,0.63776000
0.67784321,0.19536000,0.63768000
0.67790455,0.19536000,0.63752000
0.67775106,0.19544000,0.63776000
0.67767179,0.19544000,0.63808000
0.67770940,0.19544000,0.63800000
0.67774767,0.19544000,0.63792000
0.67774838,0.19544000,0.63784000
0.67765844,0.19552000,0.63808000
0.67751747,0.19560000,0.63808000
0.67738336,0.19560000,0.63832000
0.67750639,0.19560000,0.63816000
0.67744058,0.19560000,0.63824000
0.67736161,0.19568000,0.63832000
0.67727470,0.19576000,0.63848000
0.67735606,0.19576000,0.63832000
0.67729813,0.19576000,0.63840000
0.67719984,0.19584000,0.63848000
0.67718714,0.19584000,0.63856000
0.67718053,0.19592000,0.63856000
0.67715991,0.19592000,0.63864000
0.67715228,0.19592000,0.63872000
0.67711520,0.19600000,0.63872000
0.67702591,0.19600000,0.63896000
0.67710304,0.19600000,0.63880000
0.67704380,0.19600000,0.63888000
0.67673856,0.19608000,0.63920000
0.67692339,0.19608000,0.63912000
0.67697936,0.19608000,0.63896000
0.67697614,0.19608000,0.63904000
0.67673540,0.19616000,0.63920000
0.67660439,0.19624000,0.63928000
0.67664039,0.19624000,0.63920000
0.67652893,0.19632000,0.63928000
0.67652142,0.19640000,0.63928000
0.67638958,0.19640000,0.63944000
0.67645240,0.19640000,0.63936000
0.67616469,0.19648000,0.63960000
0.67636991,0.19648000,0.63944000
0.67627013,0.19648000,0.63952000
0.67603791,0.19656000,0.63968000
0.67608672,0.19656000,0.63960000
0.67597932,0.19664000,0.63984000
0.67602593,0.19664000,0.63976000
0.67603588,0.19664000,0.63968000
0.67577344,0.19672000,0.63992000
0.67592061,0.19672000,0.63984000
0.67570108,0.19680000,0.64008000
0.67575467,0.19680000,0.63992000
0.67571396,0.19680000,0.64000000
0.67565727,0.19688000,0.64008000
0.67564946,0.19688000,0.64016000
0.67564273,0.19688000,0.64024000
0.67562002,0.19688000,0.64032000
0.67555887,0.19696000,0.64040000
0.67556906,0.19696000,0.64032000
0.67554331,0.19704000,0.64040000
0.67540234,0.19704000,0.64064000
0.67550510,0.19704000,0.64048000
0.67550474,0.19704000,0.64056000
0.67536747,0.19712000,0.64064000
0.67529726,0.19720000,0.64080000
0.67523688,0.19720000,0.64112000
0.67524415,0.19720000,0.64104000
0.67526597,0.19720000,0.64096000
0.67521846,0.19720000,0.64120000
0.67530692,0.19720000,0.64072000
0.67534459,0.19720000,0.64064000
0.67529100,0.19720000,0.64088000
0.67508316,0.19728000,0.64144000
0.67504126,0.19728000,0.64152000
0.67517704,0.19728000,0.64120000
0.67517662,0.19728000,0.64128000
0.67516500,0.19728000,0.64136000
0.67483556,0.19736000,0.64184000
0.67494828,0.19736000,0.64160000
0.67494053,0.19736000,0.64168000
0.67489290,0.19736000,0.64176000
0.67472243,0.19736000,0.64192000
0.67496282,0.19736000,0.64152000
0.67464668,0.19736000,0.64200000
0.67462659,0.19744000,0.64200000
0.67444998,0.19752000,0.64224000
0.67450094,0.19752000,0.64216000
0.67454463,0.19752000,0.64208000
0.67460948,0.19752000,0.64200000
0.67443830,0.19760000,0.64224000
0.67423368,0.19760000,0.64248000
0.67430174,0.19760000,0.64240000
0.67434102,0.19760000,0.64232000
0.67413282,0.19768000,0.64248000
0.67343944,0.19768000,0.64328000
0.67337579,0.19768000,0.64336000
0.67330724,0.19768000,0.64344000
0.67405003,0.19768000,0.64256000
0.67403519,0.19768000,0.64264000
0.67399263,0.19768000,0.64272000
0.67395800,0.19768000,0.64280000
0.67345357,0.19768000,0.64320000
0.67372584,0.19768000,0.64296000
0.67372340,0.19768000,0.64304000
0.67370206,0.19768000,0.64312000
0.67378259,0.19768000,0.64288000
0.67328537,0.19776000,0.64344000
0.67326272,0.19776000,0.64352000
0.67321181,0.19784000,0.64352000
0.67319942,0.19784000,0.64360000
0.67317891,0.19792000,0.64360000
0.67316055,0.19800000,0.64360000
0.67313588,0.19808000,0.64360000
0.67308277,0.19808000,0.64368000
0.67301476,0.19816000,0.64376000
0.67303205,0.19816000,0.64368000
0.67299706,0.19824000,0.64376000
0.67283142,0.19832000,0.64392000
0.67294466,0.19832000,0.64376000
0.67290676,0.19832000,0.64384000
0.67267877,0.19840000,0.64400000
0.67260128,0.19840000,0.64416000
0.67264146,0.19840000,0.64408000
0.67277414,0.19840000,0.64392000
0.67258775,0.19848000,0.64416000
0.67255592,0.19848000,0.64424000
0.67252284,0.19848000,0.64440000
0.67253250,0.19848000,0.64432000
0.67246544,0.19848000,0.64448000
0.67245966,0.19856000,0.64448000
0.67245483,0.19864000,0.64448000
0.67243868,0.19872000,0.64448000
0.67243016,0.19880000,0.64456000
0.67243385,0.19880000,0.64448000
0.67236042,0.19888000,0.64456000
0.67235494,0.19896000,0.64456000
0.67232364,0.19904000,0.64456000
0.67232025,0.19904000,0.64464000
0.67227250,0.19912000,0.64488000
0.67219985,0.19912000,0.64496000
0.67229682,0.19912000,0.64464000
0.67227936,0.19912000,0.64480000
0.67213869,0.19920000,0.64504000
0.67217743,0.19920000,0.64496000
0.67209548,0.19928000,0.64504000
0.67202395,0.19936000,0.64504000
0.67200792,0.19944000,0.64504000
0.67182583,0.19952000,0.64520000
0.67195499,0.19952000,0.64504000
0.67183471,0.19952000,0.64512000
0.67174488,0.19952000,0.64528000
0.67169398,0.19960000,0.64528000
0.67148143,0.19960000,0.64552000
0.67151242,0.19960000,0.64544000
0.67154050,0.19960000,0.64536000
0.67140675,0.19968000,0.64568000
0.67142481,0.19968000,0.64552000
0.67142135,0.19968000,0.64560000
0.67134410,0.19968000,0.64584000
0.67139298,0.19968000,0.64576000
0.67127007,0.19968000,0.64592000
0.67126960,0.19968000,0.64600000
0.67112601,0.19976000,0.64600000
0.67102200,0.19984000,0.64600000
0.67092556,0.19984000,0.64608000
0.67086732,0.19984000,0.64616000
0.67082816,0.19984000,0.64624000
0.67078960,0.19992000,0.64632000
0.67069566,0.19992000,0.64648000
0.67080098,0.19992000,0.64624000
0.67073673,0.19992000,0.64640000
0.67068470,0.19992000,0.64656000
0.67052615,0.20000000,0.64664000
0.67056334,0.20000000,0.64656000
0.67045242,0.20008000,0.64664000
0.67041564,0.20016000,0.64664000
0.67033976,0.20016000,0.64672000
0.67028689,0.20024000,0.64672000
0.67028111,0.20024000,0.64680000
0.67025089,0.20032000,0.64680000
0.66995734,0.20040000,0.64688000
0.67001873,0.20040000,0.64680000
0.66991282,0.20048000,0.64696000
0.66986161,0.20048000,0.64704000
0.66991508,0.20048000,0.64688000
0.66984779,0.20056000,0.64704000
0.66973877,0.20064000,0.64712000
0.66977477,0.20064000,0.64704000
0.66963470,0.20072000,0.64720000
0.66940892,0.20072000,0.64736000
0.66959411,0.20072000,0.64728000
0.66968405,0.20072000,0.64712000
0.66940349,0.20080000,0.64736000
0.66937876,0.20088000,0.64744000
0.66939181,0.20088000,0.64736000
0.66925305,0.20096000,0.64768000
0.66934144,0.20096000,0.64752000
0.66930789,0.20096000,0.64760000
0.66936636,0.20096000,0.64744000
0.66923261,0.20104000,0.64768000
0.66908962,0.20112000,0.64816000
0.66900074,0.20112000,0.64824000
0.66912979,0.20112000,0.64792000
0.66912115,0.20112000,0.64800000
0.66908991,0.20112000,0.64808000
0.66917658,0.20112000,0.64784000
0.66922456,0.20112000,0.64768000
0.66920263,0.20112000,0.64776000
0.66899866,0.20120000,0.64824000
0.66894263,0.20128000,0.64824000
0.66892165,0.20136000,0.64824000
0.66871017,0.20144000,0.64824000
0.66868669,0.20152000,0.64832000
0.66869313,0.20152000,0.64824000
0.66863292,0.20160000,0.64832000
0.66842306,0.20168000,0.64832000
0.66838562,0.20168000,0.64840000
0.66833395,0.20176000,0.64840000
0.66831392,0.20176000,0.64848000
0.66816711,0.20184000,0.64848000
0.66799486,0.20192000,0.64848000
0.66798097,0.20200000,0.64848000
0.66790771,0.20208000,0.64848000
0.66787964,0.20216000,0.64848000
0.66775656,0.20216000,0.64856000
0.66764671,0.20216000,0.64864000
0.66743577,0.20224000,0.64888000
0.66764653,0.20224000,0.64864000
0.66757333,0.20224000,0.64872000
0.66755575,0.20224000,0.64880000
0.66733956,0.20232000,0.64896000
0.66729188,0.20232000,0.64904000
0.66734505,0.20232000,0.64888000
0.66725135,0.20240000,0.64904000
0.66724330,0.20248000,0.64904000
0.66719037,0.20256000,0.64904000
0.66708297,0.20256000,0.64912000
0.66707659,0.20264000,0.64912000
0.66702807,0.20264000,0.64920000
0.66702193,0.20272000,0.64920000
0.66700423,0.20280000,0.64928000
0.66698080,0.20280000,0.64936000
0.66701311,0.20280000,0.64920000
0.66684675,0.20288000,0.64936000
0.66683507,0.20288000,0.64944000
0.66680175,0.20296000,0.64944000
0.66670436,0.20296000,0.64968000
0.66679090,0.20296000,0.64960000
0.66679245,0.20296000,0.64952000
0.66669625,0.20304000,0.64968000
0.66650921,0.20312000,0.64976000
0.66669184,0.20312000,0.64968000
0.66645151,0.20312000,0.64984000
0.66639072,0.20320000,0.64984000
0.66633517,0.20320000,0.64992000
0.66631210,0.20328000,0.64992000
0.66629654,0.20328000,0.65000000
0.66628742,0.20328000,0.65008000
0.66628146,0.20328000,0.65016000
0.66616923,0.20328000,0.65032000
0.66622573,0.20328000,0.65024000
0.66616023,0.20336000,0.65040000
0.66616148,0.20336000,0.65032000
0.66613084,0.20344000,0.65048000
0.66614717,0.20344000,0.65040000
0.66604936,0.20352000,0.65048000
0.66603380,0.20352000,0.65056000
0.66602749,0.20352000,0.65064000
0.66601574,0.20360000,0.65064000
0.66574621,0.20368000,0.65080000
0.66575778,0.20368000,0.65072000
0.66571289,0.20368000,0.65096000
0.66574353,0.20368000,0.65088000
0.66587740,0.20368000,0.65064000
0.66570139,0.20376000,0.65096000
0.66567844,0.20384000,0.65096000
0.66554177,0.20392000,0.65112000
0.66556668,0.20392000,0.65096000
0.66556042,0.20392000,0.65104000
0.66548693,0.20400000,0.65112000
0.66536522,0.20400000,0.65120000
0.66532159,0.20408000,0.65128000
0.66536421,0.20408000,0.65120000
0.66508353,0.20416000,0.65128000
0.66507405,0.20416000,0.65136000
0.66502905,0.20424000,0.65136000
0.66500336,0.20432000,0.65136000
0.66481471,0.20432000,0.65160000
0.66496658,0.20432000,0.65144000
0.66491723,0.20432000,0.65152000
0.66474986,0.20440000,0.65160000
0.66463435,0.20448000,0.65160000
0.66459471,0.20456000,0.65160000
0.66456240,0.20464000,0.65160000
0.66443348,0.20464000,0.65168000
0.66441274,0.20464000,0.65176000
0.66440260,0.20472000,0.65176000
0.66439068,0.20472000,0.65192000
0.66439849,0.20472000,0.65184000
0.66430700,0.20472000,0.65200000
0.66417408,0.20480000,0.65216000
0.66421884,0.20480000,0.65200000
0.66419387,0.20480000,0.65208000
0.66416013,0.20488000,0.65216000
0.66411281,0.20496000,0.65216000
0.66410929,0.20504000,0.65216000
0.66409588,0.20504000,0.65224000
0.66404021,0.20512000,0.65224000
0.66391724,0.20520000,0.65224000
0.66389048,0.20528000,0.65224000
0.66386169,0.20536000,0.65224000
0.66385454,0.20544000,0.65224000
0.66383713,0.20552000,0.65224000
0.66375721,0.20560000,0.65224000
0.66371191,0.20568000,0.65240000
0.66375440,0.20568000,0.65224000
0.66373754,0.20568000,0.65232000
0.66368341,0.20576000,0.65240000
0.66368067,0.20584000,0.65240000
0.66366202,0.20584000,0.65248000
0.66361874,0.20592000,0.65248000
0.66338074,0.20600000,0.65264000
0.66347581,0.20600000,0.65248000
0.66340935,0.20600000,0.65256000
0.66335225,0.20608000,0.65272000
0.66335952,0.20608000,0.65264000
0.66328859,0.20616000,0.65272000
0.66324723,0.20624000,0.65272000
0.66319823,0.20632000,0.65272000
0.66315216,0.20648000,0.65272000
0.66314626,0.20656000,0.65272000
0.66314459,0.20664000,0.65272000
0.66304606,0.20672000,0.65272000
0.66304165,0.20680000,0.65272000
0.66303360,0.20688000,0.65272000
0.66296852,0.20696000,0.65272000
0.66282088,0.20704000,0.65280000
0.66278344,0.20704000,0.65296000
0.66292995,0.20704000,0.65272000
0.66281116,0.20704000,0.65288000
0.66275650,0.20712000,0.65296000
0.66275406,0.20712000,0.65304000
0.66273266,0.20720000,0.65304000
0.66271752,0.20728000,0.65304000
0.66268516,0.20728000,0.65312000
0.66263497,0.20736000,0.65312000
0.66262382,0.20736000,0.65320000
0.66255736,0.20744000,0.65320000
0.66254109,0.20752000,0.65320000
0.66246998,0.20760000,0.65328000
0.66248083,0.20760000,0.65320000
0.66245729,0.20768000,0.65336000
0.66246629,0.20768000,0.65328000
0.66242868,0.20776000,0.65336000
0.66232151,0.20784000,0.65344000
0.66233438,0.20784000,0.65336000
0.66231841,0.20800000,0.65344000
0.66223156,0.20808000,0.65344000
0.66222137,0.20808000,0.65352000
0.66221976,0.20816000,0.65352000
0.66221142,0.20824000,0.65352000
0.66219538,0.20832000,0.65352000
0.66216844,0.20840000,0.65360000
0.66217542,0.20840000,0.65352000
0.66207927,0.20848000,0.65368000
0.66212910,0.20848000,0.65360000
0.66202843,0.20856000,0.65376000
0.66206914,0.20856000,0.65368000
0.66199577,0.20856000,0.65384000
0.66199058,0.20864000,0.65384000
0.66149890,0.20872000,0.65448000
0.66182768,0.20872000,0.65416000
0.66196001,0.20872000,0.65384000
0.66159308,0.20872000,0.65432000
0.66152054,0.20872000,0.65440000
0.66142136,0.20872000,0.65456000
0.66167384,0.20872000,0.65424000
0.66193914,0.20872000,0.65392000
0.66187912,0.20872000,0.65400000
0.66185546,0.20872000,0.65408000
0.66133547,0.20880000,0.65456000
0.66130251,0.20888000,0.65456000
0.66118425,0.20896000,0.65464000
0.66127384,0.20896000,0.65456000
0.66114724,0.20896000,0.65472000
0.66107279,0.20904000,0.65480000
0.66107416,0.20904000,0.65472000
0.66101748,0.20912000,0.65488000
0.66098893,0.20912000,0.65496000
0.66102844,0.20912000,0.65480000
0.66097373,0.20912000,0.65504000
0.66096967,0.20912000,0.65512000
0.66091883,0.20920000,0.65512000
0.66086751,0.20928000,0.65512000
0.66079408,0.20936000,0.65512000
0.66071707,0.20944000,0.65512000
0.66070104,0.20944000,0.65520000
0.66051388,0.20952000,0.65536000
0.66067141,0.20952000,0.65520000
0.66061050,0.20952000,0.65528000
0.66047102,0.20960000,0.65536000
0.66040164,0.20968000,0.65536000
0.66035718,0.20968000,0.65544000
0.66035694,0.20976000,0.65544000
0.66035485,0.20976000,0.65552000
0.66032535,0.20984000,0.65552000
0.66029000,0.20984000,0.65560000
0.66004789,0.20992000,0.65576000
0.66027391,0.20992000,0.65560000
0.66005713,0.20992000,0.65568000
0.65999001,0.21000000,0.65584000
0.65991229,0.21000000,0.65608000
0.65979660,0.21000000,0.65624000
0.65995628,0.21000000,0.65600000
0.65996957,0.21000000,0.65592000
0.65990937,0.21000000,0.65616000
0.66004533,0.21000000,0.65576000
0.65971297,0.21008000,0.65624000
0.65957558,0.21016000,0.65624000
0.65952617,0.21024000,0.65624000
0.65942079,0.21032000,0.65632000
0.65947038,0.21032000,0.65624000
0.65940922,0.21040000,0.65632000
0.65920687,0.21048000,0.65648000
0.65925509,0.21048000,0.65640000
0.65935302,0.21048000,0.65632000
0.65914565,0.21048000,0.65664000
0.65901488,0.21048000,0.65672000
0.65917766,0.21048000,0.65656000
0.65899044,0.21056000,0.65680000
0.65901333,0.21056000,0.65672000
0.65898824,0.21064000,0.65680000
0.65898049,0.21080000,0.65680000
0.65880114,0.21088000,0.65720000
0.65896112,0.21088000,0.65688000
0.65886146,0.21088000,0.65712000
0.65895796,0.21088000,0.65696000
0.65897155,0.21088000,0.65680000
0.65892357,0.21088000,0.65704000
0.65874678,0.21096000,0.65720000
0.65870333,0.21104000,0.65720000
0.65859979,0.21112000,0.65736000
0.65858263,0.21112000,0.65744000
0.65862966,0.21112000,0.65728000
0.65865111,0.21112000,0.65720000
0.65857816,0.21120000,0.65744000
0.65849704,0.21128000,0.65752000
0.65853828,0.21128000,0.65744000
0.65847301,0.21128000,0.65760000
0.65834987,0.21136000,0.65768000
0.65836370,0.21136000,0.65760000
0.65833229,0.21136000,0.65776000
0.65819544,0.21136000,0.65784000
0.65816528,0.21144000,0.65784000
0.65814310,0.21152000,0.65784000
0.65811783,0.21152000,0.65792000
0.65807909,0.21160000,0.65808000
0.65811461,0.21160000,0.65792000
0.65810061,0.21160000,0.65800000
0.65803576,0.21168000,0.65808000
0.65790963,0.21168000,0.65824000
0.65786946,0.21168000,0.65832000
0.65803421,0.21168000,0.65816000
0.65774369,0.21176000,0.65848000
0.65757197,0.21176000,0.65856000
0.65786237,0.21176000,0.65832000
0.65784162,0.21176000,0.65840000
0.65751964,0.21184000,0.65864000
0.65754521,0.21184000,0.65856000
0.65733665,0.21192000,0.65888000
0.65731007,0.21192000,0.65896000
0.65744656,0.21192000,0.65864000
0.65743810,0.21192000,0.65872000
0.65737587,0.21192000,0.65880000
0.65725815,0.21200000,0.65896000
0.65708703,0.21208000,0.65904000
0.65707302,0.21208000,0.65912000
0.65714103,0.21208000,0.65896000
0.65703619,0.21216000,0.65920000
0.65704757,0.21216000,0.65912000
0.65700263,0.21224000,0.65928000
0.65700549,0.21224000,0.65920000
0.65689850,0.21232000,0.65928000
0.65685147,0.21240000,0.65928000
0.65682220,0.21248000,0.65928000
0.65681821,0.21256000,0.65928000
0.65669823,0.21256000,0.65936000
0.65663224,0.21256000,0.65944000
0.65628642,0.21256000,0.65952000
0.65598851,0.21264000,0.65976000
0.65590817,0.21264000,0.66008000
0.65594822,0.21264000,0.65984000
0.65588582,0.21264000,0.66016000
0.65604395,0.21264000,0.65968000
0.65579695,0.21264000,0.66040000
0.65591550,0.21264000,0.66000000
0.65592986,0.21264000,0.65992000
0.65625364,0.21264000,0.65952000
0.65588111,0.21264000,0.66032000
0.65620321,0.21264000,0.65960000
0.65588248,0.21264000,0.66024000
0.65577638,0.21264000,0.66048000
0.65576547,0.21272000,0.66048000
0.65570700,0.21280000,0.66048000
0.65554082,0.21288000,0.66064000
0.65557575,0.21288000,0.66056000
0.65563017,0.21288000,0.66048000
0.65515119,0.21296000,0.66088000
0.65545523,0.21296000,0.66064000
0.65532357,0.21296000,0.66072000
0.65531570,0.21296000,0.66080000
0.65505040,0.21304000,0.66088000
0.65472662,0.21312000,0.66096000
0.65491784,0.21312000,0.66088000
0.65464324,0.21320000,0.66104000
0.65469164,0.21320000,0.66096000
0.65462333,0.21328000,0.66104000
0.65461600,0.21328000,0.66120000
0.65461904,0.21328000,0.66112000
0.65442210,0.21336000,0.66152000
0.65457577,0.21336000,0.66128000
0.65460098,0.21336000,0.66120000
0.65454364,0.21336000,0.66136000
0.65424311,0.21336000,0.66176000
0.65422660,0.21336000,0.66192000
0.65441793,0.21336000,0.66160000
0.65435833,0.21336000,0.66168000
0.65423208,0.21336000,0.66184000
0.65449435,0.21336000,0.66144000
0.65411979,0.21344000,0.66192000
0.65409482,0.21344000,0.66200000
0.65408218,0.21352000,0.66208000
0.65395933,0.21352000,0.66232000
0.65409178,0.21352000,0.66200000
0.65403730,0.21352000,0.66216000
0.65399855,0.21352000,0.66224000
0.65376586,0.21360000,0.66248000
0.65394270,0.21360000,0.66232000
0.65389353,0.21360000,0.66240000
0.65375251,0.21368000,0.66248000
0.65371692,0.21376000,0.66248000
0.65347719,0.21376000,0.66272000
0.65344989,0.21376000,0.66280000
0.65370327,0.21376000,0.66256000
0.65361911,0.21376000,0.66264000
0.65343827,0.21376000,0.66288000
0.65336049,0.21384000,0.66296000
0.65334666,0.21384000,0.66304000
0.65332490,0.21384000,0.66312000
0.65342861,0.21384000,0.66288000
0.65326661,0.21392000,0.66320000
0.65320891,0.21392000,0.66328000
0.65330249,0.21392000,0.66312000
0.65316331,0.21400000,0.66328000
0.65303242,0.21400000,0.66336000
0.65300089,0.21408000,0.66336000
0.65293729,0.21416000,0.66336000
0.65290737,0.21424000,0.66344000
0.65289229,0.21424000,0.66352000
0.65290964,0.21424000,0.66336000
0.65281421,0.21424000,0.66360000
0.65276533,0.21432000,0.66360000
0.65254450,0.21440000,0.66360000
0.65252674,0.21440000,0.66368000
0.65252435,0.21448000,0.66368000
0.65251249,0.21448000,0.66376000
0.65247786,0.21456000,0.66376000
0.65243351,0.21464000,0.66376000
0.65232497,0.21472000,0.66384000
0.65229827,0.21472000,0.66408000
0.65232325,0.21472000,0.66392000
0.65239334,0.21472000,0.66376000
0.65231061,0.21472000,0.66400000
0.65223211,0.21480000,0.66408000
0.65220487,0.21480000,0.66416000
0.65218455,0.21488000,0.66416000
0.65216988,0.21488000,0.66424000
0.65215892,0.21496000,0.66424000
0.65211409,0.21504000,0.66424000
0.65210712,0.21504000,0.66432000
0.65205371,0.21504000,0.66448000
0.65207672,0.21504000,0.66440000
0.65198457,0.21512000,0.66456000
0.65204072,0.21512000,0.66448000
0.65195209,0.21520000,0.66456000
0.65192276,0.21528000,0.66456000
0.65192235,0.21528000,0.66464000
0.65192020,0.21536000,0.66464000
0.65191340,0.21544000,0.66464000
0.65172988,0.21552000,0.66480000
0.65170068,0.21552000,0.66488000
0.65174609,0.21552000,0.66472000
0.65159351,0.21560000,0.66488000
0.65142244,0.21568000,0.66488000
0.65139824,0.21576000,0.66488000
0.65136683,0.21584000,0.66488000
0.65131915,0.21584000,0.66496000
0.65126318,0.21584000,0.66512000
0.65128630,0.21584000,0.66504000
0.65124816,0.21592000,0.66512000
0.65119016,0.21600000,0.66512000
0.65118855,0.21600000,0.66520000
0.65116972,0.21608000,0.66520000
0.65097469,0.21616000,0.66520000
0.65089083,0.21624000,0.66520000
0.65081745,0.21632000,0.66520000
0.65081561,0.21640000,0.66520000
0.65075076,0.21640000,0.66528000
0.65074420,0.21648000,0.66528000
0.65065777,0.21656000,0.66544000
0.65059841,0.21656000,0.66560000
0.65063471,0.21656000,0.66552000
0.65069580,0.21656000,0.66536000
0.65072387,0.21656000,0.66528000
0.65057367,0.21664000,0.66568000
0.65051758,0.21664000,0.66592000
0.65055019,0.21664000,0.66576000
0.65058130,0.21664000,0.66560000
0.65052015,0.21664000,0.66584000
0.65051144,0.21664000,0.66600000
0.65041280,0.21672000,0.66616000
0.65050632,0.21672000,0.66600000
0.65046805,0.21672000,0.66608000
0.65040708,0.21680000,0.66616000
0.65031224,0.21688000,0.66616000
0.65028757,0.21688000,0.66624000
0.65020400,0.21696000,0.66624000
0.65016913,0.21704000,0.66624000
0.65011334,0.21712000,0.66624000
0.65009153,0.21720000,0.66624000
0.65008777,0.21728000,0.66624000
0.65006852,0.21728000,0.66632000
0.65003711,0.21736000,0.66632000
0.65002137,0.21736000,0.66640000
0.64999366,0.21736000,0.66648000
0.64994103,0.21736000,0.66656000
0.64990830,0.21744000,0.66672000
0.64993083,0.21744000,0.66656000
0.64991623,0.21744000,0.66664000
0.64981318,0.21744000,0.66680000
0.64953434,0.21752000,0.66680000
0.64911032,0.21752000,0.66720000
0.64951879,0.21752000,0.66688000
0.64947295,0.21752000,0.66696000
0.64932674,0.21752000,0.66704000
0.64918131,0.21752000,0.66712000
0.64910370,0.21760000,0.66720000
0.64905435,0.21760000,0.66728000
0.64904994,0.21768000,0.66728000
0.64902353,0.21776000,0.66728000
0.64886594,0.21784000,0.66728000
0.64881980,0.21784000,0.66744000
0.64882416,0.21784000,0.66736000
0.64874864,0.21792000,0.66744000
0.64874315,0.21792000,0.66752000
0.64871585,0.21792000,0.66760000
0.64849365,0.21792000,0.66768000
0.64847964,0.21792000,0.66776000
0.64846039,0.21800000,0.66776000
0.64844853,0.21808000,0.66776000
0.64835030,0.21808000,0.66784000
0.64828998,0.21816000,0.66784000
0.64828283,0.21816000,0.66792000
0.64827669,0.21824000,0.66792000
0.64822614,0.21832000,0.66792000
0.64819729,0.21840000,0.66792000
0.64819592,0.21840000,0.66800000
0.64814514,0.21848000,0.66800000
0.64809877,0.21856000,0.66800000
0.64803857,0.21864000,0.66800000
0.64800072,0.21872000,0.66800000
0.64795780,0.21872000,0.66808000
0.64792168,0.21880000,0.66808000
0.64781266,0.21880000,0.66816000
0.64776886,0.21880000,0.66824000
0.64774489,0.21888000,0.66824000
0.64771223,0.21896000,0.66824000
0.64769363,0.21896000,0.66832000
0.64766645,0.21904000,0.66832000
0.64763296,0.21904000,0.66840000
0.64749414,0.21912000,0.66864000
0.64750957,0.21912000,0.66856000
0.64754593,0.21912000,0.66848000
0.64763105,0.21912000,0.66840000
0.64735675,0.21920000,0.66880000
0.64747685,0.21920000,0.66864000
0.64736933,0.21920000,0.66872000
0.64731121,0.21928000,0.66880000
0.64712393,0.21936000,0.66880000
0.64697021,0.21936000,0.66920000
0.64697170,0.21936000,0.66912000
0.64699179,0.21936000,0.66904000
0.64707083,0.21936000,0.66896000
0.64708990,0.21936000,0.66888000
0.64691919,0.21944000,0.66920000
0.64682251,0.21944000,0.66928000
0.64682227,0.21944000,0.66936000
0.64675474,0.21944000,0.66944000
0.64666516,0.21944000,0.66952000
0.64648771,0.21952000,0.66968000
0.64654863,0.21952000,0.66960000
0.64660966,0.21952000,0.66952000
0.64648122,0.21960000,0.66968000
0.64647353,0.21968000,0.66968000
0.64646238,0.21976000,0.66968000
0.64643145,0.21984000,0.66968000
0.64636093,0.21984000,0.66976000
0.64632350,0.21992000,0.66976000
0.64629936,0.22000000,0.66976000
0.64601231,0.22000000,0.67016000
0.64602983,0.22000000,0.67008000
0.64604074,0.22000000,0.67000000
0.64609683,0.22000000,0.66984000
0.64606953,0.22000000,0.66992000
0.64580703,0.22008000,0.67024000
0.64584184,0.22008000,0.67016000
0.64575070,0.22016000,0.67024000
0.64574456,0.22024000,0.67024000
0.64573520,0.22024000,0.67032000
0.64571506,0.22032000,0.67032000
0.64554906,0.22040000,0.67040000
0.64569795,0.22040000,0.67032000
0.64551371,0.22048000,0.67040000
0.64545256,0.22056000,0.67040000
0.64533365,0.22064000,0.67040000
0.64529878,0.22072000,0.67040000
0.64528126,0.22072000,0.67048000
0.64525360,0.22072000,0.67056000
0.64496487,0.22080000,0.67088000
0.64524972,0.22080000,0.67056000
0.64511931,0.22080000,0.67080000
0.64524841,0.22080000,0.67064000
0.64516109,0.22080000,0.67072000
0.64480102,0.22088000,0.67096000
0.64483434,0.22088000,0.67088000
0.64476877,0.22096000,0.67104000
0.64477885,0.22096000,0.67096000
0.64473248,0.22104000,0.67104000
0.64465886,0.22112000,0.67112000
0.64456564,0.22112000,0.67120000
0.64467692,0.22112000,0.67104000
0.64453405,0.22120000,0.67120000
0.64448661,0.22128000,0.67120000
0.64446759,0.22136000,0.67120000
0.64442265,0.22144000,0.67128000
0.64434236,0.22144000,0.67136000
0.64444119,0.22144000,0.67120000
0.64432913,0.22152000,0.67136000
0.64431554,0.22152000,0.67144000
0.64430809,0.22152000,0.67152000
0.64426553,0.22160000,0.67152000
0.64417362,0.22168000,0.67160000
0.64423466,0.22168000,0.67152000
0.64397264,0.22176000,0.67168000
0.64411014,0.22176000,0.67160000
0.64395589,0.22176000,0.67176000
0.64395404,0.22184000,0.67176000
0.64379078,0.22192000,0.67184000
0.64393973,0.22192000,0.67176000
0.64360654,0.22200000,0.67200000
0.64365590,0.22200000,0.67184000
0.64363980,0.22200000,0.67192000
0.64358419,0.22208000,0.67200000
0.64353496,0.22208000,0.67216000
0.64351451,0.22208000,0.67224000
0.64338738,0.22208000,0.67240000
0.64355248,0.22208000,0.67208000
0.64340109,0.22208000,0.67232000
0.64335883,0.22216000,0.67240000
0.64328927,0.22216000,0.67248000
0.64315259,0.22224000,0.67256000
0.64325744,0.22224000,0.67248000
0.64313787,0.22232000,0.67256000
0.64309388,0.22232000,0.67264000
0.64304489,0.22232000,0.67272000
0.64297330,0.22232000,0.67280000
0.64292008,0.22240000,0.67288000
0.64291877,0.22240000,0.67296000
0.64296818,0.22240000,0.67280000
0.64289474,0.22248000,0.67296000
0.64285398,0.22256000,0.67296000
0.64278048,0.22264000,0.67304000
0.64282680,0.22264000,0.67296000
0.64257962,0.22272000,0.67328000
0.64253479,0.22272000,0.67336000
0.64266968,0.22272000,0.67320000
0.64275372,0.22272000,0.67304000
0.64275157,0.22272000,0.67312000
0.64251029,0.22280000,0.67336000
0.64233965,0.22280000,0.67352000
0.64228648,0.22280000,0.67360000
0.64236808,0.22280000,0.67344000
0.64226735,0.22288000,0.67360000
0.64224684,0.22296000,0.67360000
0.64217222,0.22304000,0.67368000
0.64218563,0.22304000,0.67360000
0.64216632,0.22312000,0.67368000
0.64184022,0.22320000,0.67408000
0.64185715,0.22320000,0.67400000
0.64187098,0.22320000,0.67392000
0.64214694,0.22320000,0.67368000
0.64166230,0.22320000,0.67424000
0.64201039,0.22320000,0.67384000
0.64177626,0.22320000,0.67416000
0.64162809,0.22320000,0.67432000
0.64209652,0.22320000,0.67376000
0.64157015,0.22328000,0.67432000
0.64153618,0.22336000,0.67432000
0.64139181,0.22336000,0.67448000
0.64140171,0.22336000,0.67440000
0.64135432,0.22344000,0.67448000
0.64115912,0.22352000,0.67472000
0.64121473,0.22352000,0.67464000
0.64132333,0.22352000,0.67448000
0.64124393,0.22352000,0.67456000
0.64108413,0.22360000,0.67472000
0.64107436,0.22360000,0.67480000
0.64103377,0.22368000,0.67480000
0.64097542,0.22376000,0.67480000
0.64081752,0.22376000,0.67488000
0.64080679,0.22384000,0.67488000
0.64076084,0.22392000,0.67496000
0.64077920,0.22392000,0.67488000
0.64075541,0.22400000,0.67496000
0.64066035,0.22408000,0.67520000
0.64050609,0.22408000,0.67528000
0.64050311,0.22408000,0.67536000
0.64048672,0.22408000,0.67552000
0.64067090,0.22408000,0.67512000
0.64045084,0.22408000,0.67568000
0.64037549,0.22408000,0.67576000
0.64067543,0.22408000,0.67504000
0.64071065,0.22408000,0.67496000
0.64045137,0.22408000,0.67560000
0.64049274,0.22408000,0.67544000
0.64034468,0.22416000,0.67576000
0.64016050,0.22416000,0.67584000
0.64013463,0.22424000,0.67584000
0.63999081,0.22432000,0.67592000
0.64004594,0.22432000,0.67584000
0.63976026,0.22432000,0.67600000
0.63975263,0.22432000,0.67608000
0.63973880,0.22440000,0.67608000
0.63972372,0.22440000,0.67616000
0.63968945,0.22448000,0.67616000
0.63964784,0.22456000,0.67624000
0.63951862,0.22456000,0.67640000
0.63948733,0.22456000,0.67648000
0.63953841,0.22456000,0.67632000
0.63947284,0.22456000,0.67656000
0.63966483,0.22456000,0.67616000
0.63940966,0.22464000,0.67656000
0.63940531,0.22472000,0.67656000
0.63934523,0.22480000,0.67664000
0.63940161,0.22480000,0.67656000
0.63912129,0.22480000,0.67696000
0.63913351,0.22480000,0.67688000
0.63926464,0.22480000,0.67680000
0.63928294,0.22480000,0.67672000
0.63910902,0.22496000,0.67696000
0.63908458,0.22504000,0.67696000
0.63906574,0.22504000,0.67704000
0.63891345,0.22512000,0.67704000
0.63889664,0.22520000,0.67704000
0.63877386,0.22520000,0.67712000
0.63866472,0.22528000,0.67720000
0.63873631,0.22528000,0.67712000
0.63863838,0.22528000,0.67728000
0.63858867,0.22536000,0.67728000
0.63839042,0.22544000,0.67736000
0.63849533,0.22544000,0.67728000
0.63828719,0.22552000,0.67736000
0.63800621,0.22560000,0.67744000
0.63813221,0.22560000,0.67736000
0.63786864,0.22560000,0.67768000
0.63798296,0.22560000,0.67752000
0.63796276,0.22560000,0.67760000
0.63781220,0.22568000,0.67768000
0.63780344,0.22576000,0.67768000
0.63779473,0.22584000,0.67768000
0.63772285,0.22592000,0.67776000
0.63777697,0.22592000,0.67768000
0.63768560,0.22592000,0.67784000
0.63759661,0.22592000,0.67792000
0.63754880,0.22600000,0.67800000
0.63758314,0.22600000,0.67792000
0.63752133,0.22608000,0.67800000
0.63748509,0.22608000,0.67816000
0.63750541,0.22608000,0.67808000
0.63738483,0.22616000,0.67824000
0.63732433,0.22616000,0.67832000
0.63744766,0.22616000,0.67816000
0.63724321,0.22624000,0.67832000
0.63723630,0.22624000,0.67840000
0.63718885,0.22632000,0.67840000
0.63709617,0.22640000,0.67848000
0.63712025,0.22640000,0.67840000
0.63708764,0.22640000,0.67856000
0.63704604,0.22640000,0.67864000
0.63700867,0.22640000,0.67872000
0.63698459,0.22648000,0.67880000
0.63698614,0.22648000,0.67872000
0.63685286,0.22656000,0.67880000
0.63684291,0.22656000,0.67888000
0.63684046,0.22656000,0.67896000
0.63679183,0.22664000,0.67896000
0.63670784,0.22672000,0.67896000
0.63660508,0.22680000,0.67904000
0.63659990,0.22680000,0.67912000
0.63668317,0.22680000,0.67896000
0.63651729,0.22696000,0.67920000
0.63651252,0.22696000,0.67928000
0.63657814,0.22696000,0.67912000
0.63624752,0.22704000,0.67944000
0.63631338,0.22704000,0.67928000
0.63629985,0.22704000,0.67936000
0.63618046,0.22704000,0.67952000
0.63599598,0.22712000,0.67968000
0.63612074,0.22712000,0.67960000
0.63616914,0.22712000,0.67952000
0.63594538,0.22720000,0.67976000
0.63596493,0.22720000,0.67968000
0.63581842,0.22720000,0.67984000
0.63578153,0.22728000,0.67984000
0.63568550,0.22728000,0.68008000
0.63568139,0.22728000,0.68016000
0.63570392,0.22728000,0.68000000
0.63573277,0.22728000,0.67992000
0.63564587,0.22736000,0.68024000
0.63564986,0.22736000,0.68016000
0.63563490,0.22744000,0.68024000
0.63555837,0.22752000,0.68032000
0.63559145,0.22752000,0.68024000
0.63553476,0.22760000,0.68032000
0.63553071,0.22760000,0.68040000
0.63534141,0.22768000,0.68064000
0.63549340,0.22768000,0.68040000
0.63545698,0.22768000,0.68048000
0.63521600,0.22768000,0.68080000
0.63531423,0.22768000,0.68072000
0.63543278,0.22768000,0.68056000
0.63504231,0.22776000,0.68088000
0.63508576,0.22776000,0.68080000
0.63500500,0.22792000,0.68088000
0.63490498,0.22800000,0.68088000
0.63489026,0.22800000,0.68096000
0.63481849,0.22808000,0.68096000
0.63476503,0.22816000,0.68112000
0.63478857,0.22816000,0.68096000
0.63477552,0.22816000,0.68104000
0.63456249,0.22824000,0.68128000
0.63460547,0.22824000,0.68120000
0.63470846,0.22824000,0.68112000
0.63447332,0.22832000,0.68128000
0.63446492,0.22840000,0.68128000
0.63441592,0.22848000,0.68128000
0.63423759,0.22856000,0.68144000
0.63433784,0.22856000,0.68136000
0.63440752,0.22856000,0.68128000
0.63408571,0.22864000,0.68144000
0.63407117,0.22864000,0.68152000
0.63406169,0.22872000,0.68152000
0.63404787,0.22880000,0.68152000
0.63404626,0.22880000,0.68160000
0.63394827,0.22888000,0.68184000
0.63394839,0.22888000,0.68176000
0.63398081,0.22888000,0.68160000
0.63396180,0.22888000,0.68168000
0.63392568,0.22896000,0.68192000
0.63393193,0.22896000,0.68184000
0.63385850,0.22904000,0.68192000
0.63383096,0.22904000,0.68200000
0.63372678,0.22912000,0.68200000
0.63368481,0.22920000,0.68200000
0.63365400,0.22920000,0.68208000
0.63329107,0.22928000,0.68216000
0.63336545,0.22928000,0.68208000
0.63325942,0.22936000,0.68216000
0.63323140,0.22944000,0.68224000
0.63313156,0.22952000,0.68232000
0.63322985,0.22952000,0.68224000
0.63307548,0.22960000,0.68232000
0.63266510,0.22968000,0.68240000
0.63272560,0.22968000,0.68232000
0.63265139,0.22968000,0.68248000
0.63264358,0.22976000,0.68248000
0.63252538,0.22976000,0.68256000
0.63241631,0.22984000,0.68256000
0.63239127,0.22992000,0.68256000
0.63238668,0.23000000,0.68256000
0.63234937,0.23000000,0.68264000
0.63224286,0.23008000,0.68272000
0.63232142,0.23008000,0.68264000
0.63216329,0.23008000,0.68280000
0.63215476,0.23008000,0.68288000
0.63209665,0.23016000,0.68288000
0.63204235,0.23016000,0.68296000
0.63198817,0.23024000,0.68296000
0.63195479,0.23032000,0.68296000
0.63194001,0.23040000,0.68296000
0.63183308,0.23040000,0.68304000
0.63176727,0.23048000,0.68312000
0.63179994,0.23048000,0.68304000
0.63166279,0.23056000,0.68312000
0.63155472,0.23056000,0.68336000
0.63161528,0.23056000,0.68328000
0.63161713,0.23056000,0.68320000
0.63154143,0.23064000,0.68336000
0.63151604,0.23064000,0.68344000
0.63149732,0.23064000,0.68352000
0.63145536,0.23064000,0.68360000
0.63133472,0.23072000,0.68360000
0.63123292,0.23080000,0.68360000
0.63118911,0.23088000,0.68360000
0.63116449,0.23088000,0.68368000
0.63115227,0.23096000,0.68368000
0.63108653,0.23104000,0.68376000
0.63108534,0.23104000,0.68384000
0.63112813,0.23104000,0.68368000
0.63107783,0.23112000,0.68384000
0.63099593,0.23112000,0.68392000
0.63080752,0.23120000,0.68432000
0.63087153,0.23120000,0.68424000
0.63090527,0.23120000,0.68400000
0.63088030,0.23120000,0.68408000
0.63078403,0.23120000,0.68440000
0.63087487,0.23120000,0.68416000
0.63097733,0.23120000,0.68392000
0.63072896,0.23128000,0.68448000
0.63075018,0.23128000,0.68440000
0.63070393,0.23136000,0.68448000
0.63059336,0.23144000,0.68472000
0.63060081,0.23144000,0.68464000
0.63061321,0.23144000,0.68456000
0.63069826,0.23144000,0.68448000
0.63052028,0.23152000,0.68472000
0.63050824,0.23160000,0.68472000
0.63050103,0.23160000,0.68480000
0.63031656,0.23160000,0.68496000
0.63049638,0.23160000,0.68488000
0.63025671,0.23160000,0.68504000
0.63021189,0.23160000,0.68512000
0.63021076,0.23168000,0.68512000
0.63018966,0.23176000,0.68512000
0.63016909,0.23184000,0.68520000
0.63014174,0.23184000,0.68536000
0.63017243,0.23184000,0.68512000
0.63015288,0.23184000,0.68528000
0.63011342,0.23192000,0.68536000
0.63003135,0.23200000,0.68536000
0.62982303,0.23208000,0.68552000
0.62990725,0.23208000,0.68544000
0.62963367,0.23208000,0.68568000
0.62993860,0.23208000,0.68536000
0.62966686,0.23208000,0.68560000
0.62958270,0.23216000,0.68568000
0.62948406,0.23224000,0.68568000
0.62944335,0.23232000,0.68568000
0.62943029,0.23240000,0.68568000
0.62937379,0.23248000,0.68568000
0.62930268,0.23248000,0.68576000
0.62924701,0.23256000,0.68592000
0.62926811,0.23256000,0.68576000
0.62925541,0.23256000,0.68584000
0.62916267,0.23264000,0.68600000
0.62923288,0.23264000,0.68592000
0.62911242,0.23264000,0.68608000
0.62910497,0.23272000,0.68616000
0.62911105,0.23272000,0.68608000
0.62901950,0.23272000,0.68624000
0.62875783,0.23280000,0.68632000
0.62880802,0.23280000,0.68624000
0.62869364,0.23288000,0.68632000
0.62854177,0.23296000,0.68632000
0.62846285,0.23304000,0.68632000
0.62825578,0.23312000,0.68640000
0.62830979,0.23312000,0.68632000
0.62805909,0.23320000,0.68664000
0.62820721,0.23320000,0.68640000
0.62779820,0.23320000,0.68672000
0.62820160,0.23320000,0.68648000
0.62815005,0.23320000,0.68656000
0.62760615,0.23328000,0.68696000
0.62756515,0.23328000,0.68704000
0.62763304,0.23328000,0.68688000
0.62770170,0.23328000,0.68680000
0.62776542,0.23328000,0.68672000
0.62750739,0.23336000,0.68704000
0.62733781,0.23336000,0.68712000
0.62726033,0.23344000,0.68712000
0.62723780,0.23352000,0.68712000
0.62715358,0.23352000,0.68720000
0.62711906,0.23360000,0.68736000
0.62709939,0.23360000,0.68744000
0.62709194,0.23360000,0.68752000
0.62714207,0.23360000,0.68720000
0.62712264,0.23360000,0.68728000
0.62702054,0.23368000,0.68752000
0.62701613,0.23376000,0.68752000
0.62690449,0.23376000,0.68760000
0.62651980,0.23384000,0.68808000
0.62681413,0.23384000,0.68760000
0.62666601,0.23384000,0.68792000
0.62677431,0.23384000,0.68768000
0.62676567,0.23384000,0.68776000
0.62658030,0.23384000,0.68800000
0.62666768,0.23384000,0.68784000
0.62641728,0.23392000,0.68816000
0.62617236,0.23392000,0.68840000
0.62607157,0.23392000,0.68856000
0.62645835,0.23392000,0.68808000
0.62623513,0.23392000,0.68832000
0.62608188,0.23392000,0.68848000
0.62626803,0.23392000,0.68824000
0.62606364,0.23400000,0.68856000
0.62602866,0.23408000,0.68856000
0.62586206,0.23416000,0.68880000
0.62596869,0.23416000,0.68864000
0.62598145,0.23416000,0.68856000
0.62587339,0.23416000,0.68872000
0.62583977,0.23424000,0.68880000
0.62573218,0.23432000,0.68880000
0.62571329,0.23432000,0.68888000
0.62548798,0.23440000,0.68904000
0.62553596,0.23440000,0.68896000
0.62526971,0.23440000,0.68920000
0.62537503,0.23440000,0.68912000
0.62524265,0.23440000,0.68928000
0.62567061,0.23440000,0.68888000
0.62515968,0.23448000,0.68936000
0.62522316,0.23448000,0.68928000
0.62512821,0.23456000,0.68944000
0.62512237,0.23456000,0.68952000
0.62515301,0.23456000,0.68936000
0.62485844,0.23464000,0.68960000
0.62475425,0.23464000,0.68976000
0.62506509,0.23464000,0.68952000
0.62475461,0.23464000,0.68968000
0.62456191,0.23472000,0.68976000
0.62444639,0.23480000,0.68984000
0.62446982,0.23480000,0.68976000
0.62440503,0.23488000,0.68984000
0.62427771,0.23496000,0.69008000
0.62431079,0.23496000,0.68992000
0.62435281,0.23496000,0.68984000
0.62429696,0.23496000,0.69000000
0.62401122,0.23504000,0.69016000
0.62419713,0.23504000,0.69008000
0.62386507,0.23512000,0.69040000
0.62392026,0.23512000,0.69024000
0.62396657,0.23512000,0.69016000
0.62386197,0.23512000,0.69048000
0.62387776,0.23512000,0.69032000
0.62369019,0.23520000,0.69048000
0.62367660,0.23520000,0.69056000
0.62349874,0.23528000,0.69080000
0.62351197,0.23528000,0.69072000
0.62360018,0.23528000,0.69056000
0.62356359,0.23528000,0.69064000
0.62345731,0.23536000,0.69080000
0.62339920,0.23544000,0.69080000
0.62331146,0.23552000,0.69080000
0.62325728,0.23552000,0.69096000
0.62327379,0.23552000,0.69088000
0.62321705,0.23552000,0.69104000
0.62295443,0.23560000,0.69128000
0.62296021,0.23560000,0.69120000
0.62316966,0.23560000,0.69112000
0.62319708,0.23560000,0.69104000
0.62284636,0.23568000,0.69136000
0.62285197,0.23568000,0.69128000
0.62281162,0.23568000,0.69152000
0.62282073,0.23568000,0.69144000
0.62278998,0.23576000,0.69152000
0.62268192,0.23584000,0.69152000
0.62260920,0.23592000,0.69160000
0.62260860,0.23592000,0.69168000
0.62266088,0.23592000,0.69152000
0.62245053,0.23600000,0.69168000
0.62244314,0.23600000,0.69176000
0.62242472,0.23608000,0.69176000
0.62239790,0.23608000,0.69184000
0.62238526,0.23608000,0.69192000
0.62224156,0.23616000,0.69216000
0.62221932,0.23616000,0.69224000
0.62228203,0.23616000,0.69208000
0.62235606,0.23616000,0.69192000
0.62235004,0.23616000,0.69200000
0.62216938,0.23624000,0.69224000
0.62198210,0.23632000,0.69232000
0.62186271,0.23632000,0.69240000
0.62207675,0.23632000,0.69224000
0.62168288,0.23640000,0.69248000
0.62184048,0.23640000,0.69240000
0.62162465,0.23640000,0.69256000
0.62152636,0.23648000,0.69256000
0.62140727,0.23656000,0.69264000
0.62151998,0.23656000,0.69256000
0.62134475,0.23664000,0.69264000
0.62124592,0.23664000,0.69280000
0.62130135,0.23664000,0.69272000
0.62117940,0.23672000,0.69280000
0.62106138,0.23680000,0.69304000
0.62104326,0.23680000,0.69312000
0.62088364,0.23680000,0.69320000
0.62077367,0.23680000,0.69328000
0.62116385,0.23680000,0.69280000
0.62110031,0.23680000,0.69296000
0.62115687,0.23680000,0.69288000
0.62069476,0.23688000,0.69336000
0.62070698,0.23688000,0.69328000
0.62032956,0.23696000,0.69360000
0.62051910,0.23696000,0.69344000
0.62029314,0.23696000,0.69368000
0.62025571,0.23696000,0.69376000
0.62047565,0.23696000,0.69352000
0.62056041,0.23696000,0.69336000
0.62014514,0.23704000,0.69376000
0.62013048,0.23712000,0.69376000
0.61994696,0.23720000,0.69376000
0.61991352,0.23720000,0.69384000
0.61987251,0.23736000,0.69392000
0.61988980,0.23736000,0.69384000
0.61962211,0.23744000,0.69416000
0.61961937,0.23744000,0.69424000
0.61970788,0.23744000,0.69408000
0.61987072,0.23744000,0.69392000
0.61979169,0.23744000,0.69400000
0.61961901,0.23744000,0.69432000
0.61958981,0.23752000,0.69448000
0.61960620,0.23752000,0.69440000
0.61957198,0.23752000,0.69456000
0.61960900,0.23752000,0.69432000
0.61941588,0.23752000,0.69464000
0.61939961,0.23760000,0.69464000
0.61929923,0.23768000,0.69480000
0.61935121,0.23768000,0.69464000
0.61933416,0.23768000,0.69472000
0.61926556,0.23776000,0.69488000
0.61928958,0.23776000,0.69480000
0.61926281,0.23784000,0.69488000
0.61912322,0.23784000,0.69496000
0.61903626,0.23792000,0.69512000
0.61911076,0.23792000,0.69496000
0.61906499,0.23792000,0.69504000
0.61890602,0.23800000,0.69512000
0.61886388,0.23808000,0.69512000
0.61885118,0.23816000,0.69512000
0.61884677,0.23816000,0.69520000
0.61881781,0.23816000,0.69528000
0.61874849,0.23824000,0.69528000
0.61869186,0.23824000,0.69536000
0.61850566,0.23832000,0.69544000
0.61854929,0.23832000,0.69536000
0.61850464,0.23840000,0.69544000
0.61832166,0.23848000,0.69560000
0.61840737,0.23848000,0.69552000
0.61844420,0.23848000,0.69544000
0.61812532,0.23848000,0.69568000
0.61793333,0.23856000,0.69584000
0.61793041,0.23856000,0.69592000
0.61800212,0.23856000,0.69576000
0.61802298,0.23856000,0.69568000
0.61788654,0.23864000,0.69592000
0.61784852,0.23864000,0.69600000
0.61781847,0.23872000,0.69600000
0.61760348,0.23880000,0.69608000
0.61765164,0.23880000,0.69600000
0.61747640,0.23888000,0.69616000
0.61757547,0.23888000,0.69608000
0.61746782,0.23896000,0.69616000
0.61740738,0.23904000,0.69616000
0.61737067,0.23920000,0.69616000
0.61736268,0.23920000,0.69632000
0.61729419,0.23920000,0.69648000
0.61736590,0.23920000,0.69624000
0.61728293,0.23928000,0.69648000
0.61718875,0.23936000,0.69656000
0.61726499,0.23936000,0.69648000
0.61717266,0.23944000,0.69656000
0.61716825,0.23952000,0.69656000
0.61715347,0.23960000,0.69656000
0.61700660,0.23968000,0.69672000
0.61701894,0.23968000,0.69664000
0.61710656,0.23968000,0.69656000
0.61699247,0.23976000,0.69672000
0.61697626,0.23976000,0.69680000
0.61694950,0.23984000,0.69680000
0.61688370,0.23992000,0.69680000
0.61687225,0.24000000,0.69680000
0.61686081,0.24008000,0.69680000
0.61681765,0.24008000,0.69688000
0.61671722,0.24016000,0.69704000
0.61675018,0.24016000,0.69696000
0.61681306,0.24016000,0.69688000
0.61670125,0.24024000,0.69704000
0.61669308,0.24024000,0.69712000
0.61668617,0.24032000,0.69712000
0.61661416,0.24032000,0.69720000
0.61660486,0.24040000,0.69720000
0.61650151,0.24048000,0.69736000
0.61656171,0.24048000,0.69720000
0.61650342,0.24048000,0.69728000
0.61641484,0.24056000,0.69736000
0.61633354,0.24056000,0.69752000
0.61641425,0.24056000,0.69744000
0.61607444,0.24064000,0.69760000
0.61617297,0.24064000,0.69752000
0.61603945,0.24064000,0.69768000
0.61602217,0.24072000,0.69768000
0.61602128,0.24080000,0.69768000
0.61599618,0.24080000,0.69776000
0.61597204,0.24088000,0.69784000
0.61598492,0.24088000,0.69776000
0.61587626,0.24088000,0.69792000
0.61567849,0.24096000,0.69824000
0.61569214,0.24096000,0.69816000
0.61572611,0.24096000,0.69808000
0.61576384,0.24096000,0.69800000
0.61578327,0.24096000,0.69792000
0.61567819,0.24104000,0.69824000
0.61562389,0.24112000,0.69824000
0.61548418,0.24120000,0.69840000
0.61547828,0.24120000,0.69848000
0.61561847,0.24120000,0.69824000
0.61549211,0.24120000,0.69832000
0.61537522,0.24128000,0.69856000
0.61546075,0.24128000,0.69848000
0.61530209,0.24128000,0.69864000
0.61529022,0.24136000,0.69864000
0.61526471,0.24136000,0.69872000
0.61524898,0.24144000,0.69872000
0.61522698,0.24144000,0.69880000
0.61503744,0.24152000,0.69912000
0.61507219,0.24152000,0.69904000
0.61508161,0.24152000,0.69896000
0.61509228,0.24152000,0.69888000
0.61511660,0.24152000,0.69880000
0.61500394,0.24160000,0.69912000
0.61496544,0.24168000,0.69912000
0.61492646,0.24176000,0.69912000
0.61487895,0.24176000,0.69928000
0.61484510,0.24176000,0.69936000
0.61488551,0.24176000,0.69920000
0.61483037,0.24176000,0.69944000
0.61481649,0.24184000,0.69952000
0.61482459,0.24184000,0.69944000
0.61480534,0.24192000,0.69952000
0.61477631,0.24192000,0.69960000
0.61475676,0.24200000,0.69968000
0.61476779,0.24200000,0.69960000
0.61455220,0.24208000,0.69976000
0.61468440,0.24208000,0.69968000
0.61443079,0.24208000,0.69984000
0.61443019,0.24216000,0.69984000
0.61435509,0.24216000,0.70000000
0.61441869,0.24216000,0.69992000
0.61434317,0.24224000,0.70000000
0.61423862,0.24232000,0.70000000
0.61418402,0.24240000,0.70000000
0.61412102,0.24240000,0.70008000
0.61387104,0.24256000,0.70016000
0.61401349,0.24256000,0.70008000
0.61385030,0.24264000,0.70016000
0.61377323,0.24272000,0.70016000
0.61374927,0.24280000,0.70016000
0.61373353,0.24288000,0.70016000
0.61373335,0.24296000,0.70016000
0.61365604,0.24304000,0.70016000
0.61362237,0.24304000,0.70024000
0.61359823,0.24312000,0.70024000
0.61349314,0.24320000,0.70040000
0.61356825,0.24320000,0.70024000
0.61356121,0.24320000,0.70032000
0.61338288,0.24328000,0.70048000
0.61341983,0.24328000,0.70040000
0.61328566,0.24336000,0.70048000
0.61327916,0.24344000,0.70048000
0.61325020,0.24352000,0.70048000
0.61322665,0.24360000,0.70048000
0.61314046,0.24368000,0.70056000
0.61315078,0.24368000,0.70048000
0.61280775,0.24376000,0.70072000
0.61310309,0.24376000,0.70056000
0.61293483,0.24376000,0.70064000
0.61275047,0.24376000,0.70080000
0.61262351,0.24384000,0.70080000
0.61254072,0.24384000,0.70088000
0.61244297,0.24392000,0.70088000
0.61240065,0.24400000,0.70088000
0.61229163,0.24408000,0.70104000
0.61238581,0.24408000,0.70088000
0.61235535,0.24408000,0.70096000
0.61215705,0.24416000,0.70112000
0.61198390,0.24416000,0.70136000
0.61185807,0.24416000,0.70152000
0.61197960,0.24416000,0.70144000
0.61224335,0.24416000,0.70104000
0.61201686,0.24416000,0.70128000
0.61204350,0.24416000,0.70120000
0.61140287,0.24424000,0.70216000
0.61175829,0.24424000,0.70168000
0.61153048,0.24424000,0.70200000
0.61182863,0.24424000,0.70160000
0.61183405,0.24424000,0.70152000
0.61144340,0.24424000,0.70208000
0.61172616,0.24424000,0.70176000
0.61157632,0.24424000,0.70192000
0.61166710,0.24424000,0.70184000
0.61130834,0.24432000,0.70224000
0.61131966,0.24432000,0.70216000
0.61129409,0.24440000,0.70224000
0.61107063,0.24448000,0.70232000
0.61123115,0.24448000,0.70224000
0.61106861,0.24456000,0.70232000
0.61099225,0.24464000,0.70232000
0.61087519,0.24472000,0.70240000
0.61088300,0.24472000,0.70232000
0.61047447,0.24480000,0.70256000
0.61049205,0.24480000,0.70248000
0.61058861,0.24480000,0.70240000
0.61045033,0.24480000,0.70264000
0.61040801,0.24488000,0.70264000
0.61030310,0.24496000,0.70264000
0.61022943,0.24504000,0.70264000
0.61016226,0.24512000,0.70264000
0.61012799,0.24520000,0.70264000
0.61001205,0.24528000,0.70264000
0.60995805,0.24536000,0.70272000
0.60998148,0.24536000,0.70264000
0.60990769,0.24544000,0.70272000
0.60988122,0.24552000,0.70272000
0.60983425,0.24560000,0.70272000
0.60969961,0.24568000,0.70280000
0.60981667,0.24568000,0.70272000
0.60967529,0.24576000,0.70280000
0.60963613,0.24576000,0.70296000
0.60965592,0.24576000,0.70288000
0.60960263,0.24576000,0.70304000
0.60960168,0.24584000,0.70304000
0.60946852,0.24584000,0.70312000
0.60922933,0.24592000,0.70320000
0.60936469,0.24592000,0.70312000
0.60921520,0.24600000,0.70320000
0.60905296,0.24600000,0.70336000
0.60906130,0.24600000,0.70328000
0.60904109,0.24608000,0.70336000
0.60900539,0.24616000,0.70344000
0.60902983,0.24616000,0.70336000
0.60885942,0.24624000,0.70360000
0.60893136,0.24624000,0.70344000
0.60886937,0.24624000,0.70352000
0.60879147,0.24624000,0.70368000
0.60870528,0.24632000,0.70368000
0.60867202,0.24640000,0.70368000
0.60865027,0.24640000,0.70376000
0.60863727,0.24648000,0.70376000
0.60837251,0.24656000,0.70376000
0.60834199,0.24664000,0.70376000
0.60833484,0.24672000,0.70376000
0.60833061,0.24672000,0.70384000
0.60828674,0.24680000,0.70384000
0.60824442,0.24688000,0.70384000
0.60813552,0.24696000,0.70392000
0.60817713,0.24696000,0.70384000
0.60805643,0.24704000,0.70392000
0.60805112,0.24712000,0.70392000
0.60801595,0.24720000,0.70400000
0.60801613,0.24720000,0.70392000
0.60799134,0.24728000,0.70400000
0.60797745,0.24736000,0.70400000
0.60786426,0.24736000,0.70416000
0.60785198,0.24736000,0.70424000
0.60787743,0.24736000,0.70408000
0.60776252,0.24744000,0.70424000
0.60775745,0.24752000,0.70424000
0.60774761,0.24760000,0.70424000
0.60769886,0.24768000,0.70432000
0.60774314,0.24768000,0.70424000
0.60765547,0.24776000,0.70432000
0.60745895,0.24784000,0.70448000
0.60752249,0.24784000,0.70440000
0.60757411,0.24784000,0.70432000
0.60740250,0.24792000,0.70448000
0.60736597,0.24800000,0.70448000
0.60734642,0.24808000,0.70456000
0.60736006,0.24808000,0.70448000
0.60733843,0.24816000,0.70464000
0.60734451,0.24816000,0.70456000
0.60721368,0.24824000,0.70464000
0.60715842,0.24824000,0.70472000
0.60715508,0.24832000,0.70472000
0.60690051,0.24840000,0.70496000
0.60691577,0.24840000,0.70488000
0.60714924,0.24840000,0.70472000
0.60708070,0.24840000,0.70480000
0.60688215,0.24848000,0.70496000
0.60687101,0.24856000,0.70496000
0.60674161,0.24856000,0.70504000
0.60654181,0.24864000,0.70528000
0.60673904,0.24864000,0.70504000
0.60661131,0.24864000,0.70520000
0.60668665,0.24864000,0.70512000
0.60649621,0.24872000,0.70528000
0.60639447,0.24880000,0.70536000
0.60637373,0.24880000,0.70544000
0.60631174,0.24880000,0.70560000
0.60646379,0.24880000,0.70528000
0.60634530,0.24880000,0.70552000
0.60630429,0.24888000,0.70560000
0.60627031,0.24888000,0.70568000
0.60626936,0.24896000,0.70568000
0.60620713,0.24904000,0.70576000
0.60621238,0.24904000,0.70568000
0.60616058,0.24912000,0.70576000
0.60613924,0.24920000,0.70576000
0.60610658,0.24928000,0.70576000
0.60610008,0.24928000,0.70584000
0.60599542,0.24936000,0.70600000
0.60605615,0.24936000,0.70592000
0.60608888,0.24936000,0.70584000
0.60594392,0.24936000,0.70608000
0.60588652,0.24944000,0.70616000
0.60589093,0.24944000,0.70608000
0.60580009,0.24944000,0.70624000
0.60574228,0.24952000,0.70632000
0.60579139,0.24952000,0.70624000
0.60550648,0.24952000,0.70656000
0.60573465,0.24952000,0.70640000
0.60560650,0.24952000,0.70648000
0.60538965,0.24960000,0.70656000
0.60532725,0.24968000,0.70656000
0.60526359,0.24968000,0.70664000
0.60521203,0.24968000,0.70672000
0.60512805,0.24968000,0.70696000
0.60482812,0.24968000,0.70736000
0.60486072,0.24968000,0.70728000
0.60486937,0.24968000,0.70720000
0.60475338,0.24968000,0.70760000
0.60477138,0.24968000,0.70752000
0.60480922,0.24968000,0.70744000
0.60514671,0.24968000,0.70688000
0.60520840,0.24968000,0.70680000
0.60505801,0.24968000,0.70704000
0.60496211,0.24968000,0.70712000
0.60474831,0.24976000,0.70760000
0.60469925,0.24992000,0.70760000
0.60459411,0.25000000,0.70768000
0.60465235,0.25000000,0.70760000
0.60458088,0.25016000,0.70768000
0.60452312,0.25016000,0.70776000
0.60446143,0.25024000,0.70776000
0.60433477,0.25024000,0.70792000
0.60445094,0.25024000,0.70784000
0.60426486,0.25032000,0.70792000
0.60425729,0.25040000,0.70792000
0.60380876,0.25048000,0.70816000
0.60399646,0.25048000,0.70808000
0.60404134,0.25048000,0.70800000
0.60424048,0.25048000,0.70792000
0.60374737,0.25048000,0.70824000
0.60371441,0.25056000,0.70824000
0.60365087,0.25056000,0.70832000
0.60364348,0.25064000,0.70832000
0.60343289,0.25072000,0.70848000
0.60351413,0.25072000,0.70840000
0.60355389,0.25072000,0.70832000
0.60337788,0.25072000,0.70856000
0.60333192,0.25080000,0.70856000
0.60326594,0.25080000,0.70864000
0.60323608,0.25088000,0.70864000
0.60321957,0.25088000,0.70872000
0.60319471,0.25096000,0.70872000
0.60310900,0.25096000,0.70880000
0.60306686,0.25104000,0.70888000
0.60310066,0.25104000,0.70880000
0.60302973,0.25112000,0.70888000
0.60283214,0.25120000,0.70888000
0.60279620,0.25128000,0.70888000
0.60276723,0.25136000,0.70896000
0.60278702,0.25136000,0.70888000
0.60273010,0.25136000,0.70904000
0.60269517,0.25144000,0.70904000
0.60260224,0.25152000,0.70904000
0.60253853,0.25152000,0.70912000
0.60245651,0.25160000,0.70912000
0.60227644,0.25160000,0.70928000
0.60223824,0.25160000,0.70936000
0.60222846,0.25160000,0.70944000
0.60236776,0.25160000,0.70920000
0.60222214,0.25168000,0.70944000
0.60221905,0.25176000,0.70944000
0.60211569,0.25184000,0.70944000
0.60199720,0.25192000,0.70952000
0.60197777,0.25192000,0.70960000
0.60197014,0.25192000,0.70976000
0.60197604,0.25192000,0.70968000
0.60193187,0.25192000,0.70992000
0.60193491,0.25192000,0.70984000
0.60190111,0.25192000,0.71000000
0.60203111,0.25192000,0.70944000
0.60181218,0.25192000,0.71024000
0.60185611,0.25192000,0.71008000
0.60184270,0.25192000,0.71016000
0.60179472,0.25200000,0.71024000
0.60150671,0.25200000,0.71032000
0.60134608,0.25208000,0.71056000
0.60130435,0.25208000,0.71072000
0.60133880,0.25208000,0.71064000
0.60147059,0.25208000,0.71032000
0.60140771,0.25208000,0.71040000
0.60138029,0.25208000,0.71048000
0.60122728,0.25216000,0.71080000
0.60124159,0.25216000,0.71072000
0.60114402,0.25232000,0.71088000
0.60117102,0.25232000,0.71080000
0.60112089,0.25232000,0.71096000
0.60108298,0.25240000,0.71104000
0.60103673,0.25240000,0.71112000
0.60111731,0.25240000,0.71096000
0.60099357,0.25240000,0.71120000
0.60098702,0.25248000,0.71120000
0.60098213,0.25256000,0.71120000
0.60090601,0.25264000,0.71136000
0.60095918,0.25264000,0.71120000
0.60087270,0.25264000,0.71144000
0.60090631,0.25264000,0.71128000
0.60086435,0.25272000,0.71144000
0.60082698,0.25272000,0.71152000
0.60082334,0.25272000,0.71160000
0.60077089,0.25280000,0.71168000
0.60079813,0.25280000,0.71160000
0.60050249,0.25288000,0.71200000
0.60060829,0.25288000,0.71184000
0.60064596,0.25288000,0.71176000
0.60075432,0.25288000,0.71168000
0.60058057,0.25288000,0.71192000
0.60046935,0.25296000,0.71208000
0.60049230,0.25296000,0.71200000
0.60044163,0.25304000,0.71208000
0.60040992,0.25304000,0.71216000
0.60038322,0.25312000,0.71216000
0.60032392,0.25312000,0.71224000
0.60025221,0.25320000,0.71232000
0.60029346,0.25320000,0.71224000
0.60018557,0.25320000,0.71248000
0.60012156,0.25320000,0.71256000
0.60022998,0.25320000,0.71240000
0.60010684,0.25328000,0.71256000
0.60007977,0.25336000,0.71256000
0.60007185,0.25344000,0.71256000
0.60000777,0.25352000,0.71256000
0.59992409,0.25360000,0.71256000
0.59985793,0.25360000,0.71264000
0.59982681,0.25368000,0.71264000
0.59979481,0.25376000,0.71264000
0.59976882,0.25384000,0.71264000
0.59970862,0.25392000,0.71272000
0.59975642,0.25392000,0.71264000
0.59970129,0.25400000,0.71272000
0.59967440,0.25408000,0.71272000
0.59966809,0.25408000,0.71280000
0.59963101,0.25416000,0.71296000
0.59964931,0.25416000,0.71280000
0.59963745,0.25416000,0.71288000
0.59962088,0.25424000,0.71296000
0.59960526,0.25432000,0.71296000
0.59959900,0.25440000,0.71296000
0.59957182,0.25448000,0.71296000
0.59952450,0.25456000,0.71296000
0.59949780,0.25464000,0.71296000
0.59936333,0.25472000,0.71304000
0.59936643,0.25472000,0.71296000
0.59916067,0.25480000,0.71344000
0.59936303,0.25480000,0.71304000
0.59929401,0.25480000,0.71320000
0.59928173,0.25480000,0.71328000
0.59918797,0.25480000,0.71336000
0.59935176,0.25480000,0.71312000
0.59913063,0.25488000,0.71344000
0.59912926,0.25488000,0.71352000
0.59908891,0.25496000,0.71352000
0.59893399,0.25504000,0.71352000
0.59890240,0.25504000,0.71360000
0.59886402,0.25512000,0.71360000
0.59873128,0.25512000,0.71368000
0.59869242,0.25512000,0.71376000
0.59868658,0.25512000,0.71384000
0.59868240,0.25520000,0.71384000
0.59855199,0.25528000,0.71384000
0.59838581,0.25536000,0.71384000
0.59833783,0.25544000,0.71384000
0.59832203,0.25552000,0.71384000
0.59825355,0.25560000,0.71384000
0.59814250,0.25568000,0.71400000
0.59819067,0.25568000,0.71392000
0.59813082,0.25568000,0.71408000
0.59821332,0.25568000,0.71384000
0.59804779,0.25576000,0.71416000
0.59807384,0.25576000,0.71408000
0.59799397,0.25576000,0.71424000
0.59780246,0.25584000,0.71432000
0.59797543,0.25584000,0.71424000
0.59773326,0.25592000,0.71448000
0.59778970,0.25592000,0.71440000
0.59779793,0.25592000,0.71432000
0.59771276,0.25600000,0.71448000
0.59752315,0.25608000,0.71472000
0.59762573,0.25608000,0.71456000
0.59770060,0.25608000,0.71448000
0.59761286,0.25608000,0.71464000
0.59747815,0.25616000,0.71472000
0.59745079,0.25624000,0.71480000
0.59747589,0.25624000,0.71472000
0.59742284,0.25632000,0.71480000
0.59729636,0.25632000,0.71488000
0.59725285,0.25640000,0.71488000
0.59724331,0.25640000,0.71496000
0.59718180,0.25640000,0.71504000
0.59717661,0.25648000,0.71504000
0.59716308,0.25656000,0.71504000
0.59714586,0.25664000,0.71504000
0.59695387,0.25672000,0.71504000
0.59691733,0.25672000,0.71512000
0.59689993,0.25680000,0.71512000
0.59689373,0.25680000,0.71520000
0.59687918,0.25680000,0.71528000
0.59685725,0.25688000,0.71536000
0.59687310,0.25688000,0.71528000
0.59676301,0.25696000,0.71544000
0.59676349,0.25696000,0.71536000
0.59663075,0.25704000,0.71544000
0.59663057,0.25712000,0.71544000
0.59650612,0.25712000,0.71552000
0.59646922,0.25712000,0.71560000
0.59640628,0.25720000,0.71568000
0.59645081,0.25720000,0.71560000
0.59637302,0.25728000,0.71568000
0.59619921,0.25728000,0.71576000
0.59618586,0.25728000,0.71584000
0.59617984,0.25736000,0.71584000
0.59612840,0.25744000,0.71584000
0.59612644,0.25760000,0.71584000
0.59607518,0.25768000,0.71584000
0.59604913,0.25776000,0.71584000
0.59600651,0.25776000,0.71600000
0.59603655,0.25776000,0.71592000
0.59598339,0.25784000,0.71600000
0.59593576,0.25784000,0.71608000
0.59565932,0.25792000,0.71624000
0.59568846,0.25792000,0.71616000
0.59576076,0.25792000,0.71608000
0.59555215,0.25800000,0.71624000
0.59554702,0.25800000,0.71632000
0.59554666,0.25808000,0.71632000
0.59543204,0.25808000,0.71640000
0.59542787,0.25808000,0.71648000
0.59539974,0.25808000,0.71656000
0.59538871,0.25816000,0.71664000
0.59539807,0.25816000,0.71656000
0.59535706,0.25816000,0.71672000
0.59527612,0.25824000,0.71680000
0.59532702,0.25824000,0.71672000
0.59526557,0.25832000,0.71680000
0.59522498,0.25840000,0.71688000
0.59520769,0.25840000,0.71696000
0.59516543,0.25840000,0.71704000
0.59524459,0.25840000,0.71680000
0.59514338,0.25848000,0.71704000
0.59509331,0.25856000,0.71704000
0.59503049,0.25856000,0.71712000
0.59500587,0.25864000,0.71712000
0.59491259,0.25872000,0.71720000
0.59491050,0.25872000,0.71728000
0.59492838,0.25872000,0.71712000
0.59488773,0.25872000,0.71736000
0.59484267,0.25872000,0.71744000
0.59465748,0.25880000,0.71752000
0.59471530,0.25880000,0.71744000
0.59463334,0.25888000,0.71752000
0.59456187,0.25896000,0.71760000
0.59459358,0.25896000,0.71752000
0.59452832,0.25904000,0.71760000
0.59448045,0.25912000,0.71760000
0.59447312,0.25920000,0.71760000
0.59440660,0.25928000,0.71760000
0.59433264,0.25928000,0.71768000
0.59415364,0.25936000,0.71776000
0.59427232,0.25936000,0.71768000
0.59400082,0.25944000,0.71792000
0.59408277,0.25944000,0.71776000
0.59400493,0.25944000,0.71784000
0.59396559,0.25952000,0.71792000
0.59390157,0.25960000,0.71792000
0.59385943,0.25960000,0.71800000
0.59377646,0.25968000,0.71816000
0.59366870,0.25968000,0.71824000
0.59380996,0.25968000,0.71808000
0.59356624,0.25968000,0.71840000
0.59365988,0.25968000,0.71832000
0.59383506,0.25968000,0.71800000
0.59335637,0.25976000,0.71856000
0.59335774,0.25976000,0.71848000
0.59332031,0.25976000,0.71864000
0.59342378,0.25976000,0.71840000
0.59300703,0.25984000,0.71888000
0.59291393,0.25984000,0.71896000
0.59274578,0.25984000,0.71912000
0.59302020,0.25984000,0.71880000
0.59316123,0.25984000,0.71872000
0.59325415,0.25984000,0.71864000
0.59288538,0.25984000,0.71904000
0.59268731,0.25984000,0.71928000
0.59274101,0.25984000,0.71920000
0.59257650,0.25992000,0.71928000
0.59257543,0.26000000,0.71928000
0.59253705,0.26000000,0.71936000
0.59246886,0.26008000,0.71944000
0.59251153,0.26008000,0.71936000
0.59244603,0.26016000,0.71944000
0.59240061,0.26016000,0.71952000
0.59236252,0.26016000,0.71960000
0.59229934,0.26016000,0.71968000
0.59206146,0.26024000,0.71968000
0.59192073,0.26032000,0.71968000
0.59189475,0.26040000,0.71968000
0.59186530,0.26048000,0.71968000
0.59184051,0.26048000,0.71976000
0.59160072,0.26056000,0.71992000
0.59165305,0.26056000,0.71984000
0.59178019,0.26056000,0.71976000
0.59157681,0.26064000,0.71992000
0.59135783,0.26072000,0.72016000
0.59150231,0.26072000,0.72000000
0.59150594,0.26072000,0.71992000
0.59145886,0.26072000,0.72008000
0.59122950,0.26080000,0.72024000
0.59116060,0.26080000,0.72032000
0.59132773,0.26080000,0.72016000
0.59083468,0.26088000,0.72088000
0.59099543,0.26088000,0.72048000
0.59092659,0.26088000,0.72064000
0.59091067,0.26088000,0.72080000
0.59092301,0.26088000,0.72072000
0.59099674,0.26088000,0.72040000
0.59112287,0.26088000,0.72032000
0.59099233,0.26088000,0.72056000
0.59071922,0.26096000,0.72088000
0.59065664,0.26096000,0.72096000
0.59062934,0.26104000,0.72096000
0.59055775,0.26112000,0.72104000
0.59059525,0.26112000,0.72096000
0.59043097,0.26112000,0.72112000
0.59036231,0.26120000,0.72120000
0.59024900,0.26120000,0.72128000
0.59042698,0.26120000,0.72112000
0.59023952,0.26128000,0.72128000
0.59019917,0.26136000,0.72128000
0.59019160,0.26136000,0.72136000
0.58962309,0.26144000,0.72176000
0.58998954,0.26144000,0.72160000
0.58976597,0.26144000,0.72168000
0.58958471,0.26144000,0.72184000
0.59008437,0.26144000,0.72136000
0.59004217,0.26144000,0.72152000
0.59007937,0.26144000,0.72144000
0.58931905,0.26152000,0.72192000
0.58955002,0.26152000,0.72184000
0.58930027,0.26160000,0.72192000
0.58919978,0.26168000,0.72192000
0.58908707,0.26176000,0.72192000
0.58905786,0.26184000,0.72200000
0.58906096,0.26184000,0.72192000
0.58886337,0.26192000,0.72232000
0.58898956,0.26192000,0.72216000
0.58904147,0.26192000,0.72200000
0.58900654,0.26192000,0.72208000
0.58897591,0.26192000,0.72224000
0.58876222,0.26200000,0.72232000
0.58868062,0.26200000,0.72240000
0.58851087,0.26208000,0.72240000
0.58849603,0.26216000,0.72240000
0.58848041,0.26224000,0.72240000
0.58844686,0.26232000,0.72256000
0.58847958,0.26232000,0.72240000
0.58847702,0.26232000,0.72248000
0.58841139,0.26240000,0.72264000
0.58838785,0.26240000,0.72272000
0.58841658,0.26240000,0.72256000
0.58823305,0.26240000,0.72280000
0.58817607,0.26248000,0.72280000
0.58811998,0.26256000,0.72288000
0.58804470,0.26256000,0.72304000
0.58808392,0.26256000,0.72296000
0.58799529,0.26256000,0.72312000
0.58814889,0.26256000,0.72280000
0.58799034,0.26264000,0.72312000
0.58798993,0.26272000,0.72312000
0.58791167,0.26280000,0.72312000
0.58740395,0.26288000,0.72328000
0.58756065,0.26288000,0.72320000
0.58756948,0.26288000,0.72312000
0.58737671,0.26296000,0.72328000
0.58736259,0.26304000,0.72328000
0.58725452,0.26304000,0.72336000
0.58716643,0.26312000,0.72336000
0.58715862,0.26320000,0.72336000
0.58711427,0.26328000,0.72336000
0.58707148,0.26336000,0.72336000
0.58702481,0.26336000,0.72344000
0.58698243,0.26336000,0.72352000
0.58688509,0.26344000,0.72352000
0.58683568,0.26344000,0.72360000
0.58680552,0.26352000,0.72360000
0.58678621,0.26360000,0.72360000
0.58675247,0.26368000,0.72360000
0.58666807,0.26368000,0.72376000
0.58671391,0.26368000,0.72368000
0.58666414,0.26376000,0.72376000
0.58651775,0.26376000,0.72384000
0.58647108,0.26384000,0.72384000
0.58646846,0.26392000,0.72384000
0.58646327,0.26392000,0.72392000
0.58629966,0.26400000,0.72392000
0.58626992,0.26408000,0.72400000
0.58627605,0.26408000,0.72392000
0.58622241,0.26416000,0.72408000
0.58623409,0.26416000,0.72400000
0.58619028,0.26424000,0.72408000
0.58611757,0.26424000,0.72416000
0.58610392,0.26432000,0.72416000
0.58606905,0.26440000,0.72416000
0.58603054,0.26440000,0.72424000
0.58592999,0.26440000,0.72432000
0.58590865,0.26448000,0.72432000
0.58584523,0.26448000,0.72440000
0.58575606,0.26448000,0.72448000
0.58569062,0.26448000,0.72456000
0.58559936,0.26456000,0.72456000
0.58559036,0.26464000,0.72456000
0.58544087,0.26464000,0.72464000
0.58538264,0.26472000,0.72472000
0.58542734,0.26472000,0.72464000
0.58534479,0.26480000,0.72472000
0.58534163,0.26488000,0.72472000
0.58529496,0.26488000,0.72480000
0.58523738,0.26496000,0.72480000
0.58522505,0.26504000,0.72480000
0.58513361,0.26512000,0.72480000
0.58506507,0.26512000,0.72488000
0.58501619,0.26520000,0.72488000
0.58496910,0.26520000,0.72496000
0.58496648,0.26520000,0.72504000
0.58494008,0.26528000,0.72504000
0.58486950,0.26536000,0.72504000
0.58477819,0.26544000,0.72504000
0.58464456,0.26552000,0.72504000
0.58456552,0.26552000,0.72512000
0.58455497,0.26552000,0.72520000
0.58432686,0.26560000,0.72552000
0.58447552,0.26560000,0.72528000
0.58453006,0.26560000,0.72520000
0.58435589,0.26560000,0.72544000
0.58441722,0.26560000,0.72536000
0.58421820,0.26568000,0.72552000
0.58413649,0.26568000,0.72560000
0.58407724,0.26568000,0.72568000
0.58407438,0.26568000,0.72576000
0.58406836,0.26568000,0.72584000
0.58406103,0.26568000,0.72592000
0.58386636,0.26576000,0.72600000
0.58377486,0.26584000,0.72600000
0.58374500,0.26584000,0.72608000
0.58354193,0.26592000,0.72624000
0.58373791,0.26592000,0.72608000
0.58359867,0.26592000,0.72616000
0.58349526,0.26592000,0.72632000
0.58342510,0.26600000,0.72632000
0.58334523,0.26608000,0.72632000
0.58332652,0.26608000,0.72640000
0.58331740,0.26616000,0.72640000
0.58329022,0.26616000,0.72648000
0.58324879,0.26624000,0.72656000
0.58311838,0.26624000,0.72680000
0.58326799,0.26624000,0.72648000
0.58323616,0.26624000,0.72664000
0.58319700,0.26624000,0.72672000
0.58302522,0.26632000,0.72680000
0.58297068,0.26632000,0.72688000
0.58294111,0.26640000,0.72688000
0.58290535,0.26640000,0.72696000
0.58266532,0.26648000,0.72704000
0.58283079,0.26648000,0.72696000
0.58253837,0.26648000,0.72736000
0.58262652,0.26648000,0.72720000
0.58265352,0.26648000,0.72712000
0.58225852,0.26656000,0.72744000
0.58244765,0.26656000,0.72736000
0.58204871,0.26664000,0.72744000
0.58202761,0.26664000,0.72752000
0.58185679,0.26672000,0.72752000
0.58180505,0.26672000,0.72760000
0.58172464,0.26680000,0.72760000
0.58156711,0.26688000,0.72768000
0.58166939,0.26688000,0.72760000
0.58146387,0.26696000,0.72768000
0.58143806,0.26704000,0.72768000
0.58140141,0.26712000,0.72768000
0.58132523,0.26720000,0.72768000
0.58124614,0.26720000,0.72776000
0.58119428,0.26720000,0.72784000
0.58119065,0.26720000,0.72792000
0.58109987,0.26720000,0.72800000
0.58107084,0.26728000,0.72800000
0.58077216,0.26728000,0.72832000
0.58083874,0.26728000,0.72816000
0.58102989,0.26728000,0.72808000
0.58083731,0.26728000,0.72824000
0.58071828,0.26736000,0.72832000
0.58071733,0.26744000,0.72832000
0.58065784,0.26744000,0.72840000
0.58061552,0.26752000,0.72840000
0.58055079,0.26752000,0.72848000
0.58044320,0.26760000,0.72848000
0.58038169,0.26760000,0.72856000
0.58036858,0.26768000,0.72856000
0.58029217,0.26776000,0.72856000
0.58022368,0.26776000,0.72888000
0.58024275,0.26776000,0.72872000
0.58025640,0.26776000,0.72864000
0.58020514,0.26784000,0.72888000
0.58017576,0.26792000,0.72888000
0.58010232,0.26800000,0.72888000
0.58004737,0.26800000,0.72896000
0.58004665,0.26808000,0.72896000
0.57999951,0.26816000,0.72896000
0.57999772,0.26816000,0.72904000
0.57997727,0.26824000,0.72904000
0.57974267,0.26824000,0.72912000
0.57973522,0.26832000,0.72912000
0.57953823,0.26840000,0.72920000
0.57953620,0.26840000,0.72928000
0.57972431,0.26840000,0.72912000
0.57953203,0.26848000,0.72928000
0.57949752,0.26856000,0.72928000
0.57943094,0.26856000,0.72936000
0.57936841,0.26864000,0.72936000
0.57931679,0.26872000,0.72936000
0.57908684,0.26880000,0.72952000
0.57923305,0.26880000,0.72944000
0.57931334,0.26880000,0.72936000
0.57906610,0.26888000,0.72960000
0.57907504,0.26888000,0.72952000
0.57901388,0.26896000,0.72960000
0.57896549,0.26904000,0.72968000
0.57897627,0.26904000,0.72960000
0.57892716,0.26912000,0.72968000
0.57892543,0.26912000,0.72976000
0.57890743,0.26920000,0.72976000
0.57889944,0.26920000,0.72984000
0.57866883,0.26920000,0.73000000
0.57874185,0.26920000,0.72992000
0.57865357,0.26928000,0.73000000
0.57857114,0.26936000,0.73008000
0.57860112,0.26936000,0.73000000
0.57853210,0.26944000,0.73008000
0.57846534,0.26944000,0.73016000
0.57837552,0.26952000,0.73016000
0.57837224,0.26960000,0.73016000
0.57834983,0.26968000,0.73016000
0.57828164,0.26968000,0.73024000
0.57826018,0.26976000,0.73024000
0.57825768,0.26984000,0.73024000
0.57819027,0.26992000,0.73024000
0.57817882,0.26992000,0.73032000
0.57817179,0.27000000,0.73032000
0.57813776,0.27008000,0.73032000
0.57803196,0.27008000,0.73040000
0.57794517,0.27008000,0.73048000
0.57793820,0.27016000,0.73048000
0.57790560,0.27024000,0.73048000
0.57779199,0.27032000,0.73056000
0.57786041,0.27032000,0.73048000
0.57759625,0.27040000,0.73056000
0.57757556,0.27048000,0.73056000
0.57742852,0.27048000,0.73064000
0.57738829,0.27056000,0.73064000
0.57738334,0.27056000,0.73072000
0.57732958,0.27064000,0.73088000
0.57737732,0.27064000,0.73080000
0.57738245,0.27064000,0.73072000
0.57722831,0.27072000,0.73104000
0.57727110,0.27072000,0.73096000
0.57732344,0.27072000,0.73088000
0.57719177,0.27080000,0.73104000
0.57713926,0.27088000,0.73104000
0.57709754,0.27088000,0.73112000
0.57690555,0.27088000,0.73120000
0.57690185,0.27096000,0.73120000
0.57686460,0.27104000,0.73120000
0.57679975,0.27112000,0.73120000
0.57669967,0.27120000,0.73128000
0.57674253,0.27120000,0.73120000
0.57661420,0.27128000,0.73136000
0.57663214,0.27128000,0.73128000
0.57659853,0.27136000,0.73136000
0.57653457,0.27144000,0.73144000
0.57650453,0.27144000,0.73152000
0.57654661,0.27144000,0.73136000
0.57648575,0.27152000,0.73152000
0.57639337,0.27160000,0.73160000
0.57644898,0.27160000,0.73152000
0.57637060,0.27168000,0.73160000
0.57626605,0.27176000,0.73176000
0.57627821,0.27176000,0.73168000
0.57629162,0.27176000,0.73160000
0.57620567,0.27184000,0.73184000
0.57622379,0.27184000,0.73176000
0.57612163,0.27192000,0.73184000
0.57597679,0.27200000,0.73192000
0.57601124,0.27200000,0.73184000
0.57595307,0.27208000,0.73200000
0.57596833,0.27208000,0.73192000
0.57594144,0.27208000,0.73208000
0.57582372,0.27216000,0.73216000
0.57593715,0.27216000,0.73208000
0.57581711,0.27224000,0.73216000
0.57580489,0.27232000,0.73216000
0.57579857,0.27232000,0.73224000
0.57575667,0.27248000,0.73224000
0.57574713,0.27248000,0.73240000
0.57575083,0.27248000,0.73232000
0.57564253,0.27256000,0.73248000
0.57566208,0.27256000,0.73240000
0.57558608,0.27264000,0.73248000
0.57550496,0.27272000,0.73256000
0.57553566,0.27272000,0.73248000
0.57540345,0.27272000,0.73264000
0.57533479,0.27280000,0.73264000
0.57522869,0.27280000,0.73288000
0.57530403,0.27280000,0.73272000
0.57517928,0.27288000,0.73304000
0.57505035,0.27288000,0.73320000
0.57513630,0.27288000,0.73312000
0.57518893,0.27288000,0.73288000
0.57504749,0.27296000,0.73320000
0.57491410,0.27304000,0.73328000
0.57492864,0.27304000,0.73320000
0.57476968,0.27312000,0.73336000
0.57485276,0.27312000,0.73328000
0.57476318,0.27320000,0.73336000
0.57473534,0.27328000,0.73336000
0.57471400,0.27336000,0.73336000
0.57460415,0.27336000,0.73360000
0.57469636,0.27336000,0.73344000
0.57460499,0.27336000,0.73352000
0.57458007,0.27344000,0.73376000
0.57460374,0.27344000,0.73360000
0.57458961,0.27344000,0.73368000
0.57454473,0.27352000,0.73376000
0.57446986,0.27360000,0.73376000
0.57445216,0.27368000,0.73384000
0.57446063,0.27368000,0.73376000
0.57442552,0.27376000,0.73384000
0.57440233,0.27376000,0.73392000
0.57438910,0.27384000,0.73392000
0.57436544,0.27384000,0.73400000
0.57429266,0.27392000,0.73408000
0.57432657,0.27392000,0.73400000
0.57425976,0.27400000,0.73408000
0.57402110,0.27400000,0.73416000
0.57397264,0.27408000,0.73416000
0.57394785,0.27416000,0.73416000
0.57394075,0.27424000,0.73416000
0.57391101,0.27424000,0.73424000
0.57386756,0.27432000,0.73424000
0.57385051,0.27440000,0.73424000
0.57384825,0.27448000,0.73424000
0.57380503,0.27448000,0.73432000
0.57374316,0.27456000,0.73432000
0.57370847,0.27456000,0.73440000
0.57367307,0.27464000,0.73440000
0.57365614,0.27472000,0.73440000
0.57358229,0.27472000,0.73448000
0.57337016,0.27488000,0.73464000
0.57334107,0.27488000,0.73472000
0.57345849,0.27488000,0.73456000
0.57354122,0.27488000,0.73448000
0.57324618,0.27488000,0.73488000
0.57327485,0.27488000,0.73480000
0.57311243,0.27496000,0.73496000
0.57321465,0.27496000,0.73488000
0.57302856,0.27496000,0.73504000
0.57301551,0.27504000,0.73504000
0.57295257,0.27512000,0.73504000
0.57283890,0.27520000,0.73504000
0.57280689,0.27528000,0.73504000
0.57278341,0.27536000,0.73504000
0.57271510,0.27544000,0.73504000
0.57259917,0.27552000,0.73512000
0.57267869,0.27552000,0.73504000
0.57258940,0.27560000,0.73512000
0.57254910,0.27568000,0.73512000
0.57251000,0.27576000,0.73512000
0.57250422,0.27576000,0.73520000
0.57245421,0.27584000,0.73520000
0.57240134,0.27584000,0.73528000
0.57234979,0.27592000,0.73536000
0.57237023,0.27592000,0.73528000
0.57233083,0.27592000,0.73544000
0.57225889,0.27600000,0.73544000
0.57221043,0.27608000,0.73544000
0.57206184,0.27616000,0.73544000
0.57204419,0.27624000,0.73544000
0.57198834,0.27632000,0.73552000
0.57199985,0.27632000,0.73544000
0.57196772,0.27640000,0.73552000
0.57190961,0.27648000,0.73552000
0.57183820,0.27656000,0.73552000
0.57180423,0.27664000,0.73552000
0.57171476,0.27672000,0.73552000
0.57171381,0.27680000,0.73552000
0.57162130,0.27688000,0.73552000
0.57161820,0.27696000,0.73552000
0.57136005,0.27704000,0.73576000
0.57138062,0.27704000,0.73568000
0.57152992,0.27704000,0.73560000
0.57153052,0.27704000,0.73552000
0.57132745,0.27704000,0.73592000
0.57133400,0.27704000,0.73584000
0.57121342,0.27712000,0.73592000
0.57120943,0.27720000,0.73592000
0.57118088,0.27736000,0.73592000
0.57117534,0.27744000,0.73592000
0.57117474,0.27744000,0.73600000
0.57106650,0.27744000,0.73608000
0.57103956,0.27752000,0.73608000
0.57103664,0.27752000,0.73616000
0.57100612,0.27752000,0.73624000
0.57100344,0.27760000,0.73624000
0.57091403,0.27760000,0.73656000
0.57093883,0.27760000,0.73648000
0.57077128,0.27760000,0.73672000
0.57079929,0.27760000,0.73664000
0.57097793,0.27760000,0.73632000
0.57097328,0.27760000,0.73640000
0.57055521,0.27768000,0.73672000
0.57046336,0.27776000,0.73680000
0.57050055,0.27776000,0.73672000
0.57044178,0.27776000,0.73688000
0.57039571,0.27784000,0.73688000
0.57039517,0.27792000,0.73688000
0.57021195,0.27800000,0.73704000
0.57022369,0.27800000,0.73696000
0.57014805,0.27800000,0.73720000
0.57024169,0.27800000,0.73688000
0.57016057,0.27800000,0.73712000
0.57009113,0.27808000,0.73720000
0.57004809,0.27816000,0.73728000
0.57007003,0.27816000,0.73720000
0.57001835,0.27824000,0.73728000
0.56997126,0.27832000,0.73728000
0.56988299,0.27840000,0.73728000
0.56987947,0.27848000,0.73728000
0.56974977,0.27848000,0.73736000
0.56973380,0.27856000,0.73736000
0.56963539,0.27864000,0.73744000
0.56934625,0.27864000,0.73760000
0.56966525,0.27864000,0.73736000
0.56931120,0.27864000,0.73768000
0.56938869,0.27864000,0.73752000
0.56921893,0.27872000,0.73768000
0.56905699,0.27880000,0.73784000
0.56883174,0.27880000,0.73792000
0.56873363,0.27880000,0.73800000
0.56907821,0.27880000,0.73776000
0.56914014,0.27880000,0.73768000
0.56867433,0.27888000,0.73808000
0.56868702,0.27888000,0.73800000
0.56836855,0.27888000,0.73840000
0.56858432,0.27888000,0.73816000
0.56848061,0.27888000,0.73824000
0.56839764,0.27888000,0.73832000
0.56820190,0.27896000,0.73848000
0.56832433,0.27896000,0.73840000
0.56791031,0.27904000,0.73864000
0.56807733,0.27904000,0.73856000
0.56818074,0.27904000,0.73848000
0.56789690,0.27912000,0.73864000
0.56784660,0.27912000,0.73872000
0.56784546,0.27912000,0.73880000
0.56779611,0.27920000,0.73888000
0.56780314,0.27920000,0.73880000
0.56768519,0.27928000,0.73896000
0.56768930,0.27928000,0.73888000
0.56766528,0.27936000,0.73896000
0.56762046,0.27944000,0.73896000
0.56759989,0.27952000,0.73896000
0.56757826,0.27952000,0.73904000
0.56756818,0.27960000,0.73904000
0.56754476,0.27968000,0.73904000
0.56718993,0.27976000,0.73928000
0.56744570,0.27976000,0.73904000
0.56725824,0.27976000,0.73920000
0.56731862,0.27976000,0.73912000
0.56717324,0.27984000,0.73928000
0.56706649,0.27992000,0.73928000
0.56701714,0.28008000,0.73928000
0.56701106,0.28008000,0.73936000
0.56698823,0.28016000,0.73936000
0.56697273,0.28016000,0.73944000
0.56695187,0.28024000,0.73944000
0.56690496,0.28032000,0.73944000
0.56678671,0.28040000,0.73952000
0.56684732,0.28040000,0.73944000
0.56674808,0.28040000,0.73960000
0.56673747,0.28040000,0.73968000
0.56673396,0.28048000,0.73976000
0.56673640,0.28048000,0.73968000
0.56671798,0.28056000,0.73976000
0.56658167,0.28064000,0.73984000
0.56664842,0.28064000,0.73976000
0.56654650,0.28072000,0.73984000
0.56652844,0.28080000,0.73984000
0.56625050,0.28088000,0.74000000
0.56650978,0.28088000,0.73984000
0.56641465,0.28088000,0.73992000
0.56619072,0.28096000,0.74000000
0.56615472,0.28104000,0.74000000
0.56609237,0.28112000,0.74008000
0.56600136,0.28112000,0.74016000
0.56614691,0.28112000,0.74000000
0.56592441,0.28120000,0.74016000
0.56586480,0.28128000,0.74016000
0.56574601,0.28136000,0.74032000
0.56574649,0.28136000,0.74024000
0.56579345,0.28136000,0.74016000
0.56569922,0.28136000,0.74040000
0.56558740,0.28144000,0.74056000
0.56564242,0.28144000,0.74040000
0.56560946,0.28144000,0.74048000
0.56551671,0.28152000,0.74056000
0.56533927,0.28160000,0.74080000
0.56549519,0.28160000,0.74064000
0.56549948,0.28160000,0.74056000
0.56524587,0.28160000,0.74096000
0.56521928,0.28160000,0.74104000
0.56541061,0.28160000,0.74072000
0.56528807,0.28160000,0.74088000
0.56518894,0.28176000,0.74104000
0.56517446,0.28176000,0.74112000
0.56513977,0.28184000,0.74112000
0.56507015,0.28184000,0.74120000
0.56493109,0.28192000,0.74120000
0.56490660,0.28192000,0.74128000
0.56474090,0.28200000,0.74128000
0.56471008,0.28208000,0.74128000
0.56470644,0.28216000,0.74128000
0.56468391,0.28216000,0.74136000
0.56464541,0.28224000,0.74144000
0.56465316,0.28224000,0.74136000
0.56441355,0.28232000,0.74160000
0.56453061,0.28232000,0.74144000
0.56419176,0.28232000,0.74192000
0.56420600,0.28232000,0.74184000
0.56426990,0.28232000,0.74176000
0.56442255,0.28232000,0.74152000
0.56432706,0.28232000,0.74168000
0.56409413,0.28240000,0.74192000
0.56399029,0.28248000,0.74192000
0.56396383,0.28248000,0.74200000
0.56392169,0.28256000,0.74200000
0.56370676,0.28264000,0.74240000
0.56389356,0.28264000,0.74200000
0.56384856,0.28264000,0.74216000
0.56387156,0.28264000,0.74208000
0.56370908,0.28264000,0.74232000
0.56383032,0.28264000,0.74224000
0.56368434,0.28272000,0.74240000
0.56366456,0.28280000,0.74240000
0.56350392,0.28288000,0.74256000
0.56353551,0.28288000,0.74248000
0.56343579,0.28288000,0.74280000
0.56346434,0.28288000,0.74264000
0.56343842,0.28288000,0.74272000
0.56358647,0.28288000,0.74240000
0.56337368,0.28296000,0.74280000
0.56335592,0.28296000,0.74288000
0.56318098,0.28304000,0.74304000
0.56320560,0.28304000,0.74296000
0.56330889,0.28304000,0.74288000
0.56305665,0.28312000,0.74304000
0.56298363,0.28312000,0.74328000
0.56302702,0.28312000,0.74312000
0.56300682,0.28312000,0.74320000
0.56284696,0.28320000,0.74328000
0.56275797,0.28336000,0.74328000
0.56245667,0.28344000,0.74352000
0.56253248,0.28344000,0.74336000
0.56255752,0.28344000,0.74328000
0.56246138,0.28344000,0.74344000
0.56244951,0.28352000,0.74352000
0.56227237,0.28360000,0.74360000
0.56232649,0.28360000,0.74352000
0.56216919,0.28368000,0.74360000
0.56208372,0.28368000,0.74368000
0.56208086,0.28376000,0.74368000
0.56191421,0.28376000,0.74376000
0.56187153,0.28376000,0.74384000
0.56172413,0.28384000,0.74384000
0.56165612,0.28384000,0.74392000
0.56154555,0.28392000,0.74400000
0.56154597,0.28392000,0.74392000
0.56149417,0.28400000,0.74400000
0.56132245,0.28408000,0.74400000
0.56125516,0.28416000,0.74400000
0.56109464,0.28424000,0.74400000
0.56104648,0.28432000,0.74400000
0.56092179,0.28440000,0.74400000
0.56085330,0.28448000,0.74400000
0.56063163,0.28456000,0.74400000
0.56058127,0.28464000,0.74400000
0.56047940,0.28472000,0.74408000
0.56006783,0.28472000,0.74448000
0.56023943,0.28472000,0.74432000
0.56026769,0.28472000,0.74424000
0.56048083,0.28472000,0.74400000
0.56038320,0.28472000,0.74416000
0.56019121,0.28472000,0.74440000
0.56000876,0.28480000,0.74456000
0.56006640,0.28480000,0.74448000
0.56000865,0.28488000,0.74456000
0.56000745,0.28496000,0.74456000
0.55994815,0.28504000,0.74488000
0.55999339,0.28504000,0.74456000
0.55997169,0.28504000,0.74472000
0.55997658,0.28504000,0.74464000
0.55995172,0.28504000,0.74480000
0.55984688,0.28512000,0.74504000
0.55993259,0.28512000,0.74488000
0.55992138,0.28512000,0.74496000
0.55970615,0.28520000,0.74512000
0.55976415,0.28520000,0.74504000
0.55969632,0.28528000,0.74512000
0.55963558,0.28536000,0.74512000
0.55962533,0.28536000,0.74520000
0.55950737,0.28544000,0.74520000
0.55940133,0.28544000,0.74528000
0.55939543,0.28552000,0.74528000
0.55926198,0.28560000,0.74528000
0.55924129,0.28568000,0.74528000
0.55922854,0.28568000,0.74536000
0.55913621,0.28576000,0.74544000
0.55917448,0.28576000,0.74536000
0.55900747,0.28584000,0.74544000
0.55880141,0.28592000,0.74552000
0.55879235,0.28592000,0.74560000
0.55890656,0.28592000,0.74544000
0.55878121,0.28600000,0.74568000
0.55878627,0.28600000,0.74560000
0.55876535,0.28600000,0.74576000
0.55872041,0.28608000,0.74576000
0.55868721,0.28608000,0.74584000
0.55843234,0.28616000,0.74600000
0.55847478,0.28616000,0.74584000
0.55846071,0.28616000,0.74592000
0.55840361,0.28616000,0.74608000
0.55763638,0.28624000,0.74648000
0.55778515,0.28624000,0.74624000
0.55767816,0.28624000,0.74632000
0.55766904,0.28624000,0.74640000
0.55788833,0.28624000,0.74616000
0.55794305,0.28624000,0.74608000
0.55734420,0.28632000,0.74664000
0.55752999,0.28632000,0.74648000
0.55743408,0.28632000,0.74656000
0.55723548,0.28640000,0.74688000
0.55728716,0.28640000,0.74664000
0.55725634,0.28640000,0.74680000
0.55727971,0.28640000,0.74672000
0.55717552,0.28640000,0.74696000
0.55711424,0.28648000,0.74696000
0.55704099,0.28656000,0.74696000
0.55690825,0.28664000,0.74696000
0.55684304,0.28672000,0.74696000
0.55680454,0.28680000,0.74696000
0.55669951,0.28688000,0.74704000
0.55663288,0.28688000,0.74720000
0.55668068,0.28688000,0.74712000
0.55645114,0.28688000,0.74752000
0.55650860,0.28688000,0.74728000
0.55650806,0.28688000,0.74736000
0.55648732,0.28688000,0.74744000
0.55673242,0.28688000,0.74696000
0.55638355,0.28696000,0.74752000
0.55635571,0.28704000,0.74760000
0.55637527,0.28704000,0.74752000
0.55634141,0.28712000,0.74760000
0.55614817,0.28720000,0.74776000
0.55618978,0.28720000,0.74768000
0.55627298,0.28720000,0.74760000
0.55598646,0.28728000,0.74776000
0.55596137,0.28728000,0.74784000
0.55590218,0.28736000,0.74792000
0.55592096,0.28736000,0.74784000
0.55585617,0.28736000,0.74800000
0.55577439,0.28744000,0.74816000
0.55577910,0.28744000,0.74808000
0.55584180,0.28744000,0.74800000
0.55574417,0.28752000,0.74824000
0.55576766,0.28752000,0.74816000
0.55574191,0.28760000,0.74824000
0.55573803,0.28768000,0.74832000
0.55574167,0.28768000,0.74824000
0.55556524,0.28768000,0.74856000
0.55550659,0.28768000,0.74872000
0.55569875,0.28768000,0.74848000
0.55570877,0.28768000,0.74840000
0.55545062,0.28776000,0.74872000
0.55515057,0.28776000,0.74920000
0.55537337,0.28776000,0.74896000
0.55539167,0.28776000,0.74888000
0.55541551,0.28776000,0.74880000
0.55531251,0.28776000,0.74904000
0.55518949,0.28776000,0.74912000
0.55510634,0.28784000,0.74920000
0.55502200,0.28792000,0.74920000
0.55486566,0.28792000,0.74928000
0.55478621,0.28800000,0.74928000
0.55477673,0.28808000,0.74928000
0.55444252,0.28816000,0.74960000
0.55472225,0.28816000,0.74928000
0.55466872,0.28816000,0.74944000
0.55448622,0.28816000,0.74952000
0.55467689,0.28816000,0.74936000
0.55443150,0.28824000,0.74960000
0.55440056,0.28824000,0.74968000
0.55435443,0.28832000,0.74968000
0.55429667,0.28840000,0.74976000
0.55433249,0.28840000,0.74968000
0.55423713,0.28840000,0.74984000
0.55408943,0.28848000,0.75000000
0.55393511,0.28848000,0.75008000
0.55410552,0.28848000,0.74992000
0.55418622,0.28848000,0.74984000
0.55383772,0.28848000,0.75016000
0.55382591,0.28856000,0.75016000
0.55378383,0.28856000,0.75024000
0.55345821,0.28864000,0.75064000
0.55340779,0.28864000,0.75072000
0.55348891,0.28864000,0.75048000
0.55346173,0.28864000,0.75056000
0.55360645,0.28864000,0.75040000
0.55365258,0.28864000,0.75024000
0.55363685,0.28864000,0.75032000
0.55337703,0.28872000,0.75072000
0.55336303,0.28880000,0.75072000
0.55327308,0.28888000,0.75072000
0.55325603,0.28888000,0.75080000
0.55322760,0.28896000,0.75080000
0.55300289,0.28896000,0.75088000
0.55287760,0.28904000,0.75104000
0.55299932,0.28904000,0.75088000
0.55295944,0.28904000,0.75096000
0.55285650,0.28912000,0.75104000
0.55285358,0.28912000,0.75112000
0.55264735,0.28920000,0.75128000
0.55282903,0.28920000,0.75112000
0.55267453,0.28920000,0.75120000
0.55254233,0.28928000,0.75128000
0.55244994,0.28936000,0.75128000
0.55243307,0.28944000,0.75128000
0.55240494,0.28952000,0.75128000
0.55237752,0.28960000,0.75136000
0.55240136,0.28960000,0.75128000
0.55223745,0.28968000,0.75152000
0.55227000,0.28968000,0.75144000
0.55229211,0.28968000,0.75136000
0.55213588,0.28976000,0.75160000
0.55214721,0.28976000,0.75152000
0.55212623,0.28984000,0.75160000
0.55205882,0.28992000,0.75160000
0.55196589,0.29000000,0.75160000
0.55196077,0.29008000,0.75160000
0.55184382,0.29016000,0.75168000
0.55189079,0.29016000,0.75160000
0.55183405,0.29024000,0.75168000
0.55182582,0.29024000,0.75184000
0.55183184,0.29024000,0.75176000
0.55182201,0.29032000,0.75184000
0.55180579,0.29032000,0.75192000
0.55174619,0.29032000,0.75200000
0.55173808,0.29040000,0.75200000
0.55168855,0.29048000,0.75200000
0.55166113,0.29056000,0.75200000
0.55157828,0.29064000,0.75208000
0.55163008,0.29064000,0.75200000
0.55154210,0.29072000,0.75208000
0.55152631,0.29080000,0.75208000
0.55152613,0.29088000,0.75208000
0.55135232,0.29096000,0.75208000
0.55134648,0.29104000,0.75208000
0.55132973,0.29112000,0.75208000
0.55108982,0.29112000,0.75216000
0.55102926,0.29120000,0.75216000
0.55099678,0.29128000,0.75224000
0.55097848,0.29128000,0.75232000
0.55100465,0.29128000,0.75216000
0.55095202,0.29136000,0.75232000
0.55093527,0.29144000,0.75232000
0.55083215,0.29152000,0.75256000
0.55083513,0.29152000,0.75240000
0.55085695,0.29152000,0.75232000
0.55083358,0.29152000,0.75248000
0.55033547,0.29160000,0.75304000
0.55017018,0.29160000,0.75312000
0.55014688,0.29160000,0.75320000
0.55010164,0.29160000,0.75328000
0.55064988,0.29160000,0.75272000
0.55063701,0.29160000,0.75280000
0.55044907,0.29160000,0.75296000
0.55062532,0.29160000,0.75288000
0.55073434,0.29160000,0.75256000
0.55070394,0.29160000,0.75264000
0.54998285,0.29168000,0.75352000
0.55004776,0.29168000,0.75344000
0.55007535,0.29168000,0.75336000
0.55009615,0.29168000,0.75328000
0.54993832,0.29168000,0.75360000
0.54991281,0.29176000,0.75368000
0.54992086,0.29176000,0.75360000
0.54982859,0.29176000,0.75376000
0.54981470,0.29184000,0.75376000
0.54981375,0.29192000,0.75376000
0.54974103,0.29192000,0.75384000
0.54964721,0.29200000,0.75384000
0.54961520,0.29208000,0.75384000
0.54931593,0.29216000,0.75416000
0.54951084,0.29216000,0.75400000
0.54934514,0.29216000,0.75408000
0.54956770,0.29216000,0.75384000
0.54953182,0.29216000,0.75392000
0.54923314,0.29224000,0.75416000
0.54920483,0.29232000,0.75424000
0.54922283,0.29232000,0.75416000
0.54919755,0.29240000,0.75424000
0.54918027,0.29248000,0.75424000
0.54891831,0.29256000,0.75424000
0.54869133,0.29264000,0.75432000
0.54880977,0.29264000,0.75424000
0.54850197,0.29272000,0.75432000
0.54835778,0.29272000,0.75440000
0.54832870,0.29280000,0.75440000
0.54821140,0.29288000,0.75448000
0.54829371,0.29288000,0.75440000
0.54806048,0.29296000,0.75472000
0.54817277,0.29296000,0.75456000
0.54814821,0.29296000,0.75464000
0.54819661,0.29296000,0.75448000
0.54800922,0.29304000,0.75472000
0.54791760,0.29304000,0.75480000
0.54791313,0.29312000,0.75480000
0.54788822,0.29320000,0.75480000
0.54787934,0.29328000,0.75480000
0.54784495,0.29328000,0.75488000
0.54783159,0.29336000,0.75488000
0.54775214,0.29344000,0.75488000
0.54773051,0.29352000,0.75488000
0.54770344,0.29360000,0.75496000
0.54770833,0.29360000,0.75488000
0.54760623,0.29368000,0.75496000
0.54756725,0.29376000,0.75496000
0.54755032,0.29384000,0.75496000
0.54753846,0.29392000,0.75496000
0.54747152,0.29392000,0.75504000
0.54741740,0.29392000,0.75512000
0.54739988,0.29400000,0.75520000
0.54741651,0.29400000,0.75512000
0.54739654,0.29408000,0.75520000
0.54733807,0.29416000,0.75520000
0.54704857,0.29424000,0.75536000
0.54699558,0.29424000,0.75544000
0.54713583,0.29424000,0.75528000
0.54714429,0.29424000,0.75520000
0.54686916,0.29432000,0.75560000
0.54686874,0.29432000,0.75568000
0.54688567,0.29432000,0.75552000
0.54691750,0.29432000,0.75544000
0.54684126,0.29440000,0.75568000
0.54682857,0.29448000,0.75568000
0.54682755,0.29456000,0.75568000
0.54671913,0.29456000,0.75576000
0.54651397,0.29464000,0.75592000
0.54657465,0.29464000,0.75584000
0.54659271,0.29464000,0.75576000
0.54650879,0.29472000,0.75592000
0.54645002,0.29480000,0.75592000
0.54636669,0.29488000,0.75592000
0.54624921,0.29504000,0.75592000
0.54624003,0.29512000,0.75592000
0.54621267,0.29512000,0.75600000
0.54616499,0.29520000,0.75600000
0.54614824,0.29528000,0.75600000
0.54603690,0.29536000,0.75608000
0.54600525,0.29536000,0.75616000
0.54608303,0.29536000,0.75600000
0.54594558,0.29544000,0.75624000
0.54598117,0.29544000,0.75616000
0.54592335,0.29552000,0.75624000
0.54592121,0.29560000,0.75624000
0.54587477,0.29568000,0.75624000
0.54586571,0.29576000,0.75624000
0.54584795,0.29584000,0.75624000
0.54570496,0.29592000,0.75656000
0.54580021,0.29592000,0.75632000
0.54571021,0.29592000,0.75648000
0.54572952,0.29592000,0.75640000
0.54580206,0.29592000,0.75624000
0.54556698,0.29600000,0.75656000
0.54539412,0.29608000,0.75664000
0.54546696,0.29608000,0.75656000
0.54508102,0.29616000,0.75696000
0.54523075,0.29616000,0.75680000
0.54510355,0.29616000,0.75688000
0.54526711,0.29616000,0.75672000
0.54539001,0.29616000,0.75664000
0.54500443,0.29624000,0.75704000
0.54503262,0.29624000,0.75696000
0.54467577,0.29632000,0.75720000
0.54480702,0.29632000,0.75712000
0.54493868,0.29632000,0.75704000
0.54465437,0.29632000,0.75728000
0.54460257,0.29632000,0.75744000
0.54465091,0.29632000,0.75736000
0.54451501,0.29640000,0.75744000
0.54444146,0.29640000,0.75760000
0.54449701,0.29640000,0.75752000
0.54443926,0.29648000,0.75760000
0.54443288,0.29656000,0.75760000
0.54443282,0.29656000,0.75768000
0.54441899,0.29664000,0.75768000
0.54440904,0.29672000,0.75768000
0.54437166,0.29680000,0.75768000
0.54436147,0.29680000,0.75776000
0.54432106,0.29688000,0.75776000
0.54431379,0.29696000,0.75776000
0.54425937,0.29696000,0.75800000
0.54430538,0.29696000,0.75784000
0.54429591,0.29696000,0.75792000
0.54414034,0.29704000,0.75808000
0.54420769,0.29704000,0.75800000
0.54397053,0.29712000,0.75816000
0.54405439,0.29712000,0.75808000
0.54389632,0.29712000,0.75824000
0.54354233,0.29720000,0.75840000
0.54368985,0.29720000,0.75832000
0.54380441,0.29720000,0.75824000
0.54345042,0.29728000,0.75848000
0.54353905,0.29728000,0.75840000
0.54339945,0.29728000,0.75856000
0.54338926,0.29736000,0.75856000
0.54337800,0.29736000,0.75864000
0.54330564,0.29744000,0.75864000
0.54324043,0.29752000,0.75864000
0.54322064,0.29760000,0.75864000
0.54313958,0.29768000,0.75872000
0.54306680,0.29768000,0.75880000
0.54318649,0.29768000,0.75864000
0.54304200,0.29776000,0.75880000
0.54293209,0.29784000,0.75888000
0.54300672,0.29784000,0.75880000
0.54284298,0.29792000,0.75896000
0.54272217,0.29792000,0.75904000
0.54286790,0.29792000,0.75888000
0.54270506,0.29800000,0.75904000
0.54262978,0.29800000,0.75920000
0.54266107,0.29800000,0.75912000
0.54259270,0.29808000,0.75920000
0.54251200,0.29816000,0.75920000
0.54237175,0.29824000,0.75920000
0.54236799,0.29832000,0.75920000
0.54233283,0.29840000,0.75920000
0.54216838,0.29848000,0.75936000
0.54214710,0.29848000,0.75944000
0.54231346,0.29848000,0.75920000
0.54231024,0.29848000,0.75928000
0.54205674,0.29856000,0.75952000
0.54207253,0.29856000,0.75944000
0.54200476,0.29864000,0.75952000
0.54200232,0.29872000,0.75952000
0.54198951,0.29880000,0.75952000
0.54189789,0.29888000,0.75984000
0.54189825,0.29888000,0.75976000
0.54196995,0.29888000,0.75960000
0.54196477,0.29888000,0.75968000
0.54198575,0.29888000,0.75952000
0.54188579,0.29896000,0.75984000
0.54183942,0.29904000,0.75984000
0.54183042,0.29912000,0.75984000
0.54159606,0.29912000,0.76024000
0.54154271,0.29912000,0.76032000
0.54161435,0.29912000,0.76016000
0.54161441,0.29912000,0.76008000
0.54143667,0.29912000,0.76048000
0.54174811,0.29912000,0.76000000
0.54178500,0.29912000,0.75992000
0.54151475,0.29912000,0.76040000
0.54140252,0.29920000,0.76056000
0.54135656,0.29920000,0.76064000
0.54140741,0.29920000,0.76048000
0.54133373,0.29928000,0.76064000
0.54132968,0.29936000,0.76064000
0.54129773,0.29944000,0.76072000
0.54132384,0.29944000,0.76064000
0.54124516,0.29944000,0.76080000
0.54109102,0.29952000,0.76080000
0.54098952,0.29960000,0.76080000
0.54097342,0.29968000,0.76080000
0.54076129,0.29968000,0.76088000
0.54051906,0.29976000,0.76088000
0.54049367,0.29976000,0.76096000
0.54037833,0.29984000,0.76096000
0.54036850,0.29992000,0.76096000
0.54036123,0.30000000,0.76096000
0.54035360,0.30008000,0.76096000
0.54033327,0.30016000,0.76096000
0.54028112,0.30024000,0.76096000
0.54027760,0.30032000,0.76104000
0.54025120,0.30032000,0.76112000
0.54027909,0.30032000,0.76096000
0.54017740,0.30040000,0.76112000
0.54013622,0.30040000,0.76120000
0.54005700,0.30048000,0.76128000
0.54007542,0.30048000,0.76120000
0.53998411,0.30056000,0.76136000
0.53994590,0.30056000,0.76144000
0.53998506,0.30056000,0.76128000
0.53990930,0.30064000,0.76144000
0.53987652,0.30072000,0.76144000
0.53980047,0.30080000,0.76152000
0.53986627,0.30080000,0.76144000
0.53977656,0.30088000,0.76152000
0.53972286,0.30096000,0.76152000
0.53965551,0.30104000,0.76152000
0.53963250,0.30112000,0.76152000
0.53956199,0.30120000,0.76160000
0.53955781,0.30120000,0.76168000
0.53961647,0.30120000,0.76152000
0.53952438,0.30128000,0.76168000
0.53950554,0.30136000,0.76168000
0.53936416,0.30144000,0.76176000
0.53937632,0.30144000,0.76168000
0.53935653,0.30152000,0.76176000
0.53926688,0.30152000,0.76184000
0.53913963,0.30152000,0.76192000
0.53908700,0.30160000,0.76192000
0.53904521,0.30160000,0.76200000
0.53900480,0.30168000,0.76200000
0.53892630,0.30168000,0.76208000
0.53877616,0.30176000,0.76216000
0.53885669,0.30176000,0.76208000
0.53874010,0.30176000,0.76224000
0.53872752,0.30184000,0.76224000
0.53871673,0.30192000,0.76224000
0.53843939,0.30200000,0.76240000
0.53840595,0.30200000,0.76248000
0.53861237,0.30200000,0.76232000
0.53865486,0.30200000,0.76224000
0.53838134,0.30208000,0.76248000
0.53834921,0.30216000,0.76248000
0.53825527,0.30224000,0.76264000
0.53832668,0.30224000,0.76248000
0.53829747,0.30224000,0.76256000
0.53824121,0.30232000,0.76264000
0.53811401,0.30240000,0.76272000
0.53812742,0.30240000,0.76264000
0.53803533,0.30248000,0.76280000
0.53801244,0.30248000,0.76288000
0.53805399,0.30248000,0.76272000
0.53795332,0.30256000,0.76288000
0.53785658,0.30256000,0.76296000
0.53777504,0.30264000,0.76296000
0.53769600,0.30264000,0.76304000
0.53764224,0.30264000,0.76312000
0.53759307,0.30272000,0.76312000
0.53758991,0.30280000,0.76312000
0.53752410,0.30280000,0.76328000
0.53757089,0.30280000,0.76320000
0.53745496,0.30288000,0.76328000
0.53737557,0.30296000,0.76336000
0.53727001,0.30296000,0.76344000
0.53742605,0.30296000,0.76328000
0.53720796,0.30304000,0.76344000
0.53716648,0.30304000,0.76352000
0.53704488,0.30312000,0.76360000
0.53710800,0.30312000,0.76352000
0.53699356,0.30312000,0.76376000
0.53702474,0.30312000,0.76368000
0.53691453,0.30320000,0.76376000
0.53686500,0.30320000,0.76384000
0.53686363,0.30328000,0.76384000
0.53682762,0.30336000,0.76392000
0.53680515,0.30336000,0.76408000
0.53683239,0.30336000,0.76384000
0.53681612,0.30336000,0.76400000
0.53651232,0.30344000,0.76432000
0.53665900,0.30344000,0.76416000
0.53649426,0.30344000,0.76440000
0.53668422,0.30344000,0.76408000
0.53659886,0.30344000,0.76424000
0.53648275,0.30352000,0.76440000
0.53642821,0.30360000,0.76448000
0.53645837,0.30360000,0.76440000
0.53640980,0.30368000,0.76448000
0.53632981,0.30376000,0.76448000
0.53632474,0.30384000,0.76448000
0.53630280,0.30392000,0.76448000
0.53609627,0.30392000,0.76480000
0.53630042,0.30392000,0.76456000
0.53622770,0.30392000,0.76464000
0.53613514,0.30392000,0.76472000
0.53587043,0.30400000,0.76488000
0.53600049,0.30400000,0.76480000
0.53577626,0.30408000,0.76496000
0.53584886,0.30408000,0.76488000
0.53560156,0.30416000,0.76496000
0.53558624,0.30424000,0.76496000
0.53556669,0.30432000,0.76496000
0.53554463,0.30432000,0.76504000
0.53536183,0.30432000,0.76520000
0.53542328,0.30432000,0.76512000
0.53532922,0.30440000,0.76520000
0.53531903,0.30448000,0.76520000
0.53528893,0.30448000,0.76528000
0.53526503,0.30456000,0.76528000
0.53519052,0.30464000,0.76528000
0.53458476,0.30472000,0.76568000
0.53497404,0.30472000,0.76552000
0.53507394,0.30472000,0.76544000
0.53518569,0.30472000,0.76528000
0.53467423,0.30472000,0.76560000
0.53518200,0.30472000,0.76536000
0.53457284,0.30480000,0.76568000
0.53452599,0.30488000,0.76584000
0.53441399,0.30488000,0.76600000
0.53452331,0.30488000,0.76592000
0.53454024,0.30488000,0.76568000
0.53453392,0.30488000,0.76576000
0.53431898,0.30496000,0.76600000
0.53429586,0.30496000,0.76608000
0.53422976,0.30504000,0.76608000
0.53420919,0.30504000,0.76616000
0.53413808,0.30512000,0.76632000
0.53415310,0.30512000,0.76624000
0.53420722,0.30512000,0.76616000
0.53413653,0.30520000,0.76632000
0.53408813,0.30520000,0.76640000
0.53388518,0.30528000,0.76648000
0.53381711,0.30528000,0.76656000
0.53403997,0.30528000,0.76640000
0.53368670,0.30528000,0.76704000
0.53379256,0.30528000,0.76664000
0.53369015,0.30528000,0.76696000
0.53375787,0.30528000,0.76672000
0.53375280,0.30528000,0.76680000
0.53371227,0.30528000,0.76688000
0.53361350,0.30536000,0.76704000
0.53357655,0.30544000,0.76704000
0.53350538,0.30552000,0.76704000
0.53333813,0.30552000,0.76728000
0.53334403,0.30552000,0.76720000
0.53348881,0.30552000,0.76712000
0.53327113,0.30560000,0.76728000
0.53326422,0.30568000,0.76728000
0.53315020,0.30576000,0.76728000
0.53308266,0.30576000,0.76736000
0.53307313,0.30584000,0.76736000
0.53277028,0.30592000,0.76744000
0.53285384,0.30592000,0.76736000
0.53271914,0.30600000,0.76744000
0.53267646,0.30608000,0.76744000
0.53259128,0.30616000,0.76744000
0.53258502,0.30624000,0.76744000
0.53255904,0.30632000,0.76744000
0.53251004,0.30640000,0.76752000
0.53254026,0.30640000,0.76744000
0.53250962,0.30648000,0.76752000
0.53235155,0.30656000,0.76752000
0.53232765,0.30664000,0.76752000
0.53232479,0.30664000,0.76760000
0.53228891,0.30672000,0.76768000
0.53228104,0.30672000,0.76776000
0.53232455,0.30672000,0.76760000
0.53225750,0.30680000,0.76776000
0.53215432,0.30688000,0.76784000
0.53225690,0.30688000,0.76776000
0.53208220,0.30696000,0.76808000
0.53210247,0.30696000,0.76792000
0.53214967,0.30696000,0.76784000
0.53209293,0.30696000,0.76800000
0.53204513,0.30696000,0.76816000
0.53203988,0.30704000,0.76816000
0.53194845,0.30704000,0.76824000
0.53191251,0.30704000,0.76832000
0.53190535,0.30712000,0.76832000
0.53174430,0.30720000,0.76840000
0.53176397,0.30720000,0.76832000
0.53168696,0.30720000,0.76848000
0.53164762,0.30728000,0.76848000
0.53160107,0.30728000,0.76856000
0.53111029,0.30736000,0.76880000
0.53146017,0.30736000,0.76856000
0.53133386,0.30736000,0.76872000
0.53139615,0.30736000,0.76864000
0.53098166,0.30744000,0.76880000
0.53085446,0.30752000,0.76880000
0.53075469,0.30760000,0.76880000
0.53074396,0.30768000,0.76880000
0.53071719,0.30768000,0.76888000
0.53070486,0.30776000,0.76888000
0.53035009,0.30784000,0.76888000
0.53032792,0.30784000,0.76896000
0.53032124,0.30792000,0.76896000
0.53024173,0.30800000,0.76904000
0.53026384,0.30800000,0.76896000
0.53023666,0.30808000,0.76904000
0.53011662,0.30808000,0.76912000
0.53005689,0.30816000,0.76920000
0.53009409,0.30816000,0.76912000
0.52998608,0.30824000,0.76920000
0.52968860,0.30824000,0.76936000
0.52992177,0.30824000,0.76928000
0.52948457,0.30832000,0.76952000
0.52962106,0.30832000,0.76936000
0.52958965,0.30832000,0.76944000
0.52933335,0.30840000,0.76960000
0.52937549,0.30840000,0.76952000
0.52910817,0.30848000,0.76968000
0.52911413,0.30848000,0.76960000
0.52892363,0.30856000,0.76968000
0.52881587,0.30856000,0.76976000
0.52859020,0.30864000,0.76992000
0.52872574,0.30864000,0.76976000
0.52849776,0.30864000,0.77000000
0.52865785,0.30864000,0.76984000
0.52844459,0.30872000,0.77008000
0.52849001,0.30872000,0.77000000
0.52838665,0.30880000,0.77008000
0.52837741,0.30888000,0.77008000
0.52831221,0.30896000,0.77008000
0.52824461,0.30904000,0.77016000
0.52829343,0.30904000,0.77008000
0.52820724,0.30912000,0.77016000
0.52820587,0.30912000,0.77024000
0.52808201,0.30920000,0.77032000
0.52808625,0.30920000,0.77024000
0.52800947,0.30928000,0.77032000
0.52781808,0.30928000,0.77040000
0.52778137,0.30928000,0.77064000
0.52779204,0.30928000,0.77048000
0.52761060,0.30936000,0.77072000
0.52769959,0.30936000,0.77064000
0.52746451,0.30944000,0.77072000
0.52744502,0.30952000,0.77072000
0.52732807,0.30960000,0.77080000
0.52728450,0.30968000,0.77080000
0.52726585,0.30976000,0.77080000
0.52720469,0.30984000,0.77088000
0.52722400,0.30984000,0.77080000
0.52704901,0.30984000,0.77104000
0.52712804,0.30984000,0.77096000
0.52698314,0.30992000,0.77112000
0.52703696,0.30992000,0.77104000
0.52686459,0.31000000,0.77120000
0.52692729,0.31000000,0.77112000
0.52685690,0.31008000,0.77120000
0.52680862,0.31008000,0.77128000
0.52673340,0.31016000,0.77128000
0.52672887,0.31024000,0.77128000
0.52672106,0.31032000,0.77128000
0.52666509,0.31040000,0.77128000
0.52659535,0.31048000,0.77128000
0.52645934,0.31056000,0.77128000
0.52638036,0.31064000,0.77128000
0.52630812,0.31072000,0.77136000
0.52636266,0.31072000,0.77128000
0.52625364,0.31080000,0.77136000
0.52605438,0.31080000,0.77144000
0.52599782,0.31088000,0.77152000
0.52594513,0.31088000,0.77160000
0.52603537,0.31088000,0.77144000
0.52589470,0.31096000,0.77160000
0.52578861,0.31096000,0.77168000
0.52569622,0.31104000,0.77168000
0.52565217,0.31112000,0.77168000
0.52558392,0.31120000,0.77168000
0.52553010,0.31120000,0.77176000
0.52552164,0.31120000,0.77184000
0.52551699,0.31128000,0.77184000
0.52548414,0.31128000,0.77192000
0.52544272,0.31136000,0.77192000
0.52542979,0.31144000,0.77208000
0.52543330,0.31144000,0.77200000
0.52544147,0.31144000,0.77192000
0.52539766,0.31144000,0.77216000
0.52518588,0.31152000,0.77224000
0.52520752,0.31152000,0.77216000
0.52501172,0.31160000,0.77232000
0.52481675,0.31160000,0.77240000
0.52515185,0.31160000,0.77224000
0.52480048,0.31160000,0.77248000
0.52476972,0.31160000,0.77256000
0.52473760,0.31168000,0.77256000
0.52466309,0.31176000,0.77256000
0.52459759,0.31184000,0.77264000
0.52461737,0.31184000,0.77256000
0.52455282,0.31192000,0.77264000
0.52453798,0.31192000,0.77272000
0.52446443,0.31200000,0.77272000
0.52426821,0.31208000,0.77272000
0.52424580,0.31208000,0.77280000
0.52401191,0.31216000,0.77296000
0.52412099,0.31216000,0.77280000
0.52395838,0.31216000,0.77312000
0.52405292,0.31216000,0.77288000
0.52396983,0.31216000,0.77304000
0.52394193,0.31224000,0.77320000
0.52393520,0.31224000,0.77328000
0.52395749,0.31224000,0.77312000
0.52380139,0.31232000,0.77352000
0.52380365,0.31232000,0.77344000
0.52386713,0.31232000,0.77336000
0.52389210,0.31232000,0.77328000
0.52374858,0.31240000,0.77352000
0.52351648,0.31248000,0.77368000
0.52374780,0.31248000,0.77352000
0.52373755,0.31248000,0.77360000
0.52350634,0.31256000,0.77368000
0.52339810,0.31264000,0.77368000
0.52320117,0.31264000,0.77384000
0.52328414,0.31264000,0.77376000
0.52310127,0.31264000,0.77400000
0.52319324,0.31264000,0.77392000
0.52306539,0.31272000,0.77408000
0.52307516,0.31272000,0.77400000
0.52299958,0.31280000,0.77416000
0.52302492,0.31280000,0.77408000
0.52298629,0.31288000,0.77416000
0.52294946,0.31296000,0.77424000
0.52298319,0.31296000,0.77416000
0.52275461,0.31304000,0.77440000
0.52289832,0.31304000,0.77424000
0.52287787,0.31304000,0.77432000
0.52235740,0.31312000,0.77464000
0.52247548,0.31312000,0.77456000
0.52267140,0.31312000,0.77440000
0.52257198,0.31312000,0.77448000
0.52219319,0.31320000,0.77472000
0.52224702,0.31320000,0.77464000
0.52213424,0.31328000,0.77480000
0.52217406,0.31328000,0.77472000
0.52211273,0.31336000,0.77480000
0.52208006,0.31344000,0.77480000
0.52204818,0.31352000,0.77480000
0.52203417,0.31360000,0.77480000
0.52188343,0.31368000,0.77488000
0.52191824,0.31368000,0.77480000
0.52186763,0.31376000,0.77488000
0.52182323,0.31376000,0.77496000
0.52178741,0.31384000,0.77496000
0.52164215,0.31384000,0.77512000
0.52177006,0.31384000,0.77504000
0.52162600,0.31384000,0.77520000
0.52148616,0.31392000,0.77520000
0.52146119,0.31400000,0.77520000
0.52139169,0.31408000,0.77520000
0.52136379,0.31416000,0.77520000
0.52135426,0.31424000,0.77520000
0.52133524,0.31432000,0.77520000
0.52129722,0.31440000,0.77520000
0.52121824,0.31440000,0.77528000
0.52119172,0.31440000,0.77544000
0.52119672,0.31440000,0.77536000
0.52117234,0.31448000,0.77544000
0.52107662,0.31456000,0.77544000
0.52100414,0.31456000,0.77552000
0.52097946,0.31464000,0.77552000
0.52097750,0.31464000,0.77560000
0.52095872,0.31472000,0.77560000
0.52095824,0.31472000,0.77568000
0.52082634,0.31472000,0.77576000
0.52081263,0.31480000,0.77592000
0.52081764,0.31480000,0.77584000
0.52082580,0.31480000,0.77576000
0.52078760,0.31488000,0.77600000
0.52080435,0.31488000,0.77592000
0.52073902,0.31496000,0.77600000
0.52063721,0.31504000,0.77600000
0.52052832,0.31512000,0.77600000
0.52043271,0.31512000,0.77608000
0.52042681,0.31520000,0.77608000
0.52038741,0.31520000,0.77616000
0.52032912,0.31528000,0.77616000
0.52032530,0.31536000,0.77616000
0.52027804,0.31544000,0.77616000
0.52018529,0.31552000,0.77616000
0.52016622,0.31560000,0.77616000
0.52000535,0.31568000,0.77624000
0.52010542,0.31568000,0.77616000
0.51983690,0.31576000,0.77624000
0.51964223,0.31576000,0.77632000
0.51960891,0.31584000,0.77632000
0.51955503,0.31584000,0.77648000
0.51959586,0.31584000,0.77640000
0.51952982,0.31592000,0.77648000
0.51923829,0.31592000,0.77656000
0.51923651,0.31592000,0.77664000
0.51919866,0.31600000,0.77664000
0.51907063,0.31608000,0.77664000
0.51903760,0.31608000,0.77672000
0.51897067,0.31616000,0.77672000
0.51890254,0.31616000,0.77680000
0.51886612,0.31616000,0.77688000
0.51872271,0.31624000,0.77696000
0.51872402,0.31624000,0.77688000
0.51870745,0.31632000,0.77696000
0.51854408,0.31640000,0.77704000
0.51870209,0.31640000,0.77696000
0.51846647,0.31648000,0.77704000
0.51846451,0.31656000,0.77704000
0.51841819,0.31664000,0.77704000
0.51829839,0.31672000,0.77712000
0.51837808,0.31672000,0.77704000
0.51825625,0.31680000,0.77712000
0.51817304,0.31688000,0.77712000
0.51808870,0.31696000,0.77712000
0.51803297,0.31704000,0.77712000
0.51802260,0.31712000,0.77712000
0.51798552,0.31712000,0.77728000
0.51799089,0.31712000,0.77720000
0.51798016,0.31720000,0.77728000
0.51791304,0.31728000,0.77728000
0.51782411,0.31736000,0.77736000
0.51787335,0.31736000,0.77728000
0.51777512,0.31744000,0.77736000
0.51775032,0.31752000,0.77736000
0.51772207,0.31760000,0.77736000
0.51754826,0.31768000,0.77736000
0.51749283,0.31776000,0.77736000
0.51736486,0.31776000,0.77744000
0.51735741,0.31784000,0.77744000
0.51734537,0.31784000,0.77752000
0.51728284,0.31784000,0.77760000
0.51728225,0.31792000,0.77760000
0.51727062,0.31800000,0.77760000
0.51718509,0.31800000,0.77784000
0.51720524,0.31800000,0.77776000
0.51724595,0.31800000,0.77768000
0.51713771,0.31800000,0.77792000
0.51712161,0.31808000,0.77792000
0.51705569,0.31816000,0.77792000
0.51695347,0.31824000,0.77792000
0.51693666,0.31832000,0.77792000
0.51686680,0.31840000,0.77808000
0.51688159,0.31840000,0.77800000
0.51692826,0.31840000,0.77792000
0.51664150,0.31840000,0.77824000
0.51664895,0.31840000,0.77816000
0.51655108,0.31856000,0.77824000
0.51653957,0.31856000,0.77832000
0.51653570,0.31864000,0.77832000
0.51653105,0.31872000,0.77832000
0.51642066,0.31880000,0.77832000
0.51639235,0.31888000,0.77832000
0.51634818,0.31896000,0.77832000
0.51630491,0.31896000,0.77840000
0.51629198,0.31904000,0.77840000
0.51617110,0.31912000,0.77840000
0.51615989,0.31912000,0.77848000
0.51608324,0.31912000,0.77856000
0.51597959,0.31920000,0.77856000
0.51596284,0.31920000,0.77864000
0.51592255,0.31928000,0.77864000
0.51584172,0.31936000,0.77864000
0.51583844,0.31944000,0.77864000
0.51573288,0.31960000,0.77864000
0.51569957,0.31960000,0.77872000
0.51567918,0.31968000,0.77872000
0.51541370,0.31968000,0.77896000
0.51558083,0.31968000,0.77888000
0.51563132,0.31968000,0.77880000
0.51530951,0.31976000,0.77904000
0.51532000,0.31976000,0.77896000
0.51528943,0.31984000,0.77904000
0.51524913,0.31992000,0.77920000
0.51525319,0.31992000,0.77912000
0.51527160,0.31992000,0.77904000
0.51522321,0.31992000,0.77928000
0.51516503,0.32000000,0.77928000
0.51502502,0.32008000,0.77936000
0.51513487,0.32008000,0.77928000
0.51500410,0.32016000,0.77944000
0.51500517,0.32016000,0.77936000
0.51497477,0.32024000,0.77952000
0.51499510,0.32024000,0.77944000
0.51490986,0.32032000,0.77952000
0.51487452,0.32040000,0.77952000
0.51469499,0.32048000,0.77968000
0.51465672,0.32048000,0.77976000
0.51483166,0.32048000,0.77960000
0.51484042,0.32048000,0.77952000
0.51462096,0.32056000,0.77976000
0.51454252,0.32056000,0.77984000
0.51437283,0.32064000,0.77984000
0.51415867,0.32064000,0.78000000
0.51428723,0.32064000,0.77992000
0.51415163,0.32072000,0.78000000
0.51413482,0.32080000,0.78000000
0.51409763,0.32088000,0.78000000
0.51395559,0.32096000,0.78008000
0.51397538,0.32096000,0.78000000
0.51392412,0.32096000,0.78016000
0.51385033,0.32104000,0.78016000
0.51382220,0.32112000,0.78016000
0.51376498,0.32112000,0.78024000
0.51350933,0.32120000,0.78024000
0.51348567,0.32128000,0.78024000
0.51348078,0.32136000,0.78024000
0.51328188,0.32144000,0.78040000
0.51332015,0.32144000,0.78032000
0.51345605,0.32144000,0.78024000
0.51321614,0.32144000,0.78048000
0.51292908,0.32152000,0.78048000
0.51292592,0.32160000,0.78048000
0.51291502,0.32168000,0.78048000
0.51289403,0.32176000,0.78056000
0.51290047,0.32176000,0.78048000
0.51287085,0.32184000,0.78056000
0.51285702,0.32192000,0.78056000
0.51282454,0.32200000,0.78056000
0.51272124,0.32208000,0.78056000
0.51262993,0.32216000,0.78064000
0.51269525,0.32216000,0.78056000
0.51257110,0.32224000,0.78064000
0.51244229,0.32232000,0.78080000
0.51253188,0.32232000,0.78064000
0.51244467,0.32232000,0.78072000
0.51244104,0.32240000,0.78080000
0.51236445,0.32240000,0.78088000
0.51226926,0.32248000,0.78096000
0.51232100,0.32248000,0.78088000
0.51223040,0.32256000,0.78096000
0.51216567,0.32256000,0.78112000
0.51220685,0.32256000,0.78104000
0.51205474,0.32256000,0.78120000
0.51174527,0.32264000,0.78136000
0.51193738,0.32264000,0.78120000
0.51178527,0.32264000,0.78128000
0.51170462,0.32272000,0.78136000
0.51154947,0.32280000,0.78136000
0.51150274,0.32288000,0.78136000
0.51147121,0.32296000,0.78136000
0.51140308,0.32304000,0.78136000
0.51131421,0.32312000,0.78136000
0.51126665,0.32320000,0.78136000
0.51116914,0.32320000,0.78160000
0.51126075,0.32320000,0.78144000
0.51118457,0.32320000,0.78152000
0.51115924,0.32328000,0.78160000
0.51115310,0.32336000,0.78160000
0.51111841,0.32336000,0.78168000
0.51107264,0.32344000,0.78168000
0.51099604,0.32352000,0.78168000
0.51098800,0.32352000,0.78176000
0.51094741,0.32360000,0.78176000
0.51091206,0.32368000,0.78176000
0.51087368,0.32376000,0.78176000
0.51070887,0.32384000,0.78184000
0.51086092,0.32384000,0.78176000
0.51060843,0.32392000,0.78184000
0.51055932,0.32400000,0.78184000
0.51052362,0.32408000,0.78184000
0.51038480,0.32408000,0.78192000
0.51036143,0.32416000,0.78192000
0.51015389,0.32424000,0.78192000
0.51001108,0.32432000,0.78200000
0.51015019,0.32432000,0.78192000
0.50992805,0.32440000,0.78200000
0.50979137,0.32448000,0.78208000
0.50982529,0.32448000,0.78200000
0.50968856,0.32456000,0.78208000
0.50963086,0.32464000,0.78208000
0.50955719,0.32472000,0.78208000
0.50953954,0.32480000,0.78208000
0.50951207,0.32480000,0.78216000
0.50949198,0.32480000,0.78224000
0.50945073,0.32488000,0.78224000
0.50924605,0.32488000,0.78232000
0.50919956,0.32496000,0.78232000
0.50917107,0.32504000,0.78232000
0.50886691,0.32512000,0.78256000
0.50909853,0.32512000,0.78232000
0.50909543,0.32512000,0.78240000
0.50889492,0.32512000,0.78248000
0.50886112,0.32512000,0.78264000
0.50885588,0.32520000,0.78264000
0.50882977,0.32528000,0.78264000
0.50864792,0.32536000,0.78288000
0.50879228,0.32536000,0.78264000
0.50873291,0.32536000,0.78280000
0.50857234,0.32544000,0.78288000
0.50855863,0.32552000,0.78288000
0.50855702,0.32560000,0.78288000
0.50844300,0.32568000,0.78304000
0.50847024,0.32568000,0.78296000
0.50849658,0.32568000,0.78288000
0.50816292,0.32576000,0.78312000
0.50815898,0.32576000,0.78320000
0.50820404,0.32576000,0.78304000
0.50803918,0.32584000,0.78320000
0.50792247,0.32592000,0.78328000
0.50798661,0.32592000,0.78320000
0.50780404,0.32600000,0.78328000
0.50779909,0.32608000,0.78328000
0.50762647,0.32616000,0.78336000
0.50771976,0.32616000,0.78328000
0.50762516,0.32624000,0.78336000
0.50759268,0.32624000,0.78344000
0.50759262,0.32624000,0.78352000
0.50752360,0.32632000,0.78352000
0.50740349,0.32632000,0.78360000
0.50733399,0.32640000,0.78360000
0.50707030,0.32656000,0.78400000
0.50709617,0.32656000,0.78392000
0.50729066,0.32656000,0.78360000
0.50724816,0.32656000,0.78368000
0.50713342,0.32656000,0.78384000
0.50720316,0.32656000,0.78376000
0.50702596,0.32664000,0.78400000
0.50702405,0.32672000,0.78400000
0.50693589,0.32672000,0.78408000
0.50689524,0.32680000,0.78408000
0.50684440,0.32688000,0.78408000
0.50675029,0.32688000,0.78424000
0.50679934,0.32688000,0.78416000
0.50672370,0.32688000,0.78432000
0.50669169,0.32696000,0.78432000
0.50667918,0.32704000,0.78432000
0.50665981,0.32712000,0.78432000
0.50664651,0.32720000,0.78432000
0.50662214,0.32720000,0.78440000
0.50661719,0.32728000,0.78440000
0.50656605,0.32736000,0.78440000
0.50655401,0.32744000,0.78440000
0.50647998,0.32744000,0.78456000
0.50653130,0.32744000,0.78448000
0.50642937,0.32752000,0.78456000
0.50630724,0.32760000,0.78464000
0.50617379,0.32760000,0.78472000
0.50612032,0.32760000,0.78480000
0.50635618,0.32760000,0.78456000
0.50608325,0.32768000,0.78480000
0.50607711,0.32776000,0.78480000
0.50600040,0.32784000,0.78480000
0.50593168,0.32792000,0.78480000
0.50591648,0.32800000,0.78480000
0.50591213,0.32800000,0.78488000
0.50581712,0.32808000,0.78488000
0.50579941,0.32824000,0.78488000
0.50563753,0.32832000,0.78512000
0.50570488,0.32832000,0.78496000
0.50572556,0.32832000,0.78488000
0.50566465,0.32832000,0.78504000
0.50561941,0.32840000,0.78512000
0.50554043,0.32848000,0.78512000
0.50553733,0.32856000,0.78520000
0.50553787,0.32856000,0.78512000
0.50549924,0.32856000,0.78528000
0.50545579,0.32856000,0.78536000
0.50535488,0.32864000,0.78544000
0.50542819,0.32864000,0.78536000
0.50534350,0.32864000,0.78552000
0.50529456,0.32880000,0.78552000
0.50521588,0.32880000,0.78560000
0.50519711,0.32888000,0.78560000
0.50519353,0.32896000,0.78560000
0.50513148,0.32904000,0.78560000
0.50504053,0.32912000,0.78560000
0.50492930,0.32912000,0.78568000
0.50448650,0.32920000,0.78584000
0.50482565,0.32920000,0.78576000
0.50488842,0.32920000,0.78568000
0.50443804,0.32928000,0.78584000
0.50432241,0.32936000,0.78584000
0.50416464,0.32944000,0.78600000
0.50425881,0.32944000,0.78592000
0.50428253,0.32944000,0.78584000
0.50413996,0.32944000,0.78608000
0.50408596,0.32952000,0.78608000
0.50405151,0.32952000,0.78616000
0.50402808,0.32960000,0.78616000
0.50395912,0.32960000,0.78632000
0.50401020,0.32960000,0.78624000
0.50392050,0.32960000,0.78640000
0.50372928,0.32968000,0.78648000
0.50384814,0.32968000,0.78640000
0.50364453,0.32976000,0.78656000
0.50372189,0.32976000,0.78648000
0.50355542,0.32976000,0.78664000
0.50351471,0.32984000,0.78664000
0.50338030,0.32992000,0.78664000
0.50334609,0.33000000,0.78664000
0.50327140,0.33000000,0.78672000
0.50323534,0.33008000,0.78672000
0.50319201,0.33008000,0.78680000
0.50311625,0.33016000,0.78688000
0.50312579,0.33016000,0.78680000
0.50304723,0.33024000,0.78688000
0.50304580,0.33032000,0.78688000
0.50303674,0.33040000,0.78688000
0.50303626,0.33048000,0.78688000
0.50289780,0.33048000,0.78704000
0.50303066,0.33048000,0.78696000
0.50263637,0.33056000,0.78704000
0.50263453,0.33064000,0.78704000
0.50261241,0.33072000,0.78704000
0.50260532,0.33080000,0.78704000
0.50257969,0.33080000,0.78728000
0.50259167,0.33080000,0.78720000
0.50260079,0.33080000,0.78712000
0.50241667,0.33088000,0.78736000
0.50220531,0.33088000,0.78760000
0.50221950,0.33088000,0.78752000
0.50244468,0.33088000,0.78728000
0.50225246,0.33088000,0.78744000
0.50211740,0.33096000,0.78760000
0.50210780,0.33104000,0.78760000
0.50198895,0.33112000,0.78776000
0.50202256,0.33112000,0.78768000
0.50206798,0.33112000,0.78760000
0.50188231,0.33120000,0.78776000
0.50179142,0.33128000,0.78776000
0.50176859,0.33136000,0.78776000
0.50171584,0.33144000,0.78776000
0.50164509,0.33144000,0.78792000
0.50170177,0.33144000,0.78784000
0.50156718,0.33152000,0.78800000
0.50157845,0.33152000,0.78792000
0.50152624,0.33160000,0.78808000
0.50153762,0.33160000,0.78800000
0.50150800,0.33160000,0.78816000
0.50137985,0.33168000,0.78824000
0.50142306,0.33168000,0.78816000
0.50135165,0.33168000,0.78832000
0.50123674,0.33176000,0.78832000
0.50096035,0.33184000,0.78840000
0.50114441,0.33184000,0.78832000
0.50086427,0.33192000,0.78848000
0.50090873,0.33192000,0.78840000
0.50079864,0.33192000,0.78856000
0.50079042,0.33200000,0.78856000
0.50078869,0.33208000,0.78856000
0.50066888,0.33216000,0.78856000
0.50059068,0.33224000,0.78856000
0.50055945,0.33232000,0.78856000
0.50053775,0.33240000,0.78856000
0.50051397,0.33248000,0.78864000
0.50052935,0.33248000,0.78856000
0.50050104,0.33256000,0.78864000
0.50049406,0.33256000,0.78872000
0.50027448,0.33264000,0.78880000
0.50024027,0.33264000,0.78888000
0.50031871,0.33264000,0.78872000
0.50016999,0.33272000,0.78896000
0.50008923,0.33272000,0.78904000
0.50018823,0.33272000,0.78888000
0.50008219,0.33280000,0.78904000
0.50005424,0.33280000,0.78912000
0.50002271,0.33288000,0.78912000
0.50001484,0.33296000,0.78912000
0.50001162,0.33304000,0.78912000
0.49986669,0.33304000,0.78920000
0.49984169,0.33312000,0.78920000
0.49978659,0.33320000,0.78920000
0.49968144,0.33328000,0.78920000
0.49967632,0.33328000,0.78928000
0.49966335,0.33336000,0.78928000
0.49951434,0.33344000,0.78944000
0.49959287,0.33344000,0.78936000
0.49945885,0.33344000,0.78952000
0.49959901,0.33344000,0.78928000
0.49912843,0.33352000,0.78968000
0.49914280,0.33352000,0.78960000
0.49943334,0.33352000,0.78952000
0.49909654,0.33352000,0.78976000
0.49903181,0.33360000,0.78984000
0.49908471,0.33360000,0.78976000
0.49899751,0.33368000,0.78992000
0.49896064,0.33368000,0.79000000
0.49895221,0.33368000,0.79008000
0.49901989,0.33368000,0.78984000
0.49891150,0.33376000,0.79008000
0.49869847,0.33384000,0.79024000
0.49878252,0.33384000,0.79016000
0.49878281,0.33384000,0.79008000
0.49869260,0.33392000,0.79024000
0.49864364,0.33392000,0.79032000
0.49860984,0.33392000,0.79040000
0.49857926,0.33400000,0.79064000
0.49859169,0.33400000,0.79048000
0.49860811,0.33400000,0.79040000
0.49853534,0.33408000,0.79064000
0.49852717,0.33416000,0.79064000
0.49835414,0.33416000,0.79072000
0.49823290,0.33424000,0.79080000
0.49824843,0.33424000,0.79072000
0.49817148,0.33432000,0.79088000
0.49822414,0.33432000,0.79080000
0.49816427,0.33432000,0.79096000
0.49802905,0.33440000,0.79096000
0.49788922,0.33448000,0.79096000
0.49780461,0.33456000,0.79096000
0.49770153,0.33464000,0.79112000
0.49771392,0.33464000,0.79104000
0.49776238,0.33464000,0.79096000
0.49764401,0.33472000,0.79120000
0.49744281,0.33472000,0.79144000
0.49768505,0.33472000,0.79112000
0.49745041,0.33472000,0.79136000
0.49749109,0.33472000,0.79128000
0.49740323,0.33480000,0.79144000
0.49732608,0.33480000,0.79176000
0.49735126,0.33480000,0.79168000
0.49732360,0.33480000,0.79184000
0.49737939,0.33480000,0.79160000
0.49738035,0.33480000,0.79152000
0.49636951,0.33488000,0.79216000
0.49696064,0.33488000,0.79208000
0.49719498,0.33488000,0.79184000
0.49699113,0.33488000,0.79200000
0.49705091,0.33488000,0.79192000
0.49633679,0.33488000,0.79224000
0.49629194,0.33496000,0.79224000
0.49624729,0.33496000,0.79232000
0.49617028,0.33504000,0.79232000
0.49610829,0.33512000,0.79240000
0.49615782,0.33512000,0.79232000
0.49599296,0.33520000,0.79240000
0.49587944,0.33520000,0.79248000
0.49580923,0.33520000,0.79256000
0.49573064,0.33528000,0.79256000
0.49566337,0.33536000,0.79264000
0.49550861,0.33536000,0.79280000
0.49556386,0.33536000,0.79272000
0.49569079,0.33536000,0.79256000
0.49544272,0.33544000,0.79280000
0.49543163,0.33552000,0.79280000
0.49542356,0.33560000,0.79280000
0.49520883,0.33568000,0.79288000
0.49526954,0.33568000,0.79280000
0.49515015,0.33576000,0.79288000
0.49505955,0.33584000,0.79288000
0.49501598,0.33592000,0.79288000
0.49490798,0.33592000,0.79296000
0.49486014,0.33592000,0.79304000
0.49464503,0.33592000,0.79312000
0.49454495,0.33600000,0.79312000
0.49452996,0.33600000,0.79320000
0.49445644,0.33608000,0.79336000
0.49452436,0.33608000,0.79320000
0.49450916,0.33608000,0.79328000
0.49429888,0.33616000,0.79336000
0.49423528,0.33624000,0.79336000
0.49421978,0.33632000,0.79336000
0.49417064,0.33632000,0.79344000
0.49376854,0.33640000,0.79352000
0.49370763,0.33640000,0.79360000
0.49384218,0.33640000,0.79344000
0.49362233,0.33648000,0.79360000
0.49354973,0.33656000,0.79360000
0.49353579,0.33664000,0.79360000
0.49343660,0.33672000,0.79360000
0.49340463,0.33680000,0.79360000
0.49339887,0.33688000,0.79360000
0.49323955,0.33696000,0.79384000
0.49325323,0.33696000,0.79376000
0.49328086,0.33696000,0.79368000
0.49329624,0.33696000,0.79360000
0.49320430,0.33704000,0.79384000
0.49313754,0.33712000,0.79384000
0.49306443,0.33712000,0.79392000
0.49300173,0.33712000,0.79400000
0.49296626,0.33720000,0.79400000
0.49290347,0.33728000,0.79400000
0.49286491,0.33728000,0.79408000
0.49283385,0.33736000,0.79416000
0.49284446,0.33736000,0.79408000
0.49276102,0.33744000,0.79424000
0.49267617,0.33744000,0.79440000
0.49271369,0.33744000,0.79432000
0.49282888,0.33744000,0.79416000
0.49261066,0.33752000,0.79440000
0.49244943,0.33760000,0.79472000
0.49248561,0.33760000,0.79456000
0.49254820,0.33760000,0.79448000
0.49259320,0.33760000,0.79440000
0.49246445,0.33760000,0.79464000
0.49243230,0.33768000,0.79472000
0.49240908,0.33776000,0.79480000
0.49241197,0.33776000,0.79472000
0.49226934,0.33784000,0.79488000
0.49233854,0.33784000,0.79480000
0.49222144,0.33792000,0.79488000
0.49219683,0.33800000,0.79488000
0.49209830,0.33808000,0.79488000
0.49203682,0.33816000,0.79488000
0.49194041,0.33824000,0.79488000
0.49191824,0.33824000,0.79496000
0.49190354,0.33832000,0.79496000
0.49178725,0.33840000,0.79496000
0.49174184,0.33848000,0.79496000
0.49174124,0.33848000,0.79504000
0.49169531,0.33856000,0.79504000
0.49160361,0.33864000,0.79512000
0.49163496,0.33864000,0.79504000
0.49157608,0.33864000,0.79520000
0.49151546,0.33872000,0.79520000
0.49137047,0.33872000,0.79536000
0.49150693,0.33872000,0.79528000
0.49124938,0.33880000,0.79544000
0.49129802,0.33880000,0.79536000
0.49122643,0.33888000,0.79544000
0.49120393,0.33888000,0.79552000
0.49105585,0.33896000,0.79568000
0.49113700,0.33896000,0.79552000
0.49104533,0.33896000,0.79576000
0.49107754,0.33896000,0.79560000
0.49101153,0.33904000,0.79576000
0.49095625,0.33912000,0.79584000
0.49096400,0.33912000,0.79576000
0.49073353,0.33920000,0.79616000
0.49090338,0.33920000,0.79592000
0.49092609,0.33920000,0.79584000
0.49079752,0.33920000,0.79608000
0.49085948,0.33920000,0.79600000
0.49070978,0.33920000,0.79624000
0.49069518,0.33928000,0.79624000
0.49061576,0.33936000,0.79624000
0.49061531,0.33936000,0.79632000
0.49055040,0.33936000,0.79640000
0.49046102,0.33944000,0.79640000
0.49040413,0.33944000,0.79648000
0.49039537,0.33952000,0.79648000
0.49038357,0.33960000,0.79648000
0.49038142,0.33968000,0.79648000
0.49032566,0.33968000,0.79664000
0.49032709,0.33968000,0.79656000
0.49015787,0.33976000,0.79688000
0.49022886,0.33976000,0.79664000
0.49019018,0.33976000,0.79680000
0.49019936,0.33976000,0.79672000
0.49010679,0.33984000,0.79688000
0.49006030,0.33992000,0.79688000
0.49005160,0.33992000,0.79696000
0.48994792,0.34000000,0.79696000
0.48985237,0.34008000,0.79696000
0.48980212,0.34016000,0.79696000
0.48979813,0.34024000,0.79696000
0.48968205,0.34032000,0.79696000
0.48963574,0.34040000,0.79696000
0.48962420,0.34048000,0.79696000
0.48948693,0.34056000,0.79704000
0.48961392,0.34056000,0.79696000
0.48940355,0.34064000,0.79704000
0.48905295,0.34072000,0.79712000
0.48936632,0.34072000,0.79704000
0.48898488,0.34080000,0.79720000
0.48863819,0.34080000,0.79744000
0.48868030,0.34080000,0.79736000
0.48891625,0.34080000,0.79728000
0.48902398,0.34080000,0.79712000
0.48860994,0.34088000,0.79744000
0.48860231,0.34096000,0.79744000
0.48851413,0.34104000,0.79752000
0.48853454,0.34104000,0.79744000
0.48845324,0.34112000,0.79752000
0.48839945,0.34120000,0.79752000
0.48833507,0.34128000,0.79760000
0.48833528,0.34128000,0.79752000
0.48832148,0.34136000,0.79760000
0.48813477,0.34144000,0.79768000
0.48810089,0.34144000,0.79784000
0.48816654,0.34144000,0.79760000
0.48811513,0.34144000,0.79776000
0.48805931,0.34152000,0.79784000
0.48805639,0.34152000,0.79792000
0.48805079,0.34160000,0.79792000
0.48802829,0.34168000,0.79792000
0.48799804,0.34176000,0.79792000
0.48791242,0.34184000,0.79792000
0.48780528,0.34192000,0.79800000
0.48782820,0.34192000,0.79792000
0.48778775,0.34192000,0.79808000
0.48775586,0.34200000,0.79808000
0.48771578,0.34208000,0.79808000
0.48758101,0.34208000,0.79840000
0.48769978,0.34208000,0.79816000
0.48760432,0.34208000,0.79824000
0.48759270,0.34208000,0.79832000
0.48755148,0.34208000,0.79848000
0.48748791,0.34216000,0.79848000
0.48741096,0.34224000,0.79848000
0.48734742,0.34232000,0.79848000
0.48729697,0.34240000,0.79848000
0.48727348,0.34240000,0.79856000
0.48722368,0.34248000,0.79856000
0.48722205,0.34256000,0.79856000
0.48712590,0.34264000,0.79856000
0.48702794,0.34272000,0.79864000
0.48692346,0.34272000,0.79872000
0.48709518,0.34272000,0.79856000
0.48689845,0.34280000,0.79872000
0.48686609,0.34288000,0.79872000
0.48683009,0.34288000,0.79880000
0.48681667,0.34296000,0.79880000
0.48681325,0.34304000,0.79880000
0.48672986,0.34312000,0.79880000
0.48657277,0.34320000,0.79896000
0.48637936,0.34320000,0.79912000
0.48647746,0.34320000,0.79904000
0.48672512,0.34320000,0.79880000
0.48665345,0.34320000,0.79888000
0.48627424,0.34328000,0.79912000
0.48626703,0.34336000,0.79912000
0.48617402,0.34344000,0.79912000
0.48616299,0.34352000,0.79912000
0.48611069,0.34352000,0.79920000
0.48597720,0.34360000,0.79936000
0.48608893,0.34360000,0.79920000
0.48587874,0.34360000,0.79944000
0.48605919,0.34360000,0.79928000
0.48583591,0.34368000,0.79944000
0.48553267,0.34376000,0.79944000
0.48546746,0.34376000,0.79952000
0.48540297,0.34384000,0.79952000
0.48533434,0.34392000,0.79952000
0.48529088,0.34392000,0.79960000
0.48521543,0.34400000,0.79960000
0.48521060,0.34408000,0.79960000
0.48514122,0.34408000,0.79968000
0.48510566,0.34416000,0.79968000
0.48502365,0.34424000,0.79968000
0.48491719,0.34432000,0.79984000
0.48499537,0.34432000,0.79968000
0.48495561,0.34432000,0.79976000
0.48484647,0.34440000,0.79984000
0.48479256,0.34448000,0.79984000
0.48471290,0.34456000,0.79984000
0.48440585,0.34464000,0.80016000
0.48454165,0.34464000,0.79992000
0.48421308,0.34464000,0.80032000
0.48469603,0.34464000,0.79984000
0.48440611,0.34464000,0.80008000
0.48437321,0.34464000,0.80024000
0.48448938,0.34464000,0.80000000
0.48420268,0.34472000,0.80032000
0.48416701,0.34480000,0.80032000
0.48408061,0.34488000,0.80056000
0.48407772,0.34488000,0.80064000
0.48415294,0.34488000,0.80032000
0.48396489,0.34488000,0.80072000
0.48412991,0.34488000,0.80040000
0.48409292,0.34488000,0.80048000
0.48396423,0.34488000,0.80080000
0.48393106,0.34496000,0.80080000
0.48392066,0.34504000,0.80080000
0.48386976,0.34512000,0.80080000
0.48384675,0.34520000,0.80080000
0.48381025,0.34520000,0.80088000
0.48380044,0.34528000,0.80088000
0.48361501,0.34536000,0.80088000
0.48347715,0.34544000,0.80096000
0.48360112,0.34544000,0.80088000
0.48346683,0.34552000,0.80096000
0.48337623,0.34552000,0.80104000
0.48333830,0.34560000,0.80104000
0.48326808,0.34560000,0.80112000
0.48323199,0.34560000,0.80120000
0.48319337,0.34568000,0.80120000
0.48316231,0.34568000,0.80128000
0.48305258,0.34576000,0.80128000
0.48300689,0.34576000,0.80144000
0.48303276,0.34576000,0.80136000
0.48296949,0.34584000,0.80144000
0.48292789,0.34592000,0.80152000
0.48293445,0.34592000,0.80144000
0.48271641,0.34592000,0.80168000
0.48287773,0.34592000,0.80160000
0.48262537,0.34592000,0.80176000
0.48253876,0.34600000,0.80176000
0.48249966,0.34600000,0.80184000
0.48247376,0.34608000,0.80184000
0.48246658,0.34608000,0.80192000
0.48234564,0.34616000,0.80192000
0.48227242,0.34624000,0.80200000
0.48215106,0.34624000,0.80216000
0.48218960,0.34624000,0.80208000
0.48228619,0.34624000,0.80192000
0.48212531,0.34632000,0.80216000
0.48198777,0.34640000,0.80216000
0.48197439,0.34648000,0.80216000
0.48187464,0.34656000,0.80216000
0.48187384,0.34664000,0.80216000
0.48183176,0.34672000,0.80224000
0.48186541,0.34672000,0.80216000
0.48170194,0.34672000,0.80240000
0.48162776,0.34672000,0.80256000
0.48169562,0.34672000,0.80248000
0.48182252,0.34672000,0.80232000
0.48162681,0.34680000,0.80256000
0.48146367,0.34688000,0.80280000
0.48155731,0.34688000,0.80256000
0.48144582,0.34688000,0.80288000
0.48136851,0.34688000,0.80296000
0.48135632,0.34688000,0.80304000
0.48147002,0.34688000,0.80272000
0.48148087,0.34688000,0.80264000
0.48120752,0.34696000,0.80304000
0.48110747,0.34704000,0.80304000
0.48109040,0.34712000,0.80304000
0.48104319,0.34720000,0.80304000
0.48102388,0.34720000,0.80312000
0.48092377,0.34728000,0.80312000
0.48079416,0.34736000,0.80320000
0.48090076,0.34736000,0.80312000
0.48077872,0.34736000,0.80328000
0.48070136,0.34744000,0.80336000
0.48070881,0.34744000,0.80328000
0.48051688,0.34752000,0.80336000
0.48050082,0.34760000,0.80336000
0.48045039,0.34768000,0.80336000
0.48032218,0.34768000,0.80344000
0.48032010,0.34776000,0.80344000
0.48018891,0.34776000,0.80352000
0.48017475,0.34784000,0.80352000
0.48012358,0.34792000,0.80352000
0.48009616,0.34800000,0.80352000
0.48009184,0.34808000,0.80352000
0.48007467,0.34816000,0.80352000
0.48003885,0.34824000,0.80352000
0.47969714,0.34832000,0.80384000
0.47980812,0.34832000,0.80368000
0.47989956,0.34832000,0.80352000
0.47971779,0.34832000,0.80376000
0.47989154,0.34832000,0.80360000
0.47958371,0.34840000,0.80384000
0.47950709,0.34840000,0.80392000
0.47946787,0.34848000,0.80392000
0.47945935,0.34848000,0.80400000
0.47944891,0.34848000,0.80408000
0.47942090,0.34856000,0.80408000
0.47934020,0.34864000,0.80408000
0.47905311,0.34864000,0.80432000
0.47916043,0.34864000,0.80416000
0.47905830,0.34864000,0.80424000
0.47904924,0.34864000,0.80440000
0.47903237,0.34872000,0.80440000
0.47903171,0.34872000,0.80448000
0.47897044,0.34872000,0.80456000
0.47884145,0.34880000,0.80456000
0.47879297,0.34888000,0.80456000
0.47878581,0.34896000,0.80456000
0.47878149,0.34896000,0.80464000
0.47877428,0.34904000,0.80464000
0.47872609,0.34912000,0.80464000
0.47872454,0.34920000,0.80464000
0.47850659,0.34928000,0.80464000
0.47843045,0.34928000,0.80472000
0.47842729,0.34936000,0.80472000
0.47821289,0.34944000,0.80472000
0.47816208,0.34952000,0.80480000
0.47819632,0.34952000,0.80472000
0.47814825,0.34960000,0.80480000
0.47719461,0.34968000,0.80584000
0.47785038,0.34968000,0.80512000
0.47792971,0.34968000,0.80496000
0.47775677,0.34968000,0.80528000
0.47764006,0.34968000,0.80536000
0.47786617,0.34968000,0.80504000
0.47778898,0.34968000,0.80520000
0.47801909,0.34968000,0.80488000
0.47731474,0.34968000,0.80560000
0.47755659,0.34968000,0.80552000
0.47762924,0.34968000,0.80544000
0.47730312,0.34968000,0.80576000
0.47811392,0.34968000,0.80480000
0.47709176,0.34976000,0.80584000
0.47703537,0.34976000,0.80592000
0.47685543,0.34984000,0.80624000
0.47695032,0.34984000,0.80608000
0.47686574,0.34984000,0.80616000
0.47700825,0.34984000,0.80592000
0.47695336,0.34984000,0.80600000
0.47681120,0.34992000,0.80624000
0.47681034,0.35000000,0.80624000
0.47680935,0.35008000,0.80624000
0.47672796,0.35016000,0.80632000
0.47676805,0.35016000,0.80624000
0.47663727,0.35016000,0.80640000
0.47649533,0.35024000,0.80640000
0.47625095,0.35032000,0.80664000
0.47631454,0.35032000,0.80648000
0.47634095,0.35032000,0.80640000
0.47622824,0.35032000,0.80672000
0.47629595,0.35032000,0.80656000
0.47613710,0.35040000,0.80672000
0.47607547,0.35048000,0.80672000
0.47601271,0.35056000,0.80672000
0.47600493,0.35064000,0.80672000
0.47594357,0.35072000,0.80672000
0.47593081,0.35080000,0.80672000
0.47590727,0.35088000,0.80680000
0.47591025,0.35088000,0.80672000
0.47588092,0.35096000,0.80688000
0.47588187,0.35096000,0.80680000
0.47584960,0.35104000,0.80688000
0.47584054,0.35112000,0.80696000
0.47584760,0.35112000,0.80688000
0.47543707,0.35120000,0.80720000
0.47549805,0.35120000,0.80704000
0.47566077,0.35120000,0.80696000
0.47544959,0.35120000,0.80712000
0.47541487,0.35128000,0.80720000
0.47531080,0.35136000,0.80728000
0.47541192,0.35136000,0.80720000
0.47528946,0.35144000,0.80736000
0.47530228,0.35144000,0.80728000
0.47527140,0.35152000,0.80736000
0.47512752,0.35160000,0.80744000
0.47516605,0.35160000,0.80736000
0.47511312,0.35168000,0.80744000
0.47500563,0.35176000,0.80752000
0.47505292,0.35176000,0.80744000
0.47474298,0.35184000,0.80752000
0.47463179,0.35192000,0.80752000
0.47458065,0.35200000,0.80752000
0.47433066,0.35208000,0.80768000
0.47440308,0.35208000,0.80760000
0.47447243,0.35208000,0.80752000
0.47432357,0.35216000,0.80768000
0.47426975,0.35224000,0.80768000
0.47418126,0.35232000,0.80768000
0.47409627,0.35232000,0.80776000
0.47404557,0.35232000,0.80784000
0.47385395,0.35240000,0.80792000
0.47385705,0.35240000,0.80784000
0.47364268,0.35248000,0.80800000
0.47378394,0.35248000,0.80792000
0.47363156,0.35248000,0.80808000
0.47361842,0.35256000,0.80808000
0.47361425,0.35264000,0.80808000
0.47360107,0.35264000,0.80816000
0.47340876,0.35272000,0.80816000
0.47340217,0.35272000,0.80824000
0.47337809,0.35280000,0.80824000
0.47319052,0.35288000,0.80832000
0.47324190,0.35288000,0.80824000
0.47317979,0.35296000,0.80832000
0.47257602,0.35304000,0.80880000
0.47289580,0.35304000,0.80864000
0.47297442,0.35304000,0.80848000
0.47304451,0.35304000,0.80832000
0.47296152,0.35304000,0.80856000
0.47302529,0.35304000,0.80840000
0.47286192,0.35304000,0.80872000
0.47252321,0.35312000,0.80888000
0.47255015,0.35312000,0.80880000
0.47248721,0.35320000,0.80896000
0.47238782,0.35320000,0.80928000
0.47248423,0.35320000,0.80904000
0.47249734,0.35320000,0.80888000
0.47244662,0.35320000,0.80920000
0.47244942,0.35320000,0.80912000
0.47230378,0.35328000,0.80936000
0.47234216,0.35328000,0.80928000
0.47230110,0.35336000,0.80936000
0.47225696,0.35344000,0.80936000
0.47218457,0.35352000,0.80936000
0.47214288,0.35360000,0.80936000
0.47213796,0.35360000,0.80944000
0.47212997,0.35368000,0.80944000
0.47208700,0.35368000,0.80952000
0.47207779,0.35376000,0.80952000
0.47207475,0.35376000,0.80960000
0.47189206,0.35384000,0.80960000
0.47186863,0.35392000,0.80960000
0.47175056,0.35400000,0.80976000
0.47175628,0.35400000,0.80968000
0.47181311,0.35400000,0.80960000
0.47168291,0.35408000,0.80976000
0.47156206,0.35416000,0.81000000
0.47163737,0.35416000,0.80976000
0.47158745,0.35416000,0.80992000
0.47160724,0.35416000,0.80984000
0.47152692,0.35416000,0.81008000
0.47143400,0.35424000,0.81016000
0.47141907,0.35424000,0.81024000
0.47147736,0.35424000,0.81008000
0.47141218,0.35432000,0.81024000
0.47125438,0.35440000,0.81040000
0.47129893,0.35440000,0.81024000
0.47124523,0.35448000,0.81040000
0.47117746,0.35456000,0.81040000
0.47112644,0.35464000,0.81040000
0.47105595,0.35464000,0.81048000
0.47104570,0.35472000,0.81048000
0.47092733,0.35472000,0.81064000
0.47099307,0.35472000,0.81056000
0.47091952,0.35480000,0.81064000
0.47091538,0.35488000,0.81064000
0.47078744,0.35496000,0.81064000
0.47078103,0.35504000,0.81064000
0.47022906,0.35512000,0.81088000
0.47021377,0.35512000,0.81096000
0.47059762,0.35512000,0.81064000
0.47040147,0.35512000,0.81072000
0.47030932,0.35512000,0.81080000
0.47011510,0.35520000,0.81104000
0.47016522,0.35520000,0.81096000
0.47007748,0.35528000,0.81104000
0.46999952,0.35536000,0.81104000
0.46997878,0.35544000,0.81104000
0.46995696,0.35552000,0.81104000
0.46978033,0.35560000,0.81120000
0.46989650,0.35560000,0.81112000
0.46990854,0.35560000,0.81104000
0.46958089,0.35568000,0.81136000
0.46972078,0.35568000,0.81128000
0.46973160,0.35568000,0.81120000
0.46957898,0.35568000,0.81144000
0.46950141,0.35576000,0.81144000
0.46933046,0.35584000,0.81144000
0.46919847,0.35584000,0.81168000
0.46923184,0.35584000,0.81160000
0.46929023,0.35584000,0.81152000
0.46910515,0.35592000,0.81168000
0.46887401,0.35592000,0.81176000
0.46827462,0.35600000,0.81192000
0.46872029,0.35600000,0.81184000
0.46883726,0.35600000,0.81176000
0.46825394,0.35608000,0.81192000
0.46821243,0.35616000,0.81192000
0.46816266,0.35616000,0.81200000
0.46811754,0.35616000,0.81216000
0.46815619,0.35616000,0.81208000
0.46803927,0.35624000,0.81216000
0.46801886,0.35632000,0.81224000
0.46803781,0.35632000,0.81216000
0.46801764,0.35632000,0.81232000
0.46796209,0.35640000,0.81232000
0.46795744,0.35648000,0.81232000
0.46794188,0.35656000,0.81232000
0.46794179,0.35656000,0.81240000
0.46784151,0.35656000,0.81248000
0.46762601,0.35664000,0.81256000
0.46771538,0.35664000,0.81248000
0.46742347,0.35672000,0.81280000
0.46751580,0.35672000,0.81272000
0.46741489,0.35672000,0.81288000
0.46756354,0.35672000,0.81264000
0.46759710,0.35672000,0.81256000
0.46730569,0.35680000,0.81288000
0.46730292,0.35688000,0.81288000
0.46729922,0.35696000,0.81288000
0.46722916,0.35696000,0.81296000
0.46712342,0.35704000,0.81296000
0.46708629,0.35712000,0.81296000
0.46707714,0.35712000,0.81304000
0.46695304,0.35720000,0.81304000
0.46683195,0.35720000,0.81312000
0.46655154,0.35728000,0.81328000
0.46666726,0.35728000,0.81312000
0.46660188,0.35728000,0.81320000
0.46646297,0.35736000,0.81336000
0.46650973,0.35736000,0.81328000
0.46639207,0.35744000,0.81336000
0.46632859,0.35752000,0.81336000
0.46631730,0.35752000,0.81344000
0.46619281,0.35752000,0.81352000
0.46606812,0.35752000,0.81360000
0.46596250,0.35760000,0.81360000
0.46586907,0.35768000,0.81360000
0.46583876,0.35776000,0.81360000
0.46583667,0.35784000,0.81360000
0.46581897,0.35792000,0.81360000
0.46577832,0.35800000,0.81360000
0.46545714,0.35808000,0.81384000
0.46560386,0.35808000,0.81368000
0.46555218,0.35808000,0.81376000
0.46574423,0.35808000,0.81360000
0.46545672,0.35816000,0.81384000
0.46532577,0.35816000,0.81392000
0.46526283,0.35824000,0.81392000
0.46516350,0.35832000,0.81392000
0.46494457,0.35840000,0.81408000
0.46504086,0.35840000,0.81400000
0.46510482,0.35840000,0.81392000
0.46491921,0.35848000,0.81408000
0.46459344,0.35856000,0.81440000
0.46467605,0.35856000,0.81424000
0.46460372,0.35856000,0.81432000
0.46477199,0.35856000,0.81416000
0.46489561,0.35856000,0.81408000
0.46455917,0.35864000,0.81440000
0.46435055,0.35872000,0.81464000
0.46455103,0.35872000,0.81440000
0.46440619,0.35872000,0.81456000
0.46443653,0.35872000,0.81448000
0.46432629,0.35872000,0.81472000
0.46423903,0.35880000,0.81472000
0.46391815,0.35888000,0.81488000
0.46391565,0.35888000,0.81496000
0.46419269,0.35888000,0.81472000
0.46416381,0.35888000,0.81480000
0.46390384,0.35896000,0.81496000
0.46380103,0.35904000,0.81496000
0.46354955,0.35912000,0.81496000
0.46353772,0.35920000,0.81496000
0.46343678,0.35920000,0.81504000
0.46311441,0.35928000,0.81528000
0.46313879,0.35928000,0.81520000
0.46318913,0.35928000,0.81512000
0.46329647,0.35928000,0.81504000
0.46306396,0.35936000,0.81528000
0.46293488,0.35944000,0.81528000
0.46291971,0.35952000,0.81528000
0.46272418,0.35960000,0.81528000
0.46268395,0.35968000,0.81528000
0.46262673,0.35976000,0.81528000
0.46258914,0.35984000,0.81528000
0.46251732,0.35992000,0.81528000
0.46235722,0.36000000,0.81528000
0.46205676,0.36008000,0.81536000
0.46222571,0.36008000,0.81528000
0.46204427,0.36016000,0.81536000
0.46203262,0.36024000,0.81536000
0.46201822,0.36032000,0.81536000
0.46194628,0.36040000,0.81536000
0.46190354,0.36048000,0.81536000
0.46172345,0.36056000,0.81560000
0.46173450,0.36056000,0.81552000
0.46185228,0.36056000,0.81536000
0.46183100,0.36056000,0.81544000
0.46149102,0.36064000,0.81560000
0.46144101,0.36064000,0.81568000
0.46140701,0.36072000,0.81568000
0.46140495,0.36072000,0.81576000
0.46134138,0.36080000,0.81576000
0.46121278,0.36088000,0.81576000
0.46105975,0.36096000,0.81584000
0.46108714,0.36096000,0.81576000
0.46095645,0.36096000,0.81592000
0.46087039,0.36104000,0.81592000
0.46082693,0.36112000,0.81600000
0.46086305,0.36112000,0.81592000
0.46076882,0.36112000,0.81608000
0.46076229,0.36120000,0.81608000
0.46075910,0.36120000,0.81616000
0.46062800,0.36128000,0.81616000
0.46062583,0.36128000,0.81624000
0.46062258,0.36136000,0.81624000
0.46058658,0.36136000,0.81632000
0.46027392,0.36144000,0.81640000
0.46030411,0.36144000,0.81632000
0.46015102,0.36152000,0.81656000
0.46022791,0.36152000,0.81640000
0.46022624,0.36152000,0.81648000
0.46010303,0.36160000,0.81656000
0.46008691,0.36168000,0.81656000
0.45960402,0.36176000,0.81656000
0.45947015,0.36184000,0.81680000
0.45952818,0.36184000,0.81664000
0.45956695,0.36184000,0.81656000
0.45952678,0.36184000,0.81672000
0.45937982,0.36192000,0.81680000
0.45929441,0.36200000,0.81688000
0.45926523,0.36200000,0.81696000
0.45936179,0.36200000,0.81680000
0.45919338,0.36200000,0.81704000
0.45911312,0.36208000,0.81704000
0.45882934,0.36208000,0.81712000
0.45863682,0.36216000,0.81728000
0.45866296,0.36216000,0.81720000
0.45866466,0.36216000,0.81712000
0.45855802,0.36216000,0.81736000
0.45845947,0.36224000,0.81736000
0.45833588,0.36232000,0.81752000
0.45840394,0.36232000,0.81744000
0.45841897,0.36232000,0.81736000
0.45827219,0.36240000,0.81760000
0.45833156,0.36240000,0.81752000
0.45823041,0.36240000,0.81768000
0.45804527,0.36248000,0.81784000
0.45806527,0.36248000,0.81776000
0.45814082,0.36248000,0.81768000
0.45802975,0.36256000,0.81784000
0.45800236,0.36264000,0.81792000
0.45789775,0.36264000,0.81800000
0.45789546,0.36264000,0.81808000
0.45802724,0.36264000,0.81784000
0.45784792,0.36272000,0.81808000
0.45777100,0.36280000,0.81816000
0.45781648,0.36280000,0.81808000
0.45770168,0.36288000,0.81824000
0.45769769,0.36288000,0.81832000
0.45772684,0.36288000,0.81816000
0.45767176,0.36288000,0.81840000
0.45763341,0.36296000,0.81840000
0.45752624,0.36304000,0.81848000
0.45750678,0.36304000,0.81856000
0.45758063,0.36304000,0.81840000
0.45744121,0.36312000,0.81856000
0.45741805,0.36320000,0.81856000
0.45737883,0.36328000,0.81856000
0.45730424,0.36336000,0.81856000
0.45727125,0.36344000,0.81856000
0.45726466,0.36352000,0.81856000
0.45710680,0.36360000,0.81864000
0.45716798,0.36360000,0.81856000
0.45706788,0.36368000,0.81864000
0.45702779,0.36376000,0.81864000
0.45666406,0.36384000,0.81864000
0.45666081,0.36392000,0.81864000
0.45664278,0.36400000,0.81864000
0.45659742,0.36408000,0.81864000
0.45657945,0.36416000,0.81864000
0.45622247,0.36424000,0.81896000
0.45639443,0.36424000,0.81872000
0.45633811,0.36424000,0.81880000
0.45623273,0.36424000,0.81888000
0.45657179,0.36424000,0.81864000
0.45614505,0.36432000,0.81896000
0.45600671,0.36440000,0.81896000
0.45588151,0.36448000,0.81896000
0.45587698,0.36448000,0.81904000
0.45578802,0.36456000,0.81912000
0.45583883,0.36456000,0.81904000
0.45575646,0.36464000,0.81912000
0.45573962,0.36472000,0.81912000
0.45571348,0.36472000,0.81920000
0.45558617,0.36480000,0.81928000
0.45569575,0.36480000,0.81920000
0.45556974,0.36488000,0.81928000
0.45553124,0.36496000,0.81928000
0.45552650,0.36496000,0.81936000
0.45538288,0.36504000,0.81936000
0.45514572,0.36512000,0.81944000
0.45517832,0.36512000,0.81936000
0.45481896,0.36520000,0.81944000
0.45466450,0.36528000,0.81944000
0.45464107,0.36536000,0.81944000
0.45458442,0.36536000,0.81952000
0.45455277,0.36544000,0.81952000
0.45449999,0.36544000,0.81960000
0.45446587,0.36552000,0.81960000
0.45444250,0.36560000,0.81960000
0.45436281,0.36560000,0.81968000
0.45431134,0.36560000,0.81976000
0.45419493,0.36568000,0.81976000
0.45403972,0.36576000,0.81992000
0.45404071,0.36576000,0.81984000
0.45404702,0.36576000,0.81976000
0.45400909,0.36584000,0.81992000
0.45388529,0.36592000,0.81992000
0.45377940,0.36600000,0.82008000
0.45382094,0.36600000,0.81992000
0.45380032,0.36600000,0.82000000
0.45360205,0.36608000,0.82016000
0.45372713,0.36608000,0.82008000
0.45352191,0.36608000,0.82024000
0.45351976,0.36616000,0.82024000
0.45336279,0.36624000,0.82032000
0.45344278,0.36624000,0.82024000
0.45329884,0.36632000,0.82040000
0.45335349,0.36632000,0.82032000
0.45329008,0.36640000,0.82040000
0.45292902,0.36648000,0.82056000
0.45321327,0.36648000,0.82048000
0.45325208,0.36648000,0.82040000
0.45285738,0.36656000,0.82064000
0.45290193,0.36656000,0.82056000
0.45284081,0.36664000,0.82064000
0.45282477,0.36672000,0.82064000
0.45279819,0.36680000,0.82064000
0.45279092,0.36688000,0.82072000
0.45251623,0.36688000,0.82112000
0.45258602,0.36688000,0.82104000
0.45279467,0.36688000,0.82064000
0.45261535,0.36688000,0.82088000
0.45261320,0.36688000,0.82096000
0.45272869,0.36688000,0.82080000
0.45232931,0.36696000,0.82136000
0.45243245,0.36696000,0.82112000
0.45241663,0.36696000,0.82128000
0.45242503,0.36696000,0.82120000
0.45205620,0.36696000,0.82160000
0.45231086,0.36696000,0.82144000
0.45216614,0.36696000,0.82152000
0.45204386,0.36704000,0.82160000
0.45203823,0.36704000,0.82168000
0.45203185,0.36712000,0.82168000
0.45193619,0.36720000,0.82176000
0.45194766,0.36720000,0.82168000
0.45189294,0.36728000,0.82184000
0.45191768,0.36728000,0.82176000
0.45181894,0.36736000,0.82192000
0.45177040,0.36736000,0.82200000
0.45168516,0.36736000,0.82208000
0.45186928,0.36736000,0.82184000
0.45167094,0.36736000,0.82216000
0.45151359,0.36744000,0.82216000
0.45148629,0.36744000,0.82224000
0.45142731,0.36752000,0.82232000
0.45144585,0.36752000,0.82224000
0.45126650,0.36760000,0.82232000
0.45121002,0.36768000,0.82232000
0.45107409,0.36776000,0.82240000
0.45119634,0.36776000,0.82232000
0.45093516,0.36784000,0.82240000
0.45088136,0.36792000,0.82240000
0.45077765,0.36792000,0.82248000
0.45061618,0.36800000,0.82248000
0.45059392,0.36800000,0.82256000
0.45058462,0.36800000,0.82264000
0.45043635,0.36808000,0.82280000
0.45043874,0.36808000,0.82272000
0.45055154,0.36808000,0.82264000
0.45037416,0.36808000,0.82288000
0.45034370,0.36816000,0.82288000
0.45025909,0.36824000,0.82288000
0.45021337,0.36832000,0.82288000
0.45019114,0.36832000,0.82296000
0.45013481,0.36840000,0.82296000
0.45006198,0.36848000,0.82304000
0.45006904,0.36848000,0.82296000
0.45002973,0.36856000,0.82304000
0.45002505,0.36864000,0.82304000
0.44999999,0.36872000,0.82304000
0.44973257,0.36880000,0.82304000
0.44972861,0.36888000,0.82304000
0.44963315,0.36896000,0.82304000
0.44958341,0.36904000,0.82320000
0.44950223,0.36904000,0.82336000
0.44958574,0.36904000,0.82312000
0.44961089,0.36904000,0.82304000
0.44957846,0.36904000,0.82328000
0.44945633,0.36912000,0.82336000
0.44929859,0.36912000,0.82352000
0.44941500,0.36912000,0.82344000
0.44923750,0.36920000,0.82352000
0.44920212,0.36928000,0.82352000
0.44903752,0.36928000,0.82360000
0.44903338,0.36936000,0.82360000
0.44893563,0.36944000,0.82384000
0.44894975,0.36944000,0.82368000
0.44893581,0.36944000,0.82376000
0.44900694,0.36944000,0.82360000
0.44884634,0.36952000,0.82384000
0.44880658,0.36960000,0.82384000
0.44874161,0.36968000,0.82392000
0.44874254,0.36968000,0.82384000
0.44874012,0.36976000,0.82392000
0.44870248,0.36984000,0.82392000
0.44860074,0.36992000,0.82392000
0.44858867,0.37000000,0.82392000
0.44841391,0.37008000,0.82392000
0.44814444,0.37016000,0.82392000
0.44811696,0.37024000,0.82392000
0.44805852,0.37032000,0.82392000
0.44798172,0.37032000,0.82400000
0.44793463,0.37040000,0.82400000
0.44792631,0.37048000,0.82400000
0.44792610,0.37056000,0.82400000
0.44789898,0.37056000,0.82408000
0.44765583,0.37064000,0.82408000
0.44764236,0.37072000,0.82408000
0.44758186,0.37080000,0.82408000
0.44747853,0.37080000,0.82416000
0.44728833,0.37088000,0.82424000
0.44717950,0.37088000,0.82432000
0.44741195,0.37088000,0.82416000
0.44696876,0.37096000,0.82432000
0.44696110,0.37104000,0.82432000
0.44695273,0.37112000,0.82432000
0.44691828,0.37120000,0.82432000
0.44691139,0.37128000,0.82432000
0.44685924,0.37136000,0.82432000
0.44685364,0.37144000,0.82432000
0.44679618,0.37152000,0.82432000
0.44679242,0.37160000,0.82432000
0.44676623,0.37168000,0.82432000
0.44667023,0.37176000,0.82432000
0.44666195,0.37184000,0.82432000
0.44654715,0.37192000,0.82432000
0.44648498,0.37200000,0.82440000
0.44654125,0.37200000,0.82432000
0.44643965,0.37208000,0.82440000
0.44640601,0.37216000,0.82448000
0.44632164,0.37216000,0.82464000
0.44634700,0.37216000,0.82456000
0.44627371,0.37216000,0.82472000
0.44641683,0.37216000,0.82440000
0.44625482,0.37224000,0.82472000
0.44625264,0.37232000,0.82472000
0.44607025,0.37240000,0.82472000
0.44599721,0.37248000,0.82480000
0.44604364,0.37248000,0.82472000
0.44595775,0.37256000,0.82480000
0.44594097,0.37264000,0.82480000
0.44588825,0.37272000,0.82480000
0.44588223,0.37280000,0.82488000
0.44583786,0.37280000,0.82496000
0.44588310,0.37280000,0.82480000
0.44562230,0.37288000,0.82504000
0.44583115,0.37288000,0.82496000
0.44549492,0.37296000,0.82512000
0.44559452,0.37296000,0.82504000
0.44542032,0.37304000,0.82520000
0.44543147,0.37304000,0.82512000
0.44541946,0.37320000,0.82520000
0.44532034,0.37328000,0.82520000
0.44521126,0.37328000,0.82528000
0.44514936,0.37328000,0.82536000
0.44507650,0.37336000,0.82536000
0.44467637,0.37344000,0.82536000
0.44466266,0.37352000,0.82536000
0.44453579,0.37352000,0.82544000
0.44434303,0.37360000,0.82560000
0.44443002,0.37360000,0.82552000
0.44449249,0.37360000,0.82544000
0.44425863,0.37368000,0.82568000
0.44431865,0.37368000,0.82560000
0.44403499,0.37376000,0.82568000
0.44396883,0.37376000,0.82576000
0.44380820,0.37384000,0.82584000
0.44381690,0.37384000,0.82576000
0.44380403,0.37384000,0.82592000
0.44378629,0.37392000,0.82592000
0.44371590,0.37400000,0.82592000
0.44367710,0.37408000,0.82592000
0.44351831,0.37416000,0.82600000
0.44356972,0.37416000,0.82592000
0.44345510,0.37424000,0.82608000
0.44351119,0.37424000,0.82600000
0.44340387,0.37424000,0.82616000
0.44337136,0.37432000,0.82616000
0.44333971,0.37440000,0.82616000
0.44315189,0.37448000,0.82624000
0.44317690,0.37448000,0.82616000
0.44284737,0.37456000,0.82648000
0.44298863,0.37456000,0.82640000
0.44313806,0.37456000,0.82624000
0.44305253,0.37456000,0.82632000
0.44281912,0.37464000,0.82648000
0.44265622,0.37472000,0.82672000
0.44280997,0.37472000,0.82648000
0.44266164,0.37472000,0.82664000
0.44267678,0.37472000,0.82656000
0.44256052,0.37472000,0.82680000
0.44236556,0.37480000,0.82688000
0.44253647,0.37480000,0.82680000
0.44229957,0.37488000,0.82696000
0.44230312,0.37488000,0.82688000
0.44221196,0.37496000,0.82696000
0.44196421,0.37504000,0.82712000
0.44203076,0.37504000,0.82704000
0.44207630,0.37504000,0.82696000
0.44194117,0.37512000,0.82712000
0.44193703,0.37520000,0.82712000
0.44167343,0.37520000,0.82728000
0.44182232,0.37520000,0.82720000
0.44164962,0.37528000,0.82728000
0.44137034,0.37528000,0.82760000
0.44149649,0.37528000,0.82752000
0.44151106,0.37528000,0.82744000
0.44125551,0.37536000,0.82768000
0.44134545,0.37536000,0.82760000
0.44124773,0.37544000,0.82768000
0.44118649,0.37544000,0.82784000
0.44111741,0.37544000,0.82800000
0.44121644,0.37544000,0.82776000
0.44090319,0.37544000,0.82808000
0.44080371,0.37552000,0.82808000
0.44073194,0.37560000,0.82816000
0.44075450,0.37560000,0.82808000
0.44063231,0.37568000,0.82824000
0.44063157,0.37568000,0.82832000
0.44061702,0.37568000,0.82840000
0.44066840,0.37568000,0.82816000
0.44058934,0.37576000,0.82840000
0.44053853,0.37584000,0.82840000
0.44053605,0.37592000,0.82840000
0.44043234,0.37600000,0.82864000
0.44049940,0.37600000,0.82840000
0.44039765,0.37600000,0.82872000
0.44046068,0.37600000,0.82856000
0.44049904,0.37600000,0.82848000
0.44034365,0.37608000,0.82872000
0.44034150,0.37616000,0.82872000
0.44030362,0.37624000,0.82872000
0.44011807,0.37632000,0.82880000
0.44013405,0.37632000,0.82872000
0.44011271,0.37640000,0.82880000
0.44007826,0.37640000,0.82888000
0.44005707,0.37648000,0.82888000
0.44003615,0.37648000,0.82896000
0.44002941,0.37656000,0.82896000
0.43987882,0.37664000,0.82896000
0.43986574,0.37664000,0.82904000
0.43985248,0.37672000,0.82904000
0.43977243,0.37680000,0.82904000
0.43970650,0.37688000,0.82904000
0.43970114,0.37688000,0.82912000
0.43959406,0.37696000,0.82912000
0.43933740,0.37704000,0.82912000
0.43930197,0.37704000,0.82920000
0.43924284,0.37712000,0.82928000
0.43927938,0.37712000,0.82920000
0.43917215,0.37720000,0.82936000
0.43921676,0.37720000,0.82928000
0.43896797,0.37728000,0.82944000
0.43901190,0.37728000,0.82936000
0.43889847,0.37736000,0.82944000
0.43881258,0.37744000,0.82944000
0.43879375,0.37752000,0.82944000
0.43876460,0.37752000,0.82952000
0.43872517,0.37752000,0.82968000
0.43873563,0.37752000,0.82960000
0.43864396,0.37760000,0.82968000
0.43857715,0.37768000,0.82968000
0.43828490,0.37776000,0.82976000
0.43846405,0.37776000,0.82968000
0.43823260,0.37776000,0.82984000
0.43822125,0.37784000,0.82984000
0.43794358,0.37784000,0.83000000
0.43806362,0.37784000,0.82992000
0.43794101,0.37784000,0.83008000
0.43788716,0.37792000,0.83008000
0.43779668,0.37800000,0.83016000
0.43783841,0.37800000,0.83008000
0.43761948,0.37808000,0.83024000
0.43779576,0.37808000,0.83016000
0.43761224,0.37816000,0.83024000
0.43760926,0.37816000,0.83032000
0.43746755,0.37824000,0.83040000
0.43747202,0.37824000,0.83032000
0.43741247,0.37824000,0.83048000
0.43727133,0.37832000,0.83056000
0.43740377,0.37832000,0.83048000
0.43721819,0.37840000,0.83056000
0.43717220,0.37840000,0.83064000
0.43716970,0.37848000,0.83064000
0.43711311,0.37856000,0.83064000
0.43697807,0.37864000,0.83072000
0.43707407,0.37864000,0.83064000
0.43688610,0.37864000,0.83080000
0.43682349,0.37872000,0.83080000
0.43677163,0.37880000,0.83080000
0.43674725,0.37880000,0.83088000
0.43668586,0.37888000,0.83088000
0.43659824,0.37896000,0.83088000
0.43658569,0.37904000,0.83088000
0.43653741,0.37912000,0.83088000
0.43639690,0.37920000,0.83088000
0.43631354,0.37928000,0.83088000
0.43609762,0.37928000,0.83096000
0.43596444,0.37936000,0.83096000
0.43577772,0.37936000,0.83104000
0.43573636,0.37936000,0.83128000
0.43575305,0.37936000,0.83112000
0.43574730,0.37936000,0.83120000
0.43559560,0.37944000,0.83136000
0.43572205,0.37944000,0.83128000
0.43557075,0.37952000,0.83136000
0.43548355,0.37952000,0.83144000
0.43538365,0.37960000,0.83144000
0.43537319,0.37968000,0.83144000
0.43526816,0.37968000,0.83168000
0.43529952,0.37968000,0.83160000
0.43535444,0.37968000,0.83152000
0.43519250,0.37984000,0.83168000
0.43519229,0.37984000,0.83176000
0.43516397,0.37992000,0.83176000
0.43512836,0.38000000,0.83176000
0.43507609,0.38008000,0.83176000
0.43498078,0.38016000,0.83184000
0.43501046,0.38016000,0.83176000
0.43493125,0.38024000,0.83184000
0.43492329,0.38032000,0.83184000
0.43490168,0.38040000,0.83184000
0.43482080,0.38040000,0.83192000
0.43480140,0.38048000,0.83192000
0.43474066,0.38056000,0.83200000
0.43476805,0.38056000,0.83192000
0.43459585,0.38064000,0.83208000
0.43460679,0.38064000,0.83200000
0.43459317,0.38072000,0.83216000
0.43459535,0.38072000,0.83208000
0.43452123,0.38080000,0.83216000
0.43440989,0.38088000,0.83216000
0.43435892,0.38096000,0.83216000
0.43428296,0.38112000,0.83216000
0.43411711,0.38120000,0.83224000
0.43412021,0.38120000,0.83216000
0.43411490,0.38120000,0.83232000
0.43404365,0.38128000,0.83232000
0.43393329,0.38136000,0.83232000
0.43391573,0.38144000,0.83232000
0.43385431,0.38152000,0.83232000
0.43383583,0.38152000,0.83240000
0.43381500,0.38160000,0.83248000
0.43383080,0.38160000,0.83240000
0.43377528,0.38168000,0.83248000
0.43374145,0.38168000,0.83256000
0.43369552,0.38176000,0.83256000
0.43326300,0.38184000,0.83264000
0.43352124,0.38184000,0.83256000
0.43322453,0.38184000,0.83272000
0.43316913,0.38192000,0.83272000
0.43301997,0.38200000,0.83272000
0.43295515,0.38208000,0.83272000
0.43280709,0.38216000,0.83272000
0.43271849,0.38224000,0.83272000
0.43270555,0.38232000,0.83272000
0.43269625,0.38240000,0.83272000
0.43260345,0.38248000,0.83280000
0.43267918,0.38248000,0.83272000
0.43230230,0.38256000,0.83320000
0.43249023,0.38256000,0.83288000
0.43235943,0.38256000,0.83312000
0.43258551,0.38256000,0.83280000
0.43240264,0.38256000,0.83304000
0.43247819,0.38256000,0.83296000
0.43229863,0.38264000,0.83320000
0.43214959,0.38272000,0.83320000
0.43202701,0.38272000,0.83336000
0.43213370,0.38272000,0.83328000
0.43196881,0.38280000,0.83336000
0.43193051,0.38288000,0.83344000
0.43196526,0.38288000,0.83336000
0.43187198,0.38296000,0.83352000
0.43185461,0.38296000,0.83360000
0.43191054,0.38296000,0.83344000
0.43183386,0.38304000,0.83360000
0.43183345,0.38312000,0.83360000
0.43178916,0.38320000,0.83368000
0.43180001,0.38320000,0.83360000
0.43169361,0.38328000,0.83368000
0.43165189,0.38336000,0.83376000
0.43165678,0.38336000,0.83368000
0.43162546,0.38344000,0.83376000
0.43160817,0.38352000,0.83376000
0.43154320,0.38360000,0.83376000
0.43153703,0.38368000,0.83376000
0.43149787,0.38376000,0.83376000
0.43144566,0.38384000,0.83376000
0.43137652,0.38392000,0.83376000
0.43129405,0.38400000,0.83400000
0.43135631,0.38400000,0.83384000
0.43134260,0.38400000,0.83392000
0.43136498,0.38400000,0.83376000
0.43110818,0.38408000,0.83408000
0.43104857,0.38408000,0.83416000
0.43119752,0.38408000,0.83400000
0.43100327,0.38416000,0.83416000
0.43094048,0.38424000,0.83416000
0.43080294,0.38424000,0.83424000
0.43079960,0.38424000,0.83432000
0.43068612,0.38432000,0.83432000
0.43061635,0.38440000,0.83440000
0.43065348,0.38440000,0.83432000
0.43060654,0.38448000,0.83440000
0.43057144,0.38456000,0.83440000
0.43050739,0.38456000,0.83448000
0.43045709,0.38456000,0.83456000
0.43045366,0.38464000,0.83456000
0.43040353,0.38472000,0.83456000
0.43038070,0.38480000,0.83456000
0.43035173,0.38480000,0.83464000
0.43033367,0.38488000,0.83464000
0.43032211,0.38496000,0.83464000
0.43023562,0.38504000,0.83464000
0.43016040,0.38512000,0.83472000
0.43021926,0.38512000,0.83464000
0.43013245,0.38520000,0.83480000
0.43014187,0.38520000,0.83472000
0.42998290,0.38528000,0.83480000
0.42969829,0.38536000,0.83488000
0.42981839,0.38536000,0.83480000
0.42961001,0.38544000,0.83488000
0.42960972,0.38552000,0.83488000
0.42958027,0.38552000,0.83496000
0.42942831,0.38560000,0.83520000
0.42957726,0.38560000,0.83496000
0.42956802,0.38560000,0.83504000
0.42956105,0.38560000,0.83512000
0.42941666,0.38568000,0.83520000
0.42939970,0.38576000,0.83528000
0.42940429,0.38576000,0.83520000
0.42939484,0.38584000,0.83528000
0.42938352,0.38584000,0.83536000
0.42930642,0.38592000,0.83536000
0.42917752,0.38600000,0.83552000
0.42924219,0.38600000,0.83536000
0.42921191,0.38600000,0.83544000
0.42901170,0.38608000,0.83560000
0.42912686,0.38608000,0.83552000
0.42864716,0.38616000,0.83592000
0.42875901,0.38616000,0.83576000
0.42870918,0.38616000,0.83584000
0.42880011,0.38616000,0.83568000
0.42896843,0.38616000,0.83560000
0.42862150,0.38624000,0.83592000
0.42848891,0.38632000,0.83592000
0.42846251,0.38640000,0.83592000
0.42840865,0.38648000,0.83592000
0.42839193,0.38648000,0.83600000
0.42829105,0.38656000,0.83600000
0.42827365,0.38664000,0.83600000
0.42826736,0.38664000,0.83608000
0.42824975,0.38672000,0.83608000
0.42819405,0.38680000,0.83608000
0.42816776,0.38688000,0.83608000
0.42805049,0.38696000,0.83616000
0.42796600,0.38696000,0.83624000
0.42814365,0.38696000,0.83608000
0.42789844,0.38696000,0.83632000
0.42772293,0.38704000,0.83632000
0.42761186,0.38704000,0.83648000
0.42765951,0.38704000,0.83640000
0.42726719,0.38712000,0.83680000
0.42727107,0.38712000,0.83672000
0.42734927,0.38712000,0.83664000
0.42743525,0.38712000,0.83656000
0.42754391,0.38712000,0.83648000
0.42725027,0.38720000,0.83680000
0.42717588,0.38728000,0.83688000
0.42719188,0.38728000,0.83680000
0.42705977,0.38728000,0.83696000
0.42682740,0.38736000,0.83704000
0.42699543,0.38736000,0.83696000
0.42679465,0.38744000,0.83704000
0.42674705,0.38744000,0.83720000
0.42677447,0.38744000,0.83712000
0.42670989,0.38752000,0.83720000
0.42667994,0.38752000,0.83728000
0.42666909,0.38760000,0.83728000
0.42654994,0.38760000,0.83744000
0.42664018,0.38760000,0.83736000
0.42644027,0.38768000,0.83760000
0.42640674,0.38768000,0.83768000
0.42637676,0.38768000,0.83776000
0.42649946,0.38768000,0.83744000
0.42649782,0.38768000,0.83752000
0.42629871,0.38776000,0.83776000
0.42623740,0.38776000,0.83784000
0.42623737,0.38784000,0.83784000
0.42609635,0.38784000,0.83792000
0.42602679,0.38792000,0.83792000
0.42571536,0.38800000,0.83800000
0.42600849,0.38800000,0.83792000
0.42570701,0.38808000,0.83800000
0.42553568,0.38816000,0.83816000
0.42549947,0.38816000,0.83824000
0.42563963,0.38816000,0.83800000
0.42555064,0.38816000,0.83808000
0.42548463,0.38824000,0.83824000
0.42545208,0.38832000,0.83824000
0.42542264,0.38832000,0.83832000
0.42542201,0.38840000,0.83832000
0.42524004,0.38848000,0.83832000
0.42507455,0.38856000,0.83856000
0.42517158,0.38856000,0.83832000
0.42508346,0.38856000,0.83848000
0.42511046,0.38856000,0.83840000
0.42501584,0.38864000,0.83864000
0.42498103,0.38864000,0.83872000
0.42503929,0.38864000,0.83856000
0.42494294,0.38872000,0.83872000
0.42476246,0.38880000,0.83896000
0.42484388,0.38880000,0.83880000
0.42491451,0.38880000,0.83872000
0.42476395,0.38880000,0.83888000
0.42469010,0.38888000,0.83904000
0.42469543,0.38888000,0.83896000
0.42448956,0.38896000,0.83912000
0.42465466,0.38896000,0.83904000
0.42448172,0.38896000,0.83920000
0.42430207,0.38904000,0.83928000
0.42400220,0.38904000,0.83936000
0.42447934,0.38904000,0.83920000
0.42383158,0.38912000,0.83944000
0.42384848,0.38912000,0.83936000
0.42373785,0.38920000,0.83952000
0.42370713,0.38920000,0.83960000
0.42375764,0.38920000,0.83944000
0.42358890,0.38920000,0.83968000
0.42357603,0.38928000,0.83968000
0.42356795,0.38928000,0.83976000
0.42350844,0.38936000,0.83984000
0.42352220,0.38936000,0.83976000
0.42337388,0.38944000,0.84000000
0.42345253,0.38944000,0.83992000
0.42346510,0.38944000,0.83984000
0.42328352,0.38952000,0.84000000
0.42326248,0.38960000,0.84000000
0.42321616,0.38968000,0.84000000
0.42314452,0.38976000,0.84000000
0.42314127,0.38984000,0.84000000
0.42310315,0.38992000,0.84000000
0.42289406,0.39000000,0.84016000
0.42295200,0.39000000,0.84008000
0.42308867,0.39000000,0.84000000
0.42280719,0.39008000,0.84016000
0.42276013,0.39016000,0.84016000
0.42267528,0.39024000,0.84032000
0.42270178,0.39024000,0.84024000
0.42272621,0.39024000,0.84016000
0.42253625,0.39032000,0.84040000
0.42252302,0.39032000,0.84048000
0.42246464,0.39032000,0.84056000
0.42260092,0.39032000,0.84032000
0.42241502,0.39040000,0.84056000
0.42232284,0.39040000,0.84064000
0.42227790,0.39040000,0.84072000
0.42227641,0.39048000,0.84072000
0.42222375,0.39048000,0.84080000
0.42221600,0.39056000,0.84080000
0.42218745,0.39064000,0.84080000
0.42198187,0.39072000,0.84104000
0.42161080,0.39072000,0.84128000
0.42180371,0.39072000,0.84112000
0.42208499,0.39072000,0.84088000
0.42216170,0.39072000,0.84080000
0.42198887,0.39072000,0.84096000
0.42174724,0.39072000,0.84120000
0.42154533,0.39080000,0.84128000
0.42142543,0.39088000,0.84136000
0.42145523,0.39088000,0.84128000
0.42133939,0.39096000,0.84136000
0.42131749,0.39104000,0.84136000
0.42127287,0.39112000,0.84144000
0.42128083,0.39112000,0.84136000
0.42121187,0.39120000,0.84144000
0.42112872,0.39128000,0.84144000
0.42110243,0.39136000,0.84144000
0.42103124,0.39144000,0.84144000
0.42099836,0.39144000,0.84152000
0.42087838,0.39152000,0.84152000
0.42068699,0.39160000,0.84160000
0.42071375,0.39160000,0.84152000
0.42064118,0.39168000,0.84160000
0.42060009,0.39176000,0.84168000
0.42062032,0.39176000,0.84160000
0.42042580,0.39184000,0.84184000
0.42047486,0.39184000,0.84176000
0.42053321,0.39184000,0.84168000
0.42030573,0.39192000,0.84184000
0.42006066,0.39192000,0.84200000
0.42005131,0.39192000,0.84208000
0.42014053,0.39192000,0.84192000
0.41999465,0.39200000,0.84208000
0.41992170,0.39208000,0.84208000
0.41990858,0.39216000,0.84208000
0.41986942,0.39224000,0.84208000
0.41984251,0.39232000,0.84208000
0.41983551,0.39240000,0.84208000
0.41957313,0.39248000,0.84216000
0.41962838,0.39248000,0.84208000
0.41944769,0.39256000,0.84224000
0.41955501,0.39256000,0.84216000
0.41941807,0.39264000,0.84224000
0.41920254,0.39264000,0.84232000
0.41914380,0.39272000,0.84256000
0.41918728,0.39272000,0.84240000
0.41915965,0.39272000,0.84248000
0.41918954,0.39272000,0.84232000
0.41911063,0.39280000,0.84256000
0.41872555,0.39288000,0.84264000
0.41884595,0.39288000,0.84256000
0.41856006,0.39296000,0.84264000
0.41852534,0.39296000,0.84272000
0.41841257,0.39304000,0.84272000
0.41827095,0.39312000,0.84272000
0.41805288,0.39320000,0.84272000
0.41797885,0.39328000,0.84280000
0.41804817,0.39328000,0.84272000
0.41796026,0.39336000,0.84280000
0.41789514,0.39344000,0.84280000
0.41779009,0.39352000,0.84288000
0.41787639,0.39352000,0.84280000
0.41774940,0.39360000,0.84288000
0.41774026,0.39368000,0.84288000
0.41771093,0.39376000,0.84296000
0.41771877,0.39376000,0.84288000
0.41737086,0.39384000,0.84312000
0.41770941,0.39384000,0.84296000
0.41761225,0.39384000,0.84304000
0.41736951,0.39392000,0.84312000
0.41715980,0.39400000,0.84320000
0.41723308,0.39400000,0.84312000
0.41689044,0.39408000,0.84368000
0.41712511,0.39408000,0.84328000
0.41693243,0.39408000,0.84344000
0.41707268,0.39408000,0.84336000
0.41688550,0.39408000,0.84376000
0.41689569,0.39408000,0.84360000
0.41715226,0.39408000,0.84320000
0.41692227,0.39408000,0.84352000
0.41681334,0.39416000,0.84376000
0.41657969,0.39424000,0.84376000
0.41656104,0.39432000,0.84376000
0.41655940,0.39440000,0.84376000
0.41652101,0.39448000,0.84376000
0.41644895,0.39456000,0.84384000
0.41647071,0.39456000,0.84376000
0.41632411,0.39464000,0.84384000
0.41621807,0.39472000,0.84384000
0.41621357,0.39480000,0.84384000
0.41619152,0.39480000,0.84392000
0.41618747,0.39488000,0.84392000
0.41601822,0.39496000,0.84408000
0.41613698,0.39496000,0.84400000
0.41617495,0.39496000,0.84392000
0.41589999,0.39504000,0.84408000
0.41587621,0.39512000,0.84408000
0.41585883,0.39520000,0.84408000
0.41578737,0.39528000,0.84408000
0.41553715,0.39536000,0.84424000
0.41562387,0.39536000,0.84416000
0.41576687,0.39536000,0.84408000
0.41551080,0.39544000,0.84432000
0.41551921,0.39544000,0.84424000
0.41546482,0.39552000,0.84432000
0.41534370,0.39560000,0.84432000
0.41528481,0.39568000,0.84440000
0.41532886,0.39568000,0.84432000
0.41520563,0.39568000,0.84448000
0.41511381,0.39568000,0.84456000
0.41507596,0.39576000,0.84456000
0.41489172,0.39584000,0.84456000
0.41488984,0.39592000,0.84456000
0.41487697,0.39600000,0.84456000
0.41478029,0.39608000,0.84456000
0.41474891,0.39616000,0.84456000
0.41469860,0.39616000,0.84464000
0.41462940,0.39624000,0.84464000
0.41454515,0.39632000,0.84464000
0.41451499,0.39640000,0.84464000
0.41448763,0.39648000,0.84464000
0.41447830,0.39656000,0.84464000
0.41440475,0.39664000,0.84464000
0.41434941,0.39672000,0.84464000
0.41390845,0.39680000,0.84480000
0.41397005,0.39680000,0.84472000
0.41419983,0.39680000,0.84464000
0.41389897,0.39688000,0.84480000
0.41374049,0.39696000,0.84488000
0.41377622,0.39696000,0.84480000
0.41364965,0.39696000,0.84496000
0.41362643,0.39704000,0.84496000
0.41351050,0.39704000,0.84504000
0.41349539,0.39712000,0.84504000
0.41348323,0.39720000,0.84504000
0.41343868,0.39728000,0.84504000
0.41338944,0.39728000,0.84512000
0.41333154,0.39736000,0.84512000
0.41333136,0.39744000,0.84512000
0.41321695,0.39752000,0.84520000
0.41331470,0.39752000,0.84512000
0.41293690,0.39760000,0.84536000
0.41284201,0.39760000,0.84544000
0.41272765,0.39760000,0.84560000
0.41281781,0.39760000,0.84552000
0.41319862,0.39760000,0.84528000
0.41320604,0.39760000,0.84520000
0.41263244,0.39768000,0.84576000
0.41269597,0.39768000,0.84560000
0.41254607,0.39776000,0.84576000
0.41248676,0.39784000,0.84576000
0.41247588,0.39792000,0.84576000
0.41233227,0.39800000,0.84584000
0.41235182,0.39800000,0.84576000
0.41220924,0.39808000,0.84584000
0.41189823,0.39816000,0.84600000
0.41162327,0.39816000,0.84616000
0.41205299,0.39816000,0.84592000
0.41211808,0.39816000,0.84584000
0.41165733,0.39816000,0.84608000
0.41160762,0.39824000,0.84616000
0.41157448,0.39832000,0.84616000
0.41150281,0.39840000,0.84616000
0.41141096,0.39848000,0.84616000
0.41136944,0.39848000,0.84624000
0.41133660,0.39856000,0.84624000
0.41124362,0.39872000,0.84624000
0.41122949,0.39880000,0.84624000
0.41122237,0.39888000,0.84624000
0.41121346,0.39896000,0.84624000
0.41089958,0.39904000,0.84648000
0.41102010,0.39904000,0.84640000
0.41106129,0.39904000,0.84632000
0.41112334,0.39904000,0.84624000
0.41088948,0.39912000,0.84648000
0.41085222,0.39920000,0.84648000
0.41080895,0.39928000,0.84648000
0.41076797,0.39936000,0.84656000
0.41080642,0.39936000,0.84648000
0.41062054,0.39944000,0.84656000
0.41057223,0.39952000,0.84664000
0.41059858,0.39952000,0.84656000
0.41054526,0.39960000,0.84664000
0.41051367,0.39960000,0.84672000
0.41049418,0.39968000,0.84672000
0.41044036,0.39976000,0.84672000
0.41018692,0.39984000,0.84696000
0.41027135,0.39984000,0.84688000
0.40996096,0.39984000,0.84728000
0.41016364,0.39984000,0.84704000
0.41005281,0.39984000,0.84720000
0.41038951,0.39984000,0.84680000
0.41008738,0.39984000,0.84712000
0.40981692,0.39984000,0.84752000
0.41041964,0.39984000,0.84672000
0.40989813,0.39984000,0.84744000
0.40991327,0.39984000,0.84736000
0.40972635,0.39992000,0.84752000
0.40969643,0.40000000,0.84760000
0.40971586,0.40000000,0.84752000
0.40969115,0.40008000,0.84760000
0.40966722,0.40016000,0.84760000
0.40956908,0.40024000,0.84760000
0.40933877,0.40024000,0.84768000
0.40907636,0.40032000,0.84776000
0.40903094,0.40032000,0.84784000
0.40915295,0.40032000,0.84768000
0.40902016,0.40040000,0.84784000
0.40893948,0.40048000,0.84784000
0.40884608,0.40056000,0.84784000
0.40884578,0.40056000,0.84792000
0.40880880,0.40056000,0.84800000
0.40878513,0.40064000,0.84800000
0.40864599,0.40072000,0.84808000
0.40871042,0.40072000,0.84800000
0.40860957,0.40080000,0.84808000
0.40853131,0.40088000,0.84808000
0.40852100,0.40096000,0.84808000
0.40847296,0.40096000,0.84816000
0.40840900,0.40104000,0.84816000
0.40816787,0.40112000,0.84824000
0.40834370,0.40112000,0.84816000
0.40808299,0.40120000,0.84824000
0.40802267,0.40128000,0.84824000
0.40795526,0.40136000,0.84824000
0.40780383,0.40144000,0.84824000
0.40777284,0.40152000,0.84824000
0.40774524,0.40152000,0.84832000
0.40773016,0.40152000,0.84840000
0.40771475,0.40160000,0.84840000
0.40771028,0.40160000,0.84848000
0.40760642,0.40160000,0.84856000
0.40760383,0.40168000,0.84856000
0.40753055,0.40176000,0.84856000
0.40749085,0.40184000,0.84856000
0.40720749,0.40192000,0.84872000
0.40719306,0.40192000,0.84880000
0.40746388,0.40192000,0.84856000
0.40724266,0.40192000,0.84864000
0.40695748,0.40200000,0.84904000
0.40713382,0.40200000,0.84880000
0.40708372,0.40200000,0.84896000
0.40711054,0.40200000,0.84888000
0.40691555,0.40208000,0.84904000
0.40686393,0.40216000,0.84904000
0.40681931,0.40216000,0.84912000
0.40673041,0.40224000,0.84912000
0.40669069,0.40232000,0.84912000
0.40656772,0.40240000,0.84912000
0.40651691,0.40248000,0.84912000
0.40640959,0.40256000,0.84912000
0.40601256,0.40256000,0.84936000
0.40630126,0.40256000,0.84920000
0.40615231,0.40256000,0.84928000
0.40587774,0.40264000,0.84944000
0.40593800,0.40264000,0.84936000
0.40586352,0.40272000,0.84944000
0.40563896,0.40272000,0.84952000
0.40556237,0.40280000,0.84960000
0.40559632,0.40280000,0.84952000
0.40531358,0.40288000,0.84960000
0.40527675,0.40296000,0.84960000
0.40515003,0.40304000,0.84968000
0.40515649,0.40304000,0.84960000
0.40512854,0.40312000,0.84968000
0.40487343,0.40320000,0.84984000
0.40500978,0.40320000,0.84976000
0.40508652,0.40320000,0.84968000
0.40476948,0.40328000,0.84984000
0.40476570,0.40336000,0.84984000
0.40475276,0.40344000,0.84984000
0.40475199,0.40344000,0.84992000
0.40474114,0.40352000,0.84992000
0.40459901,0.40360000,0.85000000
0.40464920,0.40360000,0.84992000
0.40459710,0.40360000,0.85008000
0.40449917,0.40368000,0.85024000
0.40456492,0.40368000,0.85008000
0.40452549,0.40368000,0.85016000
0.40446374,0.40368000,0.85032000
0.40441084,0.40376000,0.85032000
0.40431967,0.40384000,0.85032000
0.40430042,0.40392000,0.85032000
0.40425724,0.40400000,0.85032000
0.40420091,0.40408000,0.85032000
0.40416920,0.40408000,0.85040000
0.40415847,0.40416000,0.85040000
0.40415549,0.40416000,0.85048000
0.40413797,0.40424000,0.85048000
0.40412152,0.40432000,0.85048000
0.40407819,0.40440000,0.85048000
0.40405321,0.40448000,0.85056000
0.40406910,0.40448000,0.85048000
0.40404478,0.40456000,0.85056000
0.40402088,0.40456000,0.85064000
0.40401947,0.40456000,0.85072000
0.40397823,0.40456000,0.85088000
0.40399030,0.40456000,0.85080000
0.40389350,0.40464000,0.85088000
0.40384659,0.40472000,0.85088000
0.40378448,0.40480000,0.85088000
0.40370697,0.40488000,0.85088000
0.40349224,0.40496000,0.85088000
0.40318200,0.40504000,0.85104000
0.40322354,0.40504000,0.85096000
0.40348259,0.40504000,0.85088000
0.40304422,0.40512000,0.85104000
0.40302747,0.40512000,0.85112000
0.40301675,0.40520000,0.85112000
0.40296432,0.40528000,0.85112000
0.40294456,0.40536000,0.85112000
0.40281773,0.40544000,0.85112000
0.40265366,0.40552000,0.85120000
0.40266937,0.40552000,0.85112000
0.40262190,0.40552000,0.85128000
0.40228724,0.40560000,0.85160000
0.40257055,0.40560000,0.85136000
0.40235722,0.40560000,0.85152000
0.40259376,0.40560000,0.85128000
0.40242195,0.40560000,0.85144000
0.40224391,0.40568000,0.85160000
0.40222931,0.40576000,0.85160000
0.40207472,0.40584000,0.85160000
0.40199083,0.40592000,0.85160000
0.40196568,0.40600000,0.85160000
0.40184155,0.40600000,0.85168000
0.40152633,0.40608000,0.85168000
0.40131551,0.40616000,0.85168000
0.40129921,0.40624000,0.85168000
0.40128636,0.40632000,0.85168000
0.40125963,0.40640000,0.85168000
0.40121973,0.40648000,0.85168000
0.40121883,0.40656000,0.85168000
0.40119857,0.40664000,0.85168000
0.40114671,0.40672000,0.85168000
0.40095803,0.40672000,0.85176000
0.40095365,0.40672000,0.85184000
0.40088719,0.40680000,0.85184000
0.40053788,0.40688000,0.85200000
0.40042067,0.40688000,0.85208000
0.40054885,0.40688000,0.85192000
0.40081272,0.40688000,0.85184000
0.40033212,0.40696000,0.85208000
0.40030977,0.40704000,0.85208000
0.40001327,0.40712000,0.85208000
0.39992884,0.40712000,0.85216000
0.39990488,0.40720000,0.85216000
0.39983574,0.40720000,0.85224000
0.39981279,0.40728000,0.85224000
0.39979270,0.40744000,0.85224000
0.39963919,0.40752000,0.85224000
0.39963356,0.40760000,0.85224000
0.39935094,0.40760000,0.85232000
0.39931384,0.40768000,0.85232000
0.39930031,0.40776000,0.85232000
0.39928961,0.40784000,0.85232000
0.39906749,0.40792000,0.85240000
0.39907011,0.40792000,0.85232000
0.39906436,0.40800000,0.85240000
0.39894301,0.40800000,0.85248000
0.39885509,0.40808000,0.85248000
0.39877284,0.40816000,0.85256000
0.39883128,0.40816000,0.85248000
0.39870697,0.40824000,0.85256000
0.39857975,0.40832000,0.85256000
0.39850196,0.40832000,0.85264000
0.39830858,0.40840000,0.85264000
0.39829648,0.40848000,0.85264000
0.39822903,0.40856000,0.85272000
0.39826825,0.40856000,0.85264000
0.39803657,0.40864000,0.85280000
0.39819553,0.40864000,0.85272000
0.39802140,0.40864000,0.85288000
0.39783338,0.40872000,0.85288000
0.39776638,0.40880000,0.85288000
0.39773548,0.40888000,0.85296000
0.39775723,0.40888000,0.85288000
0.39771304,0.40896000,0.85296000
0.39765987,0.40904000,0.85296000
0.39758152,0.40912000,0.85296000
0.39758018,0.40912000,0.85304000
0.39756480,0.40920000,0.85304000
0.39742160,0.40928000,0.85304000
0.39736241,0.40936000,0.85304000
0.39730319,0.40944000,0.85312000
0.39735126,0.40944000,0.85304000
0.39715236,0.40952000,0.85312000
0.39713266,0.40960000,0.85312000
0.39699793,0.40968000,0.85312000
0.39691529,0.40968000,0.85320000
0.39689407,0.40968000,0.85328000
0.39688361,0.40976000,0.85328000
0.39676797,0.40976000,0.85336000
0.39649889,0.40984000,0.85352000
0.39664257,0.40984000,0.85344000
0.39670470,0.40984000,0.85336000
0.39625496,0.40992000,0.85352000
0.39623982,0.40992000,0.85360000
0.39617360,0.40992000,0.85368000
0.39610109,0.41000000,0.85368000
0.39609030,0.41000000,0.85376000
0.39601886,0.41008000,0.85376000
0.39599681,0.41016000,0.85376000
0.39591560,0.41016000,0.85384000
0.39586589,0.41024000,0.85392000
0.39587799,0.41024000,0.85384000
0.39584920,0.41032000,0.85392000
0.39583582,0.41040000,0.85392000
0.39562166,0.41048000,0.85392000
0.39547199,0.41048000,0.85400000
0.39545143,0.41048000,0.85408000
0.39544261,0.41056000,0.85408000
0.39541385,0.41064000,0.85408000
0.39541012,0.41072000,0.85408000
0.39521688,0.41072000,0.85416000
0.39510459,0.41080000,0.85416000
0.39509678,0.41088000,0.85416000
0.39509657,0.41096000,0.85416000
0.39483896,0.41096000,0.85432000
0.39497235,0.41096000,0.85424000
0.39483890,0.41104000,0.85432000
0.39467883,0.41112000,0.85432000
0.39454064,0.41112000,0.85440000
0.39446908,0.41112000,0.85448000
0.39446223,0.41120000,0.85448000
0.39437020,0.41128000,0.85448000
0.39432275,0.41136000,0.85448000
0.39418831,0.41144000,0.85448000
0.39416403,0.41144000,0.85456000
0.39405736,0.41152000,0.85456000
0.39400628,0.41160000,0.85456000
0.39399052,0.41160000,0.85464000
0.39377668,0.41160000,0.85488000
0.39361554,0.41160000,0.85496000
0.39384785,0.41160000,0.85472000
0.39379275,0.41160000,0.85480000
0.39360562,0.41168000,0.85496000
0.39348540,0.41168000,0.85504000
0.39337125,0.41176000,0.85504000
0.39301825,0.41184000,0.85504000
0.39300755,0.41192000,0.85504000
0.39297414,0.41200000,0.85504000
0.39293885,0.41208000,0.85504000
0.39289469,0.41216000,0.85504000
0.39285192,0.41216000,0.85512000
0.39281970,0.41224000,0.85512000
0.39275101,0.41232000,0.85520000
0.39280725,0.41232000,0.85512000
0.39273465,0.41240000,0.85520000
0.39260203,0.41240000,0.85528000
0.39259136,0.41240000,0.85536000
0.39249799,0.41248000,0.85536000
0.39249349,0.41256000,0.85536000
0.39247975,0.41264000,0.85536000
0.39244822,0.41272000,0.85536000
0.39235169,0.41280000,0.85536000
0.39234611,0.41288000,0.85536000
0.39231023,0.41296000,0.85536000
0.39228600,0.41304000,0.85536000
0.39213988,0.41312000,0.85536000
0.39211869,0.41320000,0.85536000
0.39202517,0.41328000,0.85536000
0.39198223,0.41328000,0.85544000
0.39195907,0.41336000,0.85544000
0.39188123,0.41344000,0.85552000
0.39193135,0.41344000,0.85544000
0.39186519,0.41352000,0.85552000
0.39185143,0.41360000,0.85552000
0.39184037,0.41368000,0.85552000
0.39182174,0.41368000,0.85560000
0.39181560,0.41376000,0.85560000
0.39179307,0.41376000,0.85568000
0.39174515,0.41384000,0.85568000
0.39172265,0.41392000,0.85568000
0.39169326,0.41392000,0.85576000
0.39144081,0.41400000,0.85576000
0.39140576,0.41408000,0.85576000
0.39138278,0.41416000,0.85576000
0.39133263,0.41424000,0.85576000
0.39108735,0.41432000,0.85576000
0.39107308,0.41432000,0.85584000
0.39089134,0.41432000,0.85592000
0.39088124,0.41440000,0.85592000
0.39086425,0.41448000,0.85592000
0.39077204,0.41448000,0.85608000
0.39078680,0.41448000,0.85600000
0.39069122,0.41456000,0.85616000
0.39069831,0.41456000,0.85608000
0.39058477,0.41464000,0.85616000
0.39057025,0.41480000,0.85616000
0.39050710,0.41488000,0.85616000
0.39046130,0.41488000,0.85624000
0.39020470,0.41496000,0.85624000
0.39013329,0.41496000,0.85632000
0.38984954,0.41504000,0.85632000
0.38979027,0.41512000,0.85632000
0.38975781,0.41520000,0.85632000
0.38962567,0.41528000,0.85648000
0.38967142,0.41528000,0.85632000
0.38966310,0.41528000,0.85640000
0.38952088,0.41536000,0.85656000
0.38953224,0.41536000,0.85648000
0.38943818,0.41544000,0.85656000
0.38932768,0.41552000,0.85672000
0.38925663,0.41552000,0.85680000
0.38939112,0.41552000,0.85656000
0.38936171,0.41552000,0.85664000
0.38903531,0.41560000,0.85680000
0.38899568,0.41568000,0.85688000
0.38900653,0.41568000,0.85680000
0.38895977,0.41576000,0.85688000
0.38888273,0.41576000,0.85696000
0.38886404,0.41584000,0.85696000
0.38882697,0.41592000,0.85696000
0.38880596,0.41600000,0.85696000
0.38867718,0.41608000,0.85704000
0.38873100,0.41608000,0.85696000
0.38853323,0.41616000,0.85704000
0.38841420,0.41624000,0.85704000
0.38840666,0.41632000,0.85704000
0.38832146,0.41640000,0.85704000
0.38828662,0.41648000,0.85704000
0.38821158,0.41656000,0.85704000
0.38805169,0.41664000,0.85720000
0.38817897,0.41664000,0.85704000
0.38813126,0.41664000,0.85712000
0.38769200,0.41672000,0.85736000
0.38772863,0.41672000,0.85728000
0.38804761,0.41672000,0.85720000
0.38768819,0.41680000,0.85736000
0.38766748,0.41688000,0.85736000
0.38757387,0.41696000,0.85736000
0.38738713,0.41696000,0.85744000
0.38722444,0.41704000,0.85752000
0.38730553,0.41704000,0.85744000
0.38718486,0.41712000,0.85752000
0.38684398,0.41720000,0.85760000
0.38686529,0.41720000,0.85752000
0.38646281,0.41728000,0.85760000
0.38645151,0.41736000,0.85760000
0.38644457,0.41736000,0.85768000
0.38629505,0.41744000,0.85792000
0.38637614,0.41744000,0.85776000
0.38635385,0.41744000,0.85784000
0.38641924,0.41744000,0.85768000
0.38623789,0.41744000,0.85800000
0.38617674,0.41752000,0.85800000
0.38612974,0.41760000,0.85800000
0.38610059,0.41768000,0.85800000
0.38608074,0.41776000,0.85800000
0.38590512,0.41784000,0.85808000
0.38586226,0.41784000,0.85816000
0.38606602,0.41784000,0.85800000
0.38585237,0.41792000,0.85816000
0.38579658,0.41800000,0.85816000
0.38564375,0.41800000,0.85832000
0.38575357,0.41800000,0.85824000
0.38564360,0.41808000,0.85832000
0.38559690,0.41816000,0.85832000
0.38558370,0.41824000,0.85832000
0.38547131,0.41832000,0.85832000
0.38540027,0.41840000,0.85832000
0.38539183,0.41848000,0.85832000
0.38537613,0.41856000,0.85832000
0.38509056,0.41864000,0.85840000
0.38535449,0.41864000,0.85832000
0.38497272,0.41872000,0.85840000
0.38486621,0.41872000,0.85848000
0.38476831,0.41880000,0.85848000
0.38473243,0.41888000,0.85856000
0.38474277,0.41888000,0.85848000
0.38446501,0.41896000,0.85864000
0.38472292,0.41896000,0.85856000
0.38442686,0.41904000,0.85864000
0.38435942,0.41912000,0.85864000
0.38431644,0.41920000,0.85864000
0.38400432,0.41928000,0.85872000
0.38425285,0.41928000,0.85864000
0.38398182,0.41936000,0.85872000
0.38397908,0.41944000,0.85872000
0.38386992,0.41944000,0.85888000
0.38388267,0.41944000,0.85880000
0.38373569,0.41944000,0.85904000
0.38385049,0.41944000,0.85896000
0.38370374,0.41952000,0.85904000
0.38360578,0.41960000,0.85904000
0.38350481,0.41960000,0.85920000
0.38355291,0.41960000,0.85912000
0.38324571,0.41968000,0.85920000
0.38318095,0.41976000,0.85920000
0.38307154,0.41984000,0.85920000
0.38306043,0.41992000,0.85920000
0.38281760,0.41992000,0.85928000
0.38273346,0.42000000,0.85928000
0.38241792,0.42000000,0.85936000
0.38239965,0.42008000,0.85944000
0.38240188,0.42008000,0.85936000
0.38237667,0.42016000,0.85952000
0.38238892,0.42016000,0.85944000
0.38213149,0.42024000,0.85952000
0.38202572,0.42032000,0.85952000
0.38195783,0.42040000,0.85952000
0.38179719,0.42048000,0.85952000
0.38171607,0.42056000,0.85952000
0.38171518,0.42064000,0.85952000
0.38166031,0.42072000,0.85952000
0.38164580,0.42080000,0.85952000
0.38157964,0.42088000,0.85968000
0.38159755,0.42088000,0.85960000
0.38161573,0.42088000,0.85952000
0.38151386,0.42096000,0.85976000
0.38155782,0.42096000,0.85968000
0.38150492,0.42104000,0.85976000
0.38136867,0.42112000,0.85976000
0.38135919,0.42120000,0.85976000
0.38128033,0.42128000,0.85976000
0.38125479,0.42136000,0.85976000
0.38120049,0.42144000,0.85976000
0.38104466,0.42152000,0.85992000
0.38113487,0.42152000,0.85984000
0.38115466,0.42152000,0.85976000
0.38098279,0.42160000,0.86000000
0.38099182,0.42160000,0.85992000
0.38080484,0.42168000,0.86008000
0.38093287,0.42168000,0.86000000
0.38074896,0.42176000,0.86008000
0.38068795,0.42176000,0.86024000
0.38070902,0.42176000,0.86016000
0.38067517,0.42184000,0.86024000
0.38061094,0.42192000,0.86024000
0.38057768,0.42192000,0.86032000
0.38057515,0.42200000,0.86032000
0.38056216,0.42208000,0.86032000
0.38044429,0.42216000,0.86032000
0.38031507,0.42224000,0.86032000
0.38025102,0.42232000,0.86032000
0.38009039,0.42240000,0.86048000
0.38013950,0.42240000,0.86040000
0.38024506,0.42240000,0.86032000
0.38006446,0.42248000,0.86048000
0.37997949,0.42256000,0.86048000
0.37984675,0.42264000,0.86064000
0.37988535,0.42264000,0.86056000
0.37991369,0.42264000,0.86048000
0.37983751,0.42272000,0.86064000
0.37975112,0.42280000,0.86064000
0.37967956,0.42280000,0.86072000
0.37961811,0.42288000,0.86080000
0.37955421,0.42288000,0.86088000
0.37965971,0.42288000,0.86072000
0.37954685,0.42296000,0.86088000
0.37938899,0.42304000,0.86096000
0.37947094,0.42304000,0.86088000
0.37938377,0.42312000,0.86096000
0.37931654,0.42312000,0.86104000
0.37923491,0.42320000,0.86128000
0.37930205,0.42320000,0.86104000
0.37925377,0.42320000,0.86120000
0.37910241,0.42328000,0.86128000
0.37904689,0.42336000,0.86128000
0.37900761,0.42352000,0.86128000
0.37896299,0.42360000,0.86128000
0.37895873,0.42368000,0.86128000
0.37891814,0.42376000,0.86128000
0.37888336,0.42384000,0.86128000
0.37886241,0.42392000,0.86128000
0.37883896,0.42400000,0.86128000
0.37845665,0.42408000,0.86152000
0.37882027,0.42408000,0.86128000
0.37851810,0.42408000,0.86144000
0.37869191,0.42408000,0.86136000
0.37839478,0.42416000,0.86152000
0.37830734,0.42416000,0.86176000
0.37831682,0.42416000,0.86168000
0.37839156,0.42416000,0.86160000
0.37825471,0.42424000,0.86176000
0.37821469,0.42432000,0.86176000
0.37813413,0.42440000,0.86184000
0.37815830,0.42440000,0.86176000
0.37787858,0.42448000,0.86192000
0.37798148,0.42448000,0.86184000
0.37783074,0.42456000,0.86192000
0.37768680,0.42464000,0.86208000
0.37776366,0.42464000,0.86192000
0.37774059,0.42464000,0.86200000
0.37762228,0.42472000,0.86208000
0.37746733,0.42480000,0.86208000
0.37745661,0.42488000,0.86216000
0.37742820,0.42488000,0.86224000
0.37746587,0.42488000,0.86208000
0.37741125,0.42496000,0.86240000
0.37742779,0.42496000,0.86224000
0.37741697,0.42496000,0.86232000
0.37737253,0.42504000,0.86240000
0.37736493,0.42504000,0.86256000
0.37735796,0.42504000,0.86264000
0.37736812,0.42504000,0.86248000
0.37724099,0.42512000,0.86264000
0.37722838,0.42512000,0.86272000
0.37716872,0.42520000,0.86280000
0.37719977,0.42520000,0.86272000
0.37709501,0.42528000,0.86280000
0.37708771,0.42536000,0.86280000
0.37705934,0.42544000,0.86280000
0.37683290,0.42552000,0.86304000
0.37703031,0.42552000,0.86280000
0.37686542,0.42552000,0.86296000
0.37687027,0.42552000,0.86288000
0.37676230,0.42560000,0.86304000
0.37664893,0.42568000,0.86304000
0.37662914,0.42576000,0.86304000
0.37658104,0.42584000,0.86304000
0.37651271,0.42592000,0.86312000
0.37652257,0.42592000,0.86304000
0.37637538,0.42600000,0.86312000
0.37631106,0.42608000,0.86312000
0.37627470,0.42608000,0.86320000
0.37617555,0.42608000,0.86328000
0.37612981,0.42616000,0.86328000
0.37609801,0.42624000,0.86328000
0.37609771,0.42624000,0.86336000
0.37608290,0.42632000,0.86336000
0.37604287,0.42640000,0.86336000
0.37593988,0.42640000,0.86344000
0.37575644,0.42648000,0.86344000
0.37571102,0.42656000,0.86344000
0.37569910,0.42664000,0.86344000
0.37542769,0.42672000,0.86344000
0.37537161,0.42672000,0.86352000
0.37533876,0.42680000,0.86352000
0.37531444,0.42688000,0.86352000
0.37500620,0.42696000,0.86360000
0.37523863,0.42696000,0.86352000
0.37496242,0.42704000,0.86360000
0.37486470,0.42704000,0.86368000
0.37482351,0.42712000,0.86368000
0.37475002,0.42720000,0.86368000
0.37472296,0.42728000,0.86368000
0.37470862,0.42736000,0.86368000
0.37470859,0.42744000,0.86368000
0.37468737,0.42752000,0.86368000
0.37466168,0.42752000,0.86376000
0.37460327,0.42760000,0.86384000
0.37463617,0.42760000,0.86376000
0.37459105,0.42768000,0.86384000
0.37440932,0.42776000,0.86400000
0.37457415,0.42776000,0.86384000
0.37442183,0.42776000,0.86392000
0.37438840,0.42784000,0.86400000
0.37438145,0.42792000,0.86400000
0.37429279,0.42800000,0.86400000
0.37428528,0.42808000,0.86400000
0.37425435,0.42816000,0.86400000
0.37416464,0.42816000,0.86408000
0.37415686,0.42824000,0.86408000
0.37399220,0.42832000,0.86408000
0.37394547,0.42840000,0.86408000
0.37390804,0.42848000,0.86408000
0.37389320,0.42856000,0.86408000
0.37387660,0.42864000,0.86408000
0.37375301,0.42872000,0.86408000
0.37366089,0.42880000,0.86408000
0.37364399,0.42880000,0.86416000
0.37362802,0.42888000,0.86416000
0.37357184,0.42896000,0.86416000
0.37343502,0.42904000,0.86432000
0.37352353,0.42904000,0.86416000
0.37346977,0.42904000,0.86424000
0.37342325,0.42912000,0.86432000
0.37337089,0.42920000,0.86432000
0.37325728,0.42928000,0.86432000
0.37320870,0.42936000,0.86432000
0.37320161,0.42944000,0.86432000
0.37318215,0.42952000,0.86432000
0.37305343,0.42960000,0.86440000
0.37311319,0.42960000,0.86432000
0.37296766,0.42960000,0.86448000
0.37287077,0.42968000,0.86456000
0.37284756,0.42968000,0.86464000
0.37292507,0.42968000,0.86448000
0.37271041,0.42976000,0.86464000
0.37270835,0.42984000,0.86464000
0.37256265,0.42992000,0.86464000
0.37239155,0.43000000,0.86464000
0.37236562,0.43008000,0.86464000
0.37236387,0.43008000,0.86472000
0.37230083,0.43016000,0.86472000
0.37228295,0.43032000,0.86472000
0.37225953,0.43040000,0.86472000
0.37210581,0.43048000,0.86488000
0.37220505,0.43048000,0.86480000
0.37221929,0.43048000,0.86472000
0.37199455,0.43056000,0.86488000
0.37198052,0.43056000,0.86496000
0.37189475,0.43056000,0.86504000
0.37176618,0.43064000,0.86504000
0.37161028,0.43064000,0.86512000
0.37149289,0.43072000,0.86528000
0.37152123,0.43072000,0.86512000
0.37148231,0.43080000,0.86528000
0.37147406,0.43088000,0.86528000
0.37145567,0.43096000,0.86528000
0.37138626,0.43096000,0.86536000
0.37128860,0.43104000,0.86536000
0.37124923,0.43112000,0.86536000
0.37124890,0.43120000,0.86536000
0.37119535,0.43128000,0.86544000
0.37121138,0.43128000,0.86536000
0.37119019,0.43136000,0.86544000
0.37111285,0.43144000,0.86544000
0.37106508,0.43144000,0.86552000
0.37102807,0.43152000,0.86552000
0.37101620,0.43160000,0.86552000
0.37068108,0.43168000,0.86584000
0.37095419,0.43168000,0.86560000
0.37090033,0.43168000,0.86568000
0.37101158,0.43168000,0.86552000
0.37086326,0.43168000,0.86576000
0.37067088,0.43176000,0.86584000
0.37058327,0.43184000,0.86584000
0.37041336,0.43192000,0.86592000
0.37056980,0.43192000,0.86584000
0.37036905,0.43200000,0.86592000
0.37035289,0.43208000,0.86592000
0.37033683,0.43216000,0.86592000
0.37023538,0.43224000,0.86592000
0.37021577,0.43224000,0.86600000
0.37009013,0.43232000,0.86608000
0.37020680,0.43232000,0.86600000
0.37004474,0.43240000,0.86608000
0.36990860,0.43248000,0.86608000
0.36980313,0.43256000,0.86608000
0.36971647,0.43264000,0.86608000
0.36965397,0.43264000,0.86616000
0.36963773,0.43272000,0.86616000
0.36961892,0.43272000,0.86624000
0.36950502,0.43280000,0.86632000
0.36960873,0.43280000,0.86624000
0.36944833,0.43280000,0.86640000
0.36938924,0.43288000,0.86640000
0.36927307,0.43296000,0.86640000
0.36921060,0.43304000,0.86640000
0.36910328,0.43312000,0.86648000
0.36920306,0.43312000,0.86640000
0.36881509,0.43312000,0.86656000
0.36873531,0.43320000,0.86656000
0.36849296,0.43328000,0.86672000
0.36861864,0.43328000,0.86656000
0.36849520,0.43328000,0.86664000
0.36848524,0.43336000,0.86672000
0.36837342,0.43336000,0.86680000
0.36832774,0.43344000,0.86680000
0.36827725,0.43352000,0.86688000
0.36831868,0.43352000,0.86680000
0.36827409,0.43360000,0.86688000
0.36822793,0.43368000,0.86688000
0.36806992,0.43376000,0.86688000
0.36800307,0.43376000,0.86696000
0.36792839,0.43384000,0.86696000
0.36788478,0.43384000,0.86704000
0.36743075,0.43392000,0.86728000
0.36746642,0.43392000,0.86720000
0.36742705,0.43392000,0.86736000
0.36734441,0.43392000,0.86744000
0.36761338,0.43392000,0.86712000
0.36783600,0.43392000,0.86704000
0.36718899,0.43400000,0.86752000
0.36724412,0.43400000,0.86744000
0.36702991,0.43408000,0.86760000
0.36700201,0.43408000,0.86768000
0.36718699,0.43408000,0.86752000
0.36680228,0.43416000,0.86776000
0.36681822,0.43416000,0.86768000
0.36677518,0.43424000,0.86776000
0.36676949,0.43432000,0.86776000
0.36672619,0.43440000,0.86784000
0.36674762,0.43440000,0.86776000
0.36651039,0.43440000,0.86792000
0.36637580,0.43448000,0.86792000
0.36625609,0.43448000,0.86800000
0.36594978,0.43456000,0.86824000
0.36594644,0.43456000,0.86832000
0.36603853,0.43456000,0.86816000
0.36614716,0.43456000,0.86808000
0.36617282,0.43456000,0.86800000
0.36593872,0.43464000,0.86832000
0.36590630,0.43472000,0.86832000
0.36589915,0.43480000,0.86832000
0.36585155,0.43488000,0.86832000
0.36577961,0.43496000,0.86848000
0.36584696,0.43496000,0.86832000
0.36578879,0.43496000,0.86840000
0.36573473,0.43504000,0.86848000
0.36567724,0.43504000,0.86856000
0.36567503,0.43512000,0.86856000
0.36559623,0.43520000,0.86856000
0.36553770,0.43528000,0.86856000
0.36553735,0.43536000,0.86856000
0.36527050,0.43536000,0.86864000
0.36511916,0.43544000,0.86864000
0.36508471,0.43552000,0.86864000
0.36506400,0.43560000,0.86864000
0.36465111,0.43568000,0.86872000
0.36501002,0.43568000,0.86864000
0.36453557,0.43576000,0.86872000
0.36450598,0.43584000,0.86880000
0.36453322,0.43584000,0.86872000
0.36447927,0.43592000,0.86880000
0.36435938,0.43600000,0.86880000
0.36429897,0.43608000,0.86880000
0.36422428,0.43616000,0.86880000
0.36412078,0.43624000,0.86880000
0.36402485,0.43624000,0.86888000
0.36382121,0.43632000,0.86896000
0.36392254,0.43632000,0.86888000
0.36371532,0.43640000,0.86896000
0.36367729,0.43648000,0.86904000
0.36369860,0.43648000,0.86896000
0.36364794,0.43656000,0.86904000
0.36360422,0.43664000,0.86904000
0.36353859,0.43672000,0.86904000
0.36348063,0.43680000,0.86904000
0.36339882,0.43688000,0.86904000
0.36334547,0.43696000,0.86904000
0.36323863,0.43704000,0.86904000
0.36322868,0.43704000,0.86912000
0.36321792,0.43712000,0.86912000
0.36313865,0.43720000,0.86912000
0.36304966,0.43728000,0.86920000
0.36311689,0.43728000,0.86912000
0.36304748,0.43736000,0.86920000
0.36304718,0.43744000,0.86920000
0.36289468,0.43752000,0.86944000
0.36297801,0.43752000,0.86920000
0.36292318,0.43752000,0.86928000
0.36290309,0.43752000,0.86936000
0.36282361,0.43760000,0.86944000
0.36278933,0.43768000,0.86944000
0.36271650,0.43768000,0.86952000
0.36250958,0.43776000,0.86952000
0.36244157,0.43784000,0.86952000
0.36233777,0.43792000,0.86952000
0.36232877,0.43800000,0.86952000
0.36220446,0.43808000,0.86952000
0.36215687,0.43816000,0.86952000
0.36193725,0.43824000,0.86968000
0.36194137,0.43824000,0.86960000
0.36208332,0.43824000,0.86952000
0.36183128,0.43832000,0.86976000
0.36187690,0.43832000,0.86968000
0.36176187,0.43840000,0.86984000
0.36179459,0.43840000,0.86976000
0.36173829,0.43848000,0.86984000
0.36170986,0.43856000,0.86984000
0.36148366,0.43864000,0.86992000
0.36165780,0.43864000,0.86984000
0.36143175,0.43872000,0.86992000
0.36142349,0.43872000,0.87000000
0.36138812,0.43880000,0.87000000
0.36121610,0.43888000,0.87000000
0.36114749,0.43896000,0.87008000
0.36115792,0.43896000,0.87000000
0.36113542,0.43904000,0.87008000
0.36112073,0.43912000,0.87008000
0.36097729,0.43920000,0.87008000
0.36085913,0.43928000,0.87016000
0.36079475,0.43928000,0.87032000
0.36082369,0.43928000,0.87024000
0.36088642,0.43928000,0.87008000
0.36072525,0.43936000,0.87032000
0.36069548,0.43944000,0.87032000
0.36053064,0.43944000,0.87040000
0.36045146,0.43952000,0.87040000
0.36040306,0.43960000,0.87040000
0.36022121,0.43968000,0.87040000
0.36014870,0.43968000,0.87048000
0.36014104,0.43968000,0.87056000
0.36006707,0.43968000,0.87072000
0.36007217,0.43968000,0.87064000
0.36005205,0.43976000,0.87072000
0.36004347,0.43984000,0.87072000
0.36003119,0.43992000,0.87080000
0.36004302,0.43992000,0.87072000
0.35999292,0.44000000,0.87080000
0.35993519,0.44008000,0.87088000
0.35994881,0.44008000,0.87080000
0.35987130,0.44016000,0.87088000
0.35981852,0.44024000,0.87088000
0.35974652,0.44032000,0.87096000
0.35980695,0.44032000,0.87088000
0.35972422,0.44040000,0.87096000
0.35967821,0.44040000,0.87104000
0.35964343,0.44048000,0.87104000
0.35955679,0.44056000,0.87104000
0.35950211,0.44064000,0.87104000
0.35945195,0.44072000,0.87104000
0.35933459,0.44080000,0.87112000
0.35940090,0.44080000,0.87104000
0.35916740,0.44080000,0.87120000
0.35904819,0.44080000,0.87128000
0.35895106,0.44080000,0.87136000
0.35889247,0.44080000,0.87144000
0.35877019,0.44088000,0.87144000
0.35868910,0.44104000,0.87144000
0.35860336,0.44112000,0.87152000
0.35863423,0.44112000,0.87144000
0.35847127,0.44120000,0.87152000
0.35838395,0.44120000,0.87160000
0.35837916,0.44128000,0.87160000
0.35829526,0.44128000,0.87168000
0.35823962,0.44136000,0.87176000
0.35828620,0.44136000,0.87168000
0.35818785,0.44144000,0.87176000
0.35817814,0.44152000,0.87176000
0.35804519,0.44152000,0.87184000
0.35803959,0.44160000,0.87184000
0.35769361,0.44168000,0.87184000
0.35767093,0.44176000,0.87184000
0.35756627,0.44184000,0.87192000
0.35758078,0.44184000,0.87184000
0.35755804,0.44184000,0.87200000
0.35742301,0.44192000,0.87200000
0.35738498,0.44200000,0.87208000
0.35738543,0.44200000,0.87200000
0.35737345,0.44208000,0.87208000
0.35736179,0.44216000,0.87208000
0.35726446,0.44216000,0.87216000
0.35723671,0.44224000,0.87216000
0.35719448,0.44224000,0.87224000
0.35700306,0.44232000,0.87224000
0.35695004,0.44240000,0.87224000
0.35694480,0.44248000,0.87224000
0.35688525,0.44256000,0.87224000
0.35684925,0.44256000,0.87232000
0.35684052,0.44264000,0.87240000
0.35684204,0.44264000,0.87232000
0.35681412,0.44272000,0.87240000
0.35668188,0.44280000,0.87248000
0.35673690,0.44280000,0.87240000
0.35664576,0.44288000,0.87248000
0.35663965,0.44296000,0.87248000
0.35658157,0.44304000,0.87256000
0.35661325,0.44304000,0.87248000
0.35652182,0.44312000,0.87264000
0.35654584,0.44312000,0.87256000
0.35649228,0.44320000,0.87264000
0.35648656,0.44328000,0.87264000
0.35636175,0.44328000,0.87272000
0.35630497,0.44328000,0.87280000
0.35611278,0.44336000,0.87280000
0.35605633,0.44344000,0.87280000
0.35603467,0.44352000,0.87280000
0.35593292,0.44360000,0.87288000
0.35602811,0.44360000,0.87280000
0.35584682,0.44368000,0.87288000
0.35580245,0.44376000,0.87288000
0.35573080,0.44376000,0.87296000
0.35558772,0.44384000,0.87304000
0.35560337,0.44384000,0.87296000
0.35551625,0.44392000,0.87304000
0.35540742,0.44400000,0.87312000
0.35541990,0.44400000,0.87304000
0.35537288,0.44408000,0.87312000
0.35518599,0.44416000,0.87312000
0.35512772,0.44416000,0.87320000
0.35497123,0.44424000,0.87320000
0.35491776,0.44432000,0.87320000
0.35485664,0.44440000,0.87320000
0.35483292,0.44448000,0.87328000
0.35481197,0.44448000,0.87336000
0.35484514,0.44448000,0.87320000
0.35465878,0.44448000,0.87352000
0.35472956,0.44448000,0.87344000
0.35465625,0.44456000,0.87352000
0.35465020,0.44464000,0.87352000
0.35462579,0.44472000,0.87352000
0.35454395,0.44480000,0.87368000
0.35437375,0.44480000,0.87384000
0.35445911,0.44480000,0.87376000
0.35459995,0.44480000,0.87360000
0.35461131,0.44480000,0.87352000
0.35430616,0.44488000,0.87392000
0.35432374,0.44488000,0.87384000
0.35416082,0.44496000,0.87400000
0.35418141,0.44496000,0.87392000
0.35410330,0.44504000,0.87416000
0.35413074,0.44504000,0.87400000
0.35412025,0.44504000,0.87408000
0.35402486,0.44512000,0.87424000
0.35406724,0.44512000,0.87416000
0.35399479,0.44520000,0.87424000
0.35398939,0.44528000,0.87424000
0.35395342,0.44528000,0.87432000
0.35392150,0.44528000,0.87440000
0.35382077,0.44536000,0.87448000
0.35391060,0.44536000,0.87440000
0.35379303,0.44544000,0.87448000
0.35344401,0.44552000,0.87448000
0.35334897,0.44552000,0.87456000
0.35332534,0.44560000,0.87456000
0.35330945,0.44568000,0.87456000
0.35315061,0.44576000,0.87472000
0.35326540,0.44576000,0.87456000
0.35318616,0.44576000,0.87464000
0.35305262,0.44584000,0.87480000
0.35313615,0.44584000,0.87472000
0.35304579,0.44592000,0.87480000
0.35297704,0.44592000,0.87488000
0.35293421,0.44600000,0.87488000
0.35286167,0.44608000,0.87488000
0.35260949,0.44608000,0.87496000
0.35259277,0.44608000,0.87504000
0.35247573,0.44616000,0.87504000
0.35246211,0.44624000,0.87504000
0.35239768,0.44632000,0.87504000
0.35219133,0.44632000,0.87512000
0.35205910,0.44640000,0.87512000
0.35191360,0.44648000,0.87520000
0.35194141,0.44648000,0.87512000
0.35188785,0.44656000,0.87520000
0.35182256,0.44664000,0.87520000
0.35179129,0.44672000,0.87520000
0.35166928,0.44672000,0.87536000
0.35166755,0.44672000,0.87544000
0.35168010,0.44672000,0.87528000
0.35162610,0.44680000,0.87544000
0.35136756,0.44688000,0.87544000
0.35116604,0.44696000,0.87568000
0.35134262,0.44696000,0.87544000
0.35117114,0.44696000,0.87560000
0.35123366,0.44696000,0.87552000
0.35114369,0.44704000,0.87568000
0.35113224,0.44704000,0.87576000
0.35106009,0.44712000,0.87576000
0.35082683,0.44720000,0.87592000
0.35072404,0.44720000,0.87600000
0.35085672,0.44720000,0.87584000
0.35097456,0.44720000,0.87576000
0.35067236,0.44728000,0.87600000
0.35065296,0.44728000,0.87608000
0.35062078,0.44736000,0.87608000
0.35038143,0.44744000,0.87608000
0.35036135,0.44752000,0.87608000
0.35035771,0.44760000,0.87608000
0.35020989,0.44768000,0.87608000
0.35013726,0.44776000,0.87608000
0.35011238,0.44784000,0.87608000
0.34991586,0.44792000,0.87624000
0.34992734,0.44792000,0.87616000
0.35006267,0.44792000,0.87608000
0.34982863,0.44800000,0.87632000
0.34986565,0.44800000,0.87624000
0.34982219,0.44808000,0.87632000
0.34955072,0.44816000,0.87632000
0.34951961,0.44824000,0.87632000
0.34919804,0.44824000,0.87656000
0.34936720,0.44824000,0.87648000
0.34944579,0.44824000,0.87640000
0.34911746,0.44832000,0.87656000
0.34904191,0.44840000,0.87656000
0.34899405,0.44848000,0.87656000
0.34892836,0.44848000,0.87664000
0.34890151,0.44856000,0.87664000
0.34887242,0.44856000,0.87672000
0.34884414,0.44864000,0.87672000
0.34873921,0.44872000,0.87680000
0.34859830,0.44872000,0.87688000
0.34880239,0.44872000,0.87672000
0.34858856,0.44880000,0.87688000
0.34851098,0.44888000,0.87688000
0.34845793,0.44896000,0.87688000
0.34838575,0.44904000,0.87688000
0.34815523,0.44912000,0.87688000
0.34813672,0.44912000,0.87696000
0.34806529,0.44920000,0.87696000
0.34795132,0.44928000,0.87696000
0.34792981,0.44936000,0.87696000
0.34783980,0.44936000,0.87704000
0.34779078,0.44944000,0.87704000
0.34757301,0.44944000,0.87712000
0.34756473,0.44944000,0.87720000
0.34755448,0.44952000,0.87720000
0.34751976,0.44960000,0.87720000
0.34751031,0.44968000,0.87720000
0.34745720,0.44976000,0.87720000
0.34740397,0.44984000,0.87720000
0.34740150,0.44992000,0.87720000
0.34735334,0.45000000,0.87720000
0.34731492,0.45008000,0.87720000
0.34729448,0.45016000,0.87720000
0.34728768,0.45024000,0.87720000
0.34723529,0.45032000,0.87720000
0.34720680,0.45040000,0.87720000
0.34711146,0.45048000,0.87720000
0.34710392,0.45056000,0.87720000
0.34705195,0.45064000,0.87720000
0.34703380,0.45072000,0.87720000
0.34698746,0.45080000,0.87728000
0.34701303,0.45080000,0.87720000
0.34693173,0.45088000,0.87736000
0.34694308,0.45088000,0.87728000
0.34689465,0.45096000,0.87736000
0.34684885,0.45104000,0.87736000
0.34673589,0.45104000,0.87744000
0.34667870,0.45112000,0.87744000
0.34646955,0.45120000,0.87744000
0.34645090,0.45120000,0.87752000
0.34636354,0.45128000,0.87760000
0.34643817,0.45128000,0.87752000
0.34631178,0.45136000,0.87760000
0.34630400,0.45144000,0.87760000
0.34614152,0.45152000,0.87760000
0.34612551,0.45160000,0.87760000
0.34611094,0.45168000,0.87760000
0.34605366,0.45176000,0.87768000
0.34594160,0.45176000,0.87776000
0.34610268,0.45176000,0.87760000
0.34592262,0.45176000,0.87784000
0.34590137,0.45184000,0.87784000
0.34588140,0.45192000,0.87784000
0.34568065,0.45200000,0.87784000
0.34560683,0.45208000,0.87784000
0.34556338,0.45216000,0.87784000
0.34554368,0.45216000,0.87792000
0.34549326,0.45224000,0.87792000
0.34548706,0.45232000,0.87800000
0.34549132,0.45232000,0.87792000
0.34539214,0.45232000,0.87808000
0.34525788,0.45232000,0.87816000
0.34506863,0.45240000,0.87816000
0.34503561,0.45248000,0.87816000
0.34492394,0.45248000,0.87824000
0.34480506,0.45256000,0.87848000
0.34483871,0.45256000,0.87840000
0.34485978,0.45256000,0.87832000
0.34492102,0.45256000,0.87824000
0.34463382,0.45264000,0.87856000
0.34473374,0.45264000,0.87848000
0.34462258,0.45272000,0.87856000
0.34460160,0.45280000,0.87856000
0.34445488,0.45280000,0.87864000
0.34442440,0.45280000,0.87872000
0.34434596,0.45288000,0.87872000
0.34434432,0.45296000,0.87872000
0.34428152,0.45304000,0.87872000
0.34395239,0.45312000,0.87880000
0.34415016,0.45312000,0.87872000
0.34394026,0.45320000,0.87880000
0.34377536,0.45328000,0.87896000
0.34389943,0.45328000,0.87880000
0.34384722,0.45328000,0.87888000
0.34377423,0.45336000,0.87896000
0.34375361,0.45344000,0.87896000
0.34366229,0.45352000,0.87912000
0.34371570,0.45352000,0.87904000
0.34373781,0.45352000,0.87896000
0.34362894,0.45360000,0.87920000
0.34365660,0.45360000,0.87912000
0.34361401,0.45368000,0.87928000
0.34362394,0.45368000,0.87920000
0.34358767,0.45376000,0.87928000
0.34356475,0.45384000,0.87928000
0.34349555,0.45392000,0.87928000
0.34344441,0.45400000,0.87928000
0.34339345,0.45408000,0.87928000
0.34331614,0.45408000,0.87936000
0.34328550,0.45416000,0.87936000
0.34324297,0.45416000,0.87944000
0.34322709,0.45424000,0.87944000
0.34316686,0.45424000,0.87952000
0.34313372,0.45432000,0.87952000
0.34311396,0.45432000,0.87960000
0.34305418,0.45440000,0.87960000
0.34277418,0.45440000,0.87984000
0.34282133,0.45440000,0.87968000
0.34279564,0.45440000,0.87976000
0.34276935,0.45448000,0.87984000
0.34267205,0.45456000,0.87984000
0.34259418,0.45464000,0.87984000
0.34246698,0.45472000,0.87992000
0.34255302,0.45472000,0.87984000
0.34243521,0.45480000,0.87992000
0.34237567,0.45480000,0.88000000
0.34229368,0.45480000,0.88008000
0.34227616,0.45488000,0.88008000
0.34213048,0.45496000,0.88008000
0.34209472,0.45504000,0.88008000
0.34208599,0.45512000,0.88008000
0.34208253,0.45520000,0.88008000
0.34198138,0.45528000,0.88008000
0.34187743,0.45528000,0.88016000
0.34187207,0.45536000,0.88016000
0.34168044,0.45536000,0.88032000
0.34168142,0.45536000,0.88024000
0.34161866,0.45544000,0.88040000
0.34163398,0.45544000,0.88032000
0.34151959,0.45552000,0.88040000
0.34143919,0.45552000,0.88056000
0.34145114,0.45552000,0.88048000
0.34105253,0.45560000,0.88064000
0.34126329,0.45560000,0.88056000
0.34101158,0.45576000,0.88064000
0.34086570,0.45584000,0.88064000
0.34071916,0.45592000,0.88072000
0.34083870,0.45592000,0.88064000
0.34059420,0.45600000,0.88072000
0.34045437,0.45608000,0.88080000
0.34050772,0.45608000,0.88072000
0.34033415,0.45616000,0.88080000
0.34017396,0.45624000,0.88080000
0.34015593,0.45624000,0.88088000
0.34012872,0.45624000,0.88104000
0.34015343,0.45624000,0.88096000
0.34012505,0.45624000,0.88112000
0.34008446,0.45632000,0.88112000
0.34006155,0.45640000,0.88112000
0.34004438,0.45640000,0.88120000
0.33998474,0.45648000,0.88120000
0.33983001,0.45656000,0.88120000
0.33981290,0.45664000,0.88120000
0.33977339,0.45664000,0.88128000
0.33969077,0.45672000,0.88128000
0.33952808,0.45680000,0.88144000
0.33957598,0.45680000,0.88136000
0.33962652,0.45680000,0.88128000
0.33948028,0.45688000,0.88144000
0.33933234,0.45696000,0.88152000
0.33936414,0.45696000,0.88144000
0.33932912,0.45704000,0.88152000
0.33929893,0.45712000,0.88152000
0.33927125,0.45720000,0.88152000
0.33917403,0.45728000,0.88152000
0.33916825,0.45736000,0.88152000
0.33902016,0.45744000,0.88152000
0.33901134,0.45744000,0.88168000
0.33891475,0.45744000,0.88176000
0.33891079,0.45752000,0.88176000
0.33886492,0.45752000,0.88184000
0.33886290,0.45760000,0.88184000
0.33885092,0.45768000,0.88184000
0.33884600,0.45776000,0.88184000
0.33879715,0.45776000,0.88192000
0.33878887,0.45784000,0.88192000
0.33872071,0.45792000,0.88192000
0.33869246,0.45800000,0.88192000
0.33866268,0.45808000,0.88200000
0.33868518,0.45808000,0.88192000
0.33860379,0.45816000,0.88200000
0.33848956,0.45824000,0.88200000
0.33844566,0.45832000,0.88200000
0.33844405,0.45840000,0.88200000
0.33842310,0.45848000,0.88200000
0.33836052,0.45848000,0.88208000
0.33825189,0.45856000,0.88208000
0.33805731,0.45856000,0.88216000
0.33802637,0.45864000,0.88216000
0.33800036,0.45872000,0.88216000
0.33792302,0.45880000,0.88224000
0.33798009,0.45880000,0.88216000
0.33787462,0.45888000,0.88224000
0.33787268,0.45888000,0.88232000
0.33787146,0.45896000,0.88232000
0.33780155,0.45896000,0.88240000
0.33778912,0.45904000,0.88240000
0.33770543,0.45904000,0.88264000
0.33775687,0.45904000,0.88248000
0.33771536,0.45904000,0.88256000
0.33770001,0.45912000,0.88264000
0.33760580,0.45920000,0.88272000
0.33761588,0.45920000,0.88264000
0.33759984,0.45928000,0.88272000
0.33752787,0.45944000,0.88280000
0.33752951,0.45944000,0.88272000
0.33752564,0.45952000,0.88280000
0.33725896,0.45952000,0.88288000
0.33718196,0.45960000,0.88288000
0.33707064,0.45968000,0.88288000
0.33706468,0.45976000,0.88288000
0.33700678,0.45984000,0.88288000
0.33698219,0.45992000,0.88288000
0.33694044,0.46000000,0.88296000
0.33692569,0.46000000,0.88304000
0.33694422,0.46000000,0.88288000
0.33685872,0.46008000,0.88304000
0.33673346,0.46016000,0.88304000
0.33668956,0.46024000,0.88304000
0.33667782,0.46032000,0.88304000
0.33661363,0.46040000,0.88304000
0.33656222,0.46040000,0.88312000
0.33649072,0.46048000,0.88312000
0.33647224,0.46048000,0.88320000
0.33629757,0.46056000,0.88320000
0.33614740,0.46064000,0.88328000
0.33622533,0.46064000,0.88320000
0.33609486,0.46072000,0.88336000
0.33613315,0.46072000,0.88328000
0.33600429,0.46072000,0.88344000
0.33595300,0.46072000,0.88352000
0.33591279,0.46080000,0.88352000
0.33589408,0.46088000,0.88352000
0.33581382,0.46096000,0.88352000
0.33565396,0.46104000,0.88376000
0.33572921,0.46104000,0.88368000
0.33573154,0.46104000,0.88360000
0.33575019,0.46104000,0.88352000
0.33561912,0.46112000,0.88376000
0.33557874,0.46112000,0.88384000
0.33537555,0.46120000,0.88384000
0.33535010,0.46128000,0.88384000
0.33530501,0.46136000,0.88384000
0.33526143,0.46144000,0.88384000
0.33522841,0.46152000,0.88384000
0.33484626,0.46160000,0.88384000
0.33483297,0.46168000,0.88384000
0.33449438,0.46176000,0.88392000
0.33452675,0.46176000,0.88384000
0.33448857,0.46184000,0.88392000
0.33445698,0.46192000,0.88392000
0.33416232,0.46192000,0.88400000
0.33414581,0.46200000,0.88400000
0.33412227,0.46200000,0.88408000
0.33405253,0.46208000,0.88408000
0.33403501,0.46216000,0.88408000
0.33402103,0.46224000,0.88408000
0.33398610,0.46232000,0.88408000
0.33387437,0.46240000,0.88408000
0.33385974,0.46248000,0.88408000
0.33380988,0.46256000,0.88408000
0.33376592,0.46264000,0.88408000
0.33369175,0.46264000,0.88416000
0.33364850,0.46272000,0.88432000
0.33368078,0.46272000,0.88424000
0.33368865,0.46272000,0.88416000
0.33353391,0.46280000,0.88432000
0.33339852,0.46280000,0.88456000
0.33344817,0.46280000,0.88448000
0.33349118,0.46280000,0.88440000
0.33338225,0.46288000,0.88456000
0.33336025,0.46296000,0.88456000
0.33332214,0.46304000,0.88456000
0.33326507,0.46304000,0.88472000
0.33328238,0.46304000,0.88464000
0.33325428,0.46312000,0.88472000
0.33320415,0.46320000,0.88472000
0.33316028,0.46328000,0.88472000
0.33315438,0.46336000,0.88472000
0.33312994,0.46344000,0.88472000
0.33310470,0.46352000,0.88472000
0.33296347,0.46360000,0.88472000
0.33293620,0.46360000,0.88480000
0.33292222,0.46368000,0.88480000
0.33292025,0.46376000,0.88480000
0.33291459,0.46384000,0.88480000
0.33264756,0.46392000,0.88488000
0.33285859,0.46392000,0.88480000
0.33256155,0.46392000,0.88496000
0.33244517,0.46400000,0.88496000
0.33224088,0.46400000,0.88504000
0.33223259,0.46408000,0.88504000
0.33221781,0.46416000,0.88504000
0.33217755,0.46424000,0.88504000
0.33208430,0.46432000,0.88512000
0.33214781,0.46432000,0.88504000
0.33195496,0.46440000,0.88512000
0.33193481,0.46448000,0.88512000
0.33188760,0.46456000,0.88512000
0.33184505,0.46464000,0.88512000
0.33179724,0.46472000,0.88512000
0.33177048,0.46480000,0.88512000
0.33158016,0.46480000,0.88520000
0.33156610,0.46488000,0.88520000
0.33152750,0.46496000,0.88520000
0.33150670,0.46496000,0.88528000
0.33143404,0.46504000,0.88528000
0.33143371,0.46512000,0.88528000
0.33142471,0.46512000,0.88536000
0.33129865,0.46520000,0.88536000
0.33116674,0.46528000,0.88536000
0.33113405,0.46536000,0.88544000
0.33113661,0.46536000,0.88536000
0.33099550,0.46544000,0.88544000
0.33095223,0.46552000,0.88544000
0.33088374,0.46560000,0.88552000
0.33094218,0.46560000,0.88544000
0.33077061,0.46568000,0.88560000
0.33086497,0.46568000,0.88552000
0.33067125,0.46576000,0.88568000
0.33076903,0.46576000,0.88560000
0.33061787,0.46584000,0.88576000
0.33063525,0.46584000,0.88568000
0.33060262,0.46584000,0.88584000
0.33057299,0.46584000,0.88592000
0.33052331,0.46592000,0.88592000
0.33034128,0.46600000,0.88592000
0.33033344,0.46608000,0.88592000
0.33032611,0.46616000,0.88592000
0.33030143,0.46632000,0.88592000
0.33028069,0.46640000,0.88592000
0.33020756,0.46648000,0.88600000
0.33024731,0.46648000,0.88592000
0.33015415,0.46656000,0.88608000
0.33017966,0.46656000,0.88600000
0.33001611,0.46664000,0.88608000
0.32994869,0.46672000,0.88608000
0.32987890,0.46672000,0.88624000
0.32987982,0.46672000,0.88616000
0.32979187,0.46680000,0.88632000
0.32980382,0.46680000,0.88624000
0.32971352,0.46688000,0.88632000
0.32968295,0.46696000,0.88632000
0.32949460,0.46704000,0.88648000
0.32952303,0.46704000,0.88632000
0.32951963,0.46704000,0.88640000
0.32947141,0.46712000,0.88648000
0.32946885,0.46720000,0.88648000
0.32945308,0.46720000,0.88656000
0.32944798,0.46720000,0.88664000
0.32938230,0.46728000,0.88664000
0.32934329,0.46736000,0.88672000
0.32935458,0.46736000,0.88664000
0.32933483,0.46744000,0.88672000
0.32933342,0.46752000,0.88672000
0.32910827,0.46760000,0.88680000
0.32931390,0.46760000,0.88672000
0.32907853,0.46768000,0.88680000
0.32906148,0.46776000,0.88680000
0.32906055,0.46784000,0.88680000
0.32902700,0.46792000,0.88680000
0.32897857,0.46800000,0.88680000
0.32895201,0.46808000,0.88680000
0.32894880,0.46816000,0.88680000
0.32891509,0.46824000,0.88680000
0.32884187,0.46832000,0.88680000
0.32853201,0.46840000,0.88688000
0.32857168,0.46840000,0.88680000
0.32845369,0.46848000,0.88688000
0.32830420,0.46856000,0.88688000
0.32796150,0.46864000,0.88696000
0.32807535,0.46864000,0.88688000
0.32794476,0.46864000,0.88704000
0.32782066,0.46872000,0.88704000
0.32770520,0.46880000,0.88704000
0.32769984,0.46888000,0.88704000
0.32768300,0.46896000,0.88704000
0.32745424,0.46896000,0.88720000
0.32764202,0.46896000,0.88712000
0.32741198,0.46904000,0.88720000
0.32731646,0.46912000,0.88720000
0.32731348,0.46920000,0.88720000
0.32725468,0.46928000,0.88720000
0.32720995,0.46936000,0.88720000
0.32715112,0.46944000,0.88720000
0.32709104,0.46952000,0.88720000
0.32701650,0.46960000,0.88720000
0.32690355,0.46968000,0.88728000
0.32698476,0.46968000,0.88720000
0.32687676,0.46976000,0.88728000
0.32678461,0.46984000,0.88728000
0.32672364,0.46984000,0.88736000
0.32670429,0.46992000,0.88736000
0.32670283,0.47000000,0.88736000
0.32669187,0.47008000,0.88736000
0.32665345,0.47016000,0.88736000
0.32659584,0.47024000,0.88736000
0.32656941,0.47032000,0.88736000
0.32651269,0.47040000,0.88736000
0.32650033,0.47048000,0.88736000
0.32624456,0.47048000,0.88760000
0.32633150,0.47048000,0.88752000
0.32640636,0.47048000,0.88744000
0.32610142,0.47056000,0.88768000
0.32603756,0.47056000,0.88776000
0.32615772,0.47056000,0.88760000
0.32597509,0.47064000,0.88776000
0.32596999,0.47072000,0.88776000
0.32596865,0.47080000,0.88776000
0.32593185,0.47088000,0.88776000
0.32576957,0.47096000,0.88784000
0.32590654,0.47096000,0.88776000
0.32576448,0.47104000,0.88784000
0.32573137,0.47104000,0.88792000
0.32569805,0.47112000,0.88792000
0.32559612,0.47120000,0.88800000
0.32564059,0.47120000,0.88792000
0.32557449,0.47128000,0.88800000
0.32552457,0.47128000,0.88816000
0.32553875,0.47128000,0.88808000
0.32551098,0.47128000,0.88824000
0.32547879,0.47128000,0.88832000
0.32547611,0.47136000,0.88832000
0.32542327,0.47144000,0.88832000
0.32536703,0.47144000,0.88840000
0.32535616,0.47152000,0.88840000
0.32527462,0.47152000,0.88848000
0.32524562,0.47160000,0.88848000
0.32498339,0.47160000,0.88856000
0.32495028,0.47160000,0.88864000
0.32469919,0.47168000,0.88872000
0.32489175,0.47168000,0.88864000
0.32465494,0.47176000,0.88872000
0.32461810,0.47184000,0.88872000
0.32461309,0.47184000,0.88880000
0.32454652,0.47192000,0.88880000
0.32427126,0.47200000,0.88880000
0.32421386,0.47200000,0.88888000
0.32409903,0.47208000,0.88888000
0.32406512,0.47208000,0.88896000
0.32405713,0.47216000,0.88896000
0.32390508,0.47224000,0.88896000
0.32389140,0.47232000,0.88896000
0.32381386,0.47248000,0.88896000
0.32362178,0.47264000,0.88904000
0.32374007,0.47264000,0.88896000
0.32355094,0.47272000,0.88904000
0.32347679,0.47280000,0.88912000
0.32339290,0.47280000,0.88920000
0.32347879,0.47280000,0.88904000
0.32337436,0.47280000,0.88928000
0.32304129,0.47288000,0.88952000
0.32318905,0.47288000,0.88936000
0.32308900,0.47288000,0.88944000
0.32335231,0.47288000,0.88928000
0.32303590,0.47288000,0.88960000
0.32275233,0.47296000,0.88960000
0.32211301,0.47304000,0.89016000
0.32231361,0.47304000,0.89000000
0.32210666,0.47304000,0.89024000
0.32251364,0.47304000,0.88976000
0.32238078,0.47304000,0.88984000
0.32274681,0.47304000,0.88960000
0.32237142,0.47304000,0.88992000
0.32271293,0.47304000,0.88968000
0.32223231,0.47304000,0.89008000
0.32186726,0.47312000,0.89032000
0.32195637,0.47312000,0.89024000
0.32175401,0.47320000,0.89032000
0.32173705,0.47328000,0.89032000
0.32160872,0.47336000,0.89040000
0.32169896,0.47336000,0.89032000
0.32155961,0.47344000,0.89048000
0.32157108,0.47344000,0.89040000
0.32152322,0.47352000,0.89048000
0.32140148,0.47360000,0.89056000
0.32150510,0.47360000,0.89048000
0.32124826,0.47368000,0.89080000
0.32135582,0.47368000,0.89064000
0.32133636,0.47368000,0.89072000
0.32135808,0.47368000,0.89056000
0.32114461,0.47376000,0.89080000
0.32110542,0.47384000,0.89080000
0.32099304,0.47392000,0.89080000
0.32098570,0.47400000,0.89080000
0.32093963,0.47408000,0.89080000
0.32088289,0.47416000,0.89080000
0.32074302,0.47424000,0.89080000
0.32071337,0.47424000,0.89088000
0.32066780,0.47424000,0.89096000
0.32063496,0.47432000,0.89096000
0.32062227,0.47440000,0.89096000
0.32055631,0.47448000,0.89096000
0.32051030,0.47456000,0.89096000
0.32048714,0.47456000,0.89104000
0.32042435,0.47464000,0.89112000
0.32037365,0.47464000,0.89120000
0.32034650,0.47464000,0.89128000
0.32048431,0.47464000,0.89104000
0.32012650,0.47472000,0.89136000
0.32028466,0.47472000,0.89128000
0.32011646,0.47472000,0.89144000
0.31994534,0.47472000,0.89160000
0.32002762,0.47472000,0.89152000
0.31989905,0.47480000,0.89160000
0.31984124,0.47488000,0.89160000
0.31976098,0.47488000,0.89168000
0.31940016,0.47496000,0.89176000
0.31929216,0.47496000,0.89184000
0.31955421,0.47496000,0.89168000
0.31922185,0.47496000,0.89192000
0.31919721,0.47504000,0.89200000
0.31920475,0.47504000,0.89192000
0.31918126,0.47512000,0.89200000
0.31909460,0.47520000,0.89208000
0.31916276,0.47520000,0.89200000
0.31897408,0.47528000,0.89224000
0.31902581,0.47528000,0.89216000
0.31906191,0.47528000,0.89208000
0.31895360,0.47536000,0.89224000
0.31892946,0.47536000,0.89232000
0.31889614,0.47544000,0.89232000
0.31884316,0.47544000,0.89240000
0.31858245,0.47552000,0.89256000
0.31874281,0.47552000,0.89248000
0.31874591,0.47552000,0.89240000
0.31853908,0.47560000,0.89256000
0.31845576,0.47568000,0.89256000
0.31820360,0.47576000,0.89264000
0.31824788,0.47576000,0.89256000
0.31818470,0.47584000,0.89272000
0.31819907,0.47584000,0.89264000
0.31818435,0.47584000,0.89280000
0.31791893,0.47584000,0.89288000
0.31788799,0.47592000,0.89288000
0.31788576,0.47600000,0.89288000
0.31781346,0.47608000,0.89288000
0.31781027,0.47608000,0.89296000
0.31764656,0.47616000,0.89296000
0.31758314,0.47624000,0.89296000
0.31752691,0.47632000,0.89304000
0.31753999,0.47632000,0.89296000
0.31749582,0.47640000,0.89304000
0.31745791,0.47648000,0.89304000
0.31738496,0.47656000,0.89304000
0.31736320,0.47656000,0.89312000
0.31731495,0.47656000,0.89320000
0.31728247,0.47664000,0.89320000
0.31719306,0.47672000,0.89320000
0.31715232,0.47680000,0.89320000
0.31714892,0.47688000,0.89320000
0.31705031,0.47696000,0.89328000
0.31709024,0.47696000,0.89320000
0.31683528,0.47704000,0.89336000
0.31692740,0.47704000,0.89328000
0.31683192,0.47712000,0.89336000
0.31660840,0.47720000,0.89344000
0.31683013,0.47720000,0.89336000
0.31642750,0.47728000,0.89352000
0.31652686,0.47728000,0.89344000
0.31635636,0.47736000,0.89352000
0.31633896,0.47744000,0.89360000
0.31635633,0.47744000,0.89352000
0.31619930,0.47752000,0.89360000
0.31619421,0.47760000,0.89360000
0.31609493,0.47768000,0.89360000
0.31605917,0.47776000,0.89360000
0.31597576,0.47784000,0.89360000
0.31594232,0.47784000,0.89368000
0.31593105,0.47792000,0.89368000
0.31581637,0.47800000,0.89368000
0.31580508,0.47808000,0.89368000
0.31578195,0.47816000,0.89368000
0.31560889,0.47824000,0.89368000
0.31517720,0.47832000,0.89376000
0.31500229,0.47832000,0.89384000
0.31560776,0.47832000,0.89368000
0.31499058,0.47840000,0.89384000
0.31494492,0.47848000,0.89384000
0.31492168,0.47856000,0.89384000
0.31477970,0.47864000,0.89384000
0.31474653,0.47864000,0.89392000
0.31473753,0.47864000,0.89400000
0.31468475,0.47872000,0.89400000
0.31460300,0.47880000,0.89408000
0.31468275,0.47880000,0.89400000
0.31456572,0.47880000,0.89416000
0.31453010,0.47888000,0.89416000
0.31447658,0.47896000,0.89416000
0.31432351,0.47896000,0.89424000
0.31432346,0.47904000,0.89424000
0.31428316,0.47904000,0.89432000
0.31424528,0.47912000,0.89432000
0.31405222,0.47920000,0.89432000
0.31401950,0.47928000,0.89432000
0.31398711,0.47936000,0.89432000
0.31371653,0.47944000,0.89440000
0.31397223,0.47944000,0.89432000
0.31365758,0.47952000,0.89440000
0.31353098,0.47960000,0.89440000
0.31349713,0.47968000,0.89440000
0.31341344,0.47976000,0.89440000
0.31335059,0.47984000,0.89440000
0.31326181,0.47984000,0.89464000
0.31328401,0.47984000,0.89456000
0.31331640,0.47984000,0.89448000
0.31323895,0.47992000,0.89464000
0.31307638,0.48000000,0.89464000
0.31306496,0.48008000,0.89464000
0.31296119,0.48016000,0.89472000
0.31296292,0.48016000,0.89464000
0.31294477,0.48024000,0.89472000
0.31286353,0.48032000,0.89472000
0.31280339,0.48040000,0.89480000
0.31270766,0.48040000,0.89488000
0.31267104,0.48040000,0.89496000
0.31282771,0.48040000,0.89472000
0.31264609,0.48048000,0.89496000
0.31238496,0.48056000,0.89504000
0.31254935,0.48056000,0.89496000
0.31237686,0.48064000,0.89504000
0.31224370,0.48072000,0.89504000
0.31210086,0.48080000,0.89512000
0.31212142,0.48080000,0.89504000
0.31203723,0.48088000,0.89520000
0.31208184,0.48088000,0.89512000
0.31162113,0.48096000,0.89536000
0.31189319,0.48096000,0.89520000
0.31174406,0.48096000,0.89528000
0.31136861,0.48104000,0.89552000
0.31142652,0.48104000,0.89536000
0.31123248,0.48112000,0.89560000
0.31129974,0.48112000,0.89552000
0.31119400,0.48120000,0.89560000
0.31118670,0.48128000,0.89560000
0.31086838,0.48136000,0.89560000
0.31080773,0.48144000,0.89568000
0.31084141,0.48144000,0.89560000
0.31071654,0.48152000,0.89568000
0.31062397,0.48160000,0.89568000
0.31061950,0.48168000,0.89568000
0.31044373,0.48168000,0.89576000
0.31040245,0.48176000,0.89576000
0.31039032,0.48184000,0.89576000
0.31036574,0.48192000,0.89576000
0.31035835,0.48200000,0.89576000
0.31020787,0.48208000,0.89576000
0.31018212,0.48216000,0.89584000
0.31019083,0.48216000,0.89576000
0.31017357,0.48224000,0.89584000
0.31009373,0.48232000,0.89592000
0.31013617,0.48232000,0.89584000
0.31008643,0.48232000,0.89600000
0.31002980,0.48240000,0.89608000
0.30994794,0.48240000,0.89616000
0.31006911,0.48240000,0.89600000
0.30978307,0.48248000,0.89616000
0.30971774,0.48256000,0.89616000
0.30969727,0.48264000,0.89616000
0.30966729,0.48264000,0.89624000
0.30965942,0.48272000,0.89624000
0.30940515,0.48280000,0.89632000
0.30963078,0.48280000,0.89624000
0.30937228,0.48288000,0.89632000
0.30930614,0.48296000,0.89640000
0.30924183,0.48296000,0.89648000
0.30936402,0.48296000,0.89632000
0.30915612,0.48296000,0.89656000
0.30912387,0.48304000,0.89656000
0.30905756,0.48312000,0.89656000
0.30885676,0.48320000,0.89672000
0.30886060,0.48320000,0.89664000
0.30905271,0.48320000,0.89656000
0.30884975,0.48328000,0.89672000
0.30879483,0.48328000,0.89680000
0.30879441,0.48336000,0.89680000
0.30873725,0.48344000,0.89680000
0.30870324,0.48344000,0.89688000
0.30861664,0.48352000,0.89696000
0.30864906,0.48352000,0.89688000
0.30857912,0.48360000,0.89696000
0.30854040,0.48360000,0.89704000
0.30852005,0.48368000,0.89704000
0.30838597,0.48368000,0.89712000
0.30834392,0.48376000,0.89712000
0.30824345,0.48384000,0.89712000
0.30823764,0.48392000,0.89712000
0.30821317,0.48400000,0.89712000
0.30817243,0.48408000,0.89712000
0.30811006,0.48416000,0.89712000
0.30795807,0.48424000,0.89712000
0.30784899,0.48424000,0.89720000
0.30776748,0.48432000,0.89728000
0.30782318,0.48432000,0.89720000
0.30771413,0.48440000,0.89728000
0.30765656,0.48448000,0.89728000
0.30756000,0.48448000,0.89736000
0.30753705,0.48456000,0.89736000
0.30751657,0.48464000,0.89736000
0.30740547,0.48472000,0.89744000
0.30751428,0.48472000,0.89736000
0.30731133,0.48480000,0.89744000
0.30728647,0.48488000,0.89744000
0.30706137,0.48496000,0.89744000
0.30701977,0.48496000,0.89760000
0.30702114,0.48496000,0.89752000
0.30701709,0.48504000,0.89760000
0.30698112,0.48512000,0.89760000
0.30693769,0.48520000,0.89760000
0.30690154,0.48520000,0.89768000
0.30683059,0.48528000,0.89768000
0.30679479,0.48536000,0.89768000
0.30679232,0.48536000,0.89776000
0.30672789,0.48536000,0.89784000
0.30669615,0.48552000,0.89784000
0.30660367,0.48560000,0.89784000
0.30635652,0.48568000,0.89792000
0.30659714,0.48568000,0.89784000
0.30628106,0.48576000,0.89792000
0.30612579,0.48584000,0.89800000
0.30619246,0.48584000,0.89792000
0.30609250,0.48592000,0.89800000
0.30609220,0.48600000,0.89800000
0.30602857,0.48608000,0.89800000
0.30599925,0.48608000,0.89808000
0.30598316,0.48608000,0.89816000
0.30597669,0.48616000,0.89816000
0.30584678,0.48624000,0.89816000
0.30566013,0.48624000,0.89832000
0.30569708,0.48624000,0.89824000
0.30557892,0.48632000,0.89832000
0.30549264,0.48640000,0.89832000
0.30530086,0.48648000,0.89832000
0.30528644,0.48656000,0.89832000
0.30519998,0.48664000,0.89832000
0.30515009,0.48672000,0.89832000
0.30505210,0.48680000,0.89840000
0.30508059,0.48680000,0.89832000
0.30486399,0.48688000,0.89848000
0.30487341,0.48688000,0.89840000
0.30473924,0.48696000,0.89848000
0.30462161,0.48704000,0.89848000
0.30460864,0.48704000,0.89856000
0.30451947,0.48712000,0.89856000
0.30444354,0.48712000,0.89864000
0.30430958,0.48712000,0.89872000
0.30428535,0.48728000,0.89872000
0.30423063,0.48736000,0.89880000
0.30423325,0.48736000,0.89872000
0.30419403,0.48744000,0.89880000
0.30418840,0.48752000,0.89880000
0.30408475,0.48760000,0.89880000
0.30400726,0.48768000,0.89880000
0.30391574,0.48776000,0.89880000
0.30388755,0.48776000,0.89896000
0.30386645,0.48776000,0.89904000
0.30388951,0.48776000,0.89888000
0.30384794,0.48784000,0.89904000
0.30376324,0.48792000,0.89904000
0.30375198,0.48792000,0.89912000
0.30362919,0.48792000,0.89920000
0.30358428,0.48800000,0.89920000
0.30356622,0.48800000,0.89928000
0.30352259,0.48808000,0.89928000
0.30349484,0.48808000,0.89936000
0.30339047,0.48816000,0.89936000
0.30327767,0.48824000,0.89944000
0.30336094,0.48824000,0.89936000
0.30314514,0.48832000,0.89960000
0.30316347,0.48832000,0.89952000
0.30317032,0.48832000,0.89944000
0.30302089,0.48840000,0.89960000
0.30282402,0.48840000,0.89968000
0.30279744,0.48848000,0.89976000
0.30282384,0.48848000,0.89968000
0.30279571,0.48856000,0.89976000
0.30278343,0.48864000,0.89976000
0.30277637,0.48872000,0.89976000
0.30276701,0.48888000,0.89976000
0.30276614,0.48896000,0.89976000
0.30265939,0.48904000,0.89976000
0.30261236,0.48912000,0.89976000
0.30258158,0.48912000,0.89984000
0.30253679,0.48920000,0.89984000
0.30249104,0.48920000,0.89992000
0.30247399,0.48928000,0.89992000
0.30220065,0.48936000,0.89992000
0.30213252,0.48944000,0.89992000
0.30212170,0.48944000,0.90000000
0.30211759,0.48952000,0.90000000
0.30209446,0.48960000,0.90000000
0.30207226,0.48968000,0.90000000
0.30201799,0.48976000,0.90000000
0.30199781,0.48984000,0.90000000
0.30188850,0.48992000,0.90000000
0.30184227,0.48992000,0.90008000
0.30182722,0.49000000,0.90008000
0.30182350,0.49008000,0.90008000
0.30173188,0.49016000,0.90008000
0.30159026,0.49024000,0.90016000
0.30162007,0.49024000,0.90008000
0.30150780,0.49024000,0.90032000
0.30154648,0.49024000,0.90024000
0.30136395,0.49032000,0.90032000
0.30135238,0.49032000,0.90040000
0.30134544,0.49032000,0.90048000
0.30126548,0.49040000,0.90048000
0.30124924,0.49048000,0.90048000
0.30124217,0.49056000,0.90048000
0.30120391,0.49064000,0.90048000
0.30109069,0.49072000,0.90048000
0.30104196,0.49072000,0.90056000
0.30086932,0.49080000,0.90056000
0.30083507,0.49080000,0.90064000
0.30069891,0.49088000,0.90080000
0.30072737,0.49088000,0.90072000
0.30081311,0.49088000,0.90064000
0.30021161,0.49096000,0.90128000
0.30058172,0.49096000,0.90096000
0.30066958,0.49096000,0.90080000
0.30062702,0.49096000,0.90088000
0.30022722,0.49096000,0.90120000
0.30042684,0.49096000,0.90112000
0.30056939,0.49096000,0.90104000
0.30010694,0.49104000,0.90144000
0.30019289,0.49104000,0.90128000
0.30011106,0.49104000,0.90136000
0.30008551,0.49112000,0.90144000
0.30006868,0.49120000,0.90144000
0.29999375,0.49120000,0.90152000
0.29986322,0.49128000,0.90152000
0.29982400,0.49136000,0.90152000
0.29980117,0.49144000,0.90152000
0.29956159,0.49152000,0.90160000
0.29978013,0.49152000,0.90152000
0.29954877,0.49160000,0.90160000
0.29953054,0.49168000,0.90160000
0.29949144,0.49176000,0.90160000
0.29946721,0.49184000,0.90160000
0.29943636,0.49192000,0.90160000
0.29943147,0.49200000,0.90160000
0.29935113,0.49208000,0.90160000
0.29934755,0.49216000,0.90160000
0.29928991,0.49232000,0.90160000
0.29915988,0.49232000,0.90168000
0.29914781,0.49240000,0.90168000
0.29905522,0.49248000,0.90168000
0.29905462,0.49256000,0.90168000
0.29904079,0.49264000,0.90168000
0.29903290,0.49272000,0.90168000
0.29899696,0.49280000,0.90176000
0.29902282,0.49280000,0.90168000
0.29872653,0.49288000,0.90208000
0.29883993,0.49288000,0.90192000
0.29889759,0.49288000,0.90184000
0.29874653,0.49288000,0.90200000
0.29893032,0.49288000,0.90176000
0.29860094,0.49296000,0.90232000
0.29869589,0.49296000,0.90208000
0.29865089,0.49296000,0.90216000
0.29864034,0.49296000,0.90224000
0.29858753,0.49304000,0.90232000
0.29856938,0.49312000,0.90232000
0.29846346,0.49320000,0.90240000
0.29846585,0.49320000,0.90232000
0.29843089,0.49328000,0.90240000
0.29832238,0.49336000,0.90240000
0.29825971,0.49336000,0.90248000
0.29824042,0.49344000,0.90248000
0.29823110,0.49352000,0.90248000
0.29815620,0.49352000,0.90256000
0.29810560,0.49352000,0.90264000
0.29806334,0.49360000,0.90264000
0.29802266,0.49368000,0.90264000
0.29799902,0.49376000,0.90280000
0.29799941,0.49376000,0.90272000
0.29801470,0.49376000,0.90264000
0.29797173,0.49384000,0.90280000
0.29794437,0.49384000,0.90288000
0.29792279,0.49392000,0.90288000
0.29790577,0.49400000,0.90288000
0.29782233,0.49408000,0.90288000
0.29779819,0.49416000,0.90288000
0.29762578,0.49424000,0.90312000
0.29768851,0.49424000,0.90296000
0.29772854,0.49424000,0.90288000
0.29765725,0.49424000,0.90304000
0.29761723,0.49432000,0.90312000
0.29732281,0.49440000,0.90312000
0.29728040,0.49448000,0.90312000
0.29724488,0.49456000,0.90312000
0.29723996,0.49464000,0.90312000
0.29718223,0.49472000,0.90312000
0.29704642,0.49480000,0.90328000
0.29706737,0.49480000,0.90320000
0.29693228,0.49480000,0.90336000
0.29707950,0.49480000,0.90312000
0.29686886,0.49488000,0.90344000
0.29690179,0.49488000,0.90336000
0.29684156,0.49496000,0.90344000
0.29680270,0.49504000,0.90344000
0.29672951,0.49512000,0.90344000
0.29665095,0.49520000,0.90344000
0.29662862,0.49528000,0.90344000
0.29659885,0.49536000,0.90344000
0.29632923,0.49544000,0.90352000
0.29644817,0.49544000,0.90344000
0.29615438,0.49552000,0.90360000
0.29627910,0.49552000,0.90352000
0.29614905,0.49560000,0.90360000
0.29610240,0.49568000,0.90360000
0.29592404,0.49568000,0.90368000
0.29583591,0.49576000,0.90368000
0.29576653,0.49584000,0.90368000
0.29568163,0.49592000,0.90368000
0.29560119,0.49600000,0.90376000
0.29568115,0.49600000,0.90368000
0.29555041,0.49608000,0.90376000
0.29554522,0.49616000,0.90376000
0.29553196,0.49624000,0.90376000
0.29544625,0.49632000,0.90376000
0.29543716,0.49640000,0.90376000
0.29524300,0.49648000,0.90376000
0.29520729,0.49648000,0.90384000
0.29502341,0.49656000,0.90392000
0.29517686,0.49656000,0.90384000
0.29495627,0.49664000,0.90392000
0.29493624,0.49672000,0.90392000
0.29488996,0.49680000,0.90400000
0.29489350,0.49680000,0.90392000
0.29484174,0.49688000,0.90400000
0.29465097,0.49688000,0.90416000
0.29477862,0.49688000,0.90408000
0.29457629,0.49696000,0.90432000
0.29464549,0.49696000,0.90416000
0.29462177,0.49696000,0.90424000
0.29437521,0.49704000,0.90432000
0.29433191,0.49712000,0.90440000
0.29434660,0.49712000,0.90432000
0.29428691,0.49712000,0.90448000
0.29425463,0.49720000,0.90448000
0.29411602,0.49728000,0.90448000
0.29409868,0.49736000,0.90448000
0.29377040,0.49744000,0.90448000
0.29373828,0.49752000,0.90448000
0.29361373,0.49760000,0.90448000
0.29361191,0.49768000,0.90448000
0.29355246,0.49776000,0.90448000
0.29348105,0.49784000,0.90448000
0.29343116,0.49792000,0.90448000
0.29337043,0.49800000,0.90448000
0.29329559,0.49800000,0.90456000
0.29324850,0.49808000,0.90456000
0.29324326,0.49808000,0.90464000
0.29300037,0.49816000,0.90464000
0.29297778,0.49824000,0.90464000
0.29294202,0.49832000,0.90464000
0.29281494,0.49840000,0.90464000
0.29278511,0.49848000,0.90464000
0.29278183,0.49856000,0.90464000
0.29271501,0.49864000,0.90464000
0.29268914,0.49872000,0.90464000
0.29268816,0.49880000,0.90464000
0.29263669,0.49888000,0.90464000
0.29257974,0.49896000,0.90464000
0.29257783,0.49904000,0.90464000
0.29249823,0.49904000,0.90480000
0.29252180,0.49904000,0.90472000
0.29249182,0.49912000,0.90480000
0.29247493,0.49920000,0.90480000
0.29246238,0.49928000,0.90480000
0.29234135,0.49936000,0.90480000
0.29203066,0.49944000,0.90496000
0.29228494,0.49944000,0.90480000
0.29220423,0.49944000,0.90488000
0.29199767,0.49952000,0.90496000
0.29192719,0.49960000,0.90504000
0.29198909,0.49960000,0.90496000
0.29170999,0.49960000,0.90512000
0.29115415,0.49968000,0.90528000
0.29164669,0.49968000,0.90512000
0.29159003,0.49968000,0.90520000
0.29086685,0.49976000,0.90544000
0.29107472,0.49976000,0.90528000
0.29096171,0.49976000,0.90536000
0.29086187,0.49984000,0.90544000
0.29060382,0.49992000,0.90560000
0.29076979,0.49992000,0.90552000
0.29080501,0.49992000,0.90544000
0.29056254,0.50000000,0.90560000
0.29035071,0.50008000,0.90576000
0.29045740,0.50008000,0.90560000
0.29020235,0.50016000,0.90584000
0.29023963,0.50016000,0.90576000
0.29017833,0.50024000,0.90584000
0.29017216,0.50032000,0.90584000
0.29016310,0.50032000,0.90592000
0.29005441,0.50040000,0.90592000
0.29002109,0.50048000,0.90592000
0.28985563,0.50048000,0.90608000
0.28986511,0.50048000,0.90600000
0.28974834,0.50056000,0.90608000
0.28967237,0.50064000,0.90608000
0.28964573,0.50072000,0.90608000
0.28960711,0.50080000,0.90608000
0.28953177,0.50088000,0.90608000
0.28947371,0.50096000,0.90608000
0.28942540,0.50104000,0.90616000
0.28945085,0.50104000,0.90608000
0.28936437,0.50112000,0.90616000
0.28928605,0.50120000,0.90616000
0.28927648,0.50128000,0.90616000
0.28909948,0.50136000,0.90616000
0.28905067,0.50144000,0.90616000
0.28892785,0.50152000,0.90624000
0.28893307,0.50152000,0.90616000
0.28886482,0.50160000,0.90632000
0.28890604,0.50160000,0.90624000
0.28885418,0.50168000,0.90632000
0.28877923,0.50176000,0.90632000
0.28873029,0.50184000,0.90632000
0.28865573,0.50192000,0.90640000
0.28869542,0.50192000,0.90632000
0.28825918,0.50200000,0.90656000
0.28862607,0.50200000,0.90640000
0.28840452,0.50200000,0.90648000
0.28814861,0.50208000,0.90656000
0.28798422,0.50216000,0.90664000
0.28800926,0.50216000,0.90656000
0.28792930,0.50224000,0.90672000
0.28792822,0.50224000,0.90680000
0.28789213,0.50224000,0.90688000
0.28793883,0.50224000,0.90664000
0.28784284,0.50232000,0.90688000
0.28781444,0.50240000,0.90688000
0.28774080,0.50248000,0.90696000
0.28779712,0.50248000,0.90688000
0.28753164,0.50256000,0.90720000
0.28774011,0.50256000,0.90696000
0.28760213,0.50256000,0.90704000
0.28757587,0.50256000,0.90712000
0.28750879,0.50256000,0.90728000
0.28750086,0.50264000,0.90728000
0.28742981,0.50272000,0.90728000
0.28739640,0.50280000,0.90728000
0.28731924,0.50280000,0.90736000
0.28719398,0.50288000,0.90736000
0.28713244,0.50296000,0.90736000
0.28711975,0.50304000,0.90736000
0.28696600,0.50312000,0.90736000
0.28695765,0.50320000,0.90736000
0.28691861,0.50320000,0.90744000
0.28689820,0.50328000,0.90744000
0.28683999,0.50336000,0.90744000
0.28681308,0.50336000,0.90752000
0.28676572,0.50344000,0.90752000
0.28675365,0.50352000,0.90752000
0.28660578,0.50360000,0.90752000
0.28646448,0.50368000,0.90752000
0.28643745,0.50376000,0.90752000
0.28642967,0.50384000,0.90752000
0.28633314,0.50392000,0.90752000
0.28624344,0.50400000,0.90752000
0.28614005,0.50400000,0.90760000
0.28613111,0.50408000,0.90760000
0.28611955,0.50416000,0.90760000
0.28608602,0.50424000,0.90760000
0.28600833,0.50424000,0.90768000
0.28592050,0.50432000,0.90768000
0.28588432,0.50432000,0.90784000
0.28590044,0.50432000,0.90776000
0.28588036,0.50432000,0.90792000
0.28587011,0.50440000,0.90792000
0.28585938,0.50448000,0.90792000
0.28567934,0.50456000,0.90792000
0.28565732,0.50464000,0.90792000
0.28547543,0.50464000,0.90816000
0.28549859,0.50464000,0.90808000
0.28556100,0.50464000,0.90800000
0.28542262,0.50472000,0.90816000
0.28537968,0.50480000,0.90816000
0.28536570,0.50480000,0.90824000
0.28527015,0.50488000,0.90824000
0.28523210,0.50496000,0.90824000
0.28521779,0.50504000,0.90824000
0.28513554,0.50512000,0.90824000
0.28511336,0.50520000,0.90824000
0.28510526,0.50528000,0.90824000
0.28509822,0.50536000,0.90824000
0.28509712,0.50544000,0.90824000
0.28508195,0.50552000,0.90824000
0.28501132,0.50560000,0.90824000
0.28497210,0.50560000,0.90832000
0.28469247,0.50568000,0.90840000
0.28491661,0.50568000,0.90832000
0.28458613,0.50576000,0.90840000
0.28454596,0.50576000,0.90848000
0.28453699,0.50584000,0.90848000
0.28453276,0.50584000,0.90856000
0.28452420,0.50592000,0.90856000
0.28450644,0.50600000,0.90856000
0.28446913,0.50608000,0.90856000
0.28443849,0.50616000,0.90856000
0.28441897,0.50624000,0.90856000
0.28440067,0.50632000,0.90856000
0.28428149,0.50640000,0.90856000
0.28423461,0.50648000,0.90856000
0.28422427,0.50648000,0.90864000
0.28414476,0.50648000,0.90872000
0.28409356,0.50656000,0.90872000
0.28403157,0.50664000,0.90872000
0.28402448,0.50672000,0.90872000
0.28400484,0.50680000,0.90872000
0.28395981,0.50688000,0.90872000
0.28369516,0.50696000,0.90880000
0.28367960,0.50696000,0.90888000
0.28375691,0.50696000,0.90872000
0.28362253,0.50704000,0.90888000
0.28356469,0.50712000,0.90888000
0.28349715,0.50720000,0.90888000
0.28344792,0.50728000,0.90888000
0.28340635,0.50736000,0.90888000
0.28329071,0.50744000,0.90888000
0.28322634,0.50752000,0.90896000
0.28328305,0.50752000,0.90888000
0.28312320,0.50760000,0.90896000
0.28297433,0.50768000,0.90912000
0.28311005,0.50768000,0.90904000
0.28312042,0.50768000,0.90896000
0.28296083,0.50776000,0.90912000
0.28294146,0.50784000,0.90912000
0.28290761,0.50792000,0.90912000
0.28287655,0.50800000,0.90912000
0.28258359,0.50800000,0.90928000
0.28264141,0.50800000,0.90920000
0.28257287,0.50808000,0.90936000
0.28244990,0.50808000,0.90944000
0.28257483,0.50808000,0.90928000
0.28228223,0.50816000,0.90944000
0.28226563,0.50824000,0.90944000
0.28223458,0.50824000,0.90952000
0.28221226,0.50832000,0.90960000
0.28221953,0.50832000,0.90952000
0.28199270,0.50840000,0.90960000
0.28182581,0.50848000,0.90968000
0.28189081,0.50848000,0.90960000
0.28177425,0.50848000,0.90976000
0.28146628,0.50848000,0.90984000
0.28123152,0.50848000,0.90992000
0.28103408,0.50856000,0.90992000
0.28101358,0.50864000,0.90992000
0.28099024,0.50872000,0.90992000
0.28088081,0.50880000,0.90992000
0.28084251,0.50888000,0.90992000
0.28077492,0.50896000,0.90992000
0.28073069,0.50904000,0.90992000
0.28067815,0.50912000,0.90992000
0.28067708,0.50920000,0.90992000
0.28060323,0.50928000,0.91000000
0.28052878,0.50928000,0.91008000
0.28049871,0.50928000,0.91016000
0.28065735,0.50928000,0.90992000
0.28045380,0.50936000,0.91016000
0.28044164,0.50944000,0.91016000
0.28034073,0.50952000,0.91016000
0.28031892,0.50960000,0.91016000
0.28030607,0.50960000,0.91024000
0.28030345,0.50976000,0.91024000
0.28025451,0.50984000,0.91024000
0.28021926,0.50984000,0.91032000
0.28017703,0.50992000,0.91032000
0.28015831,0.51000000,0.91032000
0.28014603,0.51008000,0.91032000
0.28007394,0.51016000,0.91040000
0.28002974,0.51016000,0.91048000
0.27978140,0.51016000,0.91072000
0.27979723,0.51016000,0.91064000
0.27990279,0.51016000,0.91056000
0.27957153,0.51016000,0.91096000
0.27952498,0.51016000,0.91104000
0.27951249,0.51016000,0.91112000
0.27970392,0.51016000,0.91080000
0.27965233,0.51016000,0.91088000
0.28011528,0.51016000,0.91032000
0.27948445,0.51024000,0.91112000
0.27937254,0.51032000,0.91120000
0.27938017,0.51032000,0.91112000
0.27937192,0.51040000,0.91120000
0.27933326,0.51048000,0.91120000
0.27918449,0.51056000,0.91120000
0.27906862,0.51064000,0.91136000
0.27911761,0.51064000,0.91120000
0.27910268,0.51064000,0.91128000
0.27901399,0.51072000,0.91136000
0.27894387,0.51080000,0.91136000
0.27893287,0.51088000,0.91136000
0.27884358,0.51096000,0.91136000
0.27880791,0.51096000,0.91144000
0.27873179,0.51104000,0.91144000
0.27853072,0.51112000,0.91152000
0.27864161,0.51112000,0.91144000
0.27838141,0.51112000,0.91160000
0.27802584,0.51120000,0.91168000
0.27825987,0.51120000,0.91160000
0.27801961,0.51128000,0.91168000
0.27795362,0.51136000,0.91168000
0.27769852,0.51144000,0.91176000
0.27792418,0.51144000,0.91168000
0.27769226,0.51152000,0.91176000
0.27767015,0.51160000,0.91176000
0.27765808,0.51168000,0.91176000
0.27757439,0.51176000,0.91176000
0.27754468,0.51176000,0.91184000
0.27742666,0.51176000,0.91192000
0.27740467,0.51184000,0.91192000
0.27736273,0.51192000,0.91192000
0.27695441,0.51200000,0.91192000
0.27692142,0.51208000,0.91192000
0.27690926,0.51216000,0.91192000
0.27687749,0.51224000,0.91192000
0.27671343,0.51232000,0.91208000
0.27673569,0.51232000,0.91200000
0.27663285,0.51232000,0.91216000
0.27675930,0.51232000,0.91192000
0.27657348,0.51240000,0.91216000
0.27654028,0.51248000,0.91216000
0.27644503,0.51256000,0.91216000
0.27644032,0.51256000,0.91224000
0.27643871,0.51264000,0.91224000
0.27641934,0.51264000,0.91232000
0.27639166,0.51272000,0.91232000
0.27637649,0.51280000,0.91232000
0.27637359,0.51288000,0.91232000
0.27627179,0.51296000,0.91232000
0.27626345,0.51304000,0.91232000
0.27609643,0.51312000,0.91232000
0.27606860,0.51320000,0.91232000
0.27594113,0.51328000,0.91240000
0.27601290,0.51328000,0.91232000
0.27588990,0.51336000,0.91248000
0.27576941,0.51336000,0.91264000
0.27574518,0.51336000,0.91272000
0.27570033,0.51336000,0.91280000
0.27592194,0.51336000,0.91240000
0.27577192,0.51336000,0.91256000
0.27567476,0.51344000,0.91280000
0.27558944,0.51352000,0.91280000
0.27552855,0.51360000,0.91280000
0.27541769,0.51368000,0.91280000
0.27531910,0.51368000,0.91288000
0.27521378,0.51376000,0.91288000
0.27517125,0.51376000,0.91296000
0.27506831,0.51376000,0.91304000
0.27503830,0.51384000,0.91304000
0.27486399,0.51384000,0.91312000
0.27482674,0.51392000,0.91312000
0.27476767,0.51392000,0.91328000
0.27481526,0.51392000,0.91320000
0.27475050,0.51400000,0.91328000
0.27461597,0.51408000,0.91336000
0.27474824,0.51408000,0.91328000
0.27456015,0.51416000,0.91336000
0.27447945,0.51424000,0.91336000
0.27446857,0.51432000,0.91336000
0.27440122,0.51440000,0.91336000
0.27437609,0.51448000,0.91336000
0.27435583,0.51448000,0.91352000
0.27437580,0.51448000,0.91344000
0.27417502,0.51456000,0.91352000
0.27411407,0.51464000,0.91352000
0.27406201,0.51472000,0.91352000
0.27386016,0.51480000,0.91360000
0.27386034,0.51480000,0.91352000
0.27383733,0.51488000,0.91360000
0.27380055,0.51496000,0.91360000
0.27375633,0.51504000,0.91376000
0.27377072,0.51504000,0.91360000
0.27377039,0.51504000,0.91368000
0.27367318,0.51512000,0.91376000
0.27359012,0.51520000,0.91376000
0.27346614,0.51528000,0.91376000
0.27346411,0.51536000,0.91376000
0.27339870,0.51536000,0.91384000
0.27308953,0.51544000,0.91392000
0.27324200,0.51544000,0.91384000
0.27285156,0.51544000,0.91416000
0.27303207,0.51544000,0.91400000
0.27302322,0.51544000,0.91408000
0.27271625,0.51552000,0.91416000
0.27240515,0.51560000,0.91432000
0.27267686,0.51560000,0.91416000
0.27267414,0.51560000,0.91424000
0.27237922,0.51568000,0.91432000
0.27235034,0.51576000,0.91432000
0.27233928,0.51584000,0.91432000
0.27232546,0.51592000,0.91432000
0.27203351,0.51600000,0.91448000
0.27205360,0.51600000,0.91440000
0.27212024,0.51600000,0.91432000
0.27202064,0.51608000,0.91448000
0.27199993,0.51608000,0.91456000
0.27194396,0.51616000,0.91456000
0.27192929,0.51616000,0.91464000
0.27187747,0.51624000,0.91464000
0.27185476,0.51632000,0.91464000
0.27179119,0.51632000,0.91472000
0.27170345,0.51640000,0.91480000
0.27174997,0.51640000,0.91472000
0.27167746,0.51648000,0.91480000
0.27166322,0.51656000,0.91480000
0.27163142,0.51664000,0.91480000
0.27156344,0.51672000,0.91480000
0.27136302,0.51680000,0.91480000
0.27135041,0.51680000,0.91488000
0.27115539,0.51688000,0.91496000
0.27124369,0.51688000,0.91488000
0.27109101,0.51696000,0.91496000
0.27107298,0.51704000,0.91496000
0.27091154,0.51712000,0.91496000
0.27086258,0.51720000,0.91496000
0.27082422,0.51728000,0.91496000
0.27079776,0.51736000,0.91496000
0.27074116,0.51744000,0.91496000
0.27073619,0.51752000,0.91496000
0.27073553,0.51760000,0.91496000
0.27071786,0.51760000,0.91504000
0.27063942,0.51760000,0.91512000
0.27063215,0.51768000,0.91512000
0.27062377,0.51776000,0.91512000
0.27038980,0.51784000,0.91528000
0.27046955,0.51784000,0.91520000
0.27053401,0.51784000,0.91512000
0.27030969,0.51792000,0.91528000
0.27029598,0.51800000,0.91528000
0.27025577,0.51808000,0.91528000
0.27022758,0.51816000,0.91528000
0.27012792,0.51824000,0.91528000
0.27006316,0.51824000,0.91544000
0.27010089,0.51824000,0.91536000
0.27002004,0.51832000,0.91544000
0.27001458,0.51840000,0.91544000
0.26993310,0.51840000,0.91560000
0.26995796,0.51840000,0.91552000
0.26991281,0.51848000,0.91560000
0.26988772,0.51856000,0.91560000
0.26987165,0.51856000,0.91568000
0.26986611,0.51864000,0.91568000
0.26982227,0.51864000,0.91576000
0.26956213,0.51872000,0.91584000
0.26979560,0.51872000,0.91576000
0.26950243,0.51880000,0.91584000
0.26935187,0.51888000,0.91584000
0.26931238,0.51896000,0.91584000
0.26923332,0.51904000,0.91584000
0.26913571,0.51912000,0.91584000
0.26911613,0.51920000,0.91584000
0.26909083,0.51928000,0.91584000
0.26908121,0.51936000,0.91584000
0.26904353,0.51952000,0.91592000
0.26906288,0.51952000,0.91584000
0.26895297,0.51960000,0.91592000
0.26883268,0.51968000,0.91592000
0.26879907,0.51976000,0.91592000
0.26871848,0.51984000,0.91592000
0.26870155,0.51992000,0.91592000
0.26867473,0.52000000,0.91592000
0.26843661,0.52008000,0.91616000
0.26852733,0.52008000,0.91592000
0.26851213,0.52008000,0.91600000
0.26844075,0.52008000,0.91608000
0.26834488,0.52016000,0.91616000
0.26833177,0.52024000,0.91616000
0.26828250,0.52032000,0.91616000
0.26827157,0.52032000,0.91624000
0.26819927,0.52040000,0.91624000
0.26818356,0.52040000,0.91632000
0.26809120,0.52048000,0.91632000
0.26807261,0.52056000,0.91632000
0.26806679,0.52064000,0.91632000
0.26801893,0.52072000,0.91632000
0.26801094,0.52080000,0.91632000
0.26797497,0.52080000,0.91640000
0.26778924,0.52088000,0.91648000
0.26789236,0.52088000,0.91640000
0.26777485,0.52096000,0.91648000
0.26763743,0.52104000,0.91648000
0.26756045,0.52112000,0.91656000
0.26760480,0.52112000,0.91648000
0.26755717,0.52120000,0.91656000
0.26752669,0.52128000,0.91656000
0.26750448,0.52136000,0.91656000
0.26749018,0.52144000,0.91656000
0.26745117,0.52144000,0.91664000
0.26744553,0.52152000,0.91664000
0.26733637,0.52168000,0.91664000
0.26729834,0.52176000,0.91664000
0.26726165,0.52176000,0.91680000
0.26729083,0.52176000,0.91672000
0.26713911,0.52184000,0.91680000
0.26710871,0.52192000,0.91680000
0.26707599,0.52200000,0.91680000
0.26699239,0.52208000,0.91680000
0.26687622,0.52216000,0.91680000
0.26671106,0.52216000,0.91688000
0.26669177,0.52224000,0.91688000
0.26668870,0.52232000,0.91688000
0.26665524,0.52240000,0.91688000
0.26663488,0.52240000,0.91696000
0.26652297,0.52248000,0.91712000
0.26662138,0.52248000,0.91696000
0.26659289,0.52248000,0.91704000
0.26644865,0.52256000,0.91712000
0.26638240,0.52272000,0.91712000
0.26637137,0.52280000,0.91712000
0.26626500,0.52280000,0.91720000
0.26595157,0.52288000,0.91728000
0.26599559,0.52288000,0.91720000
0.26584402,0.52296000,0.91728000
0.26584256,0.52304000,0.91728000
0.26581609,0.52312000,0.91728000
0.26547486,0.52320000,0.91728000
0.26545656,0.52320000,0.91736000
0.26541618,0.52328000,0.91736000
0.26538539,0.52328000,0.91744000
0.26529992,0.52336000,0.91744000
0.26527941,0.52336000,0.91752000
0.26526758,0.52344000,0.91752000
0.26522830,0.52352000,0.91752000
0.26502559,0.52360000,0.91760000
0.26510519,0.52360000,0.91752000
0.26497033,0.52368000,0.91760000
0.26487681,0.52376000,0.91760000
0.26479277,0.52384000,0.91760000
0.26475239,0.52392000,0.91760000
0.26464152,0.52400000,0.91760000
0.26457697,0.52408000,0.91760000
0.26448137,0.52416000,0.91768000
0.26449004,0.52416000,0.91760000
0.26442116,0.52424000,0.91776000
0.26444322,0.52424000,0.91768000
0.26435611,0.52432000,0.91776000
0.26430109,0.52440000,0.91776000
0.26425773,0.52448000,0.91776000
0.26420572,0.52456000,0.91776000
0.26416013,0.52456000,0.91784000
0.26414174,0.52456000,0.91792000
0.26407149,0.52456000,0.91800000
0.26401803,0.52464000,0.91800000
0.26399156,0.52472000,0.91800000
0.26395962,0.52480000,0.91800000
0.26392186,0.52488000,0.91800000
0.26384422,0.52496000,0.91800000
0.26372421,0.52504000,0.91800000
0.26366997,0.52512000,0.91800000
0.26365331,0.52512000,0.91808000
0.26342639,0.52520000,0.91808000
0.26342425,0.52528000,0.91808000
0.26325127,0.52536000,0.91808000
0.26323771,0.52544000,0.91808000
0.26323611,0.52552000,0.91808000
0.26319295,0.52560000,0.91808000
0.26318350,0.52568000,0.91808000
0.26316535,0.52576000,0.91808000
0.26310670,0.52584000,0.91808000
0.26307473,0.52592000,0.91808000
0.26295698,0.52600000,0.91808000
0.26284146,0.52608000,0.91808000
0.26270530,0.52616000,0.91816000
0.26274556,0.52616000,0.91808000
0.26248941,0.52624000,0.91816000
0.26246932,0.52624000,0.91824000
0.26243156,0.52632000,0.91824000
0.26227078,0.52648000,0.91824000
0.26219600,0.52656000,0.91824000
0.26212090,0.52664000,0.91824000
0.26210082,0.52672000,0.91824000
0.26209348,0.52688000,0.91824000
0.26207864,0.52696000,0.91824000
0.26186374,0.52704000,0.91832000
0.26191711,0.52704000,0.91824000
0.26186150,0.52704000,0.91840000
0.26183701,0.52712000,0.91840000
0.26182073,0.52712000,0.91848000
0.26181656,0.52720000,0.91848000
0.26179236,0.52728000,0.91848000
0.26173788,0.52736000,0.91848000
0.26163727,0.52744000,0.91848000
0.26163679,0.52744000,0.91856000
0.26157996,0.52752000,0.91856000
0.26149148,0.52752000,0.91864000
0.26140189,0.52760000,0.91872000
0.26147640,0.52760000,0.91864000
0.26131901,0.52760000,0.91888000
0.26135963,0.52760000,0.91880000
0.26122633,0.52768000,0.91896000
0.26131320,0.52768000,0.91888000
0.26121399,0.52776000,0.91896000
0.26120198,0.52784000,0.91896000
0.26116884,0.52792000,0.91896000
0.26114395,0.52800000,0.91896000
0.26105261,0.52800000,0.91904000
0.26097849,0.52808000,0.91904000
0.26091230,0.52816000,0.91904000
0.26084116,0.52824000,0.91904000
0.26081100,0.52832000,0.91904000
0.26074880,0.52832000,0.91912000
0.26072812,0.52840000,0.91912000
0.26061335,0.52848000,0.91912000
0.26055560,0.52856000,0.91912000
0.26043752,0.52864000,0.91920000
0.26045710,0.52864000,0.91912000
0.26040900,0.52872000,0.91920000
0.26040679,0.52880000,0.91928000
0.26040745,0.52880000,0.91920000
0.26039654,0.52888000,0.91928000
0.26038656,0.52896000,0.91928000
0.26037556,0.52904000,0.91936000
0.26037619,0.52904000,0.91928000
0.26024780,0.52912000,0.91936000
0.26021600,0.52920000,0.91936000
0.26017401,0.52928000,0.91936000
0.26002824,0.52936000,0.91936000
0.25990531,0.52944000,0.91936000
0.25982946,0.52952000,0.91944000
0.25988764,0.52952000,0.91936000
0.25969025,0.52960000,0.91952000
0.25974965,0.52960000,0.91944000
0.25966784,0.52968000,0.91952000
0.25947416,0.52976000,0.91968000
0.25949299,0.52976000,0.91960000
0.25950223,0.52976000,0.91952000
0.25944221,0.52984000,0.91968000
0.25942206,0.52984000,0.91976000
0.25917065,0.52992000,0.91976000
0.25916010,0.52992000,0.91984000
0.25911841,0.53000000,0.91984000
0.25909302,0.53000000,0.91992000
0.25905210,0.53008000,0.91992000
0.25901225,0.53016000,0.91992000
0.25899881,0.53016000,0.92000000
0.25896499,0.53024000,0.92000000
0.25894192,0.53032000,0.92000000
0.25893319,0.53040000,0.92000000
0.25878015,0.53040000,0.92008000
0.25877669,0.53048000,0.92008000
0.25874093,0.53056000,0.92008000
0.25872234,0.53064000,0.92008000
0.25870398,0.53072000,0.92008000
0.25862107,0.53080000,0.92008000
0.25852472,0.53088000,0.92008000
0.25849611,0.53088000,0.92016000
0.25848746,0.53096000,0.92016000
0.25831681,0.53104000,0.92024000
0.25834683,0.53104000,0.92016000
0.25830480,0.53112000,0.92024000
0.25801796,0.53120000,0.92040000
0.25811282,0.53120000,0.92032000
0.25825164,0.53120000,0.92024000
0.25801152,0.53128000,0.92040000
0.25799671,0.53136000,0.92040000
0.25795466,0.53144000,0.92040000
0.25774106,0.53152000,0.92040000
0.25772724,0.53160000,0.92040000
0.25771049,0.53168000,0.92040000
0.25768319,0.53176000,0.92040000
0.25761127,0.53184000,0.92040000
0.25758395,0.53192000,0.92040000
0.25749052,0.53192000,0.92048000
0.25736785,0.53200000,0.92064000
0.25742564,0.53200000,0.92056000
0.25742579,0.53200000,0.92048000
0.25735685,0.53208000,0.92064000
0.25707451,0.53216000,0.92088000
0.25735071,0.53216000,0.92064000
0.25717092,0.53216000,0.92080000
0.25704005,0.53224000,0.92088000
0.25691661,0.53232000,0.92088000
0.25690410,0.53240000,0.92088000
0.25678658,0.53248000,0.92088000
0.25673392,0.53256000,0.92088000
0.25672719,0.53264000,0.92088000
0.25663936,0.53272000,0.92088000
0.25657508,0.53272000,0.92096000
0.25653625,0.53280000,0.92096000
0.25641873,0.53280000,0.92104000
0.25640523,0.53288000,0.92104000
0.25626966,0.53296000,0.92104000
0.25612348,0.53304000,0.92104000
0.25609431,0.53312000,0.92104000
0.25606111,0.53320000,0.92120000
0.25608116,0.53320000,0.92112000
0.25608301,0.53320000,0.92104000
0.25603315,0.53328000,0.92120000
0.25598717,0.53336000,0.92120000
0.25593165,0.53344000,0.92128000
0.25596583,0.53344000,0.92120000
0.25588071,0.53352000,0.92128000
0.25586781,0.53360000,0.92128000
0.25584900,0.53368000,0.92128000
0.25580928,0.53376000,0.92128000
0.25576583,0.53384000,0.92136000
0.25560081,0.53384000,0.92144000
0.25579208,0.53384000,0.92128000
0.25554398,0.53384000,0.92152000
0.25545904,0.53392000,0.92152000
0.25542468,0.53400000,0.92152000
0.25539663,0.53408000,0.92152000
0.25531560,0.53416000,0.92160000
0.25534561,0.53416000,0.92152000
0.25525486,0.53424000,0.92160000
0.25523025,0.53424000,0.92168000
0.25522098,0.53432000,0.92168000
0.25512883,0.53440000,0.92168000
0.25495395,0.53448000,0.92168000
0.25488731,0.53456000,0.92168000
0.25478861,0.53464000,0.92168000
0.25473502,0.53472000,0.92168000
0.25460473,0.53480000,0.92168000
0.25459975,0.53488000,0.92168000
0.25458699,0.53488000,0.92176000
0.25446236,0.53496000,0.92192000
0.25454578,0.53496000,0.92176000
0.25450996,0.53496000,0.92184000
0.25440332,0.53504000,0.92200000
0.25442174,0.53504000,0.92192000
0.25434700,0.53504000,0.92208000
0.25413817,0.53504000,0.92216000
0.25409675,0.53512000,0.92216000
0.25405225,0.53520000,0.92216000
0.25399774,0.53528000,0.92224000
0.25403333,0.53528000,0.92216000
0.25397155,0.53536000,0.92224000
0.25374088,0.53544000,0.92240000
0.25372726,0.53544000,0.92248000
0.25389570,0.53544000,0.92224000
0.25375640,0.53544000,0.92232000
0.25372362,0.53552000,0.92248000
0.25343412,0.53560000,0.92248000
0.25342649,0.53568000,0.92248000
0.25332099,0.53576000,0.92248000
0.25308841,0.53584000,0.92272000
0.25329557,0.53584000,0.92248000
0.25321195,0.53584000,0.92256000
0.25314364,0.53584000,0.92264000
0.25305369,0.53592000,0.92272000
0.25295404,0.53600000,0.92280000
0.25304019,0.53600000,0.92272000
0.25289452,0.53608000,0.92280000
0.25248623,0.53616000,0.92296000
0.25272617,0.53616000,0.92280000
0.25245214,0.53616000,0.92304000
0.25258824,0.53616000,0.92288000
0.25242588,0.53624000,0.92304000
0.25238296,0.53632000,0.92304000
0.25228670,0.53640000,0.92312000
0.25229126,0.53640000,0.92304000
0.25212121,0.53648000,0.92320000
0.25217080,0.53648000,0.92312000
0.25195768,0.53656000,0.92320000
0.25194639,0.53664000,0.92320000
0.25190997,0.53672000,0.92320000
0.25173038,0.53680000,0.92320000
0.25158367,0.53688000,0.92320000
0.25153509,0.53688000,0.92328000
0.25147489,0.53696000,0.92328000
0.25145581,0.53704000,0.92328000
0.25144506,0.53712000,0.92328000
0.25144106,0.53720000,0.92328000
0.25144017,0.53720000,0.92336000
0.25141883,0.53728000,0.92336000
0.25123811,0.53736000,0.92344000
0.25131661,0.53736000,0.92336000
0.25118315,0.53744000,0.92344000
0.25107738,0.53752000,0.92344000
0.25107467,0.53760000,0.92344000
0.25106063,0.53768000,0.92344000
0.25091371,0.53776000,0.92344000
0.25076073,0.53784000,0.92344000
0.25073382,0.53792000,0.92352000
0.25073844,0.53792000,0.92344000
0.25068423,0.53800000,0.92352000
0.25057706,0.53800000,0.92368000
0.25064030,0.53800000,0.92360000
0.25042170,0.53800000,0.92384000
0.25042480,0.53800000,0.92376000
0.25020862,0.53808000,0.92384000
0.25004750,0.53816000,0.92392000
0.25016427,0.53816000,0.92384000
0.25000590,0.53824000,0.92392000
0.24990907,0.53832000,0.92392000
0.24977431,0.53840000,0.92392000
0.24975574,0.53848000,0.92392000
0.24962500,0.53856000,0.92408000
0.24974403,0.53856000,0.92392000
0.24954967,0.53864000,0.92408000
0.24954148,0.53872000,0.92408000
0.24951801,0.53880000,0.92408000
0.24944893,0.53888000,0.92408000
0.24930105,0.53896000,0.92408000
0.24929044,0.53896000,0.92416000
0.24923879,0.53904000,0.92416000
0.24893165,0.53912000,0.92432000
0.24893571,0.53912000,0.92424000
0.24919815,0.53912000,0.92416000
0.24891311,0.53920000,0.92432000
0.24886802,0.53928000,0.92432000
0.24883571,0.53936000,0.92432000
0.24883412,0.53944000,0.92432000
0.24866629,0.53944000,0.92440000
0.24857436,0.53952000,0.92440000
0.24857388,0.53960000,0.92440000
0.24856436,0.53968000,0.92440000
0.24851978,0.53976000,0.92440000
0.24847884,0.53984000,0.92440000
0.24845341,0.53992000,0.92440000
0.24844429,0.54000000,0.92440000
0.24843910,0.54008000,0.92440000
0.24834302,0.54016000,0.92456000
0.24839850,0.54016000,0.92440000
0.24836208,0.54016000,0.92448000
0.24825400,0.54024000,0.92456000
0.24823402,0.54032000,0.92464000
0.24825124,0.54032000,0.92456000
0.24820611,0.54040000,0.92464000
0.24812870,0.54048000,0.92464000
0.24803978,0.54048000,0.92472000
0.24800065,0.54056000,0.92472000
0.24782234,0.54056000,0.92480000
0.24781880,0.54056000,0.92488000
0.24775109,0.54064000,0.92496000
0.24775431,0.54064000,0.92488000
0.24771738,0.54072000,0.92496000
0.24764100,0.54080000,0.92496000
0.24761085,0.54088000,0.92496000
0.24753773,0.54088000,0.92504000
0.24740456,0.54096000,0.92504000
0.24736516,0.54096000,0.92512000
0.24733290,0.54104000,0.92512000
0.24724729,0.54112000,0.92512000
0.24721237,0.54120000,0.92512000
0.24714403,0.54128000,0.92512000
0.24709086,0.54128000,0.92520000
0.24709083,0.54136000,0.92520000
0.24699517,0.54144000,0.92520000
0.24667235,0.54152000,0.92520000
0.24658452,0.54160000,0.92520000
0.24647416,0.54168000,0.92520000
0.24647407,0.54176000,0.92520000
0.24628446,0.54176000,0.92544000
0.24630131,0.54176000,0.92536000
0.24645446,0.54176000,0.92528000
0.24624726,0.54184000,0.92544000
0.24611358,0.54192000,0.92544000
0.24579962,0.54192000,0.92560000
0.24608798,0.54192000,0.92552000
0.24567010,0.54200000,0.92560000
0.24558258,0.54208000,0.92560000
0.24555644,0.54216000,0.92560000
0.24551000,0.54224000,0.92560000
0.24542135,0.54232000,0.92560000
0.24541849,0.54232000,0.92568000
0.24540004,0.54240000,0.92568000
0.24535647,0.54248000,0.92568000
0.24534331,0.54256000,0.92568000
0.24532621,0.54256000,0.92576000
0.24527936,0.54264000,0.92576000
0.24523455,0.54272000,0.92584000
0.24525291,0.54272000,0.92576000
0.24522890,0.54280000,0.92584000
0.24516597,0.54288000,0.92592000
0.24519275,0.54288000,0.92584000
0.24515721,0.54296000,0.92592000
0.24515104,0.54304000,0.92592000
0.24509294,0.54312000,0.92592000
0.24498123,0.54320000,0.92592000
0.24486338,0.54336000,0.92592000
0.24475136,0.54344000,0.92592000
0.24468528,0.54344000,0.92600000
0.24459054,0.54352000,0.92600000
0.24458164,0.54360000,0.92600000
0.24457856,0.54368000,0.92600000
0.24449392,0.54376000,0.92600000
0.24436156,0.54384000,0.92600000
0.24435934,0.54392000,0.92600000
0.24421041,0.54400000,0.92616000
0.24433371,0.54400000,0.92600000
0.24422082,0.54400000,0.92608000
0.24416861,0.54408000,0.92616000
0.24408464,0.54416000,0.92624000
0.24415135,0.54416000,0.92616000
0.24396427,0.54424000,0.92632000
0.24398831,0.54424000,0.92624000
0.24385667,0.54432000,0.92632000
0.24383585,0.54440000,0.92632000
0.24383248,0.54440000,0.92640000
0.24381074,0.54448000,0.92640000
0.24380566,0.54456000,0.92640000
0.24375761,0.54464000,0.92640000
0.24373227,0.54464000,0.92648000
0.24355027,0.54472000,0.92648000
0.24349867,0.54480000,0.92656000
0.24351035,0.54480000,0.92648000
0.24338041,0.54488000,0.92656000
0.24329665,0.54496000,0.92656000
0.24317378,0.54504000,0.92656000
0.24313086,0.54512000,0.92656000
0.24307242,0.54520000,0.92656000
0.24300566,0.54528000,0.92664000
0.24301380,0.54528000,0.92656000
0.24288143,0.54536000,0.92664000
0.24277735,0.54544000,0.92664000
0.24272677,0.54552000,0.92664000
0.24257432,0.54560000,0.92664000
0.24249656,0.54568000,0.92664000
0.24248843,0.54576000,0.92664000
0.24232247,0.54576000,0.92672000
0.24230509,0.54584000,0.92672000
0.24217840,0.54592000,0.92672000
0.24201874,0.54608000,0.92672000
0.24195738,0.54616000,0.92672000
0.24194004,0.54616000,0.92680000
0.24193214,0.54624000,0.92680000
0.24191561,0.54632000,0.92680000
0.24191183,0.54640000,0.92680000
0.24187455,0.54648000,0.92680000
0.24166802,0.54648000,0.92688000
0.24162452,0.54656000,0.92688000
0.24158196,0.54664000,0.92688000
0.24157865,0.54672000,0.92688000
0.24153781,0.54680000,0.92688000
0.24152273,0.54688000,0.92688000
0.24145085,0.54696000,0.92688000
0.24138959,0.54704000,0.92688000
0.24131335,0.54712000,0.92688000
0.24128753,0.54720000,0.92688000
0.24121407,0.54728000,0.92688000
0.24118751,0.54728000,0.92696000
0.24112147,0.54736000,0.92696000
0.24084355,0.54744000,0.92696000
0.24080861,0.54744000,0.92704000
0.24073051,0.54752000,0.92704000
0.24072264,0.54760000,0.92704000
0.24048795,0.54768000,0.92704000
0.24041902,0.54776000,0.92712000
0.24041912,0.54776000,0.92704000
0.24040306,0.54784000,0.92712000
0.24035324,0.54784000,0.92720000
0.24028696,0.54784000,0.92728000
0.24022272,0.54792000,0.92728000
0.24021655,0.54800000,0.92728000
0.24015155,0.54808000,0.92736000
0.24015813,0.54808000,0.92728000
0.24013084,0.54816000,0.92736000
0.24010748,0.54824000,0.92736000
0.24009869,0.54832000,0.92736000
0.23998487,0.54840000,0.92736000
0.23995130,0.54848000,0.92736000
0.23990442,0.54848000,0.92744000
0.23990422,0.54848000,0.92752000
0.23989034,0.54856000,0.92752000
0.23987228,0.54864000,0.92752000
0.23984540,0.54872000,0.92752000
0.23976883,0.54880000,0.92752000
0.23969162,0.54888000,0.92760000
0.23974313,0.54888000,0.92752000
0.23961832,0.54896000,0.92760000
0.23951581,0.54896000,0.92768000
0.23950790,0.54896000,0.92776000
0.23926702,0.54904000,0.92776000
0.23926127,0.54912000,0.92776000
0.23908982,0.54920000,0.92776000
0.23906669,0.54920000,0.92784000
0.23905624,0.54928000,0.92784000
0.23899691,0.54936000,0.92784000
0.23891778,0.54944000,0.92792000
0.23895739,0.54944000,0.92784000
0.23888513,0.54952000,0.92792000
0.23878340,0.54960000,0.92792000
0.23868912,0.54968000,0.92800000
0.23877671,0.54968000,0.92792000
0.23863201,0.54968000,0.92816000
0.23866193,0.54968000,0.92808000
0.23858374,0.54976000,0.92816000
0.23855437,0.54984000,0.92816000
0.23850912,0.54992000,0.92816000
0.23848864,0.55000000,0.92816000
0.23848683,0.55008000,0.92816000
0.23844647,0.55016000,0.92824000
0.23846258,0.55016000,0.92816000
0.23826946,0.55024000,0.92832000
0.23828603,0.55024000,0.92824000
0.23789309,0.55032000,0.92832000
0.23778625,0.55040000,0.92832000
0.23774597,0.55048000,0.92832000
0.23762092,0.55056000,0.92848000
0.23766391,0.55056000,0.92840000
0.23767963,0.55056000,0.92832000
0.23748967,0.55072000,0.92856000
0.23755875,0.55072000,0.92848000
0.23738202,0.55080000,0.92856000
0.23734437,0.55088000,0.92856000
0.23714897,0.55096000,0.92856000
0.23711577,0.55096000,0.92864000
0.23707879,0.55104000,0.92864000
0.23705277,0.55112000,0.92864000
0.23688185,0.55120000,0.92872000
0.23688403,0.55120000,0.92864000
0.23671550,0.55128000,0.92872000
0.23669775,0.55128000,0.92880000
0.23665079,0.55136000,0.92880000
0.23658389,0.55144000,0.92880000
0.23656668,0.55152000,0.92880000
0.23649424,0.55152000,0.92888000
0.23643591,0.55160000,0.92888000
0.23638415,0.55168000,0.92896000
0.23642647,0.55168000,0.92888000
0.23624326,0.55176000,0.92896000
0.23622003,0.55184000,0.92896000
0.23601119,0.55192000,0.92912000
0.23613125,0.55192000,0.92896000
0.23602685,0.55192000,0.92904000
0.23597395,0.55200000,0.92928000
0.23597541,0.55200000,0.92920000
0.23599388,0.55200000,0.92912000
0.23594151,0.55208000,0.92928000
0.23585270,0.55208000,0.92936000
0.23571441,0.55216000,0.92936000
0.23565200,0.55224000,0.92936000
0.23516922,0.55232000,0.92936000
0.23514326,0.55240000,0.92936000
0.23512067,0.55248000,0.92936000
0.23511837,0.55248000,0.92944000
0.23496459,0.55256000,0.92944000
0.23481449,0.55264000,0.92944000
0.23474908,0.55272000,0.92944000
0.23470213,0.55280000,0.92944000
0.23444119,0.55280000,0.92952000
0.23440996,0.55280000,0.92960000
0.23440550,0.55288000,0.92960000
0.23436669,0.55296000,0.92960000
0.23425475,0.55304000,0.92968000
0.23427919,0.55304000,0.92960000
0.23421030,0.55312000,0.92968000
0.23418391,0.55320000,0.92968000
0.23413596,0.55328000,0.92968000
0.23413360,0.55328000,0.92976000
0.23407459,0.55336000,0.92976000
0.23388997,0.55344000,0.92976000
0.23374107,0.55352000,0.92984000
0.23386708,0.55352000,0.92976000
0.23369139,0.55360000,0.92984000
0.23367169,0.55368000,0.92984000
0.23362099,0.55376000,0.92992000
0.23364425,0.55376000,0.92984000
0.23355781,0.55384000,0.92992000
0.23355463,0.55392000,0.92992000
0.23352462,0.55400000,0.92992000
0.23332696,0.55408000,0.93016000
0.23341405,0.55408000,0.93000000
0.23334886,0.55408000,0.93008000
0.23341499,0.55408000,0.92992000
0.23329991,0.55416000,0.93016000
0.23325767,0.55424000,0.93016000
0.23325305,0.55432000,0.93016000
0.23314063,0.55440000,0.93024000
0.23316509,0.55440000,0.93016000
0.23308407,0.55448000,0.93024000
0.23296630,0.55456000,0.93024000
0.23285139,0.55464000,0.93040000
0.23287587,0.55464000,0.93024000
0.23286501,0.55464000,0.93032000
0.23279087,0.55472000,0.93040000
0.23278375,0.55472000,0.93048000
0.23277599,0.55472000,0.93056000
0.23270865,0.55480000,0.93056000
0.23265179,0.55480000,0.93064000
0.23259903,0.55480000,0.93072000
0.23259403,0.55488000,0.93072000
0.23256911,0.55496000,0.93072000
0.23256463,0.55496000,0.93080000
0.23247357,0.55504000,0.93080000
0.23241545,0.55512000,0.93080000
0.23231874,0.55520000,0.93088000
0.23240592,0.55520000,0.93080000
0.23224115,0.55520000,0.93096000
0.23221363,0.55528000,0.93096000
0.23212887,0.55536000,0.93096000
0.23211803,0.55536000,0.93104000
0.23207520,0.55544000,0.93104000
0.23203482,0.55552000,0.93104000
0.23193657,0.55560000,0.93104000
0.23170616,0.55568000,0.93112000
0.23172370,0.55568000,0.93104000
0.23167570,0.55568000,0.93120000
0.23150450,0.55576000,0.93120000
0.23144093,0.55584000,0.93120000
0.23134129,0.55592000,0.93120000
0.23127662,0.55592000,0.93128000
0.23126985,0.55600000,0.93128000
0.23125096,0.55608000,0.93128000
0.23107672,0.55616000,0.93128000
0.23098804,0.55624000,0.93128000
0.23092557,0.55632000,0.93128000
0.23089288,0.55640000,0.93128000
0.23077255,0.55648000,0.93128000
0.23073690,0.55656000,0.93128000
0.23072675,0.55664000,0.93128000
0.23070619,0.55672000,0.93128000
0.23064017,0.55672000,0.93136000
0.23060091,0.55680000,0.93144000
0.23063134,0.55680000,0.93136000
0.23059061,0.55688000,0.93144000
0.23049738,0.55696000,0.93144000
0.23044805,0.55704000,0.93144000
0.23042381,0.55712000,0.93144000
0.23026153,0.55728000,0.93168000
0.23029499,0.55728000,0.93144000
0.23027606,0.55728000,0.93152000
0.23020840,0.55728000,0.93176000
0.23027329,0.55728000,0.93160000
0.23018794,0.55736000,0.93176000
0.23017919,0.55744000,0.93176000
0.23017552,0.55752000,0.93176000
0.23017126,0.55760000,0.93176000
0.23016413,0.55768000,0.93184000
0.23017113,0.55768000,0.93176000
0.23014988,0.55776000,0.93184000
0.23013127,0.55776000,0.93192000
0.23008378,0.55784000,0.93192000
0.22996588,0.55792000,0.93200000
0.23004058,0.55792000,0.93192000
0.22996479,0.55800000,0.93200000
0.22991472,0.55808000,0.93200000
0.22986200,0.55816000,0.93200000
0.22978953,0.55824000,0.93200000
0.22974831,0.55824000,0.93208000
0.22973482,0.55832000,0.93208000
0.22962281,0.55832000,0.93216000
0.22962095,0.55840000,0.93216000
0.22958694,0.55848000,0.93216000
0.22954932,0.55856000,0.93216000
0.22948812,0.55856000,0.93224000
0.22940224,0.55864000,0.93224000
0.22937769,0.55872000,0.93224000
0.22928981,0.55880000,0.93224000
0.22925980,0.55880000,0.93232000
0.22923017,0.55880000,0.93240000
0.22920801,0.55888000,0.93240000
0.22915226,0.55896000,0.93240000
0.22906220,0.55904000,0.93248000
0.22911270,0.55904000,0.93240000
0.22889490,0.55912000,0.93248000
0.22872327,0.55920000,0.93256000
0.22872277,0.55920000,0.93264000
0.22883710,0.55920000,0.93248000
0.22870807,0.55928000,0.93264000
0.22861765,0.55936000,0.93264000
0.22859056,0.55944000,0.93264000
0.22858378,0.55952000,0.93264000
0.22857188,0.55960000,0.93264000
0.22852217,0.55968000,0.93264000
0.22842813,0.55968000,0.93272000
0.22841255,0.55976000,0.93272000
0.22834590,0.55984000,0.93272000
0.22832903,0.55992000,0.93272000
0.22827908,0.56000000,0.93272000
0.22819856,0.56008000,0.93280000
0.22826363,0.56008000,0.93272000
0.22805564,0.56016000,0.93280000
0.22802371,0.56024000,0.93280000
0.22791350,0.56024000,0.93288000
0.22782952,0.56032000,0.93288000
0.22779927,0.56040000,0.93288000
0.22774193,0.56048000,0.93288000
0.22764440,0.56056000,0.93288000
0.22759081,0.56064000,0.93288000
0.22756867,0.56072000,0.93296000
0.22757372,0.56072000,0.93288000
0.22733320,0.56080000,0.93296000
0.22732837,0.56088000,0.93296000
0.22732009,0.56096000,0.93296000
0.22723989,0.56104000,0.93296000
0.22718145,0.56112000,0.93296000
0.22710840,0.56120000,0.93296000
0.22704151,0.56120000,0.93304000
0.22688976,0.56128000,0.93312000
0.22689648,0.56128000,0.93304000
0.22684215,0.56136000,0.93312000
0.22674344,0.56144000,0.93312000
0.22664735,0.56152000,0.93312000
0.22658612,0.56160000,0.93312000
0.22630142,0.56168000,0.93312000
0.22609921,0.56176000,0.93320000
0.22612496,0.56176000,0.93312000
0.22607030,0.56184000,0.93320000
0.22602127,0.56192000,0.93320000
0.22601163,0.56200000,0.93320000
0.22595368,0.56208000,0.93320000
0.22593479,0.56216000,0.93320000
0.22591643,0.56224000,0.93320000
0.22585829,0.56232000,0.93328000
0.22587633,0.56232000,0.93320000
0.22584581,0.56240000,0.93328000
0.22581159,0.56248000,0.93328000
0.22567534,0.56256000,0.93328000
0.22560342,0.56264000,0.93328000
0.22558841,0.56272000,0.93328000
0.22557880,0.56280000,0.93328000
0.22550341,0.56280000,0.93336000
0.22548485,0.56288000,0.93336000
0.22539935,0.56288000,0.93344000
0.22535299,0.56288000,0.93352000
0.22532514,0.56296000,0.93352000
0.22530718,0.56296000,0.93360000
0.22528125,0.56304000,0.93360000
0.22524479,0.56312000,0.93360000
0.22517790,0.56312000,0.93368000
0.22517586,0.56320000,0.93368000
0.22515526,0.56320000,0.93376000
0.22514585,0.56328000,0.93376000
0.22501983,0.56336000,0.93384000
0.22505963,0.56336000,0.93376000
0.22498497,0.56344000,0.93384000
0.22490396,0.56344000,0.93392000
0.22483465,0.56344000,0.93400000
0.22478251,0.56352000,0.93400000
0.22474469,0.56360000,0.93400000
0.22467256,0.56368000,0.93408000
0.22467487,0.56368000,0.93400000
0.22456878,0.56376000,0.93408000
0.22456247,0.56376000,0.93416000
0.22441530,0.56384000,0.93424000
0.22442317,0.56384000,0.93416000
0.22441117,0.56392000,0.93424000
0.22425610,0.56400000,0.93424000
0.22419332,0.56408000,0.93424000
0.22407572,0.56408000,0.93432000
0.22397578,0.56416000,0.93432000
0.22381878,0.56416000,0.93448000
0.22383082,0.56416000,0.93440000
0.22371137,0.56424000,0.93448000
0.22367360,0.56432000,0.93456000
0.22370051,0.56432000,0.93448000
0.22366066,0.56440000,0.93456000
0.22357340,0.56448000,0.93456000
0.22353451,0.56456000,0.93464000
0.22356193,0.56456000,0.93456000
0.22348152,0.56464000,0.93464000
0.22329265,0.56472000,0.93464000
0.22323850,0.56480000,0.93464000
0.22322504,0.56480000,0.93472000
0.22307956,0.56488000,0.93496000
0.22320846,0.56488000,0.93472000
0.22309089,0.56488000,0.93488000
0.22317873,0.56488000,0.93480000
0.22306335,0.56496000,0.93496000
0.22306322,0.56504000,0.93496000
0.22296906,0.56512000,0.93496000
0.22287148,0.56520000,0.93504000
0.22296546,0.56520000,0.93496000
0.22279808,0.56528000,0.93504000
0.22279228,0.56536000,0.93504000
0.22277696,0.56544000,0.93504000
0.22275345,0.56552000,0.93504000
0.22272697,0.56560000,0.93504000
0.22266670,0.56568000,0.93504000
0.22260685,0.56576000,0.93512000
0.22264929,0.56576000,0.93504000
0.22255488,0.56584000,0.93512000
0.22253618,0.56584000,0.93520000
0.22247730,0.56584000,0.93528000
0.22241989,0.56592000,0.93528000
0.22234650,0.56600000,0.93528000
0.22225936,0.56600000,0.93536000
0.22224186,0.56608000,0.93536000
0.22223268,0.56616000,0.93536000
0.22220859,0.56624000,0.93536000
0.22217858,0.56632000,0.93536000
0.22214776,0.56640000,0.93536000
0.22214125,0.56648000,0.93536000
0.22211687,0.56656000,0.93536000
0.22187713,0.56664000,0.93544000
0.22193325,0.56664000,0.93536000
0.22178128,0.56672000,0.93544000
0.22169399,0.56680000,0.93544000
0.22163776,0.56688000,0.93552000
0.22166869,0.56688000,0.93544000
0.22148360,0.56688000,0.93560000
0.22146550,0.56688000,0.93568000
0.22132209,0.56704000,0.93568000
0.22123227,0.56712000,0.93568000
0.22109333,0.56720000,0.93568000
0.22102745,0.56728000,0.93568000
0.22102529,0.56736000,0.93568000
0.22096753,0.56744000,0.93568000
0.22093564,0.56752000,0.93568000
0.22090138,0.56760000,0.93568000
0.22076924,0.56760000,0.93576000
0.22074151,0.56768000,0.93576000
0.22065541,0.56776000,0.93576000
0.22058465,0.56784000,0.93576000
0.22037956,0.56784000,0.93592000
0.22049224,0.56784000,0.93584000
0.22037135,0.56792000,0.93592000
0.22021343,0.56800000,0.93592000
0.22018121,0.56808000,0.93592000
0.22015026,0.56816000,0.93592000
0.22014183,0.56824000,0.93592000
0.22012913,0.56824000,0.93600000
0.22007677,0.56832000,0.93600000
0.21981968,0.56832000,0.93616000
0.21986473,0.56832000,0.93608000
0.21980789,0.56840000,0.93616000
0.21975268,0.56848000,0.93616000
0.21965137,0.56856000,0.93616000
0.21963318,0.56864000,0.93616000
0.21959445,0.56872000,0.93616000
0.21953714,0.56872000,0.93632000
0.21955100,0.56872000,0.93624000
0.21932019,0.56880000,0.93632000
0.21929695,0.56888000,0.93632000
0.21916693,0.56896000,0.93632000
0.21913897,0.56896000,0.93640000
0.21911378,0.56904000,0.93640000
0.21903142,0.56912000,0.93640000
0.21903098,0.56920000,0.93640000
0.21893592,0.56920000,0.93648000
0.21879524,0.56928000,0.93648000
0.21876411,0.56936000,0.93648000
0.21874385,0.56944000,0.93648000
0.21872172,0.56952000,0.93648000
0.21863154,0.56960000,0.93656000
0.21868113,0.56960000,0.93648000
0.21859765,0.56968000,0.93656000
0.21859449,0.56968000,0.93664000
0.21857345,0.56976000,0.93664000
0.21854986,0.56984000,0.93664000
0.21850774,0.56992000,0.93664000
0.21847536,0.57000000,0.93664000
0.21841481,0.57000000,0.93672000
0.21838859,0.57008000,0.93672000
0.21829434,0.57016000,0.93672000
0.21827719,0.57016000,0.93680000
0.21825999,0.57024000,0.93680000
0.21822429,0.57032000,0.93680000
0.21821383,0.57040000,0.93680000
0.21816131,0.57040000,0.93688000
0.21812367,0.57048000,0.93688000
0.21810649,0.57056000,0.93688000
0.21793126,0.57064000,0.93704000
0.21805815,0.57064000,0.93688000
0.21789475,0.57064000,0.93712000
0.21798186,0.57064000,0.93696000
0.21783006,0.57072000,0.93712000
0.21778618,0.57080000,0.93712000
0.21777983,0.57088000,0.93712000
0.21766372,0.57096000,0.93720000
0.21753998,0.57096000,0.93728000
0.21774662,0.57096000,0.93712000
0.21752305,0.57104000,0.93728000
0.21751034,0.57112000,0.93728000
0.21747263,0.57120000,0.93736000
0.21750772,0.57120000,0.93728000
0.21746518,0.57128000,0.93736000
0.21739665,0.57136000,0.93744000
0.21744451,0.57136000,0.93736000
0.21739291,0.57144000,0.93744000
0.21730357,0.57144000,0.93752000
0.21730267,0.57152000,0.93752000
0.21728218,0.57160000,0.93752000
0.21721505,0.57168000,0.93752000
0.21702081,0.57176000,0.93760000
0.21711072,0.57176000,0.93752000
0.21689720,0.57184000,0.93768000
0.21699245,0.57184000,0.93760000
0.21688180,0.57192000,0.93768000
0.21687678,0.57200000,0.93768000
0.21675815,0.57208000,0.93776000
0.21677361,0.57208000,0.93768000
0.21670184,0.57216000,0.93776000
0.21667372,0.57224000,0.93776000
0.21645102,0.57232000,0.93784000
0.21659687,0.57232000,0.93776000
0.21641462,0.57240000,0.93784000
0.21635534,0.57256000,0.93784000
0.21627188,0.57264000,0.93784000
0.21626802,0.57272000,0.93784000
0.21624172,0.57272000,0.93792000
0.21620904,0.57280000,0.93792000
0.21612875,0.57288000,0.93800000
0.21606982,0.57288000,0.93808000
0.21620725,0.57288000,0.93792000
0.21601816,0.57296000,0.93808000
0.21589124,0.57304000,0.93808000
0.21588811,0.57304000,0.93816000
0.21571754,0.57312000,0.93816000
0.21571101,0.57320000,0.93816000
0.21567796,0.57328000,0.93816000
0.21558763,0.57336000,0.93816000
0.21556488,0.57344000,0.93816000
0.21546595,0.57344000,0.93832000
0.21548395,0.57344000,0.93824000
0.21545757,0.57352000,0.93832000
0.21543898,0.57360000,0.93832000
0.21543042,0.57368000,0.93832000
0.21538863,0.57368000,0.93840000
0.21535012,0.57376000,0.93840000
0.21530499,0.57376000,0.93848000
0.21518278,0.57384000,0.93856000
0.21528642,0.57384000,0.93848000
0.21516728,0.57392000,0.93856000
0.21515244,0.57400000,0.93856000
0.21506181,0.57408000,0.93856000
0.21499954,0.57416000,0.93864000
0.21506096,0.57416000,0.93856000
0.21498619,0.57424000,0.93864000
0.21496515,0.57432000,0.93864000
0.21487966,0.57432000,0.93888000
0.21494702,0.57432000,0.93872000
0.21494569,0.57432000,0.93880000
0.21484558,0.57440000,0.93888000
0.21467540,0.57440000,0.93896000
0.21450971,0.57448000,0.93904000
0.21463709,0.57448000,0.93896000
0.21449968,0.57456000,0.93904000
0.21447223,0.57464000,0.93904000
0.21436907,0.57472000,0.93904000
0.21436808,0.57480000,0.93904000
0.21434924,0.57488000,0.93904000
0.21430716,0.57496000,0.93904000
0.21430689,0.57504000,0.93904000
0.21426670,0.57512000,0.93904000
0.21392909,0.57528000,0.93928000
0.21419409,0.57528000,0.93904000
0.21407183,0.57528000,0.93912000
0.21394782,0.57528000,0.93920000
0.21391822,0.57536000,0.93928000
0.21391062,0.57544000,0.93928000
0.21389955,0.57544000,0.93936000
0.21385629,0.57552000,0.93936000
0.21380386,0.57560000,0.93936000
0.21356614,0.57568000,0.93936000
0.21355167,0.57568000,0.93944000
0.21354526,0.57576000,0.93944000
0.21350309,0.57584000,0.93944000
0.21350117,0.57592000,0.93944000
0.21346129,0.57600000,0.93952000
0.21337928,0.57600000,0.93960000
0.21348803,0.57600000,0.93944000
0.21315700,0.57608000,0.93968000
0.21328877,0.57608000,0.93960000
0.21302618,0.57616000,0.93976000
0.21311766,0.57616000,0.93968000
0.21299446,0.57624000,0.93976000
0.21294096,0.57632000,0.93976000
0.21256329,0.57640000,0.94000000
0.21254139,0.57640000,0.94008000
0.21271925,0.57640000,0.93992000
0.21287806,0.57640000,0.93976000
0.21249674,0.57640000,0.94016000
0.21249376,0.57640000,0.94024000
0.21278295,0.57640000,0.93984000
0.21247827,0.57648000,0.94024000
0.21245675,0.57656000,0.94024000
0.21234354,0.57664000,0.94024000
0.21226321,0.57664000,0.94040000
0.21233013,0.57664000,0.94032000
0.21217199,0.57672000,0.94040000
0.21205963,0.57680000,0.94040000
0.21199571,0.57688000,0.94040000
0.21198843,0.57696000,0.94040000
0.21198501,0.57704000,0.94040000
0.21190400,0.57704000,0.94056000
0.21185412,0.57704000,0.94064000
0.21191461,0.57704000,0.94048000
0.21185263,0.57712000,0.94064000
0.21184762,0.57712000,0.94072000
0.21183276,0.57720000,0.94072000
0.21183105,0.57728000,0.94072000
0.21174708,0.57736000,0.94072000
0.21169506,0.57744000,0.94072000
0.21167991,0.57752000,0.94072000
0.21167295,0.57760000,0.94072000
0.21166654,0.57768000,0.94072000
0.21166646,0.57776000,0.94072000
0.21164437,0.57784000,0.94072000
0.21158284,0.57800000,0.94080000
0.21159877,0.57800000,0.94072000
0.21154004,0.57808000,0.94080000
0.21150379,0.57816000,0.94080000
0.21144441,0.57824000,0.94080000
0.21140125,0.57832000,0.94080000
0.21103486,0.57840000,0.94080000
0.21096398,0.57848000,0.94080000
0.21086486,0.57856000,0.94088000
0.21091442,0.57856000,0.94080000
0.21085212,0.57864000,0.94104000
0.21086292,0.57864000,0.94088000
0.21085954,0.57864000,0.94096000
0.21061955,0.57872000,0.94104000
0.21059676,0.57880000,0.94104000
0.21042441,0.57888000,0.94104000
0.21040131,0.57896000,0.94104000
0.21034603,0.57904000,0.94104000
0.21027394,0.57912000,0.94104000
0.21023741,0.57936000,0.94104000
0.21023205,0.57936000,0.94112000
0.21004185,0.57944000,0.94112000
0.20995076,0.57952000,0.94112000
0.20990983,0.57960000,0.94112000
0.20971824,0.57968000,0.94112000
0.20949230,0.57968000,0.94128000
0.20951246,0.57968000,0.94120000
0.20947656,0.57976000,0.94136000
0.20949104,0.57976000,0.94128000
0.20944297,0.57984000,0.94136000
0.20924369,0.57992000,0.94176000
0.20936038,0.57992000,0.94152000
0.20942314,0.57992000,0.94136000
0.20937467,0.57992000,0.94144000
0.20924419,0.57992000,0.94168000
0.20931177,0.57992000,0.94160000
0.20921519,0.58000000,0.94176000
0.20914465,0.58008000,0.94176000
0.20909619,0.58016000,0.94184000
0.20911700,0.58016000,0.94176000
0.20909098,0.58024000,0.94184000
0.20907481,0.58032000,0.94184000
0.20885803,0.58040000,0.94184000
0.20878237,0.58048000,0.94184000
0.20877674,0.58056000,0.94184000
0.20856260,0.58064000,0.94184000
0.20856160,0.58072000,0.94184000
0.20846930,0.58080000,0.94184000
0.20846230,0.58088000,0.94184000
0.20839025,0.58096000,0.94184000
0.20834111,0.58104000,0.94184000
0.20822667,0.58112000,0.94184000
0.20822576,0.58120000,0.94184000
0.20814231,0.58128000,0.94184000
0.20811979,0.58136000,0.94184000
0.20801422,0.58144000,0.94184000
0.20798448,0.58152000,0.94192000
0.20800503,0.58152000,0.94184000
0.20796661,0.58152000,0.94200000
0.20794365,0.58152000,0.94208000
0.20780925,0.58160000,0.94208000
0.20775951,0.58168000,0.94208000
0.20774595,0.58176000,0.94208000
0.20765004,0.58184000,0.94208000
0.20761879,0.58192000,0.94208000
0.20755793,0.58200000,0.94208000
0.20752308,0.58208000,0.94208000
0.20750761,0.58216000,0.94208000
0.20748183,0.58216000,0.94216000
0.20746684,0.58224000,0.94216000
0.20743772,0.58232000,0.94216000
0.20736395,0.58240000,0.94216000
0.20735845,0.58248000,0.94216000
0.20733570,0.58256000,0.94216000
0.20729098,0.58264000,0.94216000
0.20724644,0.58272000,0.94216000
0.20712796,0.58280000,0.94224000
0.20724374,0.58280000,0.94216000
0.20712651,0.58280000,0.94232000
0.20703997,0.58288000,0.94232000
0.20696513,0.58296000,0.94232000
0.20674257,0.58304000,0.94240000
0.20686179,0.58304000,0.94232000
0.20663233,0.58312000,0.94240000
0.20641634,0.58320000,0.94240000
0.20632893,0.58328000,0.94240000
0.20625831,0.58336000,0.94240000
0.20620729,0.58344000,0.94248000
0.20622432,0.58344000,0.94240000
0.20616592,0.58352000,0.94256000
0.20617828,0.58352000,0.94248000
0.20610873,0.58360000,0.94256000
0.20605719,0.58376000,0.94264000
0.20610766,0.58376000,0.94256000
0.20585096,0.58384000,0.94264000
0.20583168,0.58384000,0.94272000
0.20569146,0.58392000,0.94272000
0.20567286,0.58400000,0.94272000
0.20555380,0.58408000,0.94280000
0.20566343,0.58408000,0.94272000
0.20552087,0.58416000,0.94280000
0.20546640,0.58416000,0.94288000
0.20529905,0.58424000,0.94296000
0.20525481,0.58424000,0.94304000
0.20520133,0.58424000,0.94312000
0.20538688,0.58424000,0.94288000
0.20519656,0.58432000,0.94312000
0.20510517,0.58432000,0.94320000
0.20488359,0.58432000,0.94336000
0.20492566,0.58432000,0.94328000
0.20487863,0.58440000,0.94336000
0.20487858,0.58448000,0.94336000
0.20483561,0.58456000,0.94336000
0.20469941,0.58464000,0.94336000
0.20461774,0.58472000,0.94336000
0.20439659,0.58480000,0.94336000
0.20437214,0.58488000,0.94336000
0.20435871,0.58496000,0.94336000
0.20432968,0.58504000,0.94336000
0.20429175,0.58512000,0.94336000
0.20428452,0.58512000,0.94344000
0.20425673,0.58520000,0.94352000
0.20427637,0.58520000,0.94344000
0.20421241,0.58528000,0.94352000
0.20420788,0.58536000,0.94352000
0.20419244,0.58544000,0.94352000
0.20418234,0.58544000,0.94360000
0.20412199,0.58552000,0.94360000
0.20411077,0.58560000,0.94360000
0.20404716,0.58560000,0.94368000
0.20399645,0.58568000,0.94368000
0.20387429,0.58576000,0.94368000
0.20386130,0.58584000,0.94368000
0.20374241,0.58584000,0.94376000
0.20367751,0.58592000,0.94376000
0.20364487,0.58600000,0.94376000
0.20359711,0.58608000,0.94376000
0.20358123,0.58616000,0.94376000
0.20348774,0.58624000,0.94384000
0.20355055,0.58624000,0.94376000
0.20345289,0.58624000,0.94392000
0.20343886,0.58632000,0.94392000
0.20337874,0.58632000,0.94408000
0.20341757,0.58632000,0.94400000
0.20333654,0.58640000,0.94408000
0.20329961,0.58640000,0.94416000
0.20322002,0.58648000,0.94424000
0.20329642,0.58648000,0.94416000
0.20321421,0.58656000,0.94424000
0.20315585,0.58664000,0.94424000
0.20295359,0.58672000,0.94432000
0.20297939,0.58672000,0.94424000
0.20288923,0.58680000,0.94432000
0.20283425,0.58688000,0.94432000
0.20278181,0.58696000,0.94432000
0.20249042,0.58704000,0.94456000
0.20265906,0.58704000,0.94448000
0.20267823,0.58704000,0.94440000
0.20277852,0.58704000,0.94432000
0.20238568,0.58704000,0.94464000
0.20217481,0.58712000,0.94464000
0.20204502,0.58720000,0.94480000
0.20206584,0.58720000,0.94472000
0.20208243,0.58720000,0.94464000
0.20190117,0.58728000,0.94488000
0.20196460,0.58728000,0.94480000
0.20187300,0.58728000,0.94496000
0.20173758,0.58736000,0.94496000
0.20162159,0.58744000,0.94496000
0.20151451,0.58752000,0.94504000
0.20151319,0.58752000,0.94512000
0.20152535,0.58752000,0.94496000
0.20142175,0.58760000,0.94512000
0.20136888,0.58768000,0.94512000
0.20128135,0.58776000,0.94512000
0.20126782,0.58784000,0.94512000
0.20112850,0.58792000,0.94512000
0.20106730,0.58800000,0.94512000
0.20106244,0.58808000,0.94512000
0.20104632,0.58816000,0.94512000
0.20094912,0.58824000,0.94512000
0.20071322,0.58832000,0.94528000
0.20062193,0.58832000,0.94536000
0.20089464,0.58832000,0.94512000
0.20075659,0.58832000,0.94520000
0.20060965,0.58840000,0.94536000
0.20046903,0.58848000,0.94552000
0.20060512,0.58848000,0.94536000
0.20051275,0.58848000,0.94544000
0.20045176,0.58856000,0.94552000
0.20028141,0.58864000,0.94560000
0.20040226,0.58864000,0.94552000
0.20022099,0.58872000,0.94560000
0.20021217,0.58880000,0.94560000
0.20017743,0.58888000,0.94560000
0.20017163,0.58888000,0.94568000
0.20010626,0.58896000,0.94568000
0.20007694,0.58904000,0.94568000
0.19998163,0.58912000,0.94568000
0.19992049,0.58920000,0.94568000
0.19987446,0.58928000,0.94568000
0.19985315,0.58936000,0.94568000
0.19983335,0.58952000,0.94568000
0.19979657,0.58952000,0.94576000
0.19976757,0.58960000,0.94576000
0.19973302,0.58968000,0.94576000
0.19958979,0.58976000,0.94576000
0.19956246,0.58984000,0.94576000
0.19954121,0.58992000,0.94576000
0.19952276,0.59000000,0.94584000
0.19953533,0.59000000,0.94576000
0.19946003,0.59008000,0.94584000
0.19945526,0.59016000,0.94584000
0.19942228,0.59024000,0.94584000
0.19940294,0.59032000,0.94584000
0.19932644,0.59032000,0.94592000
0.19909233,0.59040000,0.94592000
0.19907977,0.59040000,0.94600000
0.19905442,0.59048000,0.94600000
0.19898923,0.59056000,0.94600000
0.19879498,0.59064000,0.94600000
0.19878387,0.59072000,0.94600000
0.19873959,0.59080000,0.94600000
0.19869225,0.59088000,0.94600000
0.19858924,0.59096000,0.94600000
0.19855943,0.59104000,0.94600000
0.19849330,0.59112000,0.94600000
0.19839643,0.59112000,0.94616000
0.19847918,0.59112000,0.94608000
0.19816300,0.59120000,0.94624000
0.19821364,0.59120000,0.94616000
0.19805846,0.59128000,0.94624000
0.19787064,0.59136000,0.94624000
0.19770905,0.59144000,0.94624000
0.19767743,0.59152000,0.94624000
0.19765748,0.59152000,0.94632000
0.19765703,0.59160000,0.94632000
0.19759841,0.59168000,0.94656000
0.19762926,0.59168000,0.94632000
0.19761980,0.59168000,0.94648000
0.19762424,0.59168000,0.94640000
0.19742721,0.59176000,0.94656000
0.19721919,0.59184000,0.94664000
0.19738188,0.59184000,0.94656000
0.19721612,0.59192000,0.94664000
0.19720025,0.59192000,0.94672000
0.19711749,0.59200000,0.94680000
0.19718887,0.59200000,0.94672000
0.19709423,0.59208000,0.94680000
0.19688359,0.59216000,0.94680000
0.19686998,0.59216000,0.94688000
0.19677256,0.59224000,0.94688000
0.19668807,0.59232000,0.94688000
0.19666988,0.59240000,0.94688000
0.19659275,0.59248000,0.94696000
0.19661252,0.59248000,0.94688000
0.19659033,0.59256000,0.94696000
0.19644767,0.59264000,0.94712000
0.19657511,0.59264000,0.94696000
0.19651008,0.59264000,0.94704000
0.19637319,0.59272000,0.94720000
0.19639058,0.59272000,0.94712000
0.19636559,0.59280000,0.94720000
0.19629955,0.59288000,0.94720000
0.19624507,0.59296000,0.94720000
0.19616750,0.59304000,0.94720000
0.19611770,0.59304000,0.94728000
0.19610684,0.59320000,0.94728000
0.19604121,0.59328000,0.94728000
0.19597609,0.59336000,0.94728000
0.19592430,0.59344000,0.94728000
0.19581570,0.59352000,0.94728000
0.19578151,0.59360000,0.94728000
0.19562601,0.59368000,0.94744000
0.19569609,0.59368000,0.94736000
0.19575772,0.59368000,0.94728000
0.19560124,0.59376000,0.94744000
0.19558755,0.59384000,0.94744000
0.19557469,0.59384000,0.94752000
0.19551100,0.59392000,0.94752000
0.19547883,0.59400000,0.94760000
0.19548063,0.59400000,0.94752000
0.19541354,0.59400000,0.94768000
0.19534120,0.59408000,0.94768000
0.19533430,0.59416000,0.94768000
0.19532041,0.59424000,0.94768000
0.19529948,0.59432000,0.94768000
0.19529426,0.59440000,0.94768000
0.19527188,0.59448000,0.94768000
0.19520533,0.59456000,0.94768000
0.19513090,0.59456000,0.94776000
0.19506305,0.59464000,0.94776000
0.19502559,0.59464000,0.94784000
0.19496968,0.59472000,0.94784000
0.19491367,0.59480000,0.94784000
0.19489180,0.59480000,0.94792000
0.19488485,0.59488000,0.94792000
0.19483645,0.59504000,0.94792000
0.19482639,0.59512000,0.94792000
0.19474205,0.59520000,0.94800000
0.19476262,0.59520000,0.94792000
0.19471207,0.59528000,0.94800000
0.19464919,0.59536000,0.94800000
0.19438455,0.59544000,0.94808000
0.19446428,0.59544000,0.94800000
0.19436292,0.59552000,0.94808000
0.19429539,0.59560000,0.94816000
0.19430022,0.59560000,0.94808000
0.19425677,0.59568000,0.94816000
0.19418702,0.59576000,0.94816000
0.19398831,0.59584000,0.94816000
0.19395313,0.59584000,0.94824000
0.19378318,0.59592000,0.94840000
0.19391002,0.59592000,0.94824000
0.19381855,0.59592000,0.94832000
0.19362958,0.59600000,0.94848000
0.19376263,0.59600000,0.94840000
0.19354135,0.59608000,0.94848000
0.19345941,0.59616000,0.94848000
0.19343197,0.59624000,0.94848000
0.19328509,0.59624000,0.94872000
0.19334091,0.59624000,0.94856000
0.19331467,0.59624000,0.94864000
0.19327596,0.59624000,0.94880000
0.19315091,0.59632000,0.94880000
0.19313136,0.59640000,0.94880000
0.19301915,0.59648000,0.94880000
0.19300365,0.59656000,0.94880000
0.19298819,0.59664000,0.94880000
0.19297889,0.59672000,0.94880000
0.19293736,0.59680000,0.94880000
0.19289090,0.59688000,0.94880000
0.19284950,0.59696000,0.94880000
0.19278695,0.59696000,0.94888000
0.19276445,0.59704000,0.94888000
0.19274077,0.59712000,0.94888000
0.19272460,0.59720000,0.94888000
0.19269906,0.59728000,0.94888000
0.19269021,0.59736000,0.94888000
0.19263601,0.59744000,0.94888000
0.19262061,0.59752000,0.94888000
0.19261134,0.59760000,0.94888000
0.19259596,0.59768000,0.94888000
0.19258934,0.59776000,0.94888000
0.19253188,0.59784000,0.94888000
0.19243933,0.59792000,0.94888000
0.19231540,0.59800000,0.94888000
0.19230278,0.59808000,0.94888000
0.19226332,0.59816000,0.94888000
0.19218016,0.59816000,0.94896000
0.19207744,0.59824000,0.94896000
0.19205892,0.59832000,0.94896000
0.19192383,0.59840000,0.94904000
0.19196251,0.59840000,0.94896000
0.19191894,0.59848000,0.94904000
0.19189991,0.59856000,0.94904000
0.19177569,0.59856000,0.94912000
0.19161478,0.59864000,0.94920000
0.19176729,0.59864000,0.94912000
0.19154671,0.59872000,0.94920000
0.19138829,0.59880000,0.94920000
0.19137572,0.59888000,0.94920000
0.19130354,0.59896000,0.94920000
0.19121499,0.59904000,0.94920000
0.19111665,0.59904000,0.94928000
0.19102956,0.59912000,0.94928000
0.19079939,0.59920000,0.94944000
0.19097854,0.59920000,0.94928000
0.19095054,0.59920000,0.94936000
0.19077332,0.59928000,0.94944000
0.19063899,0.59936000,0.94944000
0.19054222,0.59944000,0.94944000
0.19052982,0.59952000,0.94944000
0.19051658,0.59960000,0.94944000
0.19045824,0.59960000,0.94952000
0.19030824,0.59968000,0.94952000
0.19029668,0.59976000,0.94952000
0.19027983,0.59984000,0.94952000
0.19013894,0.59992000,0.94952000
0.19012481,0.60000000,0.94952000
0.18992546,0.60008000,0.94952000
0.18988727,0.60016000,0.94952000
0.18984726,0.60024000,0.94952000
0.18971299,0.60032000,0.94952000
0.18967018,0.60040000,0.94952000
0.18961824,0.60048000,0.94952000
0.18957624,0.60056000,0.94960000
0.18961680,0.60056000,0.94952000
0.18952575,0.60064000,0.94960000
0.18942448,0.60072000,0.94960000
0.18937775,0.60080000,0.94960000
0.18933623,0.60088000,0.94960000
0.18926577,0.60096000,0.94960000
0.18921588,0.60104000,0.94968000
0.18925944,0.60104000,0.94960000
0.18920505,0.60112000,0.94968000
0.18907571,0.60120000,0.94968000
0.18894552,0.60128000,0.94968000
0.18892984,0.60136000,0.94968000
0.18892089,0.60144000,0.94968000
0.18889163,0.60152000,0.94968000
0.18876748,0.60160000,0.94968000
0.18872100,0.60168000,0.94968000
0.18865070,0.60176000,0.94968000
0.18863583,0.60184000,0.94968000
0.18859856,0.60192000,0.94976000
0.18860285,0.60192000,0.94968000
0.18858701,0.60200000,0.94976000
0.18845694,0.60200000,0.94984000
0.18830726,0.60208000,0.94992000
0.18836242,0.60208000,0.94984000
0.18826184,0.60216000,0.94992000
0.18821830,0.60224000,0.94992000
0.18801652,0.60232000,0.95008000
0.18804365,0.60232000,0.95000000
0.18806468,0.60232000,0.94992000
0.18785283,0.60240000,0.95008000
0.18783019,0.60248000,0.95008000
0.18779078,0.60256000,0.95008000
0.18773496,0.60256000,0.95016000
0.18763162,0.60264000,0.95016000
0.18743441,0.60272000,0.95024000
0.18752709,0.60272000,0.95016000
0.18738820,0.60280000,0.95024000
0.18727756,0.60280000,0.95032000
0.18727624,0.60288000,0.95032000
0.18722777,0.60296000,0.95032000
0.18718903,0.60296000,0.95040000
0.18706079,0.60304000,0.95040000
0.18697107,0.60312000,0.95040000
0.18696372,0.60320000,0.95040000
0.18691745,0.60320000,0.95048000
0.18691620,0.60328000,0.95048000
0.18688148,0.60336000,0.95048000
0.18650866,0.60344000,0.95056000
0.18662989,0.60344000,0.95048000
0.18641572,0.60352000,0.95056000
0.18637083,0.60360000,0.95056000
0.18627653,0.60368000,0.95056000
0.18612309,0.60376000,0.95056000
0.18611464,0.60384000,0.95056000
0.18605399,0.60392000,0.95056000
0.18601008,0.60400000,0.95056000
0.18596227,0.60408000,0.95056000
0.18581405,0.60416000,0.95056000
0.18578574,0.60424000,0.95056000
0.18578205,0.60432000,0.95056000
0.18569247,0.60440000,0.95056000
0.18567733,0.60448000,0.95056000
0.18562724,0.60456000,0.95072000
0.18565316,0.60456000,0.95064000
0.18566342,0.60456000,0.95056000
0.18551141,0.60464000,0.95072000
0.18550405,0.60472000,0.95072000
0.18548197,0.60480000,0.95072000
0.18533683,0.60488000,0.95072000
0.18527152,0.60496000,0.95072000
0.18518537,0.60504000,0.95072000
0.18506835,0.60512000,0.95072000
0.18481940,0.60512000,0.95080000
0.18468115,0.60520000,0.95080000
0.18455848,0.60528000,0.95080000
0.18454204,0.60536000,0.95080000
0.18451193,0.60544000,0.95080000
0.18428364,0.60552000,0.95096000
0.18429747,0.60552000,0.95080000
0.18420282,0.60560000,0.95096000
0.18407384,0.60560000,0.95104000
0.18407355,0.60568000,0.95104000
0.18395416,0.60576000,0.95104000
0.18383956,0.60576000,0.95112000
0.18381381,0.60584000,0.95112000
0.18361561,0.60592000,0.95112000
0.18356763,0.60600000,0.95112000
0.18353215,0.60600000,0.95120000
0.18352787,0.60608000,0.95120000
0.18352039,0.60616000,0.95120000
0.18350828,0.60624000,0.95120000
0.18350253,0.60632000,0.95120000
0.18348721,0.60632000,0.95128000
0.18343160,0.60640000,0.95128000
0.18340339,0.60648000,0.95128000
0.18340011,0.60664000,0.95128000
0.18338962,0.60672000,0.95128000
0.18333742,0.60680000,0.95128000
0.18332157,0.60688000,0.95136000
0.18332596,0.60688000,0.95128000
0.18323874,0.60696000,0.95144000
0.18331811,0.60696000,0.95136000
0.18322134,0.60704000,0.95144000
0.18320745,0.60712000,0.95144000
0.18320167,0.60720000,0.95144000
0.18308927,0.60720000,0.95152000
0.18304117,0.60728000,0.95152000
0.18301143,0.60736000,0.95152000
0.18297586,0.60744000,0.95152000
0.18268755,0.60752000,0.95152000
0.18266769,0.60760000,0.95152000
0.18253626,0.60768000,0.95152000
0.18245085,0.60776000,0.95152000
0.18244806,0.60784000,0.95152000
0.18236731,0.60792000,0.95160000
0.18238235,0.60792000,0.95152000
0.18235807,0.60800000,0.95160000
0.18227872,0.60808000,0.95160000
0.18226731,0.60816000,0.95160000
0.18224567,0.60824000,0.95160000
0.18219832,0.60832000,0.95160000
0.18219231,0.60840000,0.95160000
0.18218391,0.60848000,0.95160000
0.18211500,0.60856000,0.95160000
0.18210986,0.60864000,0.95160000
0.18209587,0.60872000,0.95160000
0.18207321,0.60880000,0.95160000
0.18201976,0.60888000,0.95160000
0.18201643,0.60896000,0.95160000
0.18201469,0.60904000,0.95160000
0.18197386,0.60912000,0.95160000
0.18197231,0.60920000,0.95160000
0.18192299,0.60928000,0.95160000
0.18190819,0.60936000,0.95160000
0.18182731,0.60944000,0.95160000
0.18175219,0.60952000,0.95160000
0.18167087,0.60960000,0.95160000
0.18155928,0.60960000,0.95168000
0.18147784,0.60968000,0.95168000
0.18139376,0.60968000,0.95176000
0.18132348,0.60976000,0.95184000
0.18136048,0.60976000,0.95176000
0.18131076,0.60984000,0.95184000
0.18130200,0.60984000,0.95192000
0.18127224,0.60992000,0.95192000
0.18126340,0.61000000,0.95192000
0.18121293,0.61008000,0.95192000
0.18120635,0.61008000,0.95208000
0.18121129,0.61008000,0.95200000
0.18117654,0.61016000,0.95208000
0.18117574,0.61024000,0.95208000
0.18094790,0.61032000,0.95216000
0.18102370,0.61032000,0.95208000
0.18090281,0.61040000,0.95216000
0.18089971,0.61048000,0.95216000
0.18081598,0.61056000,0.95216000
0.18072735,0.61064000,0.95216000
0.18071631,0.61072000,0.95216000
0.18071547,0.61080000,0.95216000
0.18068716,0.61088000,0.95224000
0.18071300,0.61088000,0.95216000
0.18053219,0.61096000,0.95224000
0.18044738,0.61104000,0.95224000
0.18030658,0.61112000,0.95224000
0.18029752,0.61120000,0.95224000
0.18023734,0.61128000,0.95224000
0.18023525,0.61136000,0.95224000
0.18020363,0.61144000,0.95224000
0.18014675,0.61152000,0.95224000
0.18014029,0.61152000,0.95232000
0.18011673,0.61152000,0.95240000
0.18005839,0.61160000,0.95240000
0.18005778,0.61168000,0.95240000
0.18001714,0.61176000,0.95240000
0.17987315,0.61184000,0.95240000
0.17981611,0.61192000,0.95240000
0.17979701,0.61200000,0.95240000
0.17977443,0.61208000,0.95240000
0.17976166,0.61216000,0.95240000
0.17958333,0.61224000,0.95240000
0.17957786,0.61232000,0.95240000
0.17954192,0.61240000,0.95240000
0.17942829,0.61248000,0.95240000
0.17937420,0.61256000,0.95240000
0.17931610,0.61264000,0.95248000
0.17936487,0.61264000,0.95240000
0.17929782,0.61272000,0.95248000
0.17929105,0.61280000,0.95248000
0.17909864,0.61280000,0.95256000
0.17898262,0.61288000,0.95264000
0.17907082,0.61288000,0.95256000
0.17895743,0.61296000,0.95264000
0.17889106,0.61304000,0.95264000
0.17886828,0.61312000,0.95264000
0.17883171,0.61320000,0.95280000
0.17883591,0.61320000,0.95272000
0.17883669,0.61320000,0.95264000
0.17872778,0.61328000,0.95280000
0.17870851,0.61336000,0.95280000
0.17869766,0.61352000,0.95280000
0.17867482,0.61360000,0.95280000
0.17862348,0.61368000,0.95280000
0.17860982,0.61376000,0.95280000
0.17846617,0.61384000,0.95280000
0.17845827,0.61392000,0.95280000
0.17835629,0.61400000,0.95288000
0.17839627,0.61400000,0.95280000
0.17830172,0.61408000,0.95288000
0.17821617,0.61416000,0.95288000
0.17814721,0.61424000,0.95288000
0.17814630,0.61432000,0.95288000
0.17801568,0.61440000,0.95288000
0.17801386,0.61448000,0.95288000
0.17801099,0.61456000,0.95288000
0.17793046,0.61464000,0.95288000
0.17786103,0.61464000,0.95296000
0.17782049,0.61472000,0.95304000
0.17782374,0.61472000,0.95296000
0.17763825,0.61480000,0.95304000
0.17756563,0.61488000,0.95304000
0.17746848,0.61488000,0.95312000
0.17740011,0.61496000,0.95312000
0.17730765,0.61504000,0.95312000
0.17722312,0.61512000,0.95312000
0.17720318,0.61512000,0.95320000
0.17708178,0.61520000,0.95320000
0.17705664,0.61528000,0.95320000
0.17692906,0.61536000,0.95328000
0.17683075,0.61536000,0.95336000
0.17698917,0.61536000,0.95320000
0.17682526,0.61544000,0.95336000
0.17677192,0.61544000,0.95344000
0.17667164,0.61552000,0.95352000
0.17674239,0.61552000,0.95344000
0.17665181,0.61560000,0.95352000
0.17661108,0.61568000,0.95352000
0.17660151,0.61576000,0.95352000
0.17647405,0.61584000,0.95352000
0.17641643,0.61592000,0.95352000
0.17640775,0.61600000,0.95352000
0.17637338,0.61608000,0.95352000
0.17636628,0.61608000,0.95360000
0.17635591,0.61616000,0.95360000
0.17632413,0.61624000,0.95360000
0.17627776,0.61632000,0.95360000
0.17623366,0.61632000,0.95368000
0.17620213,0.61640000,0.95368000
0.17615446,0.61648000,0.95368000
0.17599005,0.61656000,0.95376000
0.17605266,0.61656000,0.95368000
0.17586358,0.61664000,0.95384000
0.17587943,0.61664000,0.95376000
0.17580597,0.61672000,0.95384000
0.17578241,0.61680000,0.95384000
0.17575315,0.61688000,0.95384000
0.17570136,0.61696000,0.95384000
0.17568728,0.61704000,0.95384000
0.17567055,0.61712000,0.95384000
0.17560436,0.61712000,0.95392000
0.17556781,0.61720000,0.95392000
0.17539315,0.61728000,0.95400000
0.17550156,0.61728000,0.95392000
0.17538868,0.61736000,0.95400000
0.17538500,0.61744000,0.95400000
0.17537068,0.61752000,0.95400000
0.17534529,0.61752000,0.95408000
0.17518525,0.61760000,0.95416000
0.17522763,0.61760000,0.95408000
0.17517664,0.61768000,0.95416000
0.17509389,0.61776000,0.95416000
0.17506160,0.61784000,0.95416000
0.17502066,0.61792000,0.95416000
0.17498335,0.61800000,0.95416000
0.17490654,0.61808000,0.95416000
0.17488898,0.61816000,0.95416000
0.17488524,0.61824000,0.95416000
0.17480862,0.61832000,0.95416000
0.17477602,0.61840000,0.95416000
0.17474444,0.61840000,0.95424000
0.17443749,0.61848000,0.95424000
0.17421341,0.61848000,0.95432000
0.17419453,0.61856000,0.95432000
0.17413211,0.61856000,0.95440000
0.17409703,0.61864000,0.95440000
0.17403302,0.61872000,0.95440000
0.17401582,0.61880000,0.95440000
0.17399444,0.61888000,0.95440000
0.17393598,0.61896000,0.95440000
0.17392074,0.61904000,0.95440000
0.17383924,0.61912000,0.95440000
0.17377093,0.61920000,0.95440000
0.17376976,0.61928000,0.95440000
0.17367537,0.61936000,0.95448000
0.17373651,0.61936000,0.95440000
0.17363936,0.61944000,0.95448000
0.17363046,0.61952000,0.95448000
0.17349240,0.61952000,0.95464000
0.17354973,0.61952000,0.95456000
0.17335938,0.61960000,0.95472000
0.17340693,0.61960000,0.95464000
0.17326340,0.61968000,0.95472000
0.17301272,0.61976000,0.95480000
0.17303826,0.61976000,0.95472000
0.17299816,0.61984000,0.95480000
0.17285633,0.61992000,0.95480000
0.17275554,0.61992000,0.95488000
0.17270596,0.62000000,0.95488000
0.17270574,0.62008000,0.95488000
0.17240210,0.62016000,0.95488000
0.17232895,0.62024000,0.95488000
0.17211437,0.62032000,0.95488000
0.17205723,0.62040000,0.95488000
0.17204823,0.62048000,0.95488000
0.17199746,0.62056000,0.95488000
0.17197667,0.62064000,0.95488000
0.17188962,0.62072000,0.95488000
0.17185611,0.62080000,0.95496000
0.17186247,0.62080000,0.95488000
0.17182097,0.62080000,0.95504000
0.17171423,0.62088000,0.95504000
0.17168376,0.62096000,0.95504000
0.17159837,0.62104000,0.95512000
0.17162122,0.62104000,0.95504000
0.17158815,0.62112000,0.95512000
0.17154659,0.62120000,0.95512000
0.17153941,0.62128000,0.95512000
0.17153810,0.62136000,0.95512000
0.17145187,0.62144000,0.95512000
0.17129712,0.62144000,0.95520000
0.17126775,0.62152000,0.95520000
0.17121758,0.62160000,0.95520000
0.17114690,0.62160000,0.95528000
0.17106722,0.62168000,0.95528000
0.17101435,0.62176000,0.95528000
0.17093459,0.62184000,0.95528000
0.17091894,0.62192000,0.95528000
0.17075078,0.62200000,0.95536000
0.17069413,0.62200000,0.95560000
0.17066440,0.62200000,0.95568000
0.17072856,0.62200000,0.95544000
0.17069957,0.62200000,0.95552000
0.17083496,0.62200000,0.95528000
0.17061137,0.62216000,0.95568000
0.17052560,0.62224000,0.95568000
0.17051598,0.62232000,0.95568000
0.17051065,0.62240000,0.95568000
0.17044318,0.62248000,0.95568000
0.17035016,0.62256000,0.95568000
0.17017058,0.62264000,0.95568000
0.17015347,0.62272000,0.95568000
0.17011613,0.62272000,0.95576000
0.17011559,0.62280000,0.95576000
0.17010711,0.62288000,0.95576000
0.16999058,0.62296000,0.95584000
0.16997461,0.62296000,0.95592000
0.17001998,0.62296000,0.95576000
0.16992328,0.62304000,0.95592000
0.16989905,0.62312000,0.95592000
0.16989830,0.62320000,0.95592000
0.16983916,0.62328000,0.95592000
0.16973403,0.62336000,0.95592000
0.16972931,0.62344000,0.95592000
0.16972648,0.62352000,0.95592000
0.16971029,0.62360000,0.95592000
0.16963905,0.62368000,0.95592000
0.16952455,0.62376000,0.95608000
0.16957077,0.62376000,0.95600000
0.16958629,0.62376000,0.95592000
0.16952007,0.62376000,0.95616000
0.16941491,0.62384000,0.95616000
0.16934903,0.62392000,0.95616000
0.16933037,0.62392000,0.95624000
0.16929109,0.62400000,0.95632000
0.16931115,0.62400000,0.95624000
0.16922578,0.62408000,0.95632000
0.16916861,0.62416000,0.95640000
0.16921586,0.62416000,0.95632000
0.16916253,0.62424000,0.95640000
0.16882521,0.62432000,0.95656000
0.16907305,0.62432000,0.95640000
0.16879937,0.62432000,0.95664000
0.16896695,0.62432000,0.95648000
0.16872819,0.62440000,0.95664000
0.16871120,0.62448000,0.95664000
0.16866136,0.62456000,0.95664000
0.16859847,0.62464000,0.95664000
0.16844691,0.62472000,0.95664000
0.16839236,0.62480000,0.95664000
0.16837598,0.62488000,0.95664000
0.16836008,0.62496000,0.95664000
0.16824383,0.62504000,0.95664000
0.16805393,0.62504000,0.95672000
0.16802299,0.62512000,0.95672000
0.16802157,0.62520000,0.95672000
0.16799687,0.62528000,0.95672000
0.16794643,0.62536000,0.95672000
0.16793430,0.62544000,0.95672000
0.16789037,0.62552000,0.95672000
0.16781832,0.62552000,0.95680000
0.16780657,0.62560000,0.95680000
0.16771276,0.62568000,0.95704000
0.16774698,0.62568000,0.95696000
0.16779266,0.62568000,0.95680000
0.16779023,0.62568000,0.95688000
0.16771001,0.62576000,0.95704000
0.16767561,0.62584000,0.95704000
0.16764842,0.62592000,0.95704000
0.16749629,0.62600000,0.95704000
0.16737692,0.62608000,0.95704000
0.16718818,0.62616000,0.95704000
0.16712485,0.62624000,0.95704000
0.16710986,0.62632000,0.95704000
0.16710122,0.62640000,0.95704000
0.16704525,0.62648000,0.95704000
0.16702184,0.62656000,0.95704000
0.16695924,0.62656000,0.95720000
0.16699338,0.62656000,0.95712000
0.16687344,0.62664000,0.95720000
0.16673571,0.62672000,0.95720000
0.16662672,0.62680000,0.95728000
0.16663948,0.62680000,0.95720000
0.16646534,0.62688000,0.95728000
0.16646002,0.62696000,0.95728000
0.16634598,0.62704000,0.95728000
0.16628864,0.62712000,0.95736000
0.16633451,0.62712000,0.95728000
0.16622071,0.62720000,0.95736000
0.16620827,0.62728000,0.95736000
0.16618153,0.62736000,0.95744000
0.16620576,0.62736000,0.95736000
0.16615602,0.62744000,0.95752000
0.16616994,0.62744000,0.95744000
0.16602410,0.62752000,0.95752000
0.16602293,0.62760000,0.95752000
0.16594842,0.62768000,0.95752000
0.16590925,0.62776000,0.95752000
0.16588841,0.62784000,0.95752000
0.16561574,0.62792000,0.95752000
0.16550474,0.62800000,0.95752000
0.16540943,0.62808000,0.95752000
0.16530365,0.62816000,0.95768000
0.16530739,0.62816000,0.95760000
0.16531618,0.62816000,0.95752000
0.16516802,0.62824000,0.95768000
0.16502802,0.62832000,0.95776000
0.16514526,0.62832000,0.95768000
0.16498423,0.62840000,0.95776000
0.16497700,0.62848000,0.95776000
0.16478665,0.62856000,0.95776000
0.16478546,0.62856000,0.95784000
0.16475433,0.62864000,0.95784000
0.16473748,0.62872000,0.95784000
0.16465986,0.62880000,0.95784000
0.16461220,0.62888000,0.95784000
0.16456506,0.62896000,0.95784000
0.16454308,0.62904000,0.95784000
0.16442280,0.62912000,0.95784000
0.16433300,0.62920000,0.95784000
0.16427022,0.62928000,0.95784000
0.16426776,0.62936000,0.95784000
0.16423942,0.62944000,0.95784000
0.16418117,0.62952000,0.95784000
0.16393438,0.62960000,0.95784000
0.16389449,0.62968000,0.95784000
0.16372739,0.62976000,0.95784000
0.16323322,0.62984000,0.95800000
0.16351782,0.62984000,0.95784000
0.16337870,0.62984000,0.95792000
0.16322090,0.62992000,0.95800000
0.16312912,0.63000000,0.95808000
0.16311564,0.63000000,0.95816000
0.16316555,0.63000000,0.95800000
0.16304843,0.63008000,0.95816000
0.16295922,0.63016000,0.95816000
0.16288744,0.63024000,0.95816000
0.16279040,0.63024000,0.95824000
0.16268048,0.63032000,0.95824000
0.16266777,0.63040000,0.95824000
0.16263333,0.63040000,0.95832000
0.16252673,0.63048000,0.95832000
0.16249974,0.63048000,0.95840000
0.16249859,0.63056000,0.95840000
0.16244218,0.63064000,0.95840000
0.16234034,0.63072000,0.95840000
0.16229969,0.63080000,0.95840000
0.16227646,0.63088000,0.95840000
0.16227248,0.63096000,0.95840000
0.16223861,0.63096000,0.95848000
0.16218989,0.63104000,0.95848000
0.16216812,0.63112000,0.95848000
0.16215107,0.63120000,0.95848000
0.16212995,0.63120000,0.95856000
0.16204002,0.63128000,0.95856000
0.16199738,0.63136000,0.95856000
0.16184089,0.63144000,0.95856000
0.16182756,0.63152000,0.95856000
0.16171739,0.63160000,0.95856000
0.16170818,0.63160000,0.95864000
0.16169223,0.63168000,0.95864000
0.16163093,0.63176000,0.95864000
0.16157478,0.63184000,0.95864000
0.16156408,0.63192000,0.95864000
0.16146822,0.63200000,0.95864000
0.16137154,0.63208000,0.95872000
0.16145600,0.63208000,0.95864000
0.16124196,0.63216000,0.95880000
0.16135719,0.63216000,0.95872000
0.16120967,0.63224000,0.95880000
0.16114357,0.63232000,0.95880000
0.16095282,0.63240000,0.95880000
0.16082308,0.63248000,0.95880000
0.16081749,0.63256000,0.95880000
0.16079481,0.63264000,0.95880000
0.16074231,0.63272000,0.95880000
0.16074067,0.63280000,0.95880000
0.16068481,0.63288000,0.95880000
0.16067329,0.63296000,0.95880000
0.16058275,0.63304000,0.95880000
0.16055632,0.63312000,0.95880000
0.16052943,0.63312000,0.95888000
0.16052175,0.63312000,0.95896000
0.16041528,0.63320000,0.95896000
0.16039598,0.63328000,0.95896000
0.16029522,0.63336000,0.95896000
0.16018116,0.63344000,0.95896000
0.16008849,0.63352000,0.95896000
0.16007797,0.63360000,0.95896000
0.16006702,0.63368000,0.95896000
0.16005293,0.63376000,0.95896000
0.16004950,0.63384000,0.95896000
0.15980196,0.63392000,0.95896000
0.15972286,0.63400000,0.95896000
0.15972111,0.63408000,0.95896000
0.15970917,0.63416000,0.95896000
0.15962252,0.63424000,0.95896000
0.15954387,0.63432000,0.95896000
0.15952088,0.63432000,0.95904000
0.15950261,0.63440000,0.95912000
0.15950792,0.63440000,0.95904000
0.15949868,0.63448000,0.95912000
0.15943748,0.63456000,0.95912000
0.15934487,0.63464000,0.95920000
0.15932712,0.63464000,0.95928000
0.15941776,0.63464000,0.95912000
0.15914194,0.63472000,0.95928000
0.15908501,0.63480000,0.95928000
0.15906517,0.63488000,0.95928000
0.15902449,0.63496000,0.95928000
0.15894400,0.63504000,0.95928000
0.15892622,0.63512000,0.95928000
0.15892150,0.63512000,0.95936000
0.15886490,0.63520000,0.95944000
0.15892024,0.63520000,0.95936000
0.15873754,0.63528000,0.95944000
0.15872440,0.63536000,0.95944000
0.15851553,0.63544000,0.95944000
0.15841630,0.63552000,0.95944000
0.15839130,0.63560000,0.95944000
0.15835570,0.63568000,0.95944000
0.15835014,0.63576000,0.95944000
0.15832429,0.63592000,0.95944000
0.15832071,0.63600000,0.95944000
0.15823060,0.63608000,0.95944000
0.15822075,0.63616000,0.95944000
0.15817015,0.63624000,0.95944000
0.15805134,0.63624000,0.95952000
0.15794234,0.63632000,0.95952000
0.15784328,0.63640000,0.95952000
0.15783967,0.63648000,0.95952000
0.15779802,0.63656000,0.95952000
0.15777126,0.63664000,0.95952000
0.15772700,0.63672000,0.95952000
0.15772212,0.63680000,0.95952000
0.15771285,0.63680000,0.95960000
0.15764597,0.63688000,0.95960000
0.15759119,0.63696000,0.95960000
0.15738359,0.63704000,0.95968000
0.15738991,0.63704000,0.95960000
0.15723917,0.63712000,0.95976000
0.15732172,0.63712000,0.95968000
0.15713421,0.63720000,0.95976000
0.15707164,0.63728000,0.95976000
0.15703110,0.63736000,0.95976000
0.15684660,0.63744000,0.95976000
0.15673946,0.63752000,0.95976000
0.15654200,0.63760000,0.95976000
0.15645000,0.63768000,0.95976000
0.15628637,0.63776000,0.95976000
0.15613607,0.63784000,0.95976000
0.15598089,0.63792000,0.95976000
0.15596049,0.63800000,0.95976000
0.15592988,0.63808000,0.95976000
0.15592185,0.63816000,0.95976000
0.15591647,0.63824000,0.95976000
0.15588188,0.63824000,0.96000000
0.15590975,0.63824000,0.95984000
0.15572068,0.63824000,0.96008000
0.15589371,0.63824000,0.95992000
0.15570943,0.63832000,0.96008000
0.15570880,0.63840000,0.96008000
0.15562658,0.63848000,0.96016000
0.15570387,0.63848000,0.96008000
0.15562156,0.63856000,0.96016000
0.15554409,0.63864000,0.96016000
0.15551482,0.63872000,0.96016000
0.15537311,0.63880000,0.96016000
0.15536161,0.63888000,0.96016000
0.15536092,0.63888000,0.96024000
0.15525942,0.63896000,0.96048000
0.15535574,0.63896000,0.96024000
0.15534569,0.63896000,0.96032000
0.15532573,0.63896000,0.96040000
0.15522860,0.63904000,0.96048000
0.15520708,0.63912000,0.96056000
0.15522139,0.63912000,0.96048000
0.15510264,0.63920000,0.96064000
0.15513645,0.63920000,0.96056000
0.15507565,0.63928000,0.96064000
0.15506326,0.63936000,0.96064000
0.15501978,0.63944000,0.96072000
0.15506005,0.63944000,0.96064000
0.15493883,0.63944000,0.96080000
0.15490718,0.63944000,0.96088000
0.15489030,0.63952000,0.96088000
0.15487193,0.63960000,0.96088000
0.15472086,0.63968000,0.96088000
0.15470800,0.63968000,0.96104000
0.15470970,0.63968000,0.96096000
0.15459585,0.63976000,0.96104000
0.15457398,0.63984000,0.96104000
0.15449508,0.63992000,0.96104000
0.15446910,0.64000000,0.96104000
0.15446481,0.64008000,0.96104000
0.15440543,0.64008000,0.96112000
0.15440086,0.64016000,0.96112000
0.15436603,0.64024000,0.96112000
0.15435748,0.64032000,0.96112000
0.15427917,0.64040000,0.96120000
0.15435368,0.64040000,0.96112000
0.15427567,0.64048000,0.96120000
0.15423703,0.64056000,0.96120000
0.15418853,0.64064000,0.96120000
0.15417805,0.64072000,0.96120000
0.15408805,0.64080000,0.96120000
0.15408008,0.64088000,0.96120000
0.15403606,0.64096000,0.96120000
0.15403493,0.64112000,0.96120000
0.15399380,0.64112000,0.96128000
0.15390378,0.64128000,0.96128000
0.15389703,0.64136000,0.96128000
0.15387242,0.64144000,0.96136000
0.15388136,0.64144000,0.96128000
0.15377522,0.64144000,0.96144000
0.15374519,0.64152000,0.96144000
0.15364459,0.64160000,0.96144000
0.15351653,0.64160000,0.96152000
0.15341192,0.64168000,0.96152000
0.15336691,0.64176000,0.96160000
0.15340877,0.64176000,0.96152000
0.15335542,0.64184000,0.96160000
0.15335368,0.64192000,0.96160000
0.15323646,0.64200000,0.96184000
0.15324508,0.64200000,0.96176000
0.15329303,0.64200000,0.96168000
0.15331788,0.64200000,0.96160000
0.15322284,0.64208000,0.96184000
0.15320511,0.64216000,0.96184000
0.15317005,0.64224000,0.96184000
0.15310226,0.64224000,0.96192000
0.15309092,0.64232000,0.96192000
0.15308119,0.64240000,0.96192000
0.15294853,0.64248000,0.96192000
0.15290083,0.64256000,0.96192000
0.15272592,0.64264000,0.96192000
0.15271986,0.64272000,0.96192000
0.15270877,0.64280000,0.96192000
0.15267263,0.64280000,0.96200000
0.15265474,0.64288000,0.96200000
0.15259784,0.64296000,0.96200000
0.15256214,0.64304000,0.96200000
0.15233706,0.64312000,0.96200000
0.15230942,0.64320000,0.96200000
0.15230782,0.64328000,0.96200000
0.15229914,0.64336000,0.96200000
0.15224826,0.64344000,0.96200000
0.15221144,0.64352000,0.96200000
0.15218708,0.64360000,0.96200000
0.15206745,0.64368000,0.96200000
0.15203813,0.64376000,0.96200000
0.15196379,0.64384000,0.96200000
0.15188447,0.64392000,0.96200000
0.15185496,0.64400000,0.96200000
0.15174645,0.64408000,0.96200000
0.15172583,0.64416000,0.96200000
0.15172347,0.64424000,0.96200000
0.15154895,0.64432000,0.96200000
0.15154688,0.64440000,0.96200000
0.15154366,0.64448000,0.96200000
0.15146965,0.64456000,0.96200000
0.15138279,0.64464000,0.96208000
0.15146479,0.64464000,0.96200000
0.15137811,0.64464000,0.96216000
0.15128279,0.64472000,0.96216000
0.15123710,0.64480000,0.96216000
0.15121824,0.64488000,0.96232000
0.15122096,0.64488000,0.96216000
0.15115072,0.64488000,0.96240000
0.15103967,0.64496000,0.96240000
0.15101656,0.64504000,0.96240000
0.15100190,0.64512000,0.96240000
0.15098986,0.64520000,0.96240000
0.15089397,0.64528000,0.96240000
0.15089197,0.64536000,0.96240000
0.15082593,0.64544000,0.96240000
0.15079786,0.64552000,0.96240000
0.15079175,0.64560000,0.96240000
0.15077715,0.64568000,0.96240000
0.15076399,0.64576000,0.96240000
0.15073121,0.64584000,0.96240000
0.15059738,0.64592000,0.96240000
0.15059347,0.64600000,0.96240000
0.15051396,0.64608000,0.96240000
0.15042350,0.64616000,0.96240000
0.15042195,0.64624000,0.96240000
0.15039927,0.64632000,0.96240000
0.15038337,0.64640000,0.96240000
0.15032060,0.64648000,0.96248000
0.15032533,0.64648000,0.96240000
0.15030114,0.64656000,0.96248000
0.15017992,0.64664000,0.96256000
0.15020962,0.64664000,0.96248000
0.14999615,0.64664000,0.96264000
0.14997888,0.64672000,0.96264000
0.14990711,0.64680000,0.96272000
0.14993784,0.64680000,0.96264000
0.14987412,0.64688000,0.96272000
0.14983414,0.64696000,0.96272000
0.14981385,0.64704000,0.96272000
0.14974096,0.64712000,0.96272000
0.14969017,0.64720000,0.96280000
0.14972164,0.64720000,0.96272000
0.14952527,0.64728000,0.96304000
0.14959392,0.64728000,0.96296000
0.14965068,0.64728000,0.96280000
0.14962587,0.64728000,0.96288000
0.14947258,0.64736000,0.96304000
0.14941624,0.64736000,0.96312000
0.14940584,0.64744000,0.96312000
0.14913300,0.64752000,0.96312000
0.14903539,0.64760000,0.96312000
0.14885853,0.64768000,0.96312000
0.14843784,0.64776000,0.96336000
0.14844891,0.64776000,0.96328000
0.14859809,0.64776000,0.96312000
0.14853118,0.64776000,0.96320000
0.14836656,0.64784000,0.96336000
0.14833555,0.64792000,0.96336000
0.14828981,0.64800000,0.96336000
0.14827386,0.64808000,0.96336000
0.14817151,0.64816000,0.96336000
0.14809047,0.64824000,0.96336000
0.14807695,0.64832000,0.96336000
0.14806888,0.64840000,0.96336000
0.14799672,0.64840000,0.96344000
0.14796630,0.64848000,0.96344000
0.14791124,0.64856000,0.96344000
0.14788808,0.64864000,0.96344000
0.14788671,0.64872000,0.96344000
0.14783894,0.64880000,0.96344000
0.14778611,0.64888000,0.96344000
0.14761360,0.64896000,0.96352000
0.14770357,0.64896000,0.96344000
0.14757955,0.64904000,0.96352000
0.14755717,0.64912000,0.96352000
0.14754565,0.64920000,0.96352000
0.14750777,0.64928000,0.96352000
0.14740117,0.64936000,0.96352000
0.14736113,0.64944000,0.96352000
0.14731424,0.64952000,0.96352000
0.14730196,0.64960000,0.96352000
0.14728077,0.64968000,0.96352000
0.14723226,0.64976000,0.96352000
0.14722101,0.64984000,0.96352000
0.14717130,0.64992000,0.96360000
0.14718422,0.64992000,0.96352000
0.14717101,0.65000000,0.96360000
0.14717090,0.65008000,0.96360000
0.14713857,0.65016000,0.96360000
0.14707482,0.65024000,0.96360000
0.14704016,0.65032000,0.96360000
0.14681433,0.65040000,0.96368000
0.14699218,0.65040000,0.96360000
0.14680977,0.65048000,0.96368000
0.14669676,0.65056000,0.96376000
0.14670750,0.65056000,0.96368000
0.14661312,0.65064000,0.96376000
0.14654362,0.65072000,0.96384000
0.14659633,0.65072000,0.96376000
0.14644618,0.65080000,0.96384000
0.14635620,0.65088000,0.96384000
0.14634420,0.65096000,0.96384000
0.14621714,0.65104000,0.96384000
0.14613438,0.65112000,0.96384000
0.14609139,0.65120000,0.96384000
0.14609055,0.65120000,0.96392000
0.14605504,0.65128000,0.96392000
0.14590465,0.65136000,0.96392000
0.14588968,0.65144000,0.96392000
0.14588015,0.65152000,0.96392000
0.14584097,0.65160000,0.96392000
0.14583446,0.65160000,0.96400000
0.14581203,0.65168000,0.96400000
0.14577812,0.65176000,0.96400000
0.14577557,0.65184000,0.96400000
0.14576100,0.65184000,0.96408000
0.14575651,0.65192000,0.96408000
0.14573225,0.65192000,0.96416000
0.14554895,0.65200000,0.96416000
0.14551516,0.65200000,0.96424000
0.14550480,0.65208000,0.96424000
0.14544064,0.65208000,0.96432000
0.14542067,0.65216000,0.96432000
0.14538053,0.65224000,0.96440000
0.14539680,0.65224000,0.96432000
0.14536737,0.65232000,0.96440000
0.14535296,0.65240000,0.96440000
0.14533080,0.65248000,0.96440000
0.14529085,0.65256000,0.96440000
0.14528869,0.65256000,0.96448000
0.14525983,0.65256000,0.96456000
0.14512880,0.65264000,0.96456000
0.14510354,0.65272000,0.96456000
0.14502472,0.65280000,0.96456000
0.14501165,0.65288000,0.96456000
0.14499590,0.65296000,0.96456000
0.14487632,0.65296000,0.96464000
0.14476570,0.65320000,0.96472000
0.14482611,0.65320000,0.96464000
0.14469886,0.65328000,0.96472000
0.14468533,0.65328000,0.96480000
0.14456789,0.65336000,0.96480000
0.14443034,0.65344000,0.96488000
0.14447959,0.65344000,0.96480000
0.14442201,0.65352000,0.96496000
0.14442228,0.65352000,0.96488000
0.14436932,0.65360000,0.96496000
0.14428237,0.65368000,0.96496000
0.14423838,0.65376000,0.96496000
0.14422174,0.65384000,0.96504000
0.14422494,0.65384000,0.96496000
0.14422153,0.65392000,0.96504000
0.14420213,0.65400000,0.96504000
0.14416005,0.65408000,0.96504000
0.14413075,0.65416000,0.96504000
0.14409560,0.65416000,0.96512000
0.14408837,0.65424000,0.96512000
0.14408834,0.65432000,0.96512000
0.14403884,0.65448000,0.96512000
0.14391045,0.65456000,0.96512000
0.14376679,0.65464000,0.96512000
0.14372368,0.65472000,0.96520000
0.14372998,0.65472000,0.96512000
0.14365128,0.65480000,0.96520000
0.14363632,0.65488000,0.96520000
0.14357376,0.65488000,0.96528000
0.14355801,0.65504000,0.96528000
0.14355649,0.65512000,0.96528000
0.14355059,0.65520000,0.96528000
0.14351013,0.65528000,0.96528000
0.14348912,0.65536000,0.96528000
0.14345808,0.65544000,0.96536000
0.14346775,0.65544000,0.96528000
0.14345431,0.65552000,0.96536000
0.14344062,0.65560000,0.96536000
0.14336635,0.65568000,0.96536000
0.14336509,0.65576000,0.96536000
0.14336319,0.65584000,0.96536000
0.14322886,0.65592000,0.96536000
0.14306374,0.65600000,0.96544000
0.14318267,0.65600000,0.96536000
0.14286594,0.65600000,0.96552000
0.14275716,0.65608000,0.96552000
0.14275682,0.65616000,0.96552000
0.14272495,0.65624000,0.96552000
0.14260674,0.65632000,0.96552000
0.14254165,0.65640000,0.96552000
0.14252517,0.65648000,0.96552000
0.14248949,0.65656000,0.96552000
0.14245723,0.65664000,0.96552000
0.14243008,0.65672000,0.96552000
0.14236744,0.65680000,0.96552000
0.14227249,0.65688000,0.96552000
0.14226888,0.65696000,0.96552000
0.14225480,0.65696000,0.96560000
0.14224569,0.65704000,0.96560000
0.14224020,0.65712000,0.96560000
0.14220591,0.65720000,0.96560000
0.14219151,0.65728000,0.96560000
0.14214714,0.65736000,0.96560000
0.14204770,0.65744000,0.96560000
0.14204364,0.65752000,0.96560000
0.14191504,0.65752000,0.96568000
0.14191085,0.65760000,0.96568000
0.14190324,0.65768000,0.96568000
0.14185871,0.65776000,0.96568000
0.14183314,0.65784000,0.96568000
0.14169727,0.65792000,0.96568000
0.14158213,0.65800000,0.96568000
0.14157581,0.65808000,0.96576000
0.14157988,0.65808000,0.96568000
0.14152566,0.65816000,0.96576000
0.14148441,0.65824000,0.96576000
0.14143914,0.65832000,0.96576000
0.14134975,0.65840000,0.96576000
0.14127749,0.65840000,0.96584000
0.14121935,0.65848000,0.96584000
0.14120024,0.65856000,0.96584000
0.14115430,0.65856000,0.96592000
0.14113979,0.65864000,0.96592000
0.14112267,0.65872000,0.96592000
0.14111434,0.65880000,0.96592000
0.14100496,0.65888000,0.96608000
0.14102699,0.65888000,0.96592000
0.14101508,0.65888000,0.96600000
0.14097090,0.65896000,0.96608000
0.14091370,0.65904000,0.96608000
0.14090870,0.65920000,0.96608000
0.14085399,0.65928000,0.96608000
0.14078993,0.65936000,0.96608000
0.14077424,0.65944000,0.96608000
0.14054883,0.65952000,0.96608000
0.14054345,0.65960000,0.96608000
0.14047822,0.65968000,0.96608000
0.14041691,0.65976000,0.96608000
0.14039142,0.65976000,0.96616000
0.14026897,0.65984000,0.96616000
0.14016858,0.65992000,0.96616000
0.14002810,0.66000000,0.96616000
0.13987729,0.66008000,0.96616000
0.13986194,0.66016000,0.96616000
0.13981415,0.66024000,0.96616000
0.13971125,0.66032000,0.96624000
0.13971351,0.66032000,0.96616000
0.13960500,0.66040000,0.96624000
0.13953875,0.66048000,0.96624000
0.13946007,0.66056000,0.96624000
0.13933820,0.66064000,0.96632000
0.13941145,0.66064000,0.96624000
0.13927104,0.66072000,0.96632000
0.13900092,0.66072000,0.96640000
0.13891338,0.66080000,0.96640000
0.13884144,0.66088000,0.96648000
0.13887967,0.66088000,0.96640000
0.13881697,0.66096000,0.96648000
0.13876700,0.66096000,0.96656000
0.13868777,0.66104000,0.96656000
0.13868026,0.66112000,0.96656000
0.13857880,0.66112000,0.96664000
0.13855754,0.66120000,0.96664000
0.13840012,0.66128000,0.96664000
0.13836825,0.66136000,0.96664000
0.13834192,0.66136000,0.96672000
0.13831992,0.66144000,0.96672000
0.13826522,0.66152000,0.96672000
0.13821994,0.66160000,0.96672000
0.13818704,0.66168000,0.96672000
0.13812326,0.66168000,0.96680000
0.13811664,0.66176000,0.96680000
0.13801415,0.66184000,0.96680000
0.13800389,0.66192000,0.96680000
0.13798280,0.66200000,0.96680000
0.13778491,0.66208000,0.96688000
0.13796093,0.66208000,0.96680000
0.13765796,0.66208000,0.96696000
0.13754059,0.66216000,0.96696000
0.13743719,0.66224000,0.96696000
0.13737005,0.66232000,0.96696000
0.13734321,0.66240000,0.96696000
0.13723655,0.66248000,0.96696000
0.13719511,0.66256000,0.96696000
0.13713112,0.66264000,0.96704000
0.13715234,0.66264000,0.96696000
0.13713068,0.66272000,0.96704000
0.13710491,0.66280000,0.96704000
0.13709900,0.66288000,0.96704000
0.13699897,0.66296000,0.96704000
0.13697885,0.66304000,0.96704000
0.13683952,0.66304000,0.96712000
0.13661277,0.66312000,0.96712000
0.13655826,0.66320000,0.96712000
0.13651411,0.66328000,0.96712000
0.13638183,0.66336000,0.96712000
0.13632862,0.66344000,0.96720000
0.13635227,0.66344000,0.96712000
0.13632637,0.66344000,0.96728000
0.13630211,0.66352000,0.96736000
0.13632371,0.66352000,0.96728000
0.13627659,0.66360000,0.96736000
0.13626775,0.66368000,0.96736000
0.13621588,0.66376000,0.96752000
0.13623454,0.66376000,0.96744000
0.13625476,0.66376000,0.96736000
0.13619849,0.66384000,0.96752000
0.13615780,0.66392000,0.96752000
0.13615641,0.66400000,0.96752000
0.13607241,0.66408000,0.96752000
0.13592261,0.66416000,0.96752000
0.13590707,0.66424000,0.96752000
0.13589273,0.66432000,0.96752000
0.13588801,0.66440000,0.96752000
0.13579769,0.66448000,0.96752000
0.13576320,0.66456000,0.96752000
0.13567762,0.66464000,0.96752000
0.13562411,0.66472000,0.96752000
0.13559993,0.66480000,0.96752000
0.13559757,0.66488000,0.96752000
0.13557746,0.66496000,0.96752000
0.13557573,0.66504000,0.96752000
0.13548012,0.66512000,0.96752000
0.13535911,0.66520000,0.96752000
0.13530742,0.66528000,0.96752000
0.13530408,0.66536000,0.96752000
0.13529925,0.66544000,0.96752000
0.13524754,0.66552000,0.96752000
0.13521811,0.66560000,0.96752000
0.13513708,0.66568000,0.96752000
0.13503700,0.66576000,0.96752000
0.13501196,0.66584000,0.96752000
0.13494764,0.66592000,0.96752000
0.13494444,0.66600000,0.96752000
0.13472292,0.66608000,0.96776000
0.13473003,0.66608000,0.96768000
0.13479598,0.66608000,0.96760000
0.13483866,0.66608000,0.96752000
0.13469857,0.66616000,0.96784000
0.13470024,0.66616000,0.96776000
0.13465557,0.66624000,0.96784000
0.13457163,0.66632000,0.96784000
0.13446923,0.66640000,0.96784000
0.13446462,0.66656000,0.96784000
0.13429172,0.66656000,0.96792000
0.13426834,0.66664000,0.96792000
0.13423376,0.66672000,0.96792000
0.13421123,0.66680000,0.96792000
0.13419954,0.66688000,0.96792000
0.13419871,0.66696000,0.96792000
0.13418773,0.66704000,0.96792000
0.13417105,0.66712000,0.96792000
0.13409886,0.66720000,0.96792000
0.13397832,0.66728000,0.96792000
0.13397600,0.66736000,0.96792000
0.13396193,0.66744000,0.96792000
0.13384986,0.66752000,0.96792000
0.13384190,0.66760000,0.96792000
0.13372386,0.66768000,0.96792000
0.13364108,0.66776000,0.96792000
0.13357075,0.66784000,0.96792000
0.13356070,0.66792000,0.96792000
0.13352202,0.66800000,0.96792000
0.13342220,0.66808000,0.96792000
0.13337348,0.66816000,0.96792000
0.13335566,0.66824000,0.96792000
0.13335298,0.66832000,0.96792000
0.13335074,0.66840000,0.96792000
0.13331707,0.66840000,0.96808000
0.13335030,0.66840000,0.96800000
0.13330132,0.66840000,0.96816000
0.13323085,0.66848000,0.96816000
0.13307121,0.66856000,0.96816000
0.13305493,0.66864000,0.96816000
0.13301687,0.66872000,0.96816000
0.13301221,0.66880000,0.96816000
0.13300604,0.66880000,0.96824000
0.13289702,0.66888000,0.96824000
0.13284212,0.66896000,0.96824000
0.13272564,0.66904000,0.96824000
0.13270426,0.66912000,0.96824000
0.13267927,0.66920000,0.96824000
0.13255382,0.66928000,0.96824000
0.13254373,0.66928000,0.96832000
0.13251415,0.66936000,0.96832000
0.13250743,0.66952000,0.96832000
0.13245721,0.66960000,0.96832000
0.13236524,0.66968000,0.96840000
0.13242932,0.66968000,0.96832000
0.13234013,0.66976000,0.96840000
0.13217725,0.66984000,0.96840000
0.13204892,0.66992000,0.96840000
0.13204034,0.67000000,0.96840000
0.13200000,0.67008000,0.96840000
0.13197961,0.67016000,0.96840000
0.13193440,0.67024000,0.96840000
0.13187546,0.67032000,0.96840000
0.13182022,0.67040000,0.96840000
0.13168812,0.67048000,0.96840000
0.13159102,0.67056000,0.96840000
0.13150623,0.67056000,0.96848000
0.13149975,0.67064000,0.96848000
0.13148013,0.67072000,0.96848000
0.13147224,0.67072000,0.96856000
0.13145138,0.67080000,0.96856000
0.13137904,0.67088000,0.96856000
0.13137771,0.67096000,0.96856000
0.13132569,0.67096000,0.96872000
0.13136788,0.67096000,0.96864000
0.13132557,0.67104000,0.96872000
0.13122237,0.67112000,0.96872000
0.13110806,0.67120000,0.96872000
0.13110228,0.67120000,0.96880000
0.13106081,0.67128000,0.96880000
0.13084516,0.67136000,0.96880000
0.13072522,0.67144000,0.96880000
0.13071965,0.67144000,0.96888000
0.13063388,0.67152000,0.96888000
0.13059899,0.67160000,0.96888000
0.13057335,0.67168000,0.96888000
0.13046433,0.67176000,0.96888000
0.13044077,0.67184000,0.96888000
0.13042979,0.67184000,0.96896000
0.13042514,0.67192000,0.96896000
0.13030225,0.67200000,0.96904000
0.13034154,0.67200000,0.96896000
0.13007315,0.67208000,0.96904000
0.12988900,0.67216000,0.96912000
0.13000414,0.67216000,0.96904000
0.12986052,0.67224000,0.96912000
0.12984544,0.67232000,0.96912000
0.12984061,0.67240000,0.96912000
0.12980719,0.67248000,0.96920000
0.12981173,0.67248000,0.96912000
0.12976702,0.67256000,0.96920000
0.12964013,0.67264000,0.96920000
0.12962082,0.67272000,0.96920000
0.12958531,0.67280000,0.96920000
0.12957060,0.67288000,0.96920000
0.12952566,0.67296000,0.96920000
0.12949914,0.67304000,0.96920000
0.12944876,0.67312000,0.96920000
0.12944110,0.67312000,0.96928000
0.12943919,0.67320000,0.96928000
0.12934054,0.67328000,0.96928000
0.12921238,0.67336000,0.96928000
0.12920548,0.67344000,0.96928000
0.12914389,0.67352000,0.96928000
0.12914374,0.67352000,0.96936000
0.12910461,0.67360000,0.96944000
0.12913439,0.67360000,0.96936000
0.12904593,0.67368000,0.96944000
0.12900919,0.67376000,0.96944000
0.12899704,0.67376000,0.96952000
0.12896700,0.67384000,0.96952000
0.12888952,0.67392000,0.96960000
0.12896308,0.67392000,0.96952000
0.12871632,0.67400000,0.96960000
0.12869427,0.67408000,0.96960000
0.12868290,0.67408000,0.96968000
0.12853949,0.67416000,0.96968000
0.12850362,0.67424000,0.96968000
0.12848690,0.67424000,0.96976000
0.12847143,0.67424000,0.96984000
0.12845092,0.67432000,0.96984000
0.12842149,0.67440000,0.96984000
0.12828001,0.67448000,0.96992000
0.12833300,0.67448000,0.96984000
0.12823476,0.67456000,0.96992000
0.12815353,0.67464000,0.96992000
0.12809099,0.67472000,0.96992000
0.12808245,0.67480000,0.96992000
0.12799397,0.67488000,0.96992000
0.12794785,0.67496000,0.96992000
0.12791538,0.67504000,0.96992000
0.12789392,0.67512000,0.96992000
0.12787242,0.67520000,0.96992000
0.12785487,0.67520000,0.97000000
0.12783921,0.67528000,0.97000000
0.12770699,0.67536000,0.97000000
0.12768668,0.67544000,0.97000000
0.12766521,0.67552000,0.97000000
0.12746951,0.67560000,0.97000000
0.12743101,0.67568000,0.97000000
0.12732071,0.67576000,0.97000000
0.12729594,0.67584000,0.97000000
0.12729491,0.67592000,0.97000000
0.12728034,0.67600000,0.97000000
0.12723887,0.67608000,0.97000000
0.12714569,0.67616000,0.97000000
0.12694167,0.67624000,0.97000000
0.12692118,0.67632000,0.97000000
0.12690641,0.67640000,0.97000000
0.12689315,0.67648000,0.97000000
0.12686151,0.67656000,0.97000000
0.12679404,0.67664000,0.97008000
0.12679891,0.67664000,0.97000000
0.12676212,0.67672000,0.97008000
0.12673217,0.67680000,0.97008000
0.12656547,0.67688000,0.97008000
0.12651473,0.67696000,0.97008000
0.12649800,0.67704000,0.97008000
0.12649775,0.67712000,0.97008000
0.12648036,0.67720000,0.97008000
0.12646066,0.67728000,0.97008000
0.12645800,0.67728000,0.97016000
0.12645319,0.67736000,0.97016000
0.12644082,0.67736000,0.97024000
0.12633471,0.67744000,0.97032000
0.12637275,0.67744000,0.97024000
0.12630711,0.67752000,0.97032000
0.12627064,0.67760000,0.97032000
0.12614034,0.67768000,0.97032000
0.12610519,0.67776000,0.97032000
0.12606272,0.67784000,0.97032000
0.12604713,0.67792000,0.97032000
0.12597591,0.67800000,0.97032000
0.12597549,0.67808000,0.97032000
0.12582281,0.67816000,0.97032000
0.12576051,0.67824000,0.97032000
0.12564947,0.67832000,0.97032000
0.12559865,0.67840000,0.97032000
0.12553367,0.67848000,0.97032000
0.12552583,0.67856000,0.97032000
0.12550570,0.67864000,0.97032000
0.12550029,0.67872000,0.97032000
0.12549041,0.67880000,0.97032000
0.12548549,0.67888000,0.97032000
0.12546720,0.67896000,0.97032000
0.12529132,0.67904000,0.97040000
0.12546346,0.67904000,0.97032000
0.12528110,0.67912000,0.97040000
0.12525722,0.67920000,0.97048000
0.12527554,0.67920000,0.97040000
0.12522785,0.67928000,0.97048000
0.12520576,0.67936000,0.97048000
0.12520328,0.67944000,0.97048000
0.12512995,0.67952000,0.97048000
0.12510195,0.67960000,0.97048000
0.12506235,0.67968000,0.97048000
0.12500876,0.67976000,0.97048000
0.12479161,0.67976000,0.97064000
0.12495200,0.67976000,0.97056000
0.12469207,0.67984000,0.97072000
0.12473404,0.67984000,0.97064000
0.12464888,0.67992000,0.97072000
0.12464825,0.68000000,0.97072000
0.12460367,0.68008000,0.97072000
0.12460100,0.68016000,0.97072000
0.12450067,0.68024000,0.97072000
0.12447173,0.68032000,0.97072000
0.12444807,0.68032000,0.97080000
0.12433276,0.68040000,0.97088000
0.12438893,0.68040000,0.97080000
0.12426461,0.68048000,0.97088000
0.12419560,0.68056000,0.97088000
0.12416686,0.68064000,0.97088000
0.12410352,0.68072000,0.97088000
0.12405153,0.68080000,0.97088000
0.12400449,0.68088000,0.97096000
0.12393755,0.68088000,0.97104000
0.12404016,0.68088000,0.97088000
0.12386000,0.68096000,0.97104000
0.12379809,0.68104000,0.97112000
0.12380488,0.68104000,0.97104000
0.12377100,0.68112000,0.97112000
0.12376525,0.68120000,0.97112000
0.12376242,0.68120000,0.97120000
0.12376000,0.68128000,0.97120000
0.12373314,0.68136000,0.97120000
0.12368267,0.68144000,0.97120000
0.12366069,0.68144000,0.97136000
0.12367981,0.68144000,0.97128000
0.12365210,0.68152000,0.97136000
0.12364569,0.68160000,0.97136000
0.12356751,0.68168000,0.97136000
0.12346080,0.68176000,0.97136000
0.12335538,0.68184000,0.97136000
0.12321766,0.68192000,0.97144000
0.12324102,0.68192000,0.97136000
0.12319014,0.68200000,0.97144000
0.12315243,0.68208000,0.97144000
0.12311591,0.68216000,0.97144000
0.12310229,0.68216000,0.97152000
0.12309916,0.68224000,0.97152000
0.12309455,0.68232000,0.97152000
0.12309197,0.68240000,0.97152000
0.12307397,0.68248000,0.97152000
0.12302116,0.68256000,0.97152000
0.12300580,0.68264000,0.97152000
0.12283951,0.68272000,0.97152000
0.12281699,0.68280000,0.97152000
0.12271315,0.68288000,0.97152000
0.12270499,0.68296000,0.97152000
0.12243654,0.68304000,0.97176000
0.12246443,0.68304000,0.97168000
0.12267204,0.68304000,0.97152000
0.12247216,0.68304000,0.97160000
0.12239386,0.68312000,0.97176000
0.12227650,0.68320000,0.97176000
0.12206478,0.68328000,0.97176000
0.12200643,0.68336000,0.97184000
0.12201691,0.68336000,0.97176000
0.12197477,0.68344000,0.97184000
0.12195195,0.68352000,0.97184000
0.12194573,0.68360000,0.97184000
0.12194157,0.68368000,0.97184000
0.12185552,0.68376000,0.97184000
0.12182537,0.68384000,0.97184000
0.12182171,0.68392000,0.97184000
0.12177528,0.68400000,0.97184000
0.12171323,0.68408000,0.97184000
0.12167455,0.68416000,0.97184000
0.12166428,0.68416000,0.97192000
0.12129097,0.68424000,0.97192000
0.12119266,0.68432000,0.97192000
0.12115160,0.68440000,0.97200000
0.12110575,0.68440000,0.97208000
0.12118170,0.68440000,0.97192000
0.12090268,0.68448000,0.97208000
0.12088887,0.68456000,0.97208000
0.12076358,0.68464000,0.97216000
0.12077929,0.68464000,0.97208000
0.12074382,0.68472000,0.97216000
0.12036805,0.68480000,0.97216000
0.12035306,0.68488000,0.97216000
0.12034670,0.68496000,0.97216000
0.12034565,0.68504000,0.97216000
0.12025288,0.68512000,0.97216000
0.12021945,0.68512000,0.97224000
0.12008401,0.68520000,0.97224000
0.11989585,0.68528000,0.97224000
0.11988729,0.68536000,0.97224000
0.11982241,0.68536000,0.97232000
0.11978288,0.68544000,0.97232000
0.11971355,0.68552000,0.97232000
0.11955860,0.68560000,0.97240000
0.11965142,0.68560000,0.97232000
0.11952942,0.68568000,0.97240000
0.11952370,0.68576000,0.97240000
0.11951617,0.68584000,0.97240000
0.11921387,0.68592000,0.97240000
0.11913244,0.68592000,0.97248000
0.11912658,0.68600000,0.97248000
0.11910458,0.68608000,0.97248000
0.11896273,0.68616000,0.97248000
0.11894378,0.68624000,0.97248000
0.11892349,0.68632000,0.97248000
0.11883987,0.68640000,0.97248000
0.11883359,0.68648000,0.97248000
0.11880099,0.68656000,0.97248000
0.11875508,0.68664000,0.97248000
0.11860626,0.68672000,0.97248000
0.11857588,0.68680000,0.97248000
0.11855880,0.68688000,0.97248000
0.11855255,0.68688000,0.97256000
0.11854505,0.68696000,0.97256000
0.11854210,0.68704000,0.97256000
0.11838420,0.68712000,0.97256000
0.11830340,0.68720000,0.97264000
0.11831883,0.68720000,0.97256000
0.11826555,0.68728000,0.97264000
0.11824406,0.68736000,0.97264000
0.11824102,0.68744000,0.97264000
0.11806378,0.68752000,0.97280000
0.11817897,0.68752000,0.97272000
0.11821097,0.68752000,0.97264000
0.11785222,0.68760000,0.97280000
0.11776958,0.68768000,0.97296000
0.11782883,0.68768000,0.97280000
0.11778206,0.68768000,0.97288000
0.11774202,0.68776000,0.97296000
0.11772177,0.68784000,0.97296000
0.11766586,0.68792000,0.97296000
0.11756065,0.68800000,0.97296000
0.11752895,0.68808000,0.97296000
0.11747818,0.68816000,0.97296000
0.11743769,0.68824000,0.97296000
0.11740768,0.68832000,0.97296000
0.11725898,0.68840000,0.97296000
0.11724345,0.68848000,0.97296000
0.11722966,0.68856000,0.97296000
0.11716201,0.68864000,0.97296000
0.11713169,0.68872000,0.97296000
0.11712338,0.68880000,0.97296000
0.11709266,0.68888000,0.97296000
0.11708728,0.68896000,0.97296000
0.11705444,0.68904000,0.97304000
0.11706503,0.68904000,0.97296000
0.11698337,0.68912000,0.97304000
0.11695720,0.68912000,0.97312000
0.11694337,0.68920000,0.97320000
0.11695537,0.68920000,0.97312000
0.11693367,0.68928000,0.97320000
0.11681757,0.68928000,0.97344000
0.11686506,0.68928000,0.97336000
0.11688509,0.68928000,0.97328000
0.11666948,0.68936000,0.97344000
0.11646038,0.68944000,0.97344000
0.11636346,0.68952000,0.97344000
0.11632353,0.68960000,0.97344000
0.11628569,0.68968000,0.97344000
0.11627736,0.68976000,0.97344000
0.11623454,0.68984000,0.97344000
0.11615971,0.68992000,0.97344000
0.11614577,0.69000000,0.97344000
0.11609873,0.69008000,0.97344000
0.11606541,0.69016000,0.97344000
0.11606263,0.69024000,0.97344000
0.11602041,0.69032000,0.97344000
0.11597326,0.69040000,0.97352000
0.11601859,0.69040000,0.97344000
0.11591570,0.69048000,0.97352000
0.11584993,0.69056000,0.97352000
0.11584033,0.69064000,0.97352000
0.11582214,0.69072000,0.97352000
0.11577875,0.69080000,0.97352000
0.11577428,0.69088000,0.97352000
0.11571131,0.69096000,0.97352000
0.11558441,0.69104000,0.97360000
0.11567897,0.69104000,0.97352000
0.11554664,0.69104000,0.97368000
0.11545198,0.69112000,0.97368000
0.11542626,0.69120000,0.97368000
0.11537147,0.69128000,0.97368000
0.11533143,0.69136000,0.97368000
0.11519474,0.69144000,0.97376000
0.11524228,0.69144000,0.97368000
0.11518679,0.69152000,0.97376000
0.11516701,0.69160000,0.97376000
0.11507999,0.69168000,0.97376000
0.11505710,0.69176000,0.97376000
0.11505562,0.69184000,0.97376000
0.11504353,0.69192000,0.97376000
0.11501140,0.69200000,0.97376000
0.11489413,0.69208000,0.97376000
0.11485843,0.69216000,0.97376000
0.11481573,0.69224000,0.97376000
0.11458760,0.69232000,0.97384000
0.11460742,0.69232000,0.97376000
0.11440824,0.69240000,0.97384000
0.11437607,0.69248000,0.97384000
0.11430918,0.69256000,0.97384000
0.11429344,0.69264000,0.97384000
0.11402689,0.69272000,0.97400000
0.11427876,0.69272000,0.97384000
0.11421067,0.69272000,0.97392000
0.11389916,0.69280000,0.97400000
0.11389770,0.69288000,0.97400000
0.11372355,0.69296000,0.97408000
0.11378849,0.69296000,0.97400000
0.11371433,0.69304000,0.97408000
0.11366581,0.69312000,0.97408000
0.11356864,0.69320000,0.97408000
0.11353841,0.69328000,0.97408000
0.11345222,0.69336000,0.97408000
0.11343553,0.69344000,0.97408000
0.11338445,0.69352000,0.97408000
0.11338209,0.69360000,0.97408000
0.11333086,0.69368000,0.97408000
0.11331961,0.69376000,0.97408000
0.11330087,0.69384000,0.97408000
0.11327965,0.69392000,0.97408000
0.11326351,0.69400000,0.97408000
0.11317948,0.69408000,0.97408000
0.11317001,0.69416000,0.97408000
0.11312855,0.69416000,0.97416000
0.11311177,0.69424000,0.97416000
0.11310174,0.69432000,0.97416000
0.11299175,0.69440000,0.97416000
0.11291681,0.69448000,0.97424000
0.11295039,0.69448000,0.97416000
0.11289488,0.69456000,0.97424000
0.11282454,0.69464000,0.97424000
0.11278538,0.69472000,0.97424000
0.11277941,0.69480000,0.97424000
0.11267735,0.69480000,0.97432000
0.11262026,0.69488000,0.97432000
0.11260848,0.69496000,0.97432000
0.11255884,0.69504000,0.97432000
0.11255091,0.69512000,0.97432000
0.11252890,0.69520000,0.97432000
0.11243363,0.69528000,0.97432000
0.11233517,0.69536000,0.97432000
0.11231096,0.69544000,0.97432000
0.11222836,0.69552000,0.97440000
0.11230636,0.69552000,0.97432000
0.11220381,0.69560000,0.97440000
0.11215889,0.69568000,0.97440000
0.11215647,0.69576000,0.97440000
0.11208782,0.69576000,0.97456000
0.11214493,0.69576000,0.97448000
0.11161084,0.69584000,0.97496000
0.11159929,0.69584000,0.97504000
0.11175188,0.69584000,0.97472000
0.11177992,0.69584000,0.97464000
0.11169115,0.69584000,0.97480000
0.11144964,0.69584000,0.97512000
0.11168069,0.69584000,0.97488000
0.11208332,0.69584000,0.97456000
0.11141767,0.69592000,0.97512000
0.11138093,0.69600000,0.97512000
0.11137006,0.69608000,0.97512000
0.11126365,0.69616000,0.97512000
0.11123329,0.69624000,0.97512000
0.11114524,0.69632000,0.97512000
0.11107195,0.69640000,0.97520000
0.11110080,0.69640000,0.97512000
0.11105616,0.69648000,0.97520000
0.11103369,0.69656000,0.97520000
0.11101092,0.69664000,0.97520000
0.11100821,0.69672000,0.97520000
0.11094497,0.69680000,0.97528000
0.11095814,0.69680000,0.97520000
0.11080320,0.69688000,0.97528000
0.11078712,0.69696000,0.97528000
0.11068697,0.69704000,0.97528000
0.11068320,0.69712000,0.97528000
0.11066420,0.69720000,0.97528000
0.11058722,0.69728000,0.97528000
0.11056054,0.69736000,0.97528000
0.11054914,0.69736000,0.97536000
0.11054423,0.69744000,0.97536000
0.11052586,0.69752000,0.97536000
0.11046074,0.69760000,0.97536000
0.11040699,0.69768000,0.97536000
0.11025630,0.69776000,0.97536000
0.11017536,0.69784000,0.97536000
0.11012316,0.69792000,0.97536000
0.11005697,0.69800000,0.97544000
0.11010297,0.69800000,0.97536000
0.11004405,0.69800000,0.97552000
0.10996775,0.69808000,0.97552000
0.10995591,0.69816000,0.97552000
0.10991837,0.69824000,0.97552000
0.10976815,0.69832000,0.97552000
0.10976811,0.69840000,0.97552000
0.10970782,0.69848000,0.97552000
0.10965833,0.69856000,0.97552000
0.10962560,0.69864000,0.97552000
0.10957778,0.69872000,0.97552000
0.10949763,0.69880000,0.97552000
0.10948212,0.69888000,0.97552000
0.10944148,0.69896000,0.97552000
0.10938653,0.69904000,0.97552000
0.10920843,0.69920000,0.97560000
0.10929410,0.69920000,0.97552000
0.10913073,0.69928000,0.97560000
0.10902974,0.69936000,0.97568000
0.10909651,0.69936000,0.97560000
0.10898656,0.69944000,0.97568000
0.10894970,0.69952000,0.97568000
0.10893796,0.69960000,0.97568000
0.10885243,0.69968000,0.97568000
0.10875300,0.69976000,0.97568000
0.10874408,0.69976000,0.97576000
0.10871257,0.69984000,0.97576000
0.10868444,0.69992000,0.97576000
0.10860857,0.69992000,0.97584000
0.10855389,0.70000000,0.97584000
0.10852739,0.70008000,0.97584000
0.10847313,0.70016000,0.97584000
0.10846920,0.70024000,0.97584000
0.10836509,0.70032000,0.97584000
0.10830232,0.70040000,0.97584000
0.10830107,0.70048000,0.97584000
0.10823138,0.70056000,0.97584000
0.10821946,0.70064000,0.97584000
0.10821709,0.70072000,0.97584000
0.10820663,0.70080000,0.97584000
0.10820635,0.70088000,0.97584000
0.10816852,0.70096000,0.97584000
0.10815971,0.70104000,0.97584000
0.10814429,0.70112000,0.97584000
0.10813810,0.70120000,0.97592000
0.10814093,0.70120000,0.97584000
0.10811941,0.70128000,0.97592000
0.10804888,0.70136000,0.97592000
0.10800897,0.70144000,0.97592000
0.10795338,0.70152000,0.97592000
0.10793614,0.70160000,0.97592000
0.10785407,0.70168000,0.97592000
0.10784051,0.70176000,0.97592000
0.10784012,0.70184000,0.97592000
0.10768130,0.70192000,0.97592000
0.10762289,0.70200000,0.97592000
0.10761622,0.70208000,0.97592000
0.10751111,0.70216000,0.97592000
0.10746007,0.70224000,0.97592000
0.10743395,0.70224000,0.97608000
0.10744584,0.70224000,0.97600000
0.10740632,0.70232000,0.97608000
0.10708722,0.70240000,0.97616000
0.10727797,0.70240000,0.97608000
0.10706943,0.70248000,0.97616000
0.10695107,0.70256000,0.97616000
0.10693210,0.70264000,0.97616000
0.10690775,0.70272000,0.97616000
0.10687288,0.70280000,0.97616000
0.10686827,0.70288000,0.97616000
0.10686555,0.70296000,0.97616000
0.10684678,0.70304000,0.97616000
0.10679007,0.70312000,0.97616000
0.10672306,0.70320000,0.97616000
0.10671882,0.70328000,0.97616000
0.10658105,0.70336000,0.97616000
0.10655314,0.70344000,0.97616000
0.10654925,0.70352000,0.97616000
0.10648043,0.70360000,0.97616000
0.10646389,0.70368000,0.97616000
0.10643741,0.70376000,0.97624000
0.10645713,0.70376000,0.97616000
0.10641279,0.70384000,0.97624000
0.10634302,0.70392000,0.97624000
0.10630222,0.70400000,0.97624000
0.10629642,0.70408000,0.97624000
0.10627624,0.70416000,0.97624000
0.10625859,0.70424000,0.97624000
0.10623232,0.70432000,0.97624000
0.10614229,0.70440000,0.97624000
0.10605285,0.70448000,0.97624000
0.10596614,0.70456000,0.97624000
0.10595614,0.70464000,0.97624000
0.10591554,0.70472000,0.97624000
0.10580866,0.70480000,0.97640000
0.10588665,0.70480000,0.97632000
0.10591093,0.70480000,0.97624000
0.10578480,0.70488000,0.97640000
0.10575210,0.70496000,0.97640000
0.10573754,0.70504000,0.97640000
0.10556633,0.70512000,0.97648000
0.10566880,0.70512000,0.97640000
0.10556553,0.70520000,0.97648000
0.10554287,0.70528000,0.97648000
0.10554022,0.70536000,0.97648000
0.10541839,0.70544000,0.97648000
0.10541338,0.70552000,0.97648000
0.10536865,0.70560000,0.97648000
0.10512749,0.70568000,0.97648000
0.10511072,0.70576000,0.97648000
0.10506127,0.70584000,0.97648000
0.10503864,0.70592000,0.97648000
0.10502649,0.70592000,0.97664000
0.10501376,0.70600000,0.97664000
0.10500400,0.70608000,0.97664000
0.10490938,0.70616000,0.97672000
0.10494091,0.70616000,0.97664000
0.10488571,0.70624000,0.97672000
0.10476819,0.70632000,0.97672000
0.10456695,0.70640000,0.97680000
0.10462819,0.70640000,0.97672000
0.10434124,0.70648000,0.97680000
0.10433941,0.70656000,0.97680000
0.10427796,0.70664000,0.97680000
0.10426669,0.70672000,0.97680000
0.10420126,0.70680000,0.97680000
0.10406180,0.70688000,0.97680000
0.10402723,0.70696000,0.97680000
0.10394588,0.70704000,0.97680000
0.10389302,0.70712000,0.97680000
0.10373954,0.70720000,0.97680000
0.10371783,0.70728000,0.97680000
0.10355697,0.70736000,0.97680000
0.10337407,0.70744000,0.97680000
0.10335745,0.70752000,0.97680000
0.10321376,0.70760000,0.97688000
0.10319690,0.70760000,0.97696000
0.10326071,0.70760000,0.97680000
0.10317417,0.70768000,0.97696000
0.10314329,0.70776000,0.97696000
0.10311806,0.70784000,0.97696000
0.10300327,0.70792000,0.97696000
0.10298526,0.70800000,0.97696000
0.10296680,0.70808000,0.97696000
0.10295786,0.70816000,0.97696000
0.10288098,0.70824000,0.97704000
0.10290230,0.70824000,0.97696000
0.10284474,0.70832000,0.97704000
0.10275897,0.70832000,0.97712000
0.10267051,0.70840000,0.97712000
0.10266976,0.70848000,0.97712000
0.10259090,0.70856000,0.97712000
0.10255127,0.70864000,0.97720000
0.10257705,0.70864000,0.97712000
0.10255112,0.70872000,0.97720000
0.10246326,0.70880000,0.97720000
0.10244846,0.70888000,0.97720000
0.10241889,0.70896000,0.97728000
0.10240361,0.70896000,0.97736000
0.10242689,0.70896000,0.97720000
0.10223908,0.70904000,0.97736000
0.10210990,0.70912000,0.97736000
0.10207739,0.70920000,0.97736000
0.10206264,0.70928000,0.97736000
0.10193482,0.70936000,0.97736000
0.10192457,0.70944000,0.97736000
0.10181931,0.70952000,0.97744000
0.10190191,0.70952000,0.97736000
0.10175555,0.70960000,0.97744000
0.10175394,0.70960000,0.97752000
0.10173678,0.70968000,0.97752000
0.10171717,0.70976000,0.97752000
0.10164732,0.70984000,0.97752000
0.10161212,0.70984000,0.97768000
0.10162248,0.70984000,0.97760000
0.10159887,0.70992000,0.97768000
0.10154496,0.71000000,0.97768000
0.10151120,0.71008000,0.97768000
0.10150642,0.71016000,0.97768000
0.10147491,0.71024000,0.97768000
0.10143735,0.71032000,0.97776000
0.10146435,0.71032000,0.97768000
0.10141498,0.71040000,0.97776000
0.10130274,0.71048000,0.97776000
0.10128781,0.71056000,0.97776000
0.10127401,0.71072000,0.97776000
0.10126372,0.71072000,0.97784000
0.10113022,0.71080000,0.97784000
0.10110212,0.71088000,0.97784000
0.10107549,0.71096000,0.97784000
0.10100029,0.71104000,0.97784000
0.10099829,0.71112000,0.97784000
0.10098351,0.71120000,0.97784000
0.10091383,0.71128000,0.97784000
0.10090401,0.71136000,0.97784000
0.10090092,0.71144000,0.97784000
0.10088184,0.71152000,0.97784000
0.10074876,0.71160000,0.97792000
0.10076144,0.71160000,0.97784000
0.10073227,0.71168000,0.97792000
0.10067560,0.71176000,0.97792000
0.10060613,0.71184000,0.97792000
0.10055651,0.71192000,0.97792000
0.10040317,0.71200000,0.97792000
0.10035818,0.71208000,0.97792000
0.10033798,0.71216000,0.97792000
0.10030146,0.71224000,0.97792000
0.10029756,0.71224000,0.97800000
0.10023455,0.71232000,0.97800000
0.10017648,0.71240000,0.97800000
0.10017276,0.71248000,0.97800000
0.10012843,0.71256000,0.97800000
0.10010193,0.71264000,0.97800000
0.10009722,0.71272000,0.97800000
0.10007486,0.71272000,0.97808000
0.10005006,0.71280000,0.97808000
0.09999201,0.71288000,0.97808000
0.09990270,0.71296000,0.97808000
0.09986695,0.71304000,0.97808000
0.09978295,0.71312000,0.97816000
0.09981848,0.71312000,0.97808000
0.09972110,0.71320000,0.97816000
0.09971650,0.71328000,0.97816000
0.09967881,0.71336000,0.97816000
0.09966862,0.71344000,0.97816000
0.09966481,0.71352000,0.97816000
0.09960224,0.71360000,0.97824000
0.09965859,0.71360000,0.97816000
0.09958009,0.71368000,0.97824000
0.09953891,0.71376000,0.97824000
0.09945069,0.71384000,0.97824000
0.09944762,0.71392000,0.97824000
0.09942452,0.71408000,0.97824000
0.09933931,0.71408000,0.97832000
0.09927625,0.71416000,0.97832000
0.09908807,0.71424000,0.97840000
0.09912115,0.71424000,0.97832000
0.09904828,0.71432000,0.97840000
0.09892354,0.71440000,0.97840000
0.09886643,0.71448000,0.97840000
0.09881129,0.71456000,0.97840000
0.09876356,0.71464000,0.97840000
0.09874003,0.71472000,0.97840000
0.09868900,0.71480000,0.97840000
0.09862739,0.71488000,0.97840000
0.09857776,0.71496000,0.97848000
0.09861302,0.71496000,0.97840000
0.09855010,0.71504000,0.97848000
0.09850092,0.71512000,0.97848000
0.09847753,0.71520000,0.97848000
0.09847497,0.71528000,0.97848000
0.09841856,0.71536000,0.97848000
0.09839926,0.71544000,0.97848000
0.09836610,0.71552000,0.97848000
0.09832022,0.71560000,0.97848000
0.09830053,0.71568000,0.97848000
0.09828031,0.71576000,0.97856000
0.09828130,0.71576000,0.97848000
0.09827209,0.71584000,0.97856000
0.09823960,0.71592000,0.97856000
0.09820488,0.71600000,0.97856000
0.09819777,0.71608000,0.97856000
0.09804431,0.71616000,0.97864000
0.09797948,0.71616000,0.97872000
0.09818153,0.71616000,0.97856000
0.09796570,0.71624000,0.97872000
0.09794417,0.71632000,0.97872000
0.09771061,0.71640000,0.97904000
0.09771138,0.71640000,0.97896000
0.09776784,0.71640000,0.97888000
0.09778189,0.71640000,0.97880000
0.09793530,0.71640000,0.97872000
0.09767571,0.71648000,0.97904000
0.09757738,0.71648000,0.97912000
0.09755995,0.71656000,0.97912000
0.09748469,0.71664000,0.97912000
0.09748123,0.71672000,0.97912000
0.09743081,0.71680000,0.97912000
0.09743027,0.71688000,0.97912000
0.09734755,0.71696000,0.97912000
0.09722780,0.71696000,0.97928000
0.09724573,0.71696000,0.97920000
0.09716545,0.71704000,0.97936000
0.09719723,0.71704000,0.97928000
0.09713826,0.71712000,0.97936000
0.09712601,0.71720000,0.97936000
0.09692590,0.71728000,0.97936000
0.09690139,0.71736000,0.97936000
0.09663875,0.71744000,0.97936000
0.09659623,0.71752000,0.97936000
0.09653417,0.71760000,0.97936000
0.09645779,0.71768000,0.97936000
0.09644222,0.71776000,0.97936000
0.09634285,0.71784000,0.97936000
0.09623540,0.71792000,0.97936000
0.09622204,0.71800000,0.97936000
0.09611651,0.71808000,0.97952000
0.09616666,0.71808000,0.97936000
0.09614356,0.71808000,0.97944000
0.09609743,0.71816000,0.97952000
0.09600794,0.71824000,0.97952000
0.09593351,0.71832000,0.97952000
0.09593308,0.71840000,0.97952000
0.09581664,0.71848000,0.97960000
0.09574737,0.71848000,0.97968000
0.09590691,0.71848000,0.97952000
0.09572862,0.71848000,0.97976000
0.09572294,0.71856000,0.97976000
0.09566249,0.71864000,0.97976000
0.09565536,0.71872000,0.97976000
0.09562091,0.71880000,0.97984000
0.09563670,0.71880000,0.97976000
0.09558702,0.71888000,0.97984000
0.09538480,0.71896000,0.97984000
0.09534695,0.71904000,0.97984000
0.09533215,0.71912000,0.97984000
0.09524944,0.71920000,0.97984000
0.09518223,0.71928000,0.97984000
0.09514094,0.71944000,0.97984000
0.09509727,0.71952000,0.97984000
0.09509315,0.71960000,0.97984000
0.09507293,0.71968000,0.97984000
0.09503610,0.71976000,0.97984000
0.09502342,0.71992000,0.97984000
0.09497485,0.72000000,0.97984000
0.09497009,0.72008000,0.97984000
0.09490069,0.72016000,0.97984000
0.09483690,0.72024000,0.97984000
0.09479637,0.72032000,0.97984000
0.09472557,0.72032000,0.97992000
0.09467546,0.72040000,0.97992000
0.09464603,0.72048000,0.97992000
0.09461927,0.72056000,0.97992000
0.09440724,0.72064000,0.97992000
0.09423812,0.72064000,0.98000000
0.09413664,0.72072000,0.98000000
0.09411258,0.72080000,0.98000000
0.09407963,0.72088000,0.98000000
0.09406204,0.72096000,0.98000000
0.09399069,0.72104000,0.98000000
0.09398524,0.72112000,0.98000000
0.09396385,0.72112000,0.98008000
0.09393907,0.72120000,0.98008000
0.09386376,0.72128000,0.98008000
0.09385080,0.72136000,0.98008000
0.09381826,0.72144000,0.98008000
0.09381516,0.72152000,0.98008000
0.09380845,0.72160000,0.98008000
0.09360144,0.72168000,0.98008000
0.09358171,0.72176000,0.98008000
0.09357858,0.72184000,0.98008000
0.09348986,0.72192000,0.98008000
0.09324808,0.72192000,0.98016000
0.09315681,0.72200000,0.98024000
0.09318586,0.72200000,0.98016000
0.09313408,0.72208000,0.98024000
0.09311675,0.72216000,0.98024000
0.09310620,0.72224000,0.98024000
0.09308649,0.72232000,0.98024000
0.09285085,0.72240000,0.98024000
0.09282545,0.72248000,0.98024000
0.09279281,0.72256000,0.98032000
0.09280253,0.72256000,0.98024000
0.09277622,0.72264000,0.98032000
0.09277447,0.72272000,0.98032000
0.09275477,0.72280000,0.98032000
0.09259619,0.72288000,0.98032000
0.09252346,0.72296000,0.98032000
0.09236955,0.72304000,0.98032000
0.09207486,0.72312000,0.98040000
0.09215140,0.72312000,0.98032000
0.09203139,0.72320000,0.98040000
0.09188136,0.72328000,0.98056000
0.09193484,0.72328000,0.98048000
0.09201065,0.72328000,0.98040000
0.09180392,0.72336000,0.98056000
0.09175082,0.72344000,0.98056000
0.09168240,0.72352000,0.98056000
0.09159262,0.72360000,0.98056000
0.09158264,0.72368000,0.98056000
0.09154452,0.72376000,0.98056000
0.09153581,0.72384000,0.98056000
0.09152287,0.72392000,0.98064000
0.09152430,0.72392000,0.98056000
0.09148510,0.72400000,0.98064000
0.09148084,0.72408000,0.98064000
0.09143466,0.72416000,0.98064000
0.09139611,0.72424000,0.98064000
0.09137569,0.72424000,0.98072000
0.09136861,0.72432000,0.98072000
0.09133654,0.72440000,0.98072000
0.09132598,0.72448000,0.98072000
0.09127768,0.72448000,0.98080000
0.09120236,0.72456000,0.98080000
0.09107791,0.72464000,0.98080000
0.09104487,0.72472000,0.98080000
0.09102553,0.72480000,0.98080000
0.09099544,0.72488000,0.98080000
0.09096022,0.72496000,0.98080000
0.09090732,0.72504000,0.98088000
0.09095864,0.72504000,0.98080000
0.09081683,0.72512000,0.98088000
0.09079602,0.72512000,0.98096000
0.09079099,0.72520000,0.98096000
0.09071849,0.72528000,0.98096000
0.09070712,0.72536000,0.98096000
0.09070548,0.72544000,0.98096000
0.09051766,0.72552000,0.98104000
0.09066518,0.72552000,0.98096000
0.09051550,0.72560000,0.98104000
0.09051239,0.72568000,0.98104000
0.09048355,0.72576000,0.98104000
0.09039857,0.72584000,0.98104000
0.09038524,0.72592000,0.98104000
0.09035587,0.72600000,0.98104000
0.09028540,0.72608000,0.98104000
0.09014392,0.72616000,0.98104000
0.09013326,0.72624000,0.98104000
0.09007009,0.72632000,0.98104000
0.09003969,0.72640000,0.98104000
0.08982976,0.72648000,0.98112000
0.08990936,0.72648000,0.98104000
0.08980025,0.72656000,0.98112000
0.08979413,0.72664000,0.98112000
0.08978758,0.72664000,0.98120000
0.08975413,0.72672000,0.98120000
0.08956124,0.72680000,0.98136000
0.08967301,0.72680000,0.98120000
0.08965578,0.72680000,0.98128000
0.08953197,0.72688000,0.98136000
0.08946621,0.72696000,0.98136000
0.08941271,0.72696000,0.98144000
0.08930806,0.72704000,0.98144000
0.08927381,0.72712000,0.98144000
0.08926017,0.72720000,0.98144000
0.08923052,0.72728000,0.98144000
0.08920566,0.72736000,0.98144000
0.08916141,0.72744000,0.98144000
0.08914584,0.72752000,0.98144000
0.08914075,0.72760000,0.98144000
0.08905613,0.72768000,0.98144000
0.08892103,0.72768000,0.98152000
0.08888182,0.72776000,0.98152000
0.08887264,0.72784000,0.98152000
0.08887067,0.72792000,0.98152000
0.08882292,0.72800000,0.98152000
0.08880769,0.72808000,0.98152000
0.08873288,0.72816000,0.98152000
0.08871684,0.72824000,0.98152000
0.08868632,0.72832000,0.98152000
0.08865698,0.72840000,0.98152000
0.08863700,0.72848000,0.98152000
0.08860120,0.72848000,0.98160000
0.08852882,0.72856000,0.98160000
0.08842095,0.72864000,0.98160000
0.08840988,0.72872000,0.98160000
0.08829217,0.72880000,0.98160000
0.08821278,0.72888000,0.98160000
0.08821078,0.72896000,0.98160000
0.08815760,0.72904000,0.98160000
0.08814275,0.72912000,0.98168000
0.08815715,0.72912000,0.98160000
0.08813109,0.72920000,0.98168000
0.08810749,0.72928000,0.98168000
0.08810541,0.72936000,0.98168000
0.08810396,0.72944000,0.98168000
0.08807096,0.72952000,0.98168000
0.08797835,0.72960000,0.98168000
0.08789844,0.72960000,0.98176000
0.08786517,0.72968000,0.98176000
0.08778223,0.72976000,0.98176000
0.08765798,0.72984000,0.98184000
0.08774852,0.72984000,0.98176000
0.08761638,0.72992000,0.98184000
0.08761425,0.73000000,0.98184000
0.08761195,0.73008000,0.98184000
0.08757830,0.73008000,0.98192000
0.08757155,0.73016000,0.98192000
0.08752483,0.73024000,0.98192000
0.08742853,0.73032000,0.98192000
0.08740563,0.73040000,0.98192000
0.08731572,0.73048000,0.98192000
0.08731128,0.73056000,0.98192000
0.08730560,0.73064000,0.98192000
0.08730154,0.73072000,0.98192000
0.08724374,0.73080000,0.98192000
0.08722807,0.73088000,0.98192000
0.08718355,0.73104000,0.98192000
0.08715707,0.73112000,0.98192000
0.08711164,0.73120000,0.98192000
0.08709338,0.73128000,0.98192000
0.08709303,0.73136000,0.98192000
0.08708250,0.73144000,0.98192000
0.08705475,0.73152000,0.98192000
0.08702701,0.73152000,0.98200000
0.08691771,0.73160000,0.98200000
0.08691531,0.73176000,0.98200000
0.08691511,0.73184000,0.98200000
0.08688739,0.73192000,0.98200000
0.08688460,0.73200000,0.98200000
0.08683977,0.73208000,0.98208000
0.08685887,0.73208000,0.98200000
0.08678398,0.73216000,0.98208000
0.08677188,0.73224000,0.98208000
0.08670093,0.73232000,0.98208000
0.08664591,0.73240000,0.98208000
0.08662709,0.73248000,0.98208000
0.08644028,0.73256000,0.98208000
0.08642865,0.73264000,0.98208000
0.08641824,0.73272000,0.98208000
0.08629660,0.73280000,0.98208000
0.08628407,0.73288000,0.98208000
0.08627900,0.73296000,0.98208000
0.08614633,0.73304000,0.98208000
0.08608399,0.73312000,0.98208000
0.08604368,0.73320000,0.98208000
0.08597203,0.73328000,0.98208000
0.08593912,0.73336000,0.98208000
0.08593389,0.73344000,0.98208000
0.08590847,0.73352000,0.98208000
0.08584420,0.73360000,0.98208000
0.08580792,0.73368000,0.98208000
0.08580323,0.73376000,0.98208000
0.08574140,0.73384000,0.98208000
0.08569594,0.73392000,0.98208000
0.08568533,0.73400000,0.98208000
0.08565131,0.73408000,0.98208000
0.08563926,0.73416000,0.98208000
0.08554544,0.73424000,0.98208000
0.08545268,0.73432000,0.98208000
0.08537500,0.73440000,0.98208000
0.08531562,0.73448000,0.98216000
0.08535948,0.73448000,0.98208000
0.08530319,0.73456000,0.98216000
0.08526224,0.73464000,0.98216000
0.08524309,0.73472000,0.98216000
0.08502667,0.73480000,0.98224000
0.08505146,0.73480000,0.98216000
0.08500605,0.73488000,0.98224000
0.08497772,0.73496000,0.98224000
0.08489667,0.73504000,0.98232000
0.08494273,0.73504000,0.98224000
0.08474620,0.73512000,0.98232000
0.08466224,0.73512000,0.98240000
0.08462684,0.73520000,0.98240000
0.08458848,0.73528000,0.98240000
0.08455618,0.73536000,0.98240000
0.08452548,0.73544000,0.98240000
0.08447411,0.73552000,0.98240000
0.08445445,0.73560000,0.98240000
0.08445352,0.73560000,0.98248000
0.08441938,0.73568000,0.98248000
0.08440594,0.73576000,0.98248000
0.08440401,0.73584000,0.98248000
0.08439212,0.73592000,0.98248000
0.08438832,0.73600000,0.98248000
0.08438356,0.73608000,0.98248000
0.08436798,0.73616000,0.98248000
0.08428541,0.73624000,0.98256000
0.08429424,0.73624000,0.98248000
0.08424262,0.73632000,0.98256000
0.08422554,0.73632000,0.98264000
0.08416162,0.73640000,0.98264000
0.08413018,0.73648000,0.98264000
0.08408677,0.73656000,0.98264000
0.08406458,0.73664000,0.98264000
0.08404100,0.73672000,0.98264000
0.08396231,0.73680000,0.98264000
0.08394786,0.73688000,0.98264000
0.08392515,0.73696000,0.98264000
0.08383990,0.73696000,0.98272000
0.08379603,0.73704000,0.98272000
0.08378348,0.73712000,0.98272000
0.08377575,0.73720000,0.98272000
0.08376967,0.73728000,0.98272000
0.08375818,0.73736000,0.98272000
0.08374768,0.73736000,0.98280000
0.08374059,0.73744000,0.98280000
0.08373730,0.73752000,0.98280000
0.08373367,0.73760000,0.98280000
0.08373214,0.73768000,0.98280000
0.08372734,0.73776000,0.98280000
0.08372457,0.73784000,0.98280000
0.08367813,0.73784000,0.98288000
0.08365449,0.73792000,0.98288000
0.08361116,0.73800000,0.98288000
0.08342203,0.73808000,0.98288000
0.08341999,0.73816000,0.98288000
0.08341096,0.73824000,0.98288000
0.08330656,0.73832000,0.98288000
0.08322617,0.73840000,0.98288000
0.08313441,0.73848000,0.98288000
0.08312140,0.73856000,0.98288000
0.08310112,0.73864000,0.98288000
0.08304653,0.73872000,0.98288000
0.08301396,0.73880000,0.98288000
0.08299286,0.73888000,0.98288000
0.08294036,0.73896000,0.98288000
0.08289523,0.73904000,0.98288000
0.08287943,0.73912000,0.98288000
0.08281279,0.73920000,0.98296000
0.08282895,0.73920000,0.98288000
0.08273799,0.73928000,0.98296000
0.08269314,0.73936000,0.98296000
0.08269154,0.73944000,0.98296000
0.08268958,0.73952000,0.98296000
0.08267160,0.73960000,0.98296000
0.08247069,0.73968000,0.98296000
0.08244896,0.73976000,0.98296000
0.08237573,0.73984000,0.98296000
0.08232702,0.73984000,0.98304000
0.08229344,0.73992000,0.98304000
0.08229163,0.74000000,0.98304000
0.08228217,0.74008000,0.98304000
0.08223815,0.74016000,0.98304000
0.08223563,0.74024000,0.98304000
0.08222096,0.74032000,0.98304000
0.08221251,0.74040000,0.98304000
0.08214902,0.74048000,0.98304000
0.08214394,0.74056000,0.98304000
0.08213398,0.74064000,0.98304000
0.08208431,0.74072000,0.98304000
0.08198146,0.74080000,0.98304000
0.08192017,0.74088000,0.98304000
0.08191331,0.74096000,0.98304000
0.08189542,0.74104000,0.98304000
0.08183998,0.74112000,0.98304000
0.08183005,0.74120000,0.98304000
0.08180250,0.74128000,0.98304000
0.08177647,0.74136000,0.98304000
0.08165575,0.74144000,0.98304000
0.08161882,0.74152000,0.98304000
0.08161705,0.74160000,0.98304000
0.08152606,0.74168000,0.98304000
0.08145612,0.74176000,0.98304000
0.08144716,0.74184000,0.98304000
0.08142291,0.74192000,0.98304000
0.08140750,0.74200000,0.98304000
0.08134106,0.74208000,0.98304000
0.08127534,0.74216000,0.98304000
0.08124934,0.74224000,0.98304000
0.08122648,0.74232000,0.98304000
0.08119673,0.74240000,0.98304000
0.08107582,0.74248000,0.98312000
0.08117585,0.74248000,0.98304000
0.08103736,0.74256000,0.98312000
0.08099515,0.74256000,0.98320000
0.08098950,0.74264000,0.98320000
0.08098783,0.74272000,0.98320000
0.08095911,0.74280000,0.98320000
0.08093303,0.74288000,0.98320000
0.08093206,0.74296000,0.98320000
0.08089878,0.74304000,0.98320000
0.08078960,0.74304000,0.98328000
0.08071832,0.74312000,0.98328000
0.08065784,0.74320000,0.98328000
0.08063072,0.74328000,0.98328000
0.08062383,0.74336000,0.98328000
0.08060077,0.74344000,0.98328000
0.08059306,0.74344000,0.98336000
0.08046123,0.74352000,0.98336000
0.08032051,0.74360000,0.98344000
0.08027737,0.74360000,0.98352000
0.08037798,0.74360000,0.98336000
0.08027145,0.74368000,0.98352000
0.08009213,0.74384000,0.98360000
0.08024471,0.74384000,0.98352000
0.07993765,0.74392000,0.98360000
0.07993242,0.74400000,0.98360000
0.07992256,0.74408000,0.98360000
0.07992209,0.74416000,0.98360000
0.07988924,0.74424000,0.98360000
0.07976829,0.74432000,0.98360000
0.07975601,0.74440000,0.98360000
0.07972645,0.74448000,0.98360000
0.07967184,0.74456000,0.98360000
0.07966254,0.74464000,0.98360000
0.07964938,0.74472000,0.98360000
0.07962685,0.74480000,0.98360000
0.07961480,0.74480000,0.98368000
0.07954788,0.74488000,0.98368000
0.07953039,0.74496000,0.98368000
0.07947018,0.74504000,0.98368000
0.07940879,0.74512000,0.98368000
0.07939166,0.74520000,0.98368000
0.07938752,0.74528000,0.98368000
0.07938296,0.74536000,0.98368000
0.07929498,0.74544000,0.98376000
0.07934601,0.74544000,0.98368000
0.07925331,0.74552000,0.98376000
0.07921147,0.74560000,0.98376000
0.07911909,0.74568000,0.98376000
0.07908729,0.74576000,0.98376000
0.07899833,0.74584000,0.98376000
0.07897359,0.74592000,0.98376000
0.07885791,0.74600000,0.98376000
0.07878879,0.74608000,0.98376000
0.07871221,0.74616000,0.98376000
0.07868675,0.74624000,0.98376000
0.07867521,0.74632000,0.98376000
0.07867424,0.74640000,0.98376000
0.07854376,0.74648000,0.98376000
0.07852084,0.74656000,0.98376000
0.07850535,0.74664000,0.98376000
0.07846262,0.74672000,0.98376000
0.07841352,0.74680000,0.98376000
0.07840164,0.74688000,0.98376000
0.07836201,0.74696000,0.98376000
0.07835954,0.74704000,0.98376000
0.07834660,0.74712000,0.98376000
0.07830875,0.74720000,0.98376000
0.07828652,0.74728000,0.98376000
0.07825501,0.74736000,0.98376000
0.07824370,0.74744000,0.98376000
0.07819147,0.74752000,0.98376000
0.07808828,0.74752000,0.98384000
0.07807127,0.74760000,0.98384000
0.07799576,0.74768000,0.98384000
0.07794149,0.74776000,0.98384000
0.07788784,0.74784000,0.98384000
0.07786757,0.74792000,0.98384000
0.07786494,0.74800000,0.98384000
0.07783567,0.74808000,0.98384000
0.07781509,0.74808000,0.98392000
0.07778674,0.74816000,0.98392000
0.07769481,0.74824000,0.98392000
0.07758065,0.74832000,0.98392000
0.07744318,0.74840000,0.98392000
0.07740497,0.74848000,0.98392000
0.07731406,0.74856000,0.98400000
0.07734591,0.74856000,0.98392000
0.07729774,0.74864000,0.98400000
0.07726675,0.74872000,0.98400000
0.07723793,0.74880000,0.98400000
0.07718921,0.74888000,0.98400000
0.07716599,0.74896000,0.98400000
0.07712973,0.74904000,0.98400000
0.07712200,0.74912000,0.98400000
0.07711761,0.74920000,0.98400000
0.07704420,0.74928000,0.98400000
0.07691631,0.74936000,0.98400000
0.07681527,0.74944000,0.98408000
0.07684421,0.74944000,0.98400000
0.07679988,0.74952000,0.98408000
0.07664287,0.74960000,0.98408000
0.07662069,0.74968000,0.98408000
0.07661447,0.74976000,0.98408000
0.07656430,0.74984000,0.98408000
0.07656075,0.74992000,0.98408000
0.07643000,0.75000000,0.98408000
0.07638544,0.75008000,0.98408000
0.07637056,0.75016000,0.98408000
0.07633816,0.75024000,0.98408000
0.07632672,0.75032000,0.98408000
0.07631093,0.75040000,0.98408000
0.07626987,0.75048000,0.98408000
0.07624795,0.75056000,0.98408000
0.07607143,0.75064000,0.98416000
0.07615384,0.75064000,0.98408000
0.07601966,0.75072000,0.98416000
0.07596090,0.75080000,0.98416000
0.07595846,0.75088000,0.98416000
0.07594666,0.75096000,0.98416000
0.07594581,0.75104000,0.98416000
0.07591739,0.75112000,0.98416000
0.07584259,0.75120000,0.98416000
0.07583524,0.75128000,0.98416000
0.07580147,0.75136000,0.98416000
0.07574357,0.75144000,0.98416000
0.07571787,0.75152000,0.98416000
0.07570259,0.75160000,0.98416000
0.07567618,0.75168000,0.98416000
0.07566456,0.75176000,0.98416000
0.07564182,0.75184000,0.98416000
0.07563905,0.75192000,0.98416000
0.07563616,0.75200000,0.98416000
0.07557406,0.75208000,0.98416000
0.07557057,0.75216000,0.98416000
0.07556840,0.75224000,0.98416000
0.07548936,0.75232000,0.98416000
0.07540492,0.75240000,0.98416000
0.07537014,0.75248000,0.98416000
0.07522994,0.75256000,0.98416000
0.07514748,0.75264000,0.98416000
0.07512833,0.75264000,0.98424000
0.07504827,0.75272000,0.98424000
0.07493845,0.75280000,0.98424000
0.07489562,0.75288000,0.98432000
0.07489685,0.75288000,0.98424000
0.07486286,0.75296000,0.98432000
0.07485417,0.75304000,0.98432000
0.07479144,0.75304000,0.98440000
0.07477573,0.75312000,0.98440000
0.07477471,0.75320000,0.98440000
0.07475923,0.75328000,0.98440000
0.07474702,0.75336000,0.98440000
0.07471349,0.75344000,0.98440000
0.07467990,0.75352000,0.98440000
0.07458602,0.75360000,0.98448000
0.07459632,0.75360000,0.98440000
0.07456271,0.75368000,0.98448000
0.07456018,0.75376000,0.98448000
0.07453847,0.75384000,0.98448000
0.07448217,0.75392000,0.98448000
0.07439815,0.75400000,0.98448000
0.07434867,0.75408000,0.98448000
0.07432508,0.75416000,0.98448000
0.07425605,0.75424000,0.98448000
0.07423502,0.75432000,0.98448000
0.07418273,0.75440000,0.98448000
0.07415687,0.75448000,0.98448000
0.07410365,0.75456000,0.98448000
0.07405443,0.75464000,0.98448000
0.07400420,0.75472000,0.98448000
0.07397829,0.75480000,0.98448000
0.07395338,0.75488000,0.98448000
0.07393651,0.75496000,0.98448000
0.07393146,0.75504000,0.98448000
0.07392731,0.75512000,0.98448000
0.07391055,0.75520000,0.98448000
0.07388324,0.75528000,0.98448000
0.07388081,0.75536000,0.98448000
0.07384727,0.75544000,0.98448000
0.07381260,0.75544000,0.98456000
0.07378948,0.75552000,0.98456000
0.07373936,0.75560000,0.98456000
0.07357780,0.75568000,0.98456000
0.07357299,0.75584000,0.98456000
0.07347954,0.75592000,0.98456000
0.07341108,0.75600000,0.98456000
0.07339335,0.75608000,0.98456000
0.07323741,0.75616000,0.98456000
0.07321639,0.75624000,0.98456000
0.07314041,0.75632000,0.98464000
0.07314718,0.75632000,0.98456000
0.07312895,0.75640000,0.98464000
0.07312593,0.75648000,0.98464000
0.07309920,0.75656000,0.98464000
0.07304978,0.75664000,0.98464000
0.07300397,0.75672000,0.98464000
0.07300303,0.75680000,0.98464000
0.07298715,0.75688000,0.98464000
0.07296538,0.75696000,0.98464000
0.07290942,0.75704000,0.98464000
0.07288200,0.75712000,0.98464000
0.07287308,0.75720000,0.98464000
0.07280079,0.75728000,0.98464000
0.07278225,0.75736000,0.98464000
0.07270747,0.75744000,0.98464000
0.07261163,0.75752000,0.98464000
0.07258127,0.75760000,0.98464000
0.07242584,0.75768000,0.98464000
0.07234240,0.75776000,0.98464000
0.07231419,0.75784000,0.98464000
0.07221759,0.75792000,0.98464000
0.07221717,0.75792000,0.98472000
0.07218271,0.75800000,0.98472000
0.07215536,0.75800000,0.98480000
0.07211449,0.75808000,0.98496000
0.07212950,0.75808000,0.98488000
0.07213772,0.75808000,0.98480000
0.07205509,0.75816000,0.98496000
0.07204348,0.75824000,0.98496000
0.07196759,0.75832000,0.98496000
0.07192791,0.75840000,0.98496000
0.07183028,0.75848000,0.98496000
0.07180678,0.75856000,0.98496000
0.07179506,0.75864000,0.98496000
0.07177317,0.75872000,0.98496000
0.07173079,0.75880000,0.98496000
0.07172373,0.75888000,0.98496000
0.07167485,0.75896000,0.98496000
0.07160156,0.75904000,0.98496000
0.07158300,0.75912000,0.98496000
0.07151438,0.75912000,0.98512000
0.07154953,0.75912000,0.98504000
0.07151305,0.75920000,0.98512000
0.07148222,0.75928000,0.98512000
0.07143825,0.75936000,0.98512000
0.07138758,0.75944000,0.98512000
0.07138179,0.75952000,0.98512000
0.07135073,0.75960000,0.98512000
0.07132874,0.75968000,0.98512000
0.07125582,0.75968000,0.98520000
0.07113393,0.75976000,0.98520000
0.07111885,0.75984000,0.98520000
0.07110980,0.75992000,0.98520000
0.07101963,0.76000000,0.98520000
0.07095314,0.76008000,0.98520000
0.07089088,0.76016000,0.98520000
0.07088699,0.76024000,0.98520000
0.07076545,0.76032000,0.98520000
0.07073485,0.76040000,0.98520000
0.07072899,0.76048000,0.98520000
0.07072484,0.76056000,0.98520000
0.07072207,0.76064000,0.98520000
0.07068750,0.76072000,0.98520000
0.07067069,0.76080000,0.98520000
0.07066708,0.76088000,0.98520000
0.07064821,0.76096000,0.98520000
0.07063477,0.76104000,0.98520000
0.07063377,0.76112000,0.98520000
0.07059860,0.76120000,0.98520000
0.07058959,0.76136000,0.98520000
0.07053737,0.76144000,0.98520000
0.07051858,0.76144000,0.98528000
0.07047740,0.76152000,0.98528000
0.07045601,0.76160000,0.98536000
0.07047179,0.76160000,0.98528000
0.07042965,0.76168000,0.98536000
0.07042503,0.76176000,0.98536000
0.07042141,0.76184000,0.98536000
0.07042131,0.76192000,0.98536000
0.07039747,0.76200000,0.98536000
0.07037488,0.76208000,0.98536000
0.07035136,0.76216000,0.98536000
0.07027933,0.76224000,0.98536000
0.07027509,0.76224000,0.98544000
0.07027281,0.76232000,0.98544000
0.07023852,0.76240000,0.98544000
0.07022139,0.76248000,0.98544000
0.07021842,0.76256000,0.98544000
0.07020466,0.76264000,0.98544000
0.07011425,0.76272000,0.98544000
0.07009742,0.76280000,0.98544000
0.06999422,0.76280000,0.98560000
0.07005732,0.76280000,0.98552000
0.06999384,0.76288000,0.98560000
0.06994448,0.76296000,0.98560000
0.06988185,0.76304000,0.98560000
0.06987242,0.76312000,0.98560000
0.06978007,0.76320000,0.98560000
0.06974155,0.76328000,0.98560000
0.06970827,0.76336000,0.98560000
0.06957814,0.76344000,0.98560000
0.06956267,0.76352000,0.98560000
0.06955076,0.76360000,0.98560000
0.06951432,0.76368000,0.98560000
0.06943563,0.76376000,0.98560000
0.06930712,0.76384000,0.98560000
0.06928215,0.76392000,0.98560000
0.06927438,0.76400000,0.98560000
0.06920339,0.76408000,0.98568000
0.06924536,0.76408000,0.98560000
0.06912115,0.76416000,0.98568000
0.06897198,0.76424000,0.98568000
0.06893049,0.76432000,0.98576000
0.06893771,0.76432000,0.98568000
0.06889611,0.76440000,0.98576000
0.06885664,0.76448000,0.98576000
0.06885131,0.76456000,0.98576000
0.06883021,0.76464000,0.98576000
0.06880478,0.76472000,0.98576000
0.06880116,0.76480000,0.98576000
0.06878802,0.76488000,0.98576000
0.06878313,0.76496000,0.98576000
0.06876501,0.76496000,0.98584000
0.06876313,0.76504000,0.98584000
0.06867596,0.76512000,0.98584000
0.06866150,0.76520000,0.98592000
0.06857102,0.76520000,0.98600000
0.06866869,0.76520000,0.98584000
0.06854839,0.76528000,0.98600000
0.06851044,0.76536000,0.98600000
0.06850424,0.76544000,0.98600000
0.06841139,0.76552000,0.98600000
0.06831572,0.76560000,0.98600000
0.06826986,0.76568000,0.98600000
0.06825124,0.76576000,0.98600000
0.06819203,0.76584000,0.98600000
0.06816582,0.76592000,0.98600000
0.06816228,0.76600000,0.98600000
0.06814455,0.76608000,0.98600000
0.06813625,0.76616000,0.98600000
0.06812480,0.76624000,0.98600000
0.06811372,0.76632000,0.98600000
0.06807061,0.76640000,0.98600000
0.06794673,0.76648000,0.98600000
0.06792258,0.76656000,0.98600000
0.06789745,0.76664000,0.98600000
0.06789640,0.76672000,0.98600000
0.06788430,0.76680000,0.98608000
0.06788772,0.76680000,0.98600000
0.06787872,0.76688000,0.98608000
0.06774949,0.76696000,0.98608000
0.06774674,0.76704000,0.98608000
0.06772552,0.76712000,0.98608000
0.06765573,0.76720000,0.98608000
0.06764738,0.76728000,0.98608000
0.06759294,0.76736000,0.98608000
0.06757265,0.76744000,0.98608000
0.06756622,0.76752000,0.98608000
0.06754890,0.76760000,0.98608000
0.06753774,0.76768000,0.98608000
0.06750243,0.76776000,0.98608000
0.06746109,0.76784000,0.98608000
0.06745157,0.76792000,0.98608000
0.06739773,0.76800000,0.98608000
0.06735729,0.76808000,0.98608000
0.06730346,0.76816000,0.98608000
0.06728607,0.76824000,0.98608000
0.06716208,0.76832000,0.98608000
0.06714703,0.76840000,0.98608000
0.06705393,0.76848000,0.98608000
0.06702731,0.76856000,0.98608000
0.06702710,0.76864000,0.98608000
0.06701319,0.76872000,0.98608000
0.06694450,0.76880000,0.98608000
0.06694379,0.76888000,0.98608000
0.06687196,0.76896000,0.98616000
0.06692122,0.76896000,0.98608000
0.06687053,0.76912000,0.98616000
0.06681050,0.76920000,0.98616000
0.06674468,0.76928000,0.98616000
0.06674414,0.76936000,0.98616000
0.06667243,0.76944000,0.98616000
0.06663025,0.76952000,0.98616000
0.06655669,0.76960000,0.98616000
0.06655346,0.76968000,0.98616000
0.06651789,0.76976000,0.98616000
0.06650400,0.76984000,0.98616000
0.06643616,0.76992000,0.98624000
0.06643634,0.76992000,0.98616000
0.06640127,0.77000000,0.98624000
0.06636140,0.77008000,0.98624000
0.06630373,0.77016000,0.98624000
0.06619868,0.77024000,0.98624000
0.06619366,0.77032000,0.98624000
0.06617095,0.77040000,0.98624000
0.06611203,0.77048000,0.98624000
0.06605604,0.77056000,0.98624000
0.06604813,0.77064000,0.98624000
0.06602875,0.77072000,0.98624000
0.06600162,0.77080000,0.98624000
0.06596676,0.77080000,0.98632000
0.06592995,0.77088000,0.98632000
0.06592512,0.77096000,0.98632000
0.06590739,0.77104000,0.98632000
0.06585969,0.77112000,0.98640000
0.06590606,0.77112000,0.98632000
0.06583335,0.77120000,0.98640000
0.06577974,0.77128000,0.98640000
0.06575167,0.77136000,0.98640000
0.06569517,0.77144000,0.98640000
0.06569400,0.77152000,0.98640000
0.06569226,0.77160000,0.98640000
0.06560162,0.77168000,0.98656000
0.06561064,0.77168000,0.98648000
0.06565049,0.77168000,0.98640000
0.06552663,0.77176000,0.98656000
0.06552432,0.77184000,0.98656000
0.06549615,0.77192000,0.98656000
0.06548463,0.77200000,0.98664000
0.06549468,0.77200000,0.98656000
0.06545460,0.77208000,0.98664000
0.06544133,0.77216000,0.98664000
0.06532203,0.77224000,0.98664000
0.06524700,0.77232000,0.98664000
0.06520723,0.77240000,0.98664000
0.06518062,0.77248000,0.98664000
0.06510737,0.77256000,0.98664000
0.06506226,0.77264000,0.98664000
0.06505941,0.77272000,0.98664000
0.06501757,0.77280000,0.98664000
0.06501670,0.77288000,0.98664000
0.06501468,0.77296000,0.98664000
0.06500303,0.77304000,0.98664000
0.06500042,0.77312000,0.98664000
0.06497005,0.77320000,0.98664000
0.06493233,0.77328000,0.98664000
0.06491431,0.77336000,0.98664000
0.06476396,0.77344000,0.98664000
0.06472163,0.77352000,0.98664000
0.06469963,0.77360000,0.98664000
0.06469613,0.77368000,0.98664000
0.06466391,0.77376000,0.98672000
0.06467030,0.77376000,0.98664000
0.06465586,0.77384000,0.98672000
0.06458913,0.77392000,0.98672000
0.06453106,0.77400000,0.98672000
0.06452930,0.77400000,0.98680000
0.06449549,0.77408000,0.98680000
0.06441976,0.77416000,0.98680000
0.06429683,0.77424000,0.98680000
0.06427481,0.77432000,0.98680000
0.06426591,0.77440000,0.98680000
0.06423416,0.77440000,0.98688000
0.06417836,0.77448000,0.98688000
0.06412213,0.77456000,0.98688000
0.06409790,0.77464000,0.98688000
0.06407275,0.77472000,0.98688000
0.06394969,0.77480000,0.98688000
0.06391610,0.77488000,0.98688000
0.06389645,0.77496000,0.98688000
0.06381547,0.77504000,0.98696000
0.06389341,0.77504000,0.98688000
0.06379348,0.77512000,0.98696000
0.06373358,0.77520000,0.98696000
0.06373320,0.77528000,0.98696000
0.06357757,0.77536000,0.98696000
0.06355417,0.77544000,0.98696000
0.06349665,0.77552000,0.98704000
0.06350035,0.77552000,0.98696000
0.06339613,0.77560000,0.98704000
0.06338677,0.77568000,0.98704000
0.06334653,0.77576000,0.98704000
0.06332798,0.77584000,0.98704000
0.06330541,0.77592000,0.98704000
0.06328014,0.77600000,0.98704000
0.06327859,0.77608000,0.98704000
0.06326120,0.77616000,0.98704000
0.06325445,0.77624000,0.98704000
0.06323992,0.77632000,0.98704000
0.06317599,0.77640000,0.98704000
0.06314519,0.77648000,0.98704000
0.06299484,0.77656000,0.98704000
0.06299319,0.77664000,0.98704000
0.06296546,0.77672000,0.98704000
0.06290004,0.77680000,0.98704000
0.06287294,0.77688000,0.98704000
0.06286614,0.77696000,0.98704000
0.06283762,0.77704000,0.98704000
0.06276700,0.77712000,0.98704000
0.06274476,0.77720000,0.98704000
0.06274351,0.77728000,0.98704000
0.06264642,0.77736000,0.98704000
0.06260931,0.77744000,0.98704000
0.06252691,0.77752000,0.98704000
0.06248197,0.77760000,0.98720000
0.06250215,0.77760000,0.98712000
0.06251410,0.77760000,0.98704000
0.06247692,0.77768000,0.98720000
0.06247307,0.77776000,0.98720000
0.06245796,0.77784000,0.98720000
0.06238497,0.77792000,0.98720000
0.06234079,0.77800000,0.98720000
0.06227834,0.77808000,0.98720000
0.06223064,0.77816000,0.98720000
0.06220981,0.77824000,0.98720000
0.06216692,0.77832000,0.98720000
0.06215046,0.77840000,0.98720000
0.06210914,0.77848000,0.98720000
0.06206631,0.77856000,0.98720000
0.06204347,0.77864000,0.98720000
0.06204307,0.77864000,0.98728000
0.06197860,0.77872000,0.98728000
0.06194943,0.77880000,0.98728000
0.06190712,0.77888000,0.98728000
0.06190223,0.77896000,0.98728000
0.06190115,0.77904000,0.98728000
0.06186975,0.77904000,0.98736000
0.06186254,0.77912000,0.98736000
0.06184369,0.77920000,0.98736000
0.06181177,0.77928000,0.98736000
0.06177336,0.77936000,0.98736000
0.06176817,0.77952000,0.98736000
0.06170644,0.77960000,0.98736000
0.06159776,0.77968000,0.98736000
0.06154050,0.77976000,0.98736000
0.06152553,0.77984000,0.98736000
0.06152529,0.77992000,0.98736000
0.06144400,0.78000000,0.98736000
0.06136169,0.78008000,0.98736000
0.06133160,0.78016000,0.98736000
0.06131557,0.78024000,0.98736000
0.06130634,0.78032000,0.98736000
0.06129882,0.78040000,0.98736000
0.06127543,0.78048000,0.98736000
0.06115335,0.78056000,0.98736000
0.06113322,0.78064000,0.98736000
0.06102797,0.78072000,0.98744000
0.06113195,0.78072000,0.98736000
0.06097421,0.78080000,0.98744000
0.06096631,0.78088000,0.98744000
0.06096603,0.78096000,0.98744000
0.06093568,0.78104000,0.98744000
0.06091792,0.78120000,0.98744000
0.06090399,0.78128000,0.98744000
0.06089376,0.78136000,0.98744000
0.06087497,0.78136000,0.98752000
0.06084986,0.78144000,0.98752000
0.06082895,0.78152000,0.98752000
0.06080034,0.78160000,0.98752000
0.06074757,0.78168000,0.98752000
0.06072178,0.78176000,0.98752000
0.06069649,0.78184000,0.98752000
0.06069574,0.78192000,0.98752000
0.06068545,0.78200000,0.98752000
0.06068533,0.78208000,0.98752000
0.06062920,0.78216000,0.98752000
0.06060750,0.78224000,0.98752000
0.06055307,0.78232000,0.98760000
0.06050952,0.78232000,0.98768000
0.06060383,0.78232000,0.98752000
0.06050532,0.78240000,0.98768000
0.06046440,0.78248000,0.98768000
0.06045352,0.78248000,0.98776000
0.06043882,0.78256000,0.98776000
0.06042717,0.78264000,0.98776000
0.06040123,0.78272000,0.98776000
0.06037404,0.78272000,0.98784000
0.06037326,0.78280000,0.98784000
0.06035481,0.78288000,0.98784000
0.06034556,0.78296000,0.98784000
0.06033405,0.78304000,0.98784000
0.06031732,0.78312000,0.98784000
0.06030379,0.78320000,0.98784000
0.06026369,0.78328000,0.98784000
0.06025639,0.78336000,0.98784000
0.06017553,0.78344000,0.98792000
0.06017796,0.78344000,0.98784000
0.06014641,0.78352000,0.98792000
0.06013656,0.78360000,0.98792000
0.06012221,0.78368000,0.98792000
0.06005073,0.78376000,0.98792000
0.06004953,0.78384000,0.98792000
0.06002900,0.78392000,0.98792000
0.05997638,0.78400000,0.98792000
0.05992826,0.78408000,0.98792000
0.05987493,0.78416000,0.98792000
0.05970452,0.78424000,0.98792000
0.05967551,0.78432000,0.98792000
0.05957993,0.78440000,0.98792000
0.05947267,0.78440000,0.98800000
0.05945186,0.78448000,0.98800000
0.05944091,0.78456000,0.98800000
0.05941027,0.78464000,0.98800000
0.05936540,0.78472000,0.98800000
0.05934298,0.78480000,0.98800000
0.05931091,0.78488000,0.98800000
0.05928044,0.78496000,0.98800000
0.05920648,0.78504000,0.98800000
0.05918986,0.78512000,0.98800000
0.05918207,0.78520000,0.98800000
0.05905418,0.78528000,0.98800000
0.05897492,0.78536000,0.98800000
0.05896946,0.78544000,0.98800000
0.05894659,0.78552000,0.98800000
0.05894652,0.78560000,0.98800000
0.05887147,0.78568000,0.98800000
0.05881511,0.78576000,0.98800000
0.05880954,0.78584000,0.98800000
0.05878059,0.78584000,0.98808000
0.05871507,0.78592000,0.98808000
0.05865934,0.78600000,0.98808000
0.05863097,0.78608000,0.98808000
0.05862866,0.78616000,0.98808000
0.05862811,0.78624000,0.98808000
0.05861627,0.78632000,0.98808000
0.05860065,0.78640000,0.98808000
0.05859624,0.78648000,0.98808000
0.05858670,0.78656000,0.98808000
0.05858225,0.78664000,0.98808000
0.05855583,0.78672000,0.98808000
0.05850709,0.78680000,0.98808000
0.05849283,0.78688000,0.98808000
0.05845635,0.78696000,0.98816000
0.05846407,0.78696000,0.98808000
0.05844256,0.78704000,0.98816000
0.05843189,0.78712000,0.98816000
0.05840943,0.78720000,0.98816000
0.05840208,0.78720000,0.98824000
0.05836685,0.78728000,0.98824000
0.05834274,0.78736000,0.98824000
0.05826839,0.78744000,0.98824000
0.05822858,0.78752000,0.98824000
0.05814222,0.78760000,0.98832000
0.05822585,0.78760000,0.98824000
0.05812619,0.78768000,0.98832000
0.05811667,0.78776000,0.98832000
0.05802121,0.78784000,0.98832000
0.05794721,0.78792000,0.98832000
0.05791385,0.78800000,0.98832000
0.05790018,0.78808000,0.98832000
0.05788634,0.78816000,0.98832000
0.05788433,0.78824000,0.98832000
0.05786279,0.78832000,0.98832000
0.05781727,0.78840000,0.98832000
0.05775827,0.78848000,0.98840000
0.05777159,0.78848000,0.98832000
0.05766749,0.78856000,0.98840000
0.05765830,0.78864000,0.98840000
0.05765532,0.78872000,0.98840000
0.05760020,0.78880000,0.98840000
0.05757753,0.78888000,0.98840000
0.05749579,0.78896000,0.98840000
0.05738271,0.78904000,0.98840000
0.05737508,0.78912000,0.98840000
0.05734147,0.78920000,0.98840000
0.05727457,0.78920000,0.98848000
0.05717639,0.78928000,0.98848000
0.05716484,0.78936000,0.98848000
0.05708531,0.78944000,0.98848000
0.05707910,0.78952000,0.98848000
0.05700088,0.78960000,0.98856000
0.05706062,0.78960000,0.98848000
0.05694651,0.78968000,0.98856000
0.05694428,0.78984000,0.98856000
0.05687293,0.78992000,0.98856000
0.05682057,0.79000000,0.98856000
0.05676116,0.79008000,0.98856000
0.05673955,0.79016000,0.98856000
0.05670657,0.79024000,0.98856000
0.05666277,0.79032000,0.98856000
0.05659667,0.79040000,0.98856000
0.05659071,0.79048000,0.98856000
0.05653532,0.79056000,0.98856000
0.05649580,0.79064000,0.98856000
0.05639605,0.79072000,0.98856000
0.05635356,0.79080000,0.98856000
0.05630803,0.79088000,0.98856000
0.05619506,0.79096000,0.98856000
0.05618504,0.79104000,0.98856000
0.05613601,0.79112000,0.98856000
0.05611213,0.79120000,0.98856000
0.05610309,0.79128000,0.98856000
0.05610055,0.79136000,0.98856000
0.05609378,0.79144000,0.98856000
0.05600587,0.79152000,0.98856000
0.05597714,0.79152000,0.98864000
0.05581500,0.79160000,0.98864000
0.05574581,0.79160000,0.98872000
0.05566975,0.79168000,0.98872000
0.05566530,0.79176000,0.98872000
0.05565245,0.79184000,0.98872000
0.05561658,0.79192000,0.98872000
0.05559721,0.79200000,0.98872000
0.05552518,0.79208000,0.98872000
0.05550949,0.79216000,0.98872000
0.05539829,0.79224000,0.98872000
0.05527784,0.79232000,0.98880000
0.05530273,0.79232000,0.98872000
0.05524980,0.79240000,0.98880000
0.05523458,0.79248000,0.98880000
0.05523236,0.79256000,0.98880000
0.05520760,0.79264000,0.98880000
0.05518666,0.79272000,0.98880000
0.05513750,0.79280000,0.98880000
0.05507200,0.79288000,0.98880000
0.05503685,0.79296000,0.98888000
0.05504466,0.79296000,0.98880000
0.05492915,0.79296000,0.98896000
0.05489996,0.79304000,0.98896000
0.05480776,0.79312000,0.98904000
0.05482154,0.79312000,0.98896000
0.05480653,0.79320000,0.98904000
0.05479162,0.79328000,0.98904000
0.05478916,0.79336000,0.98904000
0.05472168,0.79344000,0.98920000
0.05477928,0.79344000,0.98904000
0.05471152,0.79352000,0.98920000
0.05468510,0.79368000,0.98920000
0.05460751,0.79376000,0.98920000
0.05459455,0.79384000,0.98920000
0.05457034,0.79392000,0.98920000
0.05456537,0.79400000,0.98920000
0.05455486,0.79408000,0.98920000
0.05447278,0.79416000,0.98920000
0.05441066,0.79424000,0.98920000
0.05440135,0.79432000,0.98920000
0.05434252,0.79440000,0.98920000
0.05432060,0.79448000,0.98928000
0.05433145,0.79448000,0.98920000
0.05424788,0.79448000,0.98936000
0.05422442,0.79456000,0.98936000
0.05411873,0.79464000,0.98936000
0.05410842,0.79472000,0.98936000
0.05409527,0.79472000,0.98944000
0.05409005,0.79480000,0.98944000
0.05407367,0.79488000,0.98944000
0.05407255,0.79496000,0.98944000
0.05407169,0.79504000,0.98944000
0.05406401,0.79512000,0.98944000
0.05406323,0.79520000,0.98944000
0.05402811,0.79528000,0.98944000
0.05401167,0.79536000,0.98944000
0.05389604,0.79544000,0.98944000
0.05388005,0.79552000,0.98944000
0.05387810,0.79560000,0.98944000
0.05386636,0.79568000,0.98944000
0.05386608,0.79576000,0.98944000
0.05380158,0.79584000,0.98944000
0.05376458,0.79592000,0.98944000
0.05365676,0.79600000,0.98944000
0.05364466,0.79608000,0.98944000
0.05359460,0.79616000,0.98944000
0.05349086,0.79616000,0.98952000
0.05345787,0.79624000,0.98952000
0.05338291,0.79632000,0.98952000
0.05337215,0.79640000,0.98952000
0.05335815,0.79648000,0.98952000
0.05334398,0.79656000,0.98952000
0.05333890,0.79664000,0.98952000
0.05333722,0.79672000,0.98952000
0.05331604,0.79680000,0.98952000
0.05328137,0.79688000,0.98952000
0.05322094,0.79688000,0.98960000
0.05321933,0.79696000,0.98960000
0.05313143,0.79704000,0.98960000
0.05305685,0.79712000,0.98960000
0.05296200,0.79720000,0.98960000
0.05295528,0.79728000,0.98960000
0.05276049,0.79744000,0.98968000
0.05294865,0.79744000,0.98960000
0.05267270,0.79752000,0.98968000
0.05265448,0.79760000,0.98968000
0.05264580,0.79768000,0.98968000
0.05262359,0.79776000,0.98968000
0.05257501,0.79784000,0.98968000
0.05256566,0.79784000,0.98976000
0.05252689,0.79792000,0.98976000
0.05245471,0.79800000,0.98976000
0.05245217,0.79808000,0.98976000
0.05241689,0.79816000,0.98976000
0.05240631,0.79824000,0.98976000
0.05237503,0.79832000,0.98984000
0.05238782,0.79832000,0.98976000
0.05235357,0.79840000,0.98984000
0.05232248,0.79848000,0.98984000
0.05227488,0.79856000,0.98984000
0.05226078,0.79864000,0.98984000
0.05224382,0.79872000,0.98984000
0.05224018,0.79880000,0.98984000
0.05222874,0.79888000,0.98984000
0.05219583,0.79896000,0.98984000
0.05219477,0.79904000,0.98984000
0.05213093,0.79912000,0.98984000
0.05202207,0.79920000,0.98984000
0.05201557,0.79928000,0.98984000
0.05197016,0.79936000,0.98984000
0.05195710,0.79944000,0.98984000
0.05194317,0.79952000,0.98984000
0.05194027,0.79960000,0.98984000
0.05190872,0.79960000,0.98992000
0.05190074,0.79968000,0.98992000
0.05182362,0.79976000,0.98992000
0.05181653,0.79976000,0.99000000
0.05181512,0.79984000,0.99000000
0.05179935,0.79992000,0.99000000
0.05178861,0.80000000,0.99000000
0.05169554,0.80008000,0.99008000
0.05174696,0.80008000,0.99000000
0.05167817,0.80008000,0.99016000
0.05164514,0.80016000,0.99016000
0.05163979,0.80024000,0.99016000
0.05157381,0.80032000,0.99016000
0.05156136,0.80040000,0.99016000
0.05143693,0.80048000,0.99016000
0.05134209,0.80056000,0.99016000
0.05125666,0.80064000,0.99016000
0.05123843,0.80072000,0.99016000
0.05120111,0.80080000,0.99016000
0.05118350,0.80088000,0.99016000
0.05108535,0.80096000,0.99016000
0.05105188,0.80104000,0.99016000
0.05105085,0.80112000,0.99016000
0.05102209,0.80120000,0.99016000
0.05099867,0.80128000,0.99016000
0.05096559,0.80136000,0.99016000
0.05095921,0.80144000,0.99016000
0.05082894,0.80152000,0.99016000
0.05081489,0.80160000,0.99016000
0.05081444,0.80168000,0.99016000
0.05079732,0.80176000,0.99016000
0.05070153,0.80184000,0.99016000
0.05069660,0.80184000,0.99024000
0.05065388,0.80192000,0.99024000
0.05065368,0.80200000,0.99024000
0.05065269,0.80208000,0.99024000
0.05065246,0.80216000,0.99024000
0.05047190,0.80224000,0.99024000
0.05042758,0.80232000,0.99024000
0.05040329,0.80240000,0.99024000
0.05037671,0.80248000,0.99024000
0.05032577,0.80256000,0.99024000
0.05031979,0.80264000,0.99024000
0.05027176,0.80272000,0.99024000
0.05011927,0.80280000,0.99024000
0.05010987,0.80288000,0.99024000
0.05005010,0.80296000,0.99024000
0.05004583,0.80304000,0.99024000
0.05002918,0.80312000,0.99024000
0.05001586,0.80320000,0.99024000
0.04998986,0.80328000,0.99024000
0.04996907,0.80336000,0.99024000
0.04986906,0.80344000,0.99032000
0.04991830,0.80344000,0.99024000
0.04986184,0.80352000,0.99032000
0.04985188,0.80360000,0.99032000
0.04984018,0.80368000,0.99032000
0.04981126,0.80376000,0.99032000
0.04978387,0.80384000,0.99032000
0.04978164,0.80392000,0.99032000
0.04978127,0.80400000,0.99032000
0.04977832,0.80408000,0.99032000
0.04974880,0.80416000,0.99032000
0.04971385,0.80424000,0.99032000
0.04966475,0.80424000,0.99040000
0.04963878,0.80432000,0.99040000
0.04961746,0.80440000,0.99040000
0.04961024,0.80448000,0.99040000
0.04958947,0.80456000,0.99040000
0.04953529,0.80464000,0.99040000
0.04952949,0.80472000,0.99040000
0.04952928,0.80480000,0.99040000
0.04949833,0.80488000,0.99040000
0.04946402,0.80496000,0.99040000
0.04942789,0.80504000,0.99040000
0.04940343,0.80512000,0.99040000
0.04939784,0.80520000,0.99040000
0.04934695,0.80528000,0.99040000
0.04931402,0.80536000,0.99040000
0.04930481,0.80544000,0.99040000
0.04925083,0.80552000,0.99048000
0.04926053,0.80552000,0.99040000
0.04924031,0.80560000,0.99048000
0.04922666,0.80568000,0.99048000
0.04922424,0.80576000,0.99048000
0.04904493,0.80584000,0.99048000
0.04895485,0.80592000,0.99056000
0.04899764,0.80592000,0.99048000
0.04893610,0.80600000,0.99056000
0.04890598,0.80608000,0.99056000
0.04883863,0.80616000,0.99056000
0.04882317,0.80624000,0.99056000
0.04880299,0.80632000,0.99056000
0.04877679,0.80632000,0.99072000
0.04879655,0.80632000,0.99064000
0.04872867,0.80640000,0.99072000
0.04866650,0.80648000,0.99080000
0.04867037,0.80648000,0.99072000
0.04860318,0.80656000,0.99080000
0.04859211,0.80664000,0.99080000
0.04857292,0.80672000,0.99080000
0.04856818,0.80680000,0.99080000
0.04849709,0.80688000,0.99080000
0.04843372,0.80696000,0.99080000
0.04843010,0.80704000,0.99080000
0.04842727,0.80712000,0.99080000
0.04839770,0.80720000,0.99080000
0.04838051,0.80728000,0.99080000
0.04836043,0.80736000,0.99080000
0.04833348,0.80744000,0.99080000
0.04828008,0.80752000,0.99080000
0.04823408,0.80760000,0.99080000
0.04820936,0.80768000,0.99088000
0.04823180,0.80768000,0.99080000
0.04814503,0.80776000,0.99088000
0.04813251,0.80784000,0.99088000
0.04812454,0.80792000,0.99088000
0.04810272,0.80800000,0.99088000
0.04808294,0.80808000,0.99088000
0.04804380,0.80816000,0.99088000
0.04798318,0.80824000,0.99088000
0.04797744,0.80832000,0.99088000
0.04795345,0.80840000,0.99088000
0.04794467,0.80848000,0.99088000
0.04790200,0.80856000,0.99088000
0.04789990,0.80864000,0.99088000
0.04784113,0.80872000,0.99088000
0.04782889,0.80880000,0.99088000
0.04782494,0.80888000,0.99088000
0.04779703,0.80896000,0.99088000
0.04779333,0.80904000,0.99088000
0.04779222,0.80904000,0.99096000
0.04772320,0.80912000,0.99096000
0.04765512,0.80920000,0.99096000
0.04739730,0.80928000,0.99096000
0.04737474,0.80936000,0.99096000
0.04735546,0.80944000,0.99096000
0.04731850,0.80952000,0.99096000
0.04729663,0.80960000,0.99096000
0.04729410,0.80968000,0.99104000
0.04729511,0.80968000,0.99096000
0.04728213,0.80976000,0.99104000
0.04719830,0.80984000,0.99112000
0.04725560,0.80984000,0.99104000
0.04712314,0.80992000,0.99120000
0.04714850,0.80992000,0.99112000
0.04699352,0.81000000,0.99120000
0.04695619,0.81008000,0.99120000
0.04694218,0.81016000,0.99120000
0.04692913,0.81024000,0.99120000
0.04688006,0.81032000,0.99128000
0.04689104,0.81032000,0.99120000
0.04686644,0.81040000,0.99128000
0.04684505,0.81048000,0.99128000
0.04682531,0.81056000,0.99128000
0.04679231,0.81072000,0.99128000
0.04674784,0.81080000,0.99128000
0.04667130,0.81088000,0.99128000
0.04661679,0.81096000,0.99128000
0.04651818,0.81096000,0.99136000
0.04651783,0.81104000,0.99136000
0.04649598,0.81112000,0.99136000
0.04648634,0.81120000,0.99136000
0.04641695,0.81128000,0.99136000
0.04639004,0.81136000,0.99136000
0.04637890,0.81144000,0.99136000
0.04636551,0.81152000,0.99136000
0.04631253,0.81160000,0.99136000
0.04630230,0.81168000,0.99136000
0.04630108,0.81168000,0.99144000
0.04629867,0.81176000,0.99144000
0.04626919,0.81184000,0.99144000
0.04620843,0.81192000,0.99144000
0.04616523,0.81200000,0.99144000
0.04612789,0.81208000,0.99144000
0.04612621,0.81216000,0.99144000
0.04608622,0.81224000,0.99144000
0.04608082,0.81232000,0.99144000
0.04606591,0.81240000,0.99144000
0.04606557,0.81256000,0.99144000
0.04605400,0.81264000,0.99144000
0.04603575,0.81272000,0.99144000
0.04601787,0.81280000,0.99144000
0.04595830,0.81288000,0.99144000
0.04594731,0.81296000,0.99144000
0.04593559,0.81304000,0.99144000
0.04587836,0.81312000,0.99144000
0.04586774,0.81320000,0.99144000
0.04584065,0.81328000,0.99144000
0.04582001,0.81336000,0.99144000
0.04578336,0.81344000,0.99144000
0.04575378,0.81352000,0.99152000
0.04576321,0.81352000,0.99144000
0.04572396,0.81360000,0.99152000
0.04570492,0.81376000,0.99152000
0.04570443,0.81384000,0.99152000
0.04569662,0.81392000,0.99152000
0.04569001,0.81400000,0.99152000
0.04566436,0.81408000,0.99168000
0.04567792,0.81408000,0.99152000
0.04567418,0.81408000,0.99160000
0.04564631,0.81416000,0.99168000
0.04558818,0.81424000,0.99168000
0.04556978,0.81432000,0.99168000
0.04556254,0.81440000,0.99168000
0.04554613,0.81448000,0.99168000
0.04543883,0.81456000,0.99168000
0.04534788,0.81464000,0.99168000
0.04532455,0.81472000,0.99168000
0.04529050,0.81480000,0.99168000
0.04527205,0.81488000,0.99168000
0.04521851,0.81496000,0.99168000
0.04511308,0.81504000,0.99168000
0.04510355,0.81512000,0.99168000
0.04505840,0.81520000,0.99176000
0.04508416,0.81520000,0.99168000
0.04501983,0.81528000,0.99176000
0.04499145,0.81536000,0.99176000
0.04495027,0.81544000,0.99176000
0.04493823,0.81544000,0.99184000
0.04493019,0.81552000,0.99184000
0.04490453,0.81560000,0.99184000
0.04487308,0.81568000,0.99184000
0.04483177,0.81576000,0.99184000
0.04481408,0.81584000,0.99184000
0.04480185,0.81600000,0.99184000
0.04476529,0.81608000,0.99184000
0.04473757,0.81616000,0.99184000
0.04473188,0.81624000,0.99184000
0.04460967,0.81632000,0.99184000
0.04458138,0.81640000,0.99184000
0.04454484,0.81648000,0.99184000
0.04452811,0.81664000,0.99184000
0.04446126,0.81672000,0.99184000
0.04443635,0.81680000,0.99184000
0.04443420,0.81688000,0.99184000
0.04442365,0.81696000,0.99184000
0.04441266,0.81704000,0.99184000
0.04437910,0.81712000,0.99184000
0.04436528,0.81720000,0.99184000
0.04434329,0.81728000,0.99192000
0.04434481,0.81728000,0.99184000
0.04423345,0.81736000,0.99208000
0.04430804,0.81736000,0.99192000
0.04429291,0.81736000,0.99200000
0.04422292,0.81744000,0.99208000
0.04415923,0.81752000,0.99208000
0.04412794,0.81760000,0.99208000
0.04412239,0.81768000,0.99208000
0.04406587,0.81776000,0.99208000
0.04404854,0.81776000,0.99216000
0.04403594,0.81784000,0.99216000
0.04403220,0.81792000,0.99216000
0.04398131,0.81792000,0.99224000
0.04391888,0.81800000,0.99224000
0.04388537,0.81808000,0.99224000
0.04378244,0.81816000,0.99224000
0.04370371,0.81824000,0.99224000
0.04369668,0.81832000,0.99224000
0.04369329,0.81840000,0.99224000
0.04368576,0.81848000,0.99224000
0.04366369,0.81856000,0.99224000
0.04359244,0.81864000,0.99224000
0.04354470,0.81872000,0.99224000
0.04353666,0.81880000,0.99224000
0.04351173,0.81888000,0.99224000
0.04345667,0.81896000,0.99224000
0.04342926,0.81904000,0.99224000
0.04337123,0.81912000,0.99224000
0.04330193,0.81912000,0.99232000
0.04328009,0.81920000,0.99232000
0.04327878,0.81928000,0.99232000
0.04327385,0.81936000,0.99232000
0.04321468,0.81944000,0.99248000
0.04323015,0.81944000,0.99240000
0.04324066,0.81944000,0.99232000
0.04316878,0.81952000,0.99248000
0.04316635,0.81960000,0.99248000
0.04300797,0.81968000,0.99248000
0.04298591,0.81976000,0.99248000
0.04294636,0.81976000,0.99256000
0.04293735,0.81984000,0.99256000
0.04286948,0.81992000,0.99256000
0.04280574,0.82000000,0.99264000
0.04283664,0.82000000,0.99256000
0.04279799,0.82008000,0.99264000
0.04278560,0.82016000,0.99272000
0.04279174,0.82016000,0.99264000
0.04276650,0.82024000,0.99272000
0.04275665,0.82032000,0.99272000
0.04272749,0.82040000,0.99272000
0.04270506,0.82048000,0.99272000
0.04268947,0.82056000,0.99272000
0.04267339,0.82064000,0.99272000
0.04267211,0.82064000,0.99280000
0.04266363,0.82072000,0.99280000
0.04265937,0.82080000,0.99280000
0.04258864,0.82080000,0.99296000
0.04261101,0.82080000,0.99288000
0.04254787,0.82088000,0.99296000
0.04254641,0.82096000,0.99296000
0.04253355,0.82104000,0.99296000
0.04246048,0.82112000,0.99296000
0.04243978,0.82120000,0.99296000
0.04242377,0.82128000,0.99296000
0.04241761,0.82136000,0.99296000
0.04239538,0.82144000,0.99296000
0.04238033,0.82152000,0.99296000
0.04232894,0.82160000,0.99296000
0.04228686,0.82168000,0.99296000
0.04228560,0.82176000,0.99296000
0.04228008,0.82184000,0.99296000
0.04223404,0.82192000,0.99296000
0.04222780,0.82200000,0.99296000
0.04221138,0.82208000,0.99296000
0.04217952,0.82216000,0.99296000
0.04215994,0.82216000,0.99304000
0.04211993,0.82224000,0.99304000
0.04208048,0.82232000,0.99304000
0.04203142,0.82240000,0.99304000
0.04198417,0.82248000,0.99304000
0.04197650,0.82256000,0.99304000
0.04195980,0.82264000,0.99304000
0.04194422,0.82272000,0.99304000
0.04192110,0.82280000,0.99304000
0.04192104,0.82288000,0.99304000
0.04190772,0.82296000,0.99304000
0.04188262,0.82304000,0.99304000
0.04184408,0.82312000,0.99304000
0.04182030,0.82320000,0.99304000
0.04169043,0.82336000,0.99304000
0.04167752,0.82344000,0.99304000
0.04153010,0.82352000,0.99304000
0.04152070,0.82360000,0.99304000
0.04142330,0.82368000,0.99304000
0.04140408,0.82376000,0.99304000
0.04134461,0.82384000,0.99304000
0.04128042,0.82392000,0.99304000
0.04126744,0.82400000,0.99304000
0.04126742,0.82408000,0.99304000
0.04126723,0.82416000,0.99304000
0.04120050,0.82424000,0.99312000
0.04121501,0.82424000,0.99304000
0.04109903,0.82432000,0.99312000
0.04106637,0.82440000,0.99312000
0.04103155,0.82448000,0.99312000
0.04093838,0.82456000,0.99312000
0.04093741,0.82464000,0.99312000
0.04090933,0.82472000,0.99312000
0.04088388,0.82480000,0.99312000
0.04086418,0.82480000,0.99320000
0.04083129,0.82488000,0.99320000
0.04079362,0.82496000,0.99320000
0.04078350,0.82504000,0.99320000
0.04071340,0.82512000,0.99320000
0.04070014,0.82520000,0.99320000
0.04069366,0.82528000,0.99320000
0.04067576,0.82536000,0.99320000
0.04067511,0.82544000,0.99320000
0.04066128,0.82552000,0.99320000
0.04058496,0.82560000,0.99320000
0.04050825,0.82568000,0.99320000
0.04049315,0.82576000,0.99320000
0.04049024,0.82584000,0.99320000
0.04045029,0.82592000,0.99320000
0.04042814,0.82600000,0.99320000
0.04041397,0.82608000,0.99320000
0.04039306,0.82616000,0.99320000
0.04035781,0.82624000,0.99320000
0.04034537,0.82632000,0.99320000
0.04032028,0.82640000,0.99320000
0.04028522,0.82648000,0.99320000
0.04027135,0.82656000,0.99320000
0.04026291,0.82664000,0.99320000
0.04023607,0.82672000,0.99320000
0.04022084,0.82680000,0.99320000
0.04019090,0.82688000,0.99320000
0.04018591,0.82696000,0.99320000
0.04018044,0.82704000,0.99320000
0.04014622,0.82704000,0.99328000
0.04011482,0.82712000,0.99328000
0.04006971,0.82720000,0.99328000
0.04006502,0.82728000,0.99328000
0.04002258,0.82736000,0.99328000
0.04000652,0.82744000,0.99328000
0.03997241,0.82752000,0.99328000
0.03994212,0.82760000,0.99328000
0.03991884,0.82768000,0.99328000
0.03991767,0.82776000,0.99328000
0.03990957,0.82784000,0.99328000
0.03988006,0.82792000,0.99328000
0.03987664,0.82800000,0.99328000
0.03978714,0.82800000,0.99344000
0.03985059,0.82800000,0.99336000
0.03978657,0.82808000,0.99344000
0.03975740,0.82816000,0.99344000
0.03971785,0.82824000,0.99344000
0.03971377,0.82832000,0.99344000
0.03966977,0.82840000,0.99344000
0.03962928,0.82848000,0.99344000
0.03957333,0.82856000,0.99344000
0.03952484,0.82864000,0.99344000
0.03944057,0.82872000,0.99352000
0.03951453,0.82872000,0.99344000
0.03942178,0.82880000,0.99352000
0.03935307,0.82888000,0.99352000
0.03928494,0.82888000,0.99360000
0.03923443,0.82896000,0.99360000
0.03922095,0.82904000,0.99360000
0.03921568,0.82912000,0.99360000
0.03918729,0.82920000,0.99360000
0.03916836,0.82928000,0.99360000
0.03912506,0.82936000,0.99360000
0.03899155,0.82944000,0.99360000
0.03893973,0.82952000,0.99360000
0.03892433,0.82960000,0.99360000
0.03892037,0.82968000,0.99360000
0.03891673,0.82968000,0.99368000
0.03890726,0.82976000,0.99368000
0.03888356,0.82984000,0.99368000
0.03886047,0.82992000,0.99368000
0.03882059,0.83000000,0.99368000
0.03881743,0.83008000,0.99368000
0.03879124,0.83016000,0.99368000
0.03878073,0.83024000,0.99368000
0.03876515,0.83032000,0.99368000
0.03876441,0.83040000,0.99368000
0.03874195,0.83048000,0.99368000
0.03871527,0.83056000,0.99368000
0.03870624,0.83064000,0.99368000
0.03870033,0.83072000,0.99368000
0.03868789,0.83080000,0.99368000
0.03867882,0.83088000,0.99368000
0.03859929,0.83096000,0.99368000
0.03855469,0.83104000,0.99368000
0.03853820,0.83112000,0.99368000
0.03852150,0.83120000,0.99368000
0.03848414,0.83128000,0.99368000
0.03846105,0.83136000,0.99368000
0.03838953,0.83144000,0.99368000
0.03833944,0.83152000,0.99368000
0.03830075,0.83152000,0.99376000
0.03824953,0.83160000,0.99376000
0.03824532,0.83168000,0.99376000
0.03820808,0.83176000,0.99376000
0.03819587,0.83184000,0.99376000
0.03817313,0.83192000,0.99376000
0.03816113,0.83200000,0.99376000
0.03814970,0.83208000,0.99376000
0.03804591,0.83216000,0.99376000
0.03802829,0.83224000,0.99376000
0.03802388,0.83232000,0.99384000
0.03802566,0.83232000,0.99376000
0.03797693,0.83240000,0.99384000
0.03796833,0.83248000,0.99384000
0.03795704,0.83256000,0.99384000
0.03792495,0.83264000,0.99384000
0.03787993,0.83272000,0.99384000
0.03787370,0.83280000,0.99384000
0.03785974,0.83280000,0.99392000
0.03780923,0.83288000,0.99400000
0.03781278,0.83288000,0.99392000
0.03776564,0.83296000,0.99400000
0.03775939,0.83304000,0.99400000
0.03771942,0.83312000,0.99400000
0.03767411,0.83312000,0.99408000
0.03765202,0.83320000,0.99408000
0.03759866,0.83328000,0.99408000
0.03758350,0.83336000,0.99408000
0.03750035,0.83344000,0.99408000
0.03748606,0.83352000,0.99408000
0.03743887,0.83360000,0.99416000
0.03748341,0.83360000,0.99408000
0.03741920,0.83368000,0.99416000
0.03741696,0.83376000,0.99416000
0.03740688,0.83384000,0.99416000
0.03739537,0.83392000,0.99416000
0.03737215,0.83400000,0.99416000
0.03733703,0.83416000,0.99416000
0.03732780,0.83424000,0.99416000
0.03730284,0.83432000,0.99416000
0.03730193,0.83440000,0.99416000
0.03730116,0.83448000,0.99416000
0.03726947,0.83456000,0.99416000
0.03726163,0.83464000,0.99416000
0.03720030,0.83472000,0.99416000
0.03718247,0.83480000,0.99416000
0.03714591,0.83488000,0.99416000
0.03712734,0.83496000,0.99416000
0.03706525,0.83504000,0.99416000
0.03701351,0.83512000,0.99416000
0.03698514,0.83520000,0.99424000
0.03699975,0.83520000,0.99416000
0.03692697,0.83528000,0.99424000
0.03690790,0.83536000,0.99424000
0.03689443,0.83544000,0.99424000
0.03684759,0.83552000,0.99432000
0.03685032,0.83552000,0.99424000
0.03681142,0.83560000,0.99432000
0.03677806,0.83568000,0.99432000
0.03676438,0.83576000,0.99432000
0.03676234,0.83584000,0.99432000
0.03671765,0.83592000,0.99432000
0.03671405,0.83600000,0.99432000
0.03668795,0.83608000,0.99432000
0.03665645,0.83616000,0.99432000
0.03665526,0.83624000,0.99432000
0.03653302,0.83632000,0.99432000
0.03652405,0.83640000,0.99432000
0.03646985,0.83648000,0.99432000
0.03643348,0.83656000,0.99432000
0.03641634,0.83664000,0.99432000
0.03640664,0.83672000,0.99432000
0.03638384,0.83680000,0.99432000
0.03634382,0.83688000,0.99432000
0.03634006,0.83696000,0.99432000
0.03632117,0.83704000,0.99432000
0.03629822,0.83712000,0.99432000
0.03629668,0.83720000,0.99432000
0.03629665,0.83720000,0.99440000
0.03626902,0.83728000,0.99440000
0.03625105,0.83736000,0.99440000
0.03623245,0.83744000,0.99440000
0.03622257,0.83752000,0.99440000
0.03621999,0.83760000,0.99440000
0.03621939,0.83768000,0.99440000
0.03617236,0.83776000,0.99448000
0.03617758,0.83776000,0.99440000
0.03614261,0.83784000,0.99448000
0.03613838,0.83792000,0.99448000
0.03608205,0.83800000,0.99448000
0.03607986,0.83808000,0.99448000
0.03603197,0.83816000,0.99448000
0.03602464,0.83824000,0.99448000
0.03602233,0.83832000,0.99448000
0.03595596,0.83840000,0.99448000
0.03590685,0.83848000,0.99448000
0.03588574,0.83856000,0.99456000
0.03590380,0.83856000,0.99448000
0.03584753,0.83864000,0.99456000
0.03582279,0.83872000,0.99456000
0.03578862,0.83880000,0.99456000
0.03575954,0.83888000,0.99456000
0.03574675,0.83896000,0.99456000
0.03567868,0.83904000,0.99456000
0.03567270,0.83912000,0.99456000
0.03565618,0.83920000,0.99456000
0.03558414,0.83928000,0.99456000
0.03556638,0.83936000,0.99456000
0.03556145,0.83944000,0.99456000
0.03556060,0.83952000,0.99456000
0.03553692,0.83960000,0.99456000
0.03549849,0.83968000,0.99456000
0.03549159,0.83976000,0.99456000
0.03548753,0.83984000,0.99456000
0.03548053,0.83992000,0.99456000
0.03547255,0.84000000,0.99456000
0.03547205,0.84008000,0.99456000
0.03546615,0.84016000,0.99456000
0.03542177,0.84024000,0.99456000
0.03540166,0.84032000,0.99456000
0.03539627,0.84040000,0.99456000
0.03528901,0.84048000,0.99456000
0.03528126,0.84056000,0.99456000
0.03525675,0.84064000,0.99456000
0.03525427,0.84072000,0.99456000
0.03524857,0.84080000,0.99456000
0.03524392,0.84088000,0.99456000
0.03522956,0.84096000,0.99456000
0.03519496,0.84104000,0.99456000
0.03515157,0.84112000,0.99456000
0.03512774,0.84120000,0.99464000
0.03513901,0.84120000,0.99456000
0.03508143,0.84128000,0.99464000
0.03507907,0.84136000,0.99464000
0.03507656,0.84152000,0.99464000
0.03502650,0.84160000,0.99464000
0.03500253,0.84168000,0.99464000
0.03498043,0.84176000,0.99464000
0.03489102,0.84184000,0.99464000
0.03487776,0.84192000,0.99464000
0.03480880,0.84200000,0.99464000
0.03474846,0.84208000,0.99464000
0.03471440,0.84216000,0.99464000
0.03470758,0.84224000,0.99464000
0.03470226,0.84232000,0.99464000
0.03466219,0.84240000,0.99464000
0.03465388,0.84248000,0.99464000
0.03459982,0.84256000,0.99464000
0.03457485,0.84264000,0.99464000
0.03456074,0.84272000,0.99464000
0.03455692,0.84280000,0.99464000
0.03447743,0.84288000,0.99472000
0.03448835,0.84288000,0.99464000
0.03446838,0.84296000,0.99472000
0.03445886,0.84304000,0.99472000
0.03445577,0.84312000,0.99472000
0.03444219,0.84320000,0.99472000
0.03432542,0.84328000,0.99472000
0.03430817,0.84336000,0.99472000
0.03426881,0.84344000,0.99472000
0.03424921,0.84352000,0.99472000
0.03421040,0.84360000,0.99472000
0.03419773,0.84368000,0.99472000
0.03419159,0.84376000,0.99472000
0.03417968,0.84384000,0.99472000
0.03416025,0.84392000,0.99472000
0.03412061,0.84400000,0.99472000
0.03410843,0.84400000,0.99480000
0.03398496,0.84408000,0.99480000
0.03384048,0.84416000,0.99504000
0.03388805,0.84416000,0.99480000
0.03387046,0.84416000,0.99488000
0.03382346,0.84424000,0.99504000
0.03380584,0.84432000,0.99504000
0.03379849,0.84440000,0.99504000
0.03379802,0.84448000,0.99504000
0.03378877,0.84448000,0.99512000
0.03374826,0.84456000,0.99512000
0.03370126,0.84464000,0.99512000
0.03367471,0.84472000,0.99512000
0.03360852,0.84480000,0.99512000
0.03360423,0.84488000,0.99512000
0.03360058,0.84496000,0.99512000
0.03359909,0.84504000,0.99512000
0.03356640,0.84512000,0.99512000
0.03355974,0.84520000,0.99512000
0.03350165,0.84528000,0.99512000
0.03349051,0.84536000,0.99512000
0.03345288,0.84544000,0.99512000
0.03343282,0.84552000,0.99512000
0.03340266,0.84560000,0.99512000
0.03339389,0.84568000,0.99520000
0.03339790,0.84568000,0.99512000
0.03339125,0.84576000,0.99520000
0.03338655,0.84584000,0.99520000
0.03334376,0.84592000,0.99520000
0.03328614,0.84600000,0.99520000
0.03326085,0.84608000,0.99520000
0.03325137,0.84616000,0.99520000
0.03325123,0.84624000,0.99520000
0.03323948,0.84624000,0.99528000
0.03322240,0.84632000,0.99528000
0.03321385,0.84640000,0.99528000
0.03317781,0.84648000,0.99528000
0.03315936,0.84656000,0.99536000
0.03317062,0.84656000,0.99528000
0.03315165,0.84664000,0.99536000
0.03309770,0.84672000,0.99536000
0.03303808,0.84680000,0.99536000
0.03297959,0.84688000,0.99536000
0.03295292,0.84696000,0.99536000
0.03295189,0.84704000,0.99536000
0.03292726,0.84712000,0.99536000
0.03289157,0.84720000,0.99536000
0.03282939,0.84728000,0.99536000
0.03280622,0.84736000,0.99536000
0.03272933,0.84744000,0.99536000
0.03272774,0.84752000,0.99536000
0.03270931,0.84760000,0.99536000
0.03269866,0.84768000,0.99536000
0.03269023,0.84776000,0.99536000
0.03265900,0.84784000,0.99536000
0.03259200,0.84792000,0.99536000
0.03251546,0.84800000,0.99536000
0.03248812,0.84808000,0.99536000
0.03248493,0.84816000,0.99536000
0.03246491,0.84824000,0.99536000
0.03246262,0.84824000,0.99544000
0.03242528,0.84832000,0.99544000
0.03238780,0.84840000,0.99544000
0.03233900,0.84848000,0.99544000
0.03231438,0.84856000,0.99560000
0.03233884,0.84856000,0.99544000
0.03231309,0.84864000,0.99560000
0.03229791,0.84864000,0.99568000
0.03226229,0.84872000,0.99568000
0.03223070,0.84880000,0.99568000
0.03222207,0.84888000,0.99568000
0.03219627,0.84896000,0.99568000
0.03208225,0.84904000,0.99568000
0.03203586,0.84912000,0.99568000
0.03202888,0.84920000,0.99568000
0.03201718,0.84928000,0.99568000
0.03198791,0.84936000,0.99568000
0.03198056,0.84944000,0.99568000
0.03196456,0.84952000,0.99568000
0.03194144,0.84960000,0.99576000
0.03196365,0.84960000,0.99568000
0.03193966,0.84968000,0.99576000
0.03193950,0.84968000,0.99584000
0.03190949,0.84976000,0.99584000
0.03190678,0.84984000,0.99584000
0.03190189,0.84992000,0.99584000
0.03188981,0.85000000,0.99584000
0.03187313,0.85008000,0.99584000
0.03184605,0.85016000,0.99584000
0.03183101,0.85024000,0.99584000
0.03177598,0.85032000,0.99584000
0.03169775,0.85040000,0.99584000
0.03165527,0.85048000,0.99584000
0.03163639,0.85056000,0.99584000
0.03155525,0.85064000,0.99592000
0.03160808,0.85064000,0.99584000
0.03154339,0.85072000,0.99592000
0.03148728,0.85080000,0.99600000
0.03153805,0.85080000,0.99592000
0.03148397,0.85088000,0.99600000
0.03147228,0.85096000,0.99600000
0.03146712,0.85104000,0.99600000
0.03144656,0.85112000,0.99600000
0.03144540,0.85120000,0.99600000
0.03140131,0.85128000,0.99600000
0.03137715,0.85136000,0.99600000
0.03136380,0.85152000,0.99600000
0.03132316,0.85160000,0.99600000
0.03131249,0.85168000,0.99600000
0.03129615,0.85176000,0.99600000
0.03128754,0.85184000,0.99600000
0.03128322,0.85192000,0.99600000
0.03125598,0.85200000,0.99600000
0.03121143,0.85208000,0.99600000
0.03119949,0.85216000,0.99600000
0.03119594,0.85224000,0.99600000
0.03118874,0.85232000,0.99600000
0.03117962,0.85240000,0.99600000
0.03115688,0.85248000,0.99600000
0.03109975,0.85256000,0.99608000
0.03111982,0.85256000,0.99600000
0.03109972,0.85264000,0.99608000
0.03107952,0.85272000,0.99608000
0.03093411,0.85280000,0.99608000
0.03091043,0.85288000,0.99608000
0.03086348,0.85296000,0.99608000
0.03086025,0.85304000,0.99608000
0.03079977,0.85312000,0.99608000
0.03079814,0.85320000,0.99608000
0.03078994,0.85328000,0.99608000
0.03075799,0.85336000,0.99608000
0.03075148,0.85344000,0.99608000
0.03073795,0.85352000,0.99608000
0.03072405,0.85360000,0.99608000
0.03070108,0.85368000,0.99608000
0.03069888,0.85376000,0.99608000
0.03068258,0.85384000,0.99608000
0.03067550,0.85392000,0.99608000
0.03060164,0.85400000,0.99608000
0.03060083,0.85408000,0.99608000
0.03058871,0.85416000,0.99608000
0.03055600,0.85424000,0.99608000
0.03052773,0.85432000,0.99608000
0.03052217,0.85440000,0.99608000
0.03052166,0.85448000,0.99608000
0.03045908,0.85456000,0.99608000
0.03042696,0.85464000,0.99608000
0.03042473,0.85472000,0.99608000
0.03042385,0.85480000,0.99608000
0.03039640,0.85488000,0.99608000
0.03038466,0.85488000,0.99616000
0.03036654,0.85496000,0.99616000
0.03028773,0.85504000,0.99616000
0.03024280,0.85512000,0.99616000
0.03022986,0.85520000,0.99616000
0.03019333,0.85528000,0.99616000
0.03019168,0.85536000,0.99616000
0.03019026,0.85544000,0.99616000
0.03017076,0.85552000,0.99616000
0.03016098,0.85560000,0.99616000
0.03006588,0.85568000,0.99616000
0.03000483,0.85576000,0.99616000
0.02999931,0.85584000,0.99616000
0.02995054,0.85592000,0.99616000
0.02992788,0.85600000,0.99616000
0.02984324,0.85608000,0.99616000
0.02983826,0.85616000,0.99616000
0.02983532,0.85624000,0.99616000
0.02983391,0.85632000,0.99616000
0.02981490,0.85640000,0.99616000
0.02981011,0.85648000,0.99616000
0.02971864,0.85656000,0.99616000
0.02971637,0.85664000,0.99616000
0.02970461,0.85672000,0.99616000
0.02967549,0.85680000,0.99616000
0.02961800,0.85688000,0.99616000
0.02956386,0.85696000,0.99616000
0.02954089,0.85704000,0.99616000
0.02953857,0.85712000,0.99616000
0.02950558,0.85720000,0.99616000
0.02948094,0.85728000,0.99616000
0.02947245,0.85736000,0.99616000
0.02943219,0.85744000,0.99616000
0.02941800,0.85752000,0.99616000
0.02937195,0.85760000,0.99616000
0.02936636,0.85768000,0.99616000
0.02935231,0.85776000,0.99616000
0.02933249,0.85784000,0.99616000
0.02929660,0.85792000,0.99616000
0.02929530,0.85800000,0.99616000
0.02928374,0.85808000,0.99616000
0.02928150,0.85816000,0.99616000
0.02924059,0.85824000,0.99616000
0.02923496,0.85832000,0.99616000
0.02922446,0.85840000,0.99616000
0.02921922,0.85848000,0.99616000
0.02921277,0.85856000,0.99616000
0.02918920,0.85864000,0.99616000
0.02916811,0.85872000,0.99616000
0.02915955,0.85872000,0.99624000
0.02913326,0.85880000,0.99624000
0.02913301,0.85888000,0.99624000
0.02912345,0.85896000,0.99624000
0.02911625,0.85904000,0.99624000
0.02910483,0.85912000,0.99624000
0.02902099,0.85920000,0.99624000
0.02899901,0.85928000,0.99624000
0.02895219,0.85936000,0.99624000
0.02885552,0.85944000,0.99624000
0.02882514,0.85952000,0.99624000
0.02881748,0.85960000,0.99632000
0.02881915,0.85960000,0.99624000
0.02880429,0.85968000,0.99632000
0.02879995,0.85976000,0.99632000
0.02876115,0.85984000,0.99632000
0.02876054,0.85992000,0.99632000
0.02875903,0.86000000,0.99632000
0.02871297,0.86008000,0.99632000
0.02865842,0.86016000,0.99632000
0.02864045,0.86024000,0.99632000
0.02862058,0.86032000,0.99632000
0.02862052,0.86040000,0.99632000
0.02862040,0.86048000,0.99632000
0.02860871,0.86056000,0.99632000
0.02860420,0.86064000,0.99632000
0.02859162,0.86072000,0.99632000
0.02858286,0.86080000,0.99632000
0.02856158,0.86088000,0.99632000
0.02854335,0.86096000,0.99632000
0.02849407,0.86104000,0.99632000
0.02846707,0.86112000,0.99632000
0.02844866,0.86120000,0.99632000
0.02844050,0.86128000,0.99632000
0.02842453,0.86136000,0.99632000
0.02838290,0.86144000,0.99632000
0.02836819,0.86152000,0.99632000
0.02836234,0.86160000,0.99632000
0.02834560,0.86168000,0.99632000
0.02829763,0.86176000,0.99632000
0.02828483,0.86184000,0.99632000
0.02828037,0.86192000,0.99632000
0.02827697,0.86200000,0.99632000
0.02827130,0.86208000,0.99632000
0.02827097,0.86216000,0.99632000
0.02826664,0.86224000,0.99632000
0.02824500,0.86232000,0.99632000
0.02820669,0.86240000,0.99632000
0.02813509,0.86248000,0.99632000
0.02813142,0.86256000,0.99632000
0.02812866,0.86264000,0.99632000
0.02812833,0.86272000,0.99632000
0.02810105,0.86280000,0.99632000
0.02809918,0.86288000,0.99632000
0.02808300,0.86296000,0.99632000
0.02802923,0.86304000,0.99632000
0.02799952,0.86312000,0.99632000
0.02794138,0.86320000,0.99632000
0.02792483,0.86328000,0.99632000
0.02788013,0.86336000,0.99632000
0.02781448,0.86344000,0.99632000
0.02779829,0.86352000,0.99632000
0.02777949,0.86360000,0.99632000
0.02776412,0.86368000,0.99632000
0.02775523,0.86376000,0.99632000
0.02774103,0.86384000,0.99632000
0.02768397,0.86392000,0.99632000
0.02767602,0.86400000,0.99632000
0.02766411,0.86408000,0.99632000
0.02761783,0.86416000,0.99632000
0.02756716,0.86424000,0.99632000
0.02753724,0.86432000,0.99640000
0.02756326,0.86432000,0.99632000
0.02752729,0.86440000,0.99640000
0.02746882,0.86448000,0.99640000
0.02745615,0.86456000,0.99640000
0.02743942,0.86464000,0.99640000
0.02740292,0.86472000,0.99640000
0.02740286,0.86480000,0.99640000
0.02738384,0.86488000,0.99640000
0.02737423,0.86496000,0.99640000
0.02735421,0.86504000,0.99640000
0.02733136,0.86512000,0.99640000
0.02731617,0.86520000,0.99640000
0.02730091,0.86528000,0.99640000
0.02727162,0.86536000,0.99640000
0.02721324,0.86544000,0.99640000
0.02720641,0.86552000,0.99640000
0.02714137,0.86560000,0.99640000
0.02713712,0.86568000,0.99640000
0.02712906,0.86576000,0.99640000
0.02709924,0.86584000,0.99640000
0.02709737,0.86592000,0.99640000
0.02708496,0.86600000,0.99640000
0.02708103,0.86608000,0.99640000
0.02707718,0.86616000,0.99640000
0.02707539,0.86624000,0.99640000
0.02706024,0.86632000,0.99640000
0.02703894,0.86640000,0.99640000
0.02698981,0.86648000,0.99640000
0.02694826,0.86656000,0.99640000
0.02693427,0.86664000,0.99640000
0.02690646,0.86672000,0.99640000
0.02688777,0.86680000,0.99640000
0.02688338,0.86688000,0.99640000
0.02688140,0.86696000,0.99640000
0.02685578,0.86704000,0.99640000
0.02685416,0.86712000,0.99640000
0.02682850,0.86720000,0.99640000
0.02678645,0.86728000,0.99640000
0.02677636,0.86736000,0.99640000
0.02676440,0.86744000,0.99640000
0.02675425,0.86752000,0.99640000
0.02674100,0.86760000,0.99640000
0.02673712,0.86768000,0.99640000
0.02673417,0.86776000,0.99640000
0.02673192,0.86784000,0.99640000
0.02671368,0.86792000,0.99640000
0.02669453,0.86800000,0.99640000
0.02669123,0.86808000,0.99640000
0.02663817,0.86816000,0.99640000
0.02659817,0.86824000,0.99640000
0.02656455,0.86832000,0.99640000
0.02655155,0.86840000,0.99640000
0.02653710,0.86848000,0.99640000
0.02649100,0.86856000,0.99640000
0.02644588,0.86864000,0.99640000
0.02640427,0.86872000,0.99640000
0.02640294,0.86880000,0.99640000
0.02640262,0.86888000,0.99640000
0.02638480,0.86896000,0.99640000
0.02637949,0.86904000,0.99640000
0.02634658,0.86912000,0.99640000
0.02633461,0.86920000,0.99640000
0.02631878,0.86928000,0.99640000
0.02631361,0.86936000,0.99640000
0.02629184,0.86944000,0.99640000
0.02628466,0.86952000,0.99640000
0.02627622,0.86960000,0.99640000
0.02627365,0.86968000,0.99640000
0.02624008,0.86976000,0.99640000
0.02621253,0.86984000,0.99640000
0.02620583,0.86992000,0.99640000
0.02615575,0.87000000,0.99640000
0.02607101,0.87008000,0.99640000
0.02606092,0.87016000,0.99640000
0.02605878,0.87024000,0.99640000
0.02603782,0.87032000,0.99640000
0.02602363,0.87040000,0.99640000
0.02601156,0.87048000,0.99640000
0.02599982,0.87056000,0.99640000
0.02599042,0.87064000,0.99640000
0.02591247,0.87072000,0.99640000
0.02590011,0.87080000,0.99640000
0.02588916,0.87088000,0.99648000
0.02589122,0.87088000,0.99640000
0.02588371,0.87096000,0.99648000
0.02587621,0.87104000,0.99648000
0.02586774,0.87112000,0.99648000
0.02586357,0.87120000,0.99648000
0.02581986,0.87128000,0.99648000
0.02580863,0.87136000,0.99648000
0.02580552,0.87144000,0.99648000
0.02577660,0.87152000,0.99648000
0.02573193,0.87160000,0.99648000
0.02568991,0.87168000,0.99648000
0.02564807,0.87176000,0.99648000
0.02563985,0.87184000,0.99648000
0.02559853,0.87192000,0.99648000
0.02555958,0.87200000,0.99648000
0.02551811,0.87208000,0.99648000
0.02550851,0.87216000,0.99648000
0.02548701,0.87224000,0.99648000
0.02545801,0.87232000,0.99648000
0.02545535,0.87240000,0.99648000
0.02541443,0.87248000,0.99648000
0.02539545,0.87256000,0.99648000
0.02539073,0.87264000,0.99648000
0.02538010,0.87272000,0.99648000
0.02537451,0.87280000,0.99648000
0.02534853,0.87288000,0.99648000
0.02534561,0.87304000,0.99648000
0.02533242,0.87312000,0.99648000
0.02531976,0.87320000,0.99648000
0.02530716,0.87328000,0.99648000
0.02526035,0.87336000,0.99648000
0.02525424,0.87344000,0.99648000
0.02523650,0.87352000,0.99648000
0.02521571,0.87360000,0.99648000
0.02518830,0.87368000,0.99648000
0.02516407,0.87376000,0.99648000
0.02515578,0.87384000,0.99648000
0.02513392,0.87392000,0.99648000
0.02511694,0.87400000,0.99648000
0.02511092,0.87408000,0.99648000
0.02510694,0.87416000,0.99648000
0.02509898,0.87424000,0.99648000
0.02509371,0.87432000,0.99648000
0.02508119,0.87440000,0.99648000
0.02505214,0.87448000,0.99648000
0.02504817,0.87456000,0.99648000
0.02504076,0.87464000,0.99648000
0.02502327,0.87472000,0.99648000
0.02499880,0.87480000,0.99648000
0.02499456,0.87488000,0.99648000
0.02494010,0.87496000,0.99648000
0.02488266,0.87504000,0.99648000
0.02487270,0.87512000,0.99648000
0.02485071,0.87520000,0.99648000
0.02484322,0.87528000,0.99648000
0.02483000,0.87536000,0.99648000
0.02481633,0.87544000,0.99648000
0.02481065,0.87552000,0.99648000
0.02478185,0.87560000,0.99648000
0.02477917,0.87568000,0.99648000
0.02476505,0.87576000,0.99648000
0.02475130,0.87584000,0.99648000
0.02474983,0.87592000,0.99648000
0.02474795,0.87600000,0.99648000
0.02472507,0.87608000,0.99648000
0.02468304,0.87616000,0.99648000
0.02467019,0.87624000,0.99648000
0.02466722,0.87624000,0.99656000
0.02465921,0.87632000,0.99656000
0.02464188,0.87648000,0.99656000
0.02462365,0.87656000,0.99656000
0.02461204,0.87664000,0.99656000
0.02460822,0.87672000,0.99656000
0.02460287,0.87680000,0.99656000
0.02452501,0.87688000,0.99656000
0.02451782,0.87696000,0.99656000
0.02451138,0.87704000,0.99656000
0.02450236,0.87712000,0.99656000
0.02447559,0.87720000,0.99656000
0.02445929,0.87728000,0.99656000
0.02444797,0.87736000,0.99656000
0.02444430,0.87744000,0.99656000
0.02437447,0.87752000,0.99656000
0.02436183,0.87760000,0.99656000
0.02433915,0.87768000,0.99656000
0.02433758,0.87776000,0.99656000
0.02432236,0.87784000,0.99656000
0.02428474,0.87792000,0.99656000
0.02426500,0.87800000,0.99656000
0.02426315,0.87808000,0.99656000
0.02421092,0.87816000,0.99656000
0.02420335,0.87816000,0.99664000
0.02420135,0.87824000,0.99664000
0.02419042,0.87832000,0.99664000
0.02417427,0.87840000,0.99664000
0.02417043,0.87848000,0.99664000
0.02416481,0.87856000,0.99664000
0.02412834,0.87864000,0.99664000
0.02411529,0.87872000,0.99664000
0.02409909,0.87880000,0.99664000
0.02408129,0.87888000,0.99664000
0.02404923,0.87896000,0.99672000
0.02405442,0.87896000,0.99664000
0.02404227,0.87904000,0.99672000
0.02404055,0.87912000,0.99672000
0.02402450,0.87928000,0.99672000
0.02401273,0.87936000,0.99680000
0.02401331,0.87936000,0.99672000
0.02401116,0.87944000,0.99680000
0.02396854,0.87952000,0.99680000
0.02388933,0.87952000,0.99688000
0.02387119,0.87960000,0.99688000
0.02386827,0.87968000,0.99688000
0.02381212,0.87976000,0.99688000
0.02380800,0.87984000,0.99688000
0.02380076,0.87992000,0.99688000
0.02378384,0.87992000,0.99696000
0.02377486,0.88000000,0.99696000
0.02373011,0.88008000,0.99696000
0.02371818,0.88016000,0.99696000
0.02371700,0.88024000,0.99696000
0.02371349,0.88032000,0.99696000
0.02370015,0.88040000,0.99696000
0.02369669,0.88048000,0.99696000
0.02368654,0.88056000,0.99696000
0.02368380,0.88064000,0.99696000
0.02366493,0.88072000,0.99696000
0.02365279,0.88080000,0.99696000
0.02364398,0.88088000,0.99696000
0.02362682,0.88096000,0.99696000
0.02362040,0.88104000,0.99696000
0.02360617,0.88112000,0.99696000
0.02360562,0.88120000,0.99696000
0.02359711,0.88128000,0.99696000
0.02353632,0.88136000,0.99696000
0.02351824,0.88136000,0.99704000
0.02351612,0.88144000,0.99704000
0.02347512,0.88152000,0.99704000
0.02347432,0.88160000,0.99704000
0.02342952,0.88168000,0.99704000
0.02340820,0.88176000,0.99704000
0.02340293,0.88184000,0.99704000
0.02338741,0.88192000,0.99704000
0.02337039,0.88200000,0.99704000
0.02326258,0.88208000,0.99704000
0.02326091,0.88216000,0.99704000
0.02325887,0.88224000,0.99704000
0.02323946,0.88232000,0.99704000
0.02321390,0.88240000,0.99704000
0.02320395,0.88248000,0.99704000
0.02319578,0.88256000,0.99704000
0.02318812,0.88264000,0.99704000
0.02318288,0.88272000,0.99704000
0.02318022,0.88280000,0.99704000
0.02314708,0.88288000,0.99712000
0.02317660,0.88288000,0.99704000
0.02314522,0.88296000,0.99712000
0.02313529,0.88304000,0.99712000
0.02310997,0.88312000,0.99712000
0.02309762,0.88320000,0.99712000
0.02306571,0.88328000,0.99712000
0.02304312,0.88336000,0.99712000
0.02303534,0.88344000,0.99712000
0.02302923,0.88352000,0.99712000
0.02302870,0.88360000,0.99712000
0.02302338,0.88368000,0.99712000
0.02299696,0.88376000,0.99712000
0.02298735,0.88384000,0.99720000
0.02299162,0.88384000,0.99712000
0.02298566,0.88392000,0.99720000
0.02297990,0.88400000,0.99720000
0.02297437,0.88400000,0.99728000
0.02297277,0.88408000,0.99728000
0.02296042,0.88416000,0.99728000
0.02295284,0.88424000,0.99728000
0.02293546,0.88432000,0.99728000
0.02291347,0.88440000,0.99728000
0.02288469,0.88448000,0.99728000
0.02276784,0.88456000,0.99728000
0.02266166,0.88464000,0.99728000
0.02265584,0.88472000,0.99728000
0.02265349,0.88480000,0.99728000
0.02261900,0.88488000,0.99728000
0.02259436,0.88496000,0.99728000
0.02258071,0.88504000,0.99728000
0.02257361,0.88512000,0.99728000
0.02256179,0.88520000,0.99728000
0.02256076,0.88528000,0.99728000
0.02256053,0.88536000,0.99728000
0.02255933,0.88544000,0.99728000
0.02255910,0.88552000,0.99728000
0.02249548,0.88560000,0.99728000
0.02244168,0.88568000,0.99736000
0.02249515,0.88568000,0.99728000
0.02241505,0.88576000,0.99736000
0.02241192,0.88584000,0.99736000
0.02234761,0.88592000,0.99736000
0.02232005,0.88600000,0.99736000
0.02231071,0.88608000,0.99736000
0.02228754,0.88616000,0.99736000
0.02226753,0.88624000,0.99736000
0.02226543,0.88632000,0.99736000
0.02221820,0.88640000,0.99736000
0.02213088,0.88648000,0.99736000
0.02212577,0.88656000,0.99736000
0.02210681,0.88664000,0.99736000
0.02210603,0.88672000,0.99736000
0.02209438,0.88680000,0.99736000
0.02205469,0.88688000,0.99736000
0.02202384,0.88696000,0.99736000
0.02202272,0.88704000,0.99736000
0.02201359,0.88712000,0.99736000
0.02201042,0.88720000,0.99736000
0.02199320,0.88728000,0.99736000
0.02198944,0.88736000,0.99736000
0.02197251,0.88744000,0.99736000
0.02197098,0.88744000,0.99744000
0.02196353,0.88752000,0.99744000
0.02191556,0.88760000,0.99744000
0.02187128,0.88768000,0.99744000
0.02181824,0.88776000,0.99744000
0.02180546,0.88784000,0.99744000
0.02180287,0.88792000,0.99744000
0.02178418,0.88800000,0.99744000
0.02175240,0.88808000,0.99744000
0.02174718,0.88816000,0.99744000
0.02174155,0.88824000,0.99744000
0.02173848,0.88832000,0.99744000
0.02173644,0.88840000,0.99744000
0.02170194,0.88848000,0.99744000
0.02167615,0.88856000,0.99744000
0.02167068,0.88864000,0.99744000
0.02166698,0.88872000,0.99744000
0.02164028,0.88880000,0.99744000
0.02161556,0.88888000,0.99744000
0.02160301,0.88896000,0.99744000
0.02158905,0.88904000,0.99744000
0.02157436,0.88912000,0.99752000
0.02157885,0.88912000,0.99744000
0.02157388,0.88920000,0.99752000
0.02156391,0.88928000,0.99752000
0.02155306,0.88936000,0.99752000
0.02154152,0.88944000,0.99752000
0.02153576,0.88952000,0.99752000
0.02151320,0.88960000,0.99752000
0.02151062,0.88968000,0.99752000
0.02150628,0.88976000,0.99752000
0.02146800,0.88984000,0.99752000
0.02146445,0.88992000,0.99752000
0.02145288,0.89000000,0.99752000
0.02144750,0.89008000,0.99752000
0.02144014,0.89016000,0.99752000
0.02141712,0.89024000,0.99752000
0.02141530,0.89032000,0.99752000
0.02139148,0.89040000,0.99752000
0.02137264,0.89048000,0.99760000
0.02137990,0.89048000,0.99752000
0.02136727,0.89056000,0.99760000
0.02134380,0.89064000,0.99760000
0.02133017,0.89072000,0.99760000
0.02128245,0.89080000,0.99760000
0.02127302,0.89088000,0.99760000
0.02126537,0.89096000,0.99760000
0.02125933,0.89112000,0.99760000
0.02123808,0.89120000,0.99760000
0.02120214,0.89128000,0.99760000
0.02119971,0.89136000,0.99760000
0.02119950,0.89144000,0.99760000
0.02115961,0.89152000,0.99760000
0.02114556,0.89160000,0.99760000
0.02113474,0.89168000,0.99760000
0.02112786,0.89176000,0.99760000
0.02112215,0.89184000,0.99760000
0.02110641,0.89192000,0.99768000
0.02111612,0.89192000,0.99760000
0.02110438,0.89200000,0.99768000
0.02106485,0.89208000,0.99768000
0.02105064,0.89216000,0.99768000
0.02104987,0.89224000,0.99768000
0.02103945,0.89232000,0.99768000
0.02102476,0.89240000,0.99768000
0.02102288,0.89248000,0.99768000
0.02100934,0.89256000,0.99768000
0.02100225,0.89264000,0.99768000
0.02099771,0.89272000,0.99768000
0.02099510,0.89280000,0.99768000
0.02097734,0.89288000,0.99768000
0.02097302,0.89296000,0.99768000
0.02097046,0.89304000,0.99768000
0.02096503,0.89312000,0.99768000
0.02095482,0.89320000,0.99768000
0.02094391,0.89328000,0.99768000
0.02090322,0.89336000,0.99768000
0.02087859,0.89344000,0.99768000
0.02087484,0.89352000,0.99768000
0.02084266,0.89360000,0.99768000
0.02083644,0.89368000,0.99768000
0.02083579,0.89376000,0.99768000
0.02081990,0.89384000,0.99768000
0.02080525,0.89392000,0.99768000
0.02079767,0.89400000,0.99768000
0.02076764,0.89408000,0.99768000
0.02074065,0.89416000,0.99768000
0.02071852,0.89424000,0.99768000
0.02070524,0.89432000,0.99768000
0.02067939,0.89440000,0.99768000
0.02067178,0.89448000,0.99768000
0.02067009,0.89456000,0.99768000
0.02063929,0.89464000,0.99768000
0.02062812,0.89472000,0.99768000
0.02061829,0.89480000,0.99768000
0.02061687,0.89488000,0.99768000
0.02056964,0.89496000,0.99768000
0.02056749,0.89504000,0.99768000
0.02054632,0.89512000,0.99768000
0.02054495,0.89520000,0.99768000
0.02052967,0.89528000,0.99768000
0.02051281,0.89536000,0.99768000
0.02050664,0.89544000,0.99768000
0.02050165,0.89552000,0.99768000
0.02045727,0.89560000,0.99768000
0.02044910,0.89568000,0.99768000
0.02044348,0.89576000,0.99768000
0.02043916,0.89576000,0.99776000
0.02043517,0.89584000,0.99776000
0.02043190,0.89592000,0.99776000
0.02042044,0.89600000,0.99776000
0.02041956,0.89608000,0.99776000
0.02040320,0.89616000,0.99776000
0.02039285,0.89624000,0.99776000
0.02033101,0.89632000,0.99776000
0.02032434,0.89640000,0.99776000
0.02031276,0.89648000,0.99776000
0.02030940,0.89656000,0.99776000
0.02029273,0.89664000,0.99776000
0.02027584,0.89672000,0.99776000
0.02024633,0.89680000,0.99784000
0.02027245,0.89680000,0.99776000
0.02024291,0.89688000,0.99784000
0.02023735,0.89696000,0.99784000
0.02023503,0.89704000,0.99784000
0.02022180,0.89712000,0.99784000
0.02020479,0.89720000,0.99784000
0.02019342,0.89728000,0.99784000
0.02018421,0.89736000,0.99784000
0.02016818,0.89744000,0.99784000
0.02014544,0.89752000,0.99784000
0.02011622,0.89760000,0.99784000
0.02010454,0.89768000,0.99784000
0.02009331,0.89776000,0.99784000
0.02007332,0.89784000,0.99784000
0.02005071,0.89792000,0.99784000
0.02004757,0.89800000,0.99784000
0.02003074,0.89808000,0.99784000
0.02003068,0.89816000,0.99784000
0.02001398,0.89824000,0.99784000
0.02001335,0.89832000,0.99784000
0.02001034,0.89840000,0.99784000
0.02000825,0.89848000,0.99784000
0.01996156,0.89856000,0.99784000
0.01995867,0.89864000,0.99784000
0.01995401,0.89872000,0.99784000
0.01994934,0.89880000,0.99784000
0.01990600,0.89888000,0.99784000
0.01990535,0.89896000,0.99784000
0.01988897,0.89904000,0.99784000
0.01986842,0.89912000,0.99784000
0.01984195,0.89920000,0.99784000
0.01983259,0.89928000,0.99784000
0.01982293,0.89936000,0.99784000
0.01979595,0.89944000,0.99784000
0.01979536,0.89952000,0.99784000
0.01976627,0.89960000,0.99784000
0.01976557,0.89968000,0.99784000
0.01975665,0.89984000,0.99784000
0.01973801,0.89992000,0.99784000
0.01973345,0.90000000,0.99784000
0.01972873,0.90008000,0.99784000
0.01971470,0.90016000,0.99784000
0.01970219,0.90024000,0.99784000
0.01968866,0.90032000,0.99784000
0.01968225,0.90040000,0.99784000
0.01967307,0.90048000,0.99784000
0.01965673,0.90056000,0.99784000
0.01964737,0.90064000,0.99784000
0.01964417,0.90072000,0.99784000
0.01963189,0.90080000,0.99784000
0.01960239,0.90080000,0.99792000
0.01957684,0.90088000,0.99792000
0.01955581,0.90096000,0.99792000
0.01951634,0.90104000,0.99792000
0.01950249,0.90112000,0.99792000
0.01947659,0.90120000,0.99792000
0.01947217,0.90128000,0.99792000
0.01946855,0.90136000,0.99792000
0.01945263,0.90144000,0.99792000
0.01944126,0.90144000,0.99800000
0.01943224,0.90152000,0.99800000
0.01943036,0.90160000,0.99800000
0.01942442,0.90168000,0.99800000
0.01940930,0.90176000,0.99800000
0.01939785,0.90184000,0.99800000
0.01939056,0.90192000,0.99800000
0.01939017,0.90200000,0.99800000
0.01936089,0.90208000,0.99800000
0.01934757,0.90216000,0.99800000
0.01934169,0.90224000,0.99800000
0.01932598,0.90232000,0.99800000
0.01931588,0.90240000,0.99800000
0.01930819,0.90248000,0.99800000
0.01926323,0.90256000,0.99800000
0.01926220,0.90264000,0.99800000
0.01922637,0.90272000,0.99800000
0.01922203,0.90280000,0.99800000
0.01920798,0.90288000,0.99800000
0.01918482,0.90296000,0.99800000
0.01913628,0.90304000,0.99800000
0.01912552,0.90312000,0.99800000
0.01911541,0.90320000,0.99800000
0.01909758,0.90328000,0.99800000
0.01909727,0.90336000,0.99800000
0.01907697,0.90344000,0.99800000
0.01906848,0.90352000,0.99800000
0.01905792,0.90352000,0.99808000
0.01905035,0.90360000,0.99808000
0.01899021,0.90368000,0.99808000
0.01898783,0.90376000,0.99808000
0.01898350,0.90384000,0.99808000
0.01896708,0.90392000,0.99808000
0.01895854,0.90400000,0.99808000
0.01895317,0.90408000,0.99808000
0.01892094,0.90416000,0.99808000
0.01892071,0.90424000,0.99808000
0.01890602,0.90432000,0.99808000
0.01889593,0.90440000,0.99808000
0.01888845,0.90448000,0.99808000
0.01887776,0.90456000,0.99808000
0.01887702,0.90464000,0.99808000
0.01887291,0.90472000,0.99808000
0.01886265,0.90480000,0.99808000
0.01884711,0.90488000,0.99808000
0.01884593,0.90496000,0.99808000
0.01882950,0.90504000,0.99808000
0.01880635,0.90512000,0.99808000
0.01880038,0.90520000,0.99808000
0.01878345,0.90528000,0.99808000
0.01875766,0.90536000,0.99808000
0.01875404,0.90544000,0.99808000
0.01875294,0.90552000,0.99808000
0.01874166,0.90560000,0.99808000
0.01873039,0.90568000,0.99808000
0.01868904,0.90576000,0.99808000
0.01868300,0.90584000,0.99808000
0.01867873,0.90592000,0.99808000
0.01867779,0.90600000,0.99808000
0.01865613,0.90608000,0.99808000
0.01864444,0.90616000,0.99808000
0.01863918,0.90632000,0.99808000
0.01863745,0.90640000,0.99808000
0.01862406,0.90648000,0.99808000
0.01860532,0.90656000,0.99808000
0.01860327,0.90664000,0.99808000
0.01860247,0.90672000,0.99808000
0.01858887,0.90680000,0.99808000
0.01858734,0.90688000,0.99808000
0.01858670,0.90696000,0.99808000
0.01858341,0.90704000,0.99808000
0.01855566,0.90712000,0.99808000
0.01855306,0.90720000,0.99808000
0.01854919,0.90728000,0.99808000
0.01854728,0.90736000,0.99808000
0.01852254,0.90736000,0.99816000
0.01851028,0.90744000,0.99816000
0.01850911,0.90752000,0.99816000
0.01845827,0.90760000,0.99816000
0.01845172,0.90768000,0.99816000
0.01844878,0.90776000,0.99816000
0.01842431,0.90784000,0.99816000
0.01840299,0.90792000,0.99816000
0.01840187,0.90800000,0.99816000
0.01838605,0.90808000,0.99816000
0.01837277,0.90816000,0.99816000
0.01833443,0.90824000,0.99816000
0.01833218,0.90832000,0.99816000
0.01833068,0.90840000,0.99816000
0.01832487,0.90848000,0.99816000
0.01831160,0.90856000,0.99816000
0.01831034,0.90864000,0.99816000
0.01824087,0.90872000,0.99816000
0.01823754,0.90880000,0.99816000
0.01823171,0.90888000,0.99816000
0.01818017,0.90896000,0.99816000
0.01817554,0.90904000,0.99816000
0.01813901,0.90912000,0.99816000
0.01809028,0.90920000,0.99816000
0.01807470,0.90928000,0.99816000
0.01806694,0.90936000,0.99816000
0.01805865,0.90944000,0.99816000
0.01805216,0.90952000,0.99816000
0.01804768,0.90960000,0.99816000
0.01804745,0.90968000,0.99816000
0.01803885,0.90976000,0.99816000
0.01802466,0.90984000,0.99816000
0.01801575,0.90992000,0.99816000
0.01800144,0.91000000,0.99816000
0.01798846,0.91008000,0.99816000
0.01797176,0.91016000,0.99816000
0.01796726,0.91024000,0.99816000
0.01795507,0.91032000,0.99816000
0.01793589,0.91040000,0.99816000
0.01793161,0.91048000,0.99816000
0.01790087,0.91056000,0.99816000
0.01786613,0.91064000,0.99816000
0.01782634,0.91072000,0.99816000
0.01782197,0.91080000,0.99816000
0.01782106,0.91088000,0.99816000
0.01777409,0.91096000,0.99824000
0.01781465,0.91096000,0.99816000
0.01776528,0.91104000,0.99824000
0.01773942,0.91112000,0.99832000
0.01774082,0.91112000,0.99824000
0.01772734,0.91120000,0.99832000
0.01772412,0.91128000,0.99832000
0.01771939,0.91136000,0.99832000
0.01771138,0.91144000,0.99832000
0.01769006,0.91152000,0.99832000
0.01768577,0.91160000,0.99832000
0.01767911,0.91168000,0.99832000
0.01767565,0.91176000,0.99832000
0.01767392,0.91184000,0.99832000
0.01764298,0.91192000,0.99832000
0.01761623,0.91200000,0.99832000
0.01760439,0.91208000,0.99832000
0.01759505,0.91216000,0.99832000
0.01757025,0.91224000,0.99832000
0.01756941,0.91232000,0.99832000
0.01755358,0.91240000,0.99832000
0.01747713,0.91248000,0.99832000
0.01746419,0.91256000,0.99832000
0.01745288,0.91264000,0.99832000
0.01744037,0.91272000,0.99832000
0.01743764,0.91280000,0.99832000
0.01743009,0.91288000,0.99832000
0.01742648,0.91296000,0.99832000
0.01741702,0.91312000,0.99832000
0.01739755,0.91320000,0.99832000
0.01737269,0.91328000,0.99832000
0.01736692,0.91336000,0.99832000
0.01736548,0.91352000,0.99832000
0.01736243,0.91360000,0.99832000
0.01734009,0.91368000,0.99832000
0.01730819,0.91376000,0.99832000
0.01730724,0.91384000,0.99832000
0.01730419,0.91392000,0.99832000
0.01729446,0.91400000,0.99832000
0.01727233,0.91408000,0.99832000
0.01727225,0.91416000,0.99832000
0.01725899,0.91424000,0.99832000
0.01724006,0.91424000,0.99840000
0.01721487,0.91424000,0.99856000
0.01716021,0.91432000,0.99856000
0.01713965,0.91440000,0.99856000
0.01712918,0.91448000,0.99856000
0.01711989,0.91456000,0.99856000
0.01711892,0.91464000,0.99856000
0.01711842,0.91472000,0.99856000
0.01711574,0.91488000,0.99856000
0.01711027,0.91496000,0.99856000
0.01710965,0.91504000,0.99856000
0.01709866,0.91512000,0.99856000
0.01708565,0.91520000,0.99856000
0.01708068,0.91528000,0.99856000
0.01707875,0.91536000,0.99856000
0.01707558,0.91544000,0.99856000
0.01707157,0.91552000,0.99856000
0.01707014,0.91560000,0.99856000
0.01706875,0.91568000,0.99856000
0.01706035,0.91576000,0.99856000
0.01701750,0.91584000,0.99856000
0.01700733,0.91592000,0.99856000
0.01698929,0.91600000,0.99856000
0.01698522,0.91608000,0.99856000
0.01697577,0.91616000,0.99856000
0.01696896,0.91624000,0.99856000
0.01694780,0.91632000,0.99856000
0.01694394,0.91640000,0.99856000
0.01694275,0.91648000,0.99856000
0.01692737,0.91656000,0.99856000
0.01691831,0.91664000,0.99856000
0.01691520,0.91672000,0.99856000
0.01685331,0.91680000,0.99856000
0.01677104,0.91688000,0.99856000
0.01675828,0.91696000,0.99856000
0.01675091,0.91704000,0.99856000
0.01673907,0.91712000,0.99856000
0.01673359,0.91720000,0.99856000
0.01672655,0.91728000,0.99856000
0.01672188,0.91736000,0.99856000
0.01670700,0.91744000,0.99856000
0.01670617,0.91752000,0.99856000
0.01670193,0.91760000,0.99856000
0.01670086,0.91768000,0.99856000
0.01670024,0.91776000,0.99856000
0.01669716,0.91784000,0.99856000
0.01668621,0.91792000,0.99856000
0.01666421,0.91800000,0.99856000
0.01665889,0.91808000,0.99856000
0.01664352,0.91816000,0.99856000
0.01663571,0.91832000,0.99856000
0.01659567,0.91840000,0.99856000
0.01658331,0.91848000,0.99856000
0.01657073,0.91856000,0.99856000
0.01656116,0.91864000,0.99856000
0.01655457,0.91872000,0.99856000
0.01655445,0.91880000,0.99856000
0.01653487,0.91888000,0.99856000
0.01653471,0.91896000,0.99856000
0.01653364,0.91904000,0.99856000
0.01652628,0.91912000,0.99856000
0.01652241,0.91920000,0.99856000
0.01651237,0.91928000,0.99856000
0.01649611,0.91936000,0.99856000
0.01647378,0.91944000,0.99856000
0.01647085,0.91952000,0.99856000
0.01646790,0.91960000,0.99856000
0.01646139,0.91968000,0.99856000
0.01644343,0.91976000,0.99864000
0.01645747,0.91976000,0.99856000
0.01644103,0.91984000,0.99864000
0.01643548,0.91992000,0.99864000
0.01643154,0.92000000,0.99864000
0.01642489,0.92008000,0.99864000
0.01641821,0.92016000,0.99864000
0.01641737,0.92024000,0.99864000
0.01641606,0.92032000,0.99864000
0.01641376,0.92040000,0.99864000
0.01641202,0.92048000,0.99864000
0.01638843,0.92056000,0.99864000
0.01637910,0.92064000,0.99864000
0.01635931,0.92072000,0.99864000
0.01635684,0.92080000,0.99864000
0.01635612,0.92088000,0.99864000
0.01634660,0.92096000,0.99864000
0.01633405,0.92104000,0.99864000
0.01632803,0.92112000,0.99864000
0.01632419,0.92120000,0.99864000
0.01629956,0.92128000,0.99864000
0.01629830,0.92136000,0.99864000
0.01629100,0.92144000,0.99864000
0.01627707,0.92152000,0.99864000
0.01626076,0.92160000,0.99864000
0.01622296,0.92168000,0.99864000
0.01621947,0.92176000,0.99864000
0.01621655,0.92184000,0.99864000
0.01619193,0.92192000,0.99864000
0.01618860,0.92200000,0.99864000
0.01617759,0.92208000,0.99864000
0.01616776,0.92216000,0.99864000
0.01614630,0.92224000,0.99864000
0.01614313,0.92232000,0.99864000
0.01614044,0.92240000,0.99864000
0.01613721,0.92248000,0.99864000
0.01609878,0.92256000,0.99864000
0.01608957,0.92264000,0.99864000
0.01608152,0.92272000,0.99864000
0.01606082,0.92280000,0.99864000
0.01605569,0.92288000,0.99864000
0.01604448,0.92296000,0.99864000
0.01603596,0.92304000,0.99864000
0.01602956,0.92312000,0.99864000
0.01602040,0.92320000,0.99864000
0.01601023,0.92328000,0.99864000
0.01599902,0.92336000,0.99864000
0.01599484,0.92344000,0.99864000
0.01598673,0.92360000,0.99864000
0.01597559,0.92368000,0.99864000
0.01597175,0.92376000,0.99864000
0.01597110,0.92384000,0.99864000
0.01592972,0.92392000,0.99872000
0.01595412,0.92392000,0.99864000
0.01592627,0.92400000,0.99872000
0.01590783,0.92408000,0.99872000
0.01589211,0.92416000,0.99872000
0.01588313,0.92424000,0.99872000
0.01587509,0.92432000,0.99880000
0.01587838,0.92432000,0.99872000
0.01587134,0.92440000,0.99880000
0.01586382,0.92448000,0.99880000
0.01585643,0.92456000,0.99880000
0.01584760,0.92464000,0.99880000
0.01584321,0.92472000,0.99880000
0.01582600,0.92480000,0.99880000
0.01581438,0.92488000,0.99880000
0.01581379,0.92496000,0.99880000
0.01581338,0.92504000,0.99880000
0.01579319,0.92512000,0.99880000
0.01579042,0.92520000,0.99880000
0.01578889,0.92528000,0.99880000
0.01578082,0.92536000,0.99880000
0.01577748,0.92544000,0.99880000
0.01576489,0.92552000,0.99880000
0.01574983,0.92560000,0.99880000
0.01574677,0.92560000,0.99888000
0.01571460,0.92568000,0.99888000
0.01569548,0.92576000,0.99888000
0.01569386,0.92584000,0.99888000
0.01568207,0.92592000,0.99888000
0.01567704,0.92600000,0.99888000
0.01567631,0.92608000,0.99888000
0.01567461,0.92616000,0.99888000
0.01566698,0.92624000,0.99888000
0.01563608,0.92632000,0.99888000
0.01562354,0.92640000,0.99888000
0.01561153,0.92648000,0.99888000
0.01561123,0.92656000,0.99888000
0.01559397,0.92664000,0.99888000
0.01559224,0.92672000,0.99888000
0.01558316,0.92680000,0.99888000
0.01557837,0.92688000,0.99888000
0.01557314,0.92696000,0.99888000
0.01553379,0.92704000,0.99888000
0.01551729,0.92712000,0.99888000
0.01551405,0.92720000,0.99888000
0.01551327,0.92728000,0.99888000
0.01548353,0.92736000,0.99896000
0.01550563,0.92736000,0.99888000
0.01546981,0.92744000,0.99896000
0.01546959,0.92752000,0.99896000
0.01546248,0.92760000,0.99896000
0.01546027,0.92768000,0.99896000
0.01545468,0.92776000,0.99896000
0.01545037,0.92784000,0.99896000
0.01543301,0.92792000,0.99896000
0.01541838,0.92800000,0.99896000
0.01541519,0.92808000,0.99896000
0.01539237,0.92816000,0.99896000
0.01538970,0.92824000,0.99896000
0.01537947,0.92832000,0.99896000
0.01537448,0.92840000,0.99896000
0.01533773,0.92848000,0.99896000
0.01532879,0.92856000,0.99896000
0.01532693,0.92864000,0.99896000
0.01529767,0.92872000,0.99896000
0.01529224,0.92880000,0.99896000
0.01529144,0.92888000,0.99896000
0.01528411,0.92896000,0.99896000
0.01527197,0.92904000,0.99896000
0.01526132,0.92912000,0.99896000
0.01526000,0.92920000,0.99896000
0.01524796,0.92928000,0.99896000
0.01524791,0.92936000,0.99896000
0.01521605,0.92944000,0.99896000
0.01519870,0.92952000,0.99896000
0.01519050,0.92960000,0.99896000
0.01518240,0.92968000,0.99896000
0.01517427,0.92976000,0.99896000
0.01516156,0.92984000,0.99896000
0.01515867,0.92992000,0.99896000
0.01515204,0.93000000,0.99896000
0.01515077,0.93008000,0.99896000
0.01513336,0.93016000,0.99896000
0.01512865,0.93024000,0.99896000
0.01511206,0.93032000,0.99896000
0.01511041,0.93040000,0.99896000
0.01510885,0.93048000,0.99896000
0.01508391,0.93056000,0.99896000
0.01506605,0.93064000,0.99896000
0.01506198,0.93072000,0.99896000
0.01506195,0.93080000,0.99896000
0.01506037,0.93088000,0.99896000
0.01505096,0.93096000,0.99896000
0.01502504,0.93104000,0.99896000
0.01501741,0.93112000,0.99896000
0.01501284,0.93120000,0.99896000
0.01501012,0.93136000,0.99896000
0.01500368,0.93144000,0.99896000
0.01497568,0.93152000,0.99896000
0.01497539,0.93160000,0.99896000
0.01497404,0.93168000,0.99896000
0.01495579,0.93176000,0.99896000
0.01492686,0.93184000,0.99896000
0.01492362,0.93192000,0.99896000
0.01492309,0.93200000,0.99896000
0.01491957,0.93208000,0.99896000
0.01490818,0.93216000,0.99896000
0.01490581,0.93224000,0.99896000
0.01488981,0.93232000,0.99896000
0.01487002,0.93240000,0.99896000
0.01486738,0.93248000,0.99896000
0.01486706,0.93256000,0.99896000
0.01484453,0.93264000,0.99896000
0.01483733,0.93272000,0.99896000
0.01482996,0.93280000,0.99896000
0.01481701,0.93288000,0.99896000
0.01479660,0.93296000,0.99896000
0.01477567,0.93296000,0.99904000
0.01476606,0.93304000,0.99904000
0.01474756,0.93312000,0.99904000
0.01473572,0.93320000,0.99904000
0.01472234,0.93328000,0.99904000
0.01471457,0.93336000,0.99904000
0.01470021,0.93344000,0.99904000
0.01469009,0.93352000,0.99904000
0.01468292,0.93360000,0.99904000
0.01467647,0.93368000,0.99904000
0.01467158,0.93376000,0.99904000
0.01466651,0.93384000,0.99904000
0.01465624,0.93392000,0.99904000
0.01464643,0.93400000,0.99904000
0.01464361,0.93408000,0.99904000
0.01463862,0.93416000,0.99904000
0.01460281,0.93424000,0.99904000
0.01459506,0.93432000,0.99904000
0.01458106,0.93440000,0.99904000
0.01457371,0.93448000,0.99904000
0.01457164,0.93456000,0.99904000
0.01455572,0.93464000,0.99904000
0.01455351,0.93472000,0.99904000
0.01455159,0.93480000,0.99904000
0.01454748,0.93488000,0.99904000
0.01454657,0.93496000,0.99904000
0.01454545,0.93504000,0.99904000
0.01453243,0.93512000,0.99904000
0.01452002,0.93520000,0.99904000
0.01449623,0.93528000,0.99904000
0.01448236,0.93536000,0.99904000
0.01446920,0.93544000,0.99904000
0.01445254,0.93552000,0.99904000
0.01445030,0.93560000,0.99904000
0.01442870,0.93568000,0.99904000
0.01442534,0.93576000,0.99904000
0.01441734,0.93584000,0.99904000
0.01441568,0.93592000,0.99904000
0.01441167,0.93600000,0.99904000
0.01440699,0.93608000,0.99904000
0.01434382,0.93616000,0.99904000
0.01432680,0.93624000,0.99904000
0.01432209,0.93632000,0.99904000
0.01432052,0.93640000,0.99904000
0.01430965,0.93648000,0.99912000
0.01431498,0.93648000,0.99904000
0.01430814,0.93656000,0.99912000
0.01430776,0.93664000,0.99912000
0.01430287,0.93672000,0.99912000
0.01426919,0.93680000,0.99912000
0.01425478,0.93688000,0.99912000
0.01425238,0.93696000,0.99912000
0.01425008,0.93704000,0.99912000
0.01423719,0.93712000,0.99912000
0.01423002,0.93720000,0.99912000
0.01420885,0.93728000,0.99912000
0.01420276,0.93736000,0.99912000
0.01419093,0.93744000,0.99912000
0.01418706,0.93752000,0.99912000
0.01418164,0.93760000,0.99912000
0.01416548,0.93768000,0.99912000
0.01414422,0.93776000,0.99912000
0.01413596,0.93784000,0.99912000
0.01412989,0.93792000,0.99912000
0.01412496,0.93800000,0.99912000
0.01412399,0.93808000,0.99912000
0.01412352,0.93816000,0.99912000
0.01411329,0.93824000,0.99912000
0.01410757,0.93832000,0.99912000
0.01410674,0.93840000,0.99912000
0.01408034,0.93848000,0.99912000
0.01406822,0.93856000,0.99912000
0.01406783,0.93864000,0.99912000
0.01406468,0.93872000,0.99912000
0.01406231,0.93880000,0.99912000
0.01406155,0.93880000,0.99920000
0.01406045,0.93888000,0.99920000
0.01405178,0.93896000,0.99920000
0.01404740,0.93904000,0.99920000
0.01404326,0.93912000,0.99920000
0.01403222,0.93920000,0.99920000
0.01403160,0.93928000,0.99920000
0.01402910,0.93936000,0.99920000
0.01402081,0.93944000,0.99920000
0.01401574,0.93952000,0.99920000
0.01401483,0.93960000,0.99920000
0.01400348,0.93968000,0.99920000
0.01399937,0.93976000,0.99920000
0.01399646,0.93984000,0.99920000
0.01398589,0.93992000,0.99920000
0.01398425,0.94000000,0.99920000
0.01397229,0.94008000,0.99920000
0.01397126,0.94016000,0.99920000
0.01396503,0.94024000,0.99920000
0.01395860,0.94032000,0.99920000
0.01394352,0.94040000,0.99920000
0.01392454,0.94048000,0.99920000
0.01390949,0.94056000,0.99920000
0.01385103,0.94064000,0.99920000
0.01384724,0.94072000,0.99920000
0.01384303,0.94080000,0.99920000
0.01382930,0.94088000,0.99920000
0.01381943,0.94096000,0.99920000
0.01380407,0.94104000,0.99920000
0.01380325,0.94112000,0.99920000
0.01377379,0.94120000,0.99920000
0.01377352,0.94128000,0.99920000
0.01376626,0.94136000,0.99920000
0.01376458,0.94144000,0.99920000
0.01375750,0.94152000,0.99920000
0.01375561,0.94160000,0.99920000
0.01375025,0.94168000,0.99920000
0.01372078,0.94176000,0.99920000
0.01370659,0.94184000,0.99920000
0.01370658,0.94192000,0.99920000
0.01370254,0.94200000,0.99920000
0.01369622,0.94208000,0.99920000
0.01369309,0.94216000,0.99920000
0.01368401,0.94224000,0.99920000
0.01368253,0.94232000,0.99920000
0.01367402,0.94240000,0.99920000
0.01366833,0.94248000,0.99920000
0.01364760,0.94256000,0.99920000
0.01364508,0.94256000,0.99928000
0.01364309,0.94264000,0.99928000
0.01363720,0.94272000,0.99928000
0.01363605,0.94280000,0.99928000
0.01362979,0.94288000,0.99928000
0.01362312,0.94296000,0.99928000
0.01358890,0.94304000,0.99928000
0.01358177,0.94312000,0.99928000
0.01357185,0.94320000,0.99928000
0.01356376,0.94328000,0.99928000
0.01355580,0.94336000,0.99928000
0.01355502,0.94344000,0.99928000
0.01355176,0.94352000,0.99928000
0.01353155,0.94360000,0.99928000
0.01352900,0.94368000,0.99928000
0.01352257,0.94376000,0.99928000
0.01351818,0.94384000,0.99928000
0.01350349,0.94392000,0.99928000
0.01349403,0.94400000,0.99928000
0.01347890,0.94408000,0.99928000
0.01345986,0.94416000,0.99928000
0.01345281,0.94424000,0.99928000
0.01344323,0.94432000,0.99928000
0.01340722,0.94440000,0.99928000
0.01340420,0.94448000,0.99928000
0.01340155,0.94456000,0.99928000
0.01339354,0.94464000,0.99928000
0.01339159,0.94472000,0.99928000
0.01338790,0.94480000,0.99928000
0.01338409,0.94488000,0.99928000
0.01337475,0.94496000,0.99928000
0.01337135,0.94504000,0.99928000
0.01335363,0.94512000,0.99928000
0.01334961,0.94520000,0.99928000
0.01334704,0.94528000,0.99928000
0.01331647,0.94536000,0.99928000
0.01331323,0.94544000,0.99928000
0.01329302,0.94552000,0.99928000
0.01328198,0.94560000,0.99928000
0.01327264,0.94568000,0.99928000
0.01326447,0.94576000,0.99928000
0.01326337,0.94584000,0.99928000
0.01325775,0.94592000,0.99928000
0.01324512,0.94600000,0.99928000
0.01323253,0.94608000,0.99928000
0.01322599,0.94616000,0.99928000
0.01321082,0.94624000,0.99928000
0.01320692,0.94632000,0.99928000
0.01320474,0.94640000,0.99928000
0.01317947,0.94648000,0.99928000
0.01317891,0.94656000,0.99928000
0.01317130,0.94664000,0.99928000
0.01315429,0.94672000,0.99928000
0.01314727,0.94680000,0.99928000
0.01313503,0.94688000,0.99928000
0.01312818,0.94696000,0.99928000
0.01308540,0.94704000,0.99928000
0.01308340,0.94712000,0.99928000
0.01307696,0.94720000,0.99928000
0.01307518,0.94728000,0.99928000
0.01303829,0.94736000,0.99928000
0.01303429,0.94744000,0.99928000
0.01300818,0.94744000,0.99936000
0.01298761,0.94752000,0.99936000
0.01297674,0.94760000,0.99936000
0.01295204,0.94768000,0.99936000
0.01294999,0.94776000,0.99936000
0.01292991,0.94776000,0.99944000
0.01292073,0.94784000,0.99944000
0.01291690,0.94792000,0.99944000
0.01290657,0.94800000,0.99944000
0.01290228,0.94808000,0.99944000
0.01289590,0.94816000,0.99944000
0.01289025,0.94824000,0.99944000
0.01288488,0.94832000,0.99944000
0.01287145,0.94840000,0.99944000
0.01284460,0.94848000,0.99944000
0.01284311,0.94856000,0.99944000
0.01283106,0.94864000,0.99944000
0.01283016,0.94872000,0.99944000
0.01281499,0.94880000,0.99944000
0.01280977,0.94888000,0.99944000
0.01280483,0.94896000,0.99944000
0.01280028,0.94904000,0.99944000
0.01279874,0.94912000,0.99944000
0.01279539,0.94920000,0.99944000
0.01279056,0.94928000,0.99944000
0.01278578,0.94936000,0.99944000
0.01277785,0.94944000,0.99944000
0.01277718,0.94952000,0.99944000
0.01277466,0.94960000,0.99944000
0.01276551,0.94968000,0.99944000
0.01276321,0.94976000,0.99944000
0.01276262,0.94984000,0.99944000
0.01275642,0.94992000,0.99944000
0.01274162,0.95000000,0.99944000
0.01273926,0.95008000,0.99944000
0.01272339,0.95016000,0.99944000
0.01272277,0.95024000,0.99944000
0.01272015,0.95032000,0.99944000
0.01270893,0.95040000,0.99944000
0.01269209,0.95048000,0.99944000
0.01269100,0.95056000,0.99944000
0.01267688,0.95064000,0.99944000
0.01267643,0.95072000,0.99944000
0.01267629,0.95080000,0.99944000
0.01266050,0.95088000,0.99944000
0.01264303,0.95096000,0.99952000
0.01264810,0.95096000,0.99944000
0.01263361,0.95104000,0.99952000
0.01262889,0.95112000,0.99952000
0.01262222,0.95120000,0.99952000
0.01259702,0.95128000,0.99952000
0.01258339,0.95136000,0.99952000
0.01255842,0.95144000,0.99952000
0.01255211,0.95152000,0.99952000
0.01255084,0.95160000,0.99952000
0.01253390,0.95168000,0.99952000
0.01252674,0.95176000,0.99952000
0.01252483,0.95184000,0.99952000
0.01251312,0.95192000,0.99952000
0.01251056,0.95200000,0.99952000
0.01250016,0.95208000,0.99952000
0.01249967,0.95216000,0.99952000
0.01247667,0.95224000,0.99952000
0.01247649,0.95232000,0.99952000
0.01247382,0.95240000,0.99952000
0.01246990,0.95248000,0.99952000
0.01246663,0.95256000,0.99952000
0.01246515,0.95264000,0.99952000
0.01245926,0.95272000,0.99952000
0.01245568,0.95280000,0.99952000
0.01244545,0.95288000,0.99952000
0.01244536,0.95296000,0.99952000
0.01243988,0.95304000,0.99952000
0.01242678,0.95312000,0.99952000
0.01242290,0.95320000,0.99952000
0.01241425,0.95328000,0.99952000
0.01240552,0.95336000,0.99952000
0.01238754,0.95344000,0.99952000
0.01238163,0.95352000,0.99952000
0.01237148,0.95360000,0.99952000
0.01236864,0.95368000,0.99952000
0.01235358,0.95376000,0.99952000
0.01234727,0.95384000,0.99952000
0.01233031,0.95392000,0.99952000
0.01231983,0.95400000,0.99952000
0.01231948,0.95408000,0.99952000
0.01230589,0.95416000,0.99952000
0.01228328,0.95424000,0.99952000
0.01228027,0.95432000,0.99952000
0.01227880,0.95440000,0.99952000
0.01226914,0.95448000,0.99952000
0.01225608,0.95456000,0.99952000
0.01225277,0.95464000,0.99952000
0.01225165,0.95472000,0.99952000
0.01224034,0.95480000,0.99952000
0.01223819,0.95488000,0.99952000
0.01223734,0.95496000,0.99952000
0.01222140,0.95512000,0.99952000
0.01221571,0.95520000,0.99952000
0.01220898,0.95528000,0.99952000
0.01220264,0.95536000,0.99952000
0.01218949,0.95544000,0.99952000
0.01216459,0.95552000,0.99952000
0.01215633,0.95560000,0.99952000
0.01214828,0.95568000,0.99952000
0.01214612,0.95576000,0.99952000
0.01214022,0.95584000,0.99952000
0.01213936,0.95592000,0.99952000
0.01213469,0.95600000,0.99952000
0.01213377,0.95608000,0.99952000
0.01212972,0.95616000,0.99952000
0.01212862,0.95624000,0.99952000
0.01210848,0.95632000,0.99952000
0.01210258,0.95640000,0.99952000
0.01209506,0.95648000,0.99952000
0.01209434,0.95656000,0.99952000
0.01209034,0.95664000,0.99952000
0.01208477,0.95672000,0.99952000
0.01208354,0.95680000,0.99952000
0.01208203,0.95688000,0.99952000
0.01208026,0.95696000,0.99952000
0.01207741,0.95704000,0.99952000
0.01207361,0.95712000,0.99952000
0.01205652,0.95720000,0.99952000
0.01205615,0.95728000,0.99952000
0.01202395,0.95736000,0.99952000
0.01200352,0.95744000,0.99952000
0.01199986,0.95752000,0.99952000
0.01199979,0.95760000,0.99952000
0.01199308,0.95768000,0.99952000
0.01198949,0.95776000,0.99952000
0.01198755,0.95784000,0.99952000
0.01197568,0.95792000,0.99952000
0.01194312,0.95800000,0.99952000
0.01193144,0.95808000,0.99952000
0.01192309,0.95816000,0.99952000
0.01191238,0.95824000,0.99952000
0.01189512,0.95832000,0.99952000
0.01188983,0.95840000,0.99952000
0.01187941,0.95848000,0.99952000
0.01187647,0.95856000,0.99952000
0.01187127,0.95864000,0.99952000
0.01186801,0.95872000,0.99952000
0.01186384,0.95880000,0.99952000
0.01185960,0.95888000,0.99952000
0.01185597,0.95896000,0.99952000
0.01185198,0.95904000,0.99952000
0.01185168,0.95912000,0.99952000
0.01183912,0.95920000,0.99952000
0.01182427,0.95928000,0.99952000
0.01178715,0.95936000,0.99952000
0.01176977,0.95944000,0.99952000
0.01176770,0.95952000,0.99952000
0.01175052,0.95960000,0.99952000
0.01174858,0.95968000,0.99952000
0.01174695,0.95976000,0.99952000
0.01174565,0.95984000,0.99952000
0.01174347,0.96000000,0.99952000
0.01173260,0.96008000,0.99952000
0.01169242,0.96016000,0.99952000
0.01168781,0.96024000,0.99952000
0.01167326,0.96032000,0.99952000
0.01166185,0.96040000,0.99952000
0.01164528,0.96048000,0.99952000
0.01162404,0.96056000,0.99952000
0.01162091,0.96064000,0.99952000
0.01161350,0.96072000,0.99952000
0.01160420,0.96080000,0.99952000
0.01160326,0.96088000,0.99952000
0.01160265,0.96096000,0.99952000
0.01157965,0.96104000,0.99952000
0.01157247,0.96112000,0.99952000
0.01155423,0.96120000,0.99952000
0.01153018,0.96128000,0.99952000
0.01151067,0.96136000,0.99952000
0.01149798,0.96144000,0.99952000
0.01148455,0.96152000,0.99952000
0.01147684,0.96160000,0.99952000
0.01146061,0.96168000,0.99960000
0.01147160,0.96168000,0.99952000
0.01145426,0.96176000,0.99960000
0.01145075,0.96184000,0.99960000
0.01143634,0.96192000,0.99960000
0.01143540,0.96200000,0.99960000
0.01142561,0.96208000,0.99960000
0.01142330,0.96224000,0.99960000
0.01141570,0.96232000,0.99960000
0.01141430,0.96240000,0.99960000
0.01141159,0.96248000,0.99960000
0.01139766,0.96256000,0.99960000
0.01139492,0.96264000,0.99960000
0.01138429,0.96272000,0.99960000
0.01137915,0.96280000,0.99960000
0.01137735,0.96288000,0.99960000
0.01136314,0.96296000,0.99960000
0.01136057,0.96304000,0.99960000
0.01135172,0.96312000,0.99960000
0.01132860,0.96320000,0.99960000
0.01130270,0.96328000,0.99960000
0.01129221,0.96336000,0.99960000
0.01129089,0.96344000,0.99960000
0.01128324,0.96344000,0.99968000
0.01128040,0.96352000,0.99968000
0.01126683,0.96360000,0.99968000
0.01126627,0.96368000,0.99968000
0.01126599,0.96376000,0.99968000
0.01126128,0.96384000,0.99968000
0.01125728,0.96392000,0.99968000
0.01125642,0.96400000,0.99968000
0.01125129,0.96400000,0.99976000
0.01124829,0.96408000,0.99976000
0.01123062,0.96416000,0.99976000
0.01122347,0.96424000,0.99976000
0.01121224,0.96432000,0.99976000
0.01120713,0.96440000,0.99976000
0.01118991,0.96448000,0.99976000
0.01118881,0.96456000,0.99976000
0.01118590,0.96464000,0.99976000
0.01118582,0.96472000,0.99976000
0.01117787,0.96480000,0.99976000
0.01116525,0.96488000,0.99976000
0.01116403,0.96496000,0.99976000
0.01116050,0.96504000,0.99976000
0.01113509,0.96512000,0.99976000
0.01111850,0.96520000,0.99976000
0.01109188,0.96528000,0.99976000
0.01108804,0.96536000,0.99976000
0.01108571,0.96544000,0.99976000
0.01106876,0.96552000,0.99976000
0.01106121,0.96560000,0.99976000
0.01105997,0.96568000,0.99976000
0.01102908,0.96576000,0.99976000
0.01102878,0.96584000,0.99976000
0.01100273,0.96592000,0.99976000
0.01100011,0.96600000,0.99976000
0.01099166,0.96608000,0.99976000
0.01097695,0.96616000,0.99976000
0.01096778,0.96624000,0.99976000
0.01093141,0.96632000,0.99976000
0.01092233,0.96640000,0.99976000
0.01091540,0.96648000,0.99976000
0.01091428,0.96656000,0.99976000
0.01091160,0.96664000,0.99976000
0.01089265,0.96672000,0.99976000
0.01088999,0.96680000,0.99976000
0.01088624,0.96688000,0.99976000
0.01087890,0.96696000,0.99976000
0.01087530,0.96704000,0.99976000
0.01086805,0.96712000,0.99976000
0.01085995,0.96720000,0.99976000
0.01084051,0.96728000,0.99976000
0.01082340,0.96736000,0.99976000
0.01080286,0.96744000,0.99976000
0.01075772,0.96752000,0.99976000
0.01075519,0.96760000,0.99976000
0.01073849,0.96768000,0.99976000
0.01073211,0.96776000,0.99976000
0.01072433,0.96784000,0.99976000
0.01070126,0.96792000,0.99984000
0.01071611,0.96792000,0.99976000
0.01068845,0.96800000,0.99984000
0.01067342,0.96808000,0.99984000
0.01066706,0.96816000,0.99984000
0.01065912,0.96824000,0.99984000
0.01065757,0.96832000,0.99984000
0.01064369,0.96840000,0.99984000
0.01063395,0.96848000,0.99984000
0.01063023,0.96856000,0.99984000
0.01062235,0.96864000,0.99984000
0.01061164,0.96872000,0.99984000
0.01060860,0.96880000,0.99984000
0.01060711,0.96888000,0.99984000
0.01059870,0.96896000,0.99984000
0.01059269,0.96912000,0.99984000
0.01057726,0.96920000,0.99984000
0.01057466,0.96928000,0.99984000
0.01056423,0.96936000,0.99984000
0.01056323,0.96944000,0.99984000
0.01055560,0.96952000,0.99984000
0.01055077,0.96960000,0.99984000
0.01052717,0.96968000,0.99984000
0.01051326,0.96976000,0.99984000
0.01050968,0.96984000,0.99984000
0.01050619,0.96992000,0.99984000
0.01050376,0.97000000,0.99984000
0.01049875,0.97008000,0.99984000
0.01046548,0.97016000,0.99984000
0.01045963,0.97024000,0.99984000
0.01043447,0.97032000,0.99984000
0.01043286,0.97040000,0.99984000
0.01041658,0.97048000,0.99984000
0.01040040,0.97056000,0.99984000
0.01039745,0.97064000,0.99984000
0.01037554,0.97072000,0.99984000
0.01037495,0.97080000,0.99984000
0.01036562,0.97088000,0.99984000
0.01035700,0.97096000,0.99984000
0.01034566,0.97104000,0.99984000
0.01033268,0.97112000,0.99984000
0.01031163,0.97120000,0.99984000
0.01030919,0.97128000,0.99984000
0.01030543,0.97136000,0.99984000
0.01030344,0.97144000,0.99984000
0.01030177,0.97152000,0.99984000
0.01028830,0.97168000,0.99984000
0.01026216,0.97176000,0.99984000
0.01025408,0.97184000,0.99984000
0.01024670,0.97192000,0.99984000
0.01022383,0.97200000,0.99984000
0.01022048,0.97208000,0.99984000
0.01019918,0.97216000,0.99984000
0.01019641,0.97224000,0.99984000
0.01018757,0.97232000,0.99984000
0.01018635,0.97240000,0.99984000
0.01017734,0.97248000,0.99984000
0.01017477,0.97256000,0.99984000
0.01016809,0.97264000,0.99984000
0.01013915,0.97272000,0.99984000
0.01013399,0.97280000,0.99984000
0.01013086,0.97288000,0.99984000
0.01012998,0.97296000,0.99984000
0.01012740,0.97304000,0.99984000
0.01012626,0.97312000,0.99984000
0.01012449,0.97320000,0.99984000
0.01012442,0.97328000,0.99984000
0.01009515,0.97336000,0.99984000
0.01008753,0.97344000,0.99984000
0.01008027,0.97352000,0.99984000
0.01006145,0.97360000,0.99984000
0.01004501,0.97368000,0.99984000
0.01004116,0.97376000,0.99984000
0.01002863,0.97384000,0.99984000
0.01002675,0.97400000,0.99984000
0.01002283,0.97408000,0.99984000
0.01001989,0.97416000,0.99984000
0.01001585,0.97424000,0.99984000
0.01001317,0.97432000,0.99984000
0.01000382,0.97440000,0.99984000
0.00998938,0.97448000,0.99984000
0.00996324,0.97456000,0.99992000
0.00998554,0.97456000,0.99984000
0.00995735,0.97464000,0.99992000
0.00995297,0.97472000,0.99992000
0.00992349,0.97480000,0.99992000
0.00991989,0.97488000,0.99992000
0.00991143,0.97496000,0.99992000
0.00989891,0.97504000,0.99992000
0.00988375,0.97512000,0.99992000
0.00988223,0.97520000,0.99992000
0.00987770,0.97528000,0.99992000
0.00985671,0.97536000,0.99992000
0.00985492,0.97544000,0.99992000
0.00984647,0.97552000,0.99992000
0.00984012,0.97560000,0.99992000
0.00983179,0.97568000,0.99992000
0.00982768,0.97576000,0.99992000
0.00981475,0.97584000,0.99992000
0.00981003,0.97600000,1.00000000
0.00981145,0.97600000,0.99992000
0.00980598,0.97608000,1.00000000
0.00980261,0.97616000,1.00000000
0.00978237,0.97624000,1.00000000
0.00977747,0.97632000,1.00000000
0.00977477,0.97640000,1.00000000
0.00976979,0.97648000,1.00000000
0.00975814,0.97656000,1.00000000
0.00975363,0.97664000,1.00000000
0.00974572,0.97672000,1.00000000
0.00972570,0.97680000,1.00000000
0.00972121,0.97688000,1.00000000
0.00971818,0.97696000,1.00000000
0.00969348,0.97704000,1.00000000
0.00968578,0.97712000,1.00000000
0.00968281,0.97720000,1.00000000
0.00967320,0.97728000,1.00000000
0.00966850,0.97736000,1.00000000
0.00966742,0.97744000,1.00000000
0.00966707,0.97752000,1.00000000
0.00966343,0.97760000,1.00000000
0.00964307,0.97768000,1.00000000
0.00963291,0.97776000,1.00000000
0.00963077,0.97784000,1.00000000
0.00960360,0.97792000,1.00000000
0.00958605,0.97800000,1.00000000
0.00956879,0.97808000,1.00000000
0.00956646,0.97816000,1.00000000
0.00956560,0.97824000,1.00000000
0.00956274,0.97832000,1.00000000
0.00953224,0.97840000,1.00000000
0.00951097,0.97848000,1.00000000
0.00950788,0.97856000,1.00000000
0.00950243,0.97864000,1.00000000
0.00944588,0.97872000,1.00000000
0.00944467,0.97880000,1.00000000
0.00941787,0.97888000,1.00000000
0.00941712,0.97896000,1.00000000
0.00940541,0.97904000,1.00000000
0.00940373,0.97912000,1.00000000
0.00940289,0.97920000,1.00000000
0.00937691,0.97928000,1.00000000
0.00937209,0.97936000,1.00000000
0.00935508,0.97944000,1.00000000
0.00932700,0.97952000,1.00000000
0.00930852,0.97960000,1.00000000
0.00930715,0.97968000,1.00000000
0.00927930,0.97976000,1.00000000
0.00927252,0.97984000,1.00000000
0.00926286,0.97992000,1.00000000
0.00925845,0.98000000,1.00000000
0.00925731,0.98008000,1.00000000
0.00923307,0.98016000,1.00000000
0.00922978,0.98024000,1.00000000
0.00922319,0.98032000,1.00000000
0.00920577,0.98040000,1.00000000
0.00920422,0.98048000,1.00000000
0.00920302,0.98056000,1.00000000
0.00920132,0.98064000,1.00000000
0.00919708,0.98072000,1.00000000
0.00919345,0.98080000,1.00000000
0.00919230,0.98088000,1.00000000
0.00917808,0.98096000,1.00000000
0.00917020,0.98104000,1.00000000
0.00916540,0.98112000,1.00000000
0.00916251,0.98120000,1.00000000
0.00916055,0.98128000,1.00000000
0.00915426,0.98136000,1.00000000
0.00914061,0.98144000,1.00000000
0.00913163,0.98152000,1.00000000
0.00909636,0.98160000,1.00000000
0.00907073,0.98168000,1.00000000
0.00907066,0.98176000,1.00000000
0.00907014,0.98184000,1.00000000
0.00906586,0.98192000,1.00000000
0.00906335,0.98200000,1.00000000
0.00902437,0.98208000,1.00000000
0.00902338,0.98216000,1.00000000
0.00902051,0.98224000,1.00000000
0.00901626,0.98232000,1.00000000
0.00898428,0.98240000,1.00000000
0.00898333,0.98248000,1.00000000
0.00898268,0.98256000,1.00000000
0.00898024,0.98264000,1.00000000
0.00896181,0.98272000,1.00000000
0.00896154,0.98280000,1.00000000
0.00896144,0.98288000,1.00000000
0.00895730,0.98296000,1.00000000
0.00895008,0.98304000,1.00000000
0.00892617,0.98312000,1.00000000
0.00886530,0.98320000,1.00000000
0.00885383,0.98328000,1.00000000
0.00885226,0.98336000,1.00000000
0.00884030,0.98344000,1.00000000
0.00883671,0.98352000,1.00000000
0.00883396,0.98360000,1.00000000
0.00882503,0.98368000,1.00000000
0.00881491,0.98376000,1.00000000
0.00879495,0.98384000,1.00000000
0.00879332,0.98392000,1.00000000
0.00878080,0.98400000,1.00000000
0.00876219,0.98408000,1.00000000
0.00875896,0.98416000,1.00000000
0.00874610,0.98424000,1.00000000
0.00872778,0.98432000,1.00000000
0.00871716,0.98440000,1.00000000
0.00869822,0.98448000,1.00000000
0.00869780,0.98456000,1.00000000
0.00869728,0.98464000,1.00000000
0.00869673,0.98472000,1.00000000
0.00869043,0.98480000,1.00000000
0.00868706,0.98488000,1.00000000
0.00867055,0.98496000,1.00000000
0.00866412,0.98504000,1.00000000
0.00865960,0.98512000,1.00000000
0.00865452,0.98520000,1.00000000
0.00862720,0.98536000,1.00000000
0.00861401,0.98544000,1.00000000
0.00860786,0.98552000,1.00000000
0.00857163,0.98560000,1.00000000
0.00857083,0.98568000,1.00000000
0.00854837,0.98576000,1.00000000
0.00854777,0.98584000,1.00000000
0.00854610,0.98592000,1.00000000
0.00851453,0.98600000,1.00000000
0.00850552,0.98608000,1.00000000
0.00848767,0.98616000,1.00000000
0.00848760,0.98632000,1.00000000
0.00848610,0.98640000,1.00000000
0.00848608,0.98648000,1.00000000
0.00848177,0.98656000,1.00000000
0.00847908,0.98664000,1.00000000
0.00847274,0.98672000,1.00000000
0.00846933,0.98680000,1.00000000
0.00846054,0.98688000,1.00000000
0.00842837,0.98696000,1.00000000
0.00841508,0.98704000,1.00000000
0.00840828,0.98712000,1.00000000
0.00838672,0.98720000,1.00000000
0.00838597,0.98728000,1.00000000
0.00838337,0.98736000,1.00000000
0.00837269,0.98744000,1.00000000
0.00836122,0.98752000,1.00000000
0.00833443,0.98760000,1.00000000
0.00833212,0.98768000,1.00000000
0.00830937,0.98776000,1.00000000
0.00829777,0.98784000,1.00000000
0.00828294,0.98792000,1.00000000
0.00824711,0.98800000,1.00000000
0.00824486,0.98808000,1.00000000
0.00823961,0.98816000,1.00000000
0.00821047,0.98824000,1.00000000
0.00819494,0.98832000,1.00000000
0.00819258,0.98840000,1.00000000
0.00816414,0.98848000,1.00000000
0.00816207,0.98856000,1.00000000
0.00815863,0.98864000,1.00000000
0.00813606,0.98872000,1.00000000
0.00813584,0.98880000,1.00000000
0.00813033,0.98888000,1.00000000
0.00812996,0.98896000,1.00000000
0.00811814,0.98904000,1.00000000
0.00811535,0.98912000,1.00000000
0.00809816,0.98920000,1.00000000
0.00808295,0.98928000,1.00000000
0.00807868,0.98936000,1.00000000
0.00805302,0.98944000,1.00000000
0.00803397,0.98952000,1.00000000
0.00801878,0.98960000,1.00000000
0.00797334,0.98968000,1.00000000
0.00797168,0.98976000,1.00000000
0.00796930,0.98984000,1.00000000
0.00796587,0.98992000,1.00000000
0.00790848,0.99000000,1.00000000
0.00790429,0.99008000,1.00000000
0.00788636,0.99016000,1.00000000
0.00788531,0.99024000,1.00000000
0.00787758,0.99032000,1.00000000
0.00787600,0.99040000,1.00000000
0.00787470,0.99048000,1.00000000
0.00785308,0.99056000,1.00000000
0.00783948,0.99064000,1.00000000
0.00783289,0.99072000,1.00000000
0.00780420,0.99080000,1.00000000
0.00777126,0.99088000,1.00000000
0.00774601,0.99096000,1.00000000
0.00774176,0.99104000,1.00000000
0.00773765,0.99112000,1.00000000
0.00773057,0.99120000,1.00000000
0.00772169,0.99128000,1.00000000
0.00771524,0.99136000,1.00000000
0.00770060,0.99144000,1.00000000
0.00769929,0.99152000,1.00000000
0.00769382,0.99160000,1.00000000
0.00769037,0.99168000,1.00000000
0.00767646,0.99176000,1.00000000
0.00764903,0.99184000,1.00000000
0.00763731,0.99192000,1.00000000
0.00759847,0.99200000,1.00000000
0.00758799,0.99208000,1.00000000
0.00758673,0.99216000,1.00000000
0.00756797,0.99224000,1.00000000
0.00756679,0.99240000,1.00000000
0.00753030,0.99248000,1.00000000
0.00751869,0.99256000,1.00000000
0.00749168,0.99264000,1.00000000
0.00743443,0.99272000,1.00000000
0.00742186,0.99280000,1.00000000
0.00741441,0.99288000,1.00000000
0.00737445,0.99296000,1.00000000
0.00736985,0.99304000,1.00000000
0.00736802,0.99312000,1.00000000
0.00736664,0.99320000,1.00000000
0.00734371,0.99328000,1.00000000
0.00732084,0.99336000,1.00000000
0.00728469,0.99344000,1.00000000
0.00725150,0.99352000,1.00000000
0.00720122,0.99360000,1.00000000
0.00720081,0.99368000,1.00000000
0.00719323,0.99376000,1.00000000
0.00718653,0.99384000,1.00000000
0.00717877,0.99392000,1.00000000
0.00717660,0.99400000,1.00000000
0.00716139,0.99408000,1.00000000
0.00709443,0.99416000,1.00000000
0.00707237,0.99424000,1.00000000
0.00703430,0.99432000,1.00000000
0.00700773,0.99440000,1.00000000
0.00699093,0.99448000,1.00000000
0.00698599,0.99456000,1.00000000
0.00698464,0.99464000,1.00000000
0.00693637,0.99472000,1.00000000
0.00692136,0.99480000,1.00000000
0.00691927,0.99488000,1.00000000
0.00689614,0.99496000,1.00000000
0.00688924,0.99504000,1.00000000
0.00688074,0.99512000,1.00000000
0.00686248,0.99520000,1.00000000
0.00679175,0.99528000,1.00000000
0.00675852,0.99536000,1.00000000
0.00674906,0.99544000,1.00000000
0.00673966,0.99552000,1.00000000
0.00668203,0.99560000,1.00000000
0.00667047,0.99568000,1.00000000
0.00662335,0.99576000,1.00000000
0.00660459,0.99584000,1.00000000
0.00658178,0.99592000,1.00000000
0.00657451,0.99600000,1.00000000
0.00654552,0.99608000,1.00000000
0.00653371,0.99616000,1.00000000
0.00651260,0.99624000,1.00000000
0.00647174,0.99632000,1.00000000
0.00645666,0.99640000,1.00000000
0.00643917,0.99648000,1.00000000
0.00640130,0.99656000,1.00000000
0.00638642,0.99664000,1.00000000
0.00636583,0.99672000,1.00000000
0.00635841,0.99680000,1.00000000
0.00634790,0.99688000,1.00000000
0.00634273,0.99696000,1.00000000
0.00628026,0.99704000,1.00000000
0.00627817,0.99712000,1.00000000
0.00627790,0.99720000,1.00000000
0.00626348,0.99728000,1.00000000
0.00624998,0.99736000,1.00000000
0.00624495,0.99744000,1.00000000
0.00624097,0.99752000,1.00000000
0.00623154,0.99760000,1.00000000
0.00617800,0.99768000,1.00000000
0.00617716,0.99776000,1.00000000
0.00616137,0.99784000,1.00000000
0.00615526,0.99792000,1.00000000
0.00613246,0.99800000,1.00000000
0.00601144,0.99808000,1.00000000
0.00594137,0.99816000,1.00000000
0.00590630,0.99824000,1.00000000
0.00585303,0.99832000,1.00000000
0.00580403,0.99840000,1.00000000
0.00577373,0.99848000,1.00000000
0.00576412,0.99856000,1.00000000
0.00576101,0.99864000,1.00000000
0.00574582,0.99872000,1.00000000
0.00569252,0.99880000,1.00000000
0.00557754,0.99888000,1.00000000
0.00556547,0.99896000,1.00000000
0.00552200,0.99904000,1.00000000
0.00534766,0.99912000,1.00000000
0.00531692,0.99920000,1.00000000
0.00530784,0.99928000,1.00000000
0.00520368,0.99936000,1.00000000
0.00517502,0.99944000,1.00000000
0.00503880,0.99952000,1.00000000
0.00495154,0.99960000,1.00000000
0.00486543,0.99968000,1.00000000
0.00480092,0.99976000,1.00000000
0.00478214,0.99984000,1.00000000
0.00460964,0.99992000,1.00000000
0.00452272,1.00000000,1.00000000
-inf,1.00000000,1.00000000
