ID,Translation
147532,startseq স জ ন র শহর থ ক দ র য য য র র স থ ন য য ত ৷ endseq
147533,startseq এক ক ক ক ক ক র স র স র স র স র স র র গ র গ endseq
147534,startseq ন ন ন র র জ ত য র ন ন র জন য ন ন ব শ ন ত র ক ন ত ক ন য য ছ
147535,startseq ২০১১ স ল র জ ল র আদমশ ম ল র ল র জনস খ য ল endseq
147536,startseq ক ন গ ন হল ভ রত র ল ল র জ ল য গ র ল র র ল র র জন য ব স থ ন র
147537,startseq আজক র ক ন র খ র খ endseq
147538,startseq ভ র র র ম ত র ম ত র ন ম ত ন ন ন ন ন ন ন র জ র র র ন জ ত কর
147541,startseq চ শ শ শ শ র র র চ চ র প রয় জন য চ র র ব শ র প রয় জন পড endseq
147542,startseq জ ন র র গ র র গ র র গ র র গ র অন ক ব য য় ৷ endseq
147543,startseq এট ম থ ক প র ড ও ম ট র র প রস ত ত ল র ট ব ল সবজ র ধ প ত প র endseq
147544,startseq ব খ য ত ব র ব খ য ত র জন য ব খ য ত ব ভ ন ন র র ব ভ ত র ভ ম
147545,startseq প র ব র এব এব স ক র র মধ য সময র থক য প র থক য ক endseq
147546,startseq দয কর জ জ য জ গ ন ব জ ন endseq
147547,startseq ত ল ক অপস রণ কর ন endseq
147548,startseq স ন র র র ন য প র প ন শ র ন ন ন ন ন ন র স থ ন য র ত র গ য
147550,startseq ত র স ষ ক ষ ত র ক থ ক ৷ endseq
147551,startseq ব ন ড র গ য র স ন স ন স ন দর গ ল স ন দর ব স ন দর ব দ দ ত হয endseq
147552,startseq প র র র র র র র ক র র ক ষ ত র স থ ন থ ক এব স ক র স ক ক ক ক
147553,startseq ত ম র জন য অন ক ন ন ন ছ endseq
147554,startseq প র র র র র র র র র র গ র এই সমস য র প রধ ন সমস য র সমস য ৷ endseq
147555,startseq আজ আম ক খ ন য খ ন আবহ ওয ক মন endseq
147556,startseq ল ল র র ন ন ন র ম র র ন ন ন ন ন ন র র র হ ন র উপর ন র ভরশ ল endseq
147557,startseq এই জন য জল র জল জল র খ খ ন ৷ endseq
147558,startseq বরফ র ঝ ল ও ঝ ল ও ক ও ম ম ম র ম ঝ ম ঝ ম ঝ ম ৷ endseq
147559,startseq ক ন র র র ন ম র র র র র ম র র র ন ন ন ন ম র ম র ম র ত র ম
147560,startseq আম র ম ব ইল নম বর এর জন য ট ড র ট ড উনল ড র ট ক ফ ন চ ই endseq
147561,startseq আপন র আপন র আপন র থ ক আপন আপন র আপন র আপন র আপন র ব র র র র র র র র খরচ খরচ হব
147562,startseq ম ম ব র ট ট র প র য র প র ট ল প র য র প র ম ল য ব স কর ন endseq
147563,startseq ন ত শ শ র র ত ত হয় ত ন ত ত র র র র র র র র র র জন য ব শ ন হয়
147564,startseq ক ন র র র ষ ট র য উদ য ন র ন য ন র ন ও ভ রমণ কর ন য য র জ য র
147565,startseq এর ফল র র র র র র র র র র র গ ল গ ল গ ছ ৷ endseq
147566,startseq ক ন ন ত র ব ধ ব ষ ব ধ ও ব শ ষ প ওয য য endseq
147567,startseq ব শ ভ রত য় শ র ভ রত য় শ ষ ব শ ষ র রত য গ দ শ এব ম ল দ শ ন ত ছ
147568,startseq ক ন র র ক প র য প র য প র ক ব শ ব ক ব শ ব ব শ ব ব ব ব রয় ছ
147569,startseq ন জ র ন ন স ন দর স ন দর স ন দর স ন দর য র ব হত তম ব র ব র র র মধ
147570,startseq পর ব র ব ও স ক ত ক ত র র জন য একট ল ল ত ত ল ক র ত ত ত ল ভ ল ত
147571,startseq এত সমস ত জ ন ত য ত ন ন য ত ন ন ন ত হল ত ন ত ন ন ন ন ৷ endseq
147572,startseq ম ট ম ট আগ একট ক একট ইম ইল প ঠ ন endseq
147573,startseq স থ ত র গ র গ র খ বই স খ ন ৷ endseq
147574,startseq ক র ম ক ল ক দ র ল ল ল র ক র ল ল ল ল ল ক র ল ন য় ন ল ন endseq
147575,startseq প হ ড ল আর ব হ জ র জন য আর ক ছ আর ম র র জন য ব ধ র আছ endseq
147576,startseq ভ রত র ব শ ষ আকর ষণ ব শ ষ পর যটকদ র আকর ষ আকর ষণ কর কর ৷ endseq
147577,startseq স ত র প র র র র স ধ মঠ স ন দর স ন দর স ন দর স ন দর প র প ত প র
147578,startseq ন ড ন ক ব যবহ র কর হয় ৷ endseq
147579,startseq একইভ ব ব ব শ বব য য র ব য র র ব য য র র ব র র র র র র র র খরচ করত
147580,startseq দক ষ ণ শ বর মন দ র র ম ণ ণ র ম ণ শ র হয endseq
147581,startseq প র র র র র র র ল র র ল প ল প র র ল গ ল প র জন য খ ল হব endseq
147582,startseq ত র ব ব ব ব ব ব ব ব ব ব ব ব ব ব ব ব ব কর ন endseq
147583,startseq দ ট ট র ব ব ব ব ব ব ব ব ব ব ব ব ধ র ব যবস থ ন য ব দ ধ কর endseq
147584,startseq ত ন শ র ত ক ন গ গ ত গ ত গ ত গ ত র গ ত র গ ন র ন ত র গ ছ endseq
147585,startseq আমর র র দ র র র র গ য য য ৷ endseq
147586,startseq প র ন ক ন ত র ন ক ন ত ন ত ন ন ন ন ন ন ন ন ন ট র ন কটতম ব ম নবন
147587,startseq আম ক শহর শহর র শহর র ত প র endseq
147588,startseq ১৯ শত ব দ র র র র র র ত র র ত র র ত র র র র র র ন endseq
147590,startseq শ র র র র র র স থ ন দর য ক স ন দর য ক স ন দর য ক ত ক স ন দর য
147591,startseq ম ম ম জ ক ম র র র র ক র ম ত র অন য য় ম ক ক বল হয় endseq
147592,startseq ম জ য র স থ ন ত র ত র র ব র ন ম ব ত ন ত র ম ত ব র ন ত ব দ
147593,startseq আম এই ম ন ত হ ন ত ন হ ন ত আম ক মন কর য দ ত র কথ মন কর য দ ন endseq
147594,startseq ব চ চ দ র ব চ চ র ব ট ব ট ব ট র ব র র জন য ব শ র র জন য ব যবহ
147595,startseq এই ভ ষ ট র স ক ক ট ক ট ক ট ক ট ক ট ক ব শ endseq
147596,startseq ব শ ল ত র ব শ ল খ খ ব ব য য় ৷ endseq
147597,startseq য র র র র ন ন ন ত র ক ন ন ত র ক ন এব ক র ম ক ম র য় ম ল য য়
147598,startseq স ল ল খ জ ম ম খ র র র র র endseq
147599,startseq যদ প ট র ক ক ক ন ত হল ন গ ল ন জ র গ র ক ন বল মন কর হয় ৷ endseq
147600,startseq ন ন ল ল ন য ন র ন ন ন নত ন ক ন নত ন এব ব ক ষ ক র ক ক ক ন endseq
147601,startseq এমন ক ন ন ন য ন য ন য ল খ ল য য য এব ত র র ত র ন য ত ত ত ত ন
147602,startseq এই ক ল হল ক ষ র র ষ ক ষ র ব শ ষ ক র ন র র র র র র র র র র র
147603,startseq এই এল ক থ ক থ ক থ ক থ ক আর থ ক থ ক আর ঘন জঙ গল থ ক থ ক ৷ endseq
147604,startseq ব ব দ ব ব দ ধ ব গ র ত গ ছ র গ ব শ ব গ র গ র ত র গ ৷ endseq
147605,startseq শ শ র র শ ষ ট কর হয ৷ endseq
147606,startseq ন ক ন ন ক ক র র র র র র র র র র র র র endseq
147607,startseq স ধ রণত আপন র স ব ধ র ন ন আপন আপন র স ব ধ র আপন র আপন র চ ন ত endseq
147608,startseq ত ক ক ক ত র গ য র ম ত য ন শ য ন ত য ন ত য শ ত য ত ক ত প য
147609,startseq চ ন ন ন বর তম ন সময ক endseq
147610,startseq শ র র র ন র র র র র র র র ত র র র র ব শ ন ত র ছ ল endseq
147611,startseq তব ইহ ক ল ল ব ল দ শ ল ব টবল র ল ল ড য ল ড ড য ল ল খ ল endseq
147612,startseq শ র র এব শ র র র র র দ শ র স ক ত র দ ক র ক র র উপর ব র ত র ছ
147613,startseq এট একট জ বন র র য য র র র ত র র র র ব শ ষ ব র ব শ ষ ট র ত বপ র
147614,startseq প ল ল র র র র র র র র র র র র স ন দর ল স র স ন কর য ত প র ৷
147615,startseq ন কটতম ব ম নবন দর হল ম ট র দ র ক ল ম ট র দ র অবস থ ত রয ছ ৷ endseq
147616,startseq প র শ র র র র র ন ন র র ন ন ন ন ন endseq
147617,startseq স র ন র ল র ট র ল র ট র ল ল ল ল ল ল স ট শন হল ল ল ল র র ল endseq
147618,startseq এর ম ন স ন দর য র র ক ক র স থ ন ও স বল বল হয ৷ endseq
147620,startseq এই ক ষ ত র ক ক গ র ক ষ ক র গ র ক ষ র র গ র ম ন ষ র কর ছ endseq
147621,startseq এই ব ক ন ন র ক ন ন ন ন ন ক ন ন ক ন ন ন ব যবহ র কর যবহ র কর যবহ র কর
147622,startseq মন দ র পশ চ ম ও ম ষ ট ও ম ত র ত ত ত ত ত ত ও ত র ও ত র র ত endseq
147623,startseq খ ব র খ র পর পর র পর র র র র কর ন ৷ endseq
147624,startseq এক দ র শর র র শর র র শর র র শর র র র প ওয় য য় ৷ endseq
147625,startseq ফ র র র র র র র র র র র র র র র র র খ র জন য ছ ল ন ৷ endseq
147626,startseq পর ব ইম ইল প ঠ ন য আম আপন র সমস ত ম ভ ব প লব endseq
147628,startseq আপন ক আম র পছন দ র পছন দ র পছন দ র ব জ ত প র endseq
147629,startseq যদ এই র ত চ খ র ত হল স ব য থ ক ব য থ য থ ক ব য ত প র endseq
147630,startseq চ র র র ও ব ল ও ন র র ও ও ও ও ও র জন য ও endseq
147631,startseq বর তম ন থ ক ম ম ম ম ট র ম ট ম ঝ ম ঝ ম ঝ ল র জল র গরম জল র গরম জল গরম
147632,startseq ত র গ ন ন জ র পর ন য ন কর র পর ন য এব পর ক ষ কর র জন য প য য কর endseq
147633,startseq এমন অবস থ য় র র র য় র র য় র স জ বর জ বর আস ৷ endseq
147634,startseq ব য য় ত ব র ক র ক ন র ক র ক ন ত ক র ন ত ক র ন endseq
147635,startseq স র ন ন endseq
147636,startseq ম ট র এব ত র র র র র র র র র র র র র র স ব র প র র র করত প র
147637,startseq গ র র র র র র ল ক র ত ত র ত র র গ ও ত র কর উচ ত ৷ endseq
147638,startseq প রথম ম প য ল প র র র র ক ত ক য ন য ন ত স স স য য কর endseq
147639,startseq ভ ল প স ক ত ক ত ক ত ক ত ক ত ক ত ত ত ব স ত ত য় ব শ রভ গ ক ষ
147640,startseq ক ন গ ইম ইল প ঠ ন endseq
147641,startseq ব শ শ র র ন ন ন ই এই ক নও রকম র প ওয় য য় ৷ endseq
147642,startseq অ য ন ট র র চ ষ র সমস ত র চ ষ কর য ত প র ৷ endseq
147643,startseq শ র র র র ন ন ত র ন ন ত র ন এব ত র ন ত র স ব র র র র ন endseq
147644,startseq ন ন ন ন ন ন ন ন ন ন ন ন ন গ ন র গ ন ন ন গ ন ন ন ন ন endseq
147645,startseq পর বর তন কর য ত র ক বল ন য ত র সঙ গ ত ক বল য য ত ত র থ ক ত ক ন ত
147646,startseq ত র র র র র ত র র র কর র জন য ব যবহ র কর র ক ন র ন র ন ন ন ন হয়
147647,startseq অন য ন য র ক ষ র ক ষ ত র য ক ষ র র য গ র ক র র একট স র ক ত endseq
147648,startseq হ ম র ক ক র পর ব শ র র র গ র থ ক ব য থ ক র গ র থ ক বল মন কর হয়
147649,startseq ন ন ন র অভ ন ত র অন ন ন র অন ক ত র অভ ন ত অভ নয কর ন ন ন endseq
147651,startseq আজ ব ন র র ন র পর পর পর এই ন এই র ন র র হয় হয় ছ ৷ endseq
147652,startseq ফ ল ট ব দ খ ব উপক র উপক র endseq
147653,startseq স ন ন র মন দ র র স মন দ র র স ন দর র স ন দর দ র আছ endseq
147655,startseq শ ক ত ক শ ক র ক শ ক র ক শ ক র ক ক শ ক র ক ক ই দ ই দ ই ত ক
147656,startseq এই রকম র র র র র র র র র র র র র ত র র র এব ত র ব ন ন ত endseq
147657,startseq ক ন দ র গ র র গ র ম র র দ র র র র র র র র র র গ র কর ছ ল endseq
147658,startseq জ মস থ ক স ম প রত ক ইম ইল প রত ক কর ন endseq
147659,startseq ব শ রভ গ ল ল শ রভ গ ন ম র চ ন দ র অবস থ ত endseq
147660,startseq ম ট র ক ট র ট স ট ন ট ন ন ল ল ট ন থ ক endseq
147661,startseq আমলক ক শ শ শ ক ষ র জন য খ বই উপক র ৷ endseq
147662,startseq স র র র র র র র র র র র র র র র র র র ন র গ ন র উপর ন য় endseq
147663,startseq যদ আপন ক ন থ য ক ন আপন ক ন ন দ খ ন endseq
147664,startseq স ল র র য ন থ ক ম য য য য ন ল ল ন ন ন ন ন ন ন ন ন ছ ল ন endseq
147665,startseq একট ভ ব প স ক র করত প ব ন য য কর ন endseq
147666,startseq প ত র র থ ক ব হ র স থ স থ দ ধ হয় য য় ব শ ব ড ব ড য য় ৷ endseq
147667,startseq ক ন র র র র র র ৷ endseq
147668,startseq ব হস পত ব র ব র ন র ন র ট র ন ন ন ন endseq
147669,startseq ম ন ন ন ন য য য যখন এট যখন এট ক ছ ল ন য এট ক ছ ল ন endseq
147670,startseq যদ র গ র গ র ক ন হল হল হল হল হল হল ক ন র র র র ক endseq
147671,startseq যখন র জ র শ র র ম র ত র র ন র ত ন ন ন ন ত ন কর ন ন endseq
147672,startseq গ র গ র গ র গ র গ ছ র গ ছ র গ ছ র গ ছ য য় endseq
147673,startseq ভ রত ল ল ল ল ল ল ল ল ত ত র ক ট ক ট র র র র র endseq
147674,startseq স র র র র র গ র ম খ র খ র ফল খ র খ র খ র খ দ খ য য় ৷ endseq
147675,startseq মন কর ন ন ন ন ন দ র স দ বত র স স থ দ র বল ন endseq
147676,startseq প র র র র ম ম ত র র ম ত র র ম ত র র র র র ত প ন ন ত প প র
147677,startseq প র ন র ক ছ প এব ক র প র ক ছ প র ক ছ প র ক র র ক ত ক ম প য
147678,startseq নদ নদ নদ র নদ র প ছন নদ র প র নদ র প রব হ ত হয endseq
147679,startseq গ হ নম বর গ হ ত নট হল একট স ধ রণ হ গ হ আছ endseq
147680,startseq স র র র দ ক ন ত র ন ন ত র ন ন ত র ন ন ত দ য় দ ন ন endseq
147681,startseq আসল আপন ক ছ ল ন ন য ভ ল ভ ব ন য আপন আপন র প ছ ব endseq
147682,startseq প র থম ক প র ক ক ক ক শ র ক ক ক ক র ক র র র র র র র র র ন ন
147683,startseq ছ ট র র র দ ট ক ছ দ ন ন ক ছ দ ন ত র ক ত ত ত উচ ত ৷ endseq
147684,startseq শ র গ ছ ন ন জ র গ ছ ন ত র র র র র র র র র র র ন র ন ন দ র
147685,startseq প র গ র ত ব র র ত র র ন ত র ন ত র কর ন ন ন ত কর ন endseq
147686,startseq ক ন ত ভ রত য় ন ন ত র ন ত র র র র র র র ত র র ন ত হয় endseq
147687,startseq আপন র ব য ক উন ট ক ন ব শ ন য আপন ক ব শ ন র ম ন ব endseq
147688,startseq ব চ চ র ব য ব ব য য় ম র ব ম ন র ম ত র দ ব র ম ন য় ৷ endseq
147689,startseq অন ক ক ন ন ল য ন য ন য ন য ন য ন য ন র র ট র ক র র র ছ ল endseq
147690,startseq ব পর পর যটকর ক ট র পর যন ত পর যন ত ব শ পর র র র স থ ন য endseq
147691,startseq স ন ম র র র ম র র ম র গলম র ন ম র ম ক র র ম র ক ন মকরণ কর হয ছ endseq
147692,startseq পশ শত শত শ ম ট র চ র চ র র র র র র র র য অন য ন য ব যবস থ কর হয ছ
147693,startseq এই ক ষ ণ র র র র র ম র র র র র ম র র র র একট অদ ভ ত ত র স ত endseq
147694,startseq ব ল ব র বছর র ব শ বছর র ব শ র ষ ট র রথম রথম বছর র ব শ র ন endseq
147695,startseq ইন দ র র র র র র র র র র র র র র র র র র র র র র ন ম দ ন endseq
147696,startseq স ন ত ন ম র ন ন ন ত র স ন ন ন র স থ ন র ন র ত ন ত ন ত ন endseq
147697,startseq তব এখ ন স ম ম প রত ক ক ক ন প র ক র প র প ওয গ ছ ৷ endseq
147699,startseq যদ ষ র র র র ন গ র র ন র র জন য তথ য ব জন যও ব ষ ট র জন য endseq
147701,startseq স ম প রত ক গ গল প ম ক ন য় ন endseq
147702,startseq ন র র র স থ স থ স থ স থ দ য় য য় য য় য য় ম র র র র র ব দ ব
147703,startseq আম র প র প ল ল স ট চ ল ও endseq
147704,startseq ত ম র আগ আপন র সম পর ক আপন র ব র র বল সম ভব ব র র বল দ র endseq
147705,startseq পর র পরবর ত ক ব ধব র র র র র র র র ম ছ ফ ল ন endseq
147706,startseq খ ল র খ ল র জন য ক ছ দ খ র জন য দ দ ই প র র র জন য প রয জন endseq
147707,startseq য দ র র পরবর ত র পরবর ত ব য চ ছ endseq
147708,startseq ক ন র র র র র জস ব ন র র র ন ন র র র র র র র র র র আছ endseq
147709,startseq র গ দ র দ ন দ র দ ন দ ন র ওপর দ খ দ ওয় উচ ত ৷ endseq
147710,startseq অন য ন ক ক রণ ঠ ক র ফল শর র র ফল শর র র ক রণ হয় য য় আর ক র র ক রণ হয়
147711,startseq এই স ল গ রহ লয র এই গ রহ লয র ব য দ খ য য ৷ endseq
147712,startseq র জস থ ন র র ত র র ত এব ত র র র র র র র র র র সম পর ক ত endseq
147713,startseq ত ন ম র ন ন ছ ল ম ছ ট ছ ড ম র ম র ম র ম র ম ছ ন endseq
147714,startseq ন ন স র স ক ধ র র ক ষ র ক ষ র ক ষ র র র র ক ষ র র য য় endseq
147715,startseq এই ধরন র প র র র র র য র র প রত য ক ন ন ন র র র র র স থ ন য য়
147716,startseq প ক র শ র ছ ড প শ র ছ ল ছ ড য শ র ন ছ ল ন ন র ন র র ব র ট
147717,startseq ন ন ন ন ন ন ন ক ষ কর ন ন ন র ন এব এব ন র ন র ন য ন য গ কর ন endseq
147718,startseq প ষ ক ত ত র র কর র কর ন ত র কর র কর ন এব ত র র র র র কর ন endseq
147719,startseq সবথ ক বড ব শ ব শ ব ব শ ল গ ছ ৷ endseq
147720,startseq ম ট র অন ক শহর থ ক অন ক ব স প ওয গ য endseq
147721,startseq ক ন শ ষ বছর র প রত ট ক র প রত ক ক ন প রত য ক ন দ য endseq
147722,startseq এর ক ষ র র য য র র র য র র ম ন য য র ম ন ক ন ত হল ন endseq
147723,startseq ফল জ ন জ ন ন ক ন ন ন ন ন ন ন ন ন র ন র ন র ন র জন য ন কর হয় endseq
147724,startseq এমন অবস থ য় একট ব র ম র র স র স র স র স র য য় য য় ৷ endseq
147725,startseq ম র র র র র একট গ য গ য গ ল এব ক ক র ক র র ক ষত হত প র ৷ endseq
147726,startseq এই দ র গট র র র র র র র র র র র র র র র র র দ র দ ওয় হয় ছ ল endseq
147727,startseq দ ল য র ন মট র ন ম ম ক ক endseq
147729,startseq স ব গ ল ক বল য য বল য য য য য য য ত ন ন ন endseq
147730,startseq এখ ন জল জল জল জল জল জল জল জল জল জল র ক ক ট ক জল ভর কর ৷ endseq
147731,startseq প রক ত র র প রক ত এব পর পর ব শ পর পর ব শ পর প র খ দ খত প ওয য ৷ endseq
147732,startseq দয কর আম ক খবর র ম ম ন ন বল বল ন endseq
147733,startseq র জ য র মধ য অবস থ ন য প র য র স র দ য র স র দ দ র মধ য অবস থ ত
147735,startseq ক ন গ ল প ল প র ক ল ম ট র দ র ক ল ম ট র দ র অবস থ ত রয ছ endseq
147736,startseq আধ ন ক শ র আধ ন ক র র ব র য র জন য র ড র স র স র জন মগ রহণ কর হয endseq
147737,startseq য গ র স থ ন য ক ক র ক ন ক র র ক র ব শ ব ব শ ব ব শ ব ক endseq
147738,startseq চলচ চ ত রট র চ ন ম র চ ন ম র চ ছ ল endseq
147739,startseq উদ হরণস বর প ত র কর য য য আপন ক ন ত ক ন য ত ক ক ন ক ক ছ ন ক ছ ন endseq
147740,startseq আম র ম ব ইল নম বর এর জন য ট ড র ট ড উনল ড র ট ক ফ ন চ ই endseq
147741,startseq যদ র র র ত র র ত র র র আপন ক র র র র র র ক ন র গ র র endseq
147742,startseq ক ন গ ন জ ল ল র একট একট একট স হ স একট স ট শন endseq
147743,startseq স র র শ র র র আগ ই আগ জ র স থ ন ন ত র র ন ত র ন ছ ল ন endseq
147744,startseq স ক ত ত ত নট য় স ক ত নট য় চ র চ ক চ ল কর ন র ম ইন ড র কর ন endseq
147745,startseq প র গ র ম র গ র ন ন ন ত র ক ন ত র ক ন ন endseq
147746,startseq ক ষকদ র র স থ ক শ চ র খ শ র র চ ন ন র চ ন র খ র চ ন কর endseq
147747,startseq এর ই প র র ত র র র র র র র র র র র র র র র র জধ ন র স থ ন endseq
147748,startseq ক ষক র ক ষক র ত র র ত র র ত র র ত র র ক ন ত ক র ক ক ত কর র জন
147750,startseq অতএব স ন ন য় র গ ছ ন ন য় ন য় ন য় ন য় ন র র র র র র প ষ ট হয় endseq
147751,startseq ক বদন ত র র র য ন ন ম র ম র একট ছ ল ন ম র ম ন ন ম র ন ন endseq
147752,startseq এট একট প হ হ হ হ হ হ হ হ হ হ দ ব দ হ হ দ র হ হ য দ য র হ ন দ
147753,startseq ওষ ধ প র র ব য থ য ওয় র ফল ব য থ র জন য ব য থ র জন য ব খ য য় endseq
147754,startseq আম র জন য ক ছ কফ ব ন ও endseq
147755,startseq হ ম র র র র র র র র র র ল এব ক র র র র র র র র ল ন endseq
147756,startseq প র র ভ তর র স থ স থ স থ র র ফল র ক র হয় ৷ endseq
147757,startseq এখ ন র জ র র স ন দর য র ন ম র ত আছ ৷ endseq
147758,startseq স ন ন ন ন ন ন র র গ ন র ন র র ন ন ন ন ন ন ন ন endseq
147759,startseq ভ রত র র য র র র র য র র র র য র র র র ভ ল ভ র ম ন ষ র ভ ষ
147760,startseq ত র ম র ম র ম ছব ত র ছব ত য য য ন য য য endseq
147761,startseq স ম র ট সক ট বন ধ কর ন endseq
147762,startseq আপন র র র র র ট ক র র র ট ক র ক ক র ক চ ল ন endseq
147763,startseq ক ন এব ন ন ম র র ম ন র ন র প রথম প র য প রথম প র য উদ য ন র প রধ
147764,startseq আগ ম ক ল র জন য আম র ত র য ল র ম সর য দ ন endseq
147765,startseq ত র র র র র র র ক জ র ক জ র র র র ক জ কর র জ ক জ কর endseq
147766,startseq প চই ড র র য ল ন ড র র য ল ন ড র র য ল র ন র র য গ কর ন endseq
147768,startseq এখন একট দ ন দ ন ন র ক ছ ন ন ন র র র র মত ন ন ন য য য় endseq
147769,startseq ব শ ব ম র র ম ণ ব ম ব র ব শ ব র ব শ এব ব র র র সময় র সময় সময় সময় endseq
147770,startseq যদ ও আপন র ধরন র ধরন র ক ক ক ক ক ক ক ন ক ক ব শ ন র endseq
147771,startseq আম এট এট আম র মত endseq
147772,startseq স ই ব স কর হয ছ ল ন ত র ত র ত র ত র ত র ন ন ত ব ব ন ন ন endseq
147773,startseq ন ন ন ন ভ ল জল ভ ল ন জল ভ ল জল ভ ন ন endseq
147774,startseq ন ম র ন ম র ন ম র ন ম র ন ম ভ ন ন ন ম র ন জ য়গ endseq
147775,startseq জ ন গ ন র একট প ল ল স ট র খ ন endseq
147776,startseq এই ব শ ব ক র র র র ন endseq
147777,startseq ক ষক র গ র র র র র গ র ক ন ত ক ছ ক ক ক ক ত কর ছ ল endseq
147778,startseq ত ন ক ক ক ক ক ন ম ক ন ম ক ন ম ক ন র র প র বল বল ন endseq
147779,startseq ত ন র র র প রথম ভ রত য় ক র ক র ক র ক র ক র র ভ গ য় ক ছ ল ন endseq
147780,startseq প ত র র ন র ন র ন র র র র র র র র র র এব ব র র ব র হয় endseq
147781,startseq ম ল ক র র ব ব ব ক ক ক ক ক ক ক ছ ন য য ন endseq
147782,startseq স বল বল য য ন আগ হল একট ভ ল ল ল গ ল ত রপর দ য য য় endseq
147783,startseq শহর র র র র র র র র ন য ন ক ন ল ল ট র জ য গ ল ন জ য়গ গ ল থ ক
147784,startseq ভ রত ব শ শ র র র শ র র র র র র শ র হয় ছ ল endseq
147785,startseq প রথম স ন ন র খ ন প ল ন ন ন ত র খ ল ন এব ত র খ ল ন endseq
147786,startseq দ ন দ ন র আগ র আগ দ ন দ ন র দ ন র জন ম ম ৷ endseq
147787,startseq olly সপ ত হ র ত র র জন য আম র এজ ন ড র ক endseq
147789,startseq স র র র র র থ ক হয় য য় ত হল ত হয় য য় ত রপর ত রপর ত হয় ত হল ত রপর ত ত
147790,startseq ব র র র গ ল ন ত ত র ত ত র ত র ত র ত র ত র ন endseq
147791,startseq আম ক বল ন ক ভ ব ব শ ব শ ব স ব ক বল ন endseq
147792,startseq ক ন এব এব ব র র খ ব র র র র র র র র ব শ ন ন র র র ত র প রক ষ
147793,startseq ন র র র র র র র র র র র র র র র র র ত ত র র ত র গ র ত র ক
147794,startseq র জ ল র গ র ল র জ ল য র জ ল র উচ চত য উচ চত য উচ চত য উচ চত য ক ত
147797,startseq প র ব থ ক ব ব ক ক ন ন ত ক ষ ত ক ষ ত ক ষ ত র ক হত প র endseq
147798,startseq বর তম ন গ ন র ন ম ক endseq
147799,startseq আম র ক য ল ন ড র থ ক আম র বর তম ন ম ছ ফ ল ন endseq
147800,startseq য গ য র র গ র য য র প র য র গ ছ ল ন য গ র গ র প র endseq
147801,startseq ত ন ন ন ন ন ত র ন ন ত ন ত ন ন ত ন ত ন ত ন ত ন ত ন endseq
147802,startseq ক শ ক র র র র র র র র র র র ন র র র র র র র র ন ন হয় ৷ endseq
147803,startseq ব ইর ক হচ ছ endseq
147804,startseq অন ক ল র র র থ র ক য ল ন ড র র র র খ ন স ট কর ন endseq
147805,startseq প র য র জন য প র এব ত র র য ল য র র ম র র র র ম র ক র র ম র
147806,startseq স ক র ক র ক ক ক ত ক ক র র ত ক ত ক ত ক ত ছ ল endseq
147807,startseq আপন আপন র স ল ন র জন য ন ম ল ন ন র জন য আপন ন ম ন ন ন আপন আপন র অর জন করত
147808,startseq ব ষ ট র র খ ল খ ল খ ল খ ব র খ ব র খ ব র খ ব র endseq
147809,startseq উদ হরণস বর প র ব য ন য ব স ব ব স ব য ব য ব স কর ন য ত র র ন র কর
147810,startseq আপন র খব ন য য য য য আর স র স থ য র স থ য য স র দর য য য য য য
147811,startseq ক ন র ক ন র ক র ক র ক র ক র ক ট ক র স ট র মত স ন ন ৷ endseq
147812,startseq মন র খব ন ন র খ র খ ন ন endseq
147813,startseq খ ওয় র সময় র র র খ ওয় র জন য ব র র র সময় ব শ র র র হয় য য় ৷ endseq
147814,startseq যদ ও ক র র র র ক র র র র র ত র র জন য একট র ত র র র দরক র endseq
147815,startseq এন এন ট র ক র র র র র র র র র র র র র একট য একট দল র র র র র য গ
147816,startseq এই ট ল গ ল প র ট র য য ও ক ষত হয় ও রক ত র ক ষত হয় endseq
147817,startseq আপন র র র র র র র র ন র পর য র র পর বর তন কর ন পর বর তন কর ন endseq
147818,startseq ন ন গ ল ম ন য র র র য র র র র র র র র র র র ক র ক র য য ত
147819,startseq শ শ প র শ শ ক ন ন র ন ন ত প র endseq
147820,startseq ভ ল র স জ ঞ দ খ ন endseq
147823,startseq এর মধ য স র র র র র র র র র র র র র র র র র র র র ও য য় পড য
147824,startseq এই দ ট প র য ট ট র র র র ট ট ক র ট ট ক ন র ক র ভ ল endseq
147825,startseq প র র র র র র র র র ব র র ব শ দ ওয় দ ন ন endseq
147826,startseq অ য ক স থ ক ন র ম ন র র চ র চ র চ র থ ক প র ন কর হয় endseq
147827,startseq শহর ব ম নবন দর শহর র ন র র র র র র র পশ চ ম র র র র অবস থ ত রয ছ endseq
147828,startseq প র ন র র র ক ক ব র ব র ব র ব ব ভ ন ন ব ব র র ক ক ক ক ক ক
147829,startseq স ধ ম র দ খ র ম ত য দ য ত কর হয য ত র দ দ কর ছ ন endseq
147830,startseq ম ম র স থ স থ ম ট র সঙ গ ত র স ট কর ন endseq
147831,startseq স র র র র আগ র র র র র র র র র র র থ ক র র র গ ছ endseq
147832,startseq শ র র দ র ক র দ ক র ক র ক র দ ক র দ ন দ ন দ র র দ ন endseq
147833,startseq খ র র র র র ত র র পর ম ত র র পর ম ত র র র দ ন ন ন endseq
147834,startseq স স ল সম র দ র স দ দ দ দ দ দ দ ব র দ ক ষ র র কর ছ endseq
147835,startseq আসল ক রণ ই য ন ট র র র দ ব র প র দ ব র প র র দ ব র প র ন endseq
147836,startseq স থ ন য ল য ব য র য র য র র য র জ য র স থ ন য য য হয ছ ল endseq
147837,startseq চ ক র র গ ন ন ন ন ন ন ন ন চ ছ ন ও স ন ন র স স ক র ন endseq
147838,startseq ক ল ল ত ক ল ল ত ক ল ত ত য ল য ম ল য় ত ল য় ক ত ত ত হয endseq
147839,startseq আম র ক ব র ব র ক ন ক ট র আছ ক আছ endseq
147840,startseq স থ ই ব শ বব দ য র র র র ম র র র গ র ত বপ র ণ ভ ব ক ত প ত endseq
147841,startseq ক ছ সময় র র র সময় র খ র সময় র খ র সময় খ ব র খ ব র জন য খ ব র দ ন ৷
147843,startseq এই প রক ত আপন র পর যন ত ত ন ক ন ন ন ন ন ন র র র র র র র র রয় জন পড
147844,startseq ক র র র র র ন ন ন ন ন ন ন ন ন ন ন ন থ ন ন ছ endseq
147845,startseq চ ল র র হ র র র র র হ র র র র র র র প রভ ব পড ৷ endseq
147846,startseq এখ ন থ ক র ন ন ন র র র র র র র র ত র য য য ৷ endseq
147847,startseq স ই আপন হয়ত ক ছ আপন র আপন র ক ছ আপন র র ক র থ ক প রভ ব ত থ ক endseq
147848,startseq চ ক ত র র র চ ক ত র র র র গ ল র ব র ব র ব র ব র হয় endseq
147849,startseq ন ন র ধ দ ধ র ধ র স ক ক ক ক ক ক ক ক ষ র ক ষ ক ষ র ক ষ ত কর
147850,startseq ত র ব ব ব একজন স র র র ন ম র র ন এব ন র ম র র ম র endseq
147852,startseq একট ক র র থ ক শ র ত র ব শ শ র র ব শ শ র র ব ব শ র র র ত র endseq
147853,startseq ওন র ল ল ল ল র জ ল ল ছ ল ন এব ন দ র ন ল ল ক ছ ল ন ছ ল endseq
147854,startseq এট একট দ র র র র র র র র ত র র মন তব যস থল হল স খ র র দ খত হব endseq
147855,startseq ত র শ ষ ত র র শ ষ র ম ত র র ন এব ম ল র র র র ন ন য় ছ ল ন endseq
147856,startseq যদ ব ন র র ব শ র ত র একট ব শ জম ত ব শ ভ ব ত য ত endseq
147857,startseq এই ব ব ব র ব ব র ব ব র ব ব র ব ব র ত র র র র র র র কর ছ ল endseq
147858,startseq এখন ক জ র গ র ব ব ব ব ব ব ব ব ব ব ব ব যবহ র কর র পর ব ব যবহ র কর হয়
147859,startseq ক ক জল র ক ক গ র ক ক ক গ র থ ক প র য ম ক ম দ র অবস থ ত endseq
147860,startseq ক ক ষ হল ম বর ষ র ম র র র বল হয় ৷ endseq
147861,startseq একই দ ত র স থ য য য য প র য র প র য র র র র র র র র প র endseq
147862,startseq ত ল ক য অ য পয ন টম ন ট স রক ষণ কর ন endseq
147863,startseq ক ন দ র র জন য স ন ন র র র র র র র র র র র র র যবহ র কর হয় ৷ endseq
147865,startseq প র এখ ন এখ ন দ র এখ ন এখ ন আস ন endseq
147866,startseq ব ক ব ব ড য ঙ ক ব য ঙ ক অ য ক উন ট ক পর বর তন করত প র endseq
147867,startseq অন য ন য র র ব র স থ স থ স থ স থ ও ত র র র র র র ত র দ য় endseq
147868,startseq প র র র র শ র র উপর পড ত র শ র র শ র র শ র র র র র র র শ র র
147869,startseq জ ক ক জ ব ক জ ব গ ন জ র য় র জ য ব শ ষ ব ধ ব ধ ধ কর endseq
147870,startseq যদ আপন র প র র র র র র র র র র র র প র র র প র র ত প র endseq
147871,startseq গল প র ন এব গ ন ন ন ন ল ল খ ল খ ল endseq
147872,startseq ক র র ক ক র র র র র গ র ব শ শ র র শ শ র ম শ শ র করত প রব ন ৷
147873,startseq আকবর র র র র র র র র র র র র র র র র র র র র র র র র র হয ওঠ endseq
147874,startseq প র ত ত মন দ র র উপর অবস থ ত ত র র ল ল র র র র র র র র endseq
147875,startseq আপন র শর র র স থ স থ স থ স থ স থ য স থ স থ য স থ য ক ত endseq
147876,startseq একজন র ক ন র ল র ত ত ত ল র ল র র ল র র ল র ত র ত ত য় endseq
147877,startseq ভ ত হল র ত র র ক অবস থ য় ত ক ত ত র র র র র র ফল র র র য় ন endseq
147878,startseq ক ন গ ল ক ক ন ন ক ক ন ত পর বর তন আন তর ন endseq
147879,startseq ধ র ধ র ধ র ম ন ট পর শ শ র কর র ব ড ব ড ন ব ড ন ৷ endseq
147880,startseq ম য র র র র র স থ স থ স থ য য় ম ল য য় য য় ৷ endseq
147881,startseq ল গ র ক ন ন ন ন ন ন ন ন ন ন ন ন ন ন ন ন ন ন ন ন endseq
147882,startseq আম র স ব ব ব ব ব বন ধ কর ন endseq
147883,startseq স ট স ট ল দ ম ল দ ম ন দ ম দ র দ ম ল ম ক ল ম ল ক দ ক ত ক ত
147884,startseq ত ন ন ত র ন ন ন ন ত র ন জ র ন জ র র র র র র র র র র ছ ন endseq
147885,startseq গ র র নদ র ম ত র জল র জল র জল র জল র জল র জল জল র জল জল র endseq
147886,startseq ক ন মন মন দ র র র র র র স ন দর য স ন দর স ন দর স ন দর নদ endseq
147887,startseq ক ছ প র ন য ন ন ন য ন ন ন ন স ন ন স থ ন য ন প র ব ব ব ত ব
147888,startseq ক ন গ ল র পর যটকর গ গ র ম ব গ ন র গ র ম ন গ গ ছ ন ৷ endseq
147890,startseq প ল য ক ক ঘন ট র সময় য য য য য ত ৷ endseq
147891,startseq ক ছ ব শ ক ষ ত র ন ন ন ন ন ন ন ন এব ন র র র র কর ন endseq
147892,startseq একদ ন র র র র র র র র শ র র শ র কর ৷ endseq
147893,startseq ত র ম ন ত ন ন গ ল গ ন গ ল ন গ ন গ ল ন গ ন এব গ ন গ ন ন endseq
147894,startseq আপন র র র স থ স থ স থ স থ স র স র র র র র র খ র endseq
147895,startseq প রহসন প ল গ ছ ন ন ন ত র ক ক ক ত ক ক র র ক ক ন ন কঠ ন হয় ন endseq
147896,startseq ম র চ র স গ র ম ত য অভ ন ত য অভ ন ত র অভ ন ত র অভ ন ত র ন ন endseq
147897,startseq র জ র জ র ন ন ন ন ন ন ন ন ন ন ন ন ন ন ন ন ন গ ন র প র ন ন
147898,startseq শ ব র র সম পর ক সর বশ ষ খবর দ খ ও endseq
147899,startseq এখ ন র ভগব ন ভগব ন ভগব ন ভগব ন র র র র র র এখ নক র এখ নক র স থ ন ত র endseq
147900,startseq দ ট দ শ দ শ র ষ র দ ক ষ র র র র দ র র ক ষ কর ছ endseq
147901,startseq প রহসন র র র র হল হল ন র র র হল এই হল দ শ র র প রধ ন দ খ য য ৷ endseq
147902,startseq ন গ র র গ র জন য ক র র র র ক ত ক ত র গ র ত বপ র ণ ক ক র ক ক
147903,startseq ফলস বর প র ক ক ন ক ক ব শ ক ব শ ব ক ক ব শ ব র য বন য ন endseq
147904,startseq আম ক আম র ত ল ক চ ক করত প র endseq
147905,startseq ব র জ র র জ র র জ র র র র র র স মন দ স স ন দর য স ন দর য য য
147906,startseq আপন ন আপন র র র র র র র র র র র র র র র র র র স থ কথ বলত প র endseq
147907,startseq গ ল র র ফ ল র ফ ল ফ র ফ ল ফ র র কর কর হয ছ ৷ endseq
147908,startseq ডল র থ ক ট ক থ ক থ ক endseq
147909,startseq এখ ন স ন ন গ য ন ন ন ন ন ন ন ন য ন ন ন য য ন র জন য ম ন ত ন
147910,startseq আপন র ন ন য়ন ত রণ র র র র ন ন ন ন ন ন ৷ endseq
147911,startseq স ট র স থ ক ট র র র র র র র র র র থ ক ই পড র ছ ল স থ থ ক ৷
147912,startseq ব জ ত র ত র ত র ত ত র ত ত র ত র ত র ত র ত র ত র কর হয endseq
147913,startseq দ র দ র থ ক ম দ র ক ল ম ট র দ র অবস থ ত রয ছ ৷ endseq
147914,startseq আপন যদ র র র ন র ন ত ন ত হল ত র ন ত হল ত হল ত হল ত র জন য উপয ক ত হব
147915,startseq এট ছ ল ন ন ম র র একট অ শ একট অ শ ছ ল endseq
147916,startseq আপন র র র র র র র র র র র র র র র র র র র র র র র র র র র ন
147917,startseq স ন য র র র র র ফল ও হ র র র র র র র র র র র য য য় ৷ endseq
147918,startseq য র মধ য রয ছ এব এব স ল ট র ল র র ল ল র র ল র endseq
147919,startseq স স তব এই স থ ই এই অবস থ ত এই জন য দ দ য য ৷ endseq
147920,startseq ন ক র ক ন র ন ন ন ন ন ন ন ন ন ন ন ন ত ন ন জ ন ন ন কর ন endseq
147921,startseq গ র র ন ন দ র ম ন ন র ম ন ন র ম ন র ও প ল ন র র র ন ন ত কর
147922,startseq ত ন ন জ র ন ন ন ত র ন ন ত র র ন র র র র র র র র র র ন endseq
147923,startseq অন গ রহ কর পরবর ত গ ন য ন endseq
147924,startseq ম র ন ম র র র র র র র র প রথম মন দ র র প রথম দ র র র হয ছ ল ৷ endseq
147925,startseq ব চ চ র র র র র র র র র র র র র র র র র র র র ষ র প লন কর ছ
147926,startseq ক ন ন ভ রত য অভ ন য অভ ন য অভ ন ত য হ ন দ দ হ ন দ দ য য endseq
147927,startseq ব শত ব দ র প র চ ন ম র ম ত র ন ম র ন ম র র র ন ত র বল মন কর হয
147928,startseq ব র ক ছ ট র ক ক ক ক ক ক ক ক ব শ দ ধ ন ত ব স ব শ ব ন ন endseq
147929,startseq ত র র ত ত র ত র খ ব র ত র খ ওয় ন ত ন র ন ন endseq
147930,startseq এই ব য র ব র র ব য র ব য র স য endseq
147931,startseq ব স স র স ব দপত র ব ব ব ব ব ব ব ব ব ব ব ব ব র ব ব ব র ব র ন
147933,startseq ওন র স বপ ত স বপ ন ণ ছ ল ৷ endseq
147934,startseq যদ ব র র হয় য য় আর ব য থ হয় য য় ত ল হয় য য় ত ল হয় endseq
147935,startseq ব শত ব দ ত র এই ছব ত র এই র এই ত র এই কর ছ ড ক ছ ক ছ ক ষ ত র র ন
147936,startseq ত রপর থ ক এখ ন থ ক ম ল য গ র জন য ব খ য ত ৷ endseq
147937,startseq এই য ক ক ক ক ল য ল ন ক ন য ন ন ত ক ন ন ক ন পর বর তন কর ন endseq
147938,startseq ফ ল য় র য় ক ক র য় ক ক র র ক ক র য় ক ক র র ক র ক র য় ক ট ক
147939,startseq ত ন র ন য় ব শ র ন ত র ন ন ন ন র ন ন ন র ন ত র ন ন ছ ল ন endseq
147940,startseq জ ত স স ত র গ র ত র র র র র র র র র ত র ত র ত ত স ব স ত কর
147941,startseq প র ব স ল প রথম প রথম প প রথম প র প ত প রথম স র ন র প ত র প ত হয হয
147942,startseq ক ন গ ল ক ছ ক ছ ক ছ ক ছ ক ছ ল ক ছ ল ক ন য় ন গ য় ছ ন endseq
147943,startseq ক ন র র গ র ক ন ন ক ন ন ওয় র ফল খ ওয় র সময় চ খ র চ ষ ট কর উচ ত endseq
147944,startseq প র র র র প র পশ চ ম প র প র য় এব প রধ ন প রধ ন প রধ ন উৎস হ র endseq
147945,startseq দ ট ই ত র ত ন কর ত হয় য ন ত ষ ক ষ ত র ষ ক ষ ত র র ক র কর হয় ৷
147946,startseq হ প ট ইট স ক ক র স ক ল ক স ক র ল ট ট ট ইট স হ স ট ট ট ট ট হয়
147947,startseq আজ এই স থ ন জ য়গ য় endseq
147949,startseq এই ক য ক ছ ট য ক ট ক ট র মধ য ক র মধ য হয ৷ endseq
147950,startseq ইন দ র ন র ষ ট র য উদ য ন র উদ য ন র গ র ম ট র দ র অবস থ ত রয ছ
147951,startseq আম র জ য য ত র জন য র জন য অ য পয ন টম ন ট র অ য পয ন টম ন ট আছ endseq
147952,startseq ন ন র গ র ত র য় প র য় ত গ ছ য় ক য় য লস য় র র র খ দ য় endseq
147953,startseq ম ন র প রত য ইম ল প ঠ য প ঠ ন প র ইম ল ল খ ন endseq
147954,startseq র জস থ ন র র র র মন দ র র মন দ র র মন দ র র মন দ র মন দ র মন দ র
147955,startseq র র র র র র র র র র র র র আমর আমর ক ছ গ র র ক ছ ক ছ র ম র র ক
147956,startseq খ ব র র র র র র র ব শ শ র র র ব শ শ র র র অন য য় য য য় endseq
147957,startseq শহর র শহর র ন হ র এব ব র হ র দ ব র ত দ র ন endseq
147958,startseq জল র গ ল স ট র সময় রক ত র জল র জল জল র স থ জল র জল র স থ জল র ওয় হয় endseq
147959,startseq হ লক ত ক ত ক ত ক হ সপ ত হ সপ ত হ র ত হত প র endseq
147960,startseq দ ষ ট র র ন ন ন ন ত র ব র য় ব র য় ব র য় ব র ব র য় ব র য় ব
147961,startseq যখন প র র র ষ ট র র স ব র র এব শ ষ ষ ট কর ন র চ ষ ট কর ন endseq
147962,startseq প রথম ও ব শ ব শ ব শ র ব র ন য ন স ব ধ র র র র র র র ন endseq
147963,startseq ব র র র র র র র র র র র র র র র র র র র র র ন ত র ত র কর ছ
147964,startseq গ র গ র র গ র ল র গ র ল ল র গ র র গ র র র র র ত ত ত রয ছ ৷
147965,startseq ম ন ন র ম র ম র ম ন ষ র র গ র গ র ত বপ র ণ ভ ম ন ন endseq
147966,startseq প ট র প য য ক ক ক ত ত র ফল ক ক ক ত ত র প প য য য ৷ endseq
147967,startseq মন কর হয য গ র গ ছ ন গ ছ ন ন গ ন গ ন গ ন গ ন র ন ন endseq
147968,startseq ক ন র র ত র ক ন র র র র র ক র প র ড ত ত ই ন ন ৷ endseq
147969,startseq ক য ল র ম র অ য ল র ম সর য় দ ও endseq
147970,startseq ত ল ক য ড ম য গ কর ন endseq
147971,startseq র র র র র র র র র র র র র র র প র য ন এব ব র র র র র সম পর ক
147972,startseq ন ন ন র ন ন ন ন ত ন ন ন ত ন ত ন ত ন উচ ত ত র র র খ ন ৷ endseq
147973,startseq স ধ রণত ৪০ বছর বয়স র বয়স র বয়স ম ত র বয়স র হয় য য় ৷ endseq
147974,startseq স ট ট স ট ট দ ই ধরণ র ব র প ট ৷ endseq
147975,startseq ত র র ত র র ন ন ন য ন ন ন ন ন জ র ন ক ন ক ন ক জ কর ন endseq
147976,startseq ব শ ত ত র র ন র র র র ক endseq
147977,startseq ভ রত র শ র র র র য ন র র র স ট শন স ল কর endseq
147978,startseq ক ন ত পর ত মন কর য মন র র র র র র ক ষমত ব ক র র প রভ ব পড ত প র ৷
147979,startseq আম ক ক ছ প র ক আপন ক ন ড র র ন র র মধ য ক ক ম প ন খ জ ন ন প র
147980,startseq ক ন র র র ন ন র ন ন র গ ন র গ র ক র র র য় ছ ল ন endseq
147981,startseq ক ন দ র দ ল ল র র য ন য ন র ক ন দ র র গ র ন ন endseq
147982,startseq ক ন ত আম র ক র র র বল য য আম দ র আম দ র স ব স থ য র জন য ক ল ভ
147983,startseq আপন র জ জ র জন য আপন র ক ন ক ট র ত ল ক য ক ন র কর উচ ত endseq
147984,startseq স র র র মত মত মত য র য র স ব স র র র স ব স র র র র র endseq
147985,startseq ক ন গ ল র ন গ ল এব গ র ত র ক ন ত র বল ন ন ক ন ত র বল ন endseq
147987,startseq এখন ক ক ক ট ক endseq
147988,startseq সঙ গ ত র র র র ন য ন য ন ম ম র য ন র শ র র র ল endseq
147989,startseq ক ছ ক ষ ত র ফসল র ফসল র ফসল র ফসল উতপন ন কর হয় ৷ endseq
147990,startseq ন ন র র র র প র ণ মহ ল দ র দ ই দ র র র র র কর হয় endseq
147991,startseq ত রপর ব র সন ধ র র স থ দ ধ কর র সময় ব ধ কর ধ কর ব ধ ব ধ হয় য য় ৷ endseq
147992,startseq ক ন ড র ছব র জন য এই ছব ত র সঙ গ ত র র র র র র র র র র সঙ গ ত কর
147993,startseq একট ক ত ক ত প রদ ন কর ন endseq
147994,startseq আম জ ন জ ল য ন ক ট ক ন দ র দ খ ন ন দ য য খ ন য র দ খ প ওয় য
147995,startseq প রত ট গ গ হ র ন জস ব ন ন ম প র ন endseq
147997,startseq ক ছ ন ছ র ছ থ ক ন ত ন ত ন ত ন ত ন ত ন ন ন গ ন র ক ন কর হয় endseq
147999,startseq ল গ র র ম র ক র গ র ম র গ র ম র ম র ম র ম র ম র ম র জন য endseq
148001,startseq ক ষ ক র ইত হ স র জ র র ক জ র স থ ন endseq
148002,startseq শ শ রভ গ ক শ ষ ন ন ন ন ম ল র র ম ল ত ল ন র endseq
148003,startseq রক ত র র য য় য য় য য় য ত র ক রণ হত প র endseq
148004,startseq অ য ন র র র র র গ র র স থ ন ন ন endseq
148005,startseq জ ন গ র ম ন ন র ন ন জ ন স ন ন জ ন ন endseq
148006,startseq ন ন র র ন ন ন র ন ন ন ছ ল ন ন ন ন ন ন র ন র ন র ছ ন endseq
148007,startseq স স ল প র র র র র র র র র র ম ন র ম ন ন র ম ন ন endseq
148008,startseq ক ল ল ম ট র স ন দর য র স ন য র স ন দর য য য ত প থর র য য endseq
148009,startseq স র চ ত ত বক র জন য ত বক বছর র ফসল র কর হয় endseq
148010,startseq ন য ন দ ন দ ও স দ দ দ দ ন এব ত দ র দ দ ন র দ ব র র র র দ শ
148011,startseq ক র দ ব ত য় দ ব চ চ দ ধ চ ল ন চ ল র দ ধ র য় ম ল য় ভ ল কর হয়
148012,startseq ক ন ত ব ন ন ম ন ষ র ব ন ন ন ন র র ব র র র র ব ব ব র কর endseq
148013,startseq খ ল দ খ ল দ ব র ব বশ ষ খবর ক endseq
148014,startseq ম র র র র র ন র র ন র র র র র র র র র দ র কর endseq
148015,startseq ব র র এব ব ন র র ন ন র ন ন র ব ভ ন ন ভ ন ন endseq
148016,startseq ব য ন য ল য ল য য য ত য য ন য য ত ল য ন ল ন য ন ল ন ত হয endseq
148017,startseq মহ ন র র র ষ ট র য উদ য ন ১৯৭৮ স ল স ল স থ পন কর হয endseq
148018,startseq ক র ক ক র র র র র গ র য় য য় র গ র গ র গ র গ র গ র গ য় endseq
148019,startseq ন ন ক র ক ন ন ন গ র ন ন গ র ক ন ন গ র র জন য একট আদর শ র থস থ ন
148020,startseq আম র ক ভ ব কতগ ল অন স ম রক আছ endseq
148021,startseq ক ক ও গ ন র ক ক ষ ত অঞ চল র অবস থ ত রয ছ ৷ endseq
148022,startseq ক ন হল হল খ য র সবচ য ব শ র গ র ত বপ র ণ endseq
148023,startseq ত রপর ক র র র র র র উপর অবস থ ত উপর ছ ট উপর পড endseq
148024,startseq স র র র র শ কড গ র শ ষ এব শ ল আর ব শ ব শ হয় ৷ endseq
148025,startseq ত র গ ন ম ন ন ন ন ন ম ন ন ম ন ন ম ন ম ন ন ম ন ন ছ ল endseq
148026,startseq এই পদ ধত ত র গ ল ক র র ক য য় য য় র অন য য় গ হয় ৷ endseq
148027,startseq ২০ বছর র ক র র র র র র জন য ক ত র র র র র ব শ ব র ব শ ন কর হয় ন
148028,startseq স ধ রণত ক ন ক ন ন ন ন ল ন য ন র র শ র র ন ন ন ন ন ন ন ন ন ন
148029,startseq স দ ব দ র গ র ম র র র র র র র র ম র র র ম র স ন ম র ত র কর
148030,startseq সম প রত ক ঠ ন র ভ গ র ভ ন ন ন র ভ ন ন ন ন ন ন ন ন ন ন ন ন endseq
148031,startseq ত র র ত র র র র র র র র র র র র র গ র ত বপ র ণ পর বর তন কর ন endseq
148032,startseq আপন ক ন ন ন ন ন ন ন ন ন আপন ক ন ন আপন ক ন আপন ক ন ব ন র ব যবহ র কর ন
148033,startseq ক চ চ ত ক ছ ই ম র র ওপর ম ছ ল ৷ endseq
148034,startseq এই ন ন র ন ন র স ন ন র স ক ছ ভ ল স ন ন র স ন ন র ক ছ endseq
148035,startseq প র ন ন ম র ব ন ন ন ত র ন ন র ব র ন র র র র র র endseq
148036,startseq ট ক ন র খ ল ক খ ন আছ endseq
148037,startseq সব ই ই সময় দ ন র পর ঘন ট র জন য এক ঘন ট র র কর উচ ত ৷ endseq
148039,startseq ব চ চ র ম স র র শ র র র চ র সপ ত হ র দ র দ ওয় হব endseq
148040,startseq স ন দর গ র ন ন ও ক র র র র র র র র র জ য গ endseq
148041,startseq গ র গ র গ ন র গ ন র গ ন র গ ন র গ ন র গ ন কর ন ন endseq
148042,startseq ত র ন ন ল ল ল ল ল ল য ত ল ল ন স ন র জন য এক জ ত ন endseq
148043,startseq ক ন ল খ ল য খ ল ন খ ল ন ন ম ক ন ন ন ম ন চ য endseq
148044,startseq ম ন র র স থ স থ স থ য় ম ন র র ব র ব য থ ও প র ব ভ ল ভ ব উপক
148045,startseq ক ন ন ন ক ক ন ত র র র র ক ন ত র র র ত র র ন ত র র endseq
148046,startseq ত ন য ত ব ব ত দ ওয হয ছ ল endseq
148047,startseq ত রপর এই দ ট র র য ত র র য ত ত র ত ত ত ত ত ত ত ত endseq
148048,startseq ল ল ল ল হল প র র র র র য র র দ র র দ র র র র র র র র র endseq
148049,startseq প স ল র ট ন র ন র ন র খ ল র স খ ন র স স ক র র দ ধ র ছ ল ন
148050,startseq ব য ল র র র র র অ য ন ড র র য র র য ক য থ ক হয় য য় ৷ endseq
148051,startseq ন ন ন র র ন ন ও ক র ন ন র র র র র র র র প র ন র র ন ন endseq
148052,startseq স খ ন র খ দ খ ল খ ন এব খ ন ন ন ন ন ত র র র র র র র endseq
148053,startseq র র র র গ র র র র র র র র য য য endseq
148054,startseq মহ ল র র র র র র র ত র ক ষ ত র র ক র র ক র র ক ক র ক ষ কর ন
148055,startseq স ন গ র স ন ন র স থ ন র স থ ন র রথম রথম স থ ন র ম ন র ম ত হয ছ
148056,startseq ম ল র র র র র শহর র স থ ত র র র প য য য ৷ endseq
148057,startseq আম র ত আজ র ত আম র খ ল খ খ ন endseq
148058,startseq প র ক ত ক র র র র র র র র র ক র র প র য়ই ব শ প র য় ত ল গ ছ
148059,startseq স ব র ব র ব র ব র স থ য ব র র স থ স র মত দ দ র মত দ য় ৷ endseq
148060,startseq ক ন গ র ম র গ ল ম ল ম ট র ল ম ক ল ম ট র ক ল ম ট র দ ম ব ম
148061,startseq স ম র র র র র র র র র র র র র র র র র র র র র র র ত র র ন
148062,startseq ব শ ব র সবচ য ব ত গ ন ত ল ক ত ল ক কর ন endseq
148063,startseq এই ক ত ক ঠ ন ড ক শ আর দ শ ব আর ব চ চ দ র জন য ব শ খ বই উপক র ৷ endseq
148064,startseq আপন র র র র র র ন ন ন ন ন ন ন ন ন ন ন ন ন ন দ র দ খ ন endseq
148065,startseq প রস র র প র র র ফল জ বর আস ৷ endseq
148066,startseq প ব দ ব দ র গ হ ন দ র গ হ ন দ র গ হ ন দ র গ হ ত র endseq
148067,startseq প র র র র র র র র র র ন র র র র ন র র ন র র গ ন ন endseq
148069,startseq আগ ম সপ ত হ ক ন আসন ন সময স ট র জন অন সন ধ ন কর ন endseq
148070,startseq এখ ন খ দ য ক ক ক ক র র ক ক র র র র থ ক র র র র র endseq
148071,startseq ইভ ন টগ ল ক টগ ল endseq
148072,startseq এই কর আম ক স স স স ক র স হ য য হ য য কর ন endseq
148073,startseq এট চ ষ র অন য ন য র য ক ষ ত র য য প রত য ক ত ত ফসল র জন য য য প
148074,startseq প র ত ন ম র ন ম র ন ম র ন ম র ন ন ন ত ত র গ ন কর ন endseq
148075,startseq ন ন এব এব এব ন দ র দ ব দ ব দ ধ র দ ব র দ দ র দ র দ র ট র দ খ
148076,startseq আপন র আপন আপন র র র র র ক র র ন আপন র ব র র র র র ব র করত প র ন endseq
148078,startseq স ন ন য র ব য ন য র জন য ন ন ন য ল ন ন র র ক ন দ ক ছ ল endseq
148079,startseq গ র র র র র র র র র র র র র র গ ল ক র র র র র খ উচ ত endseq
148080,startseq অন য ন য ন র এব উদ য ন র ন র র র র ন ন ন ন ন ন ন ন endseq
148081,startseq এই ক র র র র র র র র র ক র ক র র ক র র ক র র ক র র থ ক প র
148082,startseq গ ন শ র গ ন র র ন র ক endseq
148083,startseq ন ন র র র র র স ন ত ব স ত ত ব ত ত endseq
148084,startseq প র য র য ন য ন ক ষ ত র ক ষ ত রফল হল এই অঞ চল র ম ৷ endseq
148085,startseq হ ত র দ ট প হ ড় ও দ ট হ ত ও দ ট হ ত দ র দ ব র ত দ ওয় উচ ত endseq
148086,startseq স ধ ত ত ম স র স থ স থ র পর চ র র স থ ক ত ক ক র র ন ন ন endseq
148087,startseq দ ট ন ত ন ত ন ত র প র য় ত র য় ত র য় র য় আর ক য় পড় endseq
148088,startseq এট হল আপন র স থ য র র স থ য য স ব স থ য র জন য স গ র র ক ত কর endseq
148089,startseq ত ন স ল র য য ক ন য য র য ন য র য ন য ম ট র ক য ল য ন য ন
148090,startseq স র ষ ট র য উদ য ন র য উদ য ন য ন ন প ওয য য প ওয য য endseq
148091,startseq ক ন ন ন ল ন ন য এব ত র র ব র এব ত র ব র ত র পর ব র কর য ত প র
148092,startseq উত তর স ব দ র ট র দ র ও ব দ এব এব র র র র র র র র র র র র র র
148093,startseq প রধ ন হল প রধ ন হল ম ম ত ত ম ম ম ম র ম ত র ত ন ত ত রয ছ endseq
148094,startseq এই হল র ক র ক ছ গ ছ ক ষ ত র কর ছ ন ত র একট প র ত ত কর ছ endseq
148095,startseq এই র গ র র গ র র গ ল ক ছ ক ত র র ছ ল ক ত র র র র ক রণ ছ ল endseq
148096,startseq স ন হল দ র গ ছ থ ক গ ক ম ক ম ক ম দ র অবস থ ত endseq
148097,startseq ব র ট ক ব র র ক ব র ট ক কত কত endseq
148098,startseq আম ক আম র বর তম ন ট র ফ ক ট র ফ ক দ খ ন endseq
148099,startseq ক র ক ত স র র র র গ ল র র র র র র র র র র র র র র গ র র ক
148100,startseq এট স স র ত র ত ত ত এব ত র ত এব ত এব ত র এব ব ত র র ব চন কর endseq
148101,startseq আম ক ছ প র য শ নত চ ই endseq
148102,startseq ত ন ডবন ত র র র র র র ব র ত র র ত র ত র ত দ ওয় হয় ছ endseq
148103,startseq ল গ ল ন র গ ল ন ন ন র গ ন ম র প র ন ম র ন ন ম ন ন endseq
148104,startseq এর ফল খ র র র ব শ ব র র ত র র ব শ ব র ব শ ব র ব শ ত ছ ৷ endseq
148105,startseq ন গ ল ন গ ন ন র ল এব স ন ন র স থ ন র জ য়গ য় র জ বন র জ য়গ endseq
148106,startseq ব শ র র র র র স র র র র র র র র স থ স র স র র র র র স থ সম
148107,startseq রস র ত র গ ন র ন চ ন ন ল গ ল ন চ ন ন ল গ ল ক ন র গ ল গ ল হয়
148108,startseq ম ছ র ম র গ ছ ছ ল হয় এব ত র গ ল গ ন র গ ল গ ন গ ল গ ন ৷ endseq
148109,startseq এখ ন দ ক ছ ড ও গ ছ ন ন য ন ল ন য় ন ন ন ন ন ন ন endseq
148110,startseq ম র র র ম র ম ন র র গ ল ন ন ন র গ ল ন ন ন ল গ দ খ য য ৷ endseq
148111,startseq এই ক রণ র জন য এই ব র ত র ত র স থ ন ত র স থ স থ ন ত কর কর কর ৷ endseq
148113,startseq যদ ও আপন র খ ব জ ন ন জ ন ন জ র জ ন র ব জ র জ জ র জ জ ন endseq
148114,startseq এখ ন স ন দর য একট স ন দর য স ন দর য র র প র ন র প র ৷ endseq
148115,startseq এই স র মত অন য য এই সময এই ল ট র র র জন য ট ল র র র র ব যবস থ কর ছ ল
148117,startseq আজক র আবহ ওয ক মন endseq
148118,startseq স ক ত ত ক ল ত ত র ত র ত র ন ত র ন ত র ন ন ন ছ ল ন endseq
148119,startseq ক ন জ র র জ য র হল এই অঞ চল র য উদ য ন র ক ষ ত র র ম দ র অবস থ ত
148120,startseq খ দ যকন ট ক ম ম ন ক য ম ম ম ম ম ম ম ম ম ম ম ম ম আয়রন প রয় জন endseq
148121,startseq র ন ন ঘর র আল বন ধ কর ন endseq
148122,startseq ম য য র র য র স য য য কর র জন য স র থ ক ম র র র র endseq
148123,startseq যদ আপন ক যদ ক র র র ক র ক র র র র র ক র ক ত হল ত র র দ ব র দ দ
148124,startseq স র পশ চ ম র ব র ব র ব র র র র স ব ধ র র র স ব ধ রণ কর ন endseq
148125,startseq ক ন ল র একট ন র র স ট র র র র র র র র র র র র র র র ম র কর হয
148126,startseq ল খ ল র জ ন ন ন ন র ন র ন র ন র র র র র র র ন র পর চ ত হ স
148127,startseq যদ র র গ র ক র স থ র ক র ক র ক ত র র র র ক র র ক র র ক র endseq
148128,startseq প র র এই প র র প র র প র র র র প র ড প প র ৷ endseq
148129,startseq ব ব র র জন য র ব ব র র জন য ন র জন য র জন য র জন য ন র জন য ব ন
148130,startseq ব ভ ন ন ন ন ন ন ন ন ন ন ন ন ন ন ন ন ন র ম র ক ন ম প র ন ক
148131,startseq ন ন ন ন ন ন ন ন ন ন র প ওয় য য় endseq
148132,startseq হ দয় ট হ দয় র ব ল ল বর বর বর বর ণন কর ন endseq
148133,startseq আপন র ন ন র ক র র য ন য র য ন য র য র র র র র র জন য আপন র ক য
148134,startseq সর ষ ষ ক ষ র বর ষ র স ক ষ ব ন ষ ক ষ ব চ চ র স স ক ষ কর endseq
148135,startseq ব ন ব ব ব ব স ধ রণ ব জন য ব শ ব স ব ধ ব ব ব ব ব ব ব ব ব ব endseq
148136,startseq অকস ম ত ত ত ত র ত র র ড ও ক ছ ড ও ক ছ ড প প প প প প প ছ ছ endseq
148137,startseq র জব র র র ত র ন ন ন ছ ল ন য ন ন ছ ন য ন ন ছ ন এব ত র প ছ য
148138,startseq র গ র গ র প র দ খত প র ন ন ন ন ন ৷ endseq
148139,startseq উচ চ রক তচ প র ন ক রক ত কর ন রক ত রক ত রক ত কর ন ন ন কর ন endseq
148140,startseq প রত য র জন য প রত য র র জন য অন য ন র র র র র র র র র র র ত র
148141,startseq দ ন র ন ত র র ন ত ত র র ন ত র র ন র ক ন ত ক ন endseq
148142,startseq প র র র র র গ র য য হয় য য় endseq
148143,startseq ক প র র র র র র গ র র গ র হয় এব ব র য় এব প ল হত প র endseq
148144,startseq প জ ঞ জ ব প র ন ন ন ন গ র র ন ন ন গ র র য গ র ট র স ট শন কর
148145,startseq র জ র র র র ন ম র ন র ম র ন র ম র ন র ম র ন র র র কর ন endseq
148146,startseq প র থম ক র র র র র র র র র র এব এব র মধ য য য র মধ য থ ক প র endseq
148147,startseq ক ন ন ন র পর বর তন কর র সময় র পর বর তন র উপর ন র উপর ন র উপর ন র উপর ব র ব
148148,startseq ম র র বর ম থ ক ম ম বর থ ক ম ম বর ম ম র র ক ত ক ট র র প র র ত
148149,startseq ক ন ত র পর চ ল ন কর র কর ছ ল ন য ন র র ন র ন র ন ন কর ন য য য
148150,startseq স ক রমণ র জন য স র র র র র য র র র য র র র র র র র র দ কর উচ ত
148151,startseq পর বর তন কর পর বর তন কর দ ন পর বর তন কর দ য ন র র র র র র একট দ ধ র ত কর
148152,startseq ক ন গ মন দ র মন দ র মন দ র মন দ র র র র র র র র য ব খ য ত endseq
148153,startseq ন শ র র র র র র শ র র র শ র র গ র ম ক ত ন র ন র ন ন endseq
148154,startseq নদ ট ম ট র ম ট র নদ র ম ট র endseq
148155,startseq এট ফ ল র র র র র র র র র র র র র র র র কর ৷ endseq
148156,startseq স ল ত ল র ত র ত র ত র ত দ র দ ওয় হত endseq
148157,startseq ক ন দ র র র লওয স ট শন হল ল ল ল ল ল ল ল ক গ ল ল গ ন গ ল endseq
148158,startseq ম য ক য র ন ন য য য র ন ন য ন ন ন ন endseq
148159,startseq প শ ব র ক ত এব য ন র র র র র র র র র র র র র র প র প র endseq
148160,startseq ন র র র র র র র খ ব র মত খ ব র খ ব র খ ব র খ ব র ত endseq
148161,startseq ত র বল বল য আম আম দ র আম দ র বল হয় endseq
148162,startseq এই আম র ব ন র ফ ন নম বর এব ফ ন নম বর endseq
148164,startseq ব ত ল ত ত ত ব য ব য ত ত য র য য য য য র জন য মহ ল র র জন য ন
148165,startseq দ দ র সব জ দ র গ ল দ দ ন ৷ endseq
148166,startseq গ ছ র স ধ রণত ত ট হয় গ ল চ ছ ল গ ল চ ক ত ত ত দ ক ন endseq
148167,startseq স ই ব জ ন ন য ক ট কর ন এব ন র ম ন র কম য় কম endseq
148168,startseq ম ম বর র ম র ম র ম ত র ম র ম ত র ম ত ত ত ম লন ড ত ক ষ ত কর য
148169,startseq ক ন ভ ন ভ রত য় অভ ন য ন ন ল এব ল ক ল ন endseq
148170,startseq এট ন জ র ক স থ ন ক বল হয় য ক ত ক র স র র স র য য ত স র স থ য
148171,startseq প র ব র থ ক ব শ ন গ র ম ন ন গ ল ন ন ন ন ন ন ন endseq
148172,startseq ন ন স স ক ত র ত র থ ক এব ত ভ ম এব স ক ভ ম ন ক ক ম ন থ ক endseq
148173,startseq চ খ র র গ র র ফল চ খ র ফল ও হ ত হয় য য় ৷ endseq
148174,startseq ন ম র ক ষ ত র ক ছ ট ক ন ন য ন ক ন ত ক ন র ক ন ন য য ন থ ক
148175,startseq ল ল ল গ ন ক ল ক ল ক ল থ ক ত র অবস থ ত রয ছ endseq
148176,startseq এট য দ র য য় ম ন য় র র র খ দ য র র র র র জন য খ ব র জন য endseq
148177,startseq ক ন ম ল র ল ল ল গ ল থ ক ব জ য র স থ র জন য ব স র র র ব চ চ
148178,startseq ক জ র গ র জ য র র ন ন জ য র র ন ন জ য র র ন ন ন ন ছ ল endseq
148179,startseq ক ন ড র র গ র ক র র ক র ক ব শ endseq
148180,startseq আপন যদ আপন র র র র র র আপন র র র র র র র র র র ন ন endseq
148181,startseq আলস র র আলস র র ক র র র র র র র র র র র র র র র র র র উপর প রভ ব
148182,startseq ক ন ত র র র র য য র র র ক র ব ট ব ট ব ভ ব ত ব স ত র endseq
148183,startseq তব এই সময এই সময পর যন ত ব ষ ট হচ ছ endseq
148184,startseq ক ন ক রণ র ফল য র র ক য র ত র এই সমস য র র র র র র র র য য় ৷ endseq
148185,startseq দশ র ক স ট ক র জন য থ ক endseq
148186,startseq প র ন ন র প র ন র অভ য গ ট ইট অভ য গ ট ইট কর ন endseq
148187,startseq ত ন স ত ত ত ত ত ত র র র র ত র র ত র endseq
148188,startseq যদ ও র র র র ব শ ল গ য য য য য য য ওয র য য দ খত প ওয য য ৷ endseq
148189,startseq জ ম ল ল ল ল থ ক দ ল ল ম ট র দ র অবস থ ত রয ছ endseq
148190,startseq স য ন র র ন র ন র র ন র ন র জন য দ র ক ন থ ক ন র ক য ন র ক
148191,startseq প র ন এব র র র র র র র র র র র র র র র র র র র প ওয় য য় endseq
148192,startseq এমনক ত র র র ক ত র ক ছ ল ন এব ক ল ত র এব ক ল ত র ত endseq
148193,startseq এই ব র ন র র ন র ব ভ ন ন র র ব র ন র স র স র স র স র স র র
148194,startseq এই ক ষ ত র প রত য গ ল হত প র endseq
148195,startseq ব ন দ শ বব দ য লয় শ শ ট দ ট গ র ট ট ট দ ট র ট র ট র র র র র
148196,startseq র জস থ ন র জ য র প রথম স র প রথম স র জ র প রথম স থ পন কর হয endseq
148197,startseq এট শর র শর র র ম ন য় দ ন ন য় ম শ য় দ ন ন endseq
148198,startseq যদ ও অন য ন য র ক ক ক য র ক ক ক ক ক ক ক র ক ন ক ন endseq
148199,startseq উপরন ত র স ন ন ত ন ত র ক ন ত র ক ন ত র ক র ক র ক ন দ য় ছ ন ন
148200,startseq পর রত র র র র র প র ট র প র ট প র ট র ট প র প কর হয endseq
148201,startseq ন ন প র র ক থ য ক হ ট ক থ য হ ট হ হ র অবস থ ত রয ছ endseq
148202,startseq ক ঝ ঝ ঝ ঝ ল ও পর বতম ল ও পর বতম ল ৷ endseq
148203,startseq ক ছ চমকপ র একট স র র র র র র র র র র র র কর ছ ল endseq
148204,startseq প র র র র ন ন ন ন ন ন ন ন ন ন ন ন ন ন ন ত ক ন ন ন ন endseq
148205,startseq চ ক চ ক চ ক র গ লমর চ র গ ল ক র ক র ক র খ বই উপক র ৷ endseq
148206,startseq এই ভ ব স র র র র র র র র র র র র র প ওয় য য় ৷ endseq
148207,startseq জল থ থ থ থ থ থ থ থ ক ব ম গরম ও হয় ৷ endseq
148208,startseq ম প নদ র নদ র ন নদ র উত তর ন ম ন ম ন endseq
148209,startseq ত ন ক ত ত র এল ক য এল ক য ক এল ক ল ম ট র এল ক ট র এল ক য এল ক র
148210,startseq গ ল র ম র ল ক ক ক ম র ক ন ম গ ল ন গ ল ন গ ল ন র জন য endseq
148211,startseq ত র র জন য একট ব ত ত ত র ত র ত র কর হয এব ত র ম ত র র ত র কর হয ছ
148212,startseq যদ ক ক ক ক ন হয় য য় ত ক ক ত স থ য় ন ক ক র শ র র endseq
148213,startseq র জ য গ র ম ট র র ত ত র র বর গ ক ল ম ট র endseq
148214,startseq বর তম ন গ ল র ন ক ন ন ত র গ ল ক ন ক ক ক ক ক ক ন র র ক র ক ত
148215,startseq শহরট ত র গ র প ছন দ র গ ছ ল ন ন ও ন জ র র র ন ন ন endseq
148216,startseq অন য ন য র র র ক য ন র র র র ব শ ব র র র ব শ ব র হয় ৷ endseq
148217,startseq প রত য ক ত ক ম র ন র স ন দর য র র র র ন ম ছ endseq
148218,startseq আপন র র জ র র র র র অর ধ ন আপন র প রত ট অর ধ ন র অর ধ ন র অর থ কর ন
148219,startseq ব য র র র র জন য র র র স ব ধ র জন য ব যবহ র কর র জন য ব যবহ ত কর হয়
148220,startseq ত ন র র ত র প ত র প রক ত র প ণ ড এল ক র র র র দ র ন ত কর ছ ন
148221,startseq ব শ রভ গ ল ক র য য ট ক য ট ট য ক ক ক ক রণ ক রণ ক হত প র ৷ endseq
148222,startseq অ য ন ল ম ল ক ক ক ক ক ক ক ক ন ক ক ক ন ক ক ন ন ক ন ন endseq
148223,startseq ফ ল ফ ল র ফ ট ট ল প ট ট ৷ endseq
148224,startseq ক ন ত এখ ন থ ক ই আপন র ক ন ন ত ক ন ন ত ক ন ন ত ক ন ত ক ন ত ক
148225,startseq ব ল থ ক শ র ন ম ক endseq
148226,startseq গ র র র ত র র ত র র গ র ত র র র র র র র র র জ র র শ র কর ছ
148227,startseq ভ ট ম ন ন ন চ ন ত চ ল ন চ ন ত চ ল ন ত র চ ক ত র র প ত র ত
148228,startseq গ র গ র ক ক ন ত র গ ল প র র র গ র ক ব র সময় ব র সময় ব র সময় হয় য
148230,startseq ত র ত র ক ছ ল ন য বল ছ ল ন য ত র বল ছ ল ন ত র ত র র গ ছ ত র
148231,startseq র জ য র উত তরপ র উত প দন এব উত প দন র জ য র র র র র র র র চ ত র endseq
148232,startseq ন য ন ন ধ র ধ র ন ন ন র র ন ন র র ব যবস থ ন ৷ endseq
148233,startseq স র র র র র একট প র চ ন একট ম র ন র ন মকরণ কর হয ছ ল ন ম ন মকরণ কর হয ছ
148234,startseq স ই স থ ত র ক ত ক থ ক থ ক ক ন ন ৷ endseq
148235,startseq চল ফ ল শ ব জ endseq
148236,startseq ক জ ম র ক ন ম র ম র ন ম র ন ন ন গ ল ন ন endseq
148237,startseq প প র ব ল প র ট র র ব শ র গ র ব শ র র র র র র স ব ভ গ ল ভ
148238,startseq ন গ ল ম গ ল র গ ন ম র ম ত র র ম র ম ল য ন ম র র র র র ষ ঠ
148239,startseq রক তচ প র র র র র হ দয় র হ দয় র গ হ হ স ব র গ র ক র ক endseq
148240,startseq ক ন গ ন ক endseq
148241,startseq আপন র প রয জন য সমস ত আপন র র র ত আপন র র র র র র করত হব endseq
148242,startseq স প রত ম বর অক ট বর অক ট বর অক ট বর ম স র বছর বছর বছর প লন কর হয endseq
148243,startseq র গ র গ ন র র গ র র র র র র র র র ন ন ন ন ন ত ন ত কর ছ ন endseq
148244,startseq এই বয়স ব র র র এই সকল দ র র র য দ দ দ ওয় হয় ন ৷ endseq
148245,startseq ত ল র প রধ ন ত ত য র ত ত য ত ত য য় endseq
148246,startseq ভ রত র ভ ভ রত র ভ রত র ভ রত র ভ রত র স ভ রত র ঐত হ স ব ভ রত র র র
148247,startseq দ র র র র র র র র র র র র র গ র র র র র র র গ প ট য় য য় ৷
148248,startseq স মব র ক ব ষ ট হব endseq
148249,startseq ম ট র উচ চত হল স বর ষ র য য র র য য পর ম ণ র পর য য র র endseq
148250,startseq নদ র নদ নদ নদ র নদ নদ র দ নদ র নদ নদ র নদ র নদ endseq
148251,startseq ক ছ ল ক বল য য য এট ক রণ এট র ব র র র ব র র র র র endseq
148252,startseq এমন পর ব র র র র র য য র র র র র র র র র র র র র ল endseq
148253,startseq এ ছ ড ও ভ রত য় র র র র র র র র র র র র র র র র অভ ব র অভ ব র
148254,startseq ত ম র জ র ক র র ম নস ক র র ক ন নস র র ক য নস র র র র র র র র
148255,startseq প প র র ক ক ক র প ক র ও প ক র ও কম প ত র চ ষ ক ত হয় endseq
148256,startseq অন ধ রপ রদ শ র মধ য শ র ষ ণ অ শ র ল র ম ত ত কর হয ছ ল endseq
148257,startseq স ই সময ন ম ন ন ন ন ন ন ন ন ন ন ন ট ট ট ট ট ট ট ন ট ন ন কর ছ
148258,startseq ক ব র জ র ষ ট র য উদ য ন র অন ক য য র য উদ য ন র য ত প রধ ন র
148259,startseq উপরন ত র ন ন ন ন ন ন ন ছ ল ন ন র র ক ছ গ ছ র ছ ল endseq
148260,startseq এই হ ত র ত ত র পর শ র র র ত র র গ ত কর ছ ল ন endseq
148261,startseq এই জন য এই ম ত র র ম ত র এই পদ ধত ত এই স থ ক ত ত কর র জন য উপয ক ত ত
148262,startseq ক ন ল ক ন গ র বল হয য বল হয় ৷ endseq
148263,startseq প র র র র র র ল র গ ল ক ন ত র ল ন য য ত হল এক ব র ন ত ছ endseq
148264,startseq স ন ড একট একট একট একট র একট ব র ষ ঠ র একট প র ল র একট ব র ষ ঠ র ব দ ব র
148265,startseq চল ন শ র ন ন দ শ ব জ ন endseq
148266,startseq র জ য র ক ছ আকর ষণ র মধ য প র য র ছ র গ জর ত র ল এব ল দ খ endseq
148267,startseq ক ল র র একট র র একট অ শ একট অ শ একট ত র কর ন endseq
148268,startseq উন নত ন স য স র র অভ নয় ত র অভ নয কর র অভ নয় কর ন endseq
148269,startseq ত র ন ন র ম ত য অভ ন ত অভ নয় কর ন এব ন ন ন ন ন ন ন ন ন ন endseq
148270,startseq ব ভ ন ন র র পর র প ন র প ন এব প ট র র প ন endseq
148271,startseq ম ল র র র গ র র র র র র র র র র গ ছ endseq
148272,startseq জ জ র ও ক ক ক ক ক ক ক ক ক ক ক ক ক ম ম ন ম ক বল বল হয় endseq
148273,startseq এই ক ষত ক পড ত ক ত ক ত র ক ত ক ত ক ত শ ক ত শ শ ক ত হয় ৷ endseq
148274,startseq খ খ র প র র ফল প প র ক র ফল প ক র র ক ক ছ ক ছ ক ক জ বল হয় endseq
148275,startseq জ য র র য উদ য ন র জ ল য উদ য ন র ক ল ম ট র ক ল ম ট র রয ছ endseq
148276,startseq র ত র আল দ আল দ আল দ আল দ ন য য আল দ ভ বন আছ endseq
148277,startseq য খ ন ন র জন য দ খ ন র ক র র র র র র দ ক ছ ল endseq
148278,startseq ম র র র ম র ন ম র ছ ল য ন র ম ন ষ র ম ন ষ র ম ন ছ ল endseq
148279,startseq ব ন ন র ক ন ন ন ন র ব ন ন র ব ক ও ক ক ক ন দ র endseq
148280,startseq মন দ র র র র র র ম র ম র র র র র র র ম র ম র ম র ম endseq
148281,startseq অশ ক র গ র ম র দ ন ন র গ ন ন ন ন ন ন ন ন ন র ন র ন ন ন ন endseq
148282,startseq ক ন ম গ ল ক ণ ক ক ক বল হয় গ ল ক বল হয় গ ল বল হয় গ ল ন endseq
148283,startseq ক ন ল ন য য র র গ ল ন য ন য ন য ন ন ছ ল ন ন ন endseq
148284,startseq আম র ক পর পর র দ ন র আগ দরক র endseq
148285,startseq প র শ শ চল প রদ শ র প রদ শ সমস ত ট ক ল র মধ য আম ক দ খ ন endseq
148286,startseq স হল হল প হ ড র প হ ড ৷ endseq
148287,startseq র ক র র র র র র র ফল র স র ক র ক র র ক র র ক র র র র endseq
148288,startseq র জ র ন ন ন ত ল ত ল গ ত ত ত ক ষ ত র গ ন ন ন endseq
148289,startseq জ ত র হ ত ল ল গ র ম ন ষ র ন ন ন ন ন ন ন ন য ন ন য ন endseq
148290,startseq ন ন ন ন ন ন ভ রত য় ত ন ত ন ত ন ত ন ত ন ত ন ত ন ত ব ত ত ত ব
148291,startseq এই রকম জ জল র স জল র স র স র জন য ব যবহ র ব যবহ র কর হয endseq
148292,startseq সঞ জয স ল ন র ম র ম র ম র র র ম র র র র র ন ন ন ন প র প র ভ
148293,startseq ক ছ ক ন র র য র ক ন র ক ন র ক ক ন র ক ক স স ক র স ট ন য দ
148294,startseq এত আম ক জ র এব ক ছ ক ছ ক ছ এব ম ন এ র ন ন ন ন ন ন ন endseq
148295,startseq ক ন র গ ন ত ত র ত র ত বপ র ণ গ র ত বপ র ণ ভ ম ক ভ ম ক ত কর endseq
148296,startseq পর র ত ন র র ন এব ত র ব দ ধ এব স ব দ র র র র র র র র ছ ল endseq
148297,startseq আপন ক ক গ ল সম পর ক আম ক জ ন বল ন endseq
148298,startseq ন জ র গ র র র র র র র র র ন র ন র র ন র র র র র র ন ন endseq
148299,startseq ব র একট গ ন র গ ন ব জ ও endseq
148300,startseq মন দ র থ থ ক ও ন ন ন ও ক ছ ক ছ ক ন ও ম র ন ও ক ন ন জ য়গ গ আছ
148301,startseq উদ য র র ক ছ ক ছ র ন র ন র ন এব এব ন র জ র র র র র endseq
148302,startseq এই ম ল ত ত র স থ ন ত ত ত র ন ত ত ত র ত র র র র র র র শ র কর
148303,startseq ত শত ব দ ত ব দ ত র দ ব র র র ম ত র ছ ল ন endseq
148304,startseq ত র র র র র র র য র র র র র ক ম ক ম দ র ছ ল endseq
148305,startseq র ত র র র র র র ক ক র গ র ক ক র র র র র র র র প র ন endseq
148306,startseq ম ট পর র পর শ ন ন ন ন ৷ endseq
148307,startseq র ম র ন র র গ ন র ন ন ন ন ন ন ন ত র ন ত র ধ র ত র কর ন endseq
148308,startseq দ ব ড ও ব ল বল বল হয় ৷ endseq
148309,startseq প রথম ন ক ক ক ন নত ন ক রণ এট ক ষ ত র ন ন র ন র র ন র endseq
148310,startseq ম র র র র র র ত র ত পম ত র দ র দ র দ দ র দ ন র endseq
148311,startseq যদ যদ ত গ ল ত র র থ ক সব জ ল গ ছ র ম খ য য ছ ল endseq
148312,startseq ক ন ন ক র ক ছ ভ ল ক ছ ক ক ত ক ভ ব ক ক ব ভ ন ন ব ব ত ত কর endseq
148313,startseq ত র ত ত র ত র ত র র র র র র র ক র র ক র র দ র র র র প র ন
148314,startseq য য র র দ র র মন দ র র জন য মন দ র র র র র র র র র য endseq
148315,startseq ক ন গ র প র র ক ক ম ট র ক ম ক ম ম ট র ক ক ম ক ল ম ট র দ র
148316,startseq ত ন ব ব র র র র ব বন ধ কর ছ endseq
148317,startseq এখ ন র ম ঝ ম ঝ ম ঝ ম ঝ ম ঝ ম ঝ ম ঝ ম ঝ ম ঝ ম ন ন ন endseq
148318,startseq ত র ন ন ন ন পর বত র পর বত য ন পর বত র পর বত র গ য গ য পর বত শ কর ছ endseq
148319,startseq র র র র র র র র র র র র র র র র র র র র ত র র জন য একট ত র ত
148320,startseq ব স ল ম ল র র পর পর ক ল ভ ব র স ধ রণ ল ল ন র ছ ল ন ছ ছ endseq
148322,startseq ব য ঙ গ র র র র র র র স র র র স র ট র র র র র র র র খ য য
148323,startseq এই ছব ট র র ক ট ট ক র র ক ট ক ট ক র ক ট ক ট ক ট ক ট র ট র কর
148324,startseq ন র র র র ত র র র র র র র র র র র র র র র র ব র থ ক endseq
148325,startseq এই প ত ক র ক ক র ক ষ প র ক ত ক প র ক ত ক প র প র ব যবহ র কর ন
148327,startseq প র র র ব যবহ র র ব যবহ র কর র ক র ব যবহ র কর হয় ৷ endseq
148328,startseq ন গ ন শ র কর ন endseq
148330,startseq ব শ রভ গ ন ন ন ন ত হল ত র ত র ত র ত ক ত ক প রভ ব ত প রভ ব পড ৷
148331,startseq এরপর আপন র বছর র বছর র জন য আপন র পর চয ষ পর চয পন কর ন endseq
148332,startseq ক ষ ক ষ র ন ষ ক ষ কর র ন ষ র ক ষ কর র জন য ন য ক ত ক র র endseq
148333,startseq ভ ট ম ন ন ন ব য য় ম খ দ ধ র ম ন র র র র র র র র র র চ ষ ট
148334,startseq ন র র র র র র র র র র র র র র র র র র র র র জন য ব শ র র endseq
148335,startseq যদ ও যদ সম ভব ক ক ত ম নস ক চ ন ত ও চ ক ত ম ন র ব শ শ কর ন endseq
148336,startseq এই ন র র গ র র ন ম র গ র র র র র ন র গ ন র ন endseq
148337,startseq প রথম আল র র র র আল ট ন ন endseq
148338,startseq গ ন র র র র র র র র র র র র র র র র র র র র র র বছর আগ ছ ল endseq
148339,startseq ক ষকদ র উতপ দন র দ ব র র ধ হয় ৷ endseq
148340,startseq গ নট ক সম পর ক আম র মত মত মত মত মত স কর ন endseq
148341,startseq ত রপর ক শ স হ য য য কর endseq
148342,startseq স ই প জ নত ন স য ন য ন য ন য ন য ন ল ন য ন ত র ম ত য ছ ল endseq
148343,startseq এট ম ন ষ র র র র জ য র র ন র র র র র র র র র গ র ত endseq
148344,startseq ফ ল এব এব এব এব এব এব এব খ র র র এব এব এব এব এব ত এব ত র র ত ত ত কর endseq
148345,startseq ক ক ক গ ছ র ক ছ গ ছ ল ন গ ল গ ল গ ন গ ল ন গ ন ন endseq
148346,startseq ন ন র র ক ন র র র র ত র র র র ত র র ন র ত র র ন ন ন endseq
148347,startseq প র র র র ন ত র র র র ন ত ক ন ত র র ন ন ত কর ন endseq
148348,startseq প ত স থ স থ স থ প ত প র প প ওয় য য় ৷ endseq
148349,startseq ক ন ক ব দ ক আছ endseq
148350,startseq ধমন র ধমন র ফল রক তচ প র ফল ম হ ম য য় ম ত র ম ম য় য় endseq
148351,startseq গ র র র র স র গ য ন ত নট প র ত র প র এব প ল র গ ব ভক ত হয ছ endseq
148352,startseq অন যদ ব শ ব শ র র ন শ খ ন ত ন খ ন তখন ত র র র র ন ন endseq
148353,startseq সমস য সমস য র সমস য র র র র র র ক জ কর র জ কর ৷ endseq
148354,startseq আজক র খ বই গরম গরম endseq
148355,startseq প র ল প র র ম ম ম র ম ম ম র ম ম ম র র ম এব ম ল র র র ত র endseq
148356,startseq ম র র একট ভ ল ক ষ endseq
148357,startseq ক নদ নদ নদ র নদ নদ র নদ নদ র নদ নদ র নদ নদ র নদ endseq
148358,startseq ক ছ ট শ চ র চ ক র র ক ছ ক জ ন ত এট র এট হল এট হল এক জ র মত ৷ endseq
148359,startseq প র র সমস ত স ব ধ র ত ম ত র ব ব র স থ ক ত র ত র endseq
148360,startseq ন ন চ ন ন র র র র র ক র ম ত র র র র র র র ছ endseq
148361,startseq খ ল ল স ড র ল র সম সম পর ক আম ক বল ন endseq
148362,startseq ঢ ক য় ক endseq
148363,startseq প র র ন ন ন গ র প র র র র র র র র ন ন ন ন র ন য য endseq
148364,startseq ফ র র ম ট র ক ম ম র র র র র র র র র র র র র র র র র র র ত
148365,startseq গ জর ত র ব শ বব দ য র ব শ বব দ য লয় র ল ইন ড য ল ইন ড য ক কর ছ ল
148368,startseq স ই য য ত র র য র র য দ র য য ত র র য দ র র প র পর ম ণ কর প
148369,startseq স স ক ক ক ক ক ক ক ক ক ক ক ষ ত র র ব শ র স র য র স ব দ ত কর
148370,startseq স থ ই আমর ম ত র ম ক র ম থ ক ৷ endseq
148371,startseq পরবর ত অ য ল র ম গ নট ব জ ন endseq
148372,startseq শ শ ম ম স ম ত র ম ত র ম ত প প ওয় য য় ৷ endseq
148373,startseq ত ন ত ন র ত র প র দ র র র র র র র র ত র ত ছ ল ন endseq
148374,startseq ন ন চ ন ত ন ত ন ন ন ন ন ত ও পর ক ন ন ন ন ত ক ন ন endseq
148375,startseq ম র ম র ম ল ক র রত য ক ত য রত য ক ত র র র ত র র ব র ষ ঠ ত কর
148376,startseq এই পর ত ত ক ন ন ত র ত য র ত র র ন ত র র র র র র মধ য দ খ য য়
148377,startseq যদ ও এই ব থ ক ব চ র সময় এই সময় ল গ ল ক ক ন ত ক ট দ ওয় হয় ছ ৷ endseq
148378,startseq স ব দ য স ত স স ত এব ব দ র র গ র ত বপ র ণ endseq
148379,startseq স ক ছ ন ক ন ত ন আম ক ন ত ন আম ক ন ত ন ত আম ক ন endseq
148380,startseq ন ন শ র র ন ন ন র র ন ন র র ন ন র ম র র র র শ ষ কর ন endseq
148381,startseq এখন ক endseq
148382,startseq ক ন র র ও ক ন ক ন ক ন র জন য ক ন স র র ক রণ স ন দর য র endseq
148383,startseq জ জ র র র র র গ র ম র ত র র ন ত ম র ত র ল প র ন endseq
148384,startseq ন ন ন ওষ ধ র ওষ ধ খ ওয় উচ ত নয় ৷ endseq
148385,startseq দ ট র দ ক ন ন ন ষ র ব শ ষ দ য ন র ক ষ র জন য ব শ ষ দ ব দ ওয়
148386,startseq স থ ন য স থ ন য য ন য ন য ন য ন য ন য ন য ন য ন য ন endseq
148387,startseq ত ন দ প র দ ন দ দ র দ র দ র জন য একট হ স ব শ কর ন endseq
148388,startseq ত ন র র র ই র র র র র ই ওষ ধ র ক র গ র ক নও ভ ম ক প লন কর endseq
148389,startseq ল র র র র বন র সম বন ধ র ত র সম পর ক ত endseq
148390,startseq প রথম ক ন প ল প রথম ক প রথম ভ রত য় ড ল ড গ ল র ড য় endseq
148391,startseq ১৯৯১ স ল র স ন স ল ন স স ল র স ল র স ল র স ল র ন য ন ত ন য ছ
148392,startseq ন র জ র ক ষ ক ন ন ন ষ ক ন ত ন শ ষ ক ষ ত র ত ন ত ছ ল endseq
148393,startseq ত র ন ন ন ও ন ন ন ও ন ন ও ন ন ন ও ন ন ও ন ন ন ন ন ন endseq
148394,startseq যদ ও এট স ধ রণত স স ধ রণত স স ধ রণত প র স থ হয় ৷ endseq
148395,startseq যখন র র র শ র র শ র প র শ র ক ছ ক ম র ম র ক ছ ক ছ ক ছ ছ ছ ন
148396,startseq আপন ক জ জ বলত জ বলত ব ন endseq
148397,startseq শ র ম ক ত র ন ন ত র র ন ত র ত র ন র ম ত য র ন ত র ন ন endseq
148398,startseq অন য ন গ ল প র গ ন গ ছ ন ন গ য গ য গ র ম ও গ ন গ র ম ত র ত
148399,startseq স স ল শহর র স থ ন নগর র স ন দর স ন দর স ন দর ম র ন ম র ন মকরণ কর হয ছ
148400,startseq হ য ত ই হয় য ত প র য়ই ত ক ক র ক ক ক র ক ক ক র ক ক র প র endseq
148401,startseq ত র র র র র র স খ ব র ত ত র স ক ত স ক ত র খ র স ক র খ ব র
148402,startseq স ধ রণত ব শ ক র ক ক র শ র র ক ক র শ র র ক ত শ র কর র সময় endseq
148403,startseq প জ র ন র র র র কর র চ ক ত কর ন ক ন ব চ চ র র চ ক ন চ ষ ট কর
148405,startseq এট ক রণ এট হয় য ত র র র দ ওয় র ক endseq
148406,startseq ত ন ত নট খ ল চ রট প র চ রট প র চ রট ব শ ল সম ভব হয endseq
148407,startseq ন ন র ন কর ন ক ন কর ন ক ন আম ক ন কর ন এব আপন র আম র ক ন ন endseq
148408,startseq প নক ড অবস থ ত ক ন ই এস আই স ক ন দ র আছ ক endseq
148409,startseq ব র র র র র পর পর র র র পর জল র রঙ র জল রঙ রঙ র রঙ রঙ হয় হয় ৷ endseq
148410,startseq বছর বছর র প র য় প র য় র র র র র র র র র প ওয় য য় ৷ endseq
148411,startseq ন ন স ক ক স থ ক প র ক ক ক ক র র জধ ন র র জধ ন র র র র র র জধ
148412,startseq ভ রত র হ স স ন দর পব ত র স থ ন ত পব ত র স থ ন ত ন ত র থ ন endseq
148413,startseq যদ ও য ল প ল য র প র র র র র র র র র র র র র র র গ ল ক ছ ল
148414,startseq মহ ল দ র ও ভ রত র ল ল ন ন র ম ল য ন র ম ল য র ন ম র প রত ষ ঠ
148415,startseq র জস থ ন র জ য র জন য ভ রত র ক ষ ত র র ক ষ ত র র ক ষ ত র endseq
148416,startseq আর ইম ইল চ ক কর ন endseq
148417,startseq ন শ র র র র থ ক ব চ চ র র কর ন endseq
148418,startseq স ক ল প র ক ত ক ল ম ল ক এব গ ল ক র স গ ল র স ব দ ত endseq
148419,startseq ম ন র র শ ব শ ম ম ম ম ব শ ব ন ন ত ব ব ভ ট ম ন ব ট ব শ ব শ
148420,startseq ম র র র ন ম ক ন ন ন ত র ক ন জ র ক জ র ক জ র র র র র র কর ন
148421,startseq ত র ক ল ভ ল পর ক ষ কর র ভ ল পর য য় ত র র থ ক র র থ ক প র ন endseq
148422,startseq ক র ম র প র এব ত র প র ম ত য র র ম র ত র র ম র র র কর ন endseq
148423,startseq ক ন ন ন ন ন ন ন ন ন ন ন গ র ন ন গ র ত বপ র ণ ভ ক ন endseq
148424,startseq ভ ট ট ট ভ ট ট ট ট ট ট ট ট ট ট র র অন ক ব শ ষ প রধ ন আকর ষণ কর endseq
148425,startseq স ক ত ক ক ক ক ক থ ক ব ক ত স থ ক ল ক র র থ ক ব শ ল ভজনক হয় ৷ endseq
148426,startseq র র ক বল ন আর ক গ র ক ক র কর ৷ endseq
148427,startseq ন ম র ক ক ন র ন ন ন ন ক ক ন ন এব ক র র র র র র র endseq
148428,startseq শ ষ র র ত র র ক ক ক র য য য় ত র র ক ক র র র ক রণ হয় য য় endseq
148429,startseq এর আগ ও ত ল র জল র নদ র জল র পর ষ ক র এব এব পর ষ ক র র endseq
148430,startseq প ক জল ম সপ ত হ ক জল ন ল ন ন ত জল জল ন ত জল র ন ত জল ত ল উচ ত endseq
148431,startseq গ র ষ ট র ক ল ক ল ম ট র ক ষ র ক য র র ল র ক র ল র র র ক ত
148432,startseq আপন র ব ন ন দ র ব র ম র থ ক ম ম ম ম ম ম ম ম ম ম ম দ র দ র অবস
148433,startseq র ক র র প র থম ক এব ব র র র এব একট এব একট ব র এব এব এব এব এব দ ব র এব endseq
148434,startseq একট বড গ র গ র একট গ র ত বপ র ণ র একট গ র ত র স ন ন র ল ল স ট শন endseq
148435,startseq ক ন দ র গ ল ম ম ম ত ত ম লন ড ল ম ম র ম র র র র র র র র একট দ
148436,startseq শ ল র শ খর হল শ শ সবথ ক সর ব চ চ শ শ র শ খর ৷ endseq
148437,startseq এর ন ন ন ন ন স থ স থ ন ন ত ন ত ন ত ন ত ন র ন র ন ত ন endseq
148438,startseq য র ত ত বক র খ শ শ শ খ র ক ষ ত র খ ব র শ ন ত হব endseq
148439,startseq দ দ ব দ দ র র ন ন ন ন ন ন স ন স র স স থ ন আছ endseq
148440,startseq ক ন র যদ আপন র যদ আপন র ক ন যদ আপন র গ ল আপন র র ম র র র র র ন র ন য
148441,startseq এই দ ব র স স ধ রণত এব ল এব স এব স এব স এব স এব স ক ব ব স ব ক র endseq
148442,startseq ক ন র গ ছ র ছ ল র শ র র র ছ ল ন য় ছ ল ন র র র র ছ ল ন endseq
148443,startseq ত র ক ছ ক ছ ল ক জ র স ত র র র র এই ছব ট র জ র স জ ন স কর ন endseq
148444,startseq প প র ব র প র প র র একট স ব স র স র স র স র স ব স ব স ব ব endseq
148445,startseq পর ষ ক র র জন য র জন য ক র কর র কর ন ন endseq
148446,startseq ম ন ষ র র ত র সম প র ণ সম প র ণ ত র র র র র ন ত ত সম পর ক ত সম
148447,startseq ল ক র র র র র র র র র ক ক র ক র ক র ত র হ ত ত র হ ল ড ল খ
148448,startseq প র ব শ ব র ন ন ন ম স র ন র স র ন র ক ল ম ট র ৷ endseq
148449,startseq ক ছ ট ল ক র ক ছ ট ছ ট ক একট ক ল ল ক ক ছ আছ endseq
148450,startseq ব ক ক ক ল ন ক স প র র র পর বর তন কর ন endseq
148451,startseq ফ ল র র র র র র র য র য ন য ন য ম র য ল য ন য হ র দ র কত endseq
148452,startseq ত ন ২০১৪ স ল ট ট য ন ট র র ট র র ত র ন ন ন ন ত র ম ন র ম ক ত
148453,startseq ম র র র র গ র র গ র ক রণ হওয় র ক শ র র ক ষত র ক রণ হয় য য় endseq
148454,startseq গ র গ র ক গ র ম র গ র ম য গ র ম য ন র গ র ম থ ক ৷ endseq
148455,startseq ২০০৮ স ল ল জ ল ল র জ ল র জ ত র জ ত ক জ ত ক ন ত র দ র র স স থ
148456,startseq প র স র র ব স র ব স ব স ব স র য র র ব র র ব র ন য ন endseq
148457,startseq য র ত র র র র র র র র র র র র র স র স র স র স য স র য য endseq
148458,startseq দক ষ ণ র র র র ন ন স ন দর শহর র স ন দর শহর র স ন দর শহর র স ব দ খ য
148459,startseq গ ন গ একজন একজন ম র একজন প ল ত ত র ল ক ত ব ত র ত র ব শ র ত র গ ল গ
148460,startseq আম ক শ ষ ক ষ ত আম ক বল ন ত আম ক আম ক দ খ ন endseq
148462,startseq স স থ ন র ম স স থ ন প রত ব স থ ন প রত র স থ ন র ভ ষ ত র দ ওয
148464,startseq গরম জল র র র মন হয় য য় এব ব র র র য য র ব র য য এব ঘন ট র ব য থ য
148465,startseq র র র র র র র র য ক ন য র প র য অন য প প য য প র endseq
148466,startseq ক ন ড ন র ছ ড ক ন য ছ ড ন য ন ন ন ন ন ন ন ন ন ন ন endseq
148467,startseq প র ন র ন ন য র ন য র ছ ল ন র র য র ছ ল র মধ য ব শ ছ ল ন endseq
148468,startseq আর স ম প র ক র গ ন ন ন গ ন ন গ ন ন ন গ ন ন ন ন ন ন ন ন endseq
148469,startseq ক ন গ র র র প শ কর ন endseq
148470,startseq ন র র র ব শ ব র র র র র র র র র র র চ ষ ট কর ন চ ষ ট কর ন চ
148472,startseq ম ঠ ন ড ন ড র ক ব যবহ র ব যবহ র ব ক র ব ক র ক র ক র র প রভ ব ত
148473,startseq ক ন পর চ লক ন দ র ন ন ছ ল ন ন ছ ল ন ন ন র ছ ল ন endseq
148474,startseq ব ন র র ব ব ক ক ক ক জ র গ র ক বল হয় ছ ৷ endseq
148476,startseq ন ন ন য ন ন ন ত র র ন ন ত র ন ন ন ত র ন ন endseq
148477,startseq এপ র ল র ক র ম র র র র য উদ য ন র র য উদ য ন র লস ট র য য র জন
148478,startseq চ ন এব ক ল ক চ চ হ র চ চ হ র হ র র চ হ র র র র র endseq
148479,startseq শ কন ক শ র প র র র র র র র র র র র ন ন ন ন ন ন endseq
148480,startseq পশ র র র র র র র র র প র ণ ব শ প র র র জন য ব যবহ র কর endseq
148481,startseq ন ন ক ক ছ ক ক ক ক ক ক ক ক ক ক ত ক এব এব এব এব ক র র ক ত র endseq
148482,startseq স ত র ক ছ ত ই ত ন কর ন endseq
148483,startseq ভ ম র হ ত হ হ হ ত ব হ ত ব ব হ ত ব ব ব ব ষ ব ব ব ব ব ব ব ত
148485,startseq ঠ ন ড র সময় ক ল ক ত ল ল ত ল ল ত ল ল ত ল ত ল ত ল ত ল খ ওয় ল ত
148486,startseq ন জ র ত ত র ত ত র ন ন ত র র ন ন র জ ত র র জ ত র কর হয় endseq
148487,startseq শ ষ ক র এব সময এব সময র সময র সময ক খ খ খ ন endseq
148488,startseq ভ রত প রথম প ন র প ন র র ন র জন য এখ ন ব ল ল ন ন ন ৷ endseq
148489,startseq র র র র য ন ম র র র থ ন হল ন র র র র র স থ ন হল দ র র র র র
148490,startseq ম ম স ক ম র রত র অন যতম স র জ য র র র র র জ য র মধ য ব স ত endseq
148491,startseq ব ব র র ব ধ য র ব ধ রণত ব শ ষ ট র য ব র র য র র র র র endseq
148492,startseq ক ন ত স র ট র র র র র র অন ক র র র র র র র শ র কর শ র কর endseq
148493,startseq প র ক র র র য উদ য ন র ক য ন য ন য ন য য য ন ল ন endseq
148494,startseq ব যক ত র ক ম প ন ত র প র র র ও ক জ কর ছ ল ৷ endseq
148495,startseq ক ষ ক থ ক ক র ল ল ল র ল ল র ল দ শ দ ল ল ন র ন কর হয় ছ ল endseq
148496,startseq ভ রত র এই ক ক ত ক ক ন ন কর হয় ছ ৷ endseq
148497,startseq ত র গ য় র গ য় ন য় স থ য় ন য় ৷ endseq
148498,startseq ম ক ল ম ম ম য ল ন র র র র র ন র কর ন এব ন ট র ন ন কর ন endseq
148499,startseq ব য থ হয় য থ হয় ৷ endseq
148500,startseq স ত র আম দ র স মন কর য য য ত র ব য য করত স হ য য কর ন endseq
148501,startseq ভব ষ যত ব য র স র য য ও য ও য ও আপন র ও কম য য য করত প র ন endseq
148502,startseq ভ রত য আমর ম ক ড ক ড ক ড গ ড ড স ড স ড স ড স ড স ড ম ৷ endseq
148503,startseq প র য ব র য উদ য ন র ষ ট র য উদ য ন র স খ য ব খ ব ব শ থ ক ৷
148504,startseq ত র বল হয় য হল প র য ক রণ হল য দ র দ ক ন চ খ র চ প প প প র ন ৷
148505,startseq যখন ই দ ন দ খ দ ন পর ক ত স ট endseq
148506,startseq আম র জন য সক ল আটট র একট অ য ল র ম স ট কর ন endseq
148507,startseq ক রণ হ র ব ইর ব র ব র য য় য য় য য় endseq
148508,startseq ক ল ম র ক ত ক র চ র চ র র র র র র র র র ল ল ল গ ল হয় ৷ endseq
148510,startseq প রথম ব তলক ক মন র খব ন এমন মন র খ র ক ক ক ক ক ক ষত ক উপসর গ ৷ endseq
148511,startseq ক র র ক ছ থ থ ক ও থ ক ও এখ ন র র ও এখ ন র খ দ খ র প র endseq
148512,startseq স ধ রণত এক গ র ম ন র আগ র ক র ঘন ট আগ র ক ছ ঘন ট র ক ন খ ন endseq
148513,startseq এই জন য ক ন ক ক র র র র দ র দ ক ন ক ক ক ক ন ন endseq
148514,startseq স ধ রণ ত পম ত র ত endseq
148515,startseq ক র র র র র র গ ছ ল ন গ ল ন গ ল ন গ ল ন গ ন এব ক ন ন ন endseq
148516,startseq গ ল র র ন র র র র ন র ছ ল ন ন র র ক ষ র র র র র র র কর endseq
148517,startseq এই প রসঙ গ বল বল এই ন য বল হয় য স স ন স ন স ন স ন স ন ত র ল ন endseq
148518,startseq এই নদ গ ল নদ র ত নদ ত ত নদ র ত ত র নদ এব পশ চ ম র র র ত ত র র ত ত
148520,startseq আম দ র স ব ধ কর র সময় র ত র ব যবহ র কর উচ ত endseq
148521,startseq ম ক র র ক র ম ধ রণত ন ম ক ষ ত র ক ন ন ক ন ন ক ক ন ন ক ন ন ন
148522,startseq এব ত র প র প র প র র র র র র র প রত র প রত ক র হয় য য় ৷ endseq
148523,startseq অল প স ন ম ন ক endseq
148524,startseq প র র র র র র র র র র র র র ল র র ত র জল র ম ণ জল র ম ত ত ৷
148525,startseq যদ ও আপন ন ত র ন ন ন য ন ন ও ন ও ন ন ও এট একট র র র endseq
148526,startseq শ ষ গ ছ ল ন ত ত ক ন ত রক ত এব রক ত র গ ন ত endseq
148527,startseq পরবর ত বছরগ ল ত র শ শ র র ন ন শ র র র শ র র শ র ন ন ন endseq
148528,startseq গ র র র র র র র র র র র শ র র র র র ব যবহ র কর হয় ছ endseq
148529,startseq ক ন র ক ন ক ন ন ন র ক ন ন ন র র ন র র র ন র ন ন ম র ন ছ ল
148531,startseq প রত য ক স ল য য য ল য ড য র স য ক য র স য ক ট য ক কর ন endseq
148532,startseq ভ রত র গ ক ম ন ক ক ম ম ক ল ম ট র ক ম ম ক ম র র র র র জন য একট
148533,startseq এট ছ ভ রত য় ব শ ষ ক র এট ও এট ক ষ ত র কর হচ ছ ৷ endseq
148535,startseq ম র হল ন র র স র র র স ক র র র র র র র র র র র র র র প র প
148536,startseq আপন যদ আপন র স য য ন য প র ট য ন য স স য ন য য য স হ য য য দ ন
148537,startseq ন ন ন ন ন ন ন ন ন ন ক র র র র র র র র র র ত র র ৷ endseq
148538,startseq স ব স থ য র স থ য র র র র র র র র র র র র র র র র র endseq
148539,startseq ব য র র র র র জল র র জল র স থ ন র র র দ ব র র দ য কর কর ন ন ন
148540,startseq এছ ড় আপন ক কর র জন য ক ন ট ক প ঠ ত প ঠ ন সহজ প ঠ ত প র ন endseq
148541,startseq চ ল ন স য ক ক ন endseq
148543,startseq ম র র র র র র র র র র র র র র র র র র র ভ ম র গ ছ ল ন endseq
148544,startseq ম ট র র গ র গ ন বল হয় endseq
148545,startseq এই পদ ধত ত র র ক র ল য ক র জন য ক ন চ ল ন হব ন ৷ endseq
148546,startseq খ দ য র খ ল য ড য র মধ য ক র র একট একট পদ ধত endseq
148547,startseq ক র গ ন ব শ ষ র ম ন ষ র র অন তর ভ ক ত র স থ ভ ব স কর য ত প র
148548,startseq ন দ ন গ র হল গ ত ত র ত র গ র ত বপ র ণ ভ ম র গ র ত বপ র ণ ভ ম
148549,startseq প র র র র র র র ন র র ন র র র র র এব ত র র র র ত কর endseq
148550,startseq গ ন গ র বর বর গ ন র র র র র র র র র র র র র র র র র র য য endseq
148551,startseq য ক ন ক ম ল ক র ক ক ক র য য করত প র endseq
148552,startseq এট ত ম ন ন ন ন ন ন endseq
148553,startseq ম ম র র র র র র র র র র র র র র র র র র র ন র দ ওয় র endseq
148554,startseq স ত র র স থ র থ ক প র র র র র র র র র র র গ র ন ন endseq
148555,startseq ম ম ন র র গল প গল প ক endseq
148556,startseq প র গ ল ল র প র চ র প র র র প ল উত প দন র ব শ ব শ endseq
148557,startseq olly দ দ দ র দ র মধ য মধ য একট র ল প র জ জ র জ জ জ জ ন র endseq
148558,startseq ত ন ব র র ত ত র ত র ত র ত র ত র র ত র র জ য র র র র ত ব ব
148559,startseq দ দ র জ জ র অভ নয় ত র অভ ন ত র অভ নয ন চলচ চ ত র অভ নয কর ছ ন endseq
148560,startseq একট ভ ল ব ম ম ম ম ল য কত endseq
148561,startseq প ল ব হ ড থ ক ব প ল প র ত রপর থ ক ব র র র র র ছড য় পড endseq
148562,startseq মহ ল র ক ষ ট ক র ন ত র ম ক র ন ত র ত ন ত ন ত হয় আর ন য়ম ত হয় য
148563,startseq র দ র র ক ন ন য ন য ন য ন ন ন য ন গ ল এব ভ র র র ভ গ য ক ন
148564,startseq স থ স থ ত য ত ব খ য ত র ম ত র থ থ ক ৷ endseq
148565,startseq আপন র র ন ন র র ন ন ন ন ন ন ন ন ন র গ র এব ক র র র র র র র র
148566,startseq ক র র র র র ম র ন র ম ত র র ন ন ন র ম ত র স ন য় endseq
148567,startseq স র জ র গ র ন ন র র র র র র র র র র র র র র ন ন দ খ র মত ৷
148568,startseq ত দ ধ য দ ত পর যন ত পর যন ত পর যন ত ত করত প র endseq
148570,startseq প র র র র র র র র র র র র র র জন য ক ছ ত ক ষ ত ছ ছ ল endseq
148571,startseq এরব ক ল ম ট র ষ ট র য উদ য ন র স থ ন য গ র ক র য য endseq
148572,startseq প রধ ন র মধ য প রধ ন আকর ষণ য য য ন য ন য ন য ন য ন endseq
148573,startseq যদ ব র ত হল হল দ ল ল হল হল হল ল গ ল হল হল হল ত ল গ ল ভ ব endseq
148574,startseq এট এখ ন গ য য য য য য য য য ন ত র ত ন ন ন ন ন ন ৷ endseq
148575,startseq ব শ দ র ব ল ল ক ল ল ক ল ম দ র দ ক অবস থ ত রয ছ endseq
148576,startseq আজক র ত র খ র ত র খ খ endseq
148577,startseq ত র র র র র ক ন র ক ন ন ল ন ন ক ল ন ন য গ ল ক র গ কর কর ন endseq
148578,startseq ত রপর ক র র উচ ত ত র র চ ক ত র র চ লক ন র গ কর র গ কর ৷ endseq
148579,startseq ক র ক ত এব ক ন য র ক ছ ক ন ত য ক ত ক ছ ল ন ন ম ল ন endseq
148580,startseq স খ ন র র য খ দ য র স থ য র য র স থ য র র র endseq
148581,startseq এই ৪২৭০ ল র থলথল র ব র র র র র র র র র র র র র র র র হয় য য় ৷ endseq
148582,startseq পর র একট নত ন একট ব যবস য র একট ব শ একট ন ন ন র র র র র র র ব যবস থ আছ endseq
148584,startseq যদ স র ক র র সম ভ বন ব র র সম ভ বন ব র র র গ র সম ভ বন কর হয় ৷ endseq
148585,startseq আখ র ব র র র র ব র র র র র ব র র র র র র র র র র র প রয় জন য়
148586,startseq স স ত র স থ ন দ র ন এব ত র ন ন দ র ন ন ন ত র র ন ন দ র endseq
148588,startseq ক ন ক র ক ত ক ত ক ত স স ত ত ত স ত ত স স ত র ত র ইত হ স ব শ
148589,startseq হ র ও ব ষ ব ও ব ন ন কর র ক ন ব ক ন ক ন ক বছর আগ রহ কর হয endseq
148590,startseq ব শ ব র র চ র দ ব র র র র র র ন র ট ক ট ব ক কর ন endseq
148591,startseq ম ত র ব কম হয় এব ব রক ত র র ব শ হয় ৷ endseq
148592,startseq স ধ রণত ব স ক র স র স র স র য র র র র স ব ধ জনক endseq
148593,startseq আম র ক ছ ক ছ ক ন ত ল ক ত ল ক endseq
148594,startseq য র ম ন র র ন ত র ন র ম ন র র ক ত ক ন র র র র ক র দ র দ র
148595,startseq প প র শহর র প র ক র স ট র স ন দর য ল ল endseq
148596,startseq ন ন র র র র র র র র র র র র র র র র দ ওয় য য় ৷ endseq
148597,startseq ম ন ক ক ন ড র জ য ক য জ ত য য য ক য ন র প রত ট দল র য দল দল দল
148598,startseq আসল এই ট ব য থ ব য থ ত ব য থ ত ত রন থ ক বল হয় endseq
148599,startseq ম র র র অবস থ ত ত র র র র র র স ত র স ট শন র স স ট শন endseq
148600,startseq ছব ন চ ন গ ছ ন ন গ ছ ন ন গ ন ন ন ন গ ন ন ন ন ন ন ন endseq
148601,startseq তব প র র র র র র ত ত ত ত র ত র ত ন ত ন ত ত ত ত ত ত ত কর ন endseq
148602,startseq প জ র দ ন দ র দ ন দ র র প র দ ন ন জ র দ ন দ ন দ য় দ ন endseq
148604,startseq এই দ পশ দ র ক ষ ত র র জন র জন য উপয ক ত endseq
148605,startseq আপন র ত ত জ র স স স থ র খ ব র endseq
148606,startseq স ধ রণত প র ড র র য র র য র র য র র র র র র র র endseq
148608,startseq ক ন দ দ দ ব ন ন গ হ ন গ হ ন দ র গ হ ন র র ও দর শন য খ র মত endseq
148609,startseq শ ধ র ত র ভ ব স থ স থ আর ব জ বন বন ধ র জ বন ধ নয় endseq
148610,startseq গ রহ লয র গ রহ লয স গ রহ লয র ব ভ রত য গ র ত র ভ রত য গ ত ত কর endseq
148611,startseq ফলস বর প ফল র ফল ছ ট আর ম ট আর ম ল এব ক ষ ক ত ও প ষ ট কর হয় ৷ endseq
148612,startseq মহ র ষ ট র র র র র র র র র র শ র র র র ন য র র ন য য য য য
148613,startseq ম মল র বন যপ র ণ অভয রণ হল হল দর শন য হল দ খ র মত ৷ endseq
148614,startseq অন ক ব শ ত র র র র র জল র র র র জল র স বর ষ র জন য জল র য য য য
148615,startseq ত ত ন ত য ন র র ন র র র র র র র র র ব র ব র ব র ব ব ব ব ব
148616,startseq আল ক স র আল ক ট ক ন খ ন endseq
148617,startseq দ শ র র বছর র র র র ন য ন র র র র র র র র র র endseq
148618,startseq এর ফল চ ল ল ক ক ক ক ক ক ক হব ন ৷ endseq
148620,startseq ক র র র ক ন র র ন র ন ন র ন য য য য আপন ক নও ব যবহ র কর ন ত প র
148621,startseq এই ক রণ এই ক রণ প রত বছর এই প রত বছর পর যন ত এই য খ ন স থ ন য ত প র ন ৷
148622,startseq এই স য য র র অন য য য এখ ন অন য ন য ন য ন প এখ ন প ওয য য ৷ endseq
148623,startseq স ল শ র ক ক শ endseq
148624,startseq দক ষ ণ র একট স ন দর য ন য ন স ন ন য ন য ন স থ ন য ন ন ন য ন endseq
148625,startseq ক ম র ন ট র জল র র র র জল র ন ন র র র র র র র র ন ন ন কর endseq
148626,startseq ক ক ট কত ট ক ন কত endseq
148628,startseq এপ র ল র এপ র ল র র র জন মদ ন র জন ন ন endseq
148629,startseq আপন র ন ন র সময র সময র ন র র র র র র র র র র র র র পড পড ন endseq
148630,startseq একশ শ শ শ শত শ শত শ শত শ কত endseq
148631,startseq এই ক র ক ত ক ত ত র ভ তর ত ক ন ন ন ত র ন ন ন য ন ন ন endseq
148632,startseq আপন ক ন ন র র র র র র র র র র র র র র র র র র র র র র ত ত করত
148633,startseq স বর অক ট বর থ ক অক ট বর থ ক স বর থ ক স বর থ ক প র ন র র র র র র
148635,startseq চলচ চ ত রট ২০১৪ স ল র চলচ চ ত রট ভ রত য ন র র র র র য র ত প য endseq
148636,startseq স ই ন ন স ন ন ন ন ন ম র ন ম ন ন ম র ম ন র ম ত র র ত র একট প
148637,startseq ১৯ শত ব দ ত র ব দ ত র ম র ম ত র র ম ত র র ম র স হ স ব দ ব র
148638,startseq গত বছর ক ষ ক ষ গ ল ক ষ ক র র ক র ব ক কর হয ছ ৷ endseq
148639,startseq বর তম ন স থ ন য ক ক ক র স থ র স থ ই র জ র স থ ন র ছ endseq
148640,startseq এই ন ম র র র র র র র ক ন ত ব শ এখনও পর যন ত র র র র ক র endseq
148641,startseq আম ক ট র ন র ট ক ট র ট প র endseq
148642,startseq ক য ল র দ র র ছ ড় দ র এব একট ন র র ন এব গ ল প র endseq
148643,startseq ব দ র র র র ন ন ন ন ন ন ন ন ন ন ন ন ন ন ত ন ন ন ন ছ ল ন endseq
148644,startseq এরব ক ল ম ট র ষ ট র য উদ য ন র র ল র র র র ল র র র ত র endseq
148645,startseq স স ট ট ট ট ট ট ভ ট ট স স স স স ক র ক ষ ট শ র শ র হয endseq
148646,startseq ন ন ন য় র গ ছ ল ন য় র র র র র র র র র র র ন ন ন endseq
148647,startseq ক ল গ ন গ ন গ ন গ ল ন র গ র ক র র র জন য ব যবহ র কর হত endseq
148648,startseq শ ম র ন জ র ক ছ গ স থ ন র জন য মন র র ক ত ত ক ত দ ক দ কর দ য়
148649,startseq ভ ট ট ট র গ ন র র র ত র ত র endseq
148651,startseq ক ন ন ন ন ন ন ন র ক ন র র র র র র র র র ব র র ম ত র endseq
148652,startseq রক ত ত স র র স ত ত ত স ত প ঠ ন হয endseq
148653,startseq দ ব ত য র দ ব ত য় র ন দ র র র র র র র র র র র র র ন ন ন endseq
148654,startseq ক ত ক ত র ন ন ন ও ন ন র র ক র ক ন র ক র ক ন র ক ন ই endseq
148655,startseq প র মন দ র র থ ক প র য য ন য ন য ন য জ য়গ য় স থ ন য ত প র endseq
148656,startseq চ খ র একট বড বড অ শ বড স দ দ হয় ৷ endseq
148657,startseq গ ল র গ র র গ ছ র গ ছ র গ ক ত ত ম ক ত ম ট ম ট ত দ য় প র endseq
148658,startseq স ন ন র র ন র ন ন র ম ন স ন ন ন ন ন ন ন র ম ন র জন মগ রহণ কর ছ
148659,startseq ত র দ র ভ গ ন ম ন ত ন ম ন ত ন ত ন ত ন ত ন ত ন ত র ন ছ ল ন
148661,startseq ভ রত ব ধ ন ত র ব শ ধ ন ত এট হল এট ব শ ব র ব শ ব হত তম জনবহ ল endseq
148662,startseq স র র র স থ র র র র র ক র ক র র র র র প র প ত প র ন ৷ endseq
148663,startseq ভ রত র জ বন ম ন ম র ব স র ব র ব র ব র ব র ব র র র র ক ন ক ন
148664,startseq ক ন ক ন ন ন ক endseq
148665,startseq আপন ক মন কর ন আম ক মন কর ন আম র ক ন ট স প র ত স তট য প ত প র endseq
148668,startseq ব য ঙ গ ল শ র স ব ত কর এই জ বন র ত ত র র দ র দ র র র র র endseq
148669,startseq এখন ত র এখন ব দ য হয endseq
148670,startseq ত ন ল ছব ত শ ল ছব ত ক ছব ত শ র শ র শ সন কর ছ ল endseq
148671,startseq ভ রত র র র র র র র র র র প রথম ব ল র র র র র র র র র র ল endseq
148672,startseq আম মন র এই গ নট র ভ ব র মন কর য endseq
148673,startseq ভ রত র র জধ ন র জ য র র ন দ র র য ন ন দ র র য ন endseq
148675,startseq যদ ত র র ম র র র র র র র র র র র র জন য উপয ক ত স র স র প র endseq
148676,startseq এখন ন ন ফসল র জন য উত প দন র ক রণ ন ন ন হয় ৷ endseq
148677,startseq র জ য র জন য প রত য ন ত য র য এব ত র ন র র র র র র র র র র র
148678,startseq ত ই ত ত র র ব র ট র জ র র র ব র র র ব ব ব ব ব র ত র কর ন endseq
148679,startseq প র গ য় ল গ য় ম ট দ য় দ য় ত গ ল চ ছ ন ন ত ত দ র দ ন ন ন endseq
148680,startseq ওই স ল র গ র ষ ঠ ন গ র ত বপ র ণ গ র ত বপ র ণ endseq
148681,startseq ক র র র শ র র ক ত হল ত র র র এব এব ন র র র র র র ন ন endseq
148682,startseq এই র ত র র র এক এক র র র র এক দ য় endseq
148683,startseq এর জল জল ভ রত র ব ভ ন এব ব ল দ শ র ব র ব র ব র ব র ব যবস থ কর ছ endseq
148684,startseq প র স হ স ব এব স স ক র হ স ব হ স ব হ স ব হয endseq
148685,startseq প র সময সময জ ন endseq
148686,startseq স দ য র র ন ন ভ ন ন ভ গ ন র গ র র র র গ দ র ছ ল endseq
148687,startseq আজ ক ছ দ র র র দ র মন দ র আছ endseq
148688,startseq চলচ চ ত ম ল ত ম ল ভ ন ন গ ন র গ ন র গ ন র গ র ক ন গ র ম ক ত
148689,startseq ক য ত র র র ক য ত প র ন ত হয় য য় ত রপর স র র র সমস য হয় ৷ endseq
148690,startseq এই খ দ র র ক ক ক ক ক ক ক র ব ক র ক ত ক র র ক র ক ত ক র র endseq
148691,startseq ক থ থ ক ক ক ন গ য endseq
148692,startseq আম ক ঢ ক ট র ন র ট ট ক ট ন endseq
148693,startseq য দ য সময স ব ধ র মধ য আছ য র অন ক বড এল ক র অন ক বড এল ক র মন দ র আছ
148694,startseq এই জ য প র র পর চ ত র র র র র র র র র ত প র endseq
148695,startseq ক ন খবর দ endseq
148696,startseq যদ ও এখ ন ও ন বল ও ন য ও বল হয য ন বল হয় endseq
148697,startseq এই র গ ন ন ন গ ন গ ন গ র গ র গ র থ ক র থ ক থ ক ৷ endseq
148698,startseq ন ন র র র ভ রত র প রত য ক ছ ট ছ ল ন দ র র ন দ র ন য ন দ র ন
148700,startseq ভ ন ন র দ ব র ন ন ন র র ন র ন র ভ ষ ক র র ভ ব ত র কর র কর র
148701,startseq এখ ন ত ন ন ন ন ট ন র ন ত আছ endseq
148702,startseq ভ ন পর চ ত র র ট র য র ট র ট র ট র ট ক ট ট ক র ড য য ত প র
148703,startseq স থ ন দ র দ ক ন ন দর এব স ন দর স ন দর স ন দর স ন দর জ ন স ন ন endseq
148704,startseq ন গ র গ ন র র গ র র গ র থ ক ই থ ক ৷ endseq
148705,startseq দ র দ র জ ষ ট র ষ ট কর ছ ন ন র ব ভ গ ন র দ ব ত কর endseq
148706,startseq ম জ র ম র ম র ব ভ রত র ব শ র র য র ব শ ব র ব র ব র ব র ত রয
148707,startseq ন গ ল ন ড ল ন র র জধ ন ক হ ম ক endseq
148708,startseq ন জ র ক ছ ন ন ন ব শ ষ ন ন ন ন জ র ক ষ ত র জ ন ন র র ত র endseq
148709,startseq জ ন ন স ক য গ য হ ত ব চ ত গ ল ব গ ন গ ল ত ব ত কর য ত প র endseq
148710,startseq মন দ রট প র ন ন ন য গ য ন ন ত য গ ন ত র প র ন ত র র প ত কর endseq
148711,startseq ২০১৭ স ল র একট বড বড বড বড ল র র র ড র র ড র ড র র ড র র ড কর ছ ল endseq
148713,startseq এখ ন প র র র চ র চ র চ র চ র চ ছ ল র র র র র র ছ ল endseq
148714,startseq স ধ রণত ক ক ক ন দ ব র র দ র ত ব ত ব ত র ত ব ত ত ল র ত ব যবহ র
148715,startseq ব শ ষ র র র র র র র র র র গ ছ র গ ল গ র র গ ল ভ ব ব endseq
148716,startseq প র য়ই র গ র ক র অথব স র অথব স র র র র গ র ক রণ হয় endseq
148717,startseq ত র পর ত ম ন ত ম ক ত ম ন ত র গ ন ন ছ ল ন endseq
148718,startseq ক ল র গ ল র র র র র র র র র র র র র র র র র র ন র ন য গ কর
148719,startseq ন গ র র ন র র ট র ট র র ন র র ন র র র র র র র র ন র ন ন endseq
148720,startseq ব ব ব র ব ব র ব র ব শ ল র র র অন য আকর ষণ য খ য য য য য endseq
148721,startseq ক ন ন ন ক ট র র র ক ছ একট ছ ল endseq
148722,startseq স স ল র প রথম ছব র প রথম ছব র ল র প রথম ছব ছ ল ন endseq
148723,startseq প স ল স স স স স স স ত র শ র স ব দ শ র কর ছ ল endseq
148724,startseq পরবর ত নট নট নট র ট কখন প র endseq
148725,startseq স র র র ত র ত এব ত র র র র র র র র র র র র র ও হত প র endseq
148726,startseq যদ ত ম র পর শ ষ কর ন ত হল ত ন ত ক ত ক ত ক ত র endseq
148727,startseq আপন র স থ স থ ন য ন র ক ন ন ক চ ন ত এব আপন ক র ড ন র করত প র ন endseq
148728,startseq ক ন ন স র হল ভ রত র ভ রত র সবথ ক উ চ চ ন ল ল স ট শন endseq
148729,startseq এখ ন একট ভ ম উৎসব উৎসব উৎসব উৎসব ম ম ল ম ট হয endseq
148730,startseq মহ ল র র র র র র ক ছ ল ক র র ক ত ক ক ষ ত র ন endseq
148731,startseq ওন র ভ রত য ক ত ত র ছ ল ক ত ক ছ ত ক ত ত র ত র ত ছ ল endseq
148732,startseq জ ন র র র র ল ল ক র ল ল র দ র ল ল র ন দ র ল র ন দ র র ন ছ
148733,startseq স ব দপত র স ল ন এব এব ন এব এব ন ড র দ র র ক তর র ক র র র ক ত কর ছ
148735,startseq ক ন ম র ল ন ন ম ক ন ম ল গ ন endseq
148736,startseq এই প প র ব র র র ব যবস ত র র র র র কর ছ ল endseq
148737,startseq ন ন ন ন ন ন ন ন ন ন জ ন ন ন ন ন ম র ন ম ম ন ন র ম ন ন ন ন
148738,startseq যদ আপন র র র র র র র র য র র র র র র র র র র র র করত প র ন endseq
148739,startseq ত র ব ব ব র র ন ন ন গ ন ও ন গ ত র ক ন কর ছ ন endseq
148741,startseq আপন ক প রত দ ন প র ন ন এব প র র র র র প র র র প র প র প র প র
148742,startseq ল ক র র সঙ গ ত র সঙ গ ত র ল ক র র ত র জন য ল ন র র endseq
148743,startseq গ র ট র য য ট র য ট দল র য য শ র হয endseq
148744,startseq মণ প র র র র র র র র র র র র র র র র র র র র র র র ন ন endseq
148745,startseq ব শ রভ গ ব ম র য ন র ম র র র র র র র র ম র র ম র র র র ন ন
148746,startseq ক থ য ন ন গ ল endseq
148747,startseq ব ল গ ল র র র র গ র র গ র গ র গ র গ র ক ক গ য় ন য় ৷ endseq
148749,startseq ক র র ম র র র র র র র র র র র র র র র র র ম ছ ল ন endseq
148750,startseq ব শ ট র স ট র র পর যন ত চ র র র চ র র র র র র র র ত endseq
148752,startseq প ঞ জ ব র জন য ক ষ ত র ক ষ ত র ম ত র জন য উপয ক ত ৷ endseq
148753,startseq ক ন দ ন র র দ ন র দ ন আম র ম ন র র আম দ র মন কর য দ ন endseq
148754,startseq ন ন ত ন ন ত র র স র র র র র র র ই দরক র ন ৷ endseq
148755,startseq ক ন গ ন র হচ ছ endseq
148756,startseq ব য র য য এব স এব গ য র এব গ য র এব ত র ত র ত র ত ত য ত ত ত ত
148757,startseq ভ ট র ক ব যবহ র কর র ক ত র র র র র র র ক ত র স থ ন ক ষ ত র endseq
148758,startseq ন ন ন ন ন র র ন এব এব ন র র র র র র ন ন র র অন ক ব শ ন ন দ র
148759,startseq ব শ রভ গ ল ভ ল হল স ন র র র এব প র ণ র স র স থ ন endseq
148760,startseq ক ত র র প রধ ন উদ য ন প র য উদ য ন প র ক উদ য ন উদ ভ ন ন ক ত endseq
148761,startseq মহ ল র র র র র র র ছ ল ন য ন য র র য র য য র স থ য য য য য
148762,startseq একট ভ ল ক endseq
148763,startseq ক ন ব র র ব স ব ভ ন ন ব র র ক র ক র ক র সম ভ বন আছ endseq
148764,startseq যদ ত ম নস ক র র র র র র ন ত হল ত বক র র র র র ত ল গ করত হব endseq
148765,startseq খ ল ল য ড ল খ ল ন ল ন ল খ ব র ল র খ ল ট খ ল গ ল গ ল ন endseq
148766,startseq ম র ষ ট র য উদ য ন র র ত র র ম র ত র ত ত এব স ত ত এব ত endseq
148767,startseq ঘন ট একট স ট র স দ ন ঘন ট র দ ন ঘন ট ছ ট ন এব ত রপর একট ক র কর ন endseq
148768,startseq ন ন ক ন র ক র র শ ষ ক ন ন ন ন র endseq
148769,startseq য ন য গ য গ র র গ র র র র র র র র র র র র র র ক জ কর ন endseq
148770,startseq স ন ল য র স য ন য স য ন য য ন য ন য ন য ন ন ন ন ছ ল ন endseq
148771,startseq স তর ত হল ম ম ল য য য endseq
148772,startseq ত র চ ত র অভ য ত র র এব ত র এব এব এব এব এট একট প র এট অন তর ভ কর কর ন endseq
148773,startseq স দ শ য স র স য য দ র স ত য দ খ য য য স র স র স র স র স র
148774,startseq এমন ত ম ন ন কর ন ন ন আপন ক ন জ ন ন ন ন ন ন ন ন ন ন ন ন endseq
148775,startseq ক ন দ ব র মন দ র ন ড র ক ছ ক ন ম ণ ক পর যটন স থ ন পর যটন স থল endseq
148776,startseq আগ ম ক ল দশট য দশট র জন জন মদ ন র জন মদ ন র অন স ম রক ত র কর ন endseq
148777,startseq ক য নস র র ক র দ র র দ ষ ট হয় endseq
148778,startseq যদ আপন ম ন হল ক ক ক ক ক ক ক ক ক ক ক ক একট গ র ম ট র জন য একট গ রহ কর
148779,startseq ড জ ব র ক র ফল হ ত ব য থ থ ক ব য থ থ ক আর ম ত র র গ র ম ত হয়
148780,startseq আপন র ক ছ ক ন ত র ক ছ ক ন ত ক ক ন ত ক ন ন ন endseq
148781,startseq স ধ রণভ ব গ ন র গ ন স গ ন ষ র গ র গ ক ক ক ক ক র গ ল গ ল endseq
148782,startseq এই র থ ক ত যদ আপন র প রত য ন ম ন য আপন ক প রত ম ন য আপন ক ম ন ন endseq
148783,startseq উপরন ত ও জ ন ন ন ন ন ন র ক ক র র অন ক র র ক অন ষ ঠ ন য কর য ত প
148784,startseq ন ত র র ন র র ত ত ত ন র ন ত ত র খ ব র ন ত ন ত ন ত ন উচ ত endseq
148785,startseq অন য ন ন ম র ত র অভ ন ত র র ন ত র র ন ত র র ন ত র endseq
148786,startseq ক র র ক শ ব শ র র র র র র র গ র ম ন ন র গ র ত র ত endseq
148787,startseq এখ ন প র য য য এখ ন প র য এখ ন থ ক জ ন স ন দর শন কর হয ৷ endseq
148788,startseq ফ ল র জ য র র র র র র ন ম র ক ন ন ক ছ ল ন endseq
148789,startseq গ হ ট ট ট র ট র র র র র র র র র র র র র র র র র ন খ ল হয ছ
148791,startseq ন ত র পর ক ক অথব অথব ক ব ব ব ব ব কম হয় ৷ endseq
148794,startseq ভ রত য ২০১১ স ল র আদমশ ম র র র র ম র র র জনস খ য র জনস খ য ছ ল endseq
148795,startseq এট ক ষ ক ষ এব ক ষ র র ষ ত র র ষ অন ক endseq
148796,startseq এর প র য ত ফ ল ফ ল য য ট ল ট ট ট ল ট ছ ল endseq
148797,startseq ভ রত র স র ন র ভ রত র স র ন র স র ন র স স থ ন স থ স থ পন কর হয
148798,startseq ভ রত র র র র র র র র ক ছ ন ন র র র র র র র র র য য গ র তথ য
148799,startseq প র র র র র র র থ ক ও জ র র র র র থ ক জ য়গ য় দ র র র য য য়
148800,startseq ব চ চ র খ ব র স হ য য কর য য কর ৷ endseq
148802,startseq এই প হ স স স ট শন হল স র ষ ট র র ক র র র র র র র র র মধ য একট endseq
148803,startseq খ দ র স থ ল শ র এব শ র ত র র ন ত থ ক শ র ত থ ক endseq
148804,startseq র ড র ক য ম র র র র গ র ত র ম র র র র ত র র ম ক ত কর কর কর কর
148805,startseq প র ন র র য র র র য র ত র র য র ত র র ন র র র র র র র কর ন
148806,startseq আপ ল স র স র ক উচ ত নয় endseq
148807,startseq এই স ল ত র গ র এই অভ ন ত র র র র র র ম র চলচ চ ত র কর ছ ল endseq
148808,startseq শ ক ত র শ র ম র ন শ ন র ম র ন শ ন ম র ন দ র ন ন স স স ল প
148809,startseq এই র র র র র শ র র র শ র র ম র শ ল ত ত ত ল ত ম ল ত ন কর হয ছ
148810,startseq ত ন ব র র ত ত র ত র ত র ত র র ত র র জ ত র র র র র র হ স ব
148811,startseq ম র ব র নবন দর থ ক ব ম নবন দর হল ল ল ন ড র স স ট ল ল ল স ট র দ ল
148812,startseq গ য ন ড য ল র র র র জনস খ য হল স স ত endseq
148813,startseq গ র র র র র গ র ম ঝ ল র র র র র র র র র র য য য ওয য য য য
148814,startseq ক ন র জন য য য ন য স থ ন য র য র স থ প রত প ন য প ওয য য প ওয
148815,startseq ভ রত র ভ রত র র র র র র র র র র র র র র র র র র র ক ষ ত র endseq
148816,startseq ক ন র ষ ট র য উদ য ন র ক ল ম ট র ক ল ম ট র ত ত ত ত রয ছ ৷ endseq
148817,startseq য র প র য ন য ন ন য ন ন ত র ন ন ত র ছ ল ন endseq
148818,startseq ত ন ন র র ন ন র র ন ন র এই র ন র র ক র র র ন র ক র র ন ন ত
148819,startseq আপন র ব ধ র ধ র ধ র ধ র ধ র ধ র ধ র ধ খ ল খ ল ন endseq
148820,startseq ন ন র র র র র র র র র র র র র র র র র র র ভর কর endseq
148821,startseq ত রপর পর র র প রত য ক র প রত য ক জল র প র endseq
148822,startseq বর তম ন ল ল স ট চ ল ন endseq
148823,startseq ব য ত দ র ব ত ত র ত র ত র র ন র ন র ন র জন য ন ক ন ত ক ন endseq
148824,startseq ন কটতম র স ট শন হল স হল ভ গলপ র স endseq
148825,startseq দ শ র র ষ ষ ট র ষ ষ র ব শ ষ র র ব শ ষ ন র ন ত হয় ছ endseq
148826,startseq ব স ত র ন য য য য য ন য ন য র র পর পর য য ন ন পর পর য য ন endseq
148827,startseq অন ক লক ষণ অন ক ওষ ধ ওষ ধ ওষ ধ অন ক ক র হয় ৷ endseq
148828,startseq ল ক র ক ক র গ ছ ন ন ক ক র গ ল ক ন ক ন ক ন ক ন র গ ল ক ন ন
148829,startseq শহর র ক ল ম ট র র র ট র র ট র ট র দ র অবস থ ত রয ছ ৷ endseq
148830,startseq আপন ক ক ছ ক ন ন ন ন ন ন ক ন ন ন ন ন ন ন ন ন য করত প র ন endseq
148831,startseq অন য র র প র ত র প র য র র র র র র র র র র র র ন ত হন endseq
148832,startseq যক ত র র গ র র গ র র গ র র গ র র বল হয় য য় বল হয় পড ৷ endseq
148833,startseq ব ষ ট র ত র ত র স স ক ত র র স স ক ত র র র স হ স ব প র ত র
148834,startseq ব ব দ ব ন ন ন ন ত ন ত ক ন ছ ল endseq
148835,startseq ন জ র র র র কর র জ কর র কর র কর র কর ন endseq
148837,startseq হ হ র ত র ত র দ ব দ ব র ত র দ ব র ন র ক ত ক ভ ত ত ন ন কর ন
148839,startseq প র য়ই এক ধরণ র ম র ন দ দ ওয় হয় ৷ endseq
148840,startseq আম ক অ য ল র ম স ট কর ছ endseq
148841,startseq উচ চ রক ল চ রক তচ প হ ৎপ ন ড র রক তচ প হ দয় র হ দয় র কর endseq
148842,startseq ভ ন মন দ র ভ রত র প র ব ভ রত র র জ য র র জ য র র র মন দ র অবস থ
148844,startseq স ন ন ন শ বছর আগ ত ন ম ন ত র ম ন র র র র র র ন ত ন ত র কর ন endseq
148845,startseq একট স ন ন র র থ ক একট ন ন থ ক একট ন এব একট প র ন এব একট প র ন এব একট প র
148846,startseq ন দ র র ন ন ন ন ন ন ন ন ন ম ন ন ন ন ন ন ন ন ন endseq
148847,startseq ত র শ ল র গ র ষ ঠ র গ র র ক ষ র র ক ন র ন র ম ল ন endseq
148849,startseq য গ য য য থ ক য আপন র থ য থ য য য আপন র য য আপন র র র র য গ রহণ করত
148850,startseq ক ন ক র ক ন ক ক র ক ক ক ক ন ক ন ত ক ন ক ন র প রভ ব ত endseq
148851,startseq ব শ ন ন শ ক র র ক ন ন ন ক ন ন ক জ র ক ন ন র র র র র ন র জন
148852,startseq এট ব স কর হয য জল র পব ত র জল র স ন দর শক ত একট ব র ন র endseq
148853,startseq শ ষ ব শ ষ হল গ র র র র র র র র র র র র র র ষ ত র ন endseq
148854,startseq অন গ রহ কর আম ক ম র ট র ট র ট য ক ট ক ক ব ক কর ন endseq
148855,startseq এর ফল রক ত র র র ত র র র র ভ তর ত ত ত ত কর ৷ endseq
148856,startseq প ষ ট য য ন য য এব ত য য ন য ন য ন য ন য ন endseq
148857,startseq আম ক একট আসন ন একশ চট টগ র ম প চট টগ ল দ খ ন endseq
148858,startseq এর মধ য ব ছ ক ছ ক ছ য র ছ য র য ত র হ ত র endseq
148859,startseq চ ল র ব জ ব জ ব খ খ খ ব endseq
148860,startseq ক ম এব ক ম ম র র ম র র র র র র স ত র স ব স র র র স থ প র ণ
148862,startseq ত ন ন ম র ত ন ন ম প ত ন র ম ন র ম ন র ক ম র ক ম র গ র ম ন
148863,startseq প র র স স থ পন কর র আগ ছ ল স স থ র স ভ ল ভ ব ব যবহ র কর ন ন endseq
148864,startseq ম দ দ দ দ ব র ও অন য ন ত র এব ব র র র র র র র র র র কর দ য় হয়
148865,startseq ক ষ র র র র র র র জন য ব ব র র ব র র র র বছর র গ র র র র র ট
148866,startseq ত র স ধ রণত স য য য ন য গ র ক ষ র ক র পর বর তন র পর বর তন কর হত endseq
148867,startseq ত র ম ন র র ম ত র ক ন র ন ন এব ক ন ন ন ক ক ক ন ত ক ক ন endseq
148868,startseq অন ক র গ র ক ছ য য ন য র ক ছ ট ক র র র র র র র র প প র হত প
148869,startseq গ গ ল ক র গ র ম থ ক ম র ম থ র থ ক ম থ ত র র র থ ত endseq
148870,startseq শ ধ র র র আগ র র র র র র র র র র র র র র গ ন র গ ল উচ ত endseq
148871,startseq ব র র একট ব ড র র ম ল ক endseq
148872,startseq ম ল শ শ ম ল শ কর ম শ শ ব ম ব শ ব ম ব শ ব ব যবহ র কর ন ৷ endseq
148873,startseq আম দ র গ ন র দ র গ র শ র শ র শ র শ র ছ ল endseq
148874,startseq একট ক শ চ র ক র র র দ ক ন র দ ট দ ট দ দ য গ য ন endseq
148875,startseq একট ক র র র ক র ক র এব ব ক র র র র র র ও আপন র ম ন ও প প র endseq
148876,startseq এখ ন থ ক ব দ র দ র স য য য ত প ছ ত প র ৷ endseq
148877,startseq সমস ত এফ এম জ র হ র ত র ম ল ত মধ য ই হ ম র মধ য ই ম হ র ত র endseq
148878,startseq এই প রজ ত র ন য প র য ন য য য ন য প র য র প র ন য প র ন আছ endseq
148879,startseq সক ল র ন ট র র র র র ন ম ন র পর যন ত ম ন র র য য় ৷ endseq
148880,startseq আজ র ত তট য তট য র জন য একট উব র র ব ক কর ন endseq
148881,startseq প র স স র প র য র প রথম স র প র র র স স স স ক র স ম স endseq
148882,startseq প ল ট ট ট ট অফ স ফ ট র ফ ট র ফ ট র ট ট ক ট ক ট ক ট ক ক ক ট
148883,startseq এট একট ক ক ন ক ন ক ন ক ন ন য ন ন ন ন য়ন ত রণ ন য়ন ত রণ ন ন endseq
148884,startseq প র ম হল প র ব র র র র র য় বল endseq
148885,startseq প য য ব ক ব য ব ব য ব ব য ব ব য ব ব য ব ব ব য ব ব য গ র গ
148886,startseq ল ন ল ল ল ল ন ক ত ল ল এব ত র ক ল ল ত র র এব এব ত র এব এব ন ন ন
148887,startseq এর স থ স থ স থ স থ স থ স থ স থ স থ ও আছ ৷ endseq
148888,startseq ব দ ব দ ব গ ন গ র র র র র র র র র র র র র র র র র জন য endseq
148889,startseq স ন ল ল ক ন হয য ন ও ক ন হয ছ ল ন ন ন ন র ম ণ র ন ন ন কর হয ছ
148890,startseq মন র মত ন য র র ন র র বন ধ র র র বন ধ র র র র র র র ন endseq
148891,startseq গ র র গ র র র র র ম র র র ন বছর বছর ক ন ত ব ছ ন endseq
148892,startseq আম ক আগ ম ক ল সক ল সক ল আটট য় আম ক জ গ সক ল আটট য আম ক ন endseq
148893,startseq ম ল র র গ র ফল ও ক র ন য় আর ক র ফল ও প র র র ক ষত হত প র ৷ endseq
148894,startseq গ জর ত গ য ন ন ন ন ন ন ন র ত র র ন র জন য প র ন ত ত ত ত ত হয়
148895,startseq নদ র নদ নদ নদ র ভ ভ রত র ব গ এব ভ রত র ব দ য র র র য র হ য য endseq
148896,startseq যদ ও ব জ র র থ ক প রত র থ ক প রত য ক থ ক প রত য ক র থ ক বড ক র
148897,startseq চ ন গ র র ক ন গ র র শহর র ন শহর র গ র শহর র ন র জ ল র র ন থ ক ছ
148898,startseq ন উম র স ক র স ধ রণ চ ক ত স ধ রণ ব য ন র ব স ব স থ ব ব স থ ন
148899,startseq ট র ক ক ব র র র র য য endseq
148900,startseq জ ন র র দ র ন র র ন ন ন ন র ক ন র ন ন র ক ন প য গ কর ন endseq
148901,startseq গ র গ র ত বপ র ণ র ম র র র র র র জ র র র ম র র ম র ত র ছ ল
148902,startseq ক য গ র র ন র এই গ র র ক র ক ষ ক র গ ন কর ন endseq
148903,startseq প র ক দ দ র ন ন দ র ন র র ন র র র র র র র স থ endseq
148904,startseq দ ট র র ত র ত র ত র ক ত ত র ক র ত র ন র ন র ন র ন কর প র ন
148905,startseq যদ ও ম নস ক র র র র র র র ত হল ব র গ র ত ত র গ র ম ত য স হ য
148906,startseq ক ন গ মন দ রট হল একট প র চ নতম এব য য এট হল সবথ ক বড ভ ল র একট ব শ দ ব র
148907,startseq স ব র র র র র র র র র র র র র র র র র র র র র র ব র কর ন endseq
148908,startseq ক ছ ও স র র র স র র র স র ব র ব র য় ব ব ত র ত হয় endseq
148909,startseq জ ল র ন র র র ব র স র অভ নয কর ন endseq
148910,startseq প রহসন প ল ত ত র ল র র র ল স থ দ র পড ল endseq
148911,startseq হ ম চল প রদ শ র উত প দন র র র র র র একট ব শ র র র র র র থ ক ৷ endseq
148912,startseq আম ক SIP থ ক স এ আম র স ধ যম ট ক ট ক প র endseq
148914,startseq প র য়ই এই গ গ র র গ র গ র র গ র ক র র র র ক র স থ য য য় ৷ endseq
148915,startseq ত র ষ ক ষ র জন য দ শ ষ দ র দ দ র দ ক ষ কর জ জ কর ন endseq
148916,startseq ক ন ন র ষ ট র য উদ য ন ছ ছ র প রজ ত র প রজ ত র প রজ ত রয ছ endseq
148917,startseq এই ক রণ স র র র অভ নয় স র র র তথ য তথ য র জন য এই র গ র ত র আবশ যক ৷
148918,startseq প র থ ত সতলজ ক ম র র ক ছ ক ছ হল ঝ স ন দর ঝ ল ঝ ল ঝ ল ঝ ল ৷ endseq
148919,startseq যদ ও স র স র ন ত র র র র র র র র র র র র র র র য য endseq
148920,startseq দ র গ র ক ল ল গ র ক র গ র র গ র দ র গ র ৷ endseq
148921,startseq ম র ষ ট র ক ন য য কর র এব স ব স র র স ব স ব স প রত য ক ত endseq
148922,startseq স স স ট স স য ক প ল য য গ ল য য গ ল য র ম য গ ল য র জন য ছ
148923,startseq ক ছ ব ত র র ক ত র র র র র র র র র র র র চ ক ৎস হত প র endseq
148924,startseq দ শ র র য ন য ন র ক ক র ক ত র র ক র ক র স থ ন ন ছ ল ন endseq
148925,startseq ন ন ত রক ত র ন ন ত ত প রক ত র প র ন অন ক জ খ জ ন ন endseq
148926,startseq ক ন ক ন ক য ন ন ন ন ন গ য র ন ন ন স ন ন র ন ন ন ন ন ন ন ন
148928,startseq ক ন ত এই স ব ধ র গ ল গ ল গ ন উচ ত ৷ endseq
148929,startseq স ক ক র র ক ক ক র ক ট ক ৫এর স ট র প র ক ট দ ন endseq
148930,startseq আম ক ভ ব স ক ক স ক ল ব ইল প ল য ন ব যবহ র কর ন উইন প র ন ন কর ন করত
148931,startseq ম ন ন র র র র র র র র র র র র খ ব র খ বই স র ত ত হয় ৷ endseq
148932,startseq ব শ ল র র ফল ত র ক ত ক ত ক ক ন ত ব ক ব ক ত ক ত ক ত ব র ত ত
148933,startseq এই গ র র গ র র গ র র গ র র গ র হ দয় র বল হয় য য় endseq
148934,startseq এই মন দ র র র র র র র মন দ র আছ ৷ endseq
148935,startseq ন জ র গ ন ন ন ন জ র ক ছ ন ন ত র ক ন ন ন জ র ক ন ন ন র ক ন
148936,startseq র র র র র র র র র র র র র হয় য য় হয় য য় হয় য য় হয় য য় endseq
148937,startseq ন র র র র র জন য সরক র র ক র র র ক ছ থ ক র র র র দ র ছ ছ ল endseq
148938,startseq ক ন ক ত ক ল ন জ র স ল ক র এব স ল ট র র মধ য একট দল র ল প র ন য
148940,startseq ক ন ন র প র প রত য ক ন গ র ক ন য গ র ক ষ ত র অন ষ ঠ ন অন ষ ঠ
148941,startseq ন ন র পর কল পন কর র পর পর ক র র পর র পর ক র র র র র দ দ দ ওয় হয় endseq
148942,startseq ম ন ম হল একট প র চ ত ত র হ ত দ র সঙ গ সঙ গ সঙ গ ত endseq
148943,startseq পর যটকদ র ন য ন য ন য ন য ন য ন য ন য ন য ন য ন য ন য পর চ ত endseq
148944,startseq ব র র থ ক ব ন র ব ব র র র ব র স থ স বল হয় স বল স বল স বল বল হয় endseq
148946,startseq মধ ম হ র তচ প তচ প র তচ প র হ দয় র গ র র গ র ত প র endseq
148947,startseq ম ল র ব ধ র জন য ব ড ন ত ত হ ত দ র হ ত দ র ত ন endseq
148948,startseq একই ব ব জ ঞ জ ঞত প র প ত র কর ত হল ত ক ষ ত র ক ন ত ক ত ক ত প রয়
148949,startseq হ ল দ র র র চ ল কর র চ ল র কর র জন য ল ল ভ ম স ন ন কর ৷ endseq
148950,startseq ক লহ স হল হল ল হল এপ র ল র স ট র র য য endseq
148951,startseq আধ ন ক ন ক ন ক ন ক ন ক ছ ড ক ন ক ছ ড ক ন ত র গ ন ন ৷ endseq
148952,startseq প রত য ব র র র র র র র র র র র র র ব যবহ র কর ব যবহ র কর হয় ৷ endseq
148953,startseq জ জ গ র জ গ র গ র গ র গ র গ র গ র গ র গ র গ র গ র গ ল করত প
148954,startseq ক ন গ ল র ক ল ম ট র দ র থ ক ল ম ট র দ র র একট প র স ত র স থ
148955,startseq ক ছ শ শ র র শ ষ ক ছ ও কম হয় আর ম র গ ন হয় য য় endseq
148956,startseq এই র ষ ত র র ক র ক র ত র র ক র ত র র র র র র র র ত র ছ ল endseq
148957,startseq ক ন য় র ক প ট ব য থ হয় য য় হয় ৷ endseq
148958,startseq র গ র খ ব র খ ওয় র খ ব র খ ব র খ ব কম ক খ র কম য য় ৷ endseq
148959,startseq প র ন র র র র ন র র ন ন র র র র র জ য র জ ল র জ য র একট জ ল
148960,startseq ফ র র র র র ন গ র র ন ন র গ র র ন ন র গ র র ন গ ছ endseq
148961,startseq ম ত অন ক অন ক প রধ ন প রধ ন একট প রধ ন ৷ endseq
148962,startseq স ব দ র র র স ব স র র র ব ভ ন ন স ব ভ ন ন স ব ভ ন ন ছ ল endseq
148963,startseq অন ক দ র শব দট শব দ র স ক স ভ স কর endseq
148964,startseq শর র র শর র রক ত র রক ত র রক ত ত রক ত র রক ষ ত র র প রত ক ষত হয় ৷ endseq
148965,startseq ত ত ত ত ত ত র ব শ ষ ক র ক ক ক ত ক র র র র র র ব ব ব ব ব যবহ
148966,startseq স ন দর এট ছ ল ছ ল আর এট খ বই স ন দর স ন দর ছ ল ৷ endseq
148967,startseq ত র র র র ম ঘল স স থ ন র স থ ন র স বর ণয গ ল endseq
148968,startseq ইউর প এব এব ক ষ ট র ক ষ ট র য ন র ব র ব র ব ত ত ত ত ত রয ছ endseq
148969,startseq জ ন ন র স থ ন প র স ট র প র ট র জ ন র র র ন endseq
148970,startseq ব শ রভ ব ক ক ক ষ ক ষ ক ষ ক ষ ত র ষ ক ষ ত ব ড ত প র ৷ endseq
148971,startseq আম জ র ছ ল ন একজন স ন একট ছ ল ন ত ক ত ক ত ক ত ক ত র ত র ত ক ন ত
148972,startseq ড ঙ গ র গ র র র র র র র র র র র র র র র র র র র র ছ ছ ল ৷
148973,startseq ক ক ত ক ত খ খ ন ত ত র খ ত য ত র খ য ত প র য ত র র য endseq
148974,startseq ক ষ ক র গ ন ন ন ন গ ন ন ন গ ন ন ন গ ন র ম ক ছ ল endseq
148975,startseq এই ত ত শ ষ ব দ শ র র ট ক ট ক ট ক ট ক ট ক ট ক ট ক ছ ল endseq
148976,startseq দ ল ল থ ক ল ল ল ল থ ক ল ল ল র র র র ব ব ব ব ব ব আছ ৷ endseq
148977,startseq ন ন ন র ন ন ন শ ন র জন য ন খ ন র খ ন endseq
148978,startseq যদ আপন খ ব র খ ব র ন ন ন ত হল খ ব র ন ন ত হল ন খ দ খ দ য য য ন
148979,startseq স স ক স ক স ক ত ক স স ক ত র র ন ন র স ন ন র ন ন ন endseq
148980,startseq য র মন দ র র য য র র র র প র ন য ন র র ন য ন র ন প র ন endseq
148981,startseq স ই য য় য স থ ক ও ও দ ক কর ৷ endseq
148982,startseq এই ফল ক ষত গ য় য য় য য় য য় য গ য ক ক ক ক ক ক ক ষত কর হত প র ৷ endseq
148983,startseq ত ন গ ল র র গ র গ র গ র গ র র গ র র র র র র র র ন র দ শ কর
148984,startseq এই ব ধ ব শ ব র ব র ব র সবথ ক ব চ চ র ব ব চ চ র ব শ ব র endseq
148985,startseq র র র র র র র র জন য এই জ য়গ য় ম ন র স ক ন কর ন endseq
148986,startseq আপন র নত ন ক নত ন য গ র র য আপন র র র য আপন র র র র র র র র র য য
148987,startseq প র ন প র ক ছ প হ ড ও অন য ন ও স স ল ত র স গ রহ লয আছ ৷ endseq
148988,startseq ফ ল য য ন ড র সময এব ত র র র র র র র র র র র র র র ত র endseq
148989,startseq ব ব ব দ ম র ম র ব ব র র র র র ম র অভ ব ত ছ ল endseq
148990,startseq গ ল র র র র র র র র র র র র ন র ন র ন ন স ন দর য য ন কর endseq
148991,startseq ক রল র এব ক র র র র র র র র র র র র ক ছ ল ন endseq
148992,startseq প রধ ন ক ল ল প র ন ন ন ন এব ক ন এব ভ ত ক প র ন endseq
148993,startseq ঢ ক র র র কত কত ট র কত endseq
148994,startseq আম র জন য র জন য ন ড র র জন য একট উব র ট য ক স ট য ক স ব ক কর ন endseq
148996,startseq ক ল ল র ক র গ ল ক ন দ ব র গ র ক ন গ ল ব ন দ ব র ল ক ন দ র
148997,startseq ন র র র র র র র র র ন ক র র র ন ক র ন ক ন ন এই ন ন ন ন ন ন
148998,startseq অড ওব ক প ল য র র উম কর র কর ন endseq
148999,startseq মহ স ল র মহ ল দ শ র মহ ন মহ ল দ শ র স হ য য য কর য য য য endseq
149000,startseq এট ক ত ক ত র র র ত র র ন ত র ত র ত র ত র ত র ত কর ত endseq
149001,startseq আম র পরবর ত ম ট আগ আম র দ ন র আগ আম ক একট দ ন endseq
149002,startseq ক ন র র র র র ম ঝ ক র য য র র ম ন য ন ন ত ছ ল endseq
149003,startseq হ ল র ক র শ খর হ ত য হ ত য গ হ য দ র হ স দ ধ হ হ র প প র endseq
149004,startseq এই অবস থ ত র র থম ক স র র র র র র একট দল র একট দল র র র র য য য endseq
149005,startseq ত ন র র র র ন র র ন র র ন র ন র ম র ন র ন র ন ন ন ছ ল ন endseq
149006,startseq আম ক আম র ক ছ ক ছ খ ন ব র খ খ ন endseq
149007,startseq আপন র ক ক ক র র র র র র র র র র র র র র র র র র ব ধ ক ত দ র
149008,startseq স ধ রণ ধ রণ স ধ রণ জ ন স র জন য প ষ ট প ওয য য endseq
149009,startseq গ ট র র গ ছ ল ন ন গ ল ক ন ত র ন ত র ন ন ম ন ক ন গ র ন ন endseq
149011,startseq উত তর উত তরপ র ব শ জনস খ য র জনস খ য র র র র র র র র র র endseq
149012,startseq ত র ত ত ত ত ত ত ত ল ত ল ক য় চ ল র য় আর ম র উচ ত ত endseq
149013,startseq যদ ও স র র র র র র র র র র র র র র র র র র র র র র endseq
149015,startseq প র চ নক ল ক ল ম ল ল এখ ন ব শ বড বড বড বড ম ল হয endseq
149017,startseq দ ল ল ল ম ন থ ক ম ম ন র র র য ওয র জন য ব ন ন ব ম নবন দরও আছ endseq
149018,startseq ন ন র র র র ত র ত র ন ত ত র ন ত ন ত ন ত ন ত ন ন endseq
149019,startseq ন য ন র জন য একট নত ন ন ন র র ন ন ন র র ন ন র র র র র ন ন endseq
149020,startseq ক দ র দ ক এব ক ছ ক ক ক ষ ক র ক ক ক ক ক ক ক ক ক ক ক ক জ কর ক
149021,startseq মহ ন র ষ ট র য উদ য ন র ক ন হল ন ক ল ম ট র আর ক ল ম ট র দ র অবস
149022,startseq কখনও কখনও প ন র স থ ই ব জ র র র র জ র ব ব ব র আস ৷ endseq
149023,startseq এই ভবত এই র য র র র র র র র র র জ য র র ক র র ক র র ক ন ত কর ছ
149024,startseq প র ক র ক ক ত স গ র প র গ র স গ র ম ত র গ ণ ড গ ণ ড গ ছ endseq
149025,startseq এছ ড ও প হ ড র প র ন ন র শ র র ন ন র র র র র র র র স থ ন আছ
149026,startseq ন ন য় ন গ ন ব ব ব র ব ব ব র ব র র ব র ব ন ন ন endseq
149027,startseq একব র প রত ট পর র র র র র র র র র র র র র র র র র ন য ক বল য য়
149029,startseq কলপ ট ট ও স য ন য ও প র য র য ওয য য endseq
149030,startseq ত রপর প র ন য র স ন ত ত ত ল ত ত ল ত ত ল ত ত ল ন endseq
149031,startseq র র হল শ র র ন ন র র র র জধ ন র জধ ন endseq
149032,startseq এইচআইভ স র র র র র ব যবহ র কর র স থ ন র র র র র কর র য় endseq
149033,startseq ক ন র ক ছ স ম র ন ম র ন ম ন ন ন ম শ ন ম শ ন ন endseq
149034,startseq প থ ক প র প র প ন প র ন ভ ন ন র র জন য ভ র র জন য ব যবহ র কর হয়
149035,startseq প র র ব য থ ক ব য য় য র ব জ ব জ ব জ ব হয় ৷ endseq
149036,startseq প ত র র ক ত ত র র ত র র র র র র র র র র র র র র দ দ ওয় হয় ছ
149038,startseq স ন ন র ন ন ন ন ন ন ন ন র স ন ন র ত র ত র ত ন য য ন ৷ endseq
149040,startseq স ব শ ষ র র ব শ ষ প রত য গ দ য স হ য য য য য য কর ন endseq
149041,startseq ক র ম লয ব শ বব দ য গ য ঙ গ র ম ন গ র ম ন গ র ম র গ য ছ ল endseq
149042,startseq প র এব ক ল ক র হয় য য় ত ল র ন হয় য য় endseq
149043,startseq প র ট র ন র র র র র কর ছ এব ক ন গ র ন ন ন ন endseq
149044,startseq ব র ন র ব শ ব র ক ত ক ত ব শ বব দ য ত র ব শ বব দ র গ রহ লয আছ endseq
149045,startseq এই জন য ন ন ট ট ট য য প ট য থ প প রণ য য প প র endseq
149046,startseq ক ম ক ল ম ট র র র র র র র র র র র র র র র ত য ত কর endseq
149047,startseq আপন র ক ন য র র র র র র ন ন র র র র র ন জ র ন ল ন ত করত প রব ন
149048,startseq ম র ন র র র র বর ণন কর ন র র র ন র ক র ক র র ক র ন ন endseq
149049,startseq এট ন চ ক ত কর র ন ন ন ছ ল ন ন ন ন ন ন এব ব শ কয কট ভ ন ন ব শ ন
149050,startseq প র য র র র র ক ন কর ন endseq
149051,startseq খ ব র প পর র প খ ওয় র পর প র র র র র র র র র র র র ব যবহ র কর হয়
149052,startseq ত ম ক আম ক ক ছ কফ প র ন endseq
149054,startseq নদ ন র র র ম র ত ন র র র র র র র র র র র ন ন ন ন ন ন endseq
149055,startseq র জ য র র তর জ ত য র র জ য র র র কর ত র কর ত র র ত র র কর ত কর
149056,startseq গ য য র অন য ক ছ গ ছ র ক ছ ক ছ ক ছ ভ ল র দ র র ভ ল দ দ য য়
149057,startseq প র বর বর গ ল ম ট র র কটতম ব ম নবন দর হল প র ক ক ক ম র ম বকম ম বকম ম ৷
149058,startseq আজ র র র গ র ক ক চ ক ৎস স র র র র র র ব যবহ র কর ব যবহ র কর হয় ৷ endseq
149059,startseq ক ন র র র ত ত র ব শ ত ন ত ন ত ন ত ন ত ন ত র র ন ন দ র ন ন
149060,startseq ক ন র ষ ট র য উদ য ন র ক ল ম ট র দ র শহর হল ম ট র endseq
149061,startseq ত র র র এই প র য র র র র য র র র কর হয ছ ল ৷ endseq
149062,startseq ক ন ত এই ভ রত র স থ র র র র র র র র র র র র র র র র র র য য
149063,startseq ব য য় ম ম ব য য় ম ম ব র য় ম ত র বন ধ হয় এব ত জ বন ব শ য় য় endseq
149064,startseq এখ ন বন র ব শ রভ গ ব শ রভ গ ম শ ব শ ম ন র বন যপ র ণ বন যপ র ণ বন ধ
149065,startseq চলচ চ ত রট ২০১৪ স ল র ট ট র র জন য ব শ endseq
149066,startseq য ক ত র র র র র র র র ক ত ক র র র ক র র ক ত ক ন র র র র র
149067,startseq ন ন ক দ ব র র র র জন য এট একট আদর শ জ জ য endseq
149068,startseq খ দ র র র র র র ত র কর র সময় ন ত র কর র সময় ক ষ কর এব শ শ ষ কর ন endseq
149069,startseq ত ল র য় র ব র য় র গ ন র ন ওয় র জন য ন ওয় র জল র স থ ন উচ ত নয় endseq
149070,startseq গ র র র ক ছ র র র র র র র র র র মন দ র র প র উৎসর গ কর endseq
149071,startseq স দ ধ র ত ত ত ত ত ত ত রয ছ ৷ endseq
149072,startseq দ র দ দ থ ক দ র থ ক ৩২৭ ক ল ম ট র দ র অবস থ ত রয ছ ৷ endseq
149073,startseq দ শ য র ল হল ন দ র জ ল র জ ল র জ ল র অবস থ ত endseq
149074,startseq এখন আমর অন ক ল গ ছ র ক ছ ড ক ছ ড ও য গ র ক ছ ড ন ট ক ন ন endseq
149075,startseq এট ধ রণ নয় নয় নয় এই র রক র র র র র র র র র র র র রক ষ কর ন ৷ endseq
149076,startseq ক য ল ন ড র ম ছ ফ ল endseq
149077,startseq এই সমস ত ক রণ হ ত হ ত প হ ত ক রণ প প ত প ত কর ৷ endseq
149078,startseq ক ন ওষ ধ র র র র ফল ব র র ফল ব র র র র ব র প ওয় য য় ৷ endseq
149079,startseq যদ র পর বত র ন খ খ ন ন য ত দ খ খ ন আপন য ব ন ব ব ব ব ছ ন endseq
149080,startseq আম ক সময সময দ ন endseq
149081,startseq ব শ র র র র র র র র র র র র র র র র র র র র র র পর শ র কর দ
149082,startseq শ র চ র চ র র ত র সরষ র ত সরষ র ত র ত র শ ল ত ত য় ৷ endseq
149083,startseq প র র র র র কর র প র ন কর র ন য য য কর ন য ন র ন র ন য য য কর
149084,startseq প ট ক র ন ন র ম র র র র র র র র ব র র কর endseq
149085,startseq ক ক স র ক র স ন ন র র ক র ক ক ক ক র ক ক র ক ন ত ক ন ত ক ন
149086,startseq দক ষ ণ প ন য ন ন স ক ন ন য ন ক ন ন র র হল ক ট র ট র ট র endseq
149087,startseq স ল ট র র র র র ম র র র র র র র র র র র কর endseq
149088,startseq এই ভ ব ল ক ল ক ছ দ য ন য ন য ন য ন ত ক ত র ন ম ন ন ন প ওয য
149090,startseq স ব দ থ ক র র র ক ছ ক ছ endseq
149091,startseq র ষ ট র য ন র র র র র র র র র র র র র র র র গ র গ র গ য গ
149092,startseq ত ম ম ন ত ম ক ম র দ ক ন দ র ভ ম ক ন দ ব র দ দ দ ম ভ দ ন endseq
149093,startseq ন ন র র ব ব ন র ব ন ন গ ল গ ন endseq
149094,startseq যদ ও গ র র ন ন র গ র ম র ন গ ল ক র র র র র র র র কর ন endseq
149095,startseq ত ন ম ম র ম ম ম র ম ম র র র র র শ র শ র কর ন endseq
149096,startseq আমর ক ন র র র গ র ত র জ র গ ছ র জ জ প প র ৷ endseq
149097,startseq ভ ইর স র গ র গ র গ র র র র র র র র র র র র র র র র গ র গ র
149099,startseq য ক য র র র য ন ন এব য বল ন য বল হয় endseq
149100,startseq যদ আপন র শ শ শ র ত ত ত র প র র র র র র র র স থ ন য় ব জ র প র
149101,startseq একট ক র র র র র র ন য য ম ন ক ন য য ন ক ন এব ম র র ন র ন য য
149102,startseq ফ ল ল ল ল ল ত ল আর ব র ক ষ হয় হয় endseq
149103,startseq সমস ত সর বশ ষ সমস ত সর বশ ষ প ল ল স ট ল ল স ট কর ন endseq
149104,startseq আপন ক আম র ব র একট ইম ইল প প প র ন endseq
149106,startseq প রত যক ত ত ব যক ত র র র র সময় র র কর ন ৷ endseq
149107,startseq প রথম প র র র ম র ম র ত র র র র র র র প রধ ন ব শ ত ছ ল endseq
149108,startseq স স থ ন ক ক ক স থ ক র র র র র র র স থ ন কর endseq
149109,startseq এট জ ন র র র র র র ম র র র র র ম র র শ র র র ল র য় endseq
149110,startseq শহর তর জ ত ক ত ক জ ত য র য র য র র র র ব ভ ল দ ত র endseq
149111,startseq পর বত র হণ র স থ য় ক ক র র র র র র র র র র র সম ভ ন ত য ত প র
149112,startseq ম র ক ন ম র ন ম র ন ন ন ন ন ন গ র র ক র র এক গ র বল endseq
149113,startseq প র র থ ক ই থ ক ব র র র ক রণ হল এই সমস য ক ন র র প র ন ৷ endseq
149114,startseq ন র র ন ন ন ন য ন য ন য ন য ন য ন য ন ত endseq
149115,startseq সম ভবত র র র র ক ছ ট ছ ল র চ ছ র ছ ল ক ছ ক ছ স ক র র ক ছ endseq
149117,startseq অন ক ত ত পম ত র য য ত ত ত ত ত ত ত ত ত ত র র ত ত র endseq
149118,startseq চলচ চ ত র র র র র ট ট ট ট ট ট ট ট র ট ম ট র ম ট কর হয ছ endseq
149119,startseq ন জ ন গ র শহর র ন ন ন র র ন জ ন ন র ন ম শহর র ন ম ন endseq
149120,startseq আম র সক ল ন ড র ম য ল ন ড র থ ক ম ছ ফ ল ন endseq
149121,startseq এখ ন ব ম র অন ক দ খত প ওয য য endseq
149122,startseq ক ন ভ রত র গ ল র ম লন ড ত র ম ল র জ ল র ক ষ ত ক ক ষ ত endseq
149123,startseq দ ন ন ত ক ক ন ত ত ল ল ন স ন ন ন ত র ল ন র র র খ ওয় য য় ৷ endseq
149124,startseq ক য ন র ফ ন র র আম র ব র র র র আম র ব র ব যবহ র কর ন endseq
149125,startseq প ল য গ ল ব ধ র স ধ রণত ব শ ব স ন ন ব শ ল ন র ন ন ন endseq
149126,startseq স স ল ব যবহ র যবহ র যবহ র কর ব যবহ র প খ য য় endseq
149127,startseq স থ স থ স থ য় ম ত র য় ৷ endseq
149128,startseq কয ক স ত র ত র ত র endseq
149129,startseq যদ স র ত পম ত র র ত পম ত র র ত র র ন ত হল ত ন ত হল ত হল endseq
149130,startseq সপ ত হ ত ত ত দ র দ ন ত ত দ র ন ত ত নট দ খ আছ endseq
149131,startseq আম র চ রপ শ ক ক ন ক দ খ আছ endseq
149132,startseq ন গ য ন ন য ন স ন ন স ন ন স ন ন স ন ন স ন ন স ন ত র স থ ন
149133,startseq ক ন র র র র র র র র র র র র র র র র র র র স থ ক ত রয ছ ৷ endseq
149134,startseq এই ধরণ র ট র র র র ব শ শ র র ন ৷ endseq
149135,startseq দ ব র র ষ ট র য উদ য ন র র য ন র ক র ক র ক ষ ত র ক ছ ল ন endseq
149136,startseq আম র পছন দ র থ ক একট গ ন চ ল ন endseq
149137,startseq স র ব দ র র র ত র র ক ছ ক ছ ট র র র র র র র র র র র ত হয endseq
149139,startseq স হ স র ক র র র র র র র র র র র র র র র র দ খ দ য দ খ র দ
149140,startseq দ র ত ত ত ন ত ন ত ন ব শ থ কব ৷ endseq
149141,startseq ব ভ ন র পর যটন স র পর যটন স র পর যন ত স স স থ য য য ৷ endseq
149142,startseq ত লস র গ ল র গ ল র ত ল গ ল প ত র প ওয় য য় দ খ য য় ৷ endseq
149143,startseq এই স থ ন ক ল ক থ ক ল ম ট র দ র অবস থ ত রয ছ ৷ endseq
149144,startseq যদ আপন র ন ক ন ন ক ন ন ন ন র গ ল ন র আগ ও ক ন ন ন endseq
149145,startseq ক ন র র র র ন ন ন ন য য র ন ন ন ন য য় ন ন endseq
149146,startseq আম ক শ ষ ঘন ট য ক ন ইম ইল প য ছ endseq
149147,startseq ম ল প র র ত র র র ত র ত র ত র ত র ত র ত র র র ব যবহ র করত প র
149148,startseq ক ন দ র দ র এব জল র ষ র ষ র ষ ষ র ষ ষ র ষ ষ ঠ ন ষ কর endseq
149149,startseq ক ন র ন ন র র ন ত র ন ন ত ত র ন ন ত ন ত ন ন ত র ন ন endseq
149150,startseq এট ন গ হ ন দ ব হ ন দ র ন ত চ ন ন ত র চ ন ত র র র র জন য endseq
149151,startseq ২০১৪ স ল ত ন র র ন ম র স র র র র র র র র র র র দ খ য য endseq
149152,startseq ক ল র র র র র র ব শ র গ র এব গ র এব গ র হল ন র র খ দ য endseq
149153,startseq স ক হ র ক ক ক রণ হল এই ওষ ধ হয় য য় তব য থ হয় য য় ৷ endseq
149154,startseq ম হল হল হল শ র র র র র এব এব এব এব র মধ য একট র মধ য একট endseq
149155,startseq জ ন র জ ল র হল একট জ ল র একট জ য র র র র ব শ বব দ য র ব র ব ত endseq
149156,startseq আপন য ন ড ল প র ক ন প র র র ন র র র র র র ন র র র র প র ন ৷
149157,startseq পরবর ত ট খ র স র র র স থ র র স র র র র কর য ওয য য endseq
149158,startseq আম র এই সপ ত হ ন ত র র র দরক র endseq
149159,startseq ন ন ত র র র র র র ল র র শ র র র ল ল র ল ল ল ল র র র র ল endseq
149160,startseq র র র র একট ছ য র য য এট একট শ র র র র শ ষ ট র স র র র শ ষ কর ন
149161,startseq ঠ ন ড র ক ক ক ক র স র ক র স ক র স থ য য ত স র ক ত হয় য য় endseq
149162,startseq আপন আপন র র ন য ন আপন র র ন য আপন র আপন র র য আপন র র র র র র র য গ ল
149163,startseq পশ দ র থ ক য ন ন ন ন ন ন ন ন ন ন ন ন ন ন ন ন ন ন ন ন endseq
149164,startseq ব শ র ক ন দ শ র র শ ল শ র শ ল র র ন ন ন দ শ য ত র ন ন ৷ endseq
149165,startseq স থ স থ স থ স থ স থ স র ন র পর ব শ র ন ক হব য ব endseq
149166,startseq ভ ল র র ল হল দ ব র মন দ র হল ভ রত র ব শ ব র ত বপ র ণ ভ ব মন দ র
149167,startseq দ ত ব ন ন এব ত থ ক ক ক ত ক ত ক ত ক ত endseq
149168,startseq একট ম ম ন ম ন ম ন ম র র র র র র র র র র র র র র ন endseq
149169,startseq সমস ত স ন ন র ক ন র ন ক ন ন ত র ন ন ন ন ন ন ন ন ন ন endseq
149170,startseq এই জন য র র র ক ছ ক ক র র গ র ক ছ ক র গ র ক ছ ক কম য য় endseq
149171,startseq মহ র ষ ট র র অন য র র র প র ণ র প র র র প র প র প র র গ র আছ
149172,startseq প র ব কম বল র শ ব র হব ন ব শ হব ন ব শ ব স থ স থ থ ক ব শ endseq
149173,startseq প ঞ চল প রদ শ র প রদ শ র র জধ ন প র প র গড endseq
149174,startseq চ ক র র র থ ক ক র র র থ ক শ র র ক র স থ ক ত স থ ক ব র ন ত
149175,startseq স ন র ও ক শ ও ক র র র ব স হ স ব দ ব র দ ব র দ ব র endseq
149176,startseq আম জ মস ত ম ক ছ ভ ল ভ স endseq
149177,startseq যখন গ ন ন ন ক ন ক ন য খ ন ক ন দ র র র র র র র র প রত endseq
149178,startseq এই ব র র প রক ষ র র র র র র র র র র র র র র র র ল ল ল endseq
149179,startseq আন তর জ ত ক ত র জ ত ব দ য ন ন ন ন ন ন ন ন ন ন ন ন ন ন ন য ন
149180,startseq সক ল র ত ব য থ য় এব ব ধ রণত দ ট ব ধ রণত ব র সন ধ ধ য় endseq
149181,startseq ভ রত র ক ট ক ট ভ রত র ক টর জম ত র ক র স ক র স ক র র ক ট র ক র
149182,startseq অ শগ রহণক র স য স ল প ল য স র য র স য ন য য য় ত র র য য় য য় প
149183,startseq ক ন ন র র ন র র গ ন ন ন র র গ র ন ন র র ন ন ন ন ন ন ন endseq
149184,startseq আম র ক ছ ক ছ র খ ল র স থ ত endseq
149185,startseq যদ ক নও জ ন থ ক পর যন ত পর যন ত হল আপন পর যন ত পর যন ত আপন ক ভ ল প প র ন
149186,startseq গ র র র র জন য ক র র ট র জন য ভ ল ভ ল ৷ endseq
149187,startseq স ন ম ন ন ন ন ন ন র ম ক ক ক ক ক ক ক ক ক ত ক ত ম লন কর ছ endseq
149188,startseq ত র ভ রত র জন য ন জ ন ম ট ম ট ম ট ম ট ম ট ট ট ন ড ন ওয় উচ ত ৷
149189,startseq এই মধ য অন ক ত ত য র অন য ন এব য য র র র র র র র র র র র র রয় জন
149190,startseq ক ন র ক ন ন হয় গ ছ ন ন ত র ন ন ত র র ন ন endseq
149191,startseq ত ই ক শ ধ ম শ শ শ থ ক প র শ শ প র প র হত প র endseq
149192,startseq ন গ র গ র ভ রত র গ ন র জ য র ক ন জ ল র গ র র গ র র ল ল র একট
149193,startseq আম র আল আল চ ই endseq
149194,startseq স ব ক র ষ ট র য উদ য ন হল স ব র র র র জন য ব ল প র ব র ব সস ত
149195,startseq আম ক ল ল জ ল ক ক ক ক ক স ক ক ক থ য প ত প র endseq
149196,startseq ক ন ন র র ন য ক ন ন য ক ন ক ন ত র ক ক র র ক ন ত ক ছ endseq
149198,startseq ক ন র ন ন ন ন ন র ন ম ম ন ন ন ন এব ন র ম ন র ন ন ন ন ন endseq
149199,startseq একট গ য ম স ত র সঙ গ ত ত র সঙ গ ত র সঙ গ ত র সঙ গ ত র জন য ন ত ত
149200,startseq এই ম হ র ভ ল একট ভ ল স ম র ম স ক endseq
149202,startseq ক ষ ত র র র ন ন ন ন ন ন ন ন ন ন ন ন ন ন ন র ট এব ন র র র endseq
149203,startseq এট ন হ ন র র জধ ন র র জধ ন পর চ ত endseq
149204,startseq আম দ র দ র দ র র য য র র র য য র র র র র র র র র র খ ব র endseq
149205,startseq পশ চ ম ম ম ম ম ম ম ম ম ঝ ম ঝ ম এব নদ র ম র এব এব ন ম র ছ endseq
149206,startseq ক ন নগর শহর হল স দ র র র র র র প র প র প র endseq
149207,startseq ক ম ল ল র অ য ল র ম ল ল ক endseq
149208,startseq এই প র র র র র র র র র র র র র জস ব স র র র র র র র র র য ছ
149209,startseq ত দ র র র দ র র র র র র র র র র র ম ন র র র র ম ন য ম ৷ endseq
149210,startseq এই তর ষ ক র র র র র র র র র র র র র র র র র র র র র endseq
149211,startseq বর তম ন ত র জন ত র endseq
149212,startseq ন জ র র র র র ত র ম ত ত র র ত র ত ম র ত ন ম র ত র জন য দ ন
149213,startseq প র র র র র র র র র র স থ ক ও জল র দ য় দ য় ন য় ন কর য য় endseq
149214,startseq স খ ল স স স ল জন ম ত ত স স ক ত র র র র র endseq
149215,startseq দ ল ল র বর তম ন ব দ ব র র ত র ব দ ত র ম ন ন ৷ endseq
149216,startseq উদ য ন র র য র র য র র র র র য র র র র র র র একট ব শ ল প র র
149217,startseq জ ন ন ন ত ক ন ন ত ত র ন ন ত ত র ন ন ত র ন ন ন ন endseq
149218,startseq স ম ম বর ম ন ষ র র ম র একট ম য র র ম র র র র র ক ন ত র র ন ত
149219,startseq ২ বছর বছর পর আপন র চ খ ন চ খ ন ন য়ম ত কর ন ৷ endseq
149220,startseq এই প র য র প র ট এই প ট ট ট ক ট ক ট র ৷ endseq
149222,startseq স ক ক ছ আপন র র ক ন ক ন ত র র ক ন ত র র র র খ ব র endseq
149223,startseq এট প রত বছর পর যটকর বছর পর যটকর আস পর যটক আস endseq
149224,startseq হ ল থ ক ক ল ল ম ট র দ র ক ল ম ট র দ র অবস থ ত রয ছ ৷ endseq
149225,startseq ম র ন ন ন ন য ন ন ন য ন র ক ন ন ক ছ ন ন ক ছ ন ক ন ব র ন ক
149226,startseq সব জ সবজ সবজ এব সবজ র জন য খ বই উপয গ ৷ endseq
149227,startseq ক ষ ভ রত র ব ভ ন ন ভ রত য় ব শ র ভ রত য় ব শ ব ভ ব ক র প ত ত কর
149228,startseq প র চ ন ত স থ ন ত র গ র ম র ব ব দ র র দ র ব র য় endseq
149229,startseq র জ য র র র য র র র র র র র র র র র র র র র র র স ত র দ র
149230,startseq স ধ রণত স র স র স থ র র য র য র ত র অন য ন ত ক ত স থ ও ও হয় endseq
149231,startseq যদ য ন ক ক ন ত র ক ন আপন ক ন ক ন য য ন ক ন ন ন ন ন ন ন ন ন ন
149232,startseq এট ন ক র ক ক র ক ক র ক ক র ক ক র ক ক র র র র র র ব র প র ব
149234,startseq আম ক সক ল আটট য ল ল য য ল র ম য ল র ম য দ ও endseq
149235,startseq এই ব চ চ দ র র ড র স ট র এই স খ য এই স খ ন ক ক য য য য ৷ endseq
149236,startseq ক ছ ম ন ম ন ম ন ত র র ক র র ক র প র প র endseq
149237,startseq ফ ল র র র থ ক ক ল ল ল শহর র ব য য ব য ন endseq
149238,startseq দয কর ব র ব জ ন endseq
149239,startseq ত র ম ন র র ক ছ ন একজন গ ল ন ত র ন ন র খ ব প ন ন endseq
149240,startseq গ র গ র গ ন হল র গ র র endseq
149241,startseq মহ র ষ ট র র জ য র ক য ক ট র ট ক ক ক ন দ র র ত ল ক দ খ ন endseq
149243,startseq একট বড র র র র র র র র র র র র র র র র র র র র র র র র র র র
149245,startseq জয প র জ ত য র ষ ট র য দ ল ল ল ল ম ম ম ম দ র ন ম অবস থ ত রয ছ
149246,startseq এট ব শ ব ত ত ব ব ও স ধ রণত ব ব ত ব ত ব দ ধ র ত ব র ত র হ ত ব
149248,startseq সক ল র জন য একট অ য ল র ম দ ও endseq
149249,startseq ক ন ক র র র র র য য ম র য য ম ন ষ র কর ন endseq
149250,startseq চলচ চ ত রট হ ম ত ত র ত য ত য ত র ত র র ক র র ট ক ট ট ট ক ট ত
149251,startseq ম য র র ব শ ব স র র র এব ব ন ন র র র ন ন ত র র র র র ন endseq
149252,startseq ম ন ন র গ ন ন ন ন ন ন ন গ ছ ন ন ন গ য় ছ ন endseq
149253,startseq ত র র ন ন র স ন ন ন ন ন ন ন র র ন র দ ব র কর কর ছ ল ন endseq
149254,startseq রক ত রক ত দ রক ত য স রক ষ ত ত ত ত দ ধ ক রক ত ত ক বল হয় ৷ endseq
149255,startseq খ ন ব ন খ ল খ ল খ ল খ ল ন এব খ ল শ ন ন ন ন ন ন endseq
149256,startseq এখন পর চ ত র ক ছ ন র র র র ন য ন ত র ন ন ম ন ন ন ন ন গ ন endseq
149257,startseq আম ক আম র স ম রক স ট কর আম র মন কর য দ ন endseq
149258,startseq স ন ন ড র স থ ন স থ ন য স থ ন য স থ ন য র ক র স থ ন য ব স
149259,startseq স ত র র গ ত র র গ ত র ন ত ত র র ন ত ত র র র র সময় endseq
149260,startseq স র র র র র র র র র র র র র র র র মধ য একট endseq
149261,startseq বয়স র স র র স র র র র র র র র ত ত হয় endseq
149262,startseq ক য র র র র য র র র র র র ত র র র র র র র র র র endseq
149263,startseq এখ ন আর ক ন র র ম র ম র ম ক ছ ট ন ম র ম র ন র ম থ ন হয য ন endseq
149264,startseq ক ন ত সময় র গ র র র র গ র র র থ ক অন ক ক লক ষণ য য় ৷ endseq
149265,startseq ভ রত র ব দ ম ভ রত র ব শ ব শ ব শ ব শ ব শ ব স থ ন ব শ দ ধ ন ত
149266,startseq প র র প প র কর ন ৷ endseq
149267,startseq স থ র অন ক অন ক র র র র র ক র স র র স থ endseq
149268,startseq ন র র ন ন ন ন ন র ন র ন র ন র ন র ন র ন র র র বল বল হয় ৷ endseq
149269,startseq এই ছ এমন ক ছ অন য ন য য র অন ক বড ধরণ র র য দ র র আল দ আল দ আছ ৷ endseq
149270,startseq ল ল ল ল ল র ন য় ল ন য় ন য় ন য় ন ন কর ন endseq
149271,startseq ত দ র ক ক ম ক ম ক ক ক ক ক র র বছর আগ ক ল ন ম endseq
149272,startseq আম ক হ য য গ ড র খ ল খ ল ন endseq
149273,startseq একট ট ক ক স ট ক স ড ক কর ন endseq
149274,startseq ম ম উতপ দন র ফসল র ফসল র ব শ ষ ট র রয় গ রয় ছ ৷ endseq
149275,startseq ঠ ন ড র সময় প ন ন হল এই ধরণ র র ন ন আল দ খ ন ৷ endseq
149276,startseq তব ন ত ন ন ন ন ন ন ন ন ন ত র ন ন ন ন স ন ন গ র ন ন ন ন ন ন
149277,startseq ভ রত র ব শ ব ম নবন দর থ ক শ ল ম ক ম ব শ ল ম ক ম র ক ম দ র অবস থ
149278,startseq স ক ক র দ ক ন দ য ভ রত য ন দ য ভ রত য ন ন ন ছ ল ন endseq
149279,startseq যখন স ল র র র র র র র র র র ক ছ ল ম র ম ট র গ ছ ল endseq
149280,startseq পর চ ত র ক ছ ব র কর র ন য ন ও গ ন র র ন র র র র র র র কর endseq
149281,startseq আপন র একট প নর ব ত য ওয র প নর ব ত য গ কর ন ন র প ঠ ন য গ কর ন endseq
149282,startseq যদ চ ল ক র ক ষ ত হল ত রপর একট ক র র র র র র র র কর উচ ত ৷ endseq
149283,startseq এট হল দ র র গ ল হল ও ক ল র ক ল ও ল গ ল ও আর গ র ক ও গ ল ন ৷ endseq
149284,startseq ন ন ন শ ন ন ন ন শ ল গ ন ন ন গ ন গ ন গ ন গ ল গ বল ছ endseq
149285,startseq এই প ত নট খ ন ত ত য য য ন য ড য য ন য স ত য য ন য ন য য ত ত
149286,startseq ক ন ত ত র ও সমস য র সমস য সমস য সমস য র সমস য হয় ৷ endseq
149287,startseq পর যন ত থ থ থ য য য য র র য য য র র দ দ খ য য endseq
149288,startseq যখন দ র র র র র র র র র র র র র র র র র ত র র র এট ব শ র ত ত
149289,startseq ন ন ন র র ন ত র শ ষ র র শ ষ র র র র শ ষ র শ ন ন গ ন ন endseq
149290,startseq ক ন র র ন য হল ন ম ল ন স ন ম ত র ল স র ন ত র endseq
149291,startseq ন ন র র জ র র য গ য জ ন জ র জ বন র পর যটকদ র পর যটকদ র মধ য জনপ র য endseq
149292,startseq এখন ব খ ব র জল ব তল র জল ব ব ব জল র ব ব র য় endseq
149293,startseq ম র গ র গ র ক শ ক গ র ক গ র ত র গ ছ ত কর ছ ছ endseq
149294,startseq ত র র ন ন র র র র র র র র র র ন র ক র র র ৷ endseq
149295,startseq ত ম র ম র ম ন ম র ম ন গ ত র ম ম ক ত প য ম ক ত প য endseq
149296,startseq ক য নস র র র ন ন র র ন ন ন ন ন ন ন ন র ক ক ক ক ক র ন র ন ষ
149297,startseq ক র ক ত র ক ছ গ ছ ক ছ ক ছ ক ত র ক ছ ত ন ন endseq
149298,startseq গ জর ত র গ ন ন ন ন ন ন ন ব ন ন ন ন ন ব ন ন ন ব ব ব ব ব ত ব
149299,startseq এট ব ব র ব র র ব র ব ব যবহ র কর ব যবহ র কর ব যবহ র কর endseq
149300,startseq এট র ষ ণ ক ষ ত র ক ম ট র ক ম ট র র ম ট র ক ম ট র ক ক ম ট র
149301,startseq ক ছ প রত দ ন প রত দ ন র য র প র য র প র য র প র য endseq
149302,startseq ক ন ম ম ম ম ম একট একট স ধ রণ স ধ রণ endseq
149303,startseq ভ ল র র র র র র র র র র র র র র র র র র প র প র প র endseq
149304,startseq এই গ ছ র প রত র প র য র প র র র র র র র র র র ভ রত র প ত ত হয
149305,startseq স ন ন ক ন ন ক ন ক ন ন ন ন ন ন ন ন endseq
149306,startseq জ য়গ থ ক ও ঠ ক ড আর ব শ ল আর ঠ ক ঠ ক ড ব ব ব endseq
149307,startseq ভ রত র গ র র র র র র র র র র র ইত হ স র endseq
149308,startseq প রধ ন ক ল ল ল ন র স থ ক ন দ র ল ক র র র র দ র দ ত দ ত প র
149309,startseq স ধ রণত থ ক স র সময় র ওয় র সময় সময় পর বর তন কর হয় য য় endseq
149310,startseq ভ রত র স ল র র র র স র স র ক র র র র ক র ক ছ ট ছ ল ৷ endseq
149311,startseq ব ভ ন ন স র স আল দ আল দ আল দ ব ভ ন ন ব ব ব কর ৷ endseq
149312,startseq এত দ ধ র জল র শত শ জল র য় ৫০ শত শ দ ধ দ ধ হয় য য় ৷ endseq
149313,startseq ম ম র র ম র ম র ম ম র ম র ম র র ম ত র ম র ম আছ ৷ endseq
149314,startseq ব ব ট র র র ষ ট র র খ দ য র প র ট র র র র র খ ন র র ক রণ কর
149315,startseq শ র ষ খবর endseq
149316,startseq পর ক ত দ র ত র ন ন ত র ন জ র ন ত ক জ কর ন ল ন endseq
149317,startseq স ত র র স ত র ক ক ন ন ই endseq
149318,startseq এই দ ব র ক ক ক জ র স ক ক ন স স স স স স স থ স থ খ ন র খ ন ৷
149319,startseq ব শ প র য র র য র খ য ত র র য র র য র র য র ত য বল হয endseq
149320,startseq ত ম ল ল ত ন ত য ল ত ত য ত য ত র র ত হয ছ endseq
149321,startseq ড ব ক ত ড ক ক রক ত ও ক রক ত র ক ক রক ত ব ক ক ত ক ত ব যবহ র কর ন
149322,startseq ক ক ক ক ক ক ট ক ট ক ক র র র র র র র র র র র জন য endseq
149323,startseq উদ হরণস বর প র য আপন র র র র র র র র র র য র র র র র র র র র র র
149324,startseq গ ছ র গ ছ র গ র ক রণ র ফল র গ র ক ষত হয় ৷ endseq
149325,startseq ন জ র দ ব র দ ব র র দ ন ন ন ন ন ন ন ন ন ন ন ন ন ন ন ন endseq
149326,startseq য র র র ত র র ত র র র র র র র র র র র র র র ত র র য য endseq
149327,startseq ভ রত হক ব হক হক র হক স ব একট অভ য গ tweet কর গ tweet কর endseq
149328,startseq শ র র র র র র র শ র কর ছ ল ন এব শ র র র র র র র প রভ ব ত হয ছ
149329,startseq অন কর ব ধব র র র র র র লগ ড় র লগ ড় র সময স চ র সময স চ ক কর ন endseq
149330,startseq র জস থ ন র প রথম মহ ল র প রথম র ন র র র ন ন ন ৷ endseq
149331,startseq ক র গ র ন য ন র গ র র গ র র গ র র র র গ র ত র র endseq
149332,startseq র গ র জন য থ র সময় র গ র থ ক এব স থ য র সমস য র গ র সমস য হয় endseq
149333,startseq স ন ন র ষ ত র ক ষ ত র ব পণন ক ষ র র ব র ষ ট র ব শ ষ ট endseq
149334,startseq সর ব চ চ র সর ব চ ম ক ম ট র এব স ল এব ট র র র endseq
149335,startseq ব ন র র র র র ম র ম ত র ম র ম র শ ল র র র র র র র ল ল ল গ
149336,startseq গ গল ব প লব ম র ব শ ষ ট endseq
149337,startseq ক ন ত এট প ল ক র প র র র র র র র র র র র র র করত প র ন ন endseq
149338,startseq এই উদ য ন র র এব ম ল র র র র র র র র র র র র র ম ঝ র হয ছ ৷ endseq
149339,startseq ক ক স প র স ক endseq
149340,startseq স ন র র র য য র য এই দ ট র ব ন র ব ন ন ম ম ম ন য য endseq
149341,startseq অন ক শ ক রব র র জন য আম র র জন য আম র ক য ড র র জন য একট ন টম ন ট কর
149342,startseq র গ র র র র র গ র র র র র র র লক ষণ কর উচ ত ৷ endseq
149343,startseq ব র য ল র র র ব চ চ দ র র র র র র র র র র র র র প রভ ব পড ৷
149344,startseq এই শহর র র র র র র ব ন দ ব র ব য ন র ব র র র য য য ৷ endseq
149345,startseq খ ওয় র ফসল র সময স ল র ষ ট র র ষ ট র র ষ ট র সময স ষ ট র সময় endseq
149346,startseq এট ক র র র গঙ গ ন ও পর চ ত ৷ endseq
149348,startseq এই কথ মন র জ জ র র জ র স ব য থ ক য স র ন য স থ ন য স থ য র র
149349,startseq ত র স ব স র র র স র র র ত র ত র ত র র ন কর ন endseq
149350,startseq ন ল র খ ব র খ ব র খ ব র খ ব র ন র র র র র র স থ স থ প খ য
149351,startseq একট ন র র ন ন ন স থ ন য ন ন স থ ন য ন ন ম থ ক ছ ল ন endseq
149353,startseq দ ল র ত ত র প ত ত র ড ত ও প রস ত ত ল শ র র র র র র র কর endseq
149354,startseq তব ক ছ ক ছ আপন র র স য য করত প র ন য য করত প র endseq
149355,startseq অন গ রহ কর র জ য গ গ গ য গ য খ জ ন endseq
149357,startseq শ ষ প প ট ম ছ দ ন endseq
149358,startseq এর ভ ব ন ন য ক য লর র র য য ওজন কম ট র কম হব ৷ endseq
149359,startseq প স ল ত স স স ত ত র ভ রত য র র ক র ভ রত য ক ত ক ল দ র দ ওয় হয়
149360,startseq ক ন গ ন গ ন মন দ র এই মন দ র র ন ম ন র হয ছ ল endseq
149361,startseq ম শ র ম র প ত র ছ ল ন এব ম ন র র র ম র ম endseq
149362,startseq জ ন র র ক জ ন র র চ ক ত স ক ত স ক জ কর উচ ত নয় ৷ endseq
149363,startseq ন ন ন র ম ণ র ণ ড র ণ র ক র ণ হল মন কর হয endseq
149364,startseq ত র গ ড় র গ ল ম র র র র গ ল ক ন ত র ক ন র ক ক ন ত ক ন endseq
149365,startseq প রথম আপন কম প ন ন ন আপন আপন আপন র স ব ন ন ক ন ক ন ক জ করত স হ য য করত প
149366,startseq এই চ ট ট ট ট ক ট স ক ত ব ত ব দ ব র ব শ র র র র endseq
149367,startseq ভ ট ম ন ভ ট ম ন এ ভ ট ভ ট ম ন এ ভ ট ভ ট ম ন র স র স র র কর
149368,startseq ত র ম র র ম ঘল স ম র র র প র শ র প র এব এব এব এব স বর ণয কর endseq
149369,startseq ম ন ড র গ ন শ ব endseq
149370,startseq দয কর আম ক এব র এব র প র মধ য ব ন ময হ র দ খ ন endseq
149371,startseq প য ন ন ন কর ন ন জল র স ন ন জল জল র স ন জল ব ন endseq
149372,startseq অন য ন য ন য ন য ন য ন য গ য র ন ম ক র ন য গ ন কর ছ ন endseq
149373,startseq উদ হরণস বর প ক র ন জ র ক ন জ র ক ছ ল ন য ন র ম ক ষ ত কর ছ ল endseq
149374,startseq এই সময আপন র ই আপন র ড ড ত র করত প র ন ৷ endseq
149375,startseq ম র র র র র ম র ম র ম র ম র ম র ম ম র ম ন ষ ট কর দ ওয় উচ ত ৷
149376,startseq গ য য হল হল ব শ ব র স স এব স এব স স স স স পর চ ত endseq
149377,startseq ন জ র ন র র ন ন ন ত র ন ন ন ন ন ন ন ন ন ন ন ন ন ন endseq
149378,startseq খ ব র দ ধ দ দ দ ধ দ খ য য় ৷ endseq
149379,startseq এর ফল গ ল ক র র র র ক র ক ক ন ন কর র ফল ক র ক ক ক র য় endseq
149380,startseq খজ র জ য র মধ য হ রদ শ র জ য র মধ যপ রদ শ র জ য অবস থ ত endseq
149381,startseq পর র র পর পর ক ষ কর র পর ক ষ কর র পর ক ষ কর ন ৷ endseq
149382,startseq আপন র র ন র র ন র র র র য র র র র র র র র জন য একট ক র র ক ন র
149383,startseq এই প রক ত র ন ন ত বল হয় ছ ল ন ত র র র র র র র র ন endseq
149384,startseq এখ ন থ ক র জ ন র স থ ন র স র স র স র স র শহর দ খত প ওয য য ৷ endseq
149385,startseq চ ক ন গ ন ন গ ন ন ন গ ন ন ক ক ন ন ক ক ন ন য় ন ক র গ ল উপক র
149386,startseq এট ক ন গ র ন ন ন এব ন র র ন ন ন র র জন য ব খ য ত endseq
149387,startseq প র ন ন র র ন য য ন য খ ব র দ র দ ওয় র সময় ব র দ ওয় র ত প র endseq
149388,startseq ম নস ক ত র ত ত র ত র ত র র ত এব ত র র র ত র র ত র কম endseq
149389,startseq একট ত ল ক য একট আইট ম ত র কর ন endseq
149390,startseq স থ ন ব ক ছ ক ত ক ক ত ক ক ত ক ক ত ক র র র র র র র র ন endseq
149391,startseq শ র র গ র র গ র র র র র র ক র ক ক র ক ক র ক ক ন ন endseq
149392,startseq স ব র র র র র র র র ব শ ব র র র ব শ ত র র ব শ ত র র ত র জন
149393,startseq এগ ল র জ ন ন ক ল ল ম ট র ন ন ৷ endseq
149394,startseq ম ন ন র র গ ন র ন ন র র গ ন র ন র র গ ন র র গ ন ত endseq
149395,startseq তব নত প র ন য য য য য য য য য য ত স ক র স ব য ব য য ত হয় য য়
149396,startseq প ষ ক র র খ ওয় র খ ওয় র খ ওয় র ক ন র গ ল ক ন চ ন ত শ খ ন endseq
149397,startseq সমস ত ন ন র র র র র র র র জ য র র র জ য র র র র র কর হয endseq
149398,startseq ক ন ন দ র র ব শ ব ক ক ক ক ব শ ব শ দ শ র দ শ য র আছ endseq
149399,startseq প র র প প র প থর র গ ল এব ন এব এব এব এব এব ন এব ন ল endseq
149401,startseq শহর র শহর র আবহ ওয র endseq
149402,startseq গ র র র গ র ষ ট র র র ষ ট র র র র র র র র জনপ র য endseq
149403,startseq উট স থ শহর হল ঝ ল শহর র দ র অবস থ ত রয ছ ৷ endseq
149404,startseq ন গ র উ চ ইল গ ছ থ ক ন গ ছ থ ক ম ম ন গ র ম ক ক ক ক ক ক ল ম
149405,startseq যখন ক র ক ন হয় য য় র র র র র র র র র র র র র র র র দ দ হয় ৷ endseq
149406,startseq ন ম ন ক ক endseq
149407,startseq ম ম র র র র র ম ত র র র র র র র র র র র র র র র ত ত হব endseq
149408,startseq প র গ র ম র ম ন র এব ম এব ম র র র ত র র ত র ত ব ব ত কর endseq
149410,startseq র ন ন ন ন শ ন চ ন ন ন endseq
149411,startseq আম র পছন দ র র ড ও চ ল ও endseq
149412,startseq প প ভ র র খ ন ৷ endseq
149413,startseq ক ধ এট ক ধ যখন এট যখন এট যখন এট যখন এট ক ষত হয় এট ক ষত ক ষত হয় ৷ endseq
149414,startseq এই ভ ব এই ক গ থ ক ক ক ক ক ক কর কর য ত প র ৷ endseq
149415,startseq স ন র র শ ক ছ ছ endseq
149416,startseq এর ফল ধ র প ন র ধ র ধ র ধ র ধ র ধ র ধ র স র ধ র স ধ রণ কর দ য়
149417,startseq এখ ন র র ট র য উদ য ন র ক য ম ট র দ র অবস থ ত হল দর শন য হল দ খ র
149418,startseq আম ক apple স টক ম ল ল য দ ন endseq
149419,startseq এর মধ য ব খ য ত ব খ য পর চ পর বতম ল র পর চ ত endseq
149420,startseq ম ত র র গ র ত থ ক ন ত ত র ত ন ত ক ন ম ন ক ন ন ন ন ন endseq
149421,startseq অন ক ব ভ ন ন ষ প রচ ষ প ওয য য endseq
149423,startseq এট আপন ক প র র স ব ধ র ত প রব হ কর ত প রব ন endseq
149424,startseq ক ন ন গ ল র ন ন ল গ ল ক র র র র র র মত ক র মত ক র মত ক র মত ক
149426,startseq ত র র ন ম র র গ ছ ন ন ন ন ন ন ন ন ন ন ন ন ন ন ল ল গ ছ endseq
149427,startseq ক ষক এব ক ষ ক র র র র র র র র র র র র র য র য র কর হয endseq
149428,startseq স ন ন র র ন ন ন এব ত র ব দ ধ ন ত র ব ন ন ত র র ন ন র শ ন ত
149429,startseq ভ ট ট র ন ত র র র র র র র র র র র র র র র র র র র র endseq
149430,startseq ন ন র র র ষ র ষ ট র য ন র স থ ন য স ক র স ক র স ক র স ক র
149431,startseq স প ক ন এন এ এন এ এন ড র ন ড এব আম র ক ড এব আম র ক য ন ড র প রথম স
149432,startseq মন র খব ন য আপন আপন র ন য ন ক ন য ন ক ক ভ ল ম ল য ত ক ক ল ভ ব চ
149434,startseq ক র ক ত ক ত র কর র চ ক ত ত র র র ত র র ক ত কর ন য় endseq
149435,startseq শ র ম র ম র ম শ র পর ম শ শ র পর যন ত শ শ র পর যন ত শ র উচ উচ ত ৷
149436,startseq এই ম ল শর র র র র ন য় endseq
149437,startseq প ক ক র ন র র র র র র র র র র র র র ন ন ছ ল endseq
149438,startseq ক ট ক র র ন ন ক ট র র র ক ট ট র র ক ছ ন endseq
149439,startseq ক ল ল র র র র ল র প থর র গ র ত র র ত র কর হয ৷ endseq
149440,startseq গ ন গ র ক ক ক য ন ন গ র ক ন ন ন র র ন ন র র র র গ দ খ য য
149441,startseq ক ন দ র দ র দ র মন দ র দ র হল হল দ খ র মত ৷ endseq
149442,startseq যদ ও র গ র ক র র র র ন ন য ন র ক ন ন ক ন ন ক র র র endseq
149443,startseq আপন ক ব ঝত প র য য ন য আপন র ক য ক উন ট র ক ছ ক ছ ড প রব ন endseq
149444,startseq শ ষ থ ক দ র র থ ক শ ষ কর র জন য কর হয ছ ল ন endseq
149445,startseq ম র র এব এব ন ম র ত র র র র গ র ম ত র র র গ র ম ন ন endseq
149446,startseq প র এব এব প র র মধ য ক র ব র ত প র endseq
149447,startseq খ র র র ভ ল কর র কর ন উচ ত ৷ endseq
149448,startseq স মন র র র র র একট একট র র র র অন ক ধরণ র লক ষণগ ল র র ফল অন ক র র endseq
149449,startseq প র ব শ ব দ দ দ র র হ জ বন র গ র ত বপ র ণ অ শ endseq
149450,startseq বল হয় য হল দ ট ট ট ট ট স ট ন ট র স র ন য স ট র প র endseq
149451,startseq ক ন নদ ন নদ র নদ র নদ র ন নদ র এব ন র র র র আকর ষণ endseq
149452,startseq ব ব ব ব ব দ ব ম ব ব ব ত ল এব হ ত ল ল ল endseq
149453,startseq আম র বন ধ র বন ধ র র র র র র র র র র ত র খ বল ন endseq
149454,startseq একট স ধ রণত ত ত ত ন স ধ রণত ত ন ন ন ত ত ত র ধ রণত ম ম পর ক র র অন ক
149455,startseq য ল র র র র র ল য র র জন য ক ল র র র র র র র র র উপর কম প কম endseq
149456,startseq খ দ র র র র র র স থ স থ স থ স থ স ব স ব স ব স ব স ব স থ য
149457,startseq যদ র ক ছ ড ক ক ছ ড ক ছ ড ক ক ক ব চ চ র ব ক ক র ক ক ট ক ক র
149458,startseq গর ভ বস থ র সময় প রথম ব শ শ ম র ম ন ম ম র র ত র ত র ম ত র দ খ ন
149459,startseq ন ন র প র প র প র প ন প ল র ন র র র ল ন র জ ল ল ত র ল ন endseq
149461,startseq স ই ব ব শ ব শ ব শ ব স ব য ব ত ব শ ব ত ত ত প র endseq
149462,startseq চলচ চ ত রট চলচ চ ত রট স স স থ ন ত কর ছ ন endseq
149463,startseq ম ট ম ট ত ম ট ত ক ম ট র বল হয় ৷ endseq
149464,startseq কখনও কখনও প র র র গ র ম হ র ফল আর ম স থ ও প দ র হয় য য় ৷ endseq
149465,startseq র ষ ট র সরক র র র র র র র র র র র র র র র র র র র র র দ য় দ
149466,startseq ম ল ত ল একট প র চ ন ত ল প ত প ত প ত প ত ল র ত ল র ব প প ওয় য
149467,startseq প খ দ ওয় র খ ওয় র ফল খ ওয় র খ ওয় র খ খ খ ব র স হ য য কর য য় ৷ endseq
149468,startseq ন জ র ন ন য ভ রত য স ন ন য ভ রত য ন য় ছ ল ন য় ন গ ন গ ছ ন endseq
149469,startseq মহ ন দ র র র র র ভ তর ভ গ ন ক ন ন ন ন ন ন ন ন ন endseq
149470,startseq যদ ত দ র ত দ র ত দ র ত দ র দ র দ র বল হয় পড ৷ endseq
149472,startseq শ র ক ক ল ক ন ক ন য য ন ক ন ন য য় ত র গ ল ক র র য় ন ন endseq
149473,startseq ক ষ র র র র র ব র র র র র ব ক ষ কর র জন য হয় ৷ endseq
149474,startseq এই ব র র র র র র র র র র ত র ত র ক ষ ত র ক ন ত র র ন endseq
149475,startseq গ য য ত ত য য ত র র খ ন র ঐত হ যব দ উপভ গ কর ন ন ন endseq
149476,startseq দ প ল য আম র অভ য গ ট ইট কর ন endseq
149477,startseq অন ধ রপ রদ শ র প লন কর ন এব ত র ব শ র ব শ র ব শ দ দ য ছ endseq
149478,startseq স ক ল র ক থ ত ক ল গ ল ক দ ট গ ল দ ট গ ল গ ন endseq
149479,startseq ক র চ ন র ক ক ন ন একট জনপ র য এব একট স র ক এব স ক ক endseq
149480,startseq স ধ র র র র র র র র র র র র র র র র র র র র ব ন ন কর ৷ endseq
149481,startseq অড ওব ক ব জ ন ন খ ন ব জ ন ব জ ন endseq
149482,startseq ব চ চ দ র দ র র র র র র র র র র র র র র শ র করত প র ন ৷ endseq
149483,startseq ব য ন ন endseq
149484,startseq ভ দ দ দ ধ র প খ দ য দ খ দ য ন ন ন ত র ন ন ন ন ন ন প র ন ন
149485,startseq লক ষণ ন য য ও স য য় ও স র য় ও ক ষত গ ও হত প র ৷ endseq
149486,startseq স তর ত ত ন ত ন ত দ ক ত ত ত দ ক ত ত ত ত ত ত ত ত ত কর ন ৷ endseq
149487,startseq ফসল র ফসল র ফসল র ফসল র ক ষ র র র র র ফসল র ক র ন ন ফসল ৷ endseq
149488,startseq আপন ক আম ক মন কর য দ ই ঘন ট র মধ য আম ক মন কর য দ ন endseq
149489,startseq আম র ক য ল ন ড র ক ন ক নও ই আছ endseq
149490,startseq ব শ ষ ব ক ষ প র ক ক ক ক ক ষ ত র য ক ত স ক ষ ট ক ট হয় য য় endseq
149491,startseq ক ছ ক ছ ক ছ ক ছ গ র ম র গ র গ র গ ন ন ন গ র মন দ র গ র ন endseq
149493,startseq অন য ক ন হ ত ত হয় ছ ল ন ন ত ন ত ন ত ন ন ত ন ন endseq
149494,startseq এখন এখ ন গ র ম র র র র ধ র ধ বন ধ র ধ র স গ গ কর হয ছ endseq
149495,startseq এট ন য এব এব এব ন জ র গ ন ন ন কর endseq
149496,startseq ব চ চ র ক ছ ক ছ ক ছ ত হল ত র গ ল গ ন ন ন ৷ endseq
149497,startseq প র ত ক ল ল র র ল র ল র ল র ল ল র রত ষ ঠ ন র ল র র র ন য় endseq
149498,startseq আপন র কথ মন কর য য ন ত ত য ন য ত ত য ত আপন র স য য য র য য ত প র
149499,startseq আজ ক পর র ব ষ ট হব endseq
149500,startseq স ই সময স স থ থ ক ম ন য থ ক স থ endseq
149501,startseq যদ ও শর র র র ক ষ ত র র য য র র র য য র র র র র স থ য র র endseq
149502,startseq স ত র স ত র র য র র র র গ র র র গ র দ ওয় হয় ছ ল endseq
149503,startseq এই স ই ম র র র য য প র য প রত বছর ৪০ বছর র প রত য ক র প endseq
149504,startseq একট ব য য র র র র র র র র র র র র র কর র জন য ব যবহ র করত প র ন endseq
149505,startseq ক ন দ র থ ত র র থ ত থ ত র ক ক ক ক ক ম দ র অবস থ ত endseq
149506,startseq ত র ঠ ন ড র ক ন ন ত র র ন ন ত র ক ন ন ন ন endseq
149507,startseq এখ ন র দ র র প র ত র র জ র ত র ওপর ন জ ত প র ন ৷ endseq
149508,startseq হ ম র র হ হ র হ র র র সপ ত হ র ক ছ ক র ত র ক ছ ত র endseq
149509,startseq ত ম ত ত ও ন ন ন ও ন র র র জন য ব খ য ত endseq
149510,startseq ক ন এব ও ক য অন য ন ল ৷ endseq
149511,startseq অন গ রহ কর আম ক ব গ ব ম ব ব ব ত ব ত ব ত দ র সম পর ক বল ন endseq
149513,startseq আইজওয ল র গ রহ লয হল একট গ রহ লয হল স ব দর শন য দ খ র মত ৷ endseq
149514,startseq এই ম স র আম র ক র ক ন ন endseq
149515,startseq গত বছর বছর র র ত র র ক ষ ত র ক ষ ত র র র র পর য থ ক endseq
149516,startseq স খ ন র জন য একট ব র র র র য য স র ব র স থ ন য য ত র ক ত ক ত
149517,startseq ভ রত র ব শ য ন র র য প রজ ত র প রজ ত র প রজ ত র প প ওয় য য় endseq
149518,startseq শ র র ন ন ও শ র র শ ল শ র ন চ ন শ ল শ র ন চ ছ ল ন endseq
149519,startseq আপন র চ হ ত ত ক প প চ ন ত দ ব র চ ত ল ত র ল ক স দ ত য ছ ছ endseq
149520,startseq ন য ন ন ন র পর ষ ক র র ন ন র র ন ন ত ন ন ন র ন দ ন দ ন র জন
149521,startseq ক ন ন ন প র ন র ন র শহর এব প র ব র ত র জন য ব র য ত পর চ ত endseq
149522,startseq আম ক ত ত endseq
149523,startseq গঙ গ র র র র র র র স স ক ত ঐত হ স ক ঐত হ স ক ত র ত র ত র ত র
149524,startseq ক ন ব শ খ ব চ চ র ব শ ব চ চ র ব শ ব র ব শ ব র ব শ ক ন ব যবস
149526,startseq এই হ রদ ষ ণ র দক ষ ণ র ম জ ল র জ ল র অবস থ ত endseq
149528,startseq ক ষ ক ষ র ব ব ব দ ধ র উত তর দ ক ত endseq
149530,startseq শ র র র র র র র র র র র র ক ক র ক র কর র কর র কর কর হয় ছ ল endseq
149531,startseq দ ট র ব ট র ব যবহ র কর র ব যবহ র কর হয় ৷ endseq
149532,startseq ন ল গ ল র ন ল ন য র র র র ন র ন র র র র র ন র আগ ন ন ন ন endseq
149533,startseq ক গ গ র র ক র র ক র ক র ক র ক ছ ক ল ম ট র দ র অবস থ ত রয ছ ৷
149534,startseq র র স থ ন য র র র র র র র র র র র র র র র র র র ন endseq
149535,startseq ১৯ শত ব দ দক ষ ণ ভ রত র ক ষ ত র ক ক ষ কর এব ক ক ক ক ক ক ত ক য য
149536,startseq ম ম ন র র রক ত র রক ত র ক ষ ত র দ ধ র ধ র র র দ ক কর হয় endseq
149537,startseq ক ছ র র র র ত র র র র র র র র র র র র র র র র র খ র খ থ ক
149538,startseq ত রপর হ শ র ন শ কর ন ক র কর ন ক ক ব শ কর ন ন ন শ কর ন ৷ endseq
149539,startseq খ ব র ষ ট কর য ত প র ন য ন য ন য়ন ত রণ কর র ন ন য়ন ত রণ কর য ত প
149540,startseq খ ল শ র স ত র ত ল ল ল ল ল ল হয় ৷ endseq
149541,startseq ক রল র র র র র য র র য র র য র য র র র র র র ষ র শ ষ ষ endseq
149542,startseq প ত র প র ও গ ন ন ন গ ল গ ন ত প র endseq
149543,startseq ক ছ দ র গ ছ ন ন গ ছ ন ন ন ন ন ন ন ন ন endseq
149544,startseq সম দ ধ র র র র র প ছন দ র প ত র র দ র র স দ দ ওয হয endseq
149545,startseq এর থ ক স ন ক ক ল ম ন য য য প র ক ক ক ক প প প প ছ ন endseq
149546,startseq ক ট ক ট শ ক ষ ট শ দ র ক ছ ট ট ট ট ট ট ক ট র ট ছ ল endseq
149547,startseq ম র র র র র র র ল র র র র র য র র য য endseq
149548,startseq হ র গ র গ র ক ত স থ র গ র ক ত ক ত স ই গ ছ প ছ endseq
149549,startseq মধ যপ রদ শ র প র শ ত র প র ত ত প র ন ত র প র প ত endseq
149550,startseq ক ছ আপন আপন দ খ র ন আপন র খ খ র আপন র খ ক ন জ ন ন ন ৷ endseq
149551,startseq ক ন গ ছ ন ন গ ছ ল ন ন গ ন এব ক ন গ ন ন ছ ল endseq
149552,startseq স ল র মন দ র র বড বড বড ল র ম ঝ ম ঝ ল দ র য য ৷ endseq
149553,startseq প রত ক স মব র দ র দ ট র মধ য একট ম ম র অন স ম রক স ট কর ন endseq
149554,startseq এই স ম হল স স থ পত য র স থ ন র র র একট অদ ভ ত র উদ হরণ endseq
149555,startseq প র শ র ক শ র ত ক ছ ল ন ন ক ছ ল ক ন ত র ছ ল ন ত ক ন করত প র
149556,startseq আবহ ওয় র ফল অন ক ঠ ক ড ক ঠ ন ড র ড ক ঠ ক হব endseq
149557,startseq দ শ পর যটকদ র জন য অন ক ব শ কয কট পর যটক র ক দ র আছ ৷ endseq
149558,startseq ক ছ ন ম ন ম ন ম ন ক দ র ব র ম র র র র র র র র র র ব র ন য
149559,startseq দ ল ল ল ল ল ল ল ল ল ল ল ল র র র ইত হ স র র র র ব ব ব র ব ব
149560,startseq শ ষ সব ই ত ত ত সব ই ব জ র র র র র র ত র ত র র র র র র ত কর endseq
149561,startseq পডক য স ট পডক য স ট শ র কর endseq
149562,startseq চলচ স ল র র র র র র র র র র র র গ ত র প ত হয ছ ল endseq
149564,startseq ত ম চ ল চ র র ম খ ম খ ব র র ম খ দ র ম খ ব র খ endseq
149565,startseq ত ল ক য নত ন আইট ম য গ কর ন endseq
149566,startseq ন গ র ক ষ ট র ক ন ন ন র য় ল ল য় শ র র য় ল গ র endseq
149567,startseq দক ষ ণ র র র র লওয স ট র ল ল ল ল র লপথ র ল র স ট শন আর ল ল র ট র
149568,startseq ম নস ক র র র র র ব শ ব র র র র র ব র ন র র প র endseq
149569,startseq এই ষ গ ল র জ র জ র ল ভ ল ভ ল ভ ল ম ল য দ ল ল endseq
149570,startseq ক ন ক বল শ র র র র র র র র র র র র ক ত ক র ক ত ক ত endseq
149571,startseq এট ব ড ন র র র র র র ব র র কর endseq
149572,startseq ন ন ন য ন য ন র জন য ন ন ন ত র ন র জন য এই জন য এই ব শ র জন যও ব
149573,startseq এখ ন থ ক ড ন দর স ন দর দ শ য ন ৷ endseq
149575,startseq জম ম শ র ষ র এব ত এব ত র র য র র য র য র র ক ত ক ত ম র ম ক ত
149576,startseq আপন র ব য ন য র ব র য ত র র য ন য গ র ব যবহ র করত প র ন endseq
149577,startseq ম ল ঙ গ ল র র র প র ড ঙ গ র ম প র র র র র র র র র শ র হয endseq
149578,startseq ঝ ল ঝ ল র গ র থ ক র র র র র র র র র র র র র র র র র endseq
149579,startseq শ ল র র শ র ম শ র ষ ণ অ শ ন র ম র ব শ ব র ব র র র য য endseq
149580,startseq গঙ গ বল হয য ত র র র র ত র র র ত র য য ত কর য য endseq
149581,startseq প রধ ন হল প রধ ন থ ক গ র ম র র গ র ম গ র ম র গ র ম র র র কর endseq
149582,startseq ক ছ আপন র র র ন র র ব ব ব ব ব ব ব ব ব ব ব র র ব র ব জ খ জ ন
149583,startseq এট অন ক র র অন য র র র র দ র পর যটকর র দ র পর যটকদ র দ য য য ছ ছ endseq
149584,startseq ক কর র সময় এই ক ষত গ র ক ক র র ক র র ক র র র র র র র র র র র র
149585,startseq ম নস র ব ক থ র ক ব ব থ ব য থ অথব ব ক ব র ব র ব ধ র ব র করত প র
149586,startseq স ন ম ঝ ম ন য য য য য স র য য ন য ন য এব ব ড় য় endseq
149587,startseq ত ই ক র ক ভ রত র জন য ভ রত র ক ষ ক র র ব ক ষ র জ র র খ উচ ত endseq
149588,startseq প র র র র র জ র হ জ র দ endseq
149589,startseq এই প র ক থ ক ম ট র উচ চত হল থ ক ৭ ক ট ট উচ চত হল endseq
149590,startseq ক ন ন ন র পর বর তন ক য ন উপ দ ব যবহ র কর য ত প র endseq
149591,startseq ক ছ ড ক য র য গ য গ য গ য ন ন ম ত চ ই endseq
149592,startseq ক য ন র র র জল র র ক ত ক র ক ৷ endseq
149593,startseq গঙ গ র শহর র ক র শহর র ক ষ ত র ক ষ ত র ক থ ক ক ক ত ক ছ ৷ endseq
149594,startseq গ য র র র র প র য প র ষদ র স ত ত য ত র ত র ত র ত র ত র ছ ল
149595,startseq ম র ম র ম ম ম ম র ম ম ত ছ ড ক ম র ম ক ত ক ম ত র ক জ ত ক ন
149596,startseq দ ন শহর র ন ল শহর ক ন গ ও বল বল বল হয ৷ endseq
149597,startseq ল চ ল চ ল র ক শ চ ন ত ক শ ব শ ল ক শ ব শ রভ গই ক শ রভ ব ত য় endseq
149598,startseq আম র ক ক ক ড ক ক ড ক ড ক ক ক ক ক ক জ ন ক ক ক জ করছ ন endseq
149599,startseq আপন ক শর র র জন য ও শর র র জন য খ ও ব ধ ন কর ন endseq
149600,startseq প র র ন ন ন ন য আপন র আপন ন আপন ন আপন ন আপন ন আপন ন ন ন ন ন ত প র ন endseq
149601,startseq এর ত ল ল ল ত ল র ত ল র ত য় ফ ল র য় ফ ট য় য য় ৷ endseq
149602,startseq ন জ র র র র স ত দ দ আল দ আল দ আল দ endseq
149603,startseq এই ক র গ ন র ব ব র অন য র র র র ব শ প ত ত ব শ ত হয় endseq
149605,startseq আপন ক ন ন ন ন ন র র ন র র শ র কর ন এব শ র কর ন endseq
149606,startseq ক ন র র ক ন র ন ন র ছ ল ন ন র ক ছ ক ছ ল ন ন র ম র গ ন endseq
149607,startseq দ ট র য র জন য ক ষ ত র গ র ত বপ র ণ ভ ম ন র র ত র endseq
149608,startseq প র র স থ য গ য ছ ছ endseq
149609,startseq এখ ন প র র র র ভ তর ভ তর ভ ত ও প রজ ত র প রজ ত র প রজ ত র প রজ ত
149610,startseq ক ন গ র ম ন গ র ন গ ন ন ন ন ন ন ন ন ন ন গ ন ন গ ন কর ন endseq
149611,startseq অন ক ক র র ক ক র র ক ক র র ক রণ ব শ র র ক র ক র ক র ক ক endseq
149613,startseq র ড ও চ ল ও endseq
149614,startseq গ র র জ র জ বন র খ ব র খ ত ভ ত ত ভ ত ত কর ছ endseq
149615,startseq র জ র গ র র র র র র র র র পর পর ক র কর র পর ক ষ র র র র র কর ন
149616,startseq এ ছ ড র প র প ন প র প ন প র প র র র ক র ক ক র ক ক ত হয় endseq
149617,startseq আপন র খব ন য র র র র র ত র উপর ন ত র র য় ন য় endseq
149618,startseq ম জ র র র র র র র ম র শ র র র র র ম র শ র র ম র ম ল র অ শ
149619,startseq ক হ সপ ত হ র ক ন ন গরম জল র ন জল র জল র হ র জল জল র ন ন ৷ endseq
149620,startseq ত ম ল ত র ত ত র ত ত র ত র ত র ত র ত র ত র ত র ত র ত য য চ
149621,startseq ন গ ন চ ল ন ন চ ল ন কর ন ত রপর আপন ক জ ন ন ল গ ন র ক র ক র কর ন
149622,startseq যদ ত র প র যদ ব যক ত স ধ রণ ব য ন য ক নও ব য ক নও জ য়গ য় ক ন ত প
149623,startseq ন কটতম র ত র হল ন কটতম ব ম নবন দর হল হল ক ত ক ম দ র ব ম নবন দর ৷ endseq
149624,startseq গ ন র র র র র র র জধ ন র র র র র র ন র পর জয প র ছ ল endseq
149625,startseq ক ন র র ন জ র ত র ত ন ত য ত ত ক ত স ন ত ন ত র ত র ত র ত কর
149626,startseq এই দ ট র গ র শ শ ক র গ ল ক ক ক ক ক র গ ল ক ক ন endseq
149627,startseq ত র র র র র র র র র র র র র হল হল ক র র র র র র র র র র র কর
149628,startseq প ব ব প রত য ক র ক র ক র ক র ক র ক ট র র র র র র র র র র endseq
149629,startseq ড ড স ড র ব র র র প রধ ন ক রণ ৷ endseq
149630,startseq ক ন গ র ন ভ রত র ভ রত র র জ য র র জ ল র একট শহর র একট শহর শহর endseq
149631,startseq মন দ র র স ন দর স ন দর স থ স থ স থ ত ত কর endseq
149632,startseq ম য় র র ব র ব র র ন ন ন ন ন ন ন ত ন ন ন ন ত ন ন ন ন endseq
149633,startseq জ মস এর ব ন ব জ ন endseq
149635,startseq অন ক ক ন ন য ন য ক ষ ক ষ র ক ষ ক র ক ষ ক র য ত প র endseq
149636,startseq আম আম র ক য ল ন ড র থ ক এই ঘটন ন ট করত হব endseq
149637,startseq ন ন ন দ র ন ন ন ন ন র র র র র র র র র র ন ন endseq
149638,startseq চ ন শ র স থ স ন ন ন ন শ ন শ ন ন ন ন ন ন ন ন ন ন ন ন ৷ endseq
149639,startseq উদ হরণস বর প ক ক ক ন ক ক ক ক ক ক ক ক গ গ ল ন endseq
149640,startseq ন গ ল র জ র ক ষ ক ত ক ত ক ক ষ ক ত ক ক ন ত ক ক ন ত ন ম ন ত
149641,startseq এই দ র র অন য ন র র যটন স থ ন য পর যটন স থ ন য পর যটন স থল endseq
149642,startseq এই ভ ব ব র র র র র র র র র র র র র র র র র র র র র র র র র
149643,startseq ব প স ল ব দ ধ র প র চ ন একট ম র ম র ম endseq
149644,startseq আপন যদ এই ব য ন ন য ব ন ন ন ত আপন র চ ন ন আপন ন ত ন ন ন ন endseq
149645,startseq স র ক য নস র র ক র র জন য ক নও র র র র ক র র ক র জন য উপয ক ত থ
149646,startseq ন র র র র র র র র র র জন য ও ব যক ত র র বছর ধর স ব বছর ধর হয ছ endseq
149647,startseq এ ছ ড ও ঠ ন ড ন ড ন ড ন ড ন ড ব ড ন ড ল ক ক ক ক ক ষত ক ষত ক
149648,startseq ২০১৮ স ল র ম র ষ ট র য র জন য ব শ ষ ক ত ব শ ব র ব শ র ত র জন য
149649,startseq আম র ত ল ক থ য ক endseq
149650,startseq সব জ র র র ম ত র র ম ত র ত আমর ত ত ত ত ত ম ট ক দ ত প র ৷ endseq
149651,startseq চ ল ল র ক ষত গ ল ক ষত গ র ফল ব র য় য য় ৷ endseq
149652,startseq মধ যপ রদ শ র মধ য ন র ম র জ য র র ন র ভ ন ন র জ য র একট র র য endseq
149653,startseq সবগ ল র সমস ত ই ভ রত র ব জ ত ছ ল endseq
149654,startseq ব ড য য একট একট ট য ক স খ জ ন endseq
149655,startseq ক ল র র র র র র র ব র য ব র খ র র খ র র র র খ ব র endseq
149656,startseq স ল ল র র র র র ক র ল র ক র ল র র ল র মধ য ব শ ষ র য য র য
149657,startseq দ ই র ট ট ট ট ক জ ট ম ন ট ক ট ট ভ ট ন ট খ খ ন খ ন ন ৷ endseq
149658,startseq আম ক আম র ইম ইল র ক ন নত ন ইম ইল পড ন endseq
149659,startseq এই অঞ চল র গ র র ন ত র র ন র র র র র র ত র র ত র ত ক ত কর endseq
149661,startseq দ ব র দ ব ষ ট র য উদ য ন র ল ম ট র ক ল ম ট র ক ত রয ছ endseq
149662,startseq চ য হল ম ট ষ ট endseq
149663,startseq আম র দ ন সময র দরক র endseq
149664,startseq আম শ ষ সময আম সময র ম র র র ম খ আম সময endseq
149665,startseq এট ব শ ষ ক ষ ত ক ষ ত ক ষ ত ক ষ ত ক ষ ত র ক ষ ত ক ষ ত র ক ষ
149666,startseq মন কর য য য গ র গ র গ য গ য গ য endseq
149668,startseq ত নট প র ত র য উদ য ন র য উদ য ন র র য র র র য ত র গ র ত বপ র
149669,startseq ম ম র ম র ষ ট র য উদ য ন র ক ন র ম ক ত ব ব ব ব ব ব ত কর হয় endseq
149670,startseq স র র মন দ র ক ছ ক ছ ক ছ ক ছ ক ত ত র র থ ত র থ ত থ ক endseq
149671,startseq মন দ র একট মন দ র র শহর র র হ র শহর র মন দ র র শহর র দ র ত ত endseq
149672,startseq আগ র র জ র জ র ন জ র ন জ র ন ন র র ন জ র র র র র র ন ছ ল ন
149673,startseq য ন য ম ড য ক ক ছ ক ছ ক ত ক ক ক ত র ন endseq
149674,startseq ক ন ম ন ষ র ম স ন ম দ খ ন endseq
149675,startseq ন ন ন ন ভ ন ন ভ ষ র ভ ষ ন র উত তরপ রদ শ র জ য প রদ শ কর হয় ৷ endseq
149677,startseq ক ষ ত র র ক ষ ত র র ক ষ ত র দ ক ত ত র দ ওয় হয় ত endseq
149678,startseq য জ র মত য য য ন য ন য ছ ল ন য ছ ল ন য ন ম র ন য শ ল শ ল ন
149679,startseq জ ন ন র র ন য ন ন ত ত র ন য ত ন ত ত র ন ত ত কর ছ ন endseq
149680,startseq এখ ন ক পড র ক ক পড র স থ ই ব চ ত র হয ছ endseq
149681,startseq ব এম পডক স পডক স ট র ন র শ নত ন endseq
149682,startseq এট ছ ড ও প র র র র র র র র র র র র র র র র র র র র র র র endseq
149683,startseq ক ন ন ন ন একট একট একট র র দ র র স থ ত প ছ ৷ endseq
149684,startseq য র ভ রত য স থ ন র র ন র র র র র র র র র র র ন ন হয় পড ন ৷ endseq
149685,startseq স বছর বছর র স থ ন য বল হয ছ ল আম আম র কর হয ছ এব আম র ম কর ছ ল ন endseq
149686,startseq ফসফর স র র র র র র র র স র স র স থ য য় ব ড য য় ৷ endseq
149687,startseq ক ল গ নট য গতক ল স ট য গ নছ ল শ য গ নছ ল প র চ ল ত প র endseq
149688,startseq ব স ল ব দ ব র র ব দ ত র ব দ র ম র দ ব র ম ক জ ন স স ক ক ন
149690,startseq ম ন গড থ ক ম র পশ চ ম পশ চ ম দ র র র থ ক একট অবস থ ত endseq
149691,startseq প র প র প র প র ব র র ব র র দ ন ন ন ন ন endseq
149692,startseq বল উড ন ন ন ন ন ন ন ন ন ন ন ন ন ন ন ন ন ন ন ন ন হয় ছ ল endseq
149693,startseq ম ল র র ব র র র এব প র র র র প র র র প র র প ত র কর প ত প endseq
149694,startseq গ ন ধ ন ত র ন ন ন ন ন ন ন ন ন ন ম ন ন ন ম র র র র র র ন ন
149695,startseq পর র দ ন দ র র য ক ত র র য ত র র য ত র র য ত র র য গ রহণ কর হব
149696,startseq ন ন ন ল দ শ দ র ল র স ট শন ল ল র মধ য প র ল র স ট শন রয ছ endseq
149697,startseq স ন থ ক ক ন নত ন ইম ইল endseq
149698,startseq স ল নভ ম বর ম বর ষ র র ম ল র জ ত য র স ল র স স ত র স ত ত কর হয
149699,startseq স ই এল ক য সবক ছ ই ব ন ৷ endseq
149700,startseq প রত স ম ম স র ব ঠক এ ব ড র করত মন কর য দ ন endseq
149701,startseq ম ইস র র ওয র জন য ন ন স ব ব স পর ষ ব ব ব যবস থ আছ ৷ endseq
149702,startseq আধ ন ক র র র র ই র জ র র র র র র endseq
149704,startseq ত রপর আস ন আস ত ক ছ ক ছ থ ক ক ছ পর যটকদ র ক ছ ক ছ পর যটকদ র জন য ব ব endseq
149705,startseq ক ন শক ত র গ র র র র ওপর কম গ কম কর কম কর ৷ endseq
149706,startseq পশ চ ম র র র র র র র র ব দ ধ র ম র ম র দ ম এব ম ত র ত র ত endseq
149707,startseq প রত বছর বয়স ক র র র র র র র র র র র র বয়স ক বছর বয়স ব শ দ র য য প র
149708,startseq মধ ম হ র গ র মধ য হ র র র র র র র র র র র র দ র দ ওয় উচ ত endseq
149709,startseq শ ল দ শ র ল ক ক ক র একট একট র স প র খ জ ন endseq
149710,startseq স স ল ম ম ম ম ম ত ত র ম ত র ম ত র ত ন ত র ত র ত র অভ নয কর ন
149711,startseq আজক র জন য ত ল ক য ক আছ endseq
149712,startseq ভ ট প খ য র র র র র র র র র র র র র জলপ রপ ত হল endseq
149713,startseq ন ন বল ছ ন ন ন এই ছব র শ র র য ন র র র র র র ছ ল ন endseq
149714,startseq ম র র জ র র র র র জ য র র র র র র র র র র র র র endseq
149715,startseq ব শ র র র ব শ ষ ক ষ র র র ও সরক র র র র র র র ত কর ছ ল endseq
149716,startseq র র র প র গ ন ন ন ন ন ন ন এব ক ল ল দ র র endseq
149717,startseq ব চ চ দ র র গ র প ট ব র ৷ endseq
149718,startseq ত র প ছ ল প র প রক ত র প র ন ত ছ ল ন ৷ endseq
149720,startseq এট ল লম ব র ব র ত ল খ ল এব ব ন ন ত র ন ন ত ন ত ন ত ন ত endseq
149721,startseq ক ক ক ত র প রত য গ ছ ত প র ণ ক ক র গ র ক ক ক ক এব প র ত ত কর
149722,startseq জল জল র র পর ম ণ জল র খ র খ র ম খ র ই ব ন য য় ৷ endseq
149723,startseq ক ন র ন র ষ ট র য র র ক শ র জন য ক ন র ব শ ষ ট কর য য endseq
149724,startseq আম র আল আল বন ধ কর দ ও endseq
149725,startseq ভ রত র ব ভ ন ন ম র ম র র র র ষ ণ ভ ম র ম র র র র র কর হয ছ ল
149726,startseq এই মরশ ঋত র সময় গরম র ট চ ষ ট কর ন ৷ endseq
149727,startseq ক ন ন ন ন ন র গ র র গ র ম ন গ ল প র চ ন ত দ র গ ল চ প দ খত
149728,startseq যদ ক স ন ন ন ক ন ন স ন ন স ন ন থ ক ম ম ট র র র র র র র র endseq
149729,startseq ভ ল ট র চ রপ শ র র আছ endseq
149730,startseq ব ত ত ত ব ড ন ফ ফ র ফ ল ছ endseq
149731,startseq ক ল র র র ন ন ল গ ন ন ন ন গ ল ন ন ন গ ন ন ন ন য় ন ন ন ন endseq
149732,startseq ক ন গ হ ন ঐত হ যব হ ন ত র স ন ত র স ন ত র স ন ত স ব পর চ ত endseq
149733,startseq গ য য র ড য ট র র য ট র স ট র সব জ য গ য সব জ য গ য গ য গ য
149734,startseq এর পর খ ব র খ ওয় র ছ ল হয় ত হল ত র খ ওয় র জন য স থ থ ক endseq
149735,startseq এখন র র আল বন ধ কর ন endseq
149736,startseq আম ক বল ন বর তম ন স টক ম ল য আম ক বল ন endseq
149737,startseq পর ক ত ত র র র ত ত র ত র উপর ন র ভর ত ত র র র র ত ত প র endseq
149738,startseq ত ন র ট ট ট র ট র র র র র র র র র র র র র র র র জন কর ছ ল ন
149739,startseq স ব দ ব র র র র ল ভ শন র ন ন ন ন ন ন ন ন ন ন ন ছ ল ন endseq
149741,startseq খ ল য য ন র ন র র র ন র র র ন র র র র র র র র র র র র র র
149742,startseq প রথম ভ ব ই গ র গ র থ ক র গ র থ ক থ ক থ ক ই ত র endseq
149743,startseq প র ক ত ক ক ত স ক র স থ স থ স থ স ব স ব স ব ক ব র ক র যকর র
149744,startseq যদ ক র গ র ক ষ ত র কর হয় ত হল ক ক ম ল য ত র ম ক ত য ত ত endseq
149745,startseq ক ন র র ষ ট র য ন হ ন য র য র য র য র হ ন য হ ন য র ন ম পর
149746,startseq ত র র গ ন র র য র র র র ত র র ত র র গ র ত বপ র ণ ভ ম ক প লন
149747,startseq ভ রত র গ ন ভ রত র প ত র ত ত ত ত ত ত ত ম ল র প র ভ ত প রয ছ endseq
149748,startseq এছ ড ও ট ট ট ট ট ট ট ট ট ট ট ক ক ব ড ও আছ ৷ endseq
149749,startseq ক ন র ন ন ন ন ন ন ন নত ন র ন র র র র র ন র র ন র ব শ কয কট হয
149750,startseq তব ন য র র ত র স ত র অবস থ ত র র য য় য য় endseq
149751,startseq স র ম র র ত র পর র র র র র র র র র ম র ম ন ন র ম ন ন endseq
149752,startseq ন ক ন র ক ন ত র ক র ক ত র ক চ ক ত র ক র চ ক ত র র দ য় endseq
149753,startseq র র র র র র র র র র র র র র র র র র র র র র র র র জন য ন endseq
149754,startseq স মব শ র র র শ ক রব র র র থ ক চট র জন য য য য ল ন ড র ক জ কর ন
149755,startseq ক ছ ক র র ক র ক জ কর ন ক জ য়গ য় ক জ জ ন স ব জ ঞ ন ক জ কর ন endseq
149758,startseq প রত য র র র ত র র র র র ক র ত র র ন ট ক র ন ট ল ল ন ন ক ন
149759,startseq ক ল ল গ ন র ল ল ল গ ল ব র র ব র ব র ল র র র র র র ত র কর হয
149760,startseq ক ন গ র একট একট একট প র র ত র ত র ত র র র র র র র র র র র র র র
149761,startseq র র এব এব র র র র একট হল একট ক র ক ক ক য ন ড র একট জনপ র য় endseq
149762,startseq আম আম র এ প এ প এ য অ য ক উন ট এ এন নম বর এব আম র প য ব র ব র ব চ
149763,startseq ব শ ব র ব শ ব দ শ ব শ ব শ ব শ ব শ য ব শ ব শ র ব র ব র য endseq
149764,startseq অমর ন ন ন র র ক র র ন র ক ন র ক র র ক র র র র র ত র কর হয ছ ল
149765,startseq ম ল ল শ ল গ ন ন শ ল আর ক ন ন ন ম ল য endseq
149766,startseq ন ন ত ন ত ন ত বক র শ ষ ক ষ ক ত প র ন ৷ endseq
149767,startseq দ র গট র র জল র এক ম র র ম ণ জল ভর কর দ র endseq
149768,startseq একট বল বল অন ক স ব ধ অন য ন য অন য ন ন endseq
149769,startseq ব চ ল র ব শ ব র প ল ব র ব ব ব র ব র ব ব স ন ন জ ত য প য ছ
149770,startseq আজ এখ ন প মন দ র মন দ র র ন ত আছ endseq
149771,startseq ত ম ক ম র গ ন চ চ ই endseq
149772,startseq প র ণ ক ক ক র র ক ক র র ক ষ র র র র র র র র র র হয় ৷ endseq
149773,startseq ফলস বর প ফল ফল অন য থ ক অন য অন য অন য অন য অন য অন য ধরণ র সমস য হয় ৷ endseq
149774,startseq ভ রত র ভ রত র ভ রত র পর র ভ রত র পর বর ত র ভ রত র ন র ন র থ ক প ওয়
149775,startseq অন য ন অন য ন র অন য ন ন অন য ন ন ত র অন য ন ন ত ব র ন কর হয় endseq
149776,startseq ফ ল র ন ন ম র ল ন এব ন ন নত ন নত ন ক ন র ন ষ র ন ষ র ন ন ন ন
149777,startseq উদ হরণস বর প র য য য য য য আপন ক ছ য আপন ক ক ক ক ক ক ক ক ক কর প র ন
149778,startseq ক ন গ ল র গ র র ন ন গ ল ক ন ন ন গ র ক ন গ র মত ন গ য় র ন ত
149779,startseq আপন ক ন ত ম ট ক ট ন এব ত ত ম ট ন এব ত ট ম ট ন চ ষ কর endseq
149780,startseq প রত য ক ত র র র র র র র র র র র র য দ র দ ব র দ ওয় উচ ত ৷ endseq
149781,startseq স ট অ য ন র স ব যবহ র কর র পর ম ণ র র র র endseq
149782,startseq বর তম ন ত র একম ত র র র র র র র র স র স র র endseq
149783,startseq এই ক ষ ক ষ ত ক ক ক গ বল হয় endseq
149784,startseq আপন ক আম ক আগ ম ক ল র আবহ ওয জ ন দ ন endseq
149785,startseq আপন হয়ত প র ন ন দ র ত র ন ন ন জ র র হ র র র হ দয় র আপন র হ দয় র কর
149786,startseq ভ ত র গ র র র র র স ন দর য র র স মন দ র র ম র ম বল হয় য য় ৷ endseq
149787,startseq প র র সময় প র র জন য প র র ত র র সময় র ত র হয় এব র ত ফসল র জন য প রয়
149788,startseq আপন র উপর র উপর র র উপর ন র র উপর আপন র উপর র র র র র আপন র প রয় জন য প প র
149789,startseq ক ন ত এই দ র গ র প র শ র প রথম দ র প রথম স ট ট ট প ট প ট কর ন endseq
149790,startseq ফ সব ক ছব প প ন endseq
149791,startseq বড র র র র র র র র র র র র র র র র র র র ছ ল র র ছ ল endseq
149792,startseq স ব র র র র র র ন র র ন র ন র ন ন ত র ন ন ত র ন ন endseq
149793,startseq ম ত ত র র ত র র ত র র ত র ত র র ত র র র ত র র ত র চ ন ত ন
149795,startseq প ৎজ ড থ ক ব হ ম র র র ব ভ ন ন ড র র প প র ড অর ড র কর ন endseq
149796,startseq ম র ম র হল ব দ ধ এব স স স স থ ন র স থ ন র জলব য র স থ ন র endseq
149797,startseq যদ ক ড ক ড ক ড ক ত র ও ক য ত ও ক ক র এব এব ত ক র প endseq
149798,startseq একট ম ম ম র র এব লম ব চ ত র ভ রত র চ ত র এব এব ত র এব র র র endseq
149799,startseq আপন র র ক র স থ র চ ক ৎস র ন য ত হল আপন ক র র র পর বর তন কর ন endseq
149800,startseq ক ন ত র র ত র র একট বড ম র র র ম ত র র র ম র প রয় জন ৷ endseq
149801,startseq সম ভবত এই স থ ক বছরগ ল ন য র র শ ষ র মধ য ব শ ষ র মধ য অন যতম বড endseq
149802,startseq স ত ত র ন ন র র ন ম র র প রশ ন ত কর ন endseq
149804,startseq ক ন র অভ ব র র অভ ব স র র হয় ছ ৷ endseq
149805,startseq ক ন র স থ স থ ক র র গ র র গ র র জ র র র গ র ম ত র গ ন কর ন
149806,startseq প রথম ব প প প প ন কর ছ endseq
149807,startseq ত র র র ম ত র ক ন ত ত র ক ন দ য দ ক ন ত দ য ক ত করত করত ন endseq
149809,startseq ত র গ ছ ত হ ত গ ছ ন য ত র র র আপন র র র র র র র র য ছ endseq
149810,startseq ক র ক র র ক ত ক ক ন গ ল ক ক ক ক ক ক ক ম ক ক ক ক ক ম endseq
149811,startseq স ধ র র ন ন ও প র র কর কর হয় ৷ endseq
149812,startseq এ ছ ড ও মহ ল র র র র র র র র র র র র র র র র ন ন ৷ endseq
149814,startseq ন লবর ন র র পব ত র স থ ন র পব ত র মন কর হয endseq
149815,startseq ক ন র র ন র র র র র র র র র র র র র র র র র র ন ত কর ছ ল ন
149816,startseq স তর ভ কর র জন য স র র র র র র স ব স থ য য ব য থ ক য য ত প র
149817,startseq আম র কন ট য ক ট একট ইম ইল য গ কর ন endseq
149818,startseq এর ব র র খ ব ক ক ত ত ত র খ ব খ ব সহজ ই খ ব র ক ক ক উচ ত endseq
149819,startseq ক ছ ক ছ ক ছ ক ন ট র ক ন ক ট আছ ক endseq
149820,startseq র ড ও র গ ন ন শ র একট ব শ endseq
149821,startseq শর র র ব র থ ক ব য থ র ক ব য থ র ক ব য থ র র র র র র ত হয় য
149822,startseq দ র গ র র ন র র র র র র র র র র ম ণ কর ছ ল ন endseq
149823,startseq ন র র র র র র র র র র র র র র র র র র র র র পর পর ক ত কর ন endseq
149824,startseq ম গ ন র গ ন জ ন ন গ ন ন ন আর ক গ র ক র গ র ক র গ র গ র গ ন
149825,startseq ত বক র দ র র র চ ক ত চ র দ র দ খ দ য় endseq
149826,startseq অল কফ কফ র কফ ব ক কফ ব ন কফ ব ন কফ ব ড় য় দ ও endseq
149827,startseq দ র র আমর দ র ত য আমর ত র র র ক ছ ল ন ক ন র ক ন র ক ছ ল ন endseq
149828,startseq ক য গ এই ক গ র সঙ গ সঙ গ ত ক জ ন য় ৷ endseq
149829,startseq র জ র র র র র শ সনক ল শ র ন গ ছ ল ন ন গ ন গ ন ন ন গ ছ ল ন endseq
149830,startseq স ছ ড র র র র গ ছ ব য থ ত ব ড য ব য থ য ব য থ য ব য থ য য
149831,startseq স ধ ত ত কর র পর ক ত কর র পর ক ত কর র ত থ ক ন ত র ন ত ন ন endseq
149832,startseq ক ন ক র ক ক ল প র ব প প র গ প র ব প র ব র প র স ব স কর ন endseq
149833,startseq ত র র র র ছ ল ন ত র ক ছ ক ছ ন ক ক ন ক ক ক ক ক ন ক ন র র প
149834,startseq বর তম ন ক র ক র ক ম র র জ য র ক ল ম ট র র য র ক ক অঞ চল অবস থ ত
149835,startseq এট একট পর পর যটন স থ ন র জন য পর যটন স ল ছ ল endseq
149836,startseq ত ই এই গ ন ড প হ ড ড প ড ড ত প র ৷ endseq
149837,startseq শ শ ক শ ক কখনও কখনও শ শ ক শ শ ক শ শ র হয় শ ক হয় আর কখন কখন হয় শ য় হয় endseq
149838,startseq প রক ত ত ত র র র র র র য ত র ত ল র র ত র র খ ব র খ উচ ত ৷ endseq
149839,startseq হ ই প ছ ন ত প র ব শ ব র র উপর ন র ওপর ভ ল কর ন ৷ endseq
149840,startseq চ ল ব গ ন ব শ ষ ট কর ব শ ষ ট ব গ ন ব শ ষ ট ব গ ন ব র থ ক ব
149841,startseq আম ক জ র র ক ন র র ন ম ত করত endseq
149842,startseq গ র হল হল ণ ড র প ণ ড স ন ন র র র র স ন ম র স endseq
149843,startseq মধ ম হ র ফল ব তচ প তচ প তচ প তচ প র endseq
149844,startseq ক ন ক র র ন ন ন ম র ন ড র ন র ন এব এই অঞ চল র একট ভ ম র র ক ক ক
149845,startseq প র ট র ষ ট র য উদ য ন প রজ ত র প রজ ত র প ওয য য endseq
149846,startseq আম আজ আজ ব যস ত endseq
149847,startseq চ চ চ দ র ও ব চ র স র গ র স থ গ দ খ য য় endseq
149848,startseq ব ন দ মন দ র প রত য ত ন দ ন র জন য দ দ র দ ক ত র খ দ ওয় হয় endseq
149849,startseq দ র য র র র র ত র র র র র র ন ত র র ন দ দ ন দ ন য য য endseq
149850,startseq প র র র র র র র র র র র ব শ ব শ হয় ৷ endseq
149851,startseq গ ট ম ন ট র ট প র র এব ম ট র র র র র ট র endseq
149852,startseq ত দ র দ ব র র স থ ন দ ব র ব দ ধ কর endseq
149853,startseq ক ন ন ক ম ন ন ন ন র র ন ত র ম ত র ব র ত র ত র ত র ব যবহ র কর
149854,startseq স ন ম র স ন ন র ছ ল ন ন ন র ছ ল ন ত র স ন দর য র ন ন ন ন ন
149855,startseq আপন যখন একট র র ন ন র সময ন ন র সময ন র র সময ক র র র ত র র ন endseq
149856,startseq ম য ম থ ক ম ঝ ও প য য র ন ত র খ ব র ত র ন ন endseq
149857,startseq ম ত র দ শ র ম র ভ ভ ন ন আল দ দ য য endseq
149858,startseq ত ন সম দ র র ক র র ম র ম র ম ণ কর ছ ল ন endseq
149859,startseq আম আজ আম ক ইম ইল প ঠ য ছ ল প ছ ল endseq
149860,startseq স ই শ র ম র র ম র যম ন র ম র ন ন র ম ন ন র ক ন র গ ন র জন য
149861,startseq ক ছ ক ন ত র র র র র র র প র র প র প র র র ম ম র দক ষ ণ ভ ম
149862,startseq স ত র ত র ত র র র ত র র র ত র র র ত র ত র ব র ব র কর হয় ৷ endseq
149863,startseq ন র র গ র র গ র ম ন র র র র র ক ক ক ক ক ক ক ক endseq
149864,startseq উদ হরণস বর প র ক র জন য দ র জন য ছ ল ন য য র র র য র র ন য ন endseq
149865,startseq অ য ল ম ট র দ ব র র ম ত র র ম ন ষ র ম ত র র ব যবহ র কর উচ ত endseq
149867,startseq ক য ল ন ড র সমস ত ইভ ন ট স ট কর ন endseq
149868,startseq যদ ক র র র জন য ন র র ন র র ন র ত র ন র ন র ন র ন র ন endseq
149869,startseq প র ন ন দ র ও ভ ন ন র র ত র র র ত র র ম র র র র ম র ত র র
149870,startseq প রথম একট প র স স ধ রণ স র স থ য র র র র র র র র র endseq
149871,startseq ইম ইল র ক থ ক নত ন ব জ ঞপ ত অন সন ধ ন কর ন endseq
149873,startseq ক শ র ক ক ক র ক ক র শ র র ক ন এব ত র র ন র ন র ন ন endseq
149874,startseq এই শহর র একট হ হ হ স ক হ হ স র ন র বল হয ৷ endseq
149875,startseq স ম র র স হ য য স র র র প র র র র ত ত ত ত ত কর হয endseq
149876,startseq জল জল ন ঠ ন ড জল র ত র শর র র শর র এব শর র ব ব ব ড য য় endseq
149877,startseq র র র র য য র র র ন ন ক ন র র র ন ন ক ন ব র endseq
149878,startseq পরবর ত happy ব ভ লব স ব জ ন endseq
149879,startseq স জ য গ র র ন য ত ল ল ন য য ন ল ন য য ন endseq
149880,startseq প রত ব ব দ এব ব স র র র র র র র র স থ র থ ক ৷ endseq
149881,startseq আম সপ ত হ শ ষ ক ম ট আছ endseq
149882,startseq এই স ষ ণ থ ক প র র র প র র ত র র র র র র র র র র endseq
149883,startseq আম র পথ য ক ক ফ ক স টক আছ endseq
149884,startseq গ র র র র র র গ র ক ষ র গ র ক ষ ত র গ র ষ ট র ব র র ত ব শ
149885,startseq স র ট ম ট ম ট ম ন র র র র র র গ র ব ন ব ব ড ন ৷ endseq
149886,startseq ব র ব র র র ব র র থ ক ক র র ক র র র র প র র endseq
149887,startseq প রথম আপন র প রথম আপন র প র ন য আপন র র য ব ন র ব ব ব র করত প র ন endseq
149888,startseq ক ন ত ম ত ত ম র ত ত র ন ন ন ন ন ন ন ন ত র ত র র ম ন ষ ত র
149889,startseq ত ন ন ন শ ন ত র ক ষ র ন র র ক ত র ক ত র র ক র র র র র ত কর
149890,startseq পর বর ত আপন র ব যবস থ র জন য জ ন ন ন ম ল ক ন ন ম দ র দ ন ন endseq
149891,startseq ন ম র র র র র র র র ন র ম ন ম গ ন ম ন ম গ ন ম ন র endseq
149892,startseq স স ল র গ র র গ ল র একট স য গ র স ব র র জন য একট ক র র ক ন দ র
149893,startseq ভ রত র পশ চ ম র উত প দন র মধ য উত তর ভ রত র ম র ষ ট র ত বপ র ণ ভ ম
149894,startseq ম র র র র স গন ধ হল স র র মত স ন র র স থ ন র মত ৷ endseq
149895,startseq য র র র র পর র গ র র র র র র র র র র র র র র র র র মত ৷ endseq
149896,startseq ক ন গ গ ল ক র গ র প র র নদ র ক র নদ র প র র র র র ও প ক ও endseq
149897,startseq ক ন র র ক ট ক ট র র য র র র য র য ট ক ট র ন endseq
149898,startseq ভব ষ যত র ত র র র র র র র র র র র র ত প র endseq
149899,startseq ত র র ড ত জ অন সন ধ ন কর ন endseq
149900,startseq গ ন গ র গ র ম র গ র ম র গ য র র র র র র র র র র র র র র র
149901,startseq ক ন ন ভ রত য অভ ন য অভ ন য অভ ন ত য হ ন দ দ হ ন দ দ য য endseq
149902,startseq এর জন য ন র র র র র র র র র র র য য ও আপন র ড ব য থ ক প র ন ৷
149903,startseq প ট ব ল খ ল ট ক জল ব ন ন জল খ ল র ব র ন ন ন র জল র ট ক ন ন য
149904,startseq ত ন দ ন র জন য গ ল গ গ গ গ র গ য় থ ক endseq
149905,startseq গ য ন ন ন য গ য গ য র ন য ছ ল ন য ক ত র র র স ব ক ত কর ছ ল
149906,startseq যক ত র ক ক ক ক ত স ক র স ক র স ব ক ব র য় ব শ ব স থ ন য় ব শ
149907,startseq ঘ ম ঘ ম ঘ ম ঘ ম ঘ ম ঘ ম ঘ ম করল ম ন য় র র ন ন ন ন endseq
149909,startseq স স র স ব দ ওয় র জন য দ ওয় হয় ছ ল এব ত র গ ছ র ব ত endseq
149910,startseq ম র র র ক ছ ম র র র র র র র র র প য় ছ ল endseq
149912,startseq য র র র র ল ক র ল ক র ল ক র ল ক র দ ক র ল ক দ খ য য় ৷ endseq
149913,startseq দ ই ম ন র র দ ন পর প র দ ই ত র ব র র র দ ব র র ন য গ ন ন endseq
149914,startseq ম র য র প রথম ম র র র ম র হল এই স থ ন র স ন দর য হল দ র র মত ৷ endseq
149915,startseq য য র র য ল র য য য য র ক ক ক র য য ক ন য য য আর থ ক endseq
149916,startseq চ র র গ র র র র র র র র র র র র র র র র র র র র র ক ষত কর য
149917,startseq যদ ক ছ সময় শ স থ স থ ক তখন ত ত দ র খ ব র শ দ র খ ব র খ ওয় উচ ত endseq
149918,startseq অন য য য য য য য য য ল য য ত ল য ল য গ ল ভ ব হয় য য় ম ব য য়
149919,startseq ভ র র র র ন ন ন ষ প রধ ন প রধ ন প রধ ন র endseq
149920,startseq দয কর গ ন ব জ ন endseq
149921,startseq ত ত ত ত প র র ত র র শ র র র দ শ র র খ দ য র খ শ র কর ছ ল endseq
149922,startseq এখ ন র মত অন মত ব ন ন ত ব শ ব স ন ন র ব শ ব স থ ও আরও ব শ ৷ endseq
149923,startseq এর প প প ত ব প প র য় ম খ ব র প র র স র স র য় প য় endseq
149924,startseq ম ত র ব র র র ন য ত হল ত র ত র ত র ত র ত র ত র র হ ত য য় endseq
149925,startseq ক ন গ ন ন জ র ন জ র ন জ র ন ল গ ন য ত প র ন ৷ endseq
149926,startseq ক ন ন জ র র র ন ন র র ষ ট র য উদ য ন র র র র অবস থ ত রয ছ ৷ endseq
149927,startseq আপন ক ক কর র আগ আপন ক ক ন ক ন ক ক ন ক ক ন ক ন করত হব endseq
149928,startseq আমর ব স র দ য র স স স থ য র স স স স ব দ দ য ত প র ৷ endseq
149929,startseq স ব স দ র গ র মত র গ র র র র র র র র র র র র র র গ র থ ক ৷
149930,startseq ন ন ল গ র র গ র ভ রত র গ র ম র গ র র ন র গ র গ ছ ল ন endseq
149931,startseq এট ছ ল ন এব গ র র র র ল এব প ল ল ত হয ছ ল endseq
149932,startseq ন ইট র গ র ইট স র গ র গ র গ র গ র র র র র র র র র ব ব ড য য়
149933,startseq ক ন নম বর ত ত র জন য ক ন ড র র র জন য ব ন র গ ল র জন য ভ ল ন র
149934,startseq ন ন ন ন ন ন ন ন ন ন য ন ব শ ব র ব র ব ব র ব র ব র কর হয endseq
149935,startseq র গ র র র র র র র র র র র র র র র র র র র র র র পর যন ত প রব
149936,startseq প র র র র ষ ট র য উদ য ন র প রধ ন হল ম ন র র ক ছ ক ছ ক ছ ক ছ
149937,startseq সময র বল endseq
149938,startseq যদ ক ত র ক ন ন ন ন ল ন তখন ত রপর ন ন ন ন ন ন ৷ endseq
149939,startseq প র ক ছ প র র র ক ছ ড ক ত র র র র র ক র ন র র দ র বল য য endseq
149940,startseq এই ফসল র ফসল র ফসল র শ শ র র ফসল র শ শ র র ব শ এব ব শ ব শ ক ষত ক endseq
149941,startseq ক ন ন ল ক ন ন ন ক ছ ন ন ক ছ থ ক ন থ ক ছ ক ছ থ ক ছ ক ছ ল ৷
149942,startseq এই ব ল ব র ষ ট ভ ব ক র র ত র র ত র র র র র ত র র র র র র র
149943,startseq ক ন ন ন ল ল ন ন র র ন য ন র ন র ম ণ কর ন র ম ণ কর ছ ল ন endseq
149944,startseq স ন ন ন ন র র র র র র র র র র র র র র র র র র র য় endseq
149945,startseq র জ য র একট হ র রত র রত র রত র র রত র র র র র প র endseq
149946,startseq ক রল র ক য র র য য য র র র র র র র র র গ ল ভ ল ন ন endseq
149947,startseq সব শ র ছ ড বরফ পড আর বরফ পড ল ৷ endseq
149948,startseq জ ন গঢ হল গ জর ত র একট ছ ট র ত র ত র ত য ত endseq
149949,startseq স ন ন র র র র র র র য য য ন য ন য ন ত র ন য ন য ন endseq
149951,startseq এই ছব ত র ন ন দ ও ভ ন ন এব ন দ র ন এব ন দ র ন এব ন দ র ন ন ন endseq
149952,startseq ভ রত র র র র র র র র র র র র র র র র র র র র র স ন য র স ট
149953,startseq ল ন ন র র ম র র র র র ন ন ন র ন ন ন জ র র র র র র ন ন endseq
149954,startseq এট সম ভবত এই ক র র র র র র র র র র র র র র র র র র র র ক ছ ছ ল
149955,startseq এর জন য উপট ন র র ব যবহ র কর ন ৷ endseq
149956,startseq ব র র র র র র র র র র ত র র হ ত ল হ ত দ র ল হ ত দ র endseq
149957,startseq ভ রত র ভ রত র ভ রত য ক ত ত দ র য র য র র ভ ত ত ভ ত ত কর কর কর ছ
149958,startseq এট ত র সঙ গ ত র সঙ গ ত র র ত র অভ য ত কর endseq
149959,startseq এমন অবস থ য় প রয় জন য় ব শ পর ম ণ ব শ পর য ত দ র আর আম দ র স থ য থ ক
149960,startseq ব শ র র র র ব শ ব র ব শ ষ ক র ব শ ষ ক ব ব শ ষ ক র ব শ ষ কর
149961,startseq য জ ল য় র জ ল য় ক ন কটতম ক ন দ র ক ন দ র endseq
149962,startseq পর ত ত ত র ত ত ত শ ক ত ত ত এব ত দ র দ ক ল ল ত প ত ত ত endseq
149963,startseq দ শ চ র দ ট দ ব দ দ কর ন endseq
149964,startseq ন ড ন ল র র ন ন গ য র স স ক ত র স ক ত র স থ য ক ত য ক ত কর
149965,startseq এই সময় র র লগ র ট র ট ক ট ব ক কর ন endseq
149966,startseq অন ক ব শ ন ন র অন ক ব শ র র র অন ক ব দ ধ র র র র র কর র জন য endseq
149967,startseq এই হ হ দয় র র হ দয় র র র র র র র র র র র র র র প র ণ কর ৷ endseq
149968,startseq সমস ত স ক সমস ত প র র র র র র র র র র র র র র র ত র র জ র ক র
149969,startseq ন য র গ র ক য ন ক ক র গ র ক ক ক ক ক ক ক ক ক ক ক ক ন স ন ন
149970,startseq এই ভ রত র র ন র ভ তর র মধ য দ ন ন ন র র ন র সময ক ন র র কর উচ ত endseq
149971,startseq ন ন ন ন ন হ র হ র প র র র র র ন দ র ন ন endseq
149972,startseq ক ত র ক র র ণ ড র ণ ড র ণ র ক র র র র র র প র প র প র ণ endseq
149973,startseq অ য ল স ট ক ব স ফ ল র স ক রণ র ফল প রথম ব র র র র র যবহ র কর উচ ত
149974,startseq ক ন ম র ক ক ন নত ন ইম ইল endseq
149975,startseq জল র র জল র র র র র র র র র র র র র র র র র র র র র র endseq
149976,startseq ফসল র ফসল র র র র র র র র র র র র র র র র র র র র র র র র র র
149977,startseq প র র র গ র প র দ র গ র ম দ র দ ব র রঙ র উপর দ ব র র দ ক ৷ endseq
149978,startseq কখন স ক ক স ক ক ত ক ক ঘটন ঘট endseq
149979,startseq ক ন শ শ ষ র স স স স থ র শ ষ র র র করত প র ৷ endseq
149980,startseq গ য গ য হ স ক ঐত হ স ক র র অন ক স থ ন আছ endseq
149981,startseq প র র প র প র র প র র র প র র র র ম র র র র ম র র endseq
149982,startseq হ ম র র র র র র র র র র র শ ল প র শ র ত শ র কর endseq
149983,startseq ন জ র র র র র র র ন র ম র ন জ র ক ছ ক ন জ র ন জ ন ন ত কর ছ
149984,startseq আজ ক ছ জ জ ঞ ছ endseq
149985,startseq এই ব ব গ র ত র ল ল র র ল ল র র ল র র র র র র র র র র ত র প
149986,startseq স ন র গ ন ৷ endseq
149987,startseq সক ল র র স র গ ড ন ড র একট জল র ট ন ন ন ৷ endseq
149988,startseq চলচ চ ত রট ২০১৪ স ল ত ম ম চলচ চ ত ত ম চলচ চ ত র চলচ চ ত র র ম র ম ন র
149990,startseq ন য় র হল হল স স ধ রণত জনপ র য় জনপ র য় জনপ র য় endseq
149991,startseq র জ য র র য উদ য ন র জ য গ ন ন ন ন ন ন ন endseq
149992,startseq তব ইহ ক সরক র র র য ত র র ত র ত ত র ম ত র ত র ত ত ত প র ন endseq
149993,startseq এখন র র এখন ব ইর কর ন endseq
149994,startseq অ য ন ক ন ত ত র ত র র র র র র র র র র র র র র র সম প র ণ ত
149995,startseq প প র র র স থ স থ ক র কর র ফল স র স র স ক র স ক ষ র স র স র
149996,startseq প ষ ক র ন র র র র র র স ক স ব স থ স ব স থ স ব স ক র স ক র
149997,startseq ক ন গ র ম ন ষ ণ এব প র র র র র র র র ম র ভ গ কর ছ ল endseq
149998,startseq স ব স স থ স ব স ক ত স ক ত ক ত ক ত র ন ত ক ত র দ ক ন ত endseq
149999,startseq ক ন দ শ র পর যটকদ র জন য একট স ধ রণ ব স ন ত ত নয endseq
150000,startseq ত র র ত র ব ব র সদস যর থ ক সদস যর থ র র ব র শ ষ র প র শ র ত র কর
150001,startseq ম ন র র দ র হল ন র ন র র র হল ন র র র র ক র ন র র র খ য় endseq
150002,startseq স ব দ ব ত র র ন ম ন ন ইত য দ য গ ইত য দ র ক র কর র জন য কর endseq
150003,startseq দ খব ন য ন য ন য ন য ন য ন ত আপন র ট ট ট ন ট র ট খ দ খ য য় endseq
150004,startseq ব ক ব র র র জন য ত র র জন য আম ক ত র র ম ইন ড র ত র একট ইম ল খসড কর
150005,startseq সময় জ র সময় চ চ চ র ন ত চ খ ওয় উচ ত নয় ত র খ ন ন ত ন র খ ন ন endseq
150006,startseq শ ষ ত র ম ত র দ ক দ র দ ট দ শ দ র দ ট ভ গ ত কর দ ওয় উচ ত endseq
150007,startseq যদ আপন র ব শ ন কর ন ন যদ ও এট ক ক ক র র ও ও ক ষত কর ন ৷ endseq
150008,startseq ম র চ ত র ন ম ম ত র ন ম ম ম ক ত ক ম ম ম ম ক ম ক ম ম ক ত ক
150009,startseq ন য ন র র র ন ন ন ন ন ন ন ন স ন ন র স ন ন র স ন র র র র র
150010,startseq এট ব শ ব প র ব ব য ক প ব র জন য ব ব র ব র র ত প র ন ত প ব ন
150011,startseq প রত ক ছ র জন য আপন র স থ ক ন ন ন ন ন চ ন ত ন চ ন ন চ ন ন endseq
150012,startseq পর দ দ র ত র র ন ন য ন ন য য য ন য ন য ন য দ ব প ছ ল ন endseq
150013,startseq এই ক ত ত র র ত র র ত র ত র ত র ত র ত র ত ন ত ন র ন endseq
150014,startseq এই স স র র র স ক গ র স গ য গ র ক য কর ৷ endseq
150015,startseq আম র ক ন ক ট র ত ল ক থ ক ক ছ দ ন endseq
150016,startseq চ ত র র গ র ম র য র ড র র র শ শ ব হয় ৷ endseq
150017,startseq ম নস ক শ ক ষ ক ক ক ক গ ছ ক ছ ক ছ ক ছ ক ছ য র র সবথ ক বড শ ক ষ
150018,startseq ব যক ত র র র র র র ব র ট ব র ব র ব র ব ব ব ব ব ব ব ব ল দ য
150019,startseq অনল ইন স অনল ইন দ র র খ ল য ড র জন য প রক র র স খ ন য ন খ দ য উপলব ধ
150020,startseq ত ল ক থ ক দ দ ন ম ছ দ ন endseq
150021,startseq ক ম র দ র থ ক ম ক ল ম ট র দ র র ম র র র ম র র র র ন মন দ র
150022,startseq ন ক ক ন ন ন ক ন ন ক ন ক ন ক ন ন ন ন ন ন endseq
150023,startseq যদ ও হ ত ত ত র জ র ত ত র জ র ত ত ত ত ব র ব শ ব য থ হয় endseq
150024,startseq তব দ দ র র র দ দ র দ য ই এই মহ ল দ র র র ত র ত কর হয ছ ল endseq
150025,startseq ন ন র র ন র জন য আপন র র য ল ন র কর র জন য ন র র র কর র কর ন endseq
150026,startseq প রক র র র র র র র র র র র র র র র র র র র র র র ন endseq
150028,startseq ন য়ন ত রণ র র র র র র র র র র র র র র র য য গ য ব endseq
150029,startseq প র গ র প র ব ভ ন ন প র র র র র র র র র র র র ত র ত র প ত
150030,startseq এট র র র র ষ ট র য র র র ক ছ ক ত ক ত ক ত ক ত ক ত endseq
150031,startseq ভ ত নভ ম বর বর ম র র ষ ট র য উদ য ন র লস ট র র লস ট র য লস ট র উপয
150032,startseq পর র পর ষ ক র পর ক ষ কর ন ন ৷ endseq
150034,startseq স থ ই প থ ব শ র গ র ম স র র র র মধ য হ ট র স র স ত প ত হয় ৷
150035,startseq ক ন গ ছ ছ দক ষ ণ এব এব য গ য গ য গ য গ য ত র র র র র র দ র দ
150037,startseq ফ র র র র র র র র র র র র ন র র ন য ত ন র ন ন ন ন উচ ত ৷ endseq
150039,startseq এখ ন র র র র গ র ম র র র র র র র র র র প র endseq
150040,startseq ব দ দ ট আল বন ধ কর দ ন ন বন ধ কর ন endseq
150041,startseq গর ভ বস ত নট গ গ ব ভক ত কর হয ছ ৷ endseq
150042,startseq ক ব র র র র র র ব শ ক র র র র ব শ ন র পর যটকদ র ন র র endseq
150043,startseq ক ন র র র র র ত র কর হয ছ ল ন য ত র র ল গ ল ত হত endseq
150045,startseq এট ত ত ত ক ল ন ত হয ত হয য ন ত য ত র ন ত ক ল ন ত ন ত ন ত হয endseq
150046,startseq চ ল ল জল র গরম জল খ ব র ব যবহ র করব ন ন ৷ endseq
150047,startseq স ত জলপ রপ ড খণ ড ড ড হল একট জলপ রপ ত endseq
150048,startseq যদ আপন র র ক ক র ক র হল হ দয় র গ র গ র গ র ক রণ endseq
150049,startseq দ ল ও প র দ ল ল আর ম ল য র র ল আর স র ভ ল এব ভ ল endseq
150050,startseq ব চ চ ন ত ন ত র ন ত র ন ত র ন ন ন ত র গ ন ন ন র গ র ন endseq
150051,startseq ১৯৪২ স ল র স ন ম ন ন র সঙ গ ত র ন র সঙ গ ত র র র র শ র কর ন endseq
150052,startseq ২০১১ স ল ত ন ক ল ক র ক ছ ল ক ষ ত র এব গ ছ ছ ল ছ ল endseq
150053,startseq ন জ ন ন ন আপন ক ন ন ক ক ক ক ক ক ক ক ক ন ন ন ন ন ন endseq
150054,startseq আপন র জ র র ন জ র র জন য একট র র প প র র র খ র র খব ন endseq
150055,startseq প হ ড র চ র চ র চ চ র চ চ র চ চ র চ নতম র র চ র চ র স থ ত রয
150056,startseq এট কর হয় আর ম ট ক র স স ক ত হয় য য় ম য় র য় ম থ র হয় য য় endseq
150057,startseq ক ন গ র ক র প র র র প র র র প র প র স ত র প র স ত ত গ ছ endseq
150058,startseq ক ন ল ক ক ন ন ন ন ন ন ন ন গ ন ন স ক র স স ব ব ব শ ষ কর ছ endseq
150059,startseq র গ স ধ রণত স ক ষ ক র য স ক য র স ক র স ক র স র য ক ত র স থ
150060,startseq এখন স ল র র ক য ক য ক ত র য ক ত র স ক ত স ত র স গ রহ কর ছ endseq
150061,startseq প ন ন য প রথম স ল প রথম ব য য ক য র রথম ব খ য ত প রথম রথম পদক জ ত endseq
150062,startseq ক ন র র র ন ন ন র র র ন ন র ম র ন র র র র র ন ন য় endseq
150063,startseq ক ন ল র ফ ল উচ চ উচ চ ম স ট ম ট উচ চত উচ ত endseq
150064,startseq ক ন ত একট ভ ল ব যবস থ পন কর র জন য ক ছ ব যবস থ পন কর ছ endseq
150065,startseq হ লক ন সক ল সক ল য ক ত আপন র ক ন ত ল ন ত কর ন ৷ endseq
150066,startseq ম ক ষ র র র র র র র র ক র র ক র র ক র র ভ তর ভ গ কর ছ endseq
150067,startseq এই জ জ র জ ন ল ন ল ন খ ব র ত বপ র ণ ভ ল endseq
150068,startseq দ র ন ন ন গ ল ন ন ন ন ন ক ন ন ন ন ক ম র ক ম ক ম দ র অবস থ ত
150069,startseq এই রঙ র ফল ফল র ফল আর স দ দ হয় ৷ endseq
150070,startseq স থ ন র স থ র র র র র র র র ক র প ল ভ ল ৷ endseq
150071,startseq স র ন র র ক ক ন ম ন ক ক ন ন ক ন ক ন ন ক ন ন ক র র র র র র
150072,startseq ক ক ক ছ ব র পর ক থ ক ন র পর ক র কর র আগ আপন ক র থ ক ন endseq
150073,startseq প ল ট প ল র ট র র র অ শ ক র র উল ল খ কর হয endseq
150074,startseq ক ন গ ল ও ম ম ম ত ত ম ম ল ত ম ম ল ত র স হ স ব ক ত endseq
150075,startseq চ র ও স ন ও নদ র ও নদ র নদ র ও নদ র ত র কর হয ছ ৷ endseq
150076,startseq গ শ রভ গ গ ল গ র ত বপ র ণ ক গ ছ গ ছ ল ন গ গ ছ ল ন গ ল ন endseq
150077,startseq গ য ম র ষ র র গ র ম ন র র গ র ত র গ র র গ র ত প র endseq
150078,startseq ব র ত ল ক য ত ল ক আম ক ক ছ একট কথ বল ন endseq
150079,startseq ফ ল ব র য ক ন ল ল র স ন ন ল ল ন স ন ন ম র র ন ম র গ ত কর endseq
150080,startseq স ন ন র র ন ও স ন ন র ম র ও স ন ন র ম র র ন ম র ন ন ম ন ম
150081,startseq ক র ম ম বর ম ম বর ম ম বর ম ক ত প য ম ক ম প য endseq
150082,startseq ম ঘল ব ম ব র র ম র ব ম ম র ম র ম প র ম ত র ম প ত র endseq
150083,startseq এট ক ছ ব চ চ র র র র র র র র র র জন য একট ভ ল মন কর হয় endseq
150084,startseq ক ন ম র গ র ম র ম র ম র ম র ক ম র র ম র ম র ম র ন ন ন ন endseq
150085,startseq ত র ন ত র ন ত র ন ম ন ন ত র গ ন ন ন ত র গ ত র ত র ত হন endseq
150086,startseq উদ হরণস বর প প র ক ক ক ক ক ক ট র র ক ক ক ট র ক ক ক ট র র ক ক ক
150087,startseq স র একট একট একট ল ল র র র দ য় বল হয় য য় endseq
150088,startseq এই ক ল প র র স ক ল স ন ন র স ব র র র র র র র র র র ব র কর ন
150089,startseq সমস ত ইম ল য সমস ত ক ন ন র খ খ জ endseq
150090,startseq ত র গ র র র র র র র র র ত র র ন র র র র র র র র র র র র র
150091,startseq ম র চ চ র ম র উপর র উপর আবহ ওয় ক মন হব endseq
150092,startseq দ র র র স ন দর য গ য ন ন ন ন ন ন ন ন ন দর গ র ম ন দর শন কর endseq
150093,startseq প র ন নত ন নত ন র র র র র র য র র য র র র প রয জন কর endseq
150094,startseq একট নত ন শ র ত ত র র ন র র র ন র র ক ন র গ র ব ন হয় endseq
150095,startseq শ ল র র র ন ক ন ক ল ক র র র র ক র র র র র ক ছ হয় য য় endseq
150096,startseq গরম গরম দ খ দ য় ত খ দ ওয় র খ ওয় র খ ব র ব শ ষ ট ৷ endseq
150097,startseq জ ল ল ক ল গ ল ক র ল ক ক ক ক ন ত ক ল ক ন ত প ন প ক ভ ল প প
150098,startseq ক ন ন ম র ম র ন ম র ম র শ র হ স ন দ র কর ছ ল endseq
150099,startseq ম ল ল ক য ল ন ড র ম ম ল endseq
150100,startseq যখন ত ত য প রত য প রত য ক ত র প রত য ক ত র প রত ষ ঠ ন র ত র ব শ
150101,startseq র জ য র শ বর র শ বর প র য র র বর ম বর ম বর ম বর ষ ট ম বর ষ ট ম বর
150102,startseq স ন ন য র ন থ ক ন য় ছ ল ন য এই প রক র র ছ ল ন endseq
150103,startseq প রথম ব ব স ব ব ব স ব ত র এব ব ব ব দ ত র ব ব র প রত ষ ঠ ত হয endseq
150104,startseq প রত দ ন প র ত ত ত র ত ত ত ত র ত র ম ল ল ম ল ম ল ম ল ম ল হয়
150105,startseq ত র শ ব জ ব দ আর ম শ বন ধ কর বন ধ কর বন ধ কর দ য় endseq
150106,startseq এখ ন ক ন র স থ য ক থ য endseq
150107,startseq মহ ল র র র র সব জ থ ক র র র ম ত র য় ম ন র ফল ম ন য় প ওয় য য় ৷
150108,startseq এই র গ র ম ত র গ র ম ত র গ র ম ত র গ র র গ র র গ র গ হয় ৷ endseq
150109,startseq ব গ গ ব গ ন হল ম ন গ এব শ শ র র র স থ স থ ত endseq
150110,startseq ব ষ ট র র একট রধ ন আকর ষণ হল ন র র র প রধ ন ন য ন র র য ন endseq
150111,startseq যদ ক র র গ র র র র র য ত প রত য ক ত য ত প রত য স ট হয় য য় ন ৷
150112,startseq অন য ন ত ত র ত র ত র ত র ত ন ত র ন এব ক ন ক ন ক ন করত হব endseq
150113,startseq ত ন স ল র র ম ন ন স ন ন ম ন ন ম ন ন গ র ম ন র থ ন ন ছ ল ন
150114,startseq প র র শর র র শর র র ক র শ ক র আর শর র ওপর আর ম র ওপর ন র ওপর পড ৷ endseq
150115,startseq ক ন র র র র র র র র র র র র র র র ক ছ স স স ব স থ ন জ য়গ গ
150116,startseq ক ন ত ত র র র র র র র র ব র র র র র র র র র র র র ন য়ন ত রণ
150118,startseq গ ন গ ল র গ ন র গ ন র গ ন ন গ ল ন র গ ন ন ন ন ন endseq
150119,startseq দ র ন দ অন ক দ ন দ র থ ক থ ক ৷ endseq
150120,startseq আজও আজ ক ছ ক ছ ছ র ই দ খ র মত ৷ endseq
150121,startseq এই স র চ ন ক ত ক য চ ন চ হল ব জ ন হল একট ব শ ষ স ব স ত র ষ ঠ ত
150122,startseq ম মল থ ক ল ল ল থ ক দ র দ র অবস থ ত endseq
150123,startseq এট দ র র ম খ র হ র হত প র ৷ endseq
150124,startseq ক য নস র র য র র র র র র ত র ত র ত র ত র র ত র র ত র র endseq
150125,startseq আজ র ত র র র র ট র র কখন শ র endseq
150126,startseq হ ই প র য় প র য় য় র ন ন ন ন র র ন ন ন র হ ন য় ছ ল ন endseq
150127,startseq এখ ন থ ক প র ন ন র র র র র র ন মন দ র endseq
150128,startseq এর প রধ ন ব শ ব স ব ম ম স স ব ব স ন ন জ ব ল হয় ৷ endseq
150129,startseq গ র র র র র র ব শ র র র ব হ র র ব দ র র ব র র endseq
150130,startseq আস ন এব র জ র র র র র র য র র র দ র endseq
150131,startseq এই র অন য র অন য ন অ শ ল অ শ ল ল থ ক ৷ endseq
150132,startseq যদ ও প র র র ক ন ন ক ক র ন র ক ন ন র জন য একট র র র র র ন endseq
150133,startseq প র র র রধ ন ক রণ হল প ট র র র র র র দ র র র হয় য য় ৷ endseq
150134,startseq আম ক চ র গ ন শ র গ ল চ ল ন endseq
150135,startseq এই প র ন র ন ন ন ড র জল র ড ক য ন ড র ক ক ব শ ষ ট endseq
150136,startseq ক র র গ র ক ষ র গ র র র র র র র র র র র র হচ ছ ৷ endseq
150137,startseq ব য ল ন ল ল ন ল খ ব স ন ন র স খ ন ত র র র র ব জ ন ছ ল ন endseq
150138,startseq গ ন ড ও গ ন ন ন ন গ ন ন ন দ র গ ন দ ও ছ ল ন endseq
150139,startseq এইভ ব ব ব র র র র প নর ব ত ত কর ন endseq
150140,startseq ত র ব শ বব স স হ স ব স ত ত য স ন স ক স ক ঐত হ স ক endseq
150141,startseq প র র র র র র র র র র র ক ক র র র ক ক ক র হয় endseq
150142,startseq সময র সময র ল র সরক র র ন ন র র ন জস ব ন র র র র র র র র ছ ল ন endseq
150143,startseq ক ন ও ম ন র র ম র ম ঝ ম ঝ ক র শ ষ ক র ক জ র ক জ কর ন কর ছ ছ
150144,startseq ম র র ন ম র ন ম ম ন ন হয য ন ম ম ন ন ম ম র ম র ন শ র হয endseq
150145,startseq সময় সময় সময় র ত র র র গ র ত র র র র সময় র স থ র থ ক চল আস endseq
150146,startseq লক ষণ ওষ ধ র ওষ ধ র ওষ ধ হল ওষ ধ হল ওষ ধ ৷ endseq
150147,startseq গরম র সময় র র ন ন ন ম পর চ ত endseq
150148,startseq ক ন ন ন ক ন ন ন ন ন ন ন ন ন ন ও ক ন ন র র র র র ক র ক ন endseq
150150,startseq এই বছর বছর র স ট ট ট ট ট স ট র স স ট কর endseq
150151,startseq এই য সন ধ য য ত ক ত করত হব endseq
150152,startseq স র র র র র ক ন র র র ক র র ক র র র ব র প প র ন ৷ endseq
150153,startseq ন ন ন র র গ র ম র র একট স ধ রণ ব য অভ য ঞত য endseq
150154,startseq এ ছ ড ও স ক র স ক ট স ক ট স ক ষ দ র দ খ য য় ও ক র র ক ও দ
150155,startseq প র র শহর এব গ র র র র র শহর র স স স ত র স ত র স স ত র জন য পর চ
150156,startseq এই ছ র র মধ য ব ল দ র র ব র র র র র র র ছ ল এব ব র র ত ত কর ছ
150157,startseq আম ক একট ক ক একট ক ত ক আম র ক আম ক বলত প র ন endseq
150158,startseq দ ব চ বছর র দ দ র মধ য দ ত দ র মধ য দ ত প র উচ ত endseq
150159,startseq য ক ন র র র র র স ক র র র র র র র র র র র র র র র র ন ন endseq
150160,startseq ত র প ন ত ও প ল ও ব শ ও প ল শ কর ন য় endseq
150161,startseq এল ক য একট খ দ য র ল আছ endseq
150162,startseq আম দ ন ন ন ন ন ন র র র র ভ ল ল ক র র ছ ৷ endseq
150163,startseq দ ল ল ভ রত ট ল ল ভ রত র ব দ র র র র র ব দ ব র ব ভ রত র স ল র
150164,startseq ক ন র গ র ম য ন য ন য ন য ন র ম য ন য য য কর ন endseq
150165,startseq ত পম ত র কত endseq
150166,startseq স র ক য নস র র য য র ন ত র য় ন য় ত র য় খ ল খ দ য ক ক খ র ক
150167,startseq স থ ও ও ম ন ন ত ও স থ ও ত ল র ব ল ও ব দ য় দ য় দ য় দ য় দ য়
150168,startseq শ ক রব র র জন য আম র ক য ল র শ র ক থ ক ম স ট র স ট কর ন endseq
150169,startseq ত র ক স ধ রণত ও ক র র ক ন ত ক ন ত ক ন ত স থ র র র স থ ক রক ত
150170,startseq একজন ব ক দ ব র দ ব র র র র র র গ র র র র র র র র র র র endseq
150171,startseq এই জন য ন ন ন ন ন ন ন ন ন ন ন এব ন র র র র র র ব যবহ র কর হয ছ ল
150173,startseq হ র র র র endseq
150174,startseq গ ড র র চ ম র র চ ম র র চ ন ম পর চ ত endseq
150175,startseq আপন র র র র র র ম র র র র ম ন র র ন ন ম র ন র ন ন endseq
150176,startseq সরক র র শ র র র ভ রত র ব ভ ন ন র জ য র ব ভ গ র র ব র থ ক ব শ
150177,startseq ভ রত র র র র র র র র র র র র র র র জন য ভ রত র ব খ য ত endseq
150179,startseq ত ন প রথম স প ছ ল endseq
150180,startseq এই পডক স ট র পরবর ত পর ব চ ল ও endseq
150181,startseq প র য র র য য য ন য ন য ন য ন য ন ন endseq
150182,startseq দ র র র থ ক র র র র র র র শ র র স থ ন র ম র স স ব স ব ব কর
150184,startseq ন জ র ক ছ ন ন ন র ক ন গ র র র র ম র শ endseq
150185,startseq ক ন ওষ ধ র ক ক র র ক র র র র র কর হয় ৷ endseq
150186,startseq এর চ ক ত খ ওয় র সময় চ চ র জন য উপয ক ত ত ত র র জন য উপয ক ত endseq
150187,startseq জ য র র য র য র র র র র র র র র র র র র র ত র ত ক ত ত ত ত
150188,startseq ক ন র গ র র ন ন র র র র র র ন মন দ র অবস থ ত মন দ র আছ ৷ endseq
150189,startseq কখনও কখনও শ র র র র ন ম র গ র ত বপ র ণ ব ন ন ন ক য ন ত হয় য য় endseq
150190,startseq ত ম লন ড র র ত র র র শত শ র ভ রত র মধ য ভ রত র ব র ব হত তম শত র endseq
150191,startseq ল ল ট র র ব র কর র জন য ত র কর র উপর ভ ল র উপর র ট র র উপর ন র ভর কর
150192,startseq গ র গ র অভ য গ কর ন এব ব যবহ র কর ন য ব যবহ র কর ন ব যবহ র কর ন endseq
150193,startseq ক ন ন য স ন জ র র ম স ম র ম র ম র র র র র র র র র য য endseq
150194,startseq ২০০৮ স ল প র ট র ত ত র ত ত র ত ত ম ত র র ত ম ক ত র ত র র ত র
150195,startseq সক ল নট প র ষ ত নট প ষ ট জল প ন জল জল স জল জল জল স ব পর বর ষ কর endseq
150196,startseq ম দ র পর স ল র র র স থ দ য় ল র য় দ য় র ওয় র উপক র ৷ endseq
150197,startseq মহ র ষ ট র র জ য র ভ র ন র র র র র র র র য য য য য ক জ ন র
150198,startseq ব শত ব দ র র র র র র র র র র র র ন য ন ন ম র ন ন endseq
150199,startseq ভ ম র জম ক ক নও রকম র ক ন দ ওয় উচ ত নয় endseq
150200,startseq স র র র র র র গ র থ ক র গ র র র র গ র র লক ষণ র র র ন ন endseq
150201,startseq আম র জন য গ গ ন ব জ ও endseq
150203,startseq জ র র র র র য য ন ম র ম র ম র ম র ম র ম র ম থ ন endseq
150204,startseq য খ য খ ল য য য য খ ন য ত ত য য ত য ত য ত য ত য ত কর endseq
150205,startseq র ড ও চ ল কর ন endseq
150206,startseq এখন ক ন অ য ল র ম স ট কর আছ endseq
150207,startseq আম দ খত প ন ন দ খত চ ল কর দ ও endseq
150208,startseq আজক ল জ ন র র র ক ন ত র র ক ন র ক ষ ক র র ক ষ ক র ন ন endseq
150209,startseq এট হল ব ষ ট endseq
150210,startseq স ট ট র র ব র র ব র র ব র র ব র ব র ব র ব র স ব র প র endseq
150211,startseq ব শ র গ র ত র র র র ল ন র য ন র র ন র র র ন ন দ য় endseq
150212,startseq শ ষ র র ক ষ র ন য ন এব ক ন র র য য র র ত প র endseq
150213,startseq ব শ ব শ দ ধ ছ ত য ত ন ক ক ন র ক ছ ক ক ক র স ধ র ত কর কর endseq
150214,startseq ফ ন র র র র র র র র র র র র র র র র য ন র র র র র দ র য য
150215,startseq ক য ল ল র ক থ ক ক ক ক ক ক দ র দ র দ খ দ ন endseq
150216,startseq এর ন ক ন ন ন ন ল ন য র র র গ ল ন র গ র জ য গ ছ ল endseq
150217,startseq ব ত ত ন গ ল র গ ল কর ত র সঙ গ ত ক ল ক সঙ গ সঙ গ ত কর endseq
150218,startseq এর মধ য শ ল র মধ য ব শ খর হল ম ট র উচ চত য দ শ র ম ট র দ র endseq
150219,startseq জল র ত স র ত স থ ক ত স র গ র চ ক ত স র ত প র endseq
150220,startseq ম ন য র ম ন য ট প ল য ন য ন য ট র র য র য ন র র য য endseq
150221,startseq শ মল থ ক ছ র থ ক ম দ র থ ক ক ক ম দ র অবস থ ত একট ভ ল পর যটন স থল endseq
150222,startseq এই ব জ ন ন র আগ ও ব দ ধ ন র র ত ক ছ ল ন endseq
150223,startseq আম র ম ন ম র র র র র র ত র র র র ত র ত থ ক ব ত ল কর ন endseq
150224,startseq ভ রত র ব জ র র ব র র র ব শ র র র ছ র ছ ট র ন র ন ন য় ছ endseq
150225,startseq এট ব র র র য য র য য র য ম ল য র ম ত ব ড ব ড ন হয় ন endseq
150226,startseq আসম ক একট ইম ইল প ঠ ন endseq
150227,startseq প চ র নদ র প র র র প র র র র র র র র র প র ব দ ত কর হয ৷ endseq
150228,startseq লক ষণ র গ র ফল শর র র শর র হয় য য় আর শর র র ওপর কম য য় ৷ endseq
150229,startseq জ র র র র র ন র ন র র র র ন র র র ন র ন র ন র ন ৷ endseq
150230,startseq ব জ র প র ব ত র ম ত র ব র ত র ক ক র ত ক র ত ত হব endseq
150232,startseq ক মল ল ল ল থ ক দ র দ র দ রত ব অবস থ ত রয ছ ৷ endseq
150233,startseq দ র র র র র র র র র র র র র র র র র র র র র র র ন ন endseq
150234,startseq ন ত র ন ন র র র শ র র শ র শ র শ র শ র শ র শ ক ছ ব শ ছ ল ন
150235,startseq ত ম ক ত র ত র গ ল ক স থ ক ত র ক ত র স থ ন র স থ ক ত র কর ন
150236,startseq আপন ক ন ছ দ র ক ক ক ন ত র ক ন ত র ক ন ত হল আপন র ক ন endseq
150237,startseq কখন কখন ম র র র ষ র র র র র র র র র র র র র র র র র র জন য চ বছর
150238,startseq ভ রত প র র র গ র ত র ভ ইর স র ভ ইর স র ভ ইর স র ভ ইর স র ভ ইর স
150240,startseq এই ন স ধ রণত প র স ধ রণত প প প ওয় য য় ৷ endseq
150241,startseq এই ক র র ব র র ক ন য য য ত প য য ত প র ট ক ট ক ট ই প রয জন কর
150242,startseq ক ষ র ক ক ক ক ত ক হ ত দ র দ ব র র র ব র র ব ব র ত ত ক ক ত
150243,startseq অন গ রহ কর ইম ইল র একট উত তর খ ল ন endseq
150244,startseq ভ রত র সময় র র র র র র র র র র র র র র র র র ত র ত ছড য় পড ৷ endseq
150246,startseq ক ক ক ক ক ক ক ক ক ন র ক ক ন ত ক ক ন গ ল ন ন গ ন ন ন ন ন ন
150247,startseq ক ক ও ও ভ রত র ভ রত র ক ষ ণ র শ ব দ র বল মন কর হয ছ endseq
150248,startseq ত র ক ন র গ র গ র র গ ন ক ক র ন য় দ ওয় য ত প র ৷ endseq
150249,startseq কম প ট ট ব ট র হ ট ল র র র র র র র ন ৷ endseq
150250,startseq ত ম ম র র ন র র ন র র ন ন গ ন র ন ন ন ন endseq
150251,startseq মহ র ষ ত র র ব র ত র ম ত র ত র ত ত র ত ত র র ত ক ত ক ছ ল endseq
150252,startseq এই স থ য ত স স য ত য ত য ত থ ক ক ক ত র থ ক ব র ত ত হয ছ ল ৷
150253,startseq ক ন ন ক ন ন ক ন ন ক ন ক ট র ক ন ন ক ন ত ক ষ র র র র endseq
150254,startseq শ ম ন ট র ক ট র র র গ র জন য একট র র র ক ষ ত র endseq
150255,startseq স ই গ ল র র র র র র র র র র র র র র র র র র র র র র র কর ছ
150256,startseq য গ য এমন একট এমন একট স য র ক ত ক র ক ত ক র র র র ক ত ক ত ক ত ক ত
150257,startseq আপন ক ভ ব ব য য ত স জ ঞ য ত ত ত করব ন endseq
150258,startseq অন য ন ড র স ড র স র সবজ র ইত য দ দ রঙ ইত য দ দ ব যবহ র কর হয় ৷ endseq
150259,startseq আম ক স ব ত ত ম ল ত র ত ম ত ব ল জ ন ন endseq
150260,startseq ক ন ক ট ল ক ক র ক ছ ক ছ ক ছ ক ছ দ ন এখ ন থ ক ছ থ ক ছ ছ ল ৷
150261,startseq এট ন য স থ স থ য র র র র র ৷ endseq
150262,startseq প জ প জ ন ন দ খত প ওয য য র অর ড র খ খ ন endseq
150263,startseq হ য ল ল হ ল য endseq
150264,startseq প রথম সময র জন য প রথম ব য গ য গ ট পর যন ত প ছ ল endseq
150265,startseq আম ক ব জ র থ ক একট ইম ইল প য ছ endseq
150266,startseq আপন যদ একট ব ব র একট ন ত হল আপন একট ব য ব য ব য ব য ব য গ কর ন endseq
150267,startseq র জ য র র য র এল ক য এল ক য এল ক র এল ক র এল ক র ক ক এল ক এল ক য
150268,startseq এই জন য শ শ র র ন ত ত ন ত ত ন ত ন ত ত ন ন ত ত র গ য় ন য় ৷ endseq
150269,startseq ন ন হ য য য ওয র য ওয য য ওয র য ওয র য ন ন ন ন র র ব ব আছ endseq
150270,startseq ত র র র র ক ছ ক ষ ত র ক ছ ক ষ ত র র ক র র ক র করত প র endseq
150271,startseq শ র র শ ধ রণ প র থম ক প র থম ক ব দ ব স থ দ ব র স থ ন ছ ল endseq
150272,startseq এই র ত ত ত র ত ত র র গ র ত দ র ব ব ব ড য় ব ড য় ৷ endseq
150273,startseq এই প রশ ক ষ ক র ক ষ র জ য র ক র র র র র র স থ ন য দ ওয হয endseq
150274,startseq এট ক বল হয য ন র ক ন ক ক ল ক ক ক ক ল ক ক ক ল ল ক ক ন র র ত হয
150275,startseq আপন ক ক ভ ব ক ন এব গ ন ন ন এব ক ন য ত প র ন endseq
150276,startseq এই পর বর ত র পর বর তন আন দ এব ন ন দ র দ ধ র ত প র endseq
150277,startseq ত ক ত ত ক ক ত ক ত ক ত ক ত ক ত ক ত র ক ত র র ক ত ক ত ত কর ছ
150278,startseq ত র র ত র র ম র চ ছ ল ম র ব চ চ র স ব চ ছ ল endseq
150279,startseq প র র ভ তর ভ ক স থ ন য খ ন স র স র স খ য র স স ক র খ ল ন endseq
150280,startseq গ ন ন চ ল ও endseq
150281,startseq অল আম ক ন কটতম র স স ট র স থ য দ খ ন endseq
150282,startseq প রয় জন য় ব যবহ র কর র জন য ব যবহ র কর র জন য ব ন ন ন ন endseq
150283,startseq স ব শ স থ স থ প রথম দ শ র প রথম ব শ র প র শ র প র শ র র endseq
150284,startseq প র ন ন প র প ন প র প র প র প র প র ক ছ ল ন ন র র র ন থ ক
150285,startseq আপন আম ক সম পর ক ক তথ য গ ন endseq
150286,startseq ম ইস র থ ক র ন র র র র র র র র র র র র র র র র র র ন endseq
150287,startseq ক র র র তর র তর পশ চ ম লন ড পশ চ ম লন ড পশ চ ম র উত তর পশ চ লন কর হয endseq
150288,startseq এট ব যবহ র কর র স র র র র র র র র র র র র র র র র র র র জন য ফসল
150289,startseq ক ন গ র র ক র র র ক র র ক র র ক র র ক র র র র ন র দ ন দ ওয়
150290,startseq বল হয য ত ত ন ত ত ন ছ ল ন ত ত ত ত ত ত ত র ত র র ল গ ন ত ল ন
150291,startseq সম ভবত মহ ল ক র র র ক ছ ক ন ক ছ ল ক ছ ক ছ ক ছ ক ছ ল ন endseq
150292,startseq ক ন গ র র জল র র র আছ ৷ endseq
150293,startseq র ড ও সক ট শন স ট শন চ ল ও endseq
150294,startseq ক ন ক র ক ন ক ন ন ক ন ন ন ক ন ন ন ক ষ র র ষ ট ন র ন ন ন ন
150295,startseq ক ন ত যখন গ য থ ক য য তখন ত তখন ত ত হয় য য় হয় য থ হয় ৷ endseq
150296,startseq য ক নও ব ষ ট র ন য র র র র র র র র র র র র র র গ র র প র ৷
150297,startseq ন ন র ন ন য য ন ন য ন ন গ য় ন ন ন গ য় ন ন ন endseq
150298,startseq গ ন র র র ফল ৷ endseq
150299,startseq ব জ বপন কর র পর ম ষ ট র র ম ট র র ম ট র র র র ত র হয় পড ৷ endseq
150300,startseq প র র র র য র র র র র ব র র র র র র র র র র র র র হয ছ endseq
150301,startseq ব ল ন ব র সর বশ ষ প রত কতম দ খ ও endseq
150302,startseq এই র জ যট ক বল ন ন ন ন দ র র ন বল বল বল বল হয endseq
150303,startseq ন ত ল ল ত ল ল ত ল ল ত ল ত ল ত ল ত ল ইত য দ ত ব যবহ ত হয় endseq
150304,startseq ক ন গ ল ক র গ র রঙ র রঙ র রঙ র রঙ র রঙ র রঙ র রঙ র রঙ র রঙ র হয় endseq
150305,startseq ক র র র র র র র র র র র র র র র হ র ব রণ র রণ র রণ করত প র endseq
150306,startseq ক র ন ন ক ক ষ ক এব এব প ক ক ক ষ কর হয় endseq
150307,startseq একট প র একট প র একট প র প endseq
150308,startseq হ স ব শ র গ র র গ র ক শ র গ র ক ষ ঠক ঠ ন র র র র ক র করত চ ই
150309,startseq এই গ র র গ র গ র ক ছ গ গ ছ গ ছ গ ছ গ ছ র প র র প র ণ র endseq
150310,startseq ভ রত য ম স ল র র শ র র র র শ র র র র র র র ব দ শ র র ছ ল ন
150311,startseq খ ব র স খ ব র স থ য ওয় র জন য স র য র য র য য র ক র র প র endseq
150312,startseq স প ক র র ভল উম র র ত র কর ন endseq
150313,startseq ম ল র র ক নও রকম র য ন য ক নও ক ষত গ র ক ষত গ ল প র হত প র endseq
150314,startseq ব শ র ব র র ব র র ব র ব র ব ব ব র ব ব ব ব র ব র কর endseq
150315,startseq ম ন ন ন ন ন ন র ওষ ধ ব যবহ র কর ন ৷ endseq
150316,startseq আম র ইনবক স নত ন ইম ইল আছ পর ক ষ কর ন endseq
150317,startseq আম ক এই অবস থ ন র দ র দ খ ন endseq
150318,startseq অর থ endseq
150319,startseq সবজ র সবজ র রস র রস র শ র র র শ শ র স থ য় থ ক ৷ endseq
150320,startseq প র ল প ল শ ব দ য ন ল ল য় এব ক ল ম ট র ল ল প য় endseq
150321,startseq ম য ন নদ ন ব ব ব দ র অথব ক র র র র র স ন ন endseq
150322,startseq উচ ত ত রক ত র ব যবহ র কর র এব ব ল ল ল র ল ল ল ব যবহ র কর উচ ত নয় endseq
150323,startseq জ ব ক ত ক ষ ত ব যবহ র কর হয় য ন য ত র ন য ন ত স থ ন প ন প প প
150325,startseq এই স ট ট উচ চত য এট হল স র র র র র র র র র endseq
150326,startseq ক ন ম ম ল ম র ম ম র ম ম ম র ম ম ম র ম র ম ও প য য র প য য
150327,startseq ম র র শ ষ র গ ন ম শ র গ ন ম ম ন র গ ন ম শ র গ ন ৷ endseq
150328,startseq শহরট শহরট র নদ র গ র ত বপ র ণ গ র ত বপ র ণ নদ র ত র নদ র ত র endseq
150329,startseq এট ১৮ বছর ট র ট র ট র ট র ট ট র ট ম ট র ট র চ চ চ র চ চ ত endseq
150331,startseq এখ ন য খ য ত য খ য ত র স র ন র স র ন র স ন দর আছ ৷ endseq
150332,startseq ব ল ল ক র ব ভ ন ন ভ ন ন ভ ন ন ন র র র র ব র ত কর ছ ছ endseq
150333,startseq যদ ক র ক ন ক ন ক ক ক ন ক ক ন ত ক ম স ক বল ন য ত ত প রব ন endseq
150334,startseq ভ রত য র জন য ব শ ষ ব শ ষ ক ছ বছর র ব শ ষ ট র র র র হয ৷ endseq
150335,startseq এট গ গ ল র গ র ল র গ র প র জ য র র র র র সদর দপ তর endseq
150336,startseq এখ ন ক ট ক ন ন ক ন ন ন ন ন ন ন ন ন স ন দর য র ন ন ন endseq
150337,startseq আপন র শর র র ত বক র ক ষ ত র র ক ষ কর র জন য প ত র র ক ত স থ endseq
150338,startseq যখন আমর ত র র র র আমর তখন আমর ত র র র র র ৷ endseq
150339,startseq ক ন ত ল ন ন ল ক ন ত ক ক ন ত র ক ন ত র ন জস ব ন জ র গ র ত হত
150340,startseq স থ ন য র র র র র র র র ও হ র র র র র র র স হ য য কর endseq
150341,startseq চ ল র হ র র হ র হ র খ ব হ র খ বই কম ৷ endseq
150342,startseq ম য র র র র র ম র ম র ম র ম র ম র ম র ম র ম র ম র ত র দ য
150343,startseq যদ ও য র র র ক র ক ন য ন র ক র ক র ন ত র ন ন endseq
150344,startseq যখন স ন নত ন ন ন ন ন র র ন ন ন ত র ন ন ন ত র শ র কর ন endseq
150345,startseq চ রট প র বত র র প র ণ র ম র ত র প রধ ন র র প রধ ন র ম র ন জ র
150346,startseq ন ন ন র ন র র র ছ ছ endseq
150347,startseq বর তম ন ত পম ত র কত endseq
150348,startseq আম ক ন ন ন র র ড ও ন ন এব ন এব ন ড ও চ ল ন ন endseq
150349,startseq প রত য ক ত ক ন এব ন ল ন ন ন ন ন ন ন ন ন ন ন ন endseq
150350,startseq প র র র প র র প র র প র র প র ব ভ ন ন প র ব ব শ প ন য় আস ন
150351,startseq ফল ফ ল থ ক প ওয় র ফল স স ক স থ ক স থ ক প ওয় য য় ৷ endseq
150352,startseq ক ন ত স ন ন য ন ছ ল ন য ন ন ত র র র র র র র ছ য য য ছ য য
150353,startseq ইম ইল উত তর endseq
150354,startseq মহ ল দ র র র র ন ন ন রক ত র ন য় ন য় দ র ক য নস র র র র কর উচ ত
150355,startseq বর তম ন অ য ল র ম স ট কর ত ল ক endseq
150356,startseq এই ব গ মন দ র র ব ব ব দ ধ ব ব র ন র ব শ ব উৎসর গ ক ত উৎসর গ কর হয endseq
150357,startseq স ব ল য পর চ ল ত স স স য স স য স য স ব পর চ লন কর র জন য endseq
150358,startseq একট স ত র খ দ য খ ব র খ দ য র র র র র র র র র র র র র র র র
150359,startseq দ ল প র ন ন ন দ শ র স থ ন দ ল গ ছ ল ৷ endseq
150360,startseq ন দ র র দ র র দ র র ও দ র র র র র র র র প র ন র হয ছ endseq
150361,startseq হ র র ন ন দ দ দ র ন চ ন ন ন ন ন ন ন ন ন ন ন ন ন endseq
150362,startseq এখ ন ব ব য ত য ত র য য য র দ র র স থ ন য দ খ র মত endseq
150363,startseq দয কর sound কম কম কর ন endseq
150364,startseq ন জ র র প রথম দ ন র র র র র র র র র ন ন গ ল ন গ ল ন endseq
150365,startseq সবথ ক বড হল স খ দ য ই য খ দ য ই ছ ই প র য সম ভব নয় ৷ endseq
150366,startseq ভ রত য ন রত র স ক র মধ য ন র মধ য ক ন ক ক ক ট ক ট ক ট ক ট ক ন
150367,startseq এই পর ষ র র র র র র র র র র র র র র র ব ব ব র বছর পর চ লন করব হব endseq
150368,startseq ব দ য ন হল ভ রত য একজন ভ রত য ন এব এব এব ত র ত ল endseq
150369,startseq প চই য য য য ম ন য র র র য গ র থ ক প র ট র থ ক ত র র ন কর হয
150370,startseq ন উম ন য় আর অন য ন ত র ক ত র ক ত ক ত ক ষ ক এব ক ষ ক ত র র ত র
150371,startseq স গ র গ র গ র গ র র খ দ য খ খ র জন য খ দ ওয় উচ ত endseq
150372,startseq ব য থ ক ও ক র র র ব খ য ব যবস থ আছ ৷ endseq
150373,startseq আম ক একট অভ য গ ট ইট কর ন endseq
150374,startseq ম র র র র র ক ক ক ব শ ব র ব শ ব র দ শ র দ শ র দ ক র দ শ endseq
150375,startseq গ ন র গ ন ন ন ন এব গ ন র ন গ য র প র ন ন endseq
150376,startseq ত র স মন ত র ত র ত র র ন য য র র র র র র র দ খত প র ন endseq
150378,startseq এট সক ল ল ট র ল ট ট ট গ ল এট ল গ ন ৷ endseq
150379,startseq ক ল ক সব জ জ ব ই ক ক ক ন ক ক ক ক ছ ক ছ আছ endseq
150380,startseq এমন অবস থ য় ক র র র দ র অবস থ য় ৷ endseq
150382,startseq প র ক ক ক ক র ক ত ক ম নস ক র র য় ম ন য় র ন ন ন ন র ক ত endseq
150383,startseq প র র র র র র র র ল ল র প থর র র র র র র র র র endseq
150384,startseq ম ট র স স ক স স ক র স ক র স ক র স ক র স ম ন র স ক র র ম ত
150385,startseq আম একট ভ ল একট ক ল গ ন চ নত চ ই endseq
150386,startseq প র য়ই ব শ ব র র র র র র র র র র র র র র র র র র থ ক কম য য়
150387,startseq ব ল দ শ ব শ কয কট ব দ ধ র ব দ ধ র দ র আছ endseq
150388,startseq স ধ রণত ক পর ষ ক র হয় এব এট সহজ ই ব ক র র ক র হয় ৷ endseq
150389,startseq ব ভ ন ন র প র য র র র র র র র র র প প ত কর হয endseq
150390,startseq ব ষ ট হচ ছ endseq
150391,startseq যদ ত ম ত ত হল ম ত হল ম ত হল ব র ম ত হল ব র ম ল ম ল ভ ল হয় ৷ endseq
150392,startseq ক ষক র ক প র থম ক প র থম ক প র থম ক প র ন র ক ষ কর ন endseq
150393,startseq ত ম লন ড র ষ ট র বর ষ র র ষ র র র র র র র র র র র র র র endseq
150394,startseq হ য য় থ ক ফ সফ স র হয় য য় ৷ endseq
150395,startseq স ই য র জল জল জল জল ব ন ন ৷ endseq
150396,startseq প র ক র র প র প র প র প র প র র র ফল প র র ত স ক ত হয় য য় endseq
150397,startseq অন ধ র র র র র ক ক এব ক ন এব ক ন ক ক ন এব গ র মত মত কর ন endseq
150398,startseq ব র র ব শ ব স থ ন দ র দ দ র দ য ন য ন এব স দ র র স থ ন endseq
150399,startseq র জ র এব এব প র ব র র দ খ ন র ব র ন এব ন ন ন এব ন ন ন ন endseq
150400,startseq র জস থ ন র জস থ ন র জ য র র র র র র র র র র র র র র র র র শহর
150401,startseq ভ রত র স ল স ধ রণত স ত প লন কর হয endseq
150403,startseq স ন দর ঝ ল ঝ ল ঝ ল ঝ ল র ঝ ক র র দ র অবস থ ত ৷ endseq
150404,startseq জ বন র জ বন র ব র র র র র র ব ভ রত র স ব র র ক ত ক ত গত ত ক ত
150405,startseq এর পর ন গ ল ন বইট পড় ন endseq
150406,startseq প ল ল স ট নত ন গ গ ন য গ কর ন endseq
150407,startseq আগ ম ক ল র জন য অ য ল র ম সময আছ endseq
150408,startseq ন ন ক র ল য ল য প ল য ক ক য র র য র য র দল র য য র দল র য য
150409,startseq আম ক সন ধ য প চট য় দ ন endseq
150410,startseq চ ন ত র র ক ন থ ক ন য় আর ক ন গ ন র ন ন ন ত য় ন ন endseq
150411,startseq ক ন গ ল র স জ ঞ দ ও endseq
150412,startseq যদ ও যদ ব র র গ ল ব র ব র ব র ব র খ ব র খ ব র খ ওয় ন endseq
150413,startseq র ক ন র র র র র র র র র র র র র র র র র র র র ব যবহ র কর হয় ছ
150414,startseq শ ধ র স ন ন আর স র র র র স থ ন র ম র র দ খ ন endseq
150415,startseq ক র ত ত র ত ত ত র ত ক ত ত র ত র ত র র র র র র র র র র ত endseq
150416,startseq স ত র র ক র প র র নদ র ত র গঙ গ অবস থ ত রয ছ ৷ endseq
150417,startseq এদ র ক রণ র ক রণ হত প র ক ক ক ক ক ক ক ও ক ন এব ব ক র র র র র ন
150418,startseq ক চ ক ৎস র স ক ত স ব স স অবশ যই স ব ন উচ ত ৷ endseq
150419,startseq স ন দর শন র খব ন ত হল এই ল গ ল র র ল র র র র খব ন endseq
150420,startseq আজ ক স ম স endseq
150421,startseq প র র র প র র গ র ও স গ র র স গ র র স র স থ ন কর endseq
150422,startseq দ শ ষ ব দ শ র স স ল র র র স ব দ ত র ত র র জ ত য ত endseq
150423,startseq ম র র একট একট য ম র য র য ন র ম র র র র এব ঐত হ যব হ যব হ যব হ যব হ
150424,startseq ম ম র ক ল ল ল হল উত তর ঞ চল হল প র ণ অঞ চল র প রধ ন প রধ ন র প রধ ন
150425,startseq আম র ফ প ল ল স ট প ল কর ন endseq
150426,startseq স ন ম ন য য ন র ন জ র ন ন ত র ন ন ত র কর ন endseq
150427,startseq ট র ট র য় ম ট ট র ম ম ম ক ক endseq
150428,startseq একট ক ল ম বর ক ল ম হল একট ম ল ম ট র র র র র র র র র ন র ন র ন ন
150429,startseq ত রপর পর ব র র ত র ব জ বপন কর র ত ত ত প রত দ ধ প ত প রত র প রয় জন পড
150430,startseq গ র গ র একট একট হল একট হল ত ষ য উদ য ন ত স ত র স ন দর য স থ ন ত স বল
150431,startseq য র র ন ন থ ক র র র র র র র র র র র র র র র র র কর হত endseq
150432,startseq কখনও ন ত র সময় যখন স থ সময় এট সময় র ত র অবস থ য় ত র র সময় ত ত হয় য য় endseq
150433,startseq প র র র র র র ক র ক র ক ছ সপ ত হ র সম ভব ন endseq
150434,startseq ফলস বর প এট ব শ ব র র র র অ শ র র র অ শ র অ শ র র অ শ endseq
150435,startseq স ন র স স ক স স ক স স ক স স ক স এব স ক র র র র র জন য ব খ য
150436,startseq প র ব শ ব শ র প র প র শ র প র শ র ল র মধ য একট জনপ র য endseq
150437,startseq আপন ক স ব ন ন ক ক জ নত প র ক ন ক ন ক ন ক ক ন ক ন ক ন ত প র ন
150438,startseq গর ভবস থ য় গর ভবস থ র র র র র আগ প র র র দ ব র ত কর ন endseq
150439,startseq জ বর র পর বর র র গ র র অন ক অন ভব কর ৷ endseq
150440,startseq যদ আপন যদ ও গ য গ ল ক ন ন ক ন ক ক ছ ক ন ন ন ক ন ভ লব স কর ন endseq
150441,startseq যদ স ধ রণত একট ক র স থ ন দ ন দ ক ট ন দ ন বল হয় endseq
150442,startseq ক ন গ ন ন ন ন র ন ন ন র ন ন ন ন র ন র ন ন ন থ ক ন র সময ক ন
150443,startseq জলব য় র জলব য হল হল ম ত র endseq
150444,startseq য ক ক গ র ক ক ক ক ক ক ক ক ক ট র ট র ক ষ ত র ক ষ ত ক ষ ত ক
150445,startseq এখন থ ক সপ ত হ আবহ ওয ক মন হব endseq
150446,startseq যদ আপন র ন ন ন ন ন ন ন ন ন ন অথব ন র র র খ ব র ন র র থ ক endseq
150447,startseq আসল এই ভ ব ই প র র র প র র র র র র র র ট ট ট ট ট ট ট ন দ ব র
150448,startseq স ধ র র র এব শ র এব শ র এব সম প র ণ কর endseq
150449,startseq কখন ক ন র র ক এব স ক এব শ খ ন ক ল ন ক ন ত র র র উপর ন র ভর কর endseq
150450,startseq ত ন র র র র র র র র র র র র র র র র র র র র র র র র র কর ন
150451,startseq স ট র স স র জন য স র ম ট ম ট র স র স র স র স খ য ওয় য য় endseq
150452,startseq র ম র র র গ র ম র র গ র জ ল র জ ল য জ ল র জ ল য অবস থ ত endseq
150453,startseq শ ধ র গ র র ন ন গ ন গ ন গ ন গ ন গ ন র র র ক ন র ন endseq
150454,startseq প ল ড ড ল প র র ত র একট গ র র র একট প র য র র য য endseq
150455,startseq গ হ র শ শ র র র র র র র র র র র র র র কর র হত প র endseq
150456,startseq আম ক একট ট ল ট ট ট ট র র বর ণন র বর ণন দ ন endseq
150458,startseq ক ষ হল প র র প র প র প র প র চ ন প র চ ন endseq
150459,startseq এই ভ ব র জন য স স থ য ও ক ষ ক ষ ও ক ষ ক শ ক ষ কর কর ন ৷ endseq
150460,startseq স প স প র স র জন য জ ব র জ ন স চ ল ন endseq
150461,startseq জ ব ব ব ব স র স ব স র স ব স র স থ র স গ র র র র র ত র কর ন
150462,startseq এই স থ ন য স থ ন র ন র ন ৷ endseq
150463,startseq প র ন র বয স কত endseq
150464,startseq র জ র র র র র র র র র র র র র র র র র র র র র র র ন endseq
150465,startseq ক ছ ট ন ন ন ন ন ন ত ত ন ন ন ন ন ন ন ন ন ন ন ন ন endseq
150466,startseq চ ন ন চ র র স গ রহ কর ত র অন ক বছর ধর ত ছ ল endseq
150467,startseq ফ ল র ট র সময এব ল র র র র র র র র র ন র র র র ন র ন ন endseq
150468,startseq র জধ ন র র র র র র র র র কর ছ ল ন র গ ছ ল ন ন গ ল ন র ন endseq
150469,startseq এই ৪২৭০ ল র থলথল র ব র র র র র র র র র র র র র র র র হয় য য় ৷ endseq
150470,startseq ম ন ন প র ন ক র গ র র গ র ফ ল ইট স র ফ র স র ফ র ড endseq
150471,startseq ভ রত র প র প র প র ন ত র প র দক ষ ণ ভ রত য ক ত কর ছ ল ন endseq
150472,startseq ন ভ আসন কর র ফল ক ষ কর র য় endseq
150473,startseq আর আম র র র অরর স র স থ গরম র স র স র অর ড র কর ন endseq
150474,startseq ত ন ল ল ক ন ন ক ন দ ক ন ত ক ন ন ত ক ন দ ক ত ক ন দ র ন endseq
150475,startseq হল দ র গ র ব ক ও ও হয় ৷ endseq
150476,startseq দয কর ন ন ঘর র আল বন ধ কর ন endseq
150477,startseq এট ত নট সম প র ণ সম ভ বন ধ শ ষ প র ত র ষ ত র ষ প শ শ ভ ম এব শতশ endseq
150478,startseq ত র র বন ধ র ধ র ধ র ধ র ত ত ত ক ন endseq
150480,startseq ন গ এব র জ ঞ জ ঞত endseq
150481,startseq যখন ব র র র র যখন ব ব র র র র র ব র র র র ব র র র ব র প র কর endseq
150482,startseq ভ রত র ষ ট র র র র র র র র র র র র র র র র র র র ত ত কর ছ ল
150483,startseq একট গ ল য গ র র গ ছ ল য গ ল ক ছ ল ক ল ভ ল ল ক ক ষ ক ল খ ল ছ
150484,startseq স গ ন র ভ গ য র ভ ল ন য ন য ভ ল ন য ন র ভ ল ন জ য়গ য় দ য় endseq
150485,startseq ক ন ন র র ষ ক ষ র ক ষ ক র ন র র র গ র ষ ট কর endseq
150486,startseq ভ রত র প র র প র র প র প র প র প র র প র ণ র ছ ল গ ন গ কর ছ
150487,startseq শহর শহর র ন র র প র চ ন মন দ র আছ ৷ endseq
150489,startseq প র র র র র র র র র র র র র র র র র ল ম ট র চওড এব ম ট র endseq
150490,startseq অ য ল র ম ম ছ ফ ল ন endseq
150491,startseq আম র দ শ র পর দ ধ য গ কর ন endseq
150492,startseq ক ন র র র র র র র র র র র র র র ন ন ছ ল ন র র র প রক শ কর ছ
150493,startseq সর বদ ধ এব ব ক খ ব স থ স থ স থ স থ কর ন ৷ endseq
150494,startseq ভ ট ট প প শ র ত র প ন র র বর ম স র ম র র র ম ত র প ত হয় ৷ endseq
150495,startseq গ য র প র ব ব প র ব পর ব ব কর কর য ত প র endseq
150496,startseq জল র র র র র জল র র র র র র র র র র ক র র ক ক র ক ক ক ত প র
150497,startseq ভ ল জ ল গ র র জন য অ য গ ল র ভ ল endseq
150499,startseq পঞ চ র র ব শ রভ গ ত পম ত র র ন ত পম ত র ত পম ত র র ন র র র ন ন
150500,startseq ক ন ত র ক ষত ক প র র র র র র প র র প রয় ছ ৷ endseq
150502,startseq এই প র ন য প দ ন প র জন য প প র র প রয় জন য় প রয় জন য় endseq
150503,startseq দ র র সময় র দ ধ র ওয় র সময় র ওয় র ফল দ ধ র পর ম ণ র য় র র র র র ভ
150504,startseq সক ল ক ড ক ত র র য র র য র র য র র একট অ য পয ন টম ন ট য গ কর ন
150505,startseq আম ক অ য ল র ম স ম ছ দ ম ছ দ ন endseq
150506,startseq ন ন র র জ য ত নট নট স য য ত ত য য ন endseq
150507,startseq দ র র ক ছ ত য ত র র ন ন ট র এক ঘন ট র স ন দর য য য ন ৷ endseq
150508,startseq আম ক স ল প ল থ ক ক থ ক নত ন ইম ল প য ছ ন endseq
150509,startseq ন গ র র র র ন র র র র ন র গ ল ন র ম ল গ ন র ম ল য ন endseq
150510,startseq এই জ য গ র র র র র র র র র র র জ য র র র র র র র স থ ন endseq
150511,startseq বইট ত র কর শ র কর endseq
150512,startseq যদ শ র র র য র র র ক র স র র র র র র র র র র র র র র endseq
150513,startseq ত ন ল ক র র র গ র ম ত র য় ম র র র র র দ ধ র ত র র দ ধ কর য
150514,startseq এই মন দ র র ব ধ ন ম ন ব দ ধ র ব শ দ ধ র র র ব দ ধ কর ছ ল ন endseq
150515,startseq ত র ল গ র ম র র গ ন শ র হয় গ ল ত ল ন endseq
150516,startseq ব ষ ট র র র র ব শ ব র র র সময় ব শ দ ওয় হয় ত endseq
150517,startseq অর থ ত র র র ফল র র র বক র বক র চ মড় র উপর থ ক endseq
150519,startseq ক ক র ন ন র ক র র র র র ক র শ র স থ ন শ র কর ছ ৷ endseq
150520,startseq ব ব ব ব ত ত ত র ব জ র র ব জ র বছর র ব জ র বছর র ত ত হয় হয় ৷ endseq
150521,startseq এর ব র র খ ব র সময় এট ক ট র ব ব ব ব ড ব ব ড কর ৷ endseq
150522,startseq স খ ল খ ল দ শ দ খ খ ন ন কর ন endseq
150523,startseq ক ষ ষ ট দ র ফসল র ধরন র ধরণ র হয় ৷ endseq
150524,startseq ম র র ন শ র ম ত চ ন ত ম ত র প র ত ম ত র প র প র ত প র endseq
150525,startseq ওন র পর সরক র পর বত র ক ছ ন ন ত র র র র র র র র র ব র ন র হয় endseq
150526,startseq প রশ ক র ক ছ ল ক র র ক ছ গ ল ক র র ক ষ ক র ক ষ ক ষণ কর য য় endseq
150527,startseq খ ল ল ক ক ছ ল ন ল গ ল র খ ল র র খ ল ব শ খ ল খ ল হয ছ ল endseq
150528,startseq আম ক এই সময ন র র ন ত আম ক ছ ন ন ত ব endseq
150529,startseq এট ও একট প র ণ প প ণ ক ষ প রয ছ এব ক ষ প র ণ ক ল প র ণ ক ষ ণ প
150530,startseq ম র র র র র র র খ র খ ওয় উচ ত ৷ endseq
150531,startseq স স য স র য য র স থ য য র ক ছ স ক য র প য ছ ত প র endseq
150532,startseq ন গ ল ন গ ন ন হয় ছ ল ন স ন ম ন ছ ল ন endseq
150533,startseq প র র র র র র র র র র র র র র র র র র র র র র র র র র র ত
150534,startseq কর ণ টক র ল থ ক ত নট উত তর গত ক ম এব অগস ত এব উত তর ভ গ ব ভক ত কর হয endseq
150535,startseq এই apl ইউপ আই আইড ট ট ক চ ই দ ক কর ন ক ন ক ন দ খ ন endseq
150536,startseq যদ ক শ চ ন ত ক ক ত চ ক ত দ র ত ক ত ক ন র ত দ র দ ক ন ক ন দ
150537,startseq আপন র ক ত র ক ত র র আপন আপন র আপন র আপন র খ ন ন endseq
150538,startseq দ ইট র ব ব ল ইট র ইট র প র ব র প endseq
150540,startseq এখন ব র র র র র র র র র র র র র র র ন ন ন ন ন র র কর হচ ছ ৷ endseq
150541,startseq এত প ন জল র প ওয় য জল জল র ড ও উপক র ৷ endseq
150542,startseq এই পর ন ন ন ন ন ন ন ন ন ন ন এই স ন ন র একট ব শ দ খ ন ন ন ন ন endseq
150543,startseq প র দ ন দ ন দ র ন ন ন ন ন ন ন ন ন ন ন ন ন ন ন ন স ন ন ন ন
150544,startseq ত ন ত ত ত ত ত ত ত র দ র ত ত র ন য় দ র র গ ছ ল ন র র র য় endseq
150545,startseq পর ব র র র র র র ষ ট র র ষ ট র য ওয র পর ম র ব র ব র পর ষ ব র
150546,startseq ক য ল র র র র য র র জন য ক য থ ক ক ক নও ইম ল প য য ত ক ন ন ন
150547,startseq এই সময় ব স স ক ত স ক ত এব ত ত ক ত ক ত স থ ক ম ম র ত ত ত ত ত endseq
150548,startseq অন ক র র র র র র র র ক ক ক র র ক ক ক র র র র র র র ক ত ক র
150549,startseq ভ রত হ চলচ চ ত রট ভ রত র চ ত র চ রট হ ন দ র র র র র র র হ স ব ভ
150550,startseq এই দ দ দ দ খ ন র ম র ন জ র র র র গ র ক ছ প ছ ন য ছ ছ ন endseq
150551,startseq প র ত হল একট ত বক র গ র endseq
150552,startseq ম ল র গ র র ক য র য অন য ন য ম র ষ র প র র প ছ ছ endseq
150553,startseq এই ব র র র র র র ব ক ব র র ব ক ব র র ব ক ব র ব ক ষত হত প র ৷
150554,startseq এই পর ব র র সময় এই সময় এই পদ ধত ত র অন য য় ত ক র র ক ষমত কম য য় endseq
150555,startseq ম নস ক র র র র র র র র র র র র র র র র র র র ক রণ ক রণ হয় য য়
150556,startseq এখ ন ব ব ব ত ত এখ ন ব শ ষ আকর ষণ র আকর ষণ ৷ endseq
150557,startseq প ন র স থ স ম ত ত ম ত র র স স র স থ র স ব ধ র ব ব শ endseq
150558,startseq র জস থ ন র র র অন য ন র অন য ন র অন ক র র র র র র ক ক ছ ক ছ ছ
150559,startseq ভগব ন র ভগব ন ভগব ভগব ন ভগব ন ভগব ন ভগব ন ভগব ন র র র র র র র ত ত ত ত endseq
150560,startseq ব জ ব ত পর যন ত ব ন ন ন ত ন ন ত নয় endseq
150561,startseq নত ন স ও স ও ন ও ন ও ন র র র র র র র ম ন ও ও চ ছ ছ ল endseq
150562,startseq ক ন গ ল গ ন গ ল ন ন গ র র ভ তর ভ ক ন র গ র র ন endseq
150563,startseq স র ফল রক ত র প রক ত র পর ম ণ র গ র হয় য য় ৷ endseq
150564,startseq হ ল র ব য য় ম ট উপক র উপক র ৷ endseq
150565,startseq ব য ন র র র র য র র র র র র র র র র র র র র endseq
150566,startseq প র ক প র ক একট স য এব প ক ক এব ব য ট রয ছ endseq
150567,startseq প রত বছর র ম স র র র র র র র র শ র কর ৷ endseq
150568,startseq ন ন ন ন র র ম র য র র র র র র র র র র র র র য ছ ল ন endseq
150569,startseq আগ ম ক ল ক য ল ন ড র আম ক ত ক ল ত কতক ষণ ল গব endseq
150570,startseq চ ন চ ন ল দ ট দ শ র ন ন ধরণ র ম শ র র আছ ৷ endseq
150571,startseq ন ন ন ন র র প র ব ন ন র র ত র র ন ন থ ক ন endseq
150572,startseq ভ ষ ট ভ র র র র র ত র ত র র দ দ র দ খ দ য য় endseq
150573,startseq এই জন য থ ক র ফল র ফল র র র র র র র র র র র র র র র র র হয় endseq
150574,startseq আপন র র ন ন র র ন ন ন ন ন ন ন ন ন র গ র এব ক র র র র র র র র
150575,startseq গ ন স ট সর বশ ষ podcast পডক য স ন শ ন শ ন endseq
150576,startseq ম ক ত য র র য র র র য র র র র র প রথম দ ব র দ দ য বল মন কর ন endseq
150577,startseq ক জ র চ ক ত ম ম ও ও ল ও ম য য় ও ম র র র র র র র ত র endseq
150578,startseq হ ট র স র র র ড ল ড প ওয য য ৷ endseq
150579,startseq এই দ ট প র র র র র র র র র র র এব ব দ র র র র র র দ দ ওয় হয় ছ
150580,startseq এই ব শ ব র শ শ র শ ষ ক ষ ক ষ ক ষ র র সমস য ন র ন ৷ endseq
150581,startseq প র শ কর র ক প র ন ত হল ব শ কর ত হল ত র র ব র ত কর endseq
150582,startseq ক ন ত যদ ত ত ত ত ত ত ত ত ত ত ল র ত ত ত ত ল র র র ত ত ত র ত
150583,startseq আম ক ভ ব চ ল চ ল endseq
150584,startseq র র র র ন র র র র ন র র ন র র র র র র র র র র র ষ ঠ ছ ল ন
150585,startseq ত র ত র র ত র র ত র র র র র র র র র র র র র র র র ছ ল ন endseq
150586,startseq ন ম ন ন ল ল র ক ষ ত র ল ল র ম ল ক র র ম ক র ক থ ক প রথম প রথম
150587,startseq বল ন ন ন ন ন ও ন র প রত দ ন এব রক ল প কর ন endseq
150588,startseq ব স ব র র র র যতম ব শ রভ গ র ম র র র র একট ভ তর র ম ত endseq
150589,startseq ন গ ল র ভ ল য র স য প ওয য য endseq
150590,startseq ন র র র র র গ ছ র ক ছ ত ক ত র র ন ন ন ত ক ন ন ত রপর ন র গ রহণ
150591,startseq এট ব ব ব শ এব এব এব এব এব অন য ব দ শ ব ব যবহ ত হয় endseq
150592,startseq হ ড র গ র ব য স র য স র য স র য ইত য দ র র স ন ক ক ন দ র ৷
150593,startseq স ন ন দ র স ন ন ও ম ন ষ র র র র র র র শ র র শ ষ র দ ব endseq
150594,startseq চ চ র ড ক র ড র গ র ড ব ভ গ র র র র র র র র র র খ ন ৷ endseq
150595,startseq জ ব র র র ক ক ন ত র ত র ত র র ব ব যবহ র কর ব যবহ র ব ব র র র আবশ
150596,startseq সম ভব ক ত স র র র থ ক স র র র য য ত স থ য র র স থ য ত র র endseq
150597,startseq ম ট র র র র র র র য য য গ য গ য ক ত ক র র র র র ৷ endseq
150598,startseq ব ট ব অথব ব ব ব ব ব র ব হয় endseq
150599,startseq প রত য ক ন গ ল ন ন গ ল ন ন ন ন ন ন র র র র র র র র কর ছ ল ন
150600,startseq ম র র র র র র র র র র র র র র র র র র র র র হল সবথ ক র র র য
150601,startseq মধ যপ রদ শ র র য র র য র র র র র র র র র গ য র র গ য গ endseq
150602,startseq য ইহ ক ব শ শ ব চ চ র ব শ শ দ র গ ছ ন ন ন ওয় উচ ত নয় ৷ endseq
150603,startseq ভ ট ন ন ত ত ত ম ন ন ন ত ত র ন ন ন ন ন ন ন ন ন ন ন ন ন ন ন
150604,startseq ক ন ত র ক ত ক ক ত ক জ ত য ত আন তর জ ত ক জ ত ক জ ত ক প র ত কর
150605,startseq র ক ক র ক ল ক ন ন ন ন ন ল ক ন ন ন ক ব র প রধ ন ব যবহ র কর হয় endseq
150606,startseq র ক র র র র র র র র র র র র র র র র র র র র র র কর উচ ত ৷ endseq
150607,startseq ম ন ন এব গ ন র ম র র খ ল য ন ম ল য খ ল ন ম ল হয endseq
150608,startseq ক ন ত য র র র বল ছ য য র ত র য য ন ত য র ন তখন ত র কর ন য ত র
150609,startseq দ ত র র র র র ত র র ন ত র র ন ন ত র খ ব র খ ব ত ত খ য য় endseq
150610,startseq গ হ র গ ছ র ম ত র র দ র র ম ত র র ম র ম দ র দ র দ ওয য য endseq
150611,startseq ম ঘ লয র ব ঘ ট র ব শ ব র র র র ব র র র র র রয ছ endseq
150612,startseq ল ল র র র র র উপর এব ক এব প র এব প র এব প র এব এব প র র এব এব ত র র
150613,startseq শ ষ ব হ র র র হ র এব এব হ র র র র র র র র য একট দ য র ক ন দ র
150614,startseq ফলস বর প ফল জল র জল র ক জল র জল র জল র জল র জল র জল র মত ক ন কর হয় ৷ endseq
150615,startseq ত ল ক ব ত ল কর ন endseq
150616,startseq যদ ক জ র স ট ট ট র র ত র র র র র র র র র র endseq
150617,startseq এই র য র পশ চ ম র য র য র য র র র র র র র র র য য endseq
150618,startseq য খ ন ত ত র অবস থ ত থ ত endseq
150619,startseq স র র র ত স ক ত র য় ক ন ত স থ য় ক র র র ব ড য য় endseq
150620,startseq মন র ন য ন ন ও ম ন ও ন ন ও ম ন ও ও ন ও ও ব দ ও ব শ কর ন endseq
150621,startseq র ব র ট র ট র ট র ট র র র ট র র র র ট ম ট ম ছ ফ ল ন endseq
150622,startseq স ধ রণ ন র স র স র স র স র স র স র স র স র স র স র র ক ষত ক
150623,startseq ম ম র র র র র ম ত র র র র র র র র র র র র র র র ত ত হব endseq
150625,startseq স দ ধ র য য য য য য য দ দ খ য য য endseq
150626,startseq প র খ ওয় উচ ত য ত হল ত ভ ল স ধ ভ ল ম ভ ল endseq
150627,startseq প রত য প র প র প প র য প র প র প র এই শহর র দ ধ এই দ ট র র দ র
150628,startseq র ক র র র র র র র র গ র গ ৷ endseq
150629,startseq ক ছ ক ক ত র র ক ক ক ত ক ক র বল হয় ৷ endseq
150630,startseq গ ন গ ত র ম ত ম ম ম ম এব ম ত র ত র ত র ত র র স ত র কর endseq
150631,startseq ক ন দ ব দ মন দ র দ র র ম র ম র দ র র র র র হয ছ ল ৷ endseq
150632,startseq স ক ক স ক ক ভ ল খ স ভ ভ ল খ ব র এব ভ ল উ চ প রয ছ endseq
150633,startseq ন উইয র র র র র র র র র র র র র র র র র র র র র ব শ কর হচ ছ ৷
150634,startseq গ ছ র প র র র র র র র র র র হয় ওঠ ন endseq
150635,startseq মন দ র র র র র র র র র র র র র র র র র র র র র ন র জন য ত ন
150636,startseq ন জ র র র ক ষ ত র প ল গ ছ ল ন জ র স ন ন শ ল কর হয় ৷ endseq
150637,startseq ব শ রভ গ ল ন ন ন ন র র ন ন ন র র র র র র ন ন র ন ন endseq
150638,startseq অন গ রহ কর আম ক আজক র ত র খ জ ন ন endseq
150639,startseq ম ন ক ক র র ন র ক ন র ক র ক ক র র ক র দ ক দ খত প র ন endseq
150640,startseq ক অভ ষ ক অভ ষ ক ম য গ ট ক য গ কর ন endseq
150641,startseq ন ন ভ ভ রত র স স প র প রথম স র জ র প রথম স জ ন র ছ ল endseq
150642,startseq প র র র র ক ছ ল ক ন ত হয় ছ ল ন endseq
150644,startseq এর স ল সক ল র আগ র স র দ য় দ ওয় হয় endseq
150645,startseq ক ন ক ক ক র ক ক ষ ক র র ম র স স ট য য endseq
150646,startseq ব শ ট ট শ র ট ব ল চ চ র চ ন চ র ট র র য য কর হয endseq
150647,startseq এই ল চ ক ত স চ ক ত স ব য য় ম খ দ য এব ত র ক ষ ক ত দ ষ ট কর দ
150648,startseq ন শ র ত র ব শ র ম র ব শ র ম র জ ল র মধ য ব শ ব র ব শ endseq
150649,startseq সক ল দশট র জন য অ য ল র ম স ট কর ন কর ন endseq
150650,startseq স ক ত র র র র র স ক র স ক র স ক র স ক র স ক র স ক র র ত র
150651,startseq আম ক এখনই একট ক একট উব র প ঠ ন endseq
150652,startseq ক র র ক ন ন ন ন ন ন ন ন ন ন ন ন ন ন ল ন ন ন ন ন প ছ ল ন endseq
150653,startseq প র য ঙ গ ল থ ক স ন দর শহর থ ক স ন দর থ ক ল ম ট র দ র অবস থ ত রয
150654,startseq স ন ন ন একট একট একট য য ম র য র য প র য ক ত র প র র ত র ল endseq
150655,startseq র ম র র র র এব ম ল র র র র র র র ম র ম ৷ endseq
150658,startseq প র ন র র ন ন ন ও স ন ন ও ন র র ন ন র র র ন ন র র ব র র মত
150659,startseq ব র র র ব ন ন একট ব শ চ ন ত র র র র র র র র নয় endseq
150660,startseq সমস ত ম ন র র র র ন র র র র র র র র ম র র র ম ম র র র কর হয ছ
150661,startseq আর স র র র স থ ক ও ব ক র র ক র ক ও ব ক র র ক ও পর ষ ব ব ড য
150662,startseq ভ তর ঞ চল ল খ ল চ রট চ রট প শ চ রট প র চ রট প রদর শন কর endseq
150663,startseq এর স ন দর ন ন ন স ন ন স ন স স ন স স প স র স স স প র স ত ত য
150664,startseq ক ন ক ট র ত ল ক থ ক ট র ট ব ক কর ন endseq
150665,startseq আম দ র চলচ চ ত র ন জ র চলচ চ ত র চলচ চ ত র অভ ন র র র র ন র র ন র
150666,startseq ন জ ন ন ন মন দ র র জস থ ন র জ য র জ য র র জ র র র জ ন মন দ র
150668,startseq ঠ ন ড র য গ ল র ল র র য র য ন র র র স থ ন র জলব য স স থ থ ক
150669,startseq আম র ট র এব ট ক র র ব ন ময হ র ন ব ন endseq
150670,startseq একট বড অ য ন র সবথ ক বড সমস য endseq
150671,startseq হ ম য র ফল ব য থ ও অন য য় ও অন য য় ও কম য য় ব শ ব র হত প র endseq
150672,startseq ক ন ছ ড ছ ন গ ছ ন ন ন য ন ন স ন ক র ন ক ন ত ক ন ত ন ত ছ ছ
150673,startseq প র র র র র র র র র র র র র র র র ত র র র র যবহ র কর হয় ৷ endseq
150674,startseq ম নস ক র গ র ম র র র স থ স থ স থ স থ স র র র র র র র র endseq
150675,startseq দ র গট র ন জ ন য ন ন ন জ র ন জ র ন জ র ন র ন ন ন ন endseq
150676,startseq এর ক ক র গ র ক ন ক র র ক ছ ক ছ ক র র স থ ন র ক র ন য য ত প
150677,startseq ন ন গ ন ন ন ন ন এব ব ন ন ন এব ত র র ক ন র গ ল ক জ ন ন endseq
150678,startseq ক ক ক র ক নস র ক ক ক নস ক স থ ক ক ক ক স থ র স থ র ক চ ক ৎস কর
150679,startseq প রত য ক ম ল প ন র র ল ল গ ল ক র গ য় দ য় দ ওয় হয় endseq
150680,startseq স দ দ ব দ হল দ স ত র ভগব ন র র র র র র র endseq
150681,startseq এখন ক নজট র ত ক মন endseq
150682,startseq ক ন প প প প প প প প ল প এব প প র এব প র দ এব প ল দ ল র জন য একট
150683,startseq প র য র র ন র ন র ন র ন র ন র ন র ন ন ন র র endseq
150684,startseq ত র র র ত র ন ত র ন য ন র র র ন য ন র স স র ন র ন endseq
150685,startseq ব রক রক তদ ন ব ব ব ব ব স ব দর শন endseq
150686,startseq মন দ রট র মন দ রট গ র ম র গ য গ য গ র ত বপ র ণ র জন য ত র থস থ ন
150687,startseq ন জ র গ ন ন ন ন ন ন গ ন র ক ত ক গ ত ক ন ক ত ক গ ত ক ন ক ত
150688,startseq শস য র র ফসল র শস য উৎপ দন র ম র র র র প রত হ ক টর ৭০৮০ ক টর endseq
150690,startseq ত রপর খ খ ব র ব র ব য ক ত র র ব র র র র ত র র স থ য য য endseq
150691,startseq ক ন র র র র র র র র র র র র র র র র র র র র র ম র ন endseq
150692,startseq ড ম র র র র র র র র র র র র র র র র র র র র র আকর ষণ endseq
150693,startseq স স ল র ন র ন র ন য ন র ন র স ন র র ন র স থ ন র ন য য ন ন
150695,startseq য দ দ দ দ ম দ শ দ ধ ও ব শ দ ধ ও ব শ ষ ক ব ব ব ব ব ব ব endseq
150696,startseq মহ র জ র র র র র ঐত হ যব ঐত হ যব ঐত হ যব ঐত হ স র ত র সঙ গ ত র ত র
150697,startseq ত র র র র পর পর চ ন ন ন ন ন ন ন ন ন ন ন ন ন ন ন ন ন ন ন endseq
150698,startseq স র র র স থ স থ স থ স থ স থ স থ র র ব শ র র র স থ হয় য য় ৷
150699,startseq ক ন প র ক ত ক ন ন য ন ন স স ক ত র ন ন স স ন ন য য ন ন endseq
150701,startseq যদ আপন র র ধ র ধ র ধ র ধ র ধ র ধ র ধ র ধ র ত র ব র ব র য় endseq
150702,startseq মন র প র র র র র র র র র র র র র র র র র র র র র র র র endseq
150703,startseq প র য র র ক র প র র র প র র র প র চ প র প র প প য endseq
150704,startseq প য ক ত র র ক য ন ক ন ন য ক ন ন য ক ন ত ক ন ব ন ন গ ছ endseq
150705,startseq বর তম ন ক ন ক ন ক ন ক ন ক ন ম র ক ক ক ক ক ক ক ক ক ক ক ক ক ক
150706,startseq ন ন ক র র ন ক ন ক ন র ন র র র র র র র র র জন য ক ক ক ন ন দ
150707,startseq এই জন য প র র র প র য প প প রত ক ক ড প রত য ৷ endseq
150708,startseq ত র স মন করত প র ন য ত র র র র র র র র র র র র র জন য ত র ক কর
150709,startseq দ ব ত য ত র স থ ন য গ ছ ল ন ন গ ছ ল ন ম ন ম ন ন ছ ল endseq
150710,startseq এই ব র র র র র র র র র র র র র র র ক র ক র র র র র র কর র জন
150711,startseq আগ ম সপ ত হ র স থ স থ ম ট ম ট র কখন endseq
150712,startseq ক ষ র র র র র র র জ র র র র ব শ ত র কর ছ endseq
150713,startseq ন ন র র ন র জব শ র জব শ র র র র র র র র র র র র শ ল ন endseq
150714,startseq আম র চ রপ শ ক ক ক ক দ ক দ খ ন endseq
150715,startseq বল হয য ন ন য ন ন য ন ন য ন ন ম ন ন ন ম র ন র ম ন কর বল ছ ন endseq
150716,startseq ত র ত শ ষ শ ষ সপ ত হ র ষ ট ত য গ য গ য থ কব ৷ endseq
150717,startseq ব ন ন ন র র র র র র র ব ন ন ব ব ধ ব দ ধ ব শ ব র বড বড এল ক endseq
150718,startseq বর তম ন গ ল র ম র ক ত ক ত ক ত ক ত র র র র র র র র ন র ন র কর
150719,startseq ক ন গ ন র দক ষ ণ র দ র পশ চ ম দ র অবস থ ত রয ছ endseq
150720,startseq স ল র ষ ট র য উদ য ন র ক র প র য র ক র র র র র র র র র স ত
150722,startseq প র ট ল র মধ য নট র মধ য নট র মধ য নট র মধ য ক ট endseq
150723,startseq ক ন ল ল ল র চ র র র র র র র র র র র র র র একট প থর র র ছ ল endseq
150724,startseq একট স র গ র ম ক ন এব ম ন র র র ম র ম ন চ ত endseq
150725,startseq জ য য ট র য ট প য র একট প র য র র র র র র র সব র স ব ধ র স ব
150727,startseq ক ন র র গ ল ক র দ ব র ত র ত র ত ব র ত র ত র ত ল ক কর ন endseq
150728,startseq স দ দ র র র র ব র র র র ব র ক ত হয় হয় য য় ৷ endseq
150729,startseq ন জ র র র র ন ন ম র র র র র র র র র র র র র র র র প রভ ব পড
150730,startseq প র র র র র র র র র ভ ন ন র র র ভ হ র ভ র ভ র ভ র ন র কর endseq
150731,startseq য দ র র স দ ধ র ন য ন য ন ন ন র ন জ র ন র ন শ র কর ন endseq
150732,startseq ম য ন ত র ত র ত র ম ত র র প র দ দ র প র দ দ র প র endseq
150733,startseq ক ত র র ত র র ত র র ন ত র ত র র ন ত র র র র ত র ত বপ র ণ endseq
150734,startseq আপন র র ক র র র র ক র র ক র ক ন ক র র ক র ক ব শ ব র খ ব র endseq
150735,startseq চ চ র র র র র র র র র র র ক র র র র ক র ক ক র ন থ ক endseq
150736,startseq এর ফল ক ক ক ক র হ দয় হ দয় ট র ট হ দয় ট র ট হ ট ট ক র র ক কম থ ক
150737,startseq যদ য র র র য য র সময় ব শ র র ক র সময় শ র র ক ষত হয় endseq
150738,startseq ব ন দ ব র র ও ন চ ন ন র র ন চ ন র র ন চ ছ ল ন endseq
150739,startseq দ ল ল উচ চ উচ চত র ল ল দ ল ল ল ল দ ল ল পর চ পর চ পর চ ত endseq
150740,startseq ন ন ন ন ন ক র ক ন র কর র ক ন ন ক ন র কর র কর র কর ন endseq
150741,startseq আম ক বল ন ক ভ ব ক ন ন করত ন ন ন endseq
150742,startseq ন ন ন ন ন ন ন স ন ন ঠ ন ড স গ র স থ স থ হয় য য় ত র গ ল ক ত
150743,startseq মন র স থ ক থ ক য নস র স থ থ ক ম নস ক থ ক ম ন ত ক ন র ক ন ন ন
150744,startseq বর তম ন ক গ র উচ চত য হ ত য ন র ক ত ত র গ র ক ক স ট কর হয ছ endseq
150745,startseq ভ রত র স থ ন র ক র র র র র শহর র স থ ন সমস ত দ শ র দ শ দ য় ছ ন
150747,startseq আন তর জ ত ক র চ র ব চ চ র ব দ র ক জ ত ক জ ল য ন ক ন ন কর ছ endseq
150748,startseq এর চ চ র র র র র য় ম ন য় য় ম শ য় ম ন য় ম শ য় দ ওয় য য় ৷ endseq
150749,startseq এর আখ ফসল বড বড বড হয় endseq
150750,startseq বরফ র ব স ন র র র র ল র র র ল য র অন য ন য ল ও অন য ন ল ন endseq
150751,startseq পর র ক endseq
150752,startseq ব জ স জ ম জ ব ক ভ ল ব শ ষ র জ য ক স ম ক ত ক ত ক ত ঘট endseq
150753,startseq এই ধরন র ম নস ক শ ব র ন ত র ম ন ষ র ম ন ষ র ম ন ষ র দ ব র গ ছ
150754,startseq এর গ ছ গ লমর চ র গ লম ব আর থ ক ৷ endseq
150755,startseq বল হয য এই য এট প র ন এট প র ন এট ব র ম কর র জন য ব ব কর ৷ endseq
150756,startseq ন ন র সঙ গ ত র সঙ গ ত র র ধ র ধ কর ন endseq
150757,startseq আম ক জ ন ন র র সম পর ক পর ক ব র বল ন endseq
150758,startseq ম র ও ম র র র ও প র ক প রভ ব পড ৷ endseq
150759,startseq আম শ জ জ য গ ন শ নত চ ই endseq
150760,startseq ন য়ম ত য ক ক জল র স ন য জল র স খ ব স হ য য কর ৷ endseq
150761,startseq দ ব ত ব দ ব র ল প র ক ল ল ল ক র ল ল গ ল র র র র র ন ন ন ৷
150762,startseq সরক র র প থর র র র র র র র র র র র র র র র র ন র র ন endseq
150763,startseq ক ন গ ন র র গ ন র ম ন র র ক ন এব ন র র র র র ন র ন র ন ন ন
150764,startseq ক র ল র র ল ল র র র র র র র র র র র একম ত র র একম ত র ঐত হ স হ
150765,startseq ক ন ত শর র র অ শ স স ট ন স ব য ট ন স ব ট ট ন স ব ট হয় endseq
150766,startseq ক ন ড ও ক র য ন এব হ স য ল য ন ড য স শহর আছ endseq
150767,startseq ত ম র ত র ত নট প র ত র ত র ত র গ ছ ট ন ত র র ত র রয ছ endseq
150768,startseq ম র ন ন ন ত ন ন ন ন ন ন ন ন ন ন ন এব ন র প র ক র র ন গ কর ন
150769,startseq ক ষ র জন য র র র র র র র র র র র ষ ট র র ক র র কর কর হয় ৷ endseq
150770,startseq আগ ম থ ক থ ক য র র র য র র র স ট র র স থ ন য ত ল ন endseq
150771,startseq দ শ র ট শন স ট শন চ ল ন endseq
150772,startseq পশ চ র র র র র র র র র র র র র র র র র ত র র র র ত র ছ ল endseq
150773,startseq চ ন ন র ঘন জঙ গল র মধ য আছ ৷ endseq
150774,startseq এট ট ট র ট র ট র থ ক চ র র চ ক ত চ লক ন ড প ছ ন ত কর ৷ endseq
150775,startseq যদ আপন র শ শ র যদ আপন র চ ন ন যদ ও কম গ ল ন ত হল ত ক ত ত ত হত প র endseq
150776,startseq ক ন ক ক ছ গ ছ র ক ছ ক ছ ক ন ত র ক ন র ক ন র ন ন endseq
150777,startseq ন ন ম র ঐত হ স ক র র ম র ন গ ল গ র ন ন গ ছ ন endseq
150778,startseq একট ক র র ন ত র ত র ত র ত র ত ত র ত ত ত ত ত ত ত endseq
150779,startseq শ ষ র র র র র র র র র র র র র র র র র র র র র র র র র endseq
150780,startseq স ক র ব র র র ত ক ত ক ত ক ত স থ থ ক ন ত স থ স থ ত endseq
150781,startseq ম নস ক র ক র র র র য র ক র উত তর খণ ড র সবথ ক বড দর স ন দর স ন দর endseq
150782,startseq ক য ম ন ড র ক য ক উন ট ক ক ন ক ট ক ক ছ ট ক দ খ হব endseq
150783,startseq ত র র ত র র ত ত র পর ব র ত ত র প র ন সম পর ক ত ন ন ন endseq
150784,startseq চ মড হল শর র শর র সবথ ক বড ৷ endseq
150785,startseq ত ন চ র র র র র র র র র চ রট প র চ রট প রত ন গ রহণ কর ন endseq
150786,startseq শ ব র শ ষ র র ত র র র র র র র র ব ব র কর endseq
150787,startseq ক ন গ ছ ল ক একট গ ছ র একট গ ছ র একট প র আছ endseq
150788,startseq ভ রত র মন গ র র র জন য মন হ র র র ধ র হ স ব ধ র হ য য য য য য
150789,startseq আগ ম ক ল ক র ট র ন র ট ক ট ব ক কর ন endseq
150790,startseq ক র র ত র ক ত র ন ন কর ন ন ন ন endseq
150791,startseq এই স ধ রণত এই ড ড ড ড ড ড ড ড ড ড ড ব য থ হয় ৷ endseq
150792,startseq এই সমস য ব শ র র র র র র ক ক র র র র পর র পর র পর endseq
150793,startseq দ ল ল ল ল থ ক ন ত ত ল ল ন ত ত ল ল ন র ন র ল ন র দ য় endseq
150794,startseq প র র র র ন র প রত চ লক ষ য চ র প র চ র স ম র স ম র ম র ম প
150795,startseq ভ রত য় র র র ভ তর ন র র ভ তর ন ন র র ভ ন ন ন ন ভ ন ন ব ভ ন ন
150796,startseq হ ন দ হ ভ রত র বল বল হয় এব ব শ ষ র ভ ষ র জ য র র র র র র র র endseq
150797,startseq চ ন ম ট ম ন র প প রথম ব ষ ট র র ষ ট র র র র কর উচ ত endseq
150798,startseq ক ন র র র ন ন ন র র ক ষ ত র ন ন র ক ষ ত র ক ক ন দ র গ ছ endseq
150799,startseq প র ক প র র দক ষ ণ র পশ চ ম র র র র র ত র র ত র র endseq
150800,startseq নদ ন র ন ন ন ন য ন ন গ ল এব ন ন ন স স ন ন থ ক স ন ন র য য য
150801,startseq দয কর আম ক একট উব র ড র ড র কর ন endseq
150802,startseq ব শ ট র ট ট ট ট র প র প র প র ক ক র র র র র র ক ন endseq
150804,startseq আম দ র র শত শ প র য ৭০ শত শ এল ক র দ র য য দ য য ৷ endseq
150805,startseq এখন স ল র র র র র র র র র র র র র র র র র র র হয় শ র কর হয় ছ endseq
150806,startseq ব ত ব ত ব ত ব ক ক ব ক রক ত ব ড় য় ক ট র এব এব ত র র র দ ক র endseq
150807,startseq ক ন নত ন ইম ইল আছ ক endseq
150808,startseq ক প র প র র র ক র র ক র র র র র র র র র র র র র র বদল ন endseq
150809,startseq আপন র র ন ন র ন য আপন র ক ন ন য ন ন ন ন ন ন ন ন ন ন endseq
150810,startseq হ য র প র অন শ র অ য ল র র র অ শ র অ শ অ শগ রহণ কর ন endseq
150811,startseq ব জ র স ব র ন র র ব ব ব র র ব ব ব ব ব ব র ন র ন ও ন জ ন ছ
150812,startseq শ র র র র জনস খ য র জনস খ য র র র র র র র র র র র র র র মধ য একট
150813,startseq প র র ন ন ত ত ত ত হয় য য় ত ত ত ত ত ম ত র ম ত র ম ত র endseq
150814,startseq অল আম ব র ম খ ম ক ছ ক জ ব জ ন endseq
150815,startseq ন চ ত র র র র র র র র র র র র র র এব ম ন র র র জন য কর ত কর ন
150816,startseq এই নগর র র র র প রথম অবস থ ত ৷ endseq
150817,startseq এর স থ ত হল খ বই ভ ল ৷ endseq
150818,startseq ম জ র স ম র ম র ভ তর ভ ম র ম র ভ র র ম র ম ল ছ ছ endseq
150820,startseq আম র ক ত র ড র ত র ত র র ড র অ য পয ন টম ন ট আম ক জ ন ন endseq
150821,startseq যদ ব ব র ন হয় ত হল ত প র ন ত প র ন ত প র ন ত প র endseq
150822,startseq ন র ক ন ন ট ক এব ব ক এব প র এব এব এব এব ক এব ম এব ম এব ম এব ম এব এব ক
150823,startseq র জ য র ব শ ব শ র ক ছ ব শ ব শ য গ র ব শ য গ য ক ন জ ন য য
150824,startseq এখ ন র পশ দ র মধ য দ খ র স থ দ র দ র ত র কর ৷ endseq
150825,startseq প র র র র র ক ক ক ক ক র র ক র র র র র ক র ক ত কর য য় endseq
150826,startseq ক স র ট র র স হ র মত র মত হ ত ল র মত র মত ল হ ট ল ইত য দ খ য ত
150827,startseq যদ আপন এই ব য ল ক জ ন ত র র ক ছ আপন ক ছ আপন আপন র ক ছ আপন ক জ ন endseq
150828,startseq এই জ য র ক ক ক ক ক ক ক ক ক ক ক ক ক ক ক ট র ও এই দ র অবস থ ত endseq
150829,startseq ক ছ চ ম ন ম ন ত ব ত ত র উপর ব শ ত র র শ র র উপর ভ ত ত কর endseq
150830,startseq গ গল ক র ক র ক র র র র র ব ভ ন ন ভ ন ন ব ভ ন ন পর ষ ক র খ ন
150831,startseq যদ স ট জ স ট ট র র র ত র ত র র ত র ত র উচ ত ৷ endseq
150832,startseq এই ব য ক র র র র র র র চ ক ৎস র স থ য র ব ক ত র র য য় endseq
150833,startseq ন ল ল গ ল র ন ন ন ন ন ন ন ন ন ন ন ন ন ন ন ন endseq
150834,startseq ব র র র র র র জন য প রয জন ত র জন য জন য প রয জন র জন য প রয জন কর ন
150835,startseq দ রথম দ ন র দ ট স দ ধ র স দ র স দ দ র স স র র র র র র ন ন endseq
150836,startseq শ র ক ক র র ট র র র র ড র ল র একট স র ট র র স থ ক র স থ ক endseq
150837,startseq ক ন ন র ন ন ল ন ন ন এব ত র গ ন র ম ত র র ত endseq
150838,startseq ন ন ট র র ত র র ত র র আগ র আগ র র র র র শ র কর endseq
150839,startseq রক তচ প র র র স থ স হ দয় র হ দয় র হ দয় এব হ ৎপ ন র হ র হ দয় কর endseq
150840,startseq মন দ রট র ন ন র র র ন ন র র র র র ন দ র ও দ ট র র ও ন দ র ন
150841,startseq ব ক র র র ব শ ষ কর র জন য ন য ন ত র ব শ ষ স রক ষ ত কর দ ওয় হয় endseq
150842,startseq আজ আম র করণ য ত ল ক য ক আছ endseq
150843,startseq অবশ যই অন ক ব র র র ত র র ত র ত র ত আপন র প র র করত প রব endseq
150844,startseq শ শ ব শ শ শ স ন ত প ত শ চ ক ৎস র হ ত ব শ হ ত য য় endseq
150846,startseq যদ ও এট ভ ব র র ব শ ষ ট র য ব শ ষ ট র য র র র র জন য ব খ য ত
150847,startseq গর ভ বস থ র জন য ব শ ষ উপক র ৷ endseq
150848,startseq ত র র ন র র র ন ক ন ক ন ন ক ন ন র র ছ ল ৷ endseq
150849,startseq উচ চ ব ব ন ন ব ব ব র র জন য ব যবহ র কর উচ ত endseq
150850,startseq আপন ক আম র ক য ল ন ড র একট নত ন ইভ ন ট ইভ ন ট ত র করত প র ন endseq
150851,startseq অন ক ব চ চ দ র ওপর চ চ চ ন ন চ চ ন ন ৷ endseq
150852,startseq ক ন ত স স স থ য স র ন য ন য ত ব ৷ endseq
150853,startseq প র য র র র র র র জ র র র র জ র র জ র জ ত র র endseq
150854,startseq এই ধরণ র প র র র প র র ত র প র ত র প র ত র র ত র র র ত র কম endseq
150855,startseq পরবর ত দ ন ইভ ন ট বল ন endseq
150856,startseq ক ন ত ম র ম ত দ র দ ব ম দ র ম দ র দ ব র ম র ম র ন ম দ র endseq
150857,startseq ম ম বর ম বর ম বর ম ন কম কম ন ৷ endseq
150858,startseq স র র র র র র র স য স র স থ ন য র স থ ন য দ য় ছ ল ন endseq
150859,startseq ব য ন ল গ ল এব ম ল য র র ম র য র র য র র য প প র endseq
150860,startseq জ ন র র র র ফল আমর ত ক ল ন ত হয় য য ৷ endseq
150861,startseq স স ল ম ম ন ষ ম র স স থ ন ন ন স ন ন এব ন ন স ন ন ন ন ন ন ন
150862,startseq স র র র ইট স র গ র গ র গ র গ র গ র গ র গ র গ র র গ র গ endseq
150863,startseq এই ৪২৭০ ল র থলথল র ব র র র র র র র র র র র র র র র র হয় য য় ৷ endseq
150865,startseq ভ রত য ক র র ন য ভ রত য ন য ন য ন য ভ রত য ন ন য ন র ম ন য য
150866,startseq যদ ও অন ক ঠ ন অন ক ভ ম ন অন ক ত ক অন ক র ন র অন ক ত কর ছ ল ন endseq
150867,startseq দ র র র র র র র র র র র র র র র ন ন ন ন endseq
150868,startseq আম দ র ভ ল ক ন নও ভ ল ল endseq
150869,startseq প স প প র প আমর প র আমর গ ছ প ছ ল গ ছ ৷ endseq
150870,startseq জ ন ন ন য য য য য য ন য য য য ত র এব প রত য গ করত প র ন endseq
150871,startseq যদ র র র র থ ক ত হয় ত র র র র র র র র র র র র র হয় endseq
150872,startseq মহ র ষ ট র র র র র ক র ক র ক র ক র ক র র র ট র র ক ত কর endseq
150873,startseq এই ভ ম ম ন চ ন ত ত র জল র জল ভর ত জল ভর কর ন ন ন মন হয় য মন হয় য endseq
150874,startseq আগ ম ক ল প চট য় র প চট র জন য একট অন স ম রক স ট কর ন endseq
150876,startseq দ ত র র র র চ র ম ন র চ ন এব ব র ফসল র ফসল র ফসল র ফসল র ফসল র কর হয় endseq
150877,startseq ন ন র র ন ন ন ন ন ন ন ন ন ন র ন ন ন র র র র র ত র ন endseq
150878,startseq ক ন ড র আম দ র ভ ব দ ব র ভ গ ল endseq
150879,startseq একট ক ক চ ক ৎস র স ন ন ত ত ত র endseq
150880,startseq ক ন ন ন জ র ক জ র ন র র র র য ন র র র র র র র র র য য ন endseq
150881,startseq ক ন ত স ই র র র দ র র র র র র র র য ত র থ ক থ ক ন endseq
150882,startseq দ ট স থ স থ য ক ক ক ষত ক রক endseq
150883,startseq ক শ ত র ত গভ র ছ ছ endseq
150884,startseq প র য ড র ট ক ক র ক র ক ক ক endseq
150885,startseq চ ল র ব ব ব দ ধ উতপ দন শত শ শত শ শত শ ব শ হয় endseq
150886,startseq শ শ র র শ র কর ছ ন ন ন ত কর র ন ন কর ছ ন ন endseq
150887,startseq স হ স প প র র প র র র র র র র র র র র র ম ত য কর endseq
150889,startseq ত র র র য আপন র র য ল ন য ন র র র র র র র র র র ন ল ন endseq
150890,startseq ত ন র র র স থ ন ত র র র ত র র র র র ক ত সম পর ক endseq
150891,startseq স ট ভ ট ক ন বল হয় ন ন স ন ন ন ন ন ন ন ন ন ন ভ ন ন ন ন শ endseq
150892,startseq এর পর ল ক গরম কর ল ল ল ল ল ন য় ন ন ৷ endseq
150893,startseq প র চ ন ত ন র ন র র র র র র র র মত endseq
150894,startseq ব স র র ষ ট র র ত র র র র র র র য র ক ষ ত র য য য endseq
150896,startseq প র র র ন ন র র র র ন র র র ন ন র র র র ন ন র দ য় ছ ন ন endseq
150897,startseq ম ত ত ম ন ত ম ন স ন ন ছ ল ন ন ন ন ন ন ন ন endseq
150898,startseq ব ধ র সম প র ব দ ধ র ধ র র ব দ ধ র র র প র কর কর য ত প র ৷ endseq
150899,startseq শ ষ ঘন ট ইম ইল ক ন endseq
150900,startseq ওন র ক ন ন ত র ক ষ র ন ত র গ র ক ষ ত র র র র র ত র ছ ল ৷ endseq
150901,startseq প র য গ র ম ম ম ম ম র ম র ম র র একট ম গ ন ম গ ন হয ৷ endseq
150902,startseq অন ক ক ছ ট গ ছ ট ব য গ র ম ট ন ট ন ল গ র ম ত র র ন ন ন ন ন
150903,startseq যদ ক ত ত ত হল ক ন ত হল ত রপর ত রপর ত রপর ত রপর ব র কম কম য় কম কম কম কম কম কম
150904,startseq ক ন ন ন ম র পর ন র ম ন র র র ম ন র র ন র ম ন র ন ন endseq
150905,startseq প র র র ট র ট র ট ট র ট র র য গ র ম র র endseq
150906,startseq এই প র য র র র র র র র র র র র র র র র র র র র র র র র র র
150907,startseq ক ন র র র র র দ র ও ম ন ন র এব ক ন র পর যটকদ র পর যটক র ন ন endseq
150908,startseq য র র র য য র সময ক ন য র র র য য ত র র য য ত র র endseq
150910,startseq প রহসন র র শ র র শ র র র শ র র র র খ বই খ বই গ ন ৷ endseq
150911,startseq দ ল ল র র জধ ন র র জধ ন ল ল র র ক ক ক র ল য endseq
150912,startseq উত তর প র র র র র র র র র র র র র র র র র র র র র র র খ য ত
150913,startseq আম একট পডক স ল পডক স পডক শ পডক স শ নত চ ই endseq
150914,startseq আম র ক য ল ন ড র থ ক ক ক ক ক র প র র জন য endseq
150915,startseq এট ভ রত ভ রত endseq
150917,startseq শ ক রব র ম র র র র র র র র ন র ন ত ন র ন র ন য ন র জন য endseq
150918,startseq গ র গ ল র গ র প র প ত র প ত র প র ড ও প র র র র ন ত কর ছ ছ
150919,startseq এখ ন ম ম ম থ ক ন ম ম ন ষ ঠ ন ড ন র ম র ম ন ন ন ন ত র কর হয endseq
150920,startseq অড ও বন ধ কর endseq
150921,startseq য জ ন য য য য য য ল ন য য এব স র ন য য র ল র স ব দ শ র হয় endseq
150922,startseq ব র ট র দ র র র র র র র র ল ল র র ট ল র র ট ট ট ট কর ন কর ন
150923,startseq আম ল স স প র ল ল প র ব ধ কর হয ছ endseq
150924,startseq ক চ ক ত দ র র র র র র র র র র র স ক র স স র স র স র স থ ক
150925,startseq যদ ক ন ন ন ন ন ন ন ন ন ন ন ক ব ন র হল ভ ল হল ন র র ব ভ ন endseq
150926,startseq ব জ র র প ঠ ন য ন ন ছ ড ন ন ন ত র ন ন ন ত র ন ন ন ছ ল ন endseq
150928,startseq এই চলচ চ ত র হ ন দ ক ন ন হয় ছ ল endseq
150929,startseq প য গ প র র থ ক প র ট র র র স থ ন র ম র ম র স থ ন র স থ ত
150930,startseq খ ল ব শ বছর পর যন ত শ ল প শ ক র ব ল প র ব ল ল র খ ল য গ র র ল
150931,startseq প রথম প র য় র র য় ম ল য় স র য় ম ল হয় endseq
150932,startseq র জ য র ন ন ক ষ ক র র ক ষমত কম প র ট র ক ট ট ক endseq
150933,startseq এই গ র র ক ছ ক ছ একট ব য ন র ব ব র ব র ব র ব র ব র র র র র বল
150934,startseq মন দ র র র ত ত ত ল ৷ endseq
150935,startseq আপন ন ক ন ত র র ন ন ত ক ন ত র র র র র র র র প র র প র ন endseq
150937,startseq অ য ল র ম ব জ ন endseq
150938,startseq জলব য জলব য় স ধ রণত প র য় স ধ রণত ম ট ব ষ ট হয় endseq
150940,startseq অবব হ ক ট র ম ট র ক ক ক ক ক ক টর ক ক ক ম ট র endseq
150941,startseq প রধ ন র ষ ট র য উদ য ন র র ষ ট র ন ম ন ষ র র য য endseq
150942,startseq যদ ও ব ক র র ক রণ হল ক র হয় য য় ক রণ হল ক ট ক ট ক ট ক ট ক ট ক ট
150943,startseq ক ন র ন ত ন এব সঙ গ ত র খ বই স ব শ endseq
150944,startseq স ন দর য র র র র র র র গ র ক ক ক ত ক ত endseq
150945,startseq এই সময ক দলগ ল এব সময এব সময এব প র র সময র ছ ল endseq
150946,startseq প র র র ত র র ত র ম ত র ম ত র ম ত র ম এব ম ন র র র র র র ত
150947,startseq এই বছর ব ক ত ত ত ক ত ত ত ত ত ব চ চ র দ দ খ য য় endseq
150948,startseq স থ ই র র র র র র স থ স থ স থ স থ দ খ ন ৷ endseq
150949,startseq আম র প প প প র প ল য প র ন ব ইল নম বর প করত প র ন endseq
150950,startseq একট নত ন র সময ক র র র র র র র র র র র র থ ক ব দ য থ ক endseq
150951,startseq একই স থ র র র র র র র র র র র র র র র র প র ন র স থ ন য় endseq
150952,startseq ন ন ন ন ন ন য ল ল ল ত ল ল ল ল ল ত ল ল ল endseq
150953,startseq ত র ন ন ছ ল ন ন ছ ন য ন র ন ন ছ ল ন ন র র র র ন ন ন ন ন endseq
150954,startseq ম ন র র ম ন ষ র ম ন ষ র দ ই দ ক ট র ম ট কর ৷ endseq
150955,startseq গ ল র র র র ব র র গ ল ক ন ও ক ন ও ক ট র র র র ক ছ করত প র ন
150957,startseq ব র র র ব র র ব র র ব র র র র র র র র র র ন ন ন ত কর র ন ন
150958,startseq স ক র র র র র র র র র র র র র র র র র র র র র র র র ন ন ন
150959,startseq এর পর ষ ক র পর ক ষ র র ন র র র ন র র র র র র র র র ত র কর হচ ছ
150960,startseq হ য ল হ য য একট ব শ ষ ব র ব র য গ র ব ব স ব পর চ ত ত প র ন endseq
150961,startseq আল গ ল ক প ল ল গ ল ন ল ল ত ল ল ল ল ল ল ল এই সক ল ৬ট র সময থ ক endseq
150962,startseq আম র ব ষ ট র স পর ষ ব র পর ক পর ক ষ কর র ক ন প ঠ ন endseq
150963,startseq স খ ন র র র র ন ন স ন ন র স ন ন র র র র র ম ৷ endseq
150964,startseq পর যটকদ র পর যটকদ র জন য পর যটকদ র স হল স র স র স থ ন ৷ endseq
150965,startseq ন ন র ক ক ক র য় র ক র য় ক র য় র য ন ক ট র য় ক ট র য় দ ওয় হয়
150966,startseq ক ন ন র এব ব দ র র মন দ র র র র র ব র জন য ব খ য ত endseq
150967,startseq য ন ন ন র য ন য ন ল য ন ল য ন য ম য য স ট পর স স ট পর স থ য
150968,startseq য মন র মত মত মত মত ল গ য র র র ক ষ ত র র র ক ত র স থ য র র endseq
150970,startseq এই জন য এই সময এই ঝ ল র এই র র র র ট ট ট র য য ত প র ন ৷ endseq
150971,startseq মহ ন ব ভ রত র র র র র র র র র র একট গ র ত বপ র ণ ভ ম র র র র র
150972,startseq প র প ট চ প ট প শ খর প র প র ট র থ ক প র ন য় ছ ট কর ছ ন endseq
150973,startseq ক ছ ক ছ ক র র ত র ত র ত র ত র ত ত র ত ত ত র ফল ত প ওয় য য় ৷
150975,startseq ন ন ন গ ন র গ ন ন ন ন ন গ ন ন ন ন ন ন ন ন endseq
150976,startseq অন ক ক ক ত র র ত ত র র ন ত হয় ন ত র ন ন ন ত কর হয় ন endseq
150977,startseq এই স ধ রণ এই র গ র ত র র র এই স থ ন র র র ন ন ন ৷ endseq
150978,startseq এমন রকম র ল ল র ন ন ইত য দ ইত য দ খ ল খ endseq
150979,startseq শ র র র র জন ম র জন ম র জন ম স ল হয় endseq
150980,startseq সর বশ ষ স ম সর বশ ষ স ল endseq
150981,startseq এই খ র র র ফল খ ব র এব ক এব ব ন য ন য য থ য ন ৷ endseq
150982,startseq প ট র চ ন র চ র উ চ উ চ পর বত র পর বত শ র প র ৷ endseq
150983,startseq ন জ র র র র র য ন য ন ন ন ন ন ন ন ন ন ন ন ন ন ন ন endseq
150984,startseq এই ক ষ ত র একট ব র র র র র র র র প র ট কর ন endseq
150985,startseq অল বল ন ক ভ ব ন ন ন হয় endseq
150986,startseq আপন আম ক স ম চ র সময দ ন দ ত প র ন endseq
150987,startseq ব র ব র ব শ র প র গ ল ভ ন ন গ র ন র র র র র র ণ হয় endseq
150988,startseq দয কর আল গ ল একট আল কম কর ন endseq
150989,startseq দ র ব র ব র জল র জল র ব র য জল র প র য র য র র র র র পর চ ত endseq
150990,startseq যদ ত ত রক ত ত হল আপন র ত ত ত ত ত হল আপন র র ত ত হল আপন র জন য endseq
150991,startseq ত ল ক য ক ক আছ endseq
150992,startseq চ র র র জ ত র র ষ ট র য র র র র র র র র র র র স স স থ পন কর
150993,startseq ক ছ ক ষ ত র জন য ক ক ষ ত র জন য ক ষ ত র জন য ম ন ষ কর ন endseq
150994,startseq প রত য ক ন ন ত র একট ন ত র একট ন ত র র র র র র র ন ন endseq
150995,startseq এট খ খ র খ র র জ র ভ ব র র র র ব র ক ক endseq
150996,startseq u s d s s t ক ট র র র র র endseq
150997,startseq খ ব খ খ ব খ ব র স ত ত কর ন endseq
150998,startseq দ র হল ভ রত ভ রত র ই ভ রত র ই হয় য য় ৷ endseq
150999,startseq শ ল দ শ ন র স ন ক ক ক ক ঘটছ endseq
151000,startseq অন ক দ র য য র য য এই অঞ চল র স য ন র শ র র শ র ভ গ শ শ কর ন endseq
151001,startseq ম ম র ক ম র র র র র মধ য দ র র য র মধ য হ স এব স ন দর য জনপ র য
151002,startseq শ ধ র ব ড র সময় অন ক সময় ক ছ ক ক ক র র ক সমস য র সমস য হয় ৷ endseq
151003,startseq সবচ য় স ধ রণ হল ব দ ব র স ব ধ র স র ব স র য র র য য় endseq
151004,startseq এক বছর বয়স ক বছর র বছর বয়স বছর বয়স ক শ শ বয়স ক ছ endseq
151005,startseq ক ন র র র র স থ ন র ন ন ন গ র ম ন ন র ক ছ গ ছ endseq
151006,startseq স য র র র য য সরক র র য সরক র র য র র র র র র র এব স গ র র ন endseq
151007,startseq এই ব ব র র র র ত প র ত ত প র ত ত র র র র র র র র প র ন endseq
151008,startseq আপন শ শ র ন এব ত র এব একট ছ ড় ত ত য ত ত ক ত ক ত ক ত ত ত ত করত প র
151009,startseq ম ম র র স স শ র ষ ট রপত র ন ষ র র শ ষ র ন র স থ ন য স থ স থ
151010,startseq প র র ত দ র ত দ দ দ দ খ য ত দ র দ ট ভ ষ ট র দ দ র র দ endseq
151011,startseq এই ক ষ ত র ক ল ক র তথ ল র র র র র র র র হয় য য় ৷ endseq
151012,startseq য খ ন স থ ন য র র র র র র র র য এট ব আম দ র স থ ন ত র র ন endseq
151013,startseq আপন ক ইম ইল প ঠ ন ন ইম ইল প ঠ ন ইম ইল প ঠ ন endseq
151014,startseq গ ল ল ল ট র স ট ট ট ট র মত স ট ট endseq
151015,startseq ক নদ র স র ও গ র ও র র ও নদ র ত র স র স ত র স ত র র ব দ র endseq
151016,startseq ম র ল র ন ম ঝ ল ল ঝ ল হল ঝ ল র য য য য য য ৷ endseq
151017,startseq অন ক র র র র র র র র র ব ব ব ব র ব ব ব ব ব র ব র র র ব র গ
151018,startseq স ধ রণ র ব ব ধ র ত র ব ব ব র পর যন ত ব ব ব ছ ল endseq
151019,startseq ক ন র ক ট র ন র র র র ন র র র র র র র র হয় পড আর দ র র খ র খ
151020,startseq ভগব ন র র ক ষ ত র ক ক ক ক ক ক ক ক ক ক ক ক ক ক ক ব ধ থ ক endseq
151021,startseq ক র ল র ক র ক ক ত ক ক র এব ক র র র এব ক র র র র র ত র রয ছ endseq
151023,startseq আম ক একট ব র স র র র ন র স ন বল ন endseq
151024,startseq ক ন ক র র র ন র র র র র র র গ র ন ন গ র ন ন ন ন endseq
151025,startseq ক ন ত র র য র য উদ য ন র য উদ য ন র য য ওয র য য ওয হয ছ endseq
151026,startseq ন ড ক র র র র য ঙ গ ল ক ড য ক ড য ক ড য ক ড র ড য ক ড কর ন
151027,startseq আপন ক ভ ব ন ন ন র ম ন ন র ন ন র র ন ত করত করত হব endseq
151028,startseq অন য ন য র র অন য ন য গ র গ র ম য গ ও ম ন গ ও ক ন ন ন ন endseq
151029,startseq আপন ক আম র স থ ন য ল থ ন য ল র স থ ন র ত একট ত ল ক ত ল ক ত র করত
151030,startseq ক ন ন য ল এব এব য য র র য য য ন র ক ক জ ব গ র ত ত হয ছ endseq
151031,startseq ক ন স ব স ব দ ধ কর য স ব ধ র স ব র ষ ট র য পর ষ ষ ঠ পর ষ কর কর
151032,startseq ক ন ন ক ক ক ও প ল গ ল ক ক ক ক ন দ র র স ত জনপ র য endseq
151033,startseq দ রত য র সরক র র ল র র র র র র র র র র র র র র র প রভ ব ত কর হয
151034,startseq চ ষ র সময় গ ল ক ষ ত র র ত ত ত ত র কর উচ ত ত ত ত দ ওয় উচ ত endseq
151035,startseq জনপ র য র র র র র য ন র ব য য ন ড য ন য ন য ন য ন এব এব এব এব ন
151036,startseq স ট স ধ রণত স স ধ রণত স ম থ ক স মন দ র স থ ন থ ক দ র স থ ন কর কর
151037,startseq ম ন র র ল র র ল র র র র র ল ল র ন র ন র ম র ন র ম র ন ম ছ
151038,startseq ক রণ ক ভ ব শর র র স হ য য ত endseq
151039,startseq ত ন ন র র ন র ন র ন ন র ন ন র ম ন র ন র ভ রত র ন র ন ন ন ন
151040,startseq ভ রত র জ য র র য সরক র র র ত র র র র র র র র র র র র র প রয় গ
151041,startseq ঢ ক র র র লগ ড় কখন endseq
151042,startseq এই ল ল ত ত য হয য ত র র র র স ই স র র র স ট র ত র ছ ল endseq
151043,startseq শহর র র র র র র র র র র প র র র র র র র র র র র র র র র র ব
151044,startseq আপন জ র স ন ন ন ন ন ন ন গ ল ক ন ন ন ক ব শ ষ ট ন ক ন ব শ ষ ট
151045,startseq ম র র র র র ম র চ ন ত ম ন র ন ম ন ন ন ত ন ন ন ন ন ন ত ন থ
151046,startseq আজ ভ রত র র র র র ন ন ত র র ক ছ ল ন ন র চ ন গ ছ ন endseq
151047,startseq ড ক ত র র ক ন ন ক ন ওষ ধ দ ন ন ন দ দ ন ন ৷ endseq
151048,startseq মহ র ষ ট র র র র র র র র র ল র র হ স র র র ইত হ স ব শ ল ছ ল
151049,startseq এট স পষ ট করব ন য ত ত য ত য ত র খ ব র খ ব র ব ড ল ক র ন endseq
151050,startseq ত দ র র ত র র র র ওপর ন ন ৷ endseq
151051,startseq ক ন ন ন ন ও ন ন ন র র ন ন ন র র র র ন ন ন দ র থ ন endseq
151052,startseq এর ম ট র র র ফসল র ফল ও ক ন ন ফসল র ফল ন ন ফসল র ফসল র ফসল ৷ endseq
151053,startseq বল হয য ন গ র গ ন ম র ন মন দ র মন মন দ র ন ন ন কর ছ ল ন endseq
151054,startseq ব স মন র র র র র র গ ছ ন ন ন ক ন ন ন জ ন ন ল গ ল ক ল ন য ন
151055,startseq জ ন য র র র ম ন ত র ম ন ন র র ন ন র ম ন র ম ক ত প র ন endseq
151056,startseq প র এব আপন র র র র র র র র র র র র র র র র র র র র করত প র ন endseq
151057,startseq বর তম ন এট হল ব শ ব ম ন ম এট হল ম ন ম পর চ ত ৷ endseq
151058,startseq ন গ জলপ রপ ত গ র গ র গ র গ র গ র ম গ র ম অবস থ ত রয ছ endseq
151059,startseq প র ষদ র দ য ল ক র র য র র র ত র র র ব শ ব র র ত র ত হয় ৷ endseq
151060,startseq মন দ র গ ল ন ন য ল ন য র ল র র র র র র র র র র র প প র ছ ল
151061,startseq ম য র ম ট র স স স র র র র র ব র র ক র ব র ব যবস থ আছ ৷ endseq
151062,startseq স ট শ র র ত র শ ষ ক ছ এব শ ব স ন ন ব শ ব শ ন ন endseq
151063,startseq প র র র ক ন ক ন ক ন ত ক ক ন ত র ক র ক ছ ক ছ য য় য য় endseq
151064,startseq গ লমর চ র ছ ড ও ক ল ক ল ন য় হয় য য় আর ম র রঙ র রঙ র হয় ৷ endseq
151065,startseq আরও স থ ন ন ন র র র ন র ম র এব ন র র র র র র ত র ত র ত কর ছ ল
151066,startseq স ত ম খ ব শ খ ন ন এব আপন ত র খ ন ন ত ত র ওপর ন জ ন ন ন endseq
151067,startseq প র র র গ র র গ র ত র র র র র র র র র র র র র র র র র ন ত
151068,startseq এই ক ষ ত র র ক ষ ত র ষ ণ র র র র র র endseq
151069,startseq এই ক ত ক সম পর ক ক endseq
151070,startseq স র স র র র র র র পর ব র র র র র র র পর যন ত হত প র endseq
151071,startseq আজক ল চ ল আই খবর ক ঘটছ endseq
151072,startseq এর চ ক ত স ত ক ত হ দয় কলজ র র গ র র র র র র র র র সম ভ বন ন ন ৷
151073,startseq গ ল ক গ র ভ রত য গ য ন র র ন র র র র র র র র ভ ব বল মন কর হয় endseq
151074,startseq এট এখ ন সম ভবত স জ ঞ ন য র র র র র ত র প র র র র জন য ব খ য ত endseq
151075,startseq এই র গগ ল র র র র র র ষ ট র র ত র র র র ল খ ল ল খ ল খ ল হয় ৷
151076,startseq লক ষণ দ খ র দ র র খ দ খ র খ দ র খ দ র খ দ র ঠ ন ড র থ ক endseq
151077,startseq উচ চ প র ন ন ন ন ন ন ন ন ন ন ন ন ন ন ন ন ন ন endseq
151078,startseq আম দ র ব র পর ক ষ র ক র ক ন র র র র র র র র র র দ য় হয় ৷ endseq
151079,startseq ২০শ শত ব দ ত ক ক ম দ র ম ক ম দ ক ন ত গ গ র ব ব ধ কর endseq
151080,startseq আম ক আজক র ইভ ন ট র সময স চ দ ন endseq
151081,startseq আপন ক ব ক ট র র জন য য ট র র র জন য য ত ত পর কল পন কর ন endseq
151082,startseq ন ন ও ক ন ম ন ন ন ন ন ম ন ন ম ম ন ন র ন র র আগ র আগ ছ ল ন endseq
151083,startseq এশ য ও এশ য ন এব এশ য র মধ য প রত র প রত ক endseq
151084,startseq দ শ র র ক ছ ল ন ন র র শ র র র শ র র র র ন ন ন ন র উপর ন র উপর
151085,startseq এই স ধ রণত এই ত র গ ল র ত র র ত র র ত র র ত র ত লন য় ফসল র ত র র
151086,startseq অন ক স জ ক ক ন ক ন ক ন ক ন ক আপন র শ র ক ন ক ন ক ন ন ন ন ন endseq
151087,startseq এট ন নদ নদ র দক ষ ণ নদ র অবস থ ত endseq
151088,startseq ন জ র গ র ন ন ন ন আর ক ল গ ন আর স র র র র র প ওয য য ৷ endseq
151089,startseq আম শ শ শ নত প শ নত চ ই endseq
151090,startseq ক রল র ল ল র র র র র র র র র র র র র র র র র র র য endseq
151091,startseq এট স ধ রণত এট ক র য় ট র বল হয় endseq
151092,startseq ক ন র র র র র র র র র র র র র র র র র র র র র র র র র র ন
151093,startseq গ র র র র র ত ত র র র স গ ল র স র এই স গ র র র র র ক র ক endseq
151095,startseq হর ণ র পর যটন র পর যটন স ন ন র পর যটন র একট ন র র রয ছ endseq
151096,startseq গ য হ ট র র গ র র র র র র র র র র র র র র র র র দ ব র দ ন
151097,startseq ব শত ব দ ক ক র ল য র ক র ল ক ক ক ক ক ক ক ক ন গ ল ন endseq
151098,startseq ব শ দ ধ র র র র র র র র র র র র র র র র র র র endseq
151099,startseq ছত ত র জ য র র জ য র র জ জ ল অন সন ধ ন জ ল জ জ ল ব ন ন endseq
151100,startseq প ন দ ন প রভ ব পড ৷ endseq
151101,startseq গর ভ র জন য ক ক র র ক ক ক ক র ক য ক র ক য র জন য দরক র endseq
151102,startseq এখ ন দ ব দ ত র গ ন ন ন ন ন ন র র ন ম র ন র র ন দ র endseq
151103,startseq ক ন র র র র র থ ক প র র র র থ ক প র র র র র দ র অবস থ ত endseq
151104,startseq আম ক ব ল র র সম পর ক একট খবর সম পর ক পড ন endseq
151105,startseq আম দ র র ক ষ ক র র ক ষ র ক ষ র ক ক ক ন ন ক ছ ক ষ ত র প র endseq
151106,startseq ক ন ম র র র র র র র র র র র র র র র র র র র সম ভব ক ত কর য ত
151107,startseq ব শ ব শ শ র র র ব শ ব র র দ র এই চ ল ত ল ক চ ল ন ন ন endseq
151108,startseq আম র স ব ব ব ব ব বন ধ কর ন endseq
151109,startseq এট প রক র ত ত র ত ত ত ত ত ক ষ ক ক ষ ক ক ষ ক ত স ত হয় য য় endseq
151110,startseq আম ক ব ম র একট একট র স প খ জ ন endseq
151111,startseq ঠ ন ড থ ক চ চ র ন ন ন কর ন ৷ endseq
151112,startseq আপন ক আম ক আজ থ ক আজ ক ন অপঠ ত ইম ল প য য প র ন ন endseq
151113,startseq অল আম ক থ ন য ল ন জ ল য থ ক আম ক বল ন endseq
151114,startseq প র দ র থ ক এব স থ র উচ চত র থ ক ৫০ শত শ দ র র র র র র কর য ত প
151115,startseq প রথম স র প র ব র র র র র র র র র র র র র ল গ র endseq
151116,startseq ইম ইল পড় ন endseq
151117,startseq এর পর ত র র র র র র র র র র র র র র র র র র র র র র র কর ৷ endseq
151118,startseq স ক প র বছর পর চ লন কর হয ন ল ন ল ন ত প র বছর র প য ন endseq
151119,startseq ন গ ল ন র র ন ল ল ও ন ল ল ও ল গ ল ক র গ ল ক র গ ছ endseq
151120,startseq আম ক জ ন ন ড র স ট করত আম র অর ড র করত প র endseq
151121,startseq ন চ র র র র র গ ল ন ন ন ল ল ন য় চ ল ন য় চ ল ন য় ন ন ৷ endseq
151122,startseq এখ ন ন ন ন দর য গ র ন ন ক ছ ক ছ ক ছ ক ছ দ র প প র প ত আছ ৷ endseq
151123,startseq স ই ল ত র শ র স স গ ল র স ন ন র র আগ এই দ খ র আগ ছ ল endseq
151124,startseq শ ল ল ল ল ট য ন ন endseq
151125,startseq বর তম ন র র ধ র র র ব র ক র ক র প প ওয় য য় endseq
151126,startseq ক ভ ব র ন ন ন ন ন কর ন endseq
151127,startseq চ ল র র র র র প ল প র র ন ল ল প ট ন র ত ত র ত ত ত ত ত কর হয়
151128,startseq গত বছর বছর হ ত ত র জন য নভ ম বর ম ল য র ড র ল ট ট ক ট ক ট র মধ য ছ
151129,startseq যখন আপন যখন প র য র র র র ন য র ন র ব র য র র র র ক জ ন দ র ন endseq
151130,startseq এখ ন র দ র ও স থ ন ও স দ র য য ও এখ ন র ব র ন ন ৷ endseq
151131,startseq প র র ন য়ন ত রণ র ন য়ন ত রণ র ন য়ন ত রণ ন ন য়ন ত রণ র দ দ খ দ য য
151132,startseq ত ই আপন ব ব জ ন র জন য খ ব র খ ন ন endseq
151133,startseq ব শ রভ গ ব শ রভ গ ম ক ত দ র ব ব দ র র র র র র র র র র ত র ছ
151134,startseq ত ল ত ত ত ত ত র জন য ত ত ত র জন য ত র র ল ক র র র র endseq
151135,startseq ফ ল স র গ ন র জ উম কর endseq
151136,startseq ২০শ স ল র র র র র র র ত র র ম র ত র র ম র ত র ত র ত ছ ল ন endseq
151137,startseq ক ষ ত আপন র প র ন আপন আপন র প র র আপন র প র আপন র আপন র স হ য য ত করব ন
151138,startseq ম য র র র র র র র র র র র র র র র র র র র সম ভ বন ত কর ন endseq
151139,startseq ব শ রভ গ ব শ ব শ খ ব র ব খ ব ব ব ব ব ব য endseq
151140,startseq য দ দ ই দ শ র একম ত র ই ত র ত র endseq
151141,startseq ক ন ন র র ন ভ রত র ন য র র ন শহর শহর শহর শহর শহর শহর শহর endseq
151142,startseq ঐ ঐ গ ন গ ন ব জ ও endseq
151143,startseq স থ ন র র র র র ম র র র ম র র র ম র র র র র র র বছর র ন বছর র
151144,startseq গরম র গ ছ র প গ ছ র প র প য় ৷ endseq
151145,startseq ভ রত র ড ড ও স র র র র র র র র র র র র র র প র ছ ল ৷ endseq
151146,startseq এই প র য জল র জল র জল র জল র র র ব ষ ট জল র ৷ endseq
151147,startseq তব য স থ স থ ল ল ল ক র স থ স থ র র র র র র র র র র করত প র ন
151148,startseq আম র সবচ য় ব ল ন ল পডক য ন ব জ ন শ র কর ন endseq
151149,startseq ম ট র ন ন ট র জ ন য য র য র প রধ ন অন য ন য প খ দ য প খ ন য
151150,startseq ফ ল স ট ব জ ও endseq
151151,startseq যদ ও ক ন র র র ক ন ক ক র র র র র র র র র র র প র প র ন endseq
151152,startseq ম হ র র র র র র র স থ স থ য় ম ন য় ব ন ত স থ ন ক ন য় endseq
151153,startseq ত র ত র ম র র র পর ত র র র ত র র ত র ত র ত র র ত কর ছ ল endseq
151154,startseq প র য র র র র য এব উদ য ন র একট খ বই কষ ট র গ য endseq
151155,startseq আপন ক ব জ ন জ ন জ ন ন ব র র ব যবহ র করত প র ন ন endseq
151156,startseq ওন র স ন ন র সঙ গ ত র ন য ত র ন য ত ন য ন য ন য ন য ত ন ত ন
151157,startseq একট ক ন ন ন ও ক ও ন দ র আর হণ র আর কট গ ট endseq
151158,startseq ক র র ক ক র ক ক ক ক র ক র ক ক র ক র ক র র র র র র র র র ন
151159,startseq দ ট ক ট ক ট ক ট র র ক ক ক ত ক ন ত ক ন ন endseq
151160,startseq এট হল স ধ রণ এব য দ র র য দ র র য দ র ক ক ক ক র ন endseq
151161,startseq স ধ রণত ব জ র র র য র র শন র য ন র র র র ন র ন য় ন য় endseq
151162,startseq ব র র র র স থ ব র ব র ব র ব র র র র থ ক র ক ত র র endseq
151163,startseq গ য র র মত ই স থ স থ ৷ endseq
151164,startseq ব ব বরণ endseq
151165,startseq ফ র র পর পর র পর র খ ওয় উচ ত ৷ endseq
151166,startseq গ র র র র র র র র র র র র র র র র র র র র র র র র র র র কর
151167,startseq এট ক ন ম র র র র প প রভ ব ত endseq
151168,startseq আম র ম ট ট endseq
151169,startseq ত ম ক ল জ ন ত প র ন endseq
151170,startseq আম আম র ব জ র ছ ল প থ ক একট ইম ইল প র আম র ত র দরক র endseq
151171,startseq দয কর ব হস পত ব ইল নম বর ব ব ব ইল নম বর এব ব উইন প ম ব স ব যবহ র কর ন endseq
151172,startseq অবশ য দ দ দ রদর শন ত দ খ endseq
151173,startseq যখন আপন ড ত ড ড হ দয় র হ দয় র হ দয় ব ড য য় ৷ endseq
151174,startseq ব চ চ র চ রট হল স ন দর স ন দর স ন দর স ন দর য য ন ন র দ ওয় হয় endseq
151175,startseq জ ম ল ক থ য থ য ন ক থ য endseq
151176,startseq প ল শ ব ল জ ল প র ল ল ল র র ল ল ল ল র র ল ল ল endseq
151177,startseq ত ন থ ক প চট র স থ ম রক ম ট ম ট কর ন endseq
151178,startseq ভ রত ম স ধ রণত স ধ রণ ধ রণ ক ন ত ক ত স ধ রণত কম থ ক endseq
151179,startseq এই ধরণ র হ ত র র রতল থ ক ৩৪০০ ট র উচ চত য অবস থ ত ৷ endseq
151180,startseq শ র র র শ ষ র হল স ন দর য য় আর ম শ র র র আর ঠ ন ড ন গরম জল গরম ন ৷
151181,startseq ত ল ক থ ক দ দ endseq
151182,startseq এ ছ ড ও স ন ন র স ক রণ কর র জন য একট গ র চ ক ত র র র ভ ব ন র কর
151183,startseq আম দ র ছ ল ন ন জ র জ ন এব ন জ র র র র র র র র র র র র ব শ কর
151184,startseq য গ র য গ য র গ র গ র ত র গ ণ হয় য য় endseq
151185,startseq প র র ত র শ র ত য র র র র র র র র র র র র র র খ য ছ ল endseq
151186,startseq প র র র র র র এব প র শ র র র র ক ষ ত র ব শ ব শ হয় endseq
151187,startseq ভ ল র র ভ তর ভ র জন য প র র র প রয় জন র জন য ভ র র র র র রয় জন endseq
151188,startseq এই গ নট র গ ন র গ ন শ endseq
151190,startseq ক ন ন র র পর আপন র প ল র র জল দ ন র জল দ ন ন যই জল ব ন করব ন endseq
151191,startseq একট ভ ল প ষ ঠ র প ষ ঠ ন হয় য য় ত হল একট ভ ল উপ য় দ র ভ ল উপ দ দ ওয়
151193,startseq যখন গ ল প র র ত র র ক লক দ খ খ খ য য় endseq
151194,startseq জ ল ল জ ল র ক ক ক ক ক ক ক ক ক ক ক ক ক ক ক ট র ক ক ক ক ট ক
151195,startseq ভ রত র র র ড র ড ড ড র ড ড র ড র র র র র র র ব র ন র র কর ছ
151196,startseq ত ন প রক ত ত প রক ত ত স ত ত ত র ত র ত endseq
151197,startseq ভ রত র ব শ র জ জ য র ব ভ রত র ব দ ব র ও প র ন ব চ ছ ল endseq
151198,startseq প ল প থর র গ প ত প র স থ স থ য় প ওয় য য় ৷ endseq
151199,startseq কখনও কখনও কম ত ল কম ত ত ব ব ব ক ৷ endseq
151200,startseq ব সরক র ত য সরক র ত য সরক র র ত য সরক র র ব সরক র র ব সরক র র দল র জন য
151201,startseq সমস ত স র র র র র র র র র র র র র র র র র র র র র ক র র র endseq
151202,startseq ত ন নদ র প রব হ ত নদ র প রব শ র নদ র ত ত নদ র ত ত ত ত endseq
151203,startseq এট ক ল ব ড র থ ক প ক ট ক ট কঅ য ত প র endseq
151204,startseq স ন ন র র ভ ন ন ভ ন ন ধরন র র ন র র র র র র ন ন ন endseq
151205,startseq আপন র র গ র র র র র র র র উপর ন র উপর ন র উপর ন র ব ভ ল কর ন endseq
151206,startseq এট ক ক ক ক ত ক ক র র ক ক ক র র ক র ক র র র র র র র ক ষত ক চ
151207,startseq এই স ল ল র বছর র ক ক ক ক ট র চ ব ল থ ক ৷ endseq
151208,startseq চ র ম ত চ লক ন স ম ম য় র য় ম ইত য দ ন ন ৷ endseq
151209,startseq ক ন গ ল ক ক ক ন ত র গ ছ ল ম স হল স দ র থ ক ন ন ৷ endseq
151210,startseq আপন ক আপন র ম ত সমস ত ম ন র ত আপন আপন র আপন র র ট আপন র জ ন ত প র ন endseq
151211,startseq জ র জ endseq
151212,startseq এই ব ণ র ব স থ ও এই স থ ও endseq
151213,startseq ভ রত র পশ চ ম র র র র র র র র র ম র র স ম র র র স র র endseq
151214,startseq স থ ন য য গ র ষ ঠ সময় হল শ ষ ক ষ ত সময় ক য য য য য য endseq
151215,startseq প য প র বছর থ ক অন য ন য হ ত য ত হ ত য প ত প ছ য য ছ ছ endseq
151216,startseq মধ ম হ র র র র গ র ক ন ন ক ছ ন রক ত র ক ন ন ন ন ন ন ন ন ন endseq
151217,startseq স ছ ড ও ছ ড ও ম ম ম ম ম ম ম ম পর যটক র ক ছ আকর ষণ কর ছ ল endseq
151218,startseq এর ফল খ চ খ দ য় চ খ চ খ ল চ খ ল ভ জ য় য় য য় ৷ endseq
151220,startseq ভ রত য় গ র ভ রত য গ র ত বপ র ণ ভ ষ ত র র র গ র ত বপ র ণ ভ ম ক
151221,startseq স জ ন য র মধ য ন ন ম র ন র ন ন ন ম র ন ন ন ন ন ন ন ন ন ন ন
151222,startseq ক ন নত ন ইম ইল আছ ক ন চ ক কর ন endseq
151223,startseq হ য ল ন য ল গ ন ন ন ন ন ল ন ন ন ন ন ন ন ন ন ন ন ৷ endseq
151224,startseq প রহসন র প র প র ও প র প র ত র র ত র ত র র ত র ত র ত র ত র ত
151225,startseq ক ন র র গ র র ক শ র র র শ শ র র ক শ র র ক শ র র র শ র র শ
151226,startseq এর স থ আম দ র শর র র র র র র ত র ব য য় ত র ওজন কম য য় ৷ endseq
151227,startseq কমল ল র স ক সম পর ক জ ন ন endseq
151228,startseq প র র র ক ছ ক ছ ক ছ ক ছ ক র দ শ খ স ন দর স ন দর দ খ য য ৷ endseq
151230,startseq স য র র র ত র র র ত র র র র মধ য প র য য endseq
151232,startseq ম ন ল র র র র র র র র র ন ন একট ব শ ব শ র হয য য endseq
151233,startseq যদ কম র র ওজন কম ন র র চ ক ন চ র র চ ক ন ন র ব র ব endseq
151234,startseq স ধ রণত ব জ ব র র র র হয় য য় তখন ত র র র র র স থ স থ হয় ৷ endseq
151235,startseq য র ত র চ ত র নদ ত ত র চ ন ন ন ন ন ন ন ন ম ন ম পর চ ত endseq
151236,startseq এট ব ষ ট হব endseq
151237,startseq আপন জ র স ব জ র ন জ র স ব ন ন স ব ন ন স ব স ন ন জ র স ন ন endseq
151238,startseq শ চ চ চ র ক ক ক ত ক ন য় ল ক ন ক ন ক ন ক ন ক ন ন endseq
151239,startseq ট গ ট ট ট গ ল হল ক শ র প র ব শ র একট ব শ ল র একট ব শ ব স ত রয ছ
151240,startseq পশ চ র র ষ ট র য র ষ র য র য সরক র র য ন র র র র ন র ন কর ন endseq
151242,startseq এই ক রণ ই য ত র র র চ ত র ভ রত র সবচ য় ভ রত র শ ব শ endseq
151243,startseq আপন একট ক শ ন করত প র ন endseq
151244,startseq ত ন ন ন ন ন ন ন য ন য ক নও ব শ প র য ক র ক ব চ চ ই endseq
151245,startseq একট ক য ত ত র ত ত র কর ন endseq
151246,startseq ন জ র ক ক র র র র গ র ম থ র র গ র ক ত র গ র ত স হ য য কর ৷
151247,startseq যদ ব স ধ রণত ব জ র র ত ত ত হল ব জ র ত ত প রথম ম ত ত ত ত কর উচ ত endseq
151248,startseq ম ণ ড র শহর ক প র প র ণ বল হয ৷ endseq
151249,startseq প র র র র র র র গ ছ ল গ ন গ ল গ ন গ ল গ ন ন ন য় ন য় ন ন endseq
151250,startseq প র ত প র য গ কর হয য য র র গ র থ ক প ল গ র থ ক অন ষ ঠ ন কর হব
151251,startseq স ল র র র র র র ল র ম ঘল স ল র র ম ঘল স স ল র ম ঘল স ন ন র ক
151252,startseq যদ আপন র গ ল ব ন র কর র কর র ব র র স থ স থ স থ ন র র কর কর কর ন endseq
151253,startseq ক র থম ক প র র ক র স ক স ব স ক র স ক ষ র র শ ক ষ র র ক ষ কর
151254,startseq ন ক র র র র স থ র ক র ন ত র ক র র ক ষ ত র র ক ষ ত র র endseq
151255,startseq olly ন ন গ ন স ন ম চলছ endseq
151257,startseq ভ রত র র র র সরক র র র য ন ন য ন র র র র র র র র র র র চ ন endseq
151258,startseq মহ র ষ ট র র য র য ন য র য ন য ন ন গ র ত বপ র ণ ব শ endseq
151259,startseq প রথম ম ক ক থ ক ক ক ক থ ক আগ আপন ক ক ক ক ন ক ন কর ন ন endseq
151260,startseq ত ন গ ন র র গ ন র ওপর ব ল জ ব র র ওপর ত র উপর ন র endseq
151261,startseq এর স থ ন র র র য য ত র হ দয় র হ দয় র র র র র র র র র কর র endseq
151262,startseq স ক ক র ন ক ক ক ক স কর ন endseq
151264,startseq উত তর প র ক ক ক ক ছ ক ছ ক ছ ল ক ব শ ল ক র ক ক ক র endseq
151265,startseq ছ ট ব চ চ র র ছ ট এব ক ন ন ন র ক ষ ক র ন য় endseq
151266,startseq ক ক র স র র র য নজট র নজট ব ক আছ endseq
151267,startseq যদ ক ন দ ন দ ন দ ন প র ন দ ন য য য য ৷ endseq
151268,startseq এই সময ক র র র র র র র র র র র র র র র জন য ব শ ষ গ য ৷ endseq
151269,startseq স র র র র র র র র র র র র র র র র র র র র ন য ন য ন endseq
151271,startseq প র র র র র র র র র র র ম র র ম র ম র ম র ম ম ন ন ন ম ম ন
151272,startseq ইন ড ক ক ক ফ ল র স ক ক ক ক ক ট ট স স স প ট স স প প রদ ন কর ছ
151273,startseq ক ক র র ক র ক ক ম ম শ র ম ম ও ও স র ও ও ম নস ক ও হয় য য় ৷ endseq
151274,startseq জ জ র র জ র র ন ন র র র উত প দন র জন য ব ব ধ ব ব ধ ব দ ধ হয় ৷
151275,startseq মহ র ষ ক র র বল দ য বল ন য ত র ন ন ত ক ন ত র ত র ত ছ ল endseq
151276,startseq আল গ ল ল আল ন ল কর দ ও endseq
151277,startseq ক শ র র র র র র র র র র র র র র র র র র র শ ষ গ র ত endseq
151278,startseq শর র র শর র র শর র রক ত র র র র র র র র র র ক ন ন endseq
151279,startseq চত র থ থ র গ গ প ত প endseq
151280,startseq ক র র র র এব ড ল র র র মধ য ক র মধ য ক র মধ য ক ত প র endseq
151281,startseq এছ ড ও গ গ র ক ক গ হ ন গ হ ও গ র ন ও ন ন ও দ ও দ খ য য ৷ endseq
151282,startseq হ ত ক র দ র র একট ছ ল ন শ র র র স থ ন য দ র র স থ ন ত কর ছ ল
151283,startseq ল ক ত স দ ন ত স স ক ত স ধ রণত স ধ রণত স ধ রণত স দ ধ endseq
151284,startseq ন ন ল চ ন ন গ ন ন ড গ য ন ড র ক ন ড র ক ট র দ র অবস থ ত endseq
151285,startseq ব শ ব স স স থ স থ স থ য র ব শ ব শ ব শ দ শ র ব শ র শহর endseq
151286,startseq ক ন ন ক ন য় ন গ য় ন ন ন ও ম ন য় ও গ র ম ও স ন ন গ endseq
151287,startseq এট ক হল স য ন ম র য স র ম ম ম ম দ র অবস থ ত endseq
151288,startseq এই গ নট নট নট প নর ব ত ত কর ন endseq
151289,startseq র গ র ম র র ব ব জ ব ল আর ব য থ হয় এব ব য থ হয় endseq
151290,startseq সক ল র য চ ছ হব endseq
151291,startseq অন য ন য প র প র য য য ন য গ য গ র ক ষ ঠ ন এব গ ল প য ন endseq
151292,startseq আম ক ঘটন র সময সময সময র মন কর য দ ন endseq
151293,startseq র ড ও ব র র ড অথব অথব ত র ব ব ব র কর ন অথব ব ব ত ত ত ত ত ন উচ ত ত
151294,startseq ন ন ন ন ন ন কর হয় ছ ল ন এব ক ন ন ন জ র ন র র ন র জন য দ শ ন ন
151295,startseq আম র বন ধ বন ধ সজল র ইম ইল আছ endseq
151296,startseq ভ রত মশল এব স ল প ক ত ল প ক ড ল প ক ত র ক ত র প র র ব যবহ র কর যবহ
151298,startseq ক ষ এট ক গ র ক ত ক ত ত র ক ক ক ম ট র endseq
151299,startseq ক ল ল গ ন ক ক ব শ ব ব শ ব ব ব র ব র ব শ ল র গ ন endseq
151300,startseq ব য ন কর দ ন ন endseq
151301,startseq পর র সময় র সময স র র র র র র র র র র র র র র করত হব endseq
151302,startseq ১৯৯৫ স ল ত ক র গ ত র ক র গ র ত র ভ ম ক ত কর হয় endseq
151303,startseq যদ ক য ন র জন য ক য ন র ক য গ ল ক র গ কর ন ত হল আপন ক ন ন endseq
151304,startseq ব শ র ত র আমর স ই প র ত আমর প র ত র ত আমর ম ল ম ৷ endseq
151305,startseq এট জন য ক রণ থ ক ন ত র র র র স থ র র জন য এট হল স র র ব র থ ক endseq
151306,startseq একট প র র র র র র র র র র র র র ত র র র র র র র র র র ভরশ ল endseq
151307,startseq আপন এট আপন র ঘন ট র ব ড ব ব ব ড য ত প র ন endseq
151308,startseq পর ত ক ত র গ ল গ র ক ছ ল গ ল প র ব র র র প র ব খ ল প ওয গ ছ
151309,startseq স ত র প র ক ত ত ত গ র ত র গ র থ ক গ র থ ক ভ ল র গ র ত বপ র
151310,startseq ভ ট ম ন এ ভ ট ম ন এ ব ড য য় য য় য ত প রয় জন পড ৷ endseq
151311,startseq এট ত ত ত ত ত ত র ত য স ন ত স স পর চ ত endseq
151312,startseq গ র গ ল গ ল ক র গ ছ ন ন ক ক ছ ন য় ন য় থ ক এব এট ক স থ য য য
151313,startseq ব ব ব র ব য ব স র য য স র য র স ব র সবচ য় ব শ র কর endseq
151314,startseq গ র র র র র র র র র র র র র ত বপ র ণ র র র র র র র র র র র
151315,startseq প রত ট ক ক ক ক ক থ ক ক ক ক ক ক ক ক ক ক ক ক ক ক ত endseq
151316,startseq ত র গ ন গ ছ ক ষ ক ক ক ক ক ক শ ষ ক শ ষ ক ষ কর কর ছ ল endseq
151317,startseq ভ ট র র য র র য র র য র র র য র র র র র র র ক ত ক ত ক ত endseq
151318,startseq স ধ রণত হ র র হ হ এল ক র হ ড এল ক র এল ক endseq
151320,startseq শ শ র ম লয় শ ল প র ম ল য ন ড র ম ল য ন র ম ল য ন র ব র য কর
151321,startseq য চ ন ন র র র র র র র র র র র র র র র র র র র র য য ন endseq
151322,startseq ক ন ন ন ন ন ন ন ন ন ন ন ন ন ন ন ন ন ন ন ন ন ন ন ন endseq
151323,startseq ক র র র র র র র ক ছ ট ও ভ ন ন ন ন ন ন ন ও আছ ৷ endseq
151324,startseq স ন ন ন র র গ ল ন ন ন ন ন ন গ র ন ন ন গ র ম ন র র স থ ন হয
151325,startseq আম র বর তম ন অবস থ ন ট ইট কর ন endseq
151326,startseq বল উড হ ম র ম র ম র ম র ক ৩ ৫ ক ট ক ট ট র দ য ছ endseq
151327,startseq ন ক র র র র র কর ন এব ক ন র র র র র ন ন ন ব স ন ন ব ব ব ব ব
151328,startseq ক ছ ক ছ ট র দ র আছ endseq
151329,startseq চ চ চ ক ক ক ক ক ক ক ক ক ট ক র করত প র ন ৷ endseq
151330,startseq দ ত র শ র শ র ক ন থ ক ন গ ন ম ন ন র প ন গ ছ ল ন endseq
151331,startseq ন ন চ র পশ দ দ ধ দ দ দ ব endseq
151332,startseq আম র আসন ন ইভ ন ট ল ক কর ন endseq
151333,startseq ন কটতম ব ম নবন দর হল র কটতম র লওয স ট শন র স ট শন র ন গ ল ন endseq
151334,startseq গ র ষ ট র র জ য র তর ঞ চল প রদ শ র উত তর ঞ চল প রদ শ র থ ক ত ছ ল
151335,startseq ম ল র ক ক ত র র ল ক ত র র র র র র র র র র র র র র endseq
151336,startseq আম র এ প এ প এ অ য ক উন ট অ য ক উন ট ট এ এন নম বর সহ য আম র নম বর দ
151337,startseq এট ক ছ ছ ল endseq
151338,startseq ভ রত র স ন ম র ত র ল গ ন র স গ র স গ রহ কর endseq
151339,startseq এ ছ ড গ র ক ত গ ছ র গ ছ র গ র র গ র র র র র র র র গ র ক য
151340,startseq আজ ক আজ র ন কনস র ট র আছ ক endseq
151341,startseq এট ই সময় এট ই সময র সবচ য ব শ রভ গ অন ক শ র অন ক শ র ত ত হয endseq
151342,startseq ন ক র গ ম র ক ক ক ষ ট ক ষ ট ক র হল একট স ধ রণ স ধ রণ র গ র গ endseq
151343,startseq ব শ ব র দ শ ব র সময ব শ দ ব র র ব ব র র ব র কর দ ওয় হয় ছ endseq
151344,startseq এই অঞ চল র জন য আর হণ র এব পর যটন র জন য উপয ক ত জনপ র য জনপ র য endseq
151345,startseq আম র প ল ল স ট থ ক প র ন গ ন ব জ ও endseq
151346,startseq জ য হ র টর র ত পম ত র পর কল পন কর হয ত হল স স ক র স ক র স য ন র শ
151347,startseq স ই ত ন ত ন পর ত র রত র সমস ত র প রধ ন র র র র র র র র endseq
151348,startseq খ ল র স ট র র র কর ছ ল ন র র র র র র র ন র ন র ন endseq
151350,startseq ন ন ন র এব ক ন থ ক ক ন থ ক ক ন থ ক ক ন ন গ র ন ন ন র ন র ন
151351,startseq ক ন সপ ত হ ন ত ত র র দ ওয় হয় ছ ল endseq
151352,startseq আম ক স ট কর অ য ল র ম স ট কর দ খ ন endseq
151353,startseq আম দ র আম দ র মধ য আম দ র দ র র দ র দ র আম দ র দ র থ ক থ ক ৷ endseq
151354,startseq স থ ন গ ল র থ ক স থ য র স থ য র স থ য র থ ক ব র থ ক endseq
151355,startseq ব ম ল র আল র ম ল থ ক আল র রঙ পর বর তন কর ন endseq
151357,startseq শ ষ ক র ন য গ ত র র য গ র র একট অভ য গ ন জ ন endseq
151358,startseq দ ল ল র চ র চ র র চ র র র চ র র র য় চ র র র র র র র endseq
151359,startseq প রত য ক স ব যবস য আপন র ব যবস থ ক য য ক য র র জন য একট ব যবস য র কর ন
151360,startseq স ন র র র র ভ রত র প র র র র র র র র শহর র ক র শহর থ ত রয ছ ৷ endseq
151361,startseq ক ছ মন হয য য ত দ র ন য ন এব ত র র ন র ত র র র র ন ত প র ন endseq
151362,startseq প হ ড র র র র স ত র আছ য র র মন দ র র স ন দর ও মন দ রও আছ endseq
151363,startseq গ র র র খ খ খ র পর ষ ক র পর ক ষ কর র ক কর ন কর উচ ত endseq
151364,startseq শ ধ ত ত ন ন ত ক ন ত দ খ দ য ত র র র র র র দ খ দ খত প ব endseq
151366,startseq আম র ব ব জ ও endseq
151367,startseq এই ক র গ ন র ব ব র অন য র র র র ব শ প ত ত ব শ ত হয় endseq
151368,startseq আম র ল যখন কখন কখন ক ক ন সতর ক কর ন endseq
151369,startseq ত ন ন ন ন ন ও ও ব শ দ খ এব ত র ক ছ ক ছ ল ক র র র র দ খ ছ endseq
151370,startseq অধ ক শ রভ গ ক ষ ত র র ন র র ক ষ র ক ষ ত র র ন র জন য ব যবহ র কর
151371,startseq এর প র ও প র ক ছ ক আকর ষণ endseq
151372,startseq জ ন র র ব ব দ র ব ন ন র ব ন ন র র র র র র র র র র র র প র
151373,startseq প র র র র র র র র র র র র যদ ও যদ ও যদ র ক জ র ক ত হল endseq
151374,startseq উদ হরণস বর প প রত য ক কর র জন য আপন ক য ন য এব আপন র ঋণ র জন য সঞ চয কর র জন
151376,startseq একট ছ ট ক র র ন ন এব ক র র র র র র র ন ন ন ন ন endseq
151377,startseq ত ই আপন র র ন ন র র ন ন ন আপন র র ন ন ন হল আপন র র ন ন ন ন ন endseq
151378,startseq র লপথ থ ক বড ক ল ল র র কটতম ক ল ল র ক ক ক ক র র ৷ endseq
151379,startseq একট ক ত ত র ন ক র ক ন ব ক ন র ক ন অথব ক ন র র র র র র যবহ র করত প
151380,startseq ক য ল ন ড র থ ক শ ষ স থ ন সমস ত ইভ ন টগ ল ম ছ ফ ল ন endseq
151381,startseq এই ল প ল ক ন ক ন ন ক ক ন ন ত ক ন ত ক ন ত র গ র ন য় endseq
151382,startseq ম ঘল স ল র ত র র ত র ম ন ত র ন ন ম ন ত র ন ন ন ন ন ন ন ন ন
151383,startseq ব শ ষ র র র র র র র র র র র র র র র র র র র র র প রধ ন আকর ষণ
151384,startseq পশ চ ম র চ র র র ট ট র গ র ম ট র চ র র র র চ ন ন কর হয় endseq
151385,startseq দ ই র ট ক র র র র ক র র র র র প র য় endseq
151386,startseq ক ন ত ন জ র ন ন র জ ন য ন র জ ত ন র জ ন র প ন ন চ ল ন endseq
151387,startseq স ন দর য র র স থ স র দর শকদ র কর য য endseq
151388,startseq এ য ওয় র সময় ক ক র থ ক ক ক ন ন ক ক ন ন ক ক ন ব য ক ত কর কর ছ endseq
151389,startseq ন ন ন র মন দ র র মন দ র মন দ র দ র দ শ র জনপ র য জনপ র য endseq
151391,startseq স থ ত ত র ম র র র র র র র ম র র র ম র ম র ম র ম দ র অবস থ ত
151392,startseq আম আজ চ ইল প চট endseq
151393,startseq ক ন গ র র ম র ফ র স স ক র প রত ট ক র ফ টবল র স ব প রত ষ ঠ কর ছ
151394,startseq অন ক স ত র চ ত র শ ষ ক র র র র শ ষ ক র র র র র সর ন endseq
151395,startseq প রথম স ল ন র ষ ঠ ন ড চলচ চ ত র ল র স ন ম র স র ভ ম ল endseq
151396,startseq শ ধ প র র র ঐত হ স ঐত হ স ক ঐত হ স দ র র র র র র র র র একট শহর endseq
151397,startseq ম ঙ গ র ক র গ র ম জ বর গ র জ বর গ র জ বর গ র থ ক থ ক আর ম থ য
151398,startseq এছ ড ও বছর বছর র জ র বছর র ন জ ন ও থ ক প র ন ৷ endseq
151399,startseq ক ন গ র ম র শ ল র র র র খ য ব খ য ত প র ন র প হ ন র endseq
151400,startseq শ শ র শ র প ক শ ক প প রত প ন প ল প ন ড ল ড প য ড প রত য ক ত
151401,startseq ব শ রভ গ ল ক ষ ব দ ধ ল ক প রধ ন প রধ ন খ দ য প রধ ন endseq
151402,startseq মন দ র মন দ র ভ রত র ব ভ রত র র র র র র র র র মধ য একট endseq
151403,startseq এই ক ক র র র বন র বন র র ত র র র র র র স হ ত য ত ত endseq
151404,startseq স র র র র র র র য য ত র ন য য ত র ন য ত র র endseq
151405,startseq ক ল ল ল হল প র র র নদ র ম র স ম র র স ম র র স থ ন র ম র র endseq
151406,startseq জল জল ন ঠ ন ড জল র ত র শর র র শর র এব শর র ব ব ব ড য য় endseq
151407,startseq এট র র র র শ র ছ ড় ন চ ন ত র র ছ ল ন র র র র ন ন র গ ছ ল endseq
151408,startseq ন গ ন গ য র ম য গ য র ম ন য র র ম র ন গ র ম ন য গ কর ন endseq
151409,startseq শ ধ র র শ র শ র ম ক ম ও ক ম ম ম র গ র ম ম ক ম র ম থ ক endseq
151410,startseq ক ন র র র র ক ছ ল ন র র র ড ও স ড য র র প র শ র ছ ল ৷ endseq
151411,startseq ঢ ক র ফ ক র অবস থ ত ক endseq
151412,startseq ত র স থ র স থ র স থ র স থ র র র র র র র র জন য ছ ল endseq
151413,startseq ভ রত র র য র র র র ম ল য র য র স ল ত য র য র স ধ রণ কর ছ ল endseq
151414,startseq প প র প র প রথম প র ত দ র সময আগ র দ র র স ট র র স থ ন র ত র খ
151415,startseq ন র র র র র গ ছ ড় ও গ ছ র ছ ড় ও গ র ত র স থ ন য ত র endseq
151416,startseq জ ল র র শ পঞ চ শ র পঞ চ শ দ র ব র ব র ব র র র দ ব র endseq
151419,startseq এল ক অঞ চল র র জস থ ন র সবথ ক বড জ য endseq
151420,startseq গ ন র র ব র ব য র ব যবহ র কর ব যবস য র ব যবস র র ব যবস থ কর ছ ন endseq
151421,startseq অন য ন দক ষ ণ ভ রত য চলচ চ ত র অভ ন ত র অভ নয কর ছ ল ন ছব ত অভ নয কর ছ
151422,startseq দ ত ত দ র হয় য য় ত হল দ র দ দ হয় আর দ র দ দ হয় য য় ৷ endseq
151423,startseq আজ দ ক ন গ হ র একট আকর ষণ য় অন য ন য ন ন র ন র ন য় endseq
151424,startseq অন গ রহ কর এই সপ ত হ ন ত ত ত ত রপ ত হব endseq
151425,startseq দ ই ধরণ র প রণ র দ ধ রণ ম ন স ধ রণত দ ধ হয় য য় ৷ endseq
151426,startseq এই ব গ র গ র গ র গ র গ র র র র র র র য য দ র জন য দ র র জন য
151427,startseq ন ন ন ন ন ন র র প রধ ন হল ন ন ন র র র ন মন দ র endseq
151428,startseq কম ম ঘ ম ঘ র ঘ ম থ ক চ খ র ফল চ খ র ফল ও স র র র হয় endseq
151429,startseq ত র র কর র পর ক র কর র পর ক ত হল এই র র প র ন ৷ endseq
151430,startseq ব ন র র ষ ট র ক ছ ভ রত র ক ছ ক ছ র ব শ র র র র র ক ত endseq
151431,startseq এট মন র র র র র র র র র নত ন নত ন র র র র র র র র র র ছ ল endseq
151432,startseq ক ন দ র র ব র র র র র র র থ ক এব ম র র শহর থ ক একট ম ট র endseq
151433,startseq য প হ ড র র র র প র চ ন প র চ ন র র র প র স থ ত ৷ endseq
151434,startseq ব দ ব র স ল র র ব দ র র ল র র র ল র স ল ত স প ত হয endseq
151435,startseq এর গ ছ শ কড গ ছ শ ব শ ক ত র গ ন য় ন য় ৷ endseq
151437,startseq এই ন ত য ন ম ন য য য য এই সব ই এই য ত ত ত এই ক ষ ত র ক ন ল গ ছ
151438,startseq প র ন ন ন র র ন য র ন জস ব ন র স থ ন য য ন র স থ ন য য ন endseq
151439,startseq ব য ন র র শ র র র শ র র র য এব র ক ত শ শ দ য য শ য ন endseq
151440,startseq আম র ক ছ জ নত দরক র endseq
151441,startseq দ ট র র ম ট র উচ চত হল উচ চত য উচ চত হল ফ ট র উচ চত য endseq
151442,startseq ক ন গ র গ ন ন র র র র ন র র র ব র র র ব র র ব ক ৷ endseq
151443,startseq এট বক র বক বক আর একট বক র চ র দ দ দ ত প র endseq
151444,startseq একট র র ক ন ক endseq
151445,startseq ক ল ক র হ র হ র হ র র র ল র র ফল অন য ক ত র র ফল য য় ৷ endseq
151446,startseq ন ন র গ র র র র শ ষ র র র র র র র র র র র দ ব র ছ ল endseq
151447,startseq র জস থ ন র ক র র র র ক র র র য র র য র র র র র র র র র ন endseq
151448,startseq প য র র র ল প ট ম ট ভ ট ম ন ট র ভ ম র র ভ ম র ভ ম র ভ ল ভ
151449,startseq ব র ন ন ট র ট র ক ষ র ব ব ষ ট ব এব ব ব ব ষ ট র র ব ষ ষ ট র
151450,startseq ব শ র র র র ব শ র র র ব শ ক ষ ত র র ক ছ ক ষ ত র ক ছ ক ক ত
151451,startseq এই ক নও জ ন জ রথম দ ই ত ন ত রপর ত শ শ ন ত ন ৷ endseq
151452,startseq জ ন অঞ চল র শ কয কট শ ষ য অঞ চল র স ন ন র র ন য প ওয য য endseq
151453,startseq প রথম ছব ছব ছব ছব ছব ছব র অভ য স র অভ নয় কর ন endseq
151454,startseq ক ষকদ র জল ক ষ ক র জল র ট ক র ব ছ ছ endseq
151455,startseq ক ন ত এই ক গ র এই সব র র র সব র র র ত র ক ত ত সবথ ক ব শ রভ গ ৷ endseq
151456,startseq ক ল ল র র র র ম র ম র ম র র ম র ক ৷ endseq
151457,startseq প ল ক র ক ল ল ক র ক য ন ক ক ক র গ র ক ক ক র গ র ক ক ক র র
151458,startseq প র স ল র র ল র ল র ন র ল র র ল র ব শ ল প রধ ন আকর ষণ হল আকর ষণ আকর
151459,startseq পর বত র পর চ ত র র ক র খ ন ৷ endseq
151460,startseq ক র ভ রত য র ভ রত র দ ত র র দ ম র ত র দ ক র র দ র র ক র র ভ
151462,startseq একট খ ল য ক ক একট র র র র র র র র র আপন র ক য আপন র স থ ন য ত প র
151463,startseq প হ ট নদ র পর বতম ল নদ র পর বত র প হ ড র স ব ত ত কর হয endseq
151464,startseq সম দ রতল থ ক ষ ট র য উদ য ন র উচ চত হল ২৪৫০ ম ট র দ র endseq
151465,startseq প র ক র প রধ ন অঞ চল র মধ য প র ক ত অঞ চল র মধ য প র ণ কর endseq
151466,startseq ক ন দ ল ল র র ন ন ন ভ ন ন র র র ক ক র র ক ষমত র ছ ল endseq
151467,startseq ত ন র জ র র ত র দ র দ র দ র এব ত র দ র র র র র র ত র রয ছ endseq
151468,startseq যদ আপন র স থ স থ র ক ছ ক রণ হল ক ছ ক রণ হল ক ছ র গ র ত বপ র ণ কর ৷
151469,startseq শ ক ল র র র র র র র র র র র র র র র র র র র র র ন ন ন ন endseq
151470,startseq এই ভ ব ই হ ম র গ র গ র র য গ র র জন য জ বন র ক জ ৷ endseq
151471,startseq ন ন র র গ ন র স ন ন ন ন ন ন ন ন ন ন ন ন ন ন endseq
151472,startseq ক ন র ষ ট র য ন ন ন ন ন ন ন ন র জ য র জ য র র য র একট শহর endseq
151473,startseq র জ র ত র ব শ শ ব শ ব শ ব শ ব শ ব শ ব শ ব শ ব শ ব জন য ত ছ
151474,startseq ক ন ও ন র র ও প র ন র প র ও প র প র প র এব এব প র প র এব র র
151475,startseq অন ক র র র র র র র র র র র র র র র র র র র র র র র কর ন endseq
151477,startseq র ন ন ঘর র আল বন ধ কর ন endseq
151478,startseq জ ঞ চ র হল ন গ র ত র গ র ত র গ র ত র গ র ত র ন ম র ত র ন endseq
151479,startseq ক ন র নদ র ম ট র পশ চ ম ট র র পশ চ ম ট র ম ট র র ম ট র অবস থ ত
151480,startseq স ত র র স থ র ম র অন ষ ঠ ন র অন ষ ঠ ন র ম ত র অন ষ ঠ ন ছ ল endseq
151481,startseq অন ক অন য র অন ক ধরণ র গ র ওষ ধ র গ র ক ধরণ র গ র ৷ endseq
151483,startseq র গ ন গ ল ক র গ র ম র গ র ম র গ র র র র র র র র র র র গ র
151484,startseq এপ র ল থ ক অক ট বর দ ন র জন য দ ন ৩ ঘন ট র দ র য য কর য ত প র ৷
151485,startseq প রথম সপ ত হ র প ত ত ত র য য ত র ল গ ল র প র র র ল গ ল র প র
151486,startseq জ ন য র জ ত ক ল ম ল য ন ড র স স ক র ন ম ক ন দ র র ন দ য ন
151487,startseq খ ব র র খ ওয় র সময় ম খ ওয় র কম কর র খ ওয় র কম খ ওয় র কম য য় endseq
151488,startseq আন তর জ ত ক জ ব জ ন ম হল ব শ বব দ য ত ক ন ত ক জ ত ম নবন দর আছ endseq
151489,startseq আম ঘ ম ঘ চ ই endseq
151490,startseq অর ণ চল প রদ শ র ঐত হ যব ক ঐত হ স ক ক ত ক ঐত হ যব হ ক ছ endseq
151491,startseq ক ন ন গ র ষ ট র য উদ য ন র র র র র র র র ন র র র র অবস থ ত endseq
151492,startseq স ধ রণ র মত বল হয য য র ন ন জ র ন ন জ র ক ন এব ত র গ ছ ন endseq
151493,startseq ক ন নত ন ব ব র খবর আছ ক endseq
151496,startseq আম ক বর তম ন সময প ত প র endseq
151497,startseq ঘ ম র র র দ র দ র র দ র র র র হ ত র হ ত র উপর থ ক endseq
151498,startseq দ র র ন র র র র বন ধ র ক ন ৷ endseq
151499,startseq মধ যপ র মধ য অন যতম স র স র মধ য অন য ন য র মধ য সব জ য গ ত ত ত কর ৷
151500,startseq ক ছ ক ক ক য অঞ চল য ন য ন র ন র ন য য য ন ল গ ল endseq
151501,startseq পর র গ ছ র প র র ক ক ত ক ক ত ক ক ত ক ক ত ক ক ন ত ক ক ত ত ত
151502,startseq ত র র র র ত র র র র র র র র র র র র র র র র র অভ নয় কর ছ ল ন
151504,startseq তব ও ক র র র র র র র র র ব র ব র য় আস ৷ endseq
151505,startseq জ র র র র অন য ন য র র র ন য র র ন য জ ন সপত র ন য ত জ ন endseq
151506,startseq গ য ল খ ল র ল খ ল খ ল র প রথম খ ল প রথম স র র র প রথম প র র ছ ল
151507,startseq এই ঝ ল র প র র প র স স ট স ক স স ক ব স ব ভ গ ল ভ স আছ endseq
151508,startseq ব ষ ট র খ দ য ব র খ দ য ওয় র জন য খ ব র খ ওয় র জন য ব র খ ওয় উচ
151509,startseq এই স ই র জ র স ন ন র ল ল ল ল র র দ র র র র র র র ত র ত র ত
151510,startseq ব য ঙ গ ল র য ল য র র র র মধ য একট শহর র মধ য একট endseq
151511,startseq তব ইহ স ট শন র স ট শন র দ র ৷ endseq
151512,startseq ইভ ন ট থ ক ছ ন র জন মদ ন ন endseq
151513,startseq অন গ রহ কর র ক ন র র প চট দ দ র র ব র স ব ত ত কর গ কর ন endseq
151514,startseq আম ক বল ন য ত স ন দর য য য স ন দর ক endseq
151515,startseq ত ন র র র র র র র র র র দ র র দ য় র খ দ য র ক ষ ত র ক ক endseq
151516,startseq দক ষ ণ র ষ ণ র য উদ য ন র মধ য এট ক ল ম ট র য ন ন endseq
151517,startseq স ধ রণত ন ন য র র ত য র র র র র র র র র র র র য র ত র য ত য
151518,startseq ম ঝ র ন ন ন কর র ড ন ত র উপর ন ড র উপর ন র প থর র উপর বড গ ল প রভ ব
151519,startseq ম ইলস চ ল ও endseq
151520,startseq ত ন গ র র র র র র র র র র র র র র র র র র র র র কর ছ ল ন endseq
151521,startseq স ব ধ র জন য দ র দ ব র র ব র কর উচ ত ৷ endseq
151522,startseq ক ন র র গ প প প র ন য ন ন ধরণ র ন ন ন ধরণ র গ ন ন ধরণ র ন ন ন ন
151523,startseq ন র র র র ম র র র র র র র র র র র র র র র র র জন য ব যবহ র কর
151524,startseq স ক র স ক ত র ন ন ত ত র ন ন ত ক ন ন য় ন ন endseq
151525,startseq অন য ক ন চ লক ষণগ ল পর চ লন কর ন ত ত র পর ক ষ ত র উপর ন র শ র র endseq
151526,startseq ক ন গ র ক ন র র র র র প রত দ ন ন ন ৷ endseq
151528,startseq ক র ক র ক র ক ন ন গ র ক ক ক ক গ ছ ট ক গ গ ছ গ গ ছ ন গ ন গ
151529,startseq অন ক ক ন ল ন য র জন য একট ভ ল ভ ব দ ধ ন ভ ল ভ ব ন ন endseq
151530,startseq ফলস বর প র ব শ ব স র য র জন য ব শ র র র র র ক ছ গ ছ endseq
151531,startseq ত ই আপন ন দ ন ত ত ত দ শ ন ত দ শ দ ন ত হল ত ট ক ট ট ট ন ওয় উচ ত
151532,startseq র জ য র জ য র ত সমস ত ট ক ক ন দ র র র ত ল ক দ খ ন endseq
151533,startseq খ ল খ ওয় র খ জ র জ জ endseq
151534,startseq ক ছ ল র র র র র র র র র র র র র ক য নস র ক ক ক ক থ ক ব শ কর
151535,startseq ক য ল ন ন র ন ন ন endseq
151536,startseq র গ র র স থ হয় ৷ endseq
151538,startseq ল ল থ ক ক ম ক ম দ র অবস থ ত রয ছ endseq
151539,startseq আম র ফ ল দ র ফ ল প ঠ ন endseq
151541,startseq এই ভ ট র অবস থ ত একট গ র ত বপ র ণ মন দ র আছ ৷ endseq
151542,startseq সঞ জয র র র র র র র র র ন ম র পর শ ন র ন ন ন ন ন endseq
151543,startseq অন য য য ন ন ভ রত য় ন এব ক র সঙ গ ত র ক র সঙ গ ত র ক ছ ল ন endseq
151544,startseq অন য ন ছ ড ও জ র র জ বন র ব র র র র র র ব র র ব শ ৷ endseq
151545,startseq প র য ন প রথম স ল প রথম স ল প রথম স ল প র য ন য ন য ন endseq
151546,startseq প ত র র ক স ন ন য র মধ য এক ঘন ট র স থ ক র ক ট র ন ৷ endseq
151547,startseq ক দ র দ র দ র র ন এব ব ন ন র ক ষ ত র ন ন ন ন ন ন ন ন endseq
151548,startseq র র র র র খ দ য র র র র র র র র র র র র র র র র প র প র endseq
151549,startseq আয়রন র গ ল ত র গ ল র রক ত র র র র র র র র র গ র হয় ৷ endseq
151550,startseq প র র ক র ক ন ক ন দ র র ন র ন দ র ন র ক র ক ন গ ল র ত র ত
151551,startseq অন য ন য গ ল ন ন ন ন ন ও ন ন ন ন এব ক ন গ র ন ন দ র ন য কর ছ
151552,startseq ক র গ র ক ছ একট ছ ট ক ছ ক ছ ক ছ ট ক ছ ট র র র র র র র র র endseq
151553,startseq ১৪৩৪ ম ট র অবস থ ত হল ক ম ট র উচ চত হল অবস থ ত এব ঘন ট র র র র র endseq
151554,startseq আম ক ক ছ কফ ব ন ও endseq
151555,startseq এই ও হ গ ল র র র র র র র র র র র র স ত র র স হ ত য য় endseq
151556,startseq সক ল নট র একট অ য ল র ম চ ল কর ন endseq
151557,startseq আপন ক আম র ব ড ন র ম র য ঙ গ র ড ন র র র য আম র ব য ক য ড র র
151558,startseq ম র ষ ট র র র র র র র র র র র র র র র র র র র র র কর র কর ছ
151559,startseq আপন যদ একট ব শ চ র র র ক ত আপন র আপন র আপন র চ ন ত হল আপন র গ জ র প র endseq
151560,startseq ব চ র র র জন য ব চ চ র র ব চ চ র র ব র ট ক ট ব ট ল ক র ট ক
151561,startseq ক দ দ র র জন য দ শ র র র র র র র র র র র র র র র endseq
151563,startseq ট র ন র র য র জন য ট ট ট ক ট ব ক কর ন endseq
151564,startseq ক ন র গ ল র জন য একট গ ল র জন য য য য ক র ক ট র দ র র য য য endseq
151565,startseq আম র ক ন ক ট র ত ল ক ম ছ দ ন endseq
151566,startseq এট স হ ত র ত পম ত র ত পম ত র স থ স থ ন endseq
151567,startseq গ জর ত র গ র ত র ম ষ ত রফল হল দক ষ ণ ক ল ম ট র থ ক ম ল ম ট র endseq
151568,startseq মহ র র র শহর র র র র র ন দ দ ওয হয ছ endseq
151569,startseq ব ব র ল ক থ ক প র ম প র ক ল প র ক ক ক ক ক ন প র ন ৷ endseq
151570,startseq ক ন এব ক গ য গ য গ র চ র চ ন ত র র র র র র র র র স ত র ত প
151571,startseq ত র প রথম স ন ন র ম ন ত ক ক ত র গ ন গ ল ন গ ন গ ছ ল endseq
151572,startseq স র স র ম র র গ ন স স ত আছ ৷ endseq
151573,startseq স থ র সময় ক র র ব শ কম হওয় র আশঙ ক কম হয় য য় ৷ endseq
151574,startseq প রস ত র প ল প র র র র প র র প প র প ত প র প প র endseq
151575,startseq প রত য ক র র র র র স থ র র সময় র স থ দ ধ র সময় দ রত য র কর হয় ৷ endseq
151576,startseq র র প র য ক য ম ক ল ন ম ক ল ন র র র শ র শ র কর ন endseq
151577,startseq জ ঞ জ র র ভ ত র ভ রত র পর যটন র ত ত র প র প য ন ন endseq
151578,startseq আম র র র য য য য ছ ছ য আম র র আই ভ ট ক র করত প র endseq
151579,startseq জ য য য র প রয় গ র প শ শ ষ ক শ শ ষ ক র র ভরশ ল ৷ endseq
151580,startseq কত দ র দ কত ল ল ট দ endseq
151581,startseq অন ক ন ন য ন য ত র ত র ত র ত র ত র ত র ত র ত র ত ছ ল endseq
151582,startseq ক ন ড এব গ গ ল ক ক ক গ র ক ক ম ক ম দ র অবস থ ত endseq
151583,startseq ব র ব র ব য ন হ ত ব স ক ত স হ ত স স ক ত র ত র ত ত র endseq
151584,startseq এর রস রস খ ব স স স স স স স স ব স ৷ endseq
151585,startseq একট বড এল চ র র শত শ ব দ র র শত শ শ র র র র র র ৷ endseq
151586,startseq ত র অভ নয ত র অভ নয কর ছ ন য ত র অভ নয কর ছ ন এব ত র অভ নয কর ন endseq
151587,startseq প র র র র র র র র র র র র র র র র র র র থ ক ৷ endseq
151588,startseq ইত হ স ল র র ল র ওপর ল র ওপর র ওপর ল গ ছ ৷ endseq
151589,startseq এট একট স ম র র পর যটন র পর যটন আকর ষণ পর যটন আকর ষণ পর যটন স পর যটন স পর যটন endseq
151590,startseq ক ন গ ছ ন এই ন ন ন ন ন ন ন ন ন ন ন ন ন র র ন র র ন র জন য endseq
151591,startseq দক ষ ণ শ খর র চ চ র শ খর শ খর র শ খর র ক শ র ন ন ন য দ খ য য ৷
151592,startseq এই ল ল ল থ ক লম ব র লম ব endseq
151593,startseq ক রল র র ষ র র ষ র ন র পর বর তন আন ষ ঠ ন র ন ন র ন জ ন এস ছ endseq
151594,startseq এট ক ছ র র র র এই সমস য র য য ত র র য য ত র র য য ত প র ন endseq
151595,startseq ম ন হল হল হল বক র র র র র র ওষ ধ ওষ ধ ৷ endseq
151597,startseq উত তর ভ রত র উত তর ভ রত র প ল ল র ক ট ক প ওয য য endseq
151598,startseq আসল মন র সম ভব স ধ রণ স র স র স থ স থ স থ স থ র স থ ন উচ ত endseq
151599,startseq স ই গ ল র র গ র খ দ য র খ দ য র খ দ র র র র র র খ দ খ endseq
151600,startseq ক ন গ ন গ র জন য ক ন গ য ত endseq
151601,startseq ন ম র ম ন র ম ম ন র ম ন ন ম ম ন র ক ছ ম ন ন ত র গ ছ endseq
151603,startseq ব হত তম ব হত তম গ য ন ন ম এব ম এব ম ম ন ম ক ম ক ম ন endseq
151604,startseq এই পর পর বত র পর পর ক ত বল হয় ৷ endseq
151605,startseq ব ট ট ক য স ক ক ট ক ক ত থ ক য ট ক ক য র ক ট ক ত ত কর ন endseq
151606,startseq হ ত রক ত হ ত ল খ ত এব ত রক ত প রব হ ত ত endseq
151607,startseq এর পর ক ত র র র র র র র র র খ ল ক দ ওয় উচ ত endseq
151608,startseq স স ল র ন ন ম ম ম ন র ম ম ম ন র ম ল যম ন র ম ত র ন endseq
151610,startseq ঠ ন ড র সময় যখন ত ত প ত র এব বন ধ র থ ক তখন ত রপর প র র র র endseq
151611,startseq ক ন গ র ক ন গ ছ ন ম ম গ ন গ গ ছ ল ন গ ন গ ন ন ন endseq
151612,startseq একট ক র র ত র র র ত র আছ য ত র র র র র র ত র আছ ৷ endseq
151613,startseq জ জ য স হ য য র স য ন জ র ক ন র ক ছ ক ছ ক ছ ক ছ ল ন endseq
151614,startseq ক ন গ ন ন ন গ র ম র র ক ল ল র একট আকর ষণ আছ ৷ endseq
151615,startseq পব ত র নদ র নদ র প র চ ন প র প র প র প র প র অবস থ ত রয ছ endseq
151616,startseq এই সপ ত হ ন ত আবহ ওয ক মন হব endseq
151617,startseq ক ন র ক ন হল ব শ ব শ ব শ ব শ ব শ ব ব শ ব র ব র র ন র ড ন র
151618,startseq ল ল এব ল ল র দ ব র ব র ন র র ব ন ন ন ত র র ন ত র র ন endseq
151619,startseq গ য হল স ন স র র র ম র র একট ৷ endseq
151620,startseq ন ন ন ন ন র মত র র য র ক ন য গ ল ক র স থ ন য গ ল গ endseq
151621,startseq ক ন ত পর বর তন র গ ন ন ন ন ন ন ন ন র র ম র র র র র র কর ন endseq
151622,startseq আকবর র র র র র র র র ল ল র র র র র র র ন ন endseq
151623,startseq প র র প র র র প থর র ম র ম র ম ঝ ম ঝ ম ঝ ল র ন ম র ন র র র
151624,startseq যদ ও প র ট ট ট ট ট হয় ছ ল ন ত এট হল স দ দ র জল র ষ ট endseq
151625,startseq ব শ ব ত র সমস য হয় ৷ endseq
151626,startseq গ য য র র জ য র রথম ভ রত র ক ছ র জ র র র র র র জ র জ য হয় endseq
151627,startseq এই ক ত ত র র র র র র র র র র র র র র র র র র র র র র র ন ছ
151628,startseq ত রপর ন র র ন ন ন র গ ল র ন ন ত ও প ল ও পর ম ণ প ন ন endseq
151629,startseq সর বশ ষ অ য ল র ম সর ন endseq
151630,startseq য য য প র ব য প র ব প র ব শ প রজ ত র ক থ ক ৷ endseq
151631,startseq স ট ন য ল র ন য র র র র র র র য র র র য র র য র কর ছ ল ন endseq
151632,startseq ক য র র স র য নজট র নজট ক মন endseq
151633,startseq ক ন দ র আম র ম দ র র সঙ গ ত আম র একট ত ল ক স আছ endseq
151634,startseq প য র র গ র ব ব র ব র করত প র endseq
151635,startseq ক কর র আগ র স মন কর র আগ এই গ দ খ দ খ গ য় ছ ন ৷ endseq
151636,startseq ম বর র ম র র র ম র র স ত র র স ম ঞ চকর আর স ন দর য দ ব র স ক ত
151637,startseq ম ক র র র র র র র র র র র র র র র র গ র ক ন ন র র র endseq
151638,startseq ত র র র র র র র র র র র র র ত র র র ত র র ত র ত ন ত ন ন ন
151639,startseq প চ চ রট স ল প র র ক ছ প র র ক ক জ গ ল ম জ ন চ ছ ল ন endseq
151640,startseq জ ন গ র ম র ব শ শ র র ত র ব শ শ র ত র ত র র ত র র র র ত র
151641,startseq একজন ব ন ন ক ছ দ ধ র ক ছ র ক ছ র গ র ক ছ র ক ব র ক র গ র ত কর
151642,startseq শ ধ প রত য ক ত ক ত ক ত ক ত ক ত ম র ম ণ ভ ম ক ষ ত র ভ ম ক ভ
151643,startseq ন ন র র র র র গ ছ ল ন র ক ছ ট ছ ট কর ছ ৷ endseq
151644,startseq এই নদ র পশ চ ম র অঞ চল র গ ছ ল ম ক ছ গ ছ ল ম ট র য দ ক য য য য
151646,startseq বল হয য র র র র র র র র র র র র র র র র ন ন ন য য য় endseq
151647,startseq স ব র র র র র র র র র র র র র র র র র র র জন য উপয ক ত endseq
151648,startseq এই কথ পকথন ন র র ন ন ন ন ন ন ন ন ন ন ন ন ন ন ন ম ম ন ত ন ন ন endseq
151649,startseq এই গ ল ত র ব ত কর ত হয় ত হল ত র র র র র র র র র র ত র ত endseq
151650,startseq স ল ল ন স ও ন য য য ন য ন ত দ র ন য ন ও সম ভব নয় endseq
151651,startseq ন গ র র গ ছ র র র র র র র র র গ ছ ল ন endseq
151652,startseq আজ আজ দ ন ন ট র দ ন য য য য endseq
151653,startseq কখনও কখনও ক ন র র গ র ক রণ র র র র র ত র কম গ ছ র ন ছ ল ন endseq
151654,startseq ন জ র স ল র ন র স ল র স ন র র র র ন র ম ণ কর ছ ল endseq
151655,startseq ক নও ক র ম ন ড র ক নও প র র ন র ন ন ন ৷ endseq
151656,startseq উচ চ তচ প র র র র র র র র র র কর ন ন ন কর ন ৷ endseq
151657,startseq অ য ল র মট ম ম গ র ম ট আছ endseq
151658,startseq স র র র র র র র র র র র র র র র ব শ সবথ ক ব শ ব ড য য় ৷ endseq
151659,startseq ম ট র ক ন ত র ন য ন ছ ল ন ন য র র র র র আগ ন র স থ প রত ষ ঠ
151660,startseq যদ আপন র জ বন দ র ত হল আপন র দ র ত হল আপন ও দ খত প র ন ৷ endseq
151661,startseq শর র র শর র শর র র ক শর র র ক র হয় য য় endseq
151662,startseq ক ন কর ন গ ন গ ন গ ন গ ন এব গ ল ভ গ ব ভক ত কর হয ছ ল endseq
151665,startseq ম র র র র র র র র র ম র র র র র র র র র র মন দ র দ র দ খ র
151666,startseq ক ভ ব ম ন য প ছ য য endseq
151667,startseq এই দ ন ভ রত ভ রত য একট ভ ল হয় ছ ল endseq
151668,startseq স দ ধ র পর বর তন কর ছ ন এব শ র র ন ন ন র ন র ন র ন র দ ন প র প
151669,startseq ১৫শ শত ব দ র থ ক ক ষ ত র র ক ষ ত র র র ত endseq
151670,startseq এর ফল চ ল ল ল গ ল শ ক পড আর দ র হয় য য় ৷ endseq
151671,startseq ক ন ন র র র র র র র র র র র ন ন ন র র র র র র র ন ন ন endseq
151672,startseq ক গ ন ন হল হল দ র জন য ব খ য ত ৷ endseq
151673,startseq স থ ত র অন য য র র য র র স থ ত হয় ৷ endseq
151675,startseq ত র প র প র য য য য প র য স য ন য স ন দর য গ ছ স ন দর য কর ছ
151676,startseq প প র র র র র র ব র র র ব র র র র র র র র প র য ত প র endseq
151677,startseq ত র মন র খব ন য আপন র র র র এব আপন র ক ন য র র র সমস য আরও ব শ থ ক endseq
151678,startseq গ ল র গ ল র গ ল গ ল র গ ল ত র গ ল ত র গ র ত র র ব র জন য ব
151680,startseq এই ব ব শ রভ গ ব শ ব শ র র র ব যবস থ পন কর ত র ব শ ব ড য য় endseq
151681,startseq ট র ফ ক ক ক endseq
151682,startseq ক ন ষ প র ক র ক ষ প রত য ক ত ক ষ প র র ব র করত প র endseq
151683,startseq ম র ষ ণ র ম ষ ণ র ষ ণ র ষ ণ র গ র ত র র র ন য য় ছ ল endseq
151684,startseq ত ন ন ন ন ন ন য ন ত র ন ন ত র ন ত র র র ক রণ র ক রণ র ক রণ endseq
151685,startseq ক র র র র র র র র র র র র র র র র র র র র র র র র কর র endseq
151686,startseq এই শ ধ এই পর এই স হ ন র র এই হ স ব দ র র র র র ন ন endseq
151688,startseq স র র স থ র স থ র ল ক র র ন ন য ন র ক ন র ন ন ন ন endseq
151689,startseq গ গল র শ ষ শ র শ ষ ক endseq
151690,startseq গ য র র য য য য য য য য ন য জ র জ বন র জ বন র জ র জ র জ কর ৷
151691,startseq অন গ রহ কর শ ন ন গ ল র স ন ন য ব গ ন বর ণন কর ন endseq
151692,startseq ক রণ ত ষ ত র ক ষ র ক ষ ত র ত ত র ত র র র র র প ত ত হব endseq
151693,startseq এ ছ ড ও ল র র ছ ল ছ ল য দ য র য য দ য র ছ ল ম র র র ছ ল ৷
151694,startseq র জ র উপর র চ ল কর ন endseq
151695,startseq শ ব র সময় ম ল শ ব র ক রণ ব ক ক ত ক রণ ব ক ক র ত র র endseq
151696,startseq ওই গ ন আম ক পছন দ কর endseq
151697,startseq শব শব দ কর endseq
151698,startseq ব য র র স থ স থ র স থ ত হ ত র র খ ন ৷ endseq
151700,startseq স ন র র র ন ন য গ র ন ন ন ন ন ন ন ন য ন ন ন ন য ন endseq
151701,startseq ক ন এব ক ল ট ট স ট ট অ য ন ড র স ম ভ ড র ভ ম ক জ ল গ ন endseq
151702,startseq গ হ মন দ রট একট প শ ক ষ ঠ ন ক ন ন ন ম ক ক ন ম ক ন ন endseq
151703,startseq ব র র র র র র র র র র র র র র স থ ন য স ত র ত র ত র ত র ত
151704,startseq স মন দ র জল র স র দ য় দ ল র দ দ ন দ ন ল ল ন ন ন ৷ endseq
151705,startseq ভ জ র ভ গ ল ভ ব ভ গ য ভ রত য গ র র র র র র র র র য ছ ল ন endseq
151706,startseq ক ন ক ক ক ক ক ক ক ন ত রক ত র শর র র র ত র সবচ য় ভ ল র র endseq
151708,startseq ন ত য় ম ন ত র ত ল ল ল র ত ল ল ল ল ল ল ল ল ল হয় য য় ৷ endseq
151709,startseq র জ য সরক র সরক র র য ল য ন য ল র দ র য য প ব হব endseq
151710,startseq সরক র র নত ন নত ন ল ল র র র র র র র ন র ন ত র endseq
151711,startseq এই চ ত দ খ য য দ খ ছ ল য চ চ দ র ভ ল ভ ন ন পর ষ ক র কর ছ ল endseq
151712,startseq র জ র র য উদ য ন র ব য য ওয র য য ওয র হ ট ল আছ endseq
151713,startseq স র প ত র কর র এব স ব ধ র র র ত র র র র র গ র ত র গ ছ endseq
151714,startseq ত ন র র র র র র র য র জন য চলচ চ ত র অভ ন র র র র র র র র র র
151715,startseq ক ষ ক র পর ষ ক র কর ন endseq
151716,startseq গ গল র গল প গ দ খ ন endseq
151717,startseq যদ একট ব ল র র য র হল ব য ন ল ভ ল ন য য ত হল একট ব ত য ত endseq
151718,startseq এই ভ ব সব সময় র জন য এই সময় র ত র কর র জন য আল দ কর র ত ভ ল করত প র ন ৷
151719,startseq ম ট ম ট ক ক ক দনহ ক এব ক ষ কর উচ ত নয় endseq
151720,startseq এই ক রণ ত ত ত র উত প দন র ফল ম ত র উত প দন র স ধ ক ক ক ক endseq
151721,startseq ক ন ম ঝ ক ছ ক ছ ক ছ ক ছ ক একট ক র ক র ক র দ র অবস থ ত রয ছ endseq
151722,startseq ব দ ধ র ত র ক ষ ক ষ র ক ষ প র ন ষ ক ষ র প র ন ৷ endseq
151723,startseq ক ন ল গ ন ন ল ন চ ন ম ন ক ন বছর র ক ন চ ন ত ন endseq
151724,startseq ওষ ধ র ওষ ধ র সব ন ন ন ন ন ৷ endseq
151725,startseq বর তম ন মন দ র র চ রট ব শ র র র ব যবস থ আছ endseq
151726,startseq ম ল ত ম র ব র স র ত র ন ত র স থ স থ ন ন ত র স থ ন য়ন ত রণ কর
151727,startseq ক ষ র র র র র র র র র র র র র র র র র র র র র র র কর হয় ছ ল
151728,startseq হ ন দ র হ হ র হ র হ র র ষ ট র য উদ য ন র endseq
151729,startseq ক ল র র র র র ল হল ল ল ল র র র র র জন য ব খ য ত endseq
151730,startseq ব ল ট ব ল ল র স র ব ল ল র ত র ত র দ র ত র দ দ র র দ র ত রয
151731,startseq ভ র র সময স ক র ম ল ক ক ম ম এব ভ ল র র ভ ল থ ক ব শ র ভ ল endseq
151732,startseq ত ম ক ক ক ত ন ত ন ব জ ন ত প র ন endseq
151733,startseq র ভ ন ন র র র র র র র র র র র র র র র র র র র র য় endseq
151734,startseq ব য র র র র র র র র র র র র র র র র র র র র র মধ য হ ম র প
151735,startseq ব ব র সমস ত অ য ল র ম সর ন endseq
151736,startseq আপন প রত ম স ম ম ম স ম স ম স র ম প র চ ই endseq
151737,startseq এর স থ স থ স থ ন ক ষ ত ক ক ক ক ত ক ক ত ক ক দ র endseq
151738,startseq ত নট ক ত নট য স ন ম রক স ম রক endseq
151739,startseq ক ষ ক ক ষ ব ক ক ষ ব ক ক ষ ব ক ক ষ র র য ন র জন য একট ছ ল ন র
151740,startseq যখন আপন র রক ত য য় ম ন য য় ন ত হয় ত হল আপন র ন ত ন ত ন endseq
151741,startseq ক ল পবরন ম র ব জ ন চলছ endseq
151742,startseq ক ন ত ব দ র প রত দ ন র প র র র র র র ন ন ন ন ন ন endseq
151743,startseq ভ ন ন ট র র স ট স ট স ক ট র স ক ট র স ক র ক ক ব ক ক ব ক ক
151744,startseq শ মল থ ক স ন দর য য র স থ ন য স থ ন দ র দ ট র দ র অবস থ ত রয ছ
151745,startseq প র র র মন দ র র মন দ র র ম র র র র র র র র র র র র র ন মকরণ কর
151746,startseq যদ ও ত র র ত ত র র ব র য় ব য় পড ৷ endseq
151747,startseq দ উয র ক ল ল র একট র ল ও দ র আছ ৷ endseq
151748,startseq এই ক ব শ আর গ র ও কম গ ছ ও কম গ র র ও কম গ র ক ও কম হয় ৷ endseq
151749,startseq স ন র র ম র ম র স ল র গ ত র গ ত র গ র পর ব ব র ত হয় ছ ল endseq
151750,startseq এই চ ল র ক ট ক র ক র সময় র ফসল র ক ষত কর র ক ষত কর ন ৷ endseq
151751,startseq ন ন ন ন ন ন ন ন ন ন র ন ন ন র ন ন র র র প র র স থ ন দ র র
151752,startseq র ড ও চ ল ন ল ল র র র কর ন endseq
151753,startseq আম দ র দ র ম থ ক আম র ম স থ ম ট র র স থ endseq
151754,startseq আপন র আপন র র র ক ন আপন আপন র র র আপন আপন র র র র র র র র র র র র র র
151755,startseq ক ণ ণ ক ক ল ম ট র দ র ক ক একট মন দ র দ র ৷ endseq
151756,startseq ম ম র র থ ক সড ক ম ম র ম র ম র ম র ক র র র র র র য য endseq
151757,startseq এই ব ধত ত ম ট র ম ত র উপর ন র ভর কর ন র ভর কর ন endseq
151758,startseq আপন র র ন ন ন র ন র ন র ন ন ন ত হল আপন র র ন ন ত হল ন ত হল ত ত র
151759,startseq ত র প র র র র র র র র র র ন ত র ও ক র র র র র র প র ত ত কর
151760,startseq ম টবল র য য ট য ট য ট য ট ট র র শ ষ শ ষ র র শ ষ ট র য রয ছ endseq
151761,startseq ত ন র র র প র য র জন যও ও পর চ ত endseq
151762,startseq স ব স ব স র স র স র র র ব র র র র র ব র র র র র র প র endseq
151763,startseq উচ চ তচ তচ প রক তচ প র জন য প রক ত র ক ষত ক রক ৷ endseq
151764,startseq ভ রত র ব ল র র য র য র য র য র য র ক র র র র র ল endseq
151765,startseq দ ব র দ ব র র গ র র ব শ ষ মন দ র র মন দ র র র র র ম র র র কর
151766,startseq অ য ক স র গরম কর র জন য স ক ত স র র কর উচ ত endseq
151767,startseq ম ত র র ক ষ ত র র র ত র র কর হয় ছ ল ন ত র ত র ত ত ত কর ত ল endseq
151768,startseq ক ন ক য ইভ ন ট ট ট ট ঘটন ন ট কর ন endseq
151769,startseq ত রপর ন র গ ন ন ন গ ল ক র র ক ছ ক ষ র র ক র র ক র ক ছ ন endseq
151770,startseq যক ত ব য ন ত ব শ র র র ন র ন ন কর হয় ন endseq
151771,startseq য ন ত দ র র র ব ভ ন ন র র ব ভ ন ন দ র ত র ন ন ত র ত র ন ন
151772,startseq ক ষ ক বল ন ক বল ন ন ক ক ন নত ন ক ছ ই এর ম সপ ত হ র জন য ব খ য ত
151773,startseq ক ষ ত ত র র শ দ শ দ ন দ শ র দ শ কর দ ল ল ন র দ শ দ ন endseq
151774,startseq চ ল ভ রত র একট একট গ র ত বপ র ণ ব শ endseq
151775,startseq স র র র থ ক ব র র র র র র র র র র র র হয় য য় র র হয় য য় ৷ endseq
151776,startseq উদ হরণস বর প প র শত শ র শত শ র র র র র প শ র কর ন endseq
151777,startseq এট স ল র র র র র ব র র র র র র র র র র র ত কর endseq
151778,startseq দ র দ র ঘ ট হল দ র ঘ ট র য য ট র ট র ট ল এব ট র ট ল ট র ব যবহ
151779,startseq ত ম ক ক ক কফ ব ন ত প র ন endseq
151780,startseq ম ন ক র র ক য ক ত ক ত ত ত র ত র ত র র র র র র একট উপ য য ত ত
151781,startseq স ম র ষ ট র আবহ ওয় ক মন হব endseq
151782,startseq এই ক ষ ত র র ন র ম র য গ র ম র যম ন র র র দ ব র দ ব র ন য দ
151783,startseq ন য ন র ন ন র ন র র ন র র র র ন র স ন স র স র স ন ন র দ য়
151784,startseq ক ন ক র র ট র ট র র র র র র র র র র র র ন র র ন র ব ব ব ন
151785,startseq জ ল দক ষ ণ শ বর ষ ণ শ ল শ ক ষ ত র ব শ রভ গই এব শ রভ গ প রত endseq
151786,startseq ন ক শত শ শত শ ব শ র র র ব শ ব শ র ব শ ব শ র র র র ব শ endseq
151787,startseq স খ ন র জ র জ র জ র জ র জ র র র র র র এক অদ ভ ত অভ জ ঞত endseq
151788,startseq ক ন ন জ র ম র ন দ দ ও ন গ ছ ছ ক ছ ক ছ ক ছ ই endseq
151789,startseq ক ন ন র ত ত ব ব ত ত ত র ত র ত র ত র ল ক র য য ন য য য য ত
151790,startseq ক ন র এই ক র র র র এই ক র র র র র র র র র র র শ র ছ ল endseq
151791,startseq আল ন ভ ভ ন endseq
151792,startseq স ন স স ক স স থ র র ক র স থ র ক ক র ক ন ই ৷ endseq
151793,startseq একট ভ রত য ন ম ম ম ম ম ম ম ম ম ম ম ম র র র ন ম র র ন ম ন মকরণ কর
151794,startseq এই চ র র গ র র র র র র গ র র গ র ব ব ব ব ব ব ব ৷ endseq
151795,startseq দক ষ ণ ভ রত র ব ত ত র ভ ত ত ত র ক ত ক ত ক ত ক ক ত হয় ছ ছ endseq
151796,startseq এর স থ ই খ র র র ত র র ত র র ত র র ফল ও কম য য় ৷ endseq
151797,startseq এই ম স র ব ব ত ক থ য ক থ য endseq
151798,startseq জ ন গ র ম প রত য এখ ন প ওয য য এখ ন এখ ন ব শ য ত এখ ন আস ন ৷ endseq
151799,startseq এক ব র ম ত অন য ব আর জ ব ল ভ ব অন ভব কর ৷ endseq
151800,startseq আপন ক বলত প র ন বলত প র য র র বর তন করত প র ন endseq
151801,startseq এক ব য থ ও অন য ন য য় ৷ endseq
151802,startseq ক থ থ ক নদ নদ র নদ র নদ র ক নদ র ম ঝ ম ঝ ম ৷ endseq
151803,startseq ক র লপথ র ল ল ল ল ট র য গ য ন র থ ক য গ র থ ক ও গ র র য় ন endseq
151804,startseq ম র ক ন ক ন ন ন জ ন ন ন ন ন ম র জ ন ন ম র ন ন ম ক ষ কর ন endseq
151805,startseq শ তক ল ম স স ম স র গরম জল র স র র য় দ ওয় য য় ৷ endseq
151806,startseq শ র ত ত র ব শ ত র ত র ত র ত র ত র স থ দ খ ন ত কর ন endseq
151807,startseq আম র কখন র র কখন কখন endseq
151808,startseq আমর ম ম ঘ ম ত প র ন ৷ endseq
151809,startseq ন জ র ক র র ন র ন র ন ন ত হল ন জ ন ন ত রপর ন ক ন র ন ত দ র endseq
151810,startseq ক জ র র র র গ হ ন দ র গ হ ন য গ র ক ন গ ছ ল ন গ ছ ল ন endseq
151811,startseq চ খ র র র ফল ক রণ ক রণ ক রণ রণ হয় endseq
151812,startseq ক ষ ক ষ এব ব চ চ র র স থ য র র র র র র স থ র র স থ য় endseq
151813,startseq ক ন ন নদ র প র জ য র প র প র প র ন ন র র র র র endseq
151814,startseq চ চ চ র ন ন ন জল র স ন ন পর ক ষ ক ন ন ন কর ন ন endseq
151815,startseq স স থ ন প রথম ব দ র র রথম স থ পন কর হয endseq
151816,startseq ত ন ম ন ত ম ন ন র অবশ যই অবশ যই অবশ যই স ন ন কর উচ ত নয় ৷ endseq
151817,startseq ব শ ষ ক র র র র র র র র র র স হ য য র র র হ য য ন endseq
151818,startseq ত র র র র র র র র র র র র র র য য র র র র র ত র র জন য endseq
151819,startseq ক ন ন গ র র ট র ফ ক endseq
151821,startseq ট ইট ইট কর endseq
151822,startseq এই ব ব ত ত ক ব দ ত ক র ত র র ক র ক র ক র র র ক র ত র ত হয endseq
151823,startseq ক ন ক ছ ক ন ক ক ছ ট ক ক ছ ট ক ক র স ব ভ ন ন স ব র র ক ন দ
151824,startseq ক ষ র গ র র ও ও ও ড ও প ওয় য য় ৷ endseq
151826,startseq তব ন ছ ন য ক ন ত র জ র ন জ র ন জ র স ন ন র ব র ন ন ন endseq
151827,startseq খ ব খ য ত ব ন ন ছ ল ন ন ছ ল ন ন ছ ল ন ন ন ন ন ন ন ন ন ছ ল
151828,startseq কত কত endseq
151829,startseq ক য ল র ম র অ য ল র ম সর য় দ ও endseq
151830,startseq একই স ল য গ র ন ন র র জ ল ল ক জ ল য ক ত endseq
151831,startseq প ল র র র প ল প র র র ল ল ল র র ল ল ল র র র র কর র ব র প ওয়
151832,startseq প র শ শ থ ক ব শ র র র র র থ ক ব শ র র র ত র র থ ক endseq
151833,startseq আম ক এমস য় ইপ এ য ঙ ক য ঙ ক ব য ঙ ক অ য গ য গ কর য ত প র endseq
151834,startseq ন জ র ন ন ন য় র ন ন ক ক র র ক ক ক ক ক ন ন endseq
151835,startseq আম র প র য প র ল প র স ট র গ ন ব জ ও গ ন ব জ ও endseq
151836,startseq সমস ত ত ত র র র র ন এব ন ন র এব ব ন ন এব ন ল এব ব এব ব এব এব খ ল য
151837,startseq এট ভ ব ত ত র ল প ন ম ল য প ত র প ন ত ম প ত প রদর শন কর ছ ল endseq
151838,startseq প রথম গ ন থ ক ক র র র র র র ব যবহ র কর ন ৷ endseq
151839,startseq শ বছর ধর ম র ন ন র ম র র র র র র ম র র র র ন মন দ র র ন ন ন ছ
151840,startseq ত ন স ল থ ক প র ণ জ র থ ক ব র প র র র ফল ব শ রভ ব ত কর ছ ল endseq
151841,startseq স ন ক র ণ ডশ র প প প খ দ খত প র ন ৷ endseq
151842,startseq ক ন ক ক ক র ক ট র ন ক স ক ন ম ক র এব ন ম র র র ন ন ন য় ন ন
151843,startseq ত ন ত র ন র আগ ত র ত র ত র ত র ত র খ র পর ত র খ র পর খ ন ন ৷
151844,startseq ব শ র র র র ব শ ব স থ ন ব যবহ র কর হয় ছ ল ৷ endseq
151845,startseq ত র র বল পড ত আপন র র ত আপন র র র র ত আপন র ব যবস থ কর র জন য endseq
151846,startseq এখন থ ক দ ই দ নট র ত র খ ক endseq
151847,startseq এই ভ তর ক ষ ট ক ছ চ র চ র ক ছ ট ক র র ক ট ক দ ওয় হয় ছ ল ৷ endseq
151848,startseq ন শ র কর র জন য আপন ক র ন য ক ক শ র ক ক ক জ ন সপত র স ব যবহ র কর উচ
151849,startseq ভ রত ও এব ল এব ত র ক ন ত র ত র র গ র ত বপ র ণ ভ গ গ ছ ছ endseq
151850,startseq ক ন ম ক ক ক ক ষ র চ ষ র চ ষ র ষ র ষ র র ষ ট র র র ফসল প র endseq
151851,startseq ক ল ক র ট র র র র য আপন র আপন র আপন র আপন র আপন র আপন র র ট র ট ক র ড
151852,startseq স র র গ র গ র গ র র গ র শত শ র ক ষমত কম য endseq
151853,startseq ক ত ও ক ন ন ন ও ন ও ম ত র ব যবহ র কর য ত প র ৷ endseq
151854,startseq এর ন ন ন ন এট ন ৷ endseq
151855,startseq ত র স থ ন য র র ক ত ক ত ক ত র ত র ত র ত ক ত দ র ত ন endseq
151857,startseq শ র ত ত হল একট ছ ট ছ ল ন ত ত ত র ত ন ত ত ত র ত ক ছ ত ক ছ endseq
151858,startseq ব দ র র র র র র র র ন ন ঈশ বর র ন র র র র ণ বল বল বল হয ছ endseq
151859,startseq ক শ র র ই ল ল জ ল শ ব দ খ য য় ৷ endseq
151860,startseq ক ন ত ত র ত র ন ত র ন ন ত ছ ল ন ৷ endseq
151861,startseq জ র র র র মন দ র র র র র র র র র ন র র র র একট আকর ষণ হল একট আকর ষণ endseq
151862,startseq ম থ থ থ থ য় ম ন ন র ম ন য় ম ন য় ম ন য় থ ক য য় য য় য য় য য়
151863,startseq জল ভ ন ন ত ত ক ন ন ত ত ল গ ন ন ত ত ল ক কর ক ন ন ৷ endseq
151864,startseq ন জ র গ ছ ন ন দ র ত র ন ন ত য ন ন ত র ত র ম ন ষ ট কর ছ ন endseq
151865,startseq ন ন শ ল র গ র র শ র র জন য একট শ ষ ছ ল endseq
151866,startseq যদ আপন র ব শ ন ত হল আপন র র র র গ রহণ করত প র ন endseq
151867,startseq ক ন ত ত র ল ল প ল শ র র ল এব শ র র র ল এব এব প র এব এব ন এব ন এব
151868,startseq গ ঙ গ স থ ম স গ রহ লয র স য গ য র স থ ন য স র স থ ন endseq
151869,startseq ম ম ব চ ক ল ব ন ন ন ম ক ন ন ন ন ন ম ও ন ম ম ক ত ল ছ ল ন endseq
151870,startseq ন ন ভ ব প র শ র প র য ভ রত র ছ ল ন য র ছ ল ন এব ত র ক ত ত কর
151871,startseq ক ন ত র র র র র র র র র র ছ ল ন য র র র র র র দ খ দ খ য য়
151872,startseq গ ল র ট র গ য র গ য র গ র র গ য গ র ন ন র গ র ক ন ত র দ য়
151873,startseq র গ দ র জন য ন ক ন ন ন ন ন ক ন ন ন ন ক ন ন ন ন ত হল ন ম ন endseq
151874,startseq আজক সমস ত অ য ল র ম সর য দ ও endseq
151875,startseq ম থ র ব য থ য থ য ব য থ য ব য থ ব র ব দ দ ওয় উচ ত ৷ endseq
151876,startseq শ ক র র র র র বছর র মধ য স র মধ য র মধ য ক র র র দ দ ওয হয ছ endseq
151877,startseq মহ র র র ব র র ব র র ব র র র ও ব র ও দ র র র ও কর দ ওয় হয় endseq
151878,startseq উদ হরণস বর প র য র র য র য র য র য র য র র র র প র য প রধ ন প রধ
151879,startseq ম খ র হল দ দ হল দ হয় য য় ৷ endseq
151880,startseq ম ত র র ব র র র হয় য য় ৷ endseq
151881,startseq দয কর এই গ নট প চট ট র এই গ ন র কর ন endseq
151882,startseq অ য ক র র অ শ ম ট প প এব এব প এব প এব প য য কর বল মন কর হয় endseq
151883,startseq ক র র ব র ব ত য় প র ব র র র র র র র র র র ব র ব র ব endseq
151884,startseq স ধ রণত স ব স স ধ রণত এক স র স স থ ক সম ভব ন ক ছ দ র সম ভ বন ন হয় ৷
151885,startseq ত র গ র র র র র র র র র র র র গ ন র ম র র ম ণ র ম ছ ল ৷ endseq
151886,startseq ক ন ত এই ব ষ ট স স ক র ক ক র প রত ষ ঠ ন কর র জন য ত হব endseq
151887,startseq অ য ল ল ক য ক য ন ম ল প ল ক র ন য স ন দর শক ত স ইত য দ দ য ন
151888,startseq কখনও শ ত ষ ট ধ দ ধ র শ শ শ ক ষ ত র র ম ত র ম ত র শ শ থ ক ৷ endseq
151889,startseq স ধ রণত এট ক ব ত ত কর র জন য প র ত ত কর র কর র কর র কর র কর র endseq
151890,startseq ন ন ত র র র ন য ন য ন য ন য ন য ন য স থ ন য স ন দর দ খ য য
151891,startseq ন জ ন ন মন দ র ন ন ন ন ন ন ন ন ন ন ন ন ন ন ন ত র ষ ট র ন ন
151892,startseq ন র র ন ন র ভ ন ন এব ভ র এব এব এব এব র র ন র ন ন endseq
151893,startseq স ত র স থ য ত য স ন ন য ক ত স থ ন য ক ত কর ন endseq
151894,startseq যদ আইক র কম থ ক কম কম হয় ত হল হল ক দ র ত দ র ত দ র বল মন কর হয় endseq
151895,startseq ব স তব ত ন ত য ত য ত য ত য দ ব ত য জ ত হয endseq
151896,startseq ন ম ম র ন ম র ভ রত য অভ ন ত র অভ ন ত র ন ন এব ত র র র র র ত কর
151897,startseq এর ফল ক রণ ত র র জ ন ন ত র জ ন ন জ ন ন জ র ন র র র র র ন য় ন
151898,startseq ন ন ন র র র মন দ র র ন দ র র প রধ ন মন দ র র খ র র খ ব র খ ৷
151899,startseq ব ত র র উপর র র র র র র র র র র র র র র র তচ প তচ প র endseq
151900,startseq প র র র র র র র র র র র র এব একট প র র এব এব র র র এব endseq
151901,startseq অড ওব ক থ ক ব ল গ ন ব জ ও endseq
151902,startseq পশ চ ম চল প র য র ত র র ত র র র র কর উচ ত ৷ endseq
151903,startseq শ ক রব র ত র ত ত হব endseq
151904,startseq দ ব ন দ র দ র দ ক ত খ ল য র র র র খ র জন য endseq
151906,startseq ম ন ত র ত র ত র য ন ম স ক য ন য য র য য এব প র র প র শ কর ন
151907,startseq যদ য নস র গ র ক য নস র গ র ত হল ত লস ট র য য লস ট গ ল ক ট ক ট হয়
151908,startseq ক ন ত গ গ র ন ন ন ন ন ন ন ন ন ন ন ন র র র র কর ন endseq
151909,startseq ত ম র র র র র র চ ল র চ খ র সম পর ক বল ন endseq
151910,startseq জ বন ধ ত ক ক ব র ক ক ক ব র ক ক ক ত ক ক ত ক র যকর উপচ র যকর উপচ র endseq
151911,startseq আপন র খব ন আপন আপন আপন র ত আপন আপন র ন ত আপন র র ন য ত প র ন endseq
151912,startseq স স র র স স স স স র স endseq
151913,startseq আর আর স মন কর হয য এই র য র ছ ছ দ র র র র দ ধ র ত র কর ছ ছ ল endseq
151914,startseq চলচ চ ত রট ক ন ন ন ন ন ন ন ন ন ন ন ত র অভ নয কর ছ ন endseq
151915,startseq ক য ল ন ড র খ ল ন এব একট নত ন ইভ ন ট ত র কর ন endseq
151916,startseq এরব ন ন র র র ষ ট র য উদ য ন র র য উদ য ন র ক ক ল ম ট র endseq
151917,startseq পর ব র স ক র ব শ ব স ক র ব শ দ ধ র স থ য য় ব ড় য় য় endseq
151918,startseq ন শ ঝ ল ঝ ল র ন মক ল গ ছ র ম র ন র র র র র র ন ন ন ন endseq
151919,startseq ব শ ষ ক ছ শ ন ত র জ র ক জ র জ র ক জ র জ র ন র জ র ন endseq
151920,startseq ন জ র ক জ র জ র ক জ র ক জ র ক থ থ ক ৷ endseq
151921,startseq ১৯ শতক র ন ন ন ন ন ও ম ক ন ন ন র ম ক ষ প র র র র গ ন গ ছ ল ন
151922,startseq শব দ চ ল কর ন endseq
151923,startseq ড ড ড ড র গ ন ন ন দর গ র স ন দর য র পর যটকদ র আকর ষ আকর ষণ কর ৷ endseq
151924,startseq ন জ র গ ন ন য স স স স স স ট স স য য য য য য য endseq
151925,startseq এখ ন র র য র য র য র য র ক র য থ ক র য য র ত র র ন য ন ন endseq
151926,startseq মণ প র র র জ র র র র র র র র র র র র ম র র র ল ল র র র endseq
151927,startseq ভ রত র ম র ষ ট র য উদ য ন র ত পম ত র ত র প য য য endseq
151928,startseq হ ত ব র র র ব র ত র র ব র ৷ endseq
151929,startseq ক ষ র ন ন ন ন ন ন ন ন ন ম র ন র র র র র র র র র ন ন ন ন ন
151930,startseq প রত য ক ত র র র র র র ক র র গ র ত র র ক র গ ছ র জন য ছ ছ ৷
151931,startseq আপন ব ব ব যবহ র কর য ব ন ব ব র ব ন ব র ব ন ব র ব র ব র ব র endseq
151932,startseq আপন ব স থ দ খ ন আপন র ত ল ক ন ক ন ক ন ক ক ক ক ক ক ন ন endseq
151933,startseq ন ন ক ন ক ন ল ল র প র র র র প র র র র প র র প র ন ত ন ত ন
151934,startseq বল হয য য ক র র ক ছ ন য গ র ন য গ র স থ ন য গ র ন ত র প র endseq
151935,startseq ব ক ব দ ব গ ন ন ন ন ন ন ক ন জ ন ন ন ন ন ন ন ন ন ন endseq
151936,startseq ম ছ ট ছ ট ক ন ম র ম ম ম ম ম ম র ম র ক র র র র র র র য ন ন
151937,startseq এই ক ষ ত র ক ষ ত র ক ষ র র ক ষ র র ক ষ র ব চ চ র ব ক ষ কর হয়
151938,startseq ক ষ র র র র র র ম ত র ক র ত র র ব র ত র ত র ব র ত প র ন endseq
151939,startseq পশ র র গ ছ র খ ব র র র র র র র র র খ ব র র খ খ ব র খ র জন য
151940,startseq ন ন ল ল ন র র ল ল ন ন ল ল ল ল র স ন ল ল হ স ব য য প ওয য য
151941,startseq ড ড খণ ড খণ ড র এল ক ক ক ক ক ক ক ক টর এল ক endseq
151942,startseq এই গ ন র হল প র প র প র স থ ন দর স ন দর য র স ন দর স ন দর স থ ন
151943,startseq ম ট ট ট ক য ম ট র প রচ র ম ত র প রয জন য উপয ক ত ক ষ র জন য ভ ল
151944,startseq আপন র ন ন ন ন ন ন য ন য ন ন ন র ন র ন র ন র ন ন শ ন ত ন ন ন
151945,startseq আপন র প ট খ ওয় র প ওয় য ওয় র প ট আর প ওয় য য় endseq
151946,startseq ভ রত আমর আমর আমর ভ ল ভ ল endseq
151947,startseq এই জ ন ন ক ক ক য থ ক ব শ য ত ক ক ম দ র ক ক ক ক দ র অবস থ ত endseq
151948,startseq ন ন ন ন ন ন ন ন ন ত র ন ন ন ন ন ন ন ন ন ন ন ন ন ন ন ন endseq
151949,startseq এর অঞ চল র ব শ র ক ব শ র বন র শ বন ধ র কর হয ৷ endseq
151950,startseq শ ল ন জ র স ন ন র ন দ র ন র র র র র র র র র ব দ ব ত কর হয endseq
151952,startseq ন ন ভ জ প রদ শ র জ য র ব শ র র জ য ব শ ব স ব পর ব শ ব পর চ লন
151953,startseq শ ধ ত ত ন ন র গ ন ত র গ র র গ র র র র র র র র খ দ খত প র ন
151954,startseq ত র ত র র থ ক ত ত র ছ ল ন ত ন ত র ত ন ত য ত র র ত র ত ন ত
151955,startseq আম ক ব র র র র র র র র র র র পর ক ত করত হব endseq
151956,startseq প ট ট ট ইট স ব র ট র র ব র ব র ব র ব শ ষ কর র জন য আপন র ব endseq
151958,startseq ভ র ম ব শ ব স ন ন হয় য য় ম ন ষ ট ম ন ষ ট ম ন ষ ট হয় endseq
151959,startseq গ য এব এব র জন য এই স র র জন য ভ ট ম ট ই ৷ endseq
151960,startseq ক র গ র ক র গ র ক র গ র ক র গ র ক র র র র র র র ক রণ হল অন ক
151961,startseq প রত য ক ষ র র য র য ভ রত য ন র endseq
151962,startseq ক ভ গ ন র ন ন ন ন র র ন ন র ন ন র ন ন র র ন ন র ম ন ন ম ন
151963,startseq এছ ড ও এই প রজ ত র প র ত ত র প র ত র র জন য এট উত তম ভ ল endseq
151964,startseq এট ব ষ ট ব এই প রক র র প র য় দ র র র দ র র র র র র র য় ছ ল endseq
151965,startseq প র চ চ চ র চ চ র চ ছ ল চ ছ ল ও চ ছ ল ৷ endseq
151966,startseq যদ য ন ত দ র স থ য য ত হল ক ক ক ত ক র র র র ন র ক র র endseq
151967,startseq ম ল ত ল ল র ল ল এব শ ল ল র র ল ল র র র দ খ র মত ৷ endseq
151968,startseq আর ঢ ক এখন কট ব জ endseq
151969,startseq এট কত ম ন কত endseq
151970,startseq আপন য ক য আপন ক র ন য আপন ক ন য আপন র মধ য ন য ম ল য ন য আপন ক প র ন
151971,startseq ম ম র ন ঝ ল ও ক ন ন ন র র র র ন ম র ওপর ন ন ন endseq
151972,startseq ভ রত য় খ ব র স থ স থ য প র endseq
151974,startseq এই ব র র র র ব র ন ন এই ব রক র র রক র র র ব র ব র ব র ন র ব ন
151975,startseq গ ন র ছ ল ন ন গ ন ন ন গ ন এব ন গ ন এব ন র গ ন র ন ন endseq
151976,startseq উন নত ন র র র র র র র ষ ঠ ন র ম র য র ভ ষ য র র ভ রত র মধ য একট
151977,startseq আম র ব য ক র র ইম ল র র ন এব আম ক র র র র র র র র র র র কর endseq
151978,startseq ব শ র র র র র র র র র র র র র র র র র প র প র ত প র ৷ endseq
151979,startseq ম ন ন র ম র ন ম র ন ন ন র ম র ন র র র র র ল র র র র ন ন endseq
151980,startseq আম র জন য অ য ল র মগ ল স ট কর হয ছ endseq
151981,startseq ক ন গ ল ক ক ক ক ক ক ক র ক ক র ম র র র র র ক র ম ক ত ব endseq
151982,startseq স ই স ক ক র স ট ক য র স য ক র স র র র র র স ক র কর ন endseq
151983,startseq এই সপ ত হ ন ত একট ক ট ক ন ন ন ন ন endseq
151984,startseq ম য় ল ম য য় ম র য় র গ র দ র ক য ল ক র ল ল গ ল থ ক ৷ endseq
151985,startseq প র ক র র র র র র র র র র র র য ক ত ক র দ র স ক ত দ য য endseq
151986,startseq যখন স ট র প রথম স ন ন র ন ন ন ত ন র ন ন ন ছ ল ন endseq
151987,startseq খ ওয় র সমস য র সমস য সমস য হয় ৷ endseq
151988,startseq র র র র র র র মন দ র র র মন র গ র ন র ল র র র র র র ব দ র ন
151989,startseq যদ ও যদ ও ব ন ন ন ক ন ন ন ক ন ন ন ন ন ন ব ল ন ন ক ন ব ল endseq
151990,startseq র গ র র র র র র র র র র র ন র গ র ক ন ন ত র র য় ন endseq
151991,startseq একট ব ট র ট কত ট ক কত কত endseq
151992,startseq ছব ত র ন ম র ন ম র ন ন এব ত র ম র ন র র ন র র র র ন র কর ন endseq
151994,startseq চ খ র র র র র র র র র র র র র র র র র র র র র প রভ ব পড ত প
151995,startseq ক গ ক থ ক ম ক ক ক ক ক ক ত ক স ক ত ক স ক স ক স ক ত ক স ক ত
151997,startseq এট অন ক ব র ব ক ব যবহ র কর কর ন ৷ endseq
151998,startseq যদ ও ম র র র ক র ম ভ গ ন র পর ম ণ দ ব র ভ গ কর endseq
151999,startseq ক ট ক র ট র ট ট ট ক র হয় য য় ৷ endseq
152000,startseq ক ভ ব র হ র র ল প প ছ ন endseq
152001,startseq উত তরপ রদ শ র ব শ র র এব ব শ র র র র র র র র র র র র স য য endseq
152002,startseq ক ল গ র য য অন য ন য গ য ক ছ গ য ক ছ গ য ক ছ গ য র র আছ endseq
152003,startseq ক ট র ন জ র র র র র র জ বন র ক জ বন র ক জ বন র ক র র endseq
152004,startseq গ ন ন গ ছ ন ন ন ন ম ম ন ন ন ন ন ন ন ন ন ন ন ন ন endseq
152005,startseq এত প শ র জ র ল প র শ র ল শ র শ শ ল শ র কর ন endseq
152006,startseq ক ন ত র ন য ম ত ম ত ম ত র ত র একট স ত র ত র থয ত র র ন র জন য
152007,startseq এই র গ র গ র গ র উচ চত য ফ ট প প র ৷ endseq
152008,startseq স র ব স ব ব ব র র ন ক ন ক র র র র র র র র র খ র খ ছ endseq
152009,startseq অর থ ত আপন র ক ছ ট র য য র র য য র র র র র র র র র র য য endseq
152010,startseq ব য থ র আগ আগ র ব য থ হয় endseq
152012,startseq অন ক ব র র ক ছ ক ন য ল ক র ন ত ব ন ন endseq
152013,startseq রক ত রক ত র শর র খ ওয় উচ ত ৷ endseq
152014,startseq ন রক ল ত ল র ব শ র র টন বছর র র টন র টন উৎপ দন র টন উৎপ দন কর র শ ষ কর হয়
152015,startseq ন ক ত র র ন ত র র ক ত ক ত র র থ ক ন ক ন ত ন ক ন ন ন ন ন ন
152016,startseq এই ক গ র জন য ক ক গ ন র ব যবহ র কর হয ৷ endseq
152017,startseq অক ট বর অক ট বর র ভ রত য র জ য র জ য র জ য র র ক জ য গ র হয ৷ endseq
152018,startseq এই ল ল র ল র প রথম দক ষ ণ ল ল র র র ল র ছ ল endseq
152019,startseq ত র র র র র র র র র র র র র র র র শ র কর ছ ল ন এব ব র ব ত ত
152020,startseq ম থ র র স থ স থ স থ স থ ও স ক ত ক ত ক ত কর য ত প র ৷ endseq
152021,startseq সদর দপ ল সদর দফতর দফতর স ল ছয বছর র ছয ম স স র ছয ম ল র জন য ছ ল endseq
152022,startseq আপন যদ র প র য ন য ন র র ন ন একট একট স ট ট র স ব একট স ট র ক endseq
152023,startseq এই মহ ল র মহ ল র মহ ল র র র র র র র র র র র র র র র র endseq
152024,startseq এমন ত ব শ চ র র র র র র র র ক র র ক র র প র র র র র প র প র
152025,startseq ক ন ত ক ষ র য য জল র য য ত র য য ত র য য ত র র ক র দ দ র দ
152026,startseq ম নস র র র র আগ ন র র র র র র র র র র র র র র র র ন ন endseq
152027,startseq ক ন র র র র র একট র র ষ ট ন য ল ক র র র ল গ ৷ endseq
152028,startseq আম এন নম বর এ অ য ক উন ট উন ট স এর জন য আম সবইয় র ব সবইয় প সবইয় চ ই endseq
152029,startseq জ ঞ জ র গ র ত গ ত র গ ত র ত র ত র ম ন ন ত র ত endseq
152030,startseq ২০ বছর ব আম দ র র ব য র র ক ষ ত র র ব ক র র র র র র র র জন য কর
152031,startseq ক ল র র র র হত প র endseq
152032,startseq যদ আপন র মন কর ন ন ত র র র র ক র ব র র ক ব ব র র ক জ করছ ন endseq
152033,startseq ক ন র ক ক ষ কর ন এব ক ষ র র র র র র র র ক ত ক ত ক ত কর endseq
152034,startseq এই ইম ইল র উত তর দ ন endseq
152035,startseq ন য র র র র র র ন ন ন এব ন র র র র র র র র র র র র কর endseq
152036,startseq এই দ ট ট র দ র মধ য প র দ র মধ য প র ম ম পশ চ ম দ র দ র অবস থ ত
152037,startseq য র ক ক র র ত র র র ত দ র দ র দ র দ ক ত দ র দ য় ব ড় য় দ ব
152038,startseq ১৯ শত ব দ ত র দ র র ত র ত র র ন ত র র ত র র ন ত র ব র কর হয endseq
152039,startseq ক ন ত দ র ল ভ ল দ ক ষ কর endseq
152040,startseq প ল ট র ট র র ট র র র র র র র র র র র র র র র র র র প র হয
152041,startseq স ট ক গ হল স র র র গ র গ র গ র গ endseq
152042,startseq ক ন র র ক ছ ল ক ন ত র ক ন ত ক ন ত ক ন ত ক ন ত ত করত স হ য য
152043,startseq গ গল প এ ক র ম র র মধ য ম ক ট র মধ য কত প র ন endseq
152044,startseq য চ চ র র র র র ত ল ন ত ত ত ত ল ভ ল হয় ত হল ত খ চ খ র জন য এই
152045,startseq ত স ল প র স ত ত প প ত প ত প প র স স ক ত ক জ ত কর ছ ন endseq
152046,startseq ক ছ ক ছ ক ন ক ছ ন য ন য ন ত র ক ন য ন য ক ত ক ক ক ত ক স র
152047,startseq ম ত র পর পর র গ র ন র র গ ল ক র র ত র গ ন হয় ৷ endseq
152048,startseq প রথম ন ল ল ন ল ল ন য় ছ ল ন ন ল ল র ক র ক র ক র ক র ক ছ ট ক
152049,startseq এই গ নট ক গ গ প র গ ল প ক endseq
152050,startseq ব র র র র র র র র র র র র র র র র র র র র র র র য হয ছ ল endseq
152051,startseq প র ম র র ম র মহ ল দ র স স স থ ন স র স র স থ ন দর য য ন দর য
152052,startseq ব ল ল র পর পর যটকদ র পর ব আছ ৷ endseq
152053,startseq দ ই দ ত র র ত র র জ বন র ত ত র র জ বন র কর র ত র র র ক ন র ন
152054,startseq আগ ম ক বর তম ন কত endseq
152055,startseq স তর র র র র র র র র ত র র র র র ব চ চ র র ব চ চ র ব ব যবহ র
152056,startseq উদ হরণস বর প ত র ন ত র ক ন ত ক ন ন ন আর স ক ভ ল স স স থ হয় য য় endseq
152058,startseq প র র র র র র র র র র র র র র র র র র র র র র র র র ন ন ন
152059,startseq ক য ন গ র র গ য ক ন গ র র র র র র র র র র র র র র র য ত র
152060,startseq যদ অন ক র র র র র ক ছ এব ক ছ এব ক ছ এব ক ন র র র র র ন বল endseq
152061,startseq গ জর ত র জ য র র জ য র র য র য র য য ত য য য ত র য য endseq
152062,startseq ত র লম ব endseq
152063,startseq ম র চ কত ক ক ক র র আছ endseq
152064,startseq যদ ও য ন ন য ন ন য ন ন য ন য ন য ন ত র র ন য য ত য য ত কর ছ
152065,startseq ক ম নস ক ম নস ক ম নস ক ক ক র র র ক র ক র র র ক র ক ষত ক ষত ক endseq
152066,startseq প র গ র স থ স থ স থ স থ স থ থ ক ম দ র ব ব শ ব ব শ ৷ endseq
152068,startseq প রত য ক র র র র র র র র র র র র র র র র একট ঘন ট দল র endseq
152069,startseq গ ন য গ ন গ নট ব জ ন গ ন endseq
152070,startseq ক ষ র র র ক ত স ন ন ত র র ন ত র র ত র র ত র র ন ত ত র র ন
152071,startseq স র র র প রত য ক র র য য র র র য য য endseq
152072,startseq এই বছর বছর ব ত য র র ক ট ক ন ট র র র ক ন ট ক ন র জন য ক ট ক হব ন
152073,startseq আম র ক আজ র ছ ম ছ endseq
152074,startseq ন ন ন ন র র র য ন য ল ন র জন য ন র র র র র র র দ য় দ ন endseq
152075,startseq ন র র র ক ষ র র র র র র র র র র র র র র র র র র র প র হয় ছ
152076,startseq ভ গ কর র য য ও প র র ন এব ও ন র র র র র ব ব হব endseq
152077,startseq য র র র র র দ ই দ ই দ ই দ ই ভ গ ব ভক ত কর হয ছ endseq
152078,startseq ম ন ব জ এ ব জ ব স ব ট ব জ ঞপ ত ব জ ঞপ ত চ ল কর ন endseq
152079,startseq শহর র ত র ব র ত র র ব র ত endseq
152080,startseq নদ র নদ র অন ক দ র এব অন ক দ ব র র দ ব র র দ র র র দ ব র রয ছ endseq
152081,startseq আম দ র দ ব র ম প র ম বর ম স স ক র ম এব ম ট ম ট র ক ন ন ন endseq
152082,startseq ক ন জ র ন ন ন ও শ হজ হ ন এব ক শ র ন ম ন ছ ল endseq
152083,startseq ক ন য় ক ব ক ব ক ক ক ক ক ক ক ক ক ক ক ক ন য য় endseq
152084,startseq দ র র র মন দ র র মন দ র র ত র ত র ত কর হয ন endseq
152085,startseq ন ম র জ য র ষ ট র য উদ য ন শহরগ ল এব শহর এব নগর র এব নগর endseq
152086,startseq খ ওয় র সময় ওষ ধ ব গরম জল র ব র র র গ ল ক র র য় ন ওয় য য় ৷ endseq
152087,startseq ত ই য বলত প র য ব শ পর যটন ব র প রক র র এব স ব ধ এব এব এব এব এব ব ব endseq
152088,startseq মন দ র র ম ত র ম ত র ম ত র র র হল প র চ ন ত ৷ endseq
152089,startseq ত রপর আর ম ঝ ড ও প র র র র র এক ম র প ছ ল ম ৷ endseq
152090,startseq আপন ক আম র স প ক র শব দ ত প র ন endseq
152091,startseq যদ ক স ন ন ন ন ন ন ন ন হল ন ক ন র র র র র র র র র র ন দ র ন
152092,startseq এখ ন নদ ক নদ নদ ন নদ ন নদ গ ল endseq
152093,startseq অবশ য য য য য খ ন খ দ য ভ ব ক ল ভ ট ট endseq
152094,startseq দ ব র য উদ য ন য ন য স ক য ন য দ দ ক দ র দ ক ন পর চ ত পর চ ত
152095,startseq ব শ র শ ব ব শ ব র ব র ব র র র র র র র র র র র জন মগ রহণ কর ছ ল
152096,startseq ব ট ট প র প র ম ম ম ল য ন ম ম ল য ন ম ম ল য ন র ম র য endseq
152097,startseq ক ন ক র ন ন ন দ র র ন ন হল প র র স ন দর শন হল প র র স ত র endseq
152098,startseq দয কর বর তম ন গ ন র গ নট র গ নট র ন ন endseq
152099,startseq ব ব ট ব শ ব ব শ র র ব শ র র অ শ অ শ র ব শ র ল র ব ব ব ব দ
152100,startseq র গ র গ র ইট স র গ র ইট স র গ র স র বছর বয়স ব র বয়স ক ল ক থ ক endseq
152101,startseq apple কর একট একট একট ইম ল প ঠ ন endseq
152102,startseq আম র ফ ন র প র য় আম র ম ট endseq
152103,startseq গর ভ ত ম র দ র ম ত র দ র দ দ দ ওয় উচ ত ৷ endseq
152104,startseq সরক র র র র র র র র র র র র র র র র র র র ক র ভ ন ন কর ৷ endseq
152105,startseq ইত হ স ল র র ল র ওপর ল র ওপর র ওপর ল গ ছ ৷ endseq
152106,startseq ক ন ম জলব য় স ধ রণত স ধ রণত চ ষ র জন য উত প দন র জন য উপয ক ত endseq
152107,startseq ক গ ত ত ক গ ন ত ত র ত র স ত ত স ত ত ৷ endseq
152108,startseq কম কর র র র র র র র র র র র র র র র র বল মন কর হয় ৷ endseq
152109,startseq ন শব দ কর ন শব দ স স ট কর ন endseq
152111,startseq আজ সক ল দশট য শ র এব স ন ম এব শ ন এব এব শ র কর ন সময সময সময endseq
152112,startseq স ই ক ন ত র স ক র ন ম ন র সবথ ক স ন দর য ল endseq
152113,startseq ন ন গ র ন ন ন য ন য ন য ক ষ র র র র র র র র র ক রণ ব শ ষত কর
152114,startseq গ ন ন গ ন পডক য স টট চ ল ন endseq
152115,startseq আম র উইম প ল গ সক ট বন ধ কর ন endseq
152117,startseq ক ন র র ষ ট র য র ষ ট র য র ষ ট র মধ য প রধ ন ম ন ষ র মধ য ছ
152118,startseq স তর ভ রত র ক ক ড র র ক ক ক টর র ক র দন র দন কর হয় ৷ endseq
152119,startseq ত র ত র ক র স ধ রণ কর র ক ষ ত র র ক র ক ক র ক ক ক ক ও কম য় endseq
152120,startseq নদ র নদ নদ র ত র র ট ট র দ ট র র র র র র র র র র গ endseq
152121,startseq আম আজ ক নত ন ইম ল প য ছ endseq
152122,startseq প রত বছর প খ র জন য প খ দ য ত ল খ র জন য ত র র র র র র র ন ত র
152123,startseq ভ ল র গ ল র র য র র র র র র র র র ল র র ল র জ য়গ য় endseq
152124,startseq পর র ম র ম র র র ন র ম র ন র ম ক র র র র ন র ন র প ত কর ন endseq
152125,startseq ট য গ ট চ ল কর ন endseq
152126,startseq দ দ র দ য য য য ম য গ য ম য গ য গ য গ য গ য গ ল গ ল য গ ছ
152127,startseq এই ম র ষ র র ইত হ স র বছর বছর র প র ন ৷ endseq
152128,startseq স মন কর য য র র র র র মন দ র র মন দ র র র র র র ন ত র ন য ত র
152129,startseq ছব ট ক ট য গ য গ র সঙ গ ত ক ষ ত কর হয endseq
152130,startseq পর ত ল ক ন ত গ ল ন গ ল ক ন গ ল ক ন গ ল ক র ক ক র র ক ষ ত র
152131,startseq চ ক ত র গ ড ও স র গ ল এব ভ গ ল ভ গ ল ভ ন ন চ চ ত endseq
152132,startseq ন ন র র র র র র র র ন র র গ র র গ ত র গ ন র গ ছ ল ন endseq
152133,startseq খ ব র খ ওয় র জন য ব যবহ র কর র জন য খ ব র স ধ রণ স র ক ক endseq
152134,startseq অন য ন ত র র র র র র ত র র র র র ত র র ন ষ র এব ত র কর endseq
152135,startseq ব র র র র র র র ব চ র র ই ব শ ত ছ ল ৷ endseq
152136,startseq ত র র ব দ ব র র দ ব দ ব ত র দ ব র দ ব র দ ব র র র কর দ য় endseq
152137,startseq ভ ল ক ব ল endseq
152138,startseq ঢ ক র আবহ ওয় ক endseq
152139,startseq আম ম স স ম স ম ন ম স র র স ম র ত র ম ম ট র দ খ ন endseq
152140,startseq এখ ন ক ল ল ক র স ক ল ল র স ক ল ম ট র ক ল ম ট র প ওয য য endseq
152141,startseq এপ র ল র ম র র র ম ল র ম স র ম ল ম ল হয endseq
152142,startseq খ ল র গ ম র প রত ক ত ক ম র গ র ক ম র ক র প রত ক ত ত হয endseq
152143,startseq আম র কন ট য গ ট স রক ষণ কর ন endseq
152144,startseq এই দ শ র র গ র ম ম গ র ম ম গ র ম প র ম প র ম ত নদ ত হয য পড ৷
152145,startseq এই দ র র প র র র র র র র র প র ন এব ত র ন ন endseq
152146,startseq স স নদ র স থ ক য র স থ য র স থ স থ য য স র স থ ন য য endseq
152147,startseq এর মধ য ম ন ষ র র র র র র র র ণ র গ র প র ণ প র য য় ৷ endseq
152148,startseq যদ ও ব ক ত র র ক ক ক য নস র ক য নস র ক ত হল ও ও র র ও কর হয় ৷ endseq
152149,startseq অল আম র প প র খ ল ন এব আম ক একট গ ড ও endseq
152150,startseq ভ রত র ক ক ক ট ক ট ক ট ক ছ endseq
152151,startseq ব শ ক র ক ছ ক ছ অঞ চল ব শ এল ক য র ব শ এল ক র এল ক য অঞ চল র সবথ ক
152152,startseq যদ য মন র খব ন য য র র র র র র র র ন য র র র ল র র endseq
152153,startseq শহর র থ ক র র র র র র র র ন ন র র র ন র স থ ন গ ছ ল ন endseq
152154,startseq চ ল থ ক ব দ দ র র র দ র দ র দ র দ র অবস থ ত রয ছ ৷ endseq
152155,startseq অধ শ শ শ শ স স ল ত ত য ত য য় ত হয় endseq
152156,startseq ত দ র ন ম ন ন ন ও ন গ ন ম ন গ endseq
152157,startseq এট ভ ম ক ষ ত র হ ত দ র হ দয় র দ র দ র ম ন কর ছ endseq
152158,startseq শ বর থ ক শ র ষ র শ বর র শ র মন দ র র র মন দ র থ ক endseq
152159,startseq স র নদ র র র র ম ত য ত য ত য ত য ত য ত য ন ম গ য ন ন গ ছ endseq
152160,startseq ক ন র র র র র র র র প র ক র ক র ক এব প র র র র র র র ন ন endseq
152161,startseq এই ট ট ক গ র ক এব ক ন এব ব ক এব ব এব ক এব ব এব ক এব স ক ত endseq
152162,startseq আপন ক আম র ফ সব ক অ য ক উন ট অ য ক উন ট স প রত ক আপল ড করত প র ন endseq
152163,startseq দ র র র র র দ ধ র ত র ত র র ক ত ব র ত র র র র র র ত র ন endseq
152165,startseq ভ র র ন ন র একট ব য র র র র ব র র ব র র ব র র র ব র র কর endseq
152166,startseq শ র র ম র ম র ম ক ত র র ক র র র র ক ছ ক ন ত ক ন ন endseq
152167,startseq গ লমর চ র গ ছ র ছ ছ ছ ক ছ ক ছ গ ছ র মত বড গ ল র মত ৷ endseq
152168,startseq য ইহ ক শ ব দ শ য ন ক এব এব ব এব দ র দ য ত প র endseq
152170,startseq দ র দ র দ র র দ ব র র দ ব র র ছ ল ন য় ক র র র র র র প রভ ব
152171,startseq দ দ দ দ ন র র র র র র র র র র র র র র র র endseq
152172,startseq আম র জন য জ জ গ গ ন ব জ ও endseq
152173,startseq পর ন ন ন ন ন ন ন ন ন র ব ক ন ন র র র র র র ব ন ন ম পর চ ত ছ
152174,startseq এখ ন হ ম লয র প র বত য ন র র র র র র র র র র ন দর র দ র আছ ৷ endseq
152175,startseq ন গ ল ন ক ন তর ষ ট র য ক ন ম র প রথম প ছ ছ ল endseq
152176,startseq শ ষ র চ ষ র চ ষ ত জলব য় র র র র ভরশ ল ন ন র ভরশ ল ৷ endseq
152177,startseq ক ল ম ন ক ক ক ক ক ক গ হ ড থ ক প হ ড গ হ ম ট র দ র অবস থ ত রয
152178,startseq ক য ল য র চ ত ত য ত ল ক ম ছ ন endseq
152179,startseq ন ন গ ছ র ক ছ ক ক ছ র ক ছ র উত তর প র ক র উত তর প র র endseq
152180,startseq r and b endseq
152181,startseq ত ন বছর র বছর র বছর র বছর র বছর র ন র বছর র ব র র র র র র র ন কর ছ ল ন
152182,startseq এত ক ষ ট কর খ খ খ খ endseq
152183,startseq ক ন গ ন ন ন endseq
152184,startseq আম র ক ছ ক ছ অবস থ ত endseq
152185,startseq আম ক ছ classical গ ত র mood ত র ত endseq
152186,startseq ব শ ত র দ ক ম ত র দ র ক ম ত র দ র থ ক ব শ ব শ থ ক endseq
152187,startseq র গল প র শ র আগ ন আগ র র র আগ র ক ন গ ল ন ৷ endseq
152188,startseq ম ম হল হল র র র র র র য ন ন ন ন ন ন ন ন ন ন ন ন ন ন ন endseq
152189,startseq নর মদ নদ র র য ন র র র ক ল ম ট র দ র ঘ ট জলপ রপ ত endseq
152190,startseq ম ম ম র ম ম ম ত র ব জ র র র র র র র র র র র ল ন endseq
152191,startseq প ল ট ল হল হ ড ল ড ল গ ল র ম র র র র র র র র ড র endseq
152192,startseq আপন ব র র র ব ব র র র ব ব যবহ র কর র জন য আপন র ব ব র র র য য কর ন
152193,startseq গ র র গ র গ র গ র র গ র ম র গ র ম র গ য গ য ন ন পর যটকদ র ন ন
152194,startseq শর র র ন ন ন ন ন র শর র র র র র র র র র র র র র র কর endseq
152195,startseq ম ম র র র র র র র পর যটকদ র পর যটকদ র পর যটকদ র পর যটকদ র পর যটকদ র স থ স থ য
152196,startseq ভ রত র ভ রত র ন শ ন ন ন এব শ র র র শ র র র ন র র র ন endseq
152197,startseq গ ন গ নগ ল ব জ ন endseq
152198,startseq স ন ন ছ ল থ ক প র ক ত সম প র ণ সম দ রতল থ ক ম ট র উচ চত য অবস থ ত
152199,startseq যদ আপন র ক য ব র ক ব য ক ত হল আপন র ওজন র র র র ওজন কম কর দ ব endseq
152200,startseq কয় ক বছর আগ র ক ছ ল ন ক ছ ন য় ছ ন য় ছ ক ছ ক ছ ক ছ ন য় ছ ল ন endseq
152201,startseq অন য র প প ত প প ত প ল র র র র কর হয় ৷ endseq
152202,startseq এট ভ ভ ল ট ট ক ত endseq
152203,startseq এই র ন র র একট র য য এব একট র র র র র র র একট র র র র র endseq
152204,startseq এ ছ ড ও প য য় র প প র প প রভ ব প রভ ব পড ৷ endseq
152205,startseq স ব ব র দলট দলট দলট র ক র ক ন ক জ ন র ক জ ন ন ব জ ন ন endseq
152206,startseq ঢ ক র র ন ম র কত বড endseq
152207,startseq অন ক স থ ক ন ত ত র পর চ ত র স ভ র ভ রত র স ন ভ ম র ভ ম ক ত কর
152208,startseq ব ট ট প র প র ম ম ম ল য ন ম ম ল য ন ম ম ল য ন র ম র য endseq
152209,startseq হ য য আপন আপন আপন ক ন থ ক ন ন ক ন ন ত ক ন ত ব স থ থ ক আস ন endseq
152210,startseq ক ন র র র ম র র ম র ম র র ম র র ম র মন দ র ব ন ন ম ন মন কর হয
152211,startseq য র ক র ক র র য ন য স র য র র র র র র খ ব র খ ওয় উচ ত ৷ endseq
152212,startseq এট ন ন ন এট ক ন এট ন ৷ endseq
152213,startseq প র দ ন র প রত য ভ রত য ভ রত য ভ রত য অভ ন ত য অভ ন ত র অভ নয endseq
152215,startseq ব শ তব হ ত য একট প র য র প র য য endseq
152216,startseq ত র অভ জ ঞত র র র র র র কর র একট কর র একট স র র র র র থ ক endseq
152217,startseq দ ব ত য ত ত র ত ত কর হয ছ ল ন ত ত ত ত ত ত ত ত ত ত ক থ ক ব শ
152218,startseq ব শ ব শ ব ব শ ব জ ন য নত ন শ নত ন নত ন ব শ ব শ ব ব ব ব ব ব আছ
152219,startseq যদ স ম র য ত ম র ত হল ম ন ত হল স ন দর য য ত হল ত র র সহজ endseq
152220,startseq ব ব স ম ন স ব স ব ব ব প র ট ইট স ব ট ইট স ব ব যবহ র কর ন endseq
152221,startseq প র ন দ র র র ন র র র শ র র র র র র র র র র র র র র র র র
152223,startseq ক দ র র র র র র র র র র র র র র র র র র র র র র প রয় জন endseq
152224,startseq স র র র ক ছ আল দ ক পর ক র পর ক র পর ম ণ র ক ক র র র খ ন ৷ endseq
152225,startseq এট ল ট ল ট প ট ব ওয় উচ ত ৷ endseq
152226,startseq ব য থ র ফল র র র আশঙ ক হত প র ৷ endseq
152227,startseq এই জ য র মধ য ভ রত র জ য র জ য র জ ল র জ ল র অবস থ ত endseq
152228,startseq র গ র ত ত ত ত ত হয় য য় আর ব র র র র র র র র র র র র র র র উপর
152229,startseq এছ ড ও ঝ ড আর ক ছ ছ ছ ছ ছ ছ ছ ট নদ এব ম নদ র ত নদ ত রয ছ endseq
152230,startseq প রথম ত র প রথম স ক ত ত র ত র ত ন ত র ত র ন ত র ত ন ত প র endseq
152231,startseq ব ড় ত একট স ব একট ব স থ ন য ত ব স থ ন য ব শ ব র ভ ল প প র endseq
152232,startseq প রসব র ক ছ ক ত র র র র র র র র র র ক ক র র র ক ক ক কম ক কম endseq
152233,startseq ন ন ন র র র র র কর ন ন ন endseq
152234,startseq আপন র ম থ ক র র র ত আপন র র য আপন র র য আপন র খ ব র য আপন র খ ব র প
152235,startseq র গ র র গ র ব র র র র র র র স স স স স এব স বন ধ endseq
152236,startseq ত র গ ছ র গ ছ থ ক এব গ ছপ ল গ ছ ক ন গ ছ ক ন এব ক ক ন endseq
152237,startseq স ব র র ষ ট র য উদ য ন থ ক ন কটতম শহর থ ক ল ম ট র দ র অবস থ ত endseq
152238,startseq প জ র র র র র র য য য র ল য এখ ন ল ল ল স ন দর য ল র স ন দর য
152239,startseq আম র স ম র র সম পর ক আম ক বল ন endseq
152240,startseq ক ন ত ক র র র ক ন ন য য র ন ন ন য ছ ল ন ন ন ছ ল ন endseq
152241,startseq ম ম বই ম বই র ত য ক স স থ ব ও ব য য ৷ endseq
152242,startseq স র যনমস ক র ন র র র র র র র র র র র র র র র র র র র র endseq
152243,startseq একজন র র র র র র র র র র র র র র র র র র র র র র র র র র রয় জন
152244,startseq আম র ক য ল ন ড র সবক ছ সবক ছ ত ম ছ ফ ল ন endseq
152245,startseq ব বরমন র র র ব র র র র র ব র র র র ব র র র র র র র দ ওয় হয় ছ endseq
152246,startseq পশ চ ম দ ট র থ ক ব শ ল প র চ ন থ ক প র ন ত ক ল থ ত endseq
152247,startseq দ র য় ত র য় র য় ত র য় র র ত র য় র র র র র র ব র য় ন য় endseq
152248,startseq শহরট ত র র র র র এব ছ ল র র র ত র জন য ব খ য ত endseq
152250,startseq জ ন ন ন র খ ন ন ত র খ ন ন র র র র খ র মত বল বল হয় endseq
152251,startseq এই কথ আম আম দ র র মন দ র endseq
152252,startseq স ত র ত র অন ক ক ক ক ত ক ক ক র র ক র র র ক রণ হয় endseq
152253,startseq গ ড র জ ট পর যন ত ম ট পর যন ত ত র পর ক ষ কর র জন য endseq
152254,startseq ব র ন ন ন ক ছ ট র য ল ক ছ ট র য ল পর যটক র পর যটক র ন ম ন করত প র
152255,startseq অধ ক শ রভ গ ন র র র র র র র র র গ ল গ ন য় endseq
152256,startseq ঢ ক র র বর তন কর ন endseq
152257,startseq এছ ড ও প র ও প র ড আর প র য য য য এখ ন প রত য ক ত হ য য য endseq
152258,startseq তব এট প হ ড র জ র হ জ র হ জ র র হ জ ল র স থ ত থ ন endseq
152259,startseq আম র স স র র র পর র ত ত র ত র ত র দরক র endseq
152260,startseq ম ন ন র র অ য ল র ম র কর ন endseq
152261,startseq ত বছর ত র র র ত র র স স র র ত র র স স র চ ক ত র কর endseq
152262,startseq এই সময গরম জল গরম য গরম জল র য য ত প র endseq
152263,startseq স ল র ল র ন জ র ন শ ক র ন ত র র ত র প ত র কর ছ ছ ল ৷ endseq
152264,startseq যখন আপন ক করব ন ন ত ল ন ত আপন ন অবশ যই করব ন ন endseq
152265,startseq এদ র ভ ট র স স র স র স র ক র স স ক র ক ম র ক র র শ র করত শ র
152266,startseq র জ র র র ক র ক ন এব ক ল ম র র র ম এব ম ল র ন ন endseq
152267,startseq হ ট ট ইট স স স ইট স স স স ক ত স র স ক রমণ স স স ক রমন endseq
152268,startseq উত তর ভ রত য় গ র ম ম গ র ত র ত র থ ন endseq
152269,startseq দ শ র র ন য মহ ন মহ ন মন দ র র ন য ন য ন ন স ন দর য র প দ য য
152270,startseq অ য ল র ম endseq
152271,startseq ভ রত র স ন ন র র র র ব শ ব শ ব শ র র র র র র র র র ন ন endseq
152272,startseq ট ট ট ট ক ট ট ক ট ক ট র ক র র ক র র ট র endseq
152273,startseq ক র আবহ ওয র চ র জ জ ল র চ ই endseq
152274,startseq ভ ন ন র র ম র জল র র জল র র জল র র জল র র শ র কর ৷ endseq
152275,startseq এট ঠ ক র ক ক ক ক ত ক ত ক ত ক ত ক ত স থ র গ র ক ত ক গ endseq
152276,startseq যদ ন ক র ব ব ব ব ব ব র দ ব ত ব ত ত ত র ত ব ত ব ত endseq
152277,startseq স ট ল ব ল য ন য ন য ন য য ন য ন য ন য ন র গ ন র ন ন endseq
152278,startseq ব য র র র য র য র ম ন য দ র ম ন য র স র ন র র ন ন ন ন ন ন
152279,startseq য র র র থ ক ব শ র র র র র র র র র র র র র র আনন দ উপভ গ করত প র
152280,startseq পন র ত ত ক মধ য ক ছ endseq
152281,startseq ক র থ ক ক ক য ক ম য র ৫৮০ ক ল ম ট র দ র অবস থ ত রয ছ endseq
152282,startseq স ব ন র র ক ন র র র ব ন র ব শ ব স ন ন ত র র ন ত র গ কর ন ন
152283,startseq ব ন ক ছ ড ন ব ন ন ক ন ব ন ন ন ন ৷ endseq
152284,startseq আম র প র ন র গ ন ত ল ক য ল ল স ট র গ ল ম ছ দ ন endseq
152285,startseq পন ড ত র ভ ত স ই প ত র প ন র ক ষ কর ছ ল ন ৷ endseq
152286,startseq গ র ন ন ন ন ন ন এব ক ন ন য ন ন এব ক ন এব ক ন ন এব ন চ ন ত কর ছ
152287,startseq ত ত ক ষ ত ক ষ ত ক ষ ত কর হয ছ ল ন এব ত র র র র দ র দ ত ত দ ত
152288,startseq যদ র র র ন ক ক ন ম ক ক ছ ক ন ম ক র ন ক ক ন র ক ক এব ক ন কর ন
152289,startseq শ চ র সরক র ক য ন য সরক র ক ন কর ছ ল ন endseq
152290,startseq পর ম ণ এব প র ম ন য দ র জন য দ র দ র র জন য প ষ ট কর ন endseq
152291,startseq ক ন র র র ন ন র র ন ন ন র র ন ন ন ল ন ন ন ন ন endseq
152292,startseq আম এন নম বর এ অ য ক উন ট উন ট স এর জন য আম সবইয় র ব সবইয় প সবইয় চ ই endseq
152293,startseq এই রকম র গ র ক ক র ক র ক র ল ক র র র র র ব র ক র ক রণ হত প র endseq
152294,startseq ন জ র গ র ক র র র র র র ন ত ক ন ত ক স ন ত ক ষ ত র endseq
152296,startseq ব শ ব দ ব ত য় প র য় ব শ রভ গ ব শ রভ গ কম প র চ ন ন ন ট র কম কর
152297,startseq ক ন হল ন র ব ব স ন দর ৷ endseq
152298,startseq আম র গরম গরম কর দরক র endseq
152299,startseq ক র ক ত ক ন ত র ত ব স ন ন ত ব ব ন ন ত ব চ চ র দ ক ন কর ন endseq
152300,startseq আম ক সক ল ক ন ন ন আম র ক ন ন করত চ ই endseq
152301,startseq দ ল ল ল ল ল ল ল ল ল ল ল ল ল ল ল ল র র ল ল ক র র র ম ন ন ম
152302,startseq খ ব ব খ ব খ এব খ ব র ভ ল ক ব র আছ ৷ endseq
152303,startseq ন ন ন র ন ন র ম র র ন র ম র ন র ন ন র র ন ন ন ন ন ন ন ন ন
152304,startseq স ল স ব স থ য স ত র endseq
152305,startseq ত ন ক র অন ক সদস য র প র র র র র র র সদস য র র সদস য endseq
152306,startseq যদ ব র প র ন য ত ক ছ ক ছ ক ছ ক ত ড ত ড ত র ন ন endseq
152307,startseq চ ক ত ল ক র পর ম ণ জল যখন তখন ত রপর তখন তখন ক ল ল ক ক বল হয় ৷ endseq
152308,startseq র দ র র র র এব প র ক ষ ক র ক ষ ত র র য র প র য য প র য য endseq
152309,startseq এ ছ ড ক র র খ ওয় র ফল খ র র র র খ র ফল খ র র র র খ ওয় উচ ত ৷ endseq
152310,startseq ব দ ব ত র র ব ত ব র ত ত র র র গ ছ র গ ছ র গ ছ ৷ endseq
152311,startseq ব শ ল প শ ব শ র প র শ র র ক র র র র য র র র য র র ন য য endseq
152312,startseq র জ য র র ট ট র জ য র র ট ট র র র র র র র র র আইনগত রয ছ endseq
152313,startseq এট বল হয় য ক ক ক ক ক ক ক ক ক ক ক ক ক ক ক ক ক র র র র endseq
152314,startseq মন দ র ন ম ন ন ম র ন ন ন ম র ন ন ন গ ন র ম ন ন ন ন endseq
152315,startseq প র ক ক ক ষ ক ষ ত ক ষ প ঠ ত হয endseq
152316,startseq স ন র দ ধ হয় ছ endseq
152317,startseq ক ন ন ন ন ন ন ন ন ন ন ন ন ন ন ন ন ন ন ন ন ন ন ন endseq
152319,startseq ছ ট ক ক ক র র ক ক ক ক ক ক শ শ কর endseq
152320,startseq ব শ ট গ ল র ব শ ল গ র চ র ব ব ড য য় ৷ endseq
152321,startseq ন ন ন ন ন ন ন ন ন ক ন র র র ক ত ক ত কর endseq
152322,startseq উদ হরণস বর প ক ক ক ক ক ক ক ক ক ক ক ক ক ক ক ক ক ক ক র ক ত কর ন endseq
152323,startseq ১৯৩৬ স ল ন ন দ দ য গ কর endseq
152324,startseq স ধ রণ র স য র র মত অন য য র ম র য র র র র র র র র র endseq
152325,startseq ক ল ক ল হল হল প রধ ন হল ন ন ন র শ ল ন ন ন ন ন একট একট ন ন ন ম ত আছ
152326,startseq ম র র ত র র ম র র র র ম র ত র ছ ল ন ত র র র ত র ছ ল endseq
152327,startseq হ ন দ র গ ছ ন ন য গ ছ ন ন ও ন ন ন র র ন ন র র ত র ত র র ন
152328,startseq আম পর যন ত জ ন ন জ ন ন আপন ক জ ন ন ন ন endseq
152329,startseq শ ধ ম প র প র র প র র র প র র ক র প র র থ ক প র থ ক হয হয endseq
152330,startseq ক ন ত ওখ ন সত য ব শ র ক ক ক ক ন ক ক র র ক র ক র র ক র ক endseq
152331,startseq জ ন র র র র ন ম র ন ন ন ন ন ন ন ন ন ন ন ন ন ন ন ন ন endseq
152332,startseq ক ষ ক ষ র ক ন এব ন ক র ন য় ন র ন য় ন ন ন ন ন ন ন ন endseq
152333,startseq ব শ ব র র ত র র গ র র গ র ক ত ক গ র র ব ক জ ন য় ব ক জ ন য়
152334,startseq শহর র প র য উদ য ন র ম নবন দর হল তড ব ম নবন দর থ ক ম ট র দ র অবস থ ত রয
152335,startseq যদ ও শর র র ক ক অ শ ক ক র অ শ ক ন ত ক ত ক ট ক ছ ক ছ ক ছ ব শ
152336,startseq যদ ত র বল হয় য য় আর আম দ র বল হয় য য় ত র বল হয় endseq
152338,startseq ক ভ ব স য ন য ক স ক র ন ন ন করব ন endseq
152339,startseq আগ ম ক ল ত নট র ত নট র অ য পয ন টম ন ট র ম ছ ফ ল ন endseq
152340,startseq এমনক ব স র র র র ন র র ন ত র ন য য র র র র র প র ন ত কর দ ওয হয
152342,startseq গ ন গ গ ন আম র মত মত স রক ষণ কর ন endseq
152343,startseq ঠ ন ড র সময় এই র গ হয় হয় ৷ endseq
152344,startseq ক ন ত এই এল ক য এই অঞ চল র পর দ দ খ য য ৷ endseq
152345,startseq এই র র র র র ব শ ব শ র র ব শ র র র র র র র র র র ক ছ ক ন ন
152346,startseq ন ন ম র ক ন ন ন ন ন ন ন ন ম ন ন ন ম ন ন ন ন ত য দ দ য ছ endseq
152347,startseq এই ব ব ব র র র আম র র র ন য ত হল আম দ র ক নও ব য ক নও ব য ন ন endseq
152348,startseq স ক র র ন ন য বল ছ ল ন য র র র ব শ স ব স থ য য় ৷ endseq
152349,startseq বর ষ র সময় সময় র সময় র সময় প হয় ৷ endseq
152350,startseq এক বছর র এক বছর র ত নট ত ন ত হব endseq
152351,startseq এখ ন একট নত ন ইম ল প ঠ ন য ত হল ক য ক ট ক য ত ত র ক য গ য গ কর ন
152352,startseq ক র থ ক র র র র র র র র র র র র র জ ত গ রহণ করত endseq
152353,startseq সমস ত ক ল ল ল এব দ ম ল য ক কর ন endseq
152354,startseq চ খ চ চ র চ র র র র চ র র র হয় ৷ endseq
152355,startseq স খ ন র র র ন ন ন র র র ন ন ধরণ র সমস য র কর হচ ছ ৷ endseq
152356,startseq এখ ন খ দ খ র খ ব র ক ন র ক র ক র ক র র ক ত endseq
152357,startseq একট ক য ক স ড কর ন endseq
152358,startseq এর থ ক একট স ন দর য য র ম ঝ ম ঝ ম ঝ ম ঝ ম র র র র র র র র র র
152359,startseq ত ন চ ন ত ন ত ন ত ন ন ন ন ন ন ন ন ন ন ন ন ন ন ন ন endseq
152360,startseq সম প র শ শত শ ক ষ ত র র র র র র র র র র হ ম র র ক ও ক র কর হয়
152361,startseq আপন র র র র য ল এব র র র র র র র র র র র র র র ট কর ন ন ন ন ন
152362,startseq ম খ ম খ ব র ক ক ম ম ব ক অথব ক র ম ঝ ম র গ ন হয় ৷ endseq
152363,startseq প র র র জ র প র র প ও প শ র গ ও হয় য য় ৷ endseq
152364,startseq ক ন ন ম ত ত ম ম ত ত ম র ত ত ম র ত র স ন দর য র র র মন দ র আছ
152365,startseq স র র র র র র র ক ছ ল ন ত র র র স ক ত র র ছ ল ন endseq
152366,startseq প ট র র ন য র ক ছ ব ব স ন দর ব ক র র ব শ র ব র ব শ র ন endseq
152367,startseq ক ন গ ন র গ গ ন গ ন গ গ গ গ গ ন গ ন গ ন র গ ন র ম ত ছ ল ন
152368,startseq ত র র র অন য র র র র র র র র ন ন র গ র র র র ন ত কর ত কর ন endseq
152369,startseq ম ম ক র ক ক ক ন ন র র ক ন ন র র ক ন দ র আছ endseq
152370,startseq ক র ল র র র র র র র র র র র র র র র র র র র র র ত কর endseq
152371,startseq একব র আপন দ র প র দ র ত হ ত প র ন য় ত ক স ন ন ক ক ক ন ত প র ন
152372,startseq বর বর র র র ত পম ত র ক ত পম ত র র ত পম ত র র র র থ ক ৷ endseq
152373,startseq চ ক ৎস র ব চ চ র ক ব চ চ র জন য বয়স ব শ বয়স ব শ বয়স ব শ বছর বয়স ব শ র
152374,startseq ফ ইব র র ট র হল স ট র র এব ত র র র র র র র ট র ক র র ক endseq
152375,startseq গ হ য গ হ গ হ গ হ গ হ গ হ গ হ হ গ হ হ হ গ হ হ গ হ হ গ হ হ
152376,startseq এই র ষ ট র য উদ য ন র মধ য প র য ম ম ম ম ম endseq
152377,startseq শ র র আগ র আগ র ব র স থ ব র ব র ব স স ব ক ব স থ র স থ প ত হয
152378,startseq এয রট ল ল ল ন এ নত ন প ল র র র র চ য ন ল ক কর ন endseq
152379,startseq স ধ রণত এই স ষ ট র গ র র ক র গ র র র র র র র জন য প ওয় য য় endseq
152380,startseq এইভ ব ব পর ব শ ব র সমস য সমস য ৷ endseq
152381,startseq ক ন ও ম ও ম ও ত ও ম ত র র র কম কর র ত র কম কর ৷ endseq
152382,startseq স স ল ত র গ গ র ম ত স থ স থ স থ স থ বল হয় ৷ endseq
152384,startseq যদ আপন ক ন ন ক ক ন এমন অবস থ য় ক ন ত ড ক ট ন ন ন ন ন ন ন endseq
152385,startseq ক ন ত এই ক রণ র জ র র র জ র র জ র র জ র ক জ র গ র ক জ কর endseq
152386,startseq ব ন ব গ ন ন গ ন ন ন ন ন ন ন র ম র ব র নবন দর আছ endseq
152387,startseq ত র আম দ র আম দ র ক ছ একট অ শ অ শ অ শ endseq
152388,startseq র গ র ক ছ ক ত ক প র র র র প র র র র র র র র র র endseq
152389,startseq এই ম স ন ম স স ল স টক ম ল য আম র ম জ ন ন ন endseq
152390,startseq ন ন জ র ক ন থ ক ব চ ন ত র ত র ন য ত র র ন য ত র র য য ত প
152391,startseq ব শ র র র র ক ছ ক ক ক কম প র কম ক কম কম কম কম ছ ছ endseq
152392,startseq আপন র আপন র র জ র স থ ন র কর র জন য ন র র র র খ ন endseq
152393,startseq শ ষ কর হয ছ ল এব এব চ র র র চ ত র চ ত স ত endseq
152394,startseq ব যক ত ব যক ত ব ব য য endseq
152395,startseq ক ন চ র শ শ র র চ চ র গ ড গ ল র শ য় ব র খ ব র য় ৷ endseq
152396,startseq এই অবস থ য় ব ল ল র চ চ র ল ল র র র র র র য় র ল র য় endseq
152397,startseq আপন ক আম র ব স ল ব য ঙ ক ব য ঙ ক ল ব ল ব ল য স চ ক ত প র ন endseq
152398,startseq ট ক s t ত এফ এম ট ন endseq
152399,startseq ন চ র র র র র র র ব র ব র ব র ব র ব র র স র স র স র য য ন
152400,startseq স ড প র জন য প রত য অন য ল ন ড র র জন য ল ন ড র অন স ম য গ কর ন
152401,startseq ক ল র ত র র য য র র আগ ম ল য দ খ ল য য ল ন ল ল র দ য য য ন
152402,startseq ক ষ র ফল উত প দন উত প দন উত প দন হয় ৷ endseq
152403,startseq ন ন মন দ র হল গ র ত বপ র ণ তথ য গ র ত বপ র ণ তথ য র র জন য জনপ র য
152404,startseq দ শ দ র সঙ গ ত ব জ ন endseq
152405,startseq দ ব ত য যদ আপন র ব য থ য ত হল ত হল আপন র ন য ন ৷ endseq
152406,startseq আম ক র ন র র র ন ন ন ন য য য endseq
152407,startseq ন য়ম ত র ন ন ন ল ন ত ল ন ত ল ক র ন ন ত হল ত ল গ ন ন endseq
152408,startseq ম য র র য স য স য য য দ দ দ ট প প র দ ট ছ ল endseq
152409,startseq এট একট ক ন ম ন য ম ন য ম ন য ম ক য ম ন য আপন ক ম প রত ক প করত প র
152410,startseq ম র ক র ক ক র র র র র হ র র র হ র র র হ র র এব এব ন র র র endseq
152411,startseq ত র র ক ক ন ন র র ক ন র র ক র ন র সময এখ ন থ ক আস এখ ন আস ন ৷ endseq
152412,startseq এছ ড ও প ল ড ও ব শ র র র স ন দর ন ন ন ন ন ন endseq
152413,startseq ন ন ল ল র ব জ র র চ ত র শ ল ছ ল endseq
152414,startseq আসল এই র গ র ক ন ন য য ন হয় য য় ন ক ন ন ন ন ন ন endseq
152415,startseq ক ন র র র র র র র র র র র র র র র র র র র থ ক ৷ endseq
152416,startseq ব ন ন নত ন ক র নত ন ব ব ব ব ব ন ন ছ ছ endseq
152417,startseq গ ছ র প র র র র র র র র র র হয় ওঠ ন endseq
152418,startseq গ ছপ ল নদ র নদ র নদ র নদ র ত নদ র এব প র বত নদ র থ ক প র পর বতম ল endseq
152419,startseq এই ভ গ গ ম ট ম ট র ট র য য র র য য endseq
152420,startseq এই ওষ ধ দ ওয় র ত র র খ ওয় উচ ত ত র র র র র র র র র র র র র র কর
152421,startseq গ ল র পর বছর র ক র র র র র ক র কর endseq
152422,startseq গ হ ড ল গ ছ র প ত র ছ ছ ছ ল ক ছ ক ছ ক ছ ক ছ ক র র ক ছ ক ন
152423,startseq ব ব র র র ব র র ফসল র ব শ র র ব শ র র র র র র র প রয় ছ endseq
152424,startseq পশ চ ম র মধ য ব শ য ব দ ধ এল ক য য় এল ক য় এল ক য় endseq
152425,startseq ম ট র র ক ট র র র র ম ট র র ম ট র ট র endseq
152426,startseq ন ন র গ র ন ন ন য ন ত র ন ন ত র ত র র ব র য় endseq
152427,startseq ক ন গ ল ন ন ন ন গ ছ ন ন ন ন ন ন ন ন ন গ ছ ন endseq
152428,startseq আগ ম ক ল সক ল আটট য় আম ক সক ল ছট য় আম ক ল র ম দ ও endseq
152429,startseq এই অঞ চলট ব শ র র র র র র র র র র র র শ র ছ ল endseq
152430,startseq আম র র বট ভ য ক য ম ক ল ন ম র শ র কর ন endseq
152431,startseq প র প র য র প র র র র র প র র র র র র র র র র endseq
152432,startseq আম দ র প থ ক আম দ র পর ক র দ দ র endseq
152433,startseq ক ন ন ন য় পড ন য় দ য় দ ট র দ দ ট র দ দ দ দ দ য় দ খ য য় endseq
152434,startseq ব ব ব ব ব ব ব ব ব ত ত ব ব ব র ত র খ ব র ত র খ ন ন ন ন ন endseq
152435,startseq একট ভ ন ভ রত য র ভ রত য র ভ রত য ক ত ক স ক ত র র র র র র র endseq
152436,startseq র র র র ম ক র ক ক ষ ক র ক ষ ক র ক ষ ক র র ক ষ কর ন endseq
152437,startseq এর পর ষ ব র পর পর ক ষ কর র পর ক ষ কর র শ ষ ক শ ষ কর শ কর কর শ কর কর endseq
152438,startseq এই ক ষ ত এই ক ট র ট র ফ ট র ফ ট র ফ ট র ফ ট অবধ অবধ যন ত প ওয য য
152439,startseq আম দ র গ ন র গ ছ র ক ছ ম ল য র খ ল য ল ম ছ ল endseq
152440,startseq স ন স র স থ ন য র র র র র র র স থ স থ য র র র ত র ত র হচ ছ
152442,startseq যখন দ র র গ র র হয় যখন ব শ দ ওয় হয় ত হল ত র র হয় য য় তখন ত র হয় য য় endseq
152443,startseq ত র গ ন ন গ র ন ন ন গ র ন ন ন গ ন ন ন ন ন ন ন ন গ ন ন ন ন
152445,startseq জ ন র র র ন ন এব ন র ন ন র ন ন ন ন ন ন ন দ র ন ন ন endseq
152446,startseq এই ক ল ম ট র ক ম ম ঝ ল হল ঝ ল ঝ ল হল এই ঝ ল র র ম র দর য মন মন দ
152447,startseq ঘড র জন য দশম নভ ম বর এর অ য ল র ম স ট কর ন endseq
152448,startseq স থ স ই প র র র র র র র র র র র র র র র য ন ন য ত প র ন endseq
152449,startseq আপন র শ শ র র ক ন ত হয় যখন ব ড় ন ক ন ন ক ট র ন ক ন ন ক ন ন endseq
152450,startseq ব ন র র ক ঘটছ endseq
152451,startseq আম ক ক আজক র জন য একট ছ ত ল গব endseq
152452,startseq স ব র ন ল এব শ র র র র র র র র চ ষ ক ষ কর হয় endseq
152453,startseq স র র পর পর ও ক র র র র র র র র র র র র জন য দরক র endseq
152454,startseq ন জ র ক ক ক ন য ন ন গ ল ন ন ন ত র গ ন ন ত র ক ষ কর কর ন endseq
152455,startseq এই ব শ র র র খ ব র খ র ফল আর সবজ র ফল আর ম ল আর ম থ ক ৷ endseq
152456,startseq র জ য র র ন ন য র র র র ত র স ত র স থ ন য দ ত রয ছ endseq
152457,startseq গ র র র র র দ র র র র র র র র র র র র র র র র র র র দ দ র
152458,startseq পর র দ ই জন য আম র ক য ল ন ড র ক ছ ক ছ ছ দ ন endseq
152459,startseq আম র পরবর ত অ য ল র ম স ক endseq
152460,startseq এট ক গ য র র গ য ক ন য র য য এট একট গ র র র ন র র কর ছ ল ন endseq
152461,startseq ন ন ন ন ন ন ন ন ন ন ন ন ন ত দ র ন ন ন র দ র র থ ক endseq
152462,startseq ন ন ন র ন ন ন ন ন ন ন ন ন ন ন ন ন ন র স ন র স ন স ন ন ন স
152463,startseq স রক ত ব রক ত হল এমন র গ র র রক ত র গ র ত র র হয় ৷ endseq
152464,startseq ভ রত সরক র র ত য র সরক র য র র য র র র য র র য দ য় endseq
152465,startseq ক ন র গ র ক ন র ক র ক ক র র ক র শ ক হয ৷ endseq
152466,startseq যদ আপন র জ ন র উপর ন র র ত র র ন ত র র ন র র সমস য র করত প য য endseq
152467,startseq ক ক র হল ভ রত র র র র র র র র র প র প র প র প রত ক প র endseq
152468,startseq ঘ ট র র র র ন ন য র র র র র র র র র র র র র র endseq
152469,startseq আম ক আজক র ত র খ বল ন endseq
152471,startseq এই অভ জ ঞত ক র ক ক ক ক ক র র র ক ক র র র র র র র র র ক ছ ন endseq
152472,startseq ম নস ক ত র র গ র ক ষত র গ র ত র গ র ক র র র ক ত স থ ধ হয় ৷ endseq
152473,startseq স ন ম স ন স ব ধ র ক ক ক র র র ক র ক র র র র র র র র ক র র
152474,startseq ত দ র ই র মত র জন য র জন য স বছর বছর ধর ম র বছর বছর বছর জন মগ রহণ কর ছ ল endseq
152475,startseq মন হয য প রত য র প রত য প রত য প রত য ক র র র র য প রত য গ ছ endseq
152476,startseq আম র এল ক য ঘটন ঘটছ endseq
152477,startseq প ঞ জ ব গ র র জধ ন ও গ র র জধ ন ও ব র য র র র র হ স ব দ ব র
152478,startseq এট স ল র ম র র ম র ম র র ম র র ম র র র র ম র ত প য ম প ত প
152479,startseq আম র এ প এ প এ প অ য ক উন ট প র বর বর তম ন নম বর এ আম দ খ ন endseq
152480,startseq ন জ র গ ন র র র র র র র র র ত র র ত র র র ত র র জন য কর endseq
152481,startseq মহ র র মন দ র র মন দ র র ক ল ম ট র দ র অবস থ ত endseq
152482,startseq জ য গ র প র চ ন ন ম গ ল গ ৷ endseq
152483,startseq ভ রত র শ শ র ষ র শ ল র স ন ন র ম ণ এব ব ন র র ন র বল endseq
152484,startseq অবস থ য় র র র র ত র র র র র এব রক ত ত শ র কর ৷ endseq
152485,startseq এট একট র ট র য য ট র র য য ট র র য ট র ট র য য র র র র য ন য
152487,startseq চ ল ত ল র র ল র য় ল ল র ত র ল ন ত র ত ক ন ত র র র ত র endseq
152488,startseq ত ন র র র র ন র র ন র র ন র ন র ম র ন র ন র ন ন ন ছ ল ন endseq
152489,startseq এই র য য র র য য এমন ট য য য য য য য য ত র ত র ব ন ত র র ণ কর
152490,startseq ত নট র কফ চ কফ চ ল কর ন endseq
152492,startseq যদ ত র ন ন ন জ র ন জ র র র র র র র র ন জ র দ ব র ন ন endseq
152493,startseq এব বল হয য ন প র শ র ক র শ র গ র ক ন গ র ক ন ন গ র ন ন endseq
152494,startseq ভ র গ র ল হল উত তরপ রদ শ র জ য র মধ য রদ শ র র র ত বপ র ণ র র ত র
152495,startseq ন ম ন ন ড ন endseq
152496,startseq এখ ন থ ন থ ক স থ ন য ন ম র র ক র ক র ম র র র অবস থ ত endseq
152497,startseq আপন র র র র র র ক ন ত র র ন ন জ র দ ন ন য ন ন endseq
152498,startseq প র এব ব ল ও প র র র র র র ন র ন র ন র ন ন ন ও ব ন ন ন ও করত
152499,startseq গ ড ট ট গ য ড ত র ত র ত ব য ন র ব যবহ র কর য ত প র ৷ endseq
152500,startseq ত ম ক প র ক ঋণ র প র করত আপন র ক ক করত করত প র ন endseq
152501,startseq ইন দ র র ইন দ র র জ র র জ ভ ম র জ ন র ব স ব আছ endseq
152502,startseq ন ন ন ত র র র র র র র র র র র র র র র র র র র র ত র র র র
152503,startseq প হ হ ল দ ব দ ক ন গ ন ম ব খ য ত endseq
152504,startseq ব র ট র দ র র র র র র র র ল ল র র ট ল র র ট ট ট ট কর ন কর ন
152505,startseq ম ট র ম ন র পর ম ন য় এব ত রপর আব র র ন র ম ন র ম স র ন ন endseq
152506,startseq প র র র র য য র র র য য মন দ র র মন দ র র মন দ র র মন দ র মন দ
152507,startseq ক ছ গ ন গ ন ব জ ন endseq
152508,startseq ত র দ র ম র ম র ম ত র ন ন ত র কর ন ত র ম ন কর ছ ল ন endseq
152509,startseq মন দ র র র র প র প র প র প র প রথম দ র র র র র র হল এই প র ণ আছ
152510,startseq আম দ র চ চ র চ ছ ল ব শ র ম ঝ ম ঝ ম ঝ ম ঝ ম ঝ ম ঝ ম এব শ ল ন
152511,startseq র জস থ ন র সবথ ক বড শহর র সবথ ক বড শহর হল প র endseq
152512,startseq হ ত ম ত ম র দ র ন ত ম র কর র ম ন কর এব ত র র স র স থ ন য য য
152513,startseq ট কর ম স অন স ম রক স ট কর ন endseq
152514,startseq এই স ব দ ব র ব যবস র ইত হ স র স র স র স র স ন দর য র র ন ৷ endseq
152515,startseq ছব ট স অফ স স স স স স স স ব ছ ল endseq
152516,startseq এর মধ য অন অন ক স র গ র ট র ৷ endseq
152517,startseq ওল ন পডক য স ট চ ল ন endseq
152518,startseq যদ ও ন জ র র র র র র র র র র র র র র র র র শ র কর ছ ল ন endseq
152519,startseq আম ক ব ক থ ক আম র ক র র র র র র র র র একট ক একট একট অন স ম রক প ঠ ন
152520,startseq অন ক ব শ ব দ ধ র র ব র র র ব যবহ র কর র সময় ব যবহ র কর ব যবহ র কর হয় ৷
152521,startseq ত র ক ক জ ল য র জন য ন ত হয ছ ল এব ২০১৬ স ল র জন য শ র ত ক ল ত কর
152522,startseq ম র ক ন ন ন ন র র র র র র র র র র র র র র endseq
152525,startseq স স থ পত য সমস ত স স থ ন র মধ য দ স থ পর যন ত স থ পর যন ত পর যন ত endseq
152526,startseq একট সক ল এক প রথম এক প র র ত র খ জ খ ন endseq
152527,startseq আপন ক আম র স স তট র জন য আম র অ য ল র ম স ট করত প র ন endseq
152528,startseq এর ক ষ কর ন য য য য ক ত ক র র ক ক র স থ ক য য endseq
152529,startseq য ন য ত য ত র ব ক ক ন ত য ত য ন য য ত য র র র ধ র ধ র ধ র
152530,startseq হল দ র র য প র র য প র র য য় ত য় ম ট ম ট র দ ধ র র র দ ন য
152531,startseq আম র প য ল ন ড র র ম য গ য গ ল প র ক ষ ত র বছর আগ ম ক ত প endseq
152532,startseq আম র কন ট য এই ট ইম ইম ল য গ কর ন endseq
152533,startseq স ই ক ল দ খ দ য য র র র ব র র ব র র ব র র ব র র ব র র কর endseq
152534,startseq শর র র র র র ক endseq
152535,startseq আম ক সক ল সক ল য় জ ল র জন য একট অ য ল র ম স ট কর ছ endseq
152536,startseq জম ম র ন জম ত স র জম ত স র র র অ শ স র ন র একট অ শ ছ ল endseq
152537,startseq এই সপ ত হ ন ত আবহ ওয ক মন হব endseq
152538,startseq ন র র ন ন ন ন ত ক ন ত র ন ত র ক ন ত র র র র র র র জন য উপয ক
152539,startseq ব ত র স ব ত ব জ ব ল জ ব ব র ব ব ব র ব ব ব শ র ব ব চ প র endseq
152540,startseq এট ক ষ ণ র ক ত ক র দ র বল ক endseq
152541,startseq আম এই গ ড র র র র র র র র র র র র র আম দ র ল ল র র শ র র endseq
152542,startseq ক ন প র ক ট প র র ক ছ ক ছ অবস থ ত অবস থ ত রয ছ endseq
152543,startseq ন গ র র র র র র র ন র শ র র ন র ন র র ন দর য র র শ র কর ন endseq
152545,startseq এট র জন য খ র র র র র র র র র র র র র ছ ল ৷ endseq
152546,startseq স স স স থ ঠ ন ড র ফল স দ ফল স ন য স ফল য স ন দর য য় ফল ফল ফল হয় য
152547,startseq আম র জন য ম র ত দ খ চ ক কর ন endseq
152549,startseq প র র র র র র র র র র র র র র র র র র ক ব চ চ র র চ র র করত
152550,startseq প র ক র প র প র ন ট ক র স ক র স ক র কর র ক র স ক ক ক ক ক য
152551,startseq আপন র ব যবস র কর র জন য ব যবস কর র অন য ন য র র র র র র র র সদস য ন endseq
152552,startseq ১৯শ শত ব দ র র র র র স ত র র র র শত ব দ শ র র শ র কর ন endseq
152553,startseq এই ল ল ল ল ল ব শ ব র সবথ ক বড সবথ ক বড ম র র স থ ন ডও বল হয ৷ endseq
152554,startseq দ ন দ ন ত ত র এব ত র র র র র র র র র র র র র র য ত ত ল গ কর
152555,startseq ব হস পত ব র ব ন ম ন ন র র ব র ব র ব র ব র ম ব ত ল কর ন endseq
152556,startseq দ র স র হল স ক ল র প র চ ন দ র প র চ ন দ র হ স ট শন endseq
152557,startseq উত তর র র র র র র র দ র র র দ র র দ ব র র র দ ব র র ত ত কর হয
152558,startseq ত র খ endseq
152559,startseq এগজ ত ত ত বক র স থ স থ ল হয় য য় ৷ endseq
152560,startseq ক র প র চ ন ক ছ ক ছ ক ছ ল ন ন র র র ন ন ন র র ন ন endseq
152561,startseq র জ য র র র র র র র র র র র র র র র র র র র র ন মকরণ কর হয ছ ল
152562,startseq ব ন ব ব ক অন ক প র প র র র র র র র র বল মন কর হয় endseq
152563,startseq একট ব শ ব স র র র ক র ব শ কর র সময় ক ত র র থ ক ব শ থ ক থ ক থ ক
152564,startseq স ই এট য এট হল য য র র র র র র র র র য য র র র র ন ন ন ন য য
152565,startseq এই গ ন ক থ ক ব ক র র ক ক ছ ন ন থ ক ব শ র র থ ক ব শ র র র স
152566,startseq ভ র ভ গ র পর যটন স ত র র জন য পর যটন স থ ন র জন য প র ন র জন য ছ ল
152567,startseq এত ক ষ ক শ ক ষ ক র ন ন ন ৷ endseq
152568,startseq প ক র র র র র র প র র র প রক র র ক ষ ক ন ন ন ন ন ন য় ন ন endseq
152569,startseq আর আপন গ ন ভ ল ব ন য করব ন ৷ endseq
152570,startseq য ক ন য য গ য স থ ন য য য একট ন শ ন ত হল ন endseq
152571,startseq জ ল র দ র থ ক ম দ র মধ য হল খ য র র ব শ রভ গ ল দ খ য ত endseq
152572,startseq জয়প র র র র র র র র র র র র র র র র র র র র র ক র র র র ন র
152573,startseq আপন ক আম র অবস থ ন র বর তম ন অবস থ ত র অবস থ ত প র endseq
152574,startseq এট ব সরক র র র র র র র র র র র র র র র র র র কর ছ ছ ন endseq
152576,startseq হ ট ট হ দয় র প র ড র র র কর ন endseq
152577,startseq ক ষ ক ষ ক ন ন ন ন ন ন গ ল ন ন ন ন ন ন ন ন ন ন ন ন endseq
152578,startseq এর ফল ন ন ন র র র র ক র র ক ক ক র র ক র র ক র র র র র ক ক ৷
152580,startseq এখ ন অন ক শ ল ও ক ন স ল এব স ন র ল ল ত আয জন কর হয endseq
152581,startseq গম ভ ব শ শ ল ই খ ল শ খ ল ক শ র ল হয় endseq
152583,startseq প র ব থ ক প র ক ল ম ট র দ র অবস থ ত রয ছ ৷ endseq
152584,startseq ক ন ম র ন ন র ন ন য ন ন গ ছ ন ন ন ন ক ন ন ন এব ন র ন ন ন ন
152585,startseq প প য প র প র প র প র ড র স শ ষ ট শন স ল endseq
152586,startseq প র র র ড ড র র ড র ড র ড র ড খ দ য র য খ দ য য খ বই প ওয় য
152587,startseq ত ন একট ছ ট ছ ল ন এব একট ছ ট ছ ট ব দ য ছ ছ ন endseq
152589,startseq ক ন চ ন ন জ ন স ব স য ন র স ব প ব র স ব প র ত র ব ব ত কর endseq
152590,startseq গ র ম গ ল র ম র ত র ত লস য় য লস য় ম য় র ড গ ড র ড গ র ড গ য়
152591,startseq ব ধব র সক ল সক ল আটট র ব ধব র স ব র র র র র র র র র র আম ক মন কর য
152592,startseq এক ধরণ র র খ ব র কর ন endseq
152593,startseq এই ব ব র র র র র ক র র র র র র র র র র র র র খ ব র কর ৷ endseq
152594,startseq ক য ন র র র কর ন এব এব র র র র র কর ন কর ন endseq
152595,startseq ন ন গ ন ন ন ন ন ন ন ন ন ন ন ন ন ন ন ন ন ত ন গ ন গ ন endseq
152596,startseq আপন র বছর বছর র পর র র র পর আপন র প র র র র র র র বছর র প প র endseq
152597,startseq ড ল ম ন র গ ল ক র ফল জ ন জ থ ক প র ব র প র ড ব ড ব য য় ৷ endseq
152598,startseq ম র র র ন র য উদ য ন র র য উদ য ন র র র র র র জন য ত ছ ল endseq
152599,startseq প ট ম ন এ ম ন স ট ম ন ও প ত ত ম ল প ওয় য য় ৷ endseq
152600,startseq দ ট র স ধ রণ স ধ রণ ম ন ষ র ক ত র ন ম গ র গ ন এব গ য গ কর ছ endseq
152601,startseq ত র ত ত র অন ক ক ছ য য য য য য য য প র জন য উপ ধ endseq
152602,startseq প র র ন ন ত ত ত ত হয় য য় ত ত ত ত ত ম ত র ম ত র ম ত র endseq
152603,startseq ন ন গ র ম ট র দ দ র র র র গ র ত বপ র ণ ক ক ক ন দ র endseq
152604,startseq যদ র জ র ক ত র সঙ গ ত র সঙ গ ত র সঙ গ ত র সঙ গ ত র স ন ত ন ত ন
152605,startseq স থ র গ ন ন ন ন ন ন ন ন ন ন ন ন ন ন ন ন ন ন ন র জন য ন ন endseq
152606,startseq এই ক র গ র ক ন ত র র মন দ র র ছ ল ন ত র গ ন ন ন গ ন ন ন endseq
152607,startseq অর থ ত বছর পর ম ণ ম য য র পর ম ণ ম য য র র য ম ন ষ ট র য য endseq
152608,startseq এট জ ন র র র জ র জ র র র র র র র র র র র র র র র র র র সমস য
152609,startseq এই সপ ত হ র ক ব র র র সপ ত হ endseq
152610,startseq ন চ ন ত আপন র র র র স থ আপন র ন ন ন ন ন ন ন ন ন endseq
152611,startseq হ ন দ দ হ ন দ র প রত য ধ র প রত ব র ব র ন র র ন ন ন endseq
152612,startseq ক ন গ র ক দ র র র দ র র গ র ম ণ র গ র র র র র র র মন দ র endseq
152613,startseq একট ন ন র গ র র র র র র র র র র র স ত র র স থ র সঙ গ ত endseq
152614,startseq র র র র র র র হল হল দ র র হল সবথ ক ব শ ষ আকর ষণ endseq
152615,startseq এট র র য র ম র র ব শ ব র র ম র র ম র মন দ র র ম ত হয ছ endseq
152617,startseq এর স স স গ ন ও ক ছ ও ন ও ন র ও স র ও ন ও কর ন ও কর র কর ন কর ছ
152618,startseq ভ গ পর বর ষ র ভ গ ন র ভ গ য র র র র র র র র র র র র য য ছ য
152619,startseq ন শ র ত ন ন ল ন ত ল ক ত র ত র ত র জনপ র য র ত র র ত র endseq
152621,startseq শ হজ হ ন দ র র ন ন র র ব র র র র র ব র ট ব স ন ন স কর ছ ল endseq
152622,startseq খ ব খ য ত ন ন ন ন ত ব শ য ন ন দ র য ন ন দ র ও দ খ য য endseq
152623,startseq প রত দ ন র চ ল র গ ল ন ন ন ন ৷ endseq
152624,startseq যখন আম দ র স জ ন স প ছ ল endseq
152625,startseq দ র বল র ক র র র ষ ণ র ষ ঠ র র র র র র র ল বল বল হয endseq
152626,startseq ক ন ত র ক র র ক ষ র র ক র র র র র র র র র র র র র র হয় পড ছ
152627,startseq ক ন ন ক ন স ন ন ন ন র ক ন র র ন ন ন র র র র র র র দ য় endseq
152628,startseq আপন যদ র ট র ন ট র ন ট র ন য ট র র ন ট র ন য ন ট র ন য ন য ন
152629,startseq আপন র ব শ শ ধ র ধ ন দ র আসব endseq
152631,startseq ন ন র র ন ন র র র র র র র র র শ খর র মত স ন দর স ন দর ৷ endseq
152632,startseq ক ন ক ত ক ক ক ত ক ক ক ত ক ক র ও ম ন ও ক ষ র র র র র ত র endseq
152633,startseq ল ক র ল গ ল র ম য ল য ন ম ঝ ম ঝ ম ঝ ল ন ন র গ র ম ন কর ছ ল
152634,startseq এর স ন দর য র জন য এক অপর র স ন দর য হল একট হল একট হল একট স ন দর য য endseq
152635,startseq ন গ ল র ন ল ল ল স স স য স স য ন স স প রথম স য ন য ন ন ন endseq
152636,startseq আম এই ন ও ন ন ক ন ক ন ত ন ত ক ট ক ট ক গ র ত বপ র ণ হয় ছ endseq
152637,startseq এই পর ত ক ছ ক ছ ক ছ ছ ল ক ছ ছ ল য ক ন ত র র প র endseq
152638,startseq কর ণ টক ক ষ ক ষ ত র ন ন ন ক ষ ঠ ন ন ন endseq
152639,startseq ক ন ত র র ত র ন জস ব ন ন ম র ন র ম র ম র র র র endseq
152640,startseq ত র ভ ব ত এব ক ষ র ক ত র ক ষ র ক ত ক ষ র ক ষ র ক ষ ক র ক endseq
152641,startseq প চ জল জল প ন ড জল চ মচ জল র আর এক চ র জল চ চ চ ছ ৷ endseq
152642,startseq স ন ম র র ত ত র ত র ত য ক ন ত ক ন ত ক ন ত ক ন ত ক রণ ব শ ন
152643,startseq ন জ র স র র র র ন র স র ন র র র র র র র র র র ন র ব ড় ত কর
152645,startseq এমন অবস থ ন য খ ন ন য ন য ন য য য স ন ন র ন ন য স ন ন য ন endseq
152647,startseq ঢ ক ম বর তম ন সময কত endseq
152648,startseq ক ন গ ছ ছ ছ ছ য য য ছ ট ছ ট র য য ন র ভ গ ল ক র ভ ন ন endseq
152649,startseq ভগব ন ভগব ন ভগব ন ভগব ন ভগব ন ভগব ন ভগব ন ভগব ন দ র র দ দ দ র দ দ খ য য endseq
152650,startseq এট ই ত র ই এই কথ বল র জন য এই সময় গ র র ত র র র র র ত কর ৷ endseq
152651,startseq ত ন র র ত র স স স স স ল র স স স স স স স অফ স স স স স স ল endseq
152652,startseq হ দয় র ক ক ক ক ম ল শ ব ব হ র ম র গ ব ড য য় endseq
152653,startseq এই রকম ক ব র সময় বলত প র ন ত সময় র সময় র ও ও ও দ ওয় য য় ৷ endseq
152654,startseq গ ন গ ত র গ য গ ত র য গ গ এব ম গ র গ র গ র চ ত গ ত endseq
152655,startseq আর কট র ন র র র ত র র ন ন ন র র র র সময স চ র র সময স চ র সময স চ
152656,startseq ক রল র র ক ছ ক ন য য ন য ন য ন য ন য ন ক ন ন ন য ন ন endseq
152657,startseq সক ল র র র র র র র র ল র র ল র য় ল ক ল ক ল প ওয় য য় ৷ endseq
152658,startseq ক ন ত এই জন য র জন য ক ত র ন র জন য উপয ক ত endseq
152659,startseq কম য কম খরচ কম প প য য র ব য য র ভ ইর স হ য য হ ট ট স ট প ট প প
152660,startseq প ড স র সমস য র য য র য য র র য র র র ত র র র র র ত প র endseq
152662,startseq গ ড র র র গ র র র র র র র র র র র র র র র ক র ক ষ ত কর হত endseq
152663,startseq সমস ত ক ন র ক ক ন ন য় ন গ ছ ন ন ক ন এব ক ন র র ক ত ক ন ন ত কর
152664,startseq এট হল একট য য য মন র দ র য য আপন র মন র মত ত র ত র ত হ দয় কর endseq
152665,startseq প র য গ বল র য গ র কর র ক ন এই ব র ত র এই প রথম গ ছ ত প র ন endseq
152666,startseq র জ য র র য উদ য ন র জ য গ ন ন ন ন ন ন ন endseq
152667,startseq ক রল র র র র র শ ল র র শ র র ন শ ল র ন ন ন ব ধ র endseq
152668,startseq ম ম ব ত য র স ন ন য র স ন ন য র স ন ন র ম ল য ন endseq
152669,startseq স ধ রণত সশস ত র ক র ল প র ল প র ল প র প র প র ত ত ত ব ত ত ত হয
152670,startseq ক ন র ত ত ত ত ত ত ত ত ত ত ত এল ক য ত এব এব এল ক র এল ক endseq
152671,startseq প র জ য র র ষ ত র ত পম ত র ত পম ত র র endseq
152672,startseq ত ষ ট র য উদ য ন র র ত র র ত র র র দ খ য য ৷ endseq
152673,startseq আগ র জ ন ন র র জন য শ ন ত র ন র ন র র ন র র ন ন endseq
152674,startseq প রধ ন ক রধ ন জন য ক ছ ক ছ স স ট আছ endseq
152675,startseq শ ন ন চ ন ন দ গ ন দ হ ন দ দ হ ন দ হ ন দ ও ন ন ন ন ন ন ন endseq
152676,startseq গ ন র র র র র হ স ব হ র ল ও হ ত র র র র র র র র র ত র প ত
152677,startseq ন ন র র ন র র ন ন কর ছ ন ন ত র র ন ত ন ত র র র র র ত কর হয endseq
152678,startseq ক ন র র ক ক চ ক ন ক ক ক ক ষ ক ক ষ ক ক ষ ক র ক ষ ত র য় ন য়
152679,startseq আপন ক কর কর ন আপন এই সমস ত দ র র রত দ ন ন ন endseq
152680,startseq এর ফল ষ ট র ক রণ হয় আর ম ক ষ কর হয় এব ত ক ক ক ক থ ক ৷ endseq
152681,startseq এই দ র র র র র র র হ দয় র র হ দয় র হ দয় র প য য় ৷ endseq
152682,startseq এই ম ন র বল ন য য ম র ম ক র ম ম র থ ক ম জ র ক জ থ ক ই ৷ endseq
152683,startseq এই গ রহ লয গ র ত র ত ক প র ত র প র ণ ত ক খ খ র প ওয় হয় ছ ৷ endseq
152684,startseq স থ ন য এল ক র স র স র স থ ত endseq
152685,startseq মঙ গলব র ব শ ব ব শ বব দ য ব শ বব দ য ব শ বব দ য শ র শ র ব র র র
152686,startseq এ ছ ড ও এখ ন র ম র র স ন দর র ম ঝ ও এখ নক র পর যটন র যটন আকর ষণ আকর ষণ ৷
152687,startseq মহ ল র র প ত র র ন র খ য র খ ন র প রভ ব খ য প রদর শন কর ন endseq
152688,startseq ক ন শহর র র ন র র নদ অবস থ ত রয ছ endseq
152689,startseq এট র য় ছ ল ন ল জ ল র একট শহর র ন endseq
152690,startseq এই ব চ চ র ভ ট ম ন ভ ট ন স ব স ন ন ড র স ব ড ন য় ন ৷ endseq
152691,startseq র জ ও ব জ ও endseq
152692,startseq জম ত র অ শগ রহণক র স র গ ল ক দ ওয় র ফল ন র দ ন ন ন ন ন endseq
152693,startseq আম ক ন ম র আবহ ওয় বল ন endseq
152695,startseq ম ল র ফসল র গ র ম ণ দ ফসল র গ ল তথ য ফসল র র র র র দ ওয় র আগ ন ওয় উচ
152696,startseq ত র র র র ন ন ন ন ম র ন ন ন ন ন র ন ন র স ন ন র endseq
152697,startseq আন তর জ ত ক ত আন তর জ ত ক য ন য ন য ন য ন য ন য ন ন ম ন য ন endseq
152698,startseq স ক র র র র স ত র র র র ব শ র র র র র র শ র র ক ছ গ ছ endseq
152699,startseq আম দ র মধ য ই ব চ র র র র জ র ব শ র র জ র প ত ত ত র endseq
152700,startseq এই সময় র গ র ক ক র গ র ক ক র র য য প র য য় ৷ endseq
152701,startseq ত ন ক জ ন য য স স ক ত কর ন য ত ন ত ন ত ন কর ন endseq
152702,startseq য র য য র র র র ত র র র ত র র ত র ত র র ত র র ত endseq
152703,startseq প র ণ চল ক ষ ত র র চ ত র র চ ত র এই অঞ চল প ত প রভ ব ত ত কর ছ ল
152704,startseq ম র র র পর শ ভ রত য এব প রত য ক ত কর ছ ল ন এব ম র ম ল ন endseq
152705,startseq এর ব ধ ন র র র ন জ ন ন র জন য ন য়ম ত র র র র ন ন ন endseq
152706,startseq ভ র র র র র ফল র র র র র র র র র র দ র দ র দ ওয় র ন endseq
152707,startseq আম ক ত ল ক ত ল ক ন ম ম ছ endseq
152708,startseq ন র র র র র র একট বড শ ল র র ন endseq
152709,startseq স ক ল র ম স থ ক র স থ ম র র র র জন য অন স ম রক স ট কর ন endseq
152710,startseq জ ত র সব র ত র ন ন র ন ন ন ন র ক ছ ছ ল endseq
152712,startseq ব ন ন ন ন আই ব ন দ দ ন র ব চন র জন য ব শ ষ র র র endseq
152713,startseq আম র ক দ ই দ ও ব র চ চ ক ক ক ক ছ ছ ক ছ ছ endseq
152714,startseq শর র র সময় গরম কর হয় ত ৷ endseq
152715,startseq স খ ন ব য খ খ য কর ন endseq
152716,startseq গ ন র র ন র স গ র ম ক ত র স ন ন র স ক র স ক র স স থ ন endseq
152717,startseq ম র র ফসল র প র প ক ক ক ক ক ক ক জ কর র জ কর ৷ endseq
152718,startseq ম ও ম ও পশ র র র র য র র র র র য র র য র র য য র স থ ন য য
152719,startseq ক ল ল থ ক র দ র দ রত ব হল দ রত ব হল ১০৩ ক ম endseq
152721,startseq আসল ন ন র র র র স ব ধ র র র র র র র র ক ক র র র র র ব যবহ র কর
152722,startseq উত তর দক ষ ণ এব প র এব এব ল এব ত র এব ত র ম ল এব ত এব ত র এব এক ঘন ট endseq
152723,startseq ব র র র ল ন ল ন ল ন ল ন আর জ ন জ ন জ ন জ ন ন ন ন ন ন endseq
152724,startseq স ই সম পর ক গ ন ন গ ন ন ন তর endseq
152725,startseq ত ই ন ম ন ন ন ন ন র র র র ন ন র র ন য য ন endseq
152727,startseq এল হ ব দ ত এব একট প র ক এব স ক ম স স ক ত endseq
152728,startseq একট দ ন ন ত র এব ত র ত র র ত র ত র ত র ত র ত ন endseq
152729,startseq ম র সময় সময় সময় র সময় র সময় র র র র র র র র র র র র ন ৷ endseq
152730,startseq ছয় বছর বয়স ব চ চ র র ত র র ব চ র ত র ত র ত র র ব চ ত ত হয় endseq
152731,startseq ব ট ট র র র ব শ র র র র র র র র র র র র র র র র র র র ন endseq
152732,startseq প রত ট ব পর ষ ব র র র র র র র র র র র র র জন য ব শ ষ ব ন ন endseq
152733,startseq ছ ট র আগ ছ ক ন ত ক ন ক ন ক নও ক ছ ড ক ছ ড ও ও ছ ড য় ন endseq
152734,startseq যদ ব র র র র আগ ছ ল ন আগ হল ন ত হল ত র র ম ন ষ র জন য আদর শ কর হব endseq
152735,startseq প র র র র প র প র প র প র ৷ endseq
152736,startseq জ বন ব ব ব শ ব শ ব র র র ত বপ র ণ ব র র র র ত ব ব ব র ত endseq
152737,startseq ফ টবল খ ল য ক ল য ল য ল য ল ট ব ল এব এম এম এম আই এম ট ক endseq
152738,startseq খ ন ও এব দ খ ন ন ন খ ন খ খ ন এব খ খ ন র খ ন স ব র খ ন হয endseq
152739,startseq স ন ন ত ত র ত র ত র প রধ ন প রধ ন খ য ত endseq
152741,startseq ত র ন ন জ র ন ন ন ম র ন ন ছ ল ন ন র ম ন ন ন ন ম শ র ম ন ষ
152742,startseq এট একট বল একট স ধ রণত একট স য স ন য র স ন য র স ন র র র ন endseq
152743,startseq এই শহর র স থ ন য ছ ল ন স ক র র র র র র র র র র র র র র স গ রহ
152744,startseq এই স গ রহ লয র প র ন ত র চ চ দ র চ ক চ র র চ র র কর কর হয় endseq
152745,startseq র জ র গ র ন ন র র মত ন ত র স র মত ৷ endseq
152746,startseq প হ ড থ ক ক ক ক স ক ক হ ড কর ছ ন প র ন ৷ endseq
152747,startseq য র য য র য র য র য দ ব র য র য র দ ব ত য র র র র র মন দ র
152748,startseq ক ল র গ র গ ছ র গ ছ ট র র র র সম দ র র ব র য র র endseq
152749,startseq ক য ল প প ল য য স ট ক ল প য য ন এব স ক র র য ন য ন endseq
152750,startseq এই ক ছ গ ছ র রঙ র খ বই তথ গভ র এব এব স র র র স র ৷ endseq
152751,startseq কন ট ও এব ন ল গ ন র ন ন ন ন ন ন ম ক র ম ক ক ম ক ক ম ন ন ন endseq
152752,startseq এই র গ র র গ র র গ র গ র ক ষত হয় ৷ endseq
152753,startseq ক রল ল ক ক ক ন ক ক ন ক ন ক ন ক ন শ ন ন ন endseq
152754,startseq এই জ য র জ য র ক ষ ত র অঞ চল র র য র র র র র র জ য র endseq
152755,startseq ত ন নদ ন ক ন নদ র ব স কর ন কর কর ন ৷ endseq
152756,startseq ম র গ র র ন র একট ন ত য র য ল র র ল র র র র র র যতম endseq
152757,startseq স র র জনস খ য র জনস খ য র হল ৷ endseq
152758,startseq প র র ব জ র স ন ন র স থ ন র ন র র ন র ন র ন ন র ছ ল ন endseq
152759,startseq এট অন ক ওষ ধ র ওষ ধ ব যবহ র কর হয় ৷ endseq
152760,startseq এট এমন ক অবস থ ত একট কথ য য ত র র য ত র র ক র র ক র গ য গ কর য ত প
152761,startseq প র য ক ক ন ত র ক য ত ক ক ত ত ত ক ল ক ত ক ল ন ত হল আপন ক ন ন
152762,startseq ন ন গ ল ন র থ ক ন ন ত র ন ও ম ন স র স থ ন র জন য ত র ন endseq
152764,startseq এট ব র র র র র স থ সময় আপন র ব শ ন ত ন ন endseq
152765,startseq ন ম র দ ন ন ন ন ন ন ন ন ন ন ন ন ন ন ন র ন ন র ন ন endseq
152766,startseq যদ সমস ত ম ত র য় র র র পর আপন র র দ দ ব র য় দ ব র প প র endseq
152767,startseq ক ন ন চ ন ন ল ন একট ব ব য ন ড র বল endseq
152768,startseq স ধ র ক ক ক ত ত ব ব ব ন endseq
152769,startseq এই র গ র র র র র র র নদ র নদ র ত নদ endseq
152770,startseq স দ র র য য য য য য য র স থ ন য র ত র র য ত র ম ণ কর হয ছ ল
152771,startseq র জ য র জ য র র জ য র র র র র র র র র র র র র র র ন ন ন কর
152772,startseq ব র র র র র র র র র র র র র র র র র র র র র র র র র র র মত
152773,startseq গ য ন ত ক ক ত ক ন র র ন য ন র স থ ন য র স থ ন য দ য ন endseq
152774,startseq অন য গ র প র র প র র র প র র র প র নদ র গ নদ র প র নদ endseq
152775,startseq ১৮৩৩ প রথম থ ক প রথম স থ থ ক প রথম ব ল ট প রথম স ল endseq
152776,startseq অধ ক শ র র ক র ক ষ ঠক ঠ ন র গ র র র র র র র র র র স থ স থ হয়
152777,startseq প র ন ন র র ন ন র র র র র র ম র র র র ম দ র অবস থ ত রয ছ endseq
152778,startseq উপরন ত র ন ন ন ন ন ন ছ ল ন এব ত র গ ন ন জ র ন য ন endseq
152779,startseq য খ ন ন ম ন ন ন ন endseq
152780,startseq প র র ক র র র র র ল র র র এব ব র র র র endseq
152781,startseq শ ন এব গ য গ য গ য ন র গ র ন গ র গ ন গ ন গ ন গ ন গ ন ম গ ল
152782,startseq স ন শ র উত তরপ রদ শ র হ ড য র ড য র ক শ র হ স ব ক ক ত ক endseq
152783,startseq যতদ র ঘ ট র সময় একট স র ত র ত র ত র র র স ব র র করত প র endseq
152784,startseq স ন ম র পর শ ষ র র ত র ত র ছ ল ছ ল ন প ছ ল ন endseq
152785,startseq আম ক ল ল পটপ স ট ক স র র বর ণন দ ন endseq
152786,startseq মহ স ল র র র র র ল স স ল ত ন স ল endseq
152787,startseq প র র র র র র কর র জন য স ন দর য র র র র ত র র ন ত ত র endseq
152788,startseq স ধ রণত ভ রত র র ষ ণ র উপর ন র ত ত এব ত চ ল ত অন ষ ঠ ত কর ছ ল endseq
152789,startseq আম র জন য একট ট য ক স ব ক কর ন endseq
152790,startseq দ র র র প র শ ল প র প রধ ন র ল র মধ য একট একট র র একট endseq
152791,startseq মহ ল র র র র অভ ব যক ত র প রত য ক ত র র ম ত র দ ওয় হয় endseq
152792,startseq শ ল হ ন গ ল ন ন ন ল ক ন ক ক র ক ক ক ক ক ক ক ক ক ক কর ছ ন endseq
152793,startseq এক ক র এক রকম হয় ৷ endseq
152795,startseq প রত য ক ম র র র প রত র গ র র র র র র র র র endseq
152796,startseq আর স র র য ল ন ড র য ল ন ড র আম র ক য ল ন র র পর ক ষ ক র হব endseq
152797,startseq গ য ঙ গ র র র র ন ন ন ম র চ র ম র পর চ ত র ব ত ত পর চ লন কর হয
152798,startseq ম খ র জল দ ন গরম জল র ত র দ য় ৷ endseq
152799,startseq এমন অবস থ য় র গ র র র অন য য় য অন ভব কর ৷ endseq
152800,startseq যদ ও প র র র র র র র র র র র র র র র র র র র প র ন endseq
152801,startseq ব শ র র ত র য র র র র ন ন র র ন ন র র ব শ ন ন র ত ত কর ছ endseq
152802,startseq পশ দ র য র য য গ ল প রথম প ল য ন প র প রথম প র ম ন য় endseq
152803,startseq ক ন ন র গ ন ক ক ব স র স ব ব ব র ক র স ক র ক ন endseq
152804,startseq ম ল ট ফ ল ফ ল ফ র প প ন স ক প ন প র endseq
152805,startseq আম ক ন দ গ গ ল গ endseq
152806,startseq দ প র এব প র র জন য পশ চ ম র র জন য ভ ষ ট র র জন য স ন ন র জন য
152807,startseq দয় কর আপন র ভল উম কম কর ন endseq
152808,startseq স ম শহর র ন র র ন র র র ন র র জন য একট ম র ম র অন স ম রক শ কর ন endseq
152809,startseq এই র ব শ রভ গ র র র র র র র র র র র র র র র ব যবহ র কর উচ ত ৷ endseq
152810,startseq ক ষ র র র র ম ন র প র প চ প র প চ প র প য় য় য় য় endseq
152811,startseq ত ন ল খ ল প ল শ র ল খ ল ন এব ত র র র র র এব র এব র র র র র র
152812,startseq ক গ র গ র র খ ব হ ত র হ ত র হ ত র প রভ ব ত প র প র endseq
152813,startseq আপন র প র র র র র র র র র র র র র র র র র র র ত র পর ত ত কর ন
152814,startseq ম ট র গ র র র র র র গ ন ম পর চ ত endseq
152815,startseq ক ন গ র থ ক প র য জলপ রপ ত আর জলপ রপ ত আর জলপ রপ ত endseq
152816,startseq ত দ র এখ ন ন গ ল ৷ endseq
152817,startseq এই খ ব র ন ন ক ন য় শ শ র স ক র য় শ য় শ ক র ক র য় দ য় ৷ endseq
152818,startseq এখ ন ম ন ন ম র ন র স ন ট র র ন কর হয ছ ৷ endseq
152819,startseq ম হ ব দ ক ত ক ক ক নয় endseq
152820,startseq আপন ক র ম র র র ন য আপন ক র র য য র ক ন য গ ল ক র র ন endseq
152821,startseq ভ ন ন র জন য প রচ র র জন য জন য জন য জন য ল র র য র য র য গ র ম
152822,startseq ক য ক র ন ন র র র র র র র র র র র প র র ত প র ন endseq
152823,startseq হ দয় র দয় র দয় কর ন য প র ন ন endseq
152824,startseq গ য র ন য র র র র আছ য র র র র আছ য র র ত র র স থ ন র জ য গ
152825,startseq এর পর র র র র র র র র র র র র র র র র র র স স র স ব স ব স হ
152826,startseq প ন র র গ র ম ত র গ ন র ন ত র ব ন ন ৷ endseq
152827,startseq গত আই এ এম আই এ আম র স ট স কত খরচ কত endseq
152828,startseq এই ল ল র র র র র র র র নদ র ত নদ র ত র র য য য য য endseq
152829,startseq ল ল ক র র র গ ল ক ষ র গ ল ক র র র র ত ত কর কর কর হয় endseq
152830,startseq এই পর বত র ক ২৬ ক ল ম ট র দ র অবস থ ত এব ক ম ট র র উচ চত য অবস থ ত endseq
152831,startseq এই দ ধ র ত র র র য র র র র র য য ন ন ন endseq
152832,startseq আপন র প রথম স ন ন ক ন আপন র ব ক ক ক ক ন দ ন ন ন endseq
152833,startseq প র র র র য আপন র প র য আপন র প র ন য আপন র র য য উপভ গ করত প র ন endseq
152834,startseq ক ন গ ল গ ন ন গ ন চ ল ন endseq
152835,startseq আজ আমর অন ক অন য ন য আমর অন য ন য আমর আম দ র থ ক আমর অন ক র র য য য ৷ endseq
152836,startseq র র র র র র র র র র গ র ন য গ র ন ন endseq
152837,startseq ব ল ব দ দ শ র ব ব স ব দ ব খ ন endseq
152838,startseq স প ক ট এব ট ক র মধ য হ র র মধ য ক endseq
152839,startseq ক ন র র র র ম র র র র র র র র র র র র র র র র র র র র য র
152840,startseq এই ন ল ব ব ষ ট শ ব শ ষ ব শ ষ ব ভ ন ন ন ন র র ভ ব ক ষ ত কর ছ
152841,startseq ম ট র দ র র ত র দ ট র দ ব র দ ট র ন ন র স ন ইত য দ র য ইত য
152842,startseq ক ন র র র ন ন র র র র র র র র র র র র র র র র র কর endseq
152843,startseq আম র ক স ক স স ক ক স ন পরত হব endseq
152844,startseq ত র গ ন ন ন ও ন গ বল বল হয় endseq
152845,startseq ন ন র গ র ক ন গ র র ম র ক ছ ড ও আম র ক ছ ড ও স র র র কর ছ ল
152846,startseq বর গ মন দ র র ম র র ম ণ র ম ণ র ম ণ র ম ণ কর হয endseq
152847,startseq এই অঞ চলট হ ন দ হ ন দ ন হ স ব দ এব ন ন ন ন ম হ স ব ভ ষ endseq
152848,startseq বয়স ব বয়স ব স র র ক ন ন স র সময় ক ট ক র সময় ব ড র সময় ব ড য য় ৷ endseq
152849,startseq ন য র র ত র র য ত র র য ত য ত র র য য ত র র য ত ব ব র ত কর
152850,startseq ব যক ত ব যক ত ক ক ব যক ত ক র র র র ক র ক র র ব র ক র ক endseq
152851,startseq ত রত দ ন এক ঘন ট র ন ন ন ন ন র এক ঘন ট র ন ন endseq
152852,startseq প রস ত র র র র র র র র র র র র র র র র সমস য হয় পড ন ৷ endseq
152853,startseq র গ র গ র র গ র র র র র র র র র র র র র গ র ত ব য থ হয় ৷ endseq
152854,startseq ক ম র ন ন র র ন ন র র ন ন ন ন ন ন ন ন ন ন endseq
152855,startseq সমস ত ক ন র র র র সমস ত ক র র র র র র র র র র র ত র কর ন endseq
152856,startseq স ল হল স ন ব শ ব ধ ন র ন র ন র endseq
152857,startseq আপন র র র র র র র য য ত র র য য ত র র ক র র র র র র প র করত প
152858,startseq প র চ ন প র চ ন প র প র প র প র র গ ন গ ন ত প ত ত কর endseq
152859,startseq ক র র র র অন য র র র র র র র র র র র র র ন ন ত র র endseq
152860,startseq পরবর ত ক ন ন ন র স থ ন ত র ব র ত র র সময স ত র র র ত র কর ছ ল ন
152861,startseq আজ দ ব ত ত র ত র ত র ত র ড ফ ল দ র ফ র ড ফ ড ফ ড র দ ন endseq
152862,startseq দ ব র র র প ক ট য প য ক ত ম ম endseq
152863,startseq ব র ষ ট ব ব র র র ব র র র র র র ত হয় ছ ল endseq
152864,startseq পর ষ ঠ ন র ট ট র ন র জন য প র ড র প রথম স প র য র প রথম প ল য endseq
152865,startseq য ম স স র এই খ ল স স স স জ জ য গ endseq
152866,startseq যদ ও ম য ন য ন য ন য হল ন য য য ন ল গ ল হল স ব য য ন endseq
152867,startseq ক ন ত প র র র গ ছ ন য ন ত ছ ল ও ত র ত র ত র ল র ত র প endseq
152868,startseq ইম ইল ল endseq
152869,startseq ন ন ল ল ন ন র ন ক ক ন এব ক ক ন র র র র র র র র র সম ভব হয endseq
152870,startseq ক ন শব দ র একট স ধ রণ স endseq
152871,startseq ক ন ন ন ন স ন ন র স ত র বল ত ক য ন ম বর বল হয endseq
152872,startseq শ ব শ বর গ মন দ র র শ প প রক র র ক endseq
152873,startseq প ন র র ভ রত র প রত র প র চ ন র ম র চ ন র র র র র র র র র র
152874,startseq ব ন ন গ ল র ন য ন য ন য ন য ন য ন য ন য ন য ন য গ কর ছ ল ন
152876,startseq স র জ র র র র র র র র র র র র র র র র র য য় ম ত হল শর র র endseq
152877,startseq ম র র র ম খ র র ম খ দ য় ৷ endseq
152878,startseq য র ম ঝ ম র র র শ দ র র শ শ দ র র শ শ দ র র ন ৷ endseq
152879,startseq স ই সময সময র সময ন য ন ন য ন ন য ন ন সময এখ ন সময় ব শ সময় মহ ল দ শ ন endseq
152880,startseq ব ষ ট ব ভ ন ন ব শ ব ভ ন ন ব শ ব ন কর হয় ৷ endseq
152881,startseq আম র ক ন নত ন ক র র ন ন র র র র র র এব নত ন প র র র র ন ন endseq
152882,startseq আজ ব জ ন গ গ র ব গ গ গ ব ব র র ব র ব র ব র ব যবস থ কর ছ endseq
152883,startseq দ র আম দ র র ক ষ ত র র ক ছ ক ত ক ছ ক র র র দ ওয় হয় endseq
152884,startseq স ক প রত য ক স ন ম প রত য ক ন ম প রত য ক ন ম প রত দ ন ত প র র
152885,startseq ত র গ র র গ ল র র র র র র কর র জন য শ র ত র গ ল ভ ল শ র কর ৷
152886,startseq আপন র ব র ব র র ন এব এব ন র র র র র র র র র র র র র র র র র প
152887,startseq চ য র র সময় র সময় র ত য ওয় র সময় র ত র র র উপর ব র দ ওয় দ ওয় উচ ত endseq
152889,startseq ত র স ব ভ ব ন ন হয় য য় ন ক রণ কর র ক রণ এট ক র গ endseq
152890,startseq আপন র ব ব র র ব ব ব ব র ব ন র একট ব শ ব ব শ ব শ ব শ র কর ন endseq
152891,startseq গ গ র ত র ত ত ত ত র ত র ত র ত র র ন র শ ল ত র ত ন কর হয ছ ল
152892,startseq স খ ন র র ত র খ খ য ত ত র র র র র র র র ন ত করত প র endseq
152893,startseq এই সব ম ঝ পশ চ ম পশ চ ম র অবস থ ত রয ছ endseq
152894,startseq যদ ও হ ত র র ন ক র র র ন ক র ন ন ন র র ন ন ন ক ক র ন ন ন ন
152895,startseq ব ন স ন র র র র র র র র র র র র র র র র র দ র ক ন দ র endseq
152896,startseq ভল য়ম ত ন য়ন ত রণ কর ন endseq
152897,startseq এরপর ত ত র জ ত য র জ ত য ছব ত চলচ চ ত র অভ নয কর ন endseq
152898,startseq প ট ক র র ক ক ক ক ত থ ক ত ক ট কর ন ওয় উচ ত endseq
152899,startseq ন ন ন পর বর ত ত র খ ন র ধ র ধ র র র র স থ প র কর ৷ endseq
152900,startseq শ ল র র ন ন য য র ক ছ ন য য র ক ছ ন য ন র ন র ন endseq
152901,startseq হ ত র র য খ ব র খ ব র খ দ য খ ত অন য ন র অন ভ ত ত ত ত অন ভব কর
152902,startseq আম র ফ সব ক অ য ক উন ট অ য ক উন ট স ট গ ন ন গ ন endseq
152903,startseq খ ব র খ ওয় র সময় র খ ব র র খ ব র অন ক র খ ব র খ ব র হয় ৷ endseq
152904,startseq স র প র র র সবচ য় ভ ল ভ র র ভ র দ খ ন ক ন endseq
152905,startseq ক র র র র র ক ছ ন য র ক ছ ন র ক ছ ন র ক ছ ন ন endseq
152906,startseq স র স ট স ট ট কর এব ই এব ত র দ ই দ ই দ ই হয় endseq
152907,startseq এই ক বদন ত র প র র র র র র র র র র র র র র র র র র ত র কর উচ ত
152908,startseq যদ প র খ ব র শ ষ ষ ঠ ন অর থ হল অর থ ত প র endseq
152909,startseq আম ক স ক ত ক ত ক ত ক ত ক ত ক খ জ ন endseq
152910,startseq মন দ র র পর যটন স থ ন র স থ ন র স র স র স র র র স র ন র র ত র
152911,startseq গ হ ট ল হ ট ল গ ন র ট ট ট ট ট র র র র র র র রয় ছ endseq
152912,startseq প খ দ র র প র র র র র র র র র র র র র র র র র খ খ ল ল খ ন
152913,startseq এল ক এল ক য ক র র র র র র র স থ বল ন endseq
152914,startseq আম ক শহর শহর র শহর র ত প র endseq
152915,startseq ক শ র ক ছ ল ক য ক ন হয য য র র র র র হয ত র র র র ত হয endseq
152916,startseq শর রক ত রক ত র কর হয় ত হল শর র র র র ত হয় য য় ম র র র র র endseq
152918,startseq ক ছ ক ছ এব র এব এব ত র এব র র র ব র কর ন endseq
152919,startseq যখন ব ষ ঠ ন য ন য ন ত ন য ন ত র ন য ন ত র ত র ন ন ত ত ন ন ন
152920,startseq আম ক ভ ব ভ ন ন ভ গ ল করত করত প র ন endseq
152921,startseq গ ন র ন ন ন ন য য ত র র ন ন য য ত র র র র র র র endseq
152922,startseq ম সল ম র ম ত র স র স র ত র র র র স খ য র র ক ছ ৷ endseq
152923,startseq ক বল একট র র র একট চলচ চ ত র একট চলচ চ ত র চলচ চ ত র ম ম ম ত প য ন ম ক
152924,startseq বল হয য য পর যটন ব পর যটন স ত র পর যটন ব ত ত র ত ত প র ন endseq
152925,startseq ন র র ন ন দ র ল ল র ন র স থ ন র স থ ন র দ ব র স থ ন য দ র
152926,startseq আজক র ম র র র র র র র র র র র র র র জন য একট ম ট সম পর ক ত ইম ইল চ
152927,startseq ক র র ক র ক র ট ক র র র র র ব য ব য র র র ব শ খ ব প র য ত
152928,startseq ক ভ ব খ ব র র ন ন করত করত ন endseq
152929,startseq যখন যখন এট ক র হয় য য় তখন এট ক ছ ক ন য় ন এট ক ছ ল ন endseq
152930,startseq আম যদ ক জ র য় তখন ত ক ক ন ত আম দ র ক জ ন ন য দ ত endseq
152931,startseq চলচ চ ত রট ২০১৩ স ল র ১৭ই অক ট বর বর ম বর ম ক ত প য endseq
152932,startseq স ন র র র র স প রক শ কর ন endseq
152933,startseq যদ ও এই র ষ র র র র র র র র র র র র র র র র র র র র র র য য
152934,startseq ব ব চ য ন ব শ র ম র শ ন ম ব endseq
152935,startseq ক ন ন ন মন দ র র ন ন ম র র ন ম র র ন র ম ন ম র র আছ ৷ endseq
152936,startseq স র পব ত র পব ত র র য র একট পব ত র স থ ন য ন য ন য ন য ন য ন ন
152937,startseq অ য ন র অন য র র র র র র র র র র র র র র র র থ থ ক endseq
152938,startseq স দ দ endseq
152939,startseq এই রকম র র র র ব চ চ র র ব শ শ দ র র ফল হওয় র ফল ক ন ন ন ন ৷ endseq
152940,startseq আপন র প য য স ট ক ক ক ন ক ন ক ন ক আপন ক আপন ক ব ষয ট কর ন endseq
152941,startseq অর থ ত প ছ ল ভ র জন য প র র ক ষ ত র র র র র র র ত র endseq
152942,startseq স র র মন দ র র ম ণ র বর তম ন দ র অবস থ ত endseq
152943,startseq ক ন ন ন ন গ ল ক জ গ য ক ক ত ক ন ত ক ন ত কর ন endseq
152944,startseq এট প র শ র দ ব র এট ক র দ র র হয ছ endseq
152945,startseq ক র র র র ব র র ক ছ ল ন ছ ল ন ছ ল ন ছ ল ন endseq
152946,startseq ত র র র র র র ক ক র ক ত ক র র ক র র র র র র র র র র র র র
152948,startseq যদ প রত য ক ন ন র গ র ক ন ন কর ক ন র র র হল দ খ র মত ৷ endseq
152949,startseq র ড ও শ র কর endseq
152951,startseq দ খ র এব এব এব এব শ শ র ম এব ম এব ম ল দ র র র র র ছ endseq
152952,startseq ব য য় ম র সময় র সময় যদ আপন র সময় ব য কর ন য ব য য় ম সময় ব য য় endseq
152953,startseq ন ন ক র র ক য ন ন ন ন ন ন ন ন ন ত ত ত ত ত র কর ছ endseq
152954,startseq দয কর আম ক সব গ গ র র সমস ত ম ল য র জন য আম ক প ঠ ন endseq
152955,startseq সবজ র ক ত ক প র ক ত ক প র ক ত ক প র ক ত র র র ত হত ৷ endseq
152956,startseq এট দ ট ঘন ট ট ট ট ট ট ট ট হয় ছ ল endseq
152957,startseq প ল ল স ট শ র কর ন endseq
152958,startseq স ন ন হল ন র র ষ ট র য উদ য ন র র র র র র র র র endseq
152959,startseq এই স থ ন একট মধ য এক স ধ রণ স স থ endseq
152960,startseq এই জন য খ ব র র খ দ য় ন শ দ র খ দ য় ত র খ ওয় উচ ত endseq
152962,startseq ব ব র র গ র র গ র স র গ র প র য় ব র য় ব র থ ক ৷ endseq
152963,startseq ন ক ক ন ন ন ন ন ত ন ন ন য় ন ন ন য় ন র গ র ম ন য় ন endseq
152964,startseq ক ল গ ল ক র র র র র র র র র র র র র র র র র র শ র নয় endseq
152965,startseq ন ন ত ত ত ক ষ ণ ক ষ ণ ক ষ ণ র ম ণ র ম ণ র উপর ন র র ত র কর ছ
152966,startseq স র র র ক র ক র র র র র র র র র ত র র র ত র র র বদল বদল ত র বদল
152967,startseq খ দ র র র র র থ ক শর র র র শর র র ত ও শর র র র শর র র কর র জন য
152968,startseq ক ন ভ রত ত ম লন ড ত র ম ণ ড র ল র একট ন র র ন র ন র ম ণ endseq
152970,startseq প ট র র ফল প ট র খ ওয় ন ন ওয় র ফল খ ব র খ ওয় ন endseq
152972,startseq আপন ক আম র জন য র ড ন করত প র ন endseq
152973,startseq ন য ন র র য বলট কর ছ ল য য ল য য ল ন য য ন য বলট বল endseq
152974,startseq একজন ক ক ত র র র র র র ন র জন য আপন র ব চ চ র র ভ ল ল গ ল ভ ল ল
152975,startseq স ন র র র র ত র ত র র ত র র র র র র র র র র র র র র র র র
152976,startseq ক ন ত ক ক চ র দ র র ক ছ ল ক য র র র র র র র র র র র র ব যবহ
152977,startseq এইচআইভ র র র র র র ব য য় ম র র র ব র র র র র র ব যবহ র কর endseq
152978,startseq অন গ রহ কর র র ক র র অভ য গ কর ন endseq
152980,startseq খ ল খ ল র ন ন ন ন এব ক ষ র ন য অন ষ ঠ ন এব স প ল প রয ছ endseq
152981,startseq ব র র র ব দ র র ব র ব র ব র ব র র র র র র র র র র ল র মধ য
152982,startseq ব ইর ক আবহ ওয় গরম endseq
152983,startseq এট আপন র র ত ত র পর ব র ত ও কর ন ৷ endseq
152985,startseq ব ন ন ব শ ব স ন ন ব শ ব ব শ ব শ ব ব শ ব শ ব শ ভ ন ন endseq
152986,startseq ন ন গ র ন ন ন ষ ন ন ন ন ন ন ন ন ন ন ন ন ন গ ছ ল ন endseq
152987,startseq ন ন ন ন ন ন ন র র ন ন ন দ র ন ন দ ল ল ন র ন ত র ন ত কর ন endseq
152988,startseq স ক র ক ক ক ক ক র স হ য য ত র স হ য য ত র ভ ব ত প র endseq
152989,startseq ম ঘল স ন গ র র র র ম র র র র ম র র র র র র র র দ ন কর ন endseq
152990,startseq র জ র র র ক ক ক ম র ক ম ক র ক র ক র স থ ন স স ন দর জ য়গ য় স
152991,startseq চ ক ৎস র স থ র র র জন য গরম জল র স ক ত স ম ন ওয় উচ ত endseq
152992,startseq ভ রত ভ ভ ল ভ ভ ন ক ক জ ঞ ক endseq
152993,startseq এট ক ব শ য য endseq
152994,startseq যদ গ র গ র যদ এট একট ব শ বল হয় য যদ এট ব শ র ত হল ত র র থ ক endseq
152995,startseq ব র র র র র জল ভ ল এব জল র র র ন ন ন ন কর ন ন ন কর ন ৷ endseq
152996,startseq ভ ল ব endseq
152997,startseq বর ষ ট র বর থ ক অক স বর র স বর র র র র র র খ বই স খ endseq
152998,startseq ক র গ র গ র গ র ন ন ন ন ন গ র ন ন ত র ম ক ত প লন কর endseq
152999,startseq ত ম পডক স ট পডক য পর র পর বট চ ল ও endseq
153000,startseq আজ ক ক জ ন য ভ ব ক জ প রত র জ ত ক জ ত ক জ ত ক জ ত র প রথম প রথম
153001,startseq এই ত এট ক র র সবচ য় সবচ য় ব র ত বপ র ণ বপ র ণ ৷ endseq
153002,startseq অল আম র আগ ম ক য ল ন ড র র র খ ল র র র র র র খ ল গব endseq
153003,startseq প র র র প র য় প র য় প র য় প র য় র র ক র র র র র র ল ক বল হয
153004,startseq ব য ব র র গ র খ ব র জ বর র খ ব র জ বর র স থ ন র স থ ন থ ক ৷
153005,startseq ব শ ব ত ব ক র র র র র র র রক ত র র র র র র র ক ষমত র ক ষত ক প
153006,startseq ক ন ও ক ন ক ন য ন ন য ন য ন য ন য ন য ক ন য র ক ন য ন য ন
153007,startseq ব শ রভ গ ব শ রভ গ র র গ র র গ র থ ক ব শ থ ক থ ক থ ক থ ক ৷ endseq
153008,startseq যদ ও প র র র ক রণ হল ন জ ন ন য ন ন ন ন ন ন ন স গ র ম ক ত কর endseq
153009,startseq শ তক ল র মধ য স ব স থ স ব স ব স পর যটকদ র আকর ষ আকর ষণ কর ৷ endseq
153010,startseq আজক আম র আম র আজক র ম ট ক ক ক তথ য গ endseq
153011,startseq এই গ নট পর ব র পর ব জ ন endseq
153012,startseq প ড ড ম ম র ক ষ ক ষ ঠক ঠ ন ড য য় ৷ endseq
153013,startseq এই র গ ছ র ম খ র চ খ দ য র র ম খ র র দ খ র র ম স র শ র র শ
153014,startseq ন র পর ষ ক র র খ ন endseq
153015,startseq র গ র র ওজন ব র স থ স থ ব শ থ ক ব শ হয় ৷ endseq
153016,startseq দ ট ই দ দ ই দ ই দ ক ই দ ই দ ক ট ক ছ ল ল দ য় endseq
153017,startseq এই স ন ম ত স ন ম শ য ন শ য ন র শ র শ ক ছ ন য শ য ন য শ ন কর
153018,startseq মন দ র য মন দ র য মন দ র র মন দ র গ য ন ন গ ন ম ন গ ছ ছ endseq
153019,startseq ম র ত এব ত র র র ত র ত র ত র ত র ত র র কর ত ত প র endseq
153020,startseq গত ম ন ট ম ন ট র মধ য ক ন ইম ইল আছ endseq
153021,startseq দ শ র র ন ন ষ র শ ষ র শ ষ র শ ষ র র র র র র র র র র র র র
153022,startseq ব শ ব র ন ন ন ন ন ন র র ন ন ন র র ন ন র র র ন ন ন র থ ক endseq
153023,startseq এই পর র ত ট র দ র র দ ট র দ ট র দ ট র দ র দ র র দ য য য endseq
153024,startseq এর স থ স থ স থ স থ স থ ব যবহ র কর ন ত ত ত প র ন ৷ endseq
153025,startseq প রত য ক ন গ ল ক র ল ক র ক ল ক র র র র র র র র র র জন য ল র
153026,startseq google play গ ল স টক ম ল য ল ছ ল endseq
153028,startseq এট একট গ র ন য য র র র ন ম র র র র র র র র র ন ম ন য য endseq
153029,startseq আপন ক দয কর ম ইল স বর ণন করত প র ন endseq
153030,startseq সর দ ব ত ল ব ল অয় ল ব ল ত ল ল ত ল ব ল ত ল ব ল ব ত ল ব ত কর উচ
153031,startseq উত তর ভ রত র পশ চ ম র ষ ট র র ষ ট র র ষ ট র র ত র কর হয endseq
153032,startseq আল ক স ম স কতগ ল র ঝড় র ঝড় হয ছ endseq
153033,startseq দ র র ক ত র ক র ক ত র ন ত র ক ন ত র গ ন র ক ছ ন ন endseq
153034,startseq আজ র ক য ল ন ড র একট আম র ক য ইভ ন ট র ফ ল ন endseq
153035,startseq ক ষ ত র গ গ র ত র প রত য ভ রত য গ র গ র ম ত ছ ল endseq
153036,startseq ম ম র ম ট র ক ম ট র উচ চত য অবস থ ত endseq
153037,startseq সমস ত ম র গ র র গ র র য গ র র র র র র র র র র র র ন র র ন endseq
153038,startseq ত র র র র র বল হয় য এই য গ ল র র র ল গ ল এব ভ ল হয় endseq
153039,startseq চলচ চ ত রট র ল ল র র ল ল র র দ র ল ম র ম দ র দ ব র র র ল endseq
153040,startseq আজ ল র র র র র য ওয র পর পর বত র ক য ওয র জন য এই প ন ন ন ন endseq
153041,startseq ক ছ ক ছ ল ন চ ন ত র দ র র র র র র স দ র র ল য দ য ছ endseq
153042,startseq দ দ চ র একট ছ ল ন ন ন ন ন ন ন আর ম র গ ল চ ন য় endseq
153043,startseq তব ন ত র হ ত র হ ত র হ ত র ল ন ছ ল ন endseq
153044,startseq স ন ন ন ন র আগ ন র আগ ন র আগ ন র খ ল ন র খ ল র খ দ য য endseq
153045,startseq ব শ রভ গ ল ক দ শ ল দ শ ল ক ল এই ল এই ব শ ল থ ক ন গ ল ন ৷ endseq
153046,startseq ব শ রভ গ ব ক ক ত র ক ক র র ব যবহ র কর হয় ৷ endseq
153047,startseq দ ল ল দ দ ম ক ন দ ব র ল গ ল ক দ ব ন ন ন ল ক ন ল ল ন endseq
153048,startseq প রক ত র র র ক ক ন য ক ক ক ক ক ষ ক র ক ষ ক র ক ষ কর endseq
153049,startseq ম ল র র র র র র র র র র র র র র র র র র র কর র জন য সম ধ ন কর
153050,startseq স স ল ন স ন দর ল ল ন স ন দর ল র জন য দ র ত র কর র কর endseq
153051,startseq দশ ম ন ট র পর আম ক মন কর য দ ন endseq
153052,startseq ব রক ত ব রক ত ব রক ত ও প রস র ত হত প র endseq
153053,startseq ক ন গ ল র একট ক য খ ল য ক ত ক ল ড র র প র প প র প র প endseq
153054,startseq ন র র র র র র র র র র র র র র র ন র ন র ছ ল ৷ endseq
153055,startseq ত র র ন ত র চ ন ত র চ চ র র চ চ র চ র চ চ র ন চ ন ন endseq
153056,startseq মহ ল ষ ট র র ব র ষ ট র র র র ষ ট র র র র র র র র র র ন ন ন
153057,startseq ক ন র র র র ন ন র র গ র ন ন র র র র র র র র গ ন ন ৷ endseq
153058,startseq গ ন ব শ জ বল মন দ র র স থ ন এই দ ব র র র র ক ছ আছ ৷ endseq
153059,startseq প র র র র র র ন ন ন ন ত র ন ন ল ল ন ন ন এব ত র ন ন endseq
153060,startseq গ ন ন ন ন ন গ ন র ন ন ন ন ন গ ল এব প র গ র এব প র গ endseq
153061,startseq ক ন ন এখন ক র র র র র র র র র র র র র ক র র ক র র র র র ক র
153062,startseq দ ই র ব শ ভ ব স র র র র র র র র র য র র র র র র র কর ছ ল endseq
153063,startseq প রস র রস র ত র ৷ endseq
153064,startseq ঢ ক র থ য endseq
153065,startseq এট একট ভ রত র ব ত ত র ব ষ ত র ব ব ত ত ত স ব স ত ত ত স ত ত স ত
153066,startseq পরবর ত স স ত র ত র র র স ব র য কর হয় ছ ল endseq
153067,startseq এর ব ব র র র র র এব পর ন য র র ন এব ন র র ন এব ত র র ন ন endseq
153068,startseq এই ভ ব স র র র র র র র র র র র র র প ওয় য য় ৷ endseq
153069,startseq এই ক ষ ত র ক ত ক চ ত র র চ ত র ভ ষ র র র র ন র endseq
153070,startseq প র র ক র র ক র র র র র র পর বর তন করত প র ন র পর বর তন করত প র ন endseq
153071,startseq স ব স ন ন র ন ম র ন ম স ন ন ম ন ন ন ম ন ত ন ত ন ত ন ত র দ
153072,startseq এট হল থ ক ম ম ট র দ র ম ট র দ র অবস থ ত endseq
153073,startseq এট হল ল ল র প থর র থ ক প র র র র র র র অবস থ ত endseq
153074,startseq ত র ক স ক ক ন স ক ন য য ক ত ক ক ত স ক ক ক ষত ক ষত ক ষত ক endseq
153075,startseq রক ত র র র প র র ত র র র র র র র র র র র র র র শ ষ দ ন endseq
153076,startseq স ব সন ধ য য ব র সময় ব স ব র সময় ব স ব র সময় ব য কর কর কর endseq
153078,startseq আপন ম ক ম স র ম ক ম স ক র ম ক ত ম ক ত প র ন endseq
153079,startseq ব ন স ল ক ক ক স ক ল স ক ক এব স ল ভ স ল ভ র ল ভ ত ক ষ ত কর হয
153080,startseq প র র র ক ছ ক ছ ক ছ ক ছ ক ক ক ক ক ক ক ক ক ক ক ক ষত র হত প র
153081,startseq প রত র ব শ র র ক শ র র ক র ক র ক র র ক র ক র ক য য য় ৷ endseq
153083,startseq স র র র ষ ট র য উদ য ন র ল ল হল ২৪৫০ ম ট র ল ম ট র র ম ত থ ত endseq
153084,startseq এই জন য গ ছ র গ ছ র প রয় জন য় endseq
153085,startseq প র ল ল ল থ ক প র য দ র ক ক ল ম ট র দ র র দ র দ র দ র ঘন ট
153086,startseq বল হয য য য র র ক র ক র র র র দ র দ র র র র র দ খ হত endseq
153087,startseq আম র বল ন য আম র আম র ন ম আম র র এব এব এব এব এব এব ম র প ত কর ছ ল endseq
153088,startseq ত র ত র গ ন র ম র য গ ল ন ন ম র য গ র ন য গ ল র য য কর হয endseq
153089,startseq ব শ ধ ম ত র ছ ট র র র র র র র র র র র র খ দ য য endseq
153090,startseq সম দ র র য র ক ত র ম য র র র র র র র র র র র ক য য য য য endseq
153091,startseq যদ আপন কম কর র ত হল ত হল ত ম খ ব র য য ল ভ ল কর ম খ ব র endseq
153092,startseq এই গ নট আম র মত এই স ট ট করত চ ই endseq
153094,startseq ক ন গ র ক ক র র ক র ক র ক র ক র ক ক র ক র ক ক র ন ম ট র ন
153095,startseq ল ল ল র র ল র ম ল র ব শ ল র গ র ম র র র গ র র গ র গ র গ endseq
153096,startseq ট র ট র য য র র য য র র য য র র য য ত হল স ন ন য য endseq
153097,startseq ম ম ওপ য ওষ ধ হল গ র গ র জ বর গ র জন য সবথ ক ভ ল ওষ ধ ৷ endseq
153098,startseq ত ন ক ক স স ক র স ব র র স ব র কর ন endseq
153099,startseq প জ র ব শ র ত র দ খ ন ই থ ক ই হ ত র র ন ন ন জ ন ন জ ন থ ক
153100,startseq এই সমস য সবজ সবজ এব ক ল ল ক র ক ক ক ক ক ক দ র মধ য endseq
153101,startseq ল ন ন ন র ব ন ন ত র ন ত র ন র র দ ব র দ দ র র য় য য় ত প র
153102,startseq র র ন ন র র ন ন ন র ব ন ন endseq
153103,startseq ক র র ভ রত র গ র ভ রত র গ ন ভ রত র গ র ন র ভ রত র গ র ক ন গ র
153104,startseq ক ন র র র ম ন র ব ক ন ন ন র র ব জ র র জ ব র ৷ endseq
153105,startseq স র র র স র র র স র র র স র স র ভ ল ভ ল ভ জন য উপয ক উপক র ৷ endseq
153106,startseq যদ প র প র প র য ভ রত য র ছ য র য ভ রত র ক রণ য ভ রত র ক ষ ত র
153107,startseq ক থ ক ও ক র র র র র গ র ক র গ র ক র র র র র র র র র র র দ
153108,startseq স ম প র স র স য য য য এব স র র র স র স র স র ন endseq
153109,startseq আম ক স টক টক টক টক সম পর ক আম ক বল ন endseq
153110,startseq ত পর পর স ই ত ন ন দ খ ন ন ৷ endseq
153111,startseq অধ ক শ ম ন ন ন প র ন ম ন ত র ম ন প র ন ম ন র প ত র endseq
153112,startseq VACCINENAME র জ ল ল এর মধ য ক ক ক ন ক ক ন দ র দ ক ন দ র ব ন endseq
153113,startseq ব ব র র ব র ব র ন ন ন র র র র ন র ন র ন র প র ন ন ন ন ন কর
153114,startseq বন ধ কর ন endseq
153115,startseq পঞ চম ব র র র জ ত ন ন ন ন স স ন ন ন ন জ ল ত ন জ ল ত ন জ ত য
153116,startseq অর ণ চল প প র ব ভ ন ন র র এব ভ রত র মধ য অন ষ ঠ নগ ল খ কর ছ ল endseq
153117,startseq ত র র র র ব য র ব য র র র ব র র র র ব র র র র র র র ব ন কর
153118,startseq দ ব র দ ব ভ রত র ব দ র ভ রত র থ ক থ ক ল ম ট র দ র অবস থ ত রয ছ
153119,startseq ছব ত র ছব র ছব র ম ল ত ন প ল এব স স স স স স স স অফ স প ত ত প রত
153120,startseq ব র ব র ব ন ন র র ক ষ ত র ব শ বব দ য লয় র ন ক র ন র র ব জ কর
153121,startseq ম র র র র র র ন র র র র র র র র র র র গ র ন ন র গ ল ন ন ৷
153124,startseq আপন ক আম র বন ধ ক ত ম য আম র ক ছ ক আম র ক ছ ক আম র ক আম ক মন কর ছ ল
153125,startseq ন ন ন দ র র ন ন ন ন ন ন ন ন ন ন ন ন ন ন ন ন ন ন ন ন ন ন ন
153126,startseq ক ন গ ল ক র ন ক ক ত প রব শ কর য ত প র endseq
153127,startseq ব দ ব র ব র র র র ম ত র র র র র র র র র ব যবহ র কর হয় ৷ endseq
153128,startseq র ড ও চ ল কর ন endseq
153129,startseq ক ন য ম ন ষ র গ ন র প র ন ত প র ন ৷ endseq
153130,startseq আজক র স থ ন য য য জন য র জন য ক য ত র কর endseq
153131,startseq য খ ন খ খ খ থ ক থ য endseq
153132,startseq গ য য র র র র র র র ব র র র র র গ র ক বল বল হয় endseq
153133,startseq ব চ চ র র র র র র র র র র র র র র র র কর ছ ল ন endseq
153134,startseq হ র প ট ইট স প প র র প প র ব ক র স ব ট ট ক র স ব প প রয ছ endseq
153135,startseq এট এট এট এট একট র ষ ট র য উদ য ন ক হব endseq
153136,startseq যদ আপন যদ ন ত র ক ন ন ত হল ন ক ন ন র র সময় ধর ম র ব বছর ধর ম ল র জন য
153137,startseq এর জন য প র র র জন য জল র ট র র র র জন য ব শ র ত উচ ত ৷ endseq
153138,startseq চ ন চ ন গ ল র গ র ম র র গ ল ক র গ র ম ক ষ র র র র র র কর endseq
153139,startseq র গ ক ক ক র র ক অবস থ ত পর যন ত স র পর ম ণ পর যন ত ক ত কর উচ ত endseq
153140,startseq প ল সক ল র ব র প র ম ত র র ম ত র ওপর বস ত র ওপর বস ত র য় ৷ endseq
153141,startseq র জ র র র প হ ড র ল হ র হ র হ ন দ র র র র র র র শ র প র ন
153142,startseq ক স ল শহর র ক র স হ স হ স ও স হ ত র ম র ম র ম র ছ ছ endseq
153143,startseq ত র শ র র র য র র র য র দ র য য দ র বল মন দ র গ ল ত দ র বল মন
153144,startseq স ন স ন স ন স ন হয় ছ ল ন ত ব দ র ত ত র উপর আক রমন কর ন ত endseq
153145,startseq ক য ন র জন য প র ক ন র জন য আপন ক স স ক স য প ত প র ন endseq
153146,startseq উত তর প রদ শ র উত তরপ রদ শ র উত তরপ রদ শ র র ত র উত তর শ র কর endseq
153147,startseq এট ক জল জল র ক ক জল র জল বল হয় ৷ endseq
153148,startseq স দ র র র র র র র ক র র স ধ রণ ব যক ত র র র সম ভ বন endseq
153149,startseq ম ন ন ন ম প থ ক প র ম থ র থ ক ম থ ত ৷ endseq
153150,startseq এই অঞ চলট সম দ র য র র র র র র র র র র র র র র র র র র ছ endseq
153151,startseq খ ব র র র র র স থ ক ক র থ ক স থ ক ক ক স থ ক দ ওয় র সময় ক স থ
153152,startseq ভ রত র ভ ন ন ভ ন ন র র ক ছ ক ক ক ক ক ক র ক ক ক জ কর র ক জ কর
153153,startseq ল ক ন ক র ক ন য ন র র র র র জ র য ন র জ র য ন ন য ন য ন য
153154,startseq একট প র দ র র র য র র ন য ন য ন র ন য য র র ন য দ র endseq
153155,startseq দ ট ট র দ ট দ ই দ ট দ ই ভ গ ল দ ভ ন ন ভ ন ন ভ ন ন ভ ত ত হয
153156,startseq স ই শ বর পর যন ত দ র ত র দ র প র প প র ৷ endseq
153157,startseq ব র ট স স ধ রণ ব শ ষ স ধ রণ ব ন ন ন ত র ম ন র র ম ত র কর দ য়
153158,startseq জয র র থ ন থ ক ম দ র অবস থ ত র জ ল র র র র র র র র র র র ন র
153159,startseq ভ রত র জ য র য ন য ন য ন য ন য ন য ন য ন ল ক ক ক ক ত ক ত ক
153160,startseq ম য য় ম ঝ ম ঝ ম ঝ ম ঝ ম ঝ স র গরম জল র স র স র র র র উচ ত endseq
153162,startseq র ত র র র র র ন য য ত র ন য ত ক ন ত র র ক ন ত র ন ন endseq
153163,startseq এমন স ল ক র মধ য দ খ য য় য দ দ র গ ল পর যন ত দ খ য য় endseq
153164,startseq ক ল গ ন ন ন গ ল ন ন ন গ ন র ক ষ কর ন হয় endseq
153165,startseq আগ ম স ম র র প রথম ক endseq
153166,startseq এই গ ল ল শ ষ শ ষ শ ষ গ ল র র ল র শ ল শ ল শ ল endseq
153167,startseq ব দ র র ন র র ব ন ন ন ত কম ত র কম য় কম য য় কম হয় য য় ৷ endseq
153168,startseq অন য ন য ন ন ক ন দ র র ক ন ও ন জ র ক ন ক ন ক ন ন endseq
153169,startseq ক ন র র র ন র র র র দ ন র র র দ র দ ন দ র দ র দ দ র দ ক ত
153170,startseq ত বক র স র র এব ক ষ র র র র ক ষ প রস ত ব যবহ র কর হয় ৷ endseq
153171,startseq আম র ক র আগ র দ খ র আগ র আগ ত ক য ত করত হব endseq
153172,startseq ম ট ত ল ত ব শ ব শ হয় ৷ endseq
153173,startseq এর জন য খ খ র র র র র র ত র র খ ওয় উচ ত ৷ endseq
153175,startseq ক ষ র র র র র র র র র র র র র র র র র র র র র র র র র মত ই
153176,startseq এট সম প র স স ক ত স স ল র স ন ন র র ন র ছ ল endseq
153177,startseq এই শহর র এই শহর র এই শহর র এই শহর র শহর র শহর র শহর র ন বইট পড় ন endseq
153178,startseq ভ ট ট র ফসল র জন য ফসল র জন য ফসল র ক র র প রয় জন য ত প র ৷ endseq
153179,startseq ব শত ব দ র র র র র র র র র র র র র র স গ র স গ র স গ য কর ছ
153180,startseq এট ব জ র র র র ব দ র র র র র র র র র র জ য র র জ য র জ য ছ
153181,startseq আর অল বর তম ন র র বর তম ন স প ক র ন ন endseq
153182,startseq ঝ ড খণ ড র ব ভ ন ন র ব ভ ন ন র র ব ক র রয ছ endseq
153183,startseq ব গ ছগ ল র গ ছ র ক ষ ক ক ষ ক র থ ক ৷ endseq
153184,startseq এট স ল র র র এব র জ এব র জ যসভ র ন র র র র র জ য র জ য র জ য র
153185,startseq ক ষ র গ র র র র স থ স থ গ দ য় র খ ন ৷ endseq
153186,startseq অন ক র র য ন র র য র গ র গ র গ র গ র গ র গ র গ র গ র ক ক ৷
153187,startseq একট র দ দ খ মন কর endseq
153188,startseq ব হস পত ব র ব ব ক ষ ব ষ ট হব endseq
153189,startseq ত র ত য ত ত য ত ত ত য ত ত র র ব ত য ব দ ধ র র র র ব র হব endseq
153190,startseq ক ন ক ছ ল প র প ছ ট ছ ড প ছ ড প হ ড র ছ ল হ স ব উল ল খ কর ছ
153191,startseq ক ষ র ক ক ন র ক ন র জন য ক নও জ ন ন র জন য প র থম ক জ ন র জন য
153192,startseq ক ন গ র ক ষ ক র র ক ষ র ন য গ র ষ ট র য গ র স ব গ ছ endseq
153194,startseq প রত য ক ক ড র ক ক ক ক য গ ড র ক ক ক ক ক ক ক ক ক ক endseq
153195,startseq ক ছ ক ষ ক র ন শহর র শহর শহর শহর র শহর এব ক ন শহর র ক ক শহর র ক ন শহর শহর endseq
153197,startseq জ র র জস থ ন র জস থ ন র জ র ম র জ র জ বন র ব ব ব র ত প র endseq
153198,startseq প র ক ত র র র র র র র র র র র প র র সম ভ ব একট গ র র র বল মন কর
153199,startseq স ও সম দ ধ র ন ত র ন এব ব ন ন ন ন ন ক ন স ক ক স স ক ক ত র কর
153200,startseq প র র র র র র র র র র র র র র র র র র র র এব প খ র প র endseq
153201,startseq ক ন র র র র ক র র ক র ক ত ক র র ক র ক ত ক ত র র ব র প র হয়
153202,startseq র র র র র র র ত র র র ত র র র ত র র র র গ র র র র দ দ দ ওয়
153204,startseq স থ ব র সময় র পর যন ত স থ ন য ব শ ষ স ব স থ ন র স থ ন য য endseq
153205,startseq এট ল ল র জ ল ব যবহ ত র ব যবহ ত হয এব ব যবহ র ব যবহ র ব যবহ র কর হয endseq
153206,startseq ক ক র র ক র র ক র র ক র র র র র র র র র র কর র কর উচ ত ৷ endseq
153207,startseq ত ম র প র য র প র য র প রথম ত র প র প র প র প র ব যবহ র কর হয endseq
153208,startseq য র ম ম র র স খ য হয ছ ল এব এট র র র র র র র endseq
153209,startseq ব শ র র র অন ক ব হ র র র র র ব যবহ র কর প র ৷ endseq
153210,startseq স র র র র র র র র র র র র র র ক র র র ক র ব র ক র স ট হয় endseq
153211,startseq ম ম র ফ র স ফ ট র র র ব র ব র প র প প র endseq
153212,startseq ক ন ন ন ন ন ন ত র ন ন ন ত র ন র ন ত র র র র ত র র র endseq
153213,startseq এখ ন ও দ র র র র র দ রও ব য য ত প র ৷ endseq
153214,startseq এব ভ রত র ন দ র ন ন ন র র ন ম র স স ম র ম র স ক ত ক ত ক ত কর
153215,startseq র র র র ন প র প র প র ক ত এই প রক র র র র র ব ব ব ব ছ ল ছ endseq
153216,startseq এখ ন অন ক ব শ কয কট এব ল এব প র র র এব এখ ন র র র র র র এখ ন হয ছ endseq
153217,startseq এট ন গ ল ন ন ন ন কর ন এব র র র র র র র র য় আস ৷ endseq
153218,startseq যদ ও ক র র ব র র র র র র র সবচ য় ব শ র র র endseq
153219,startseq এট ক ক র য য য ক ক র র ক র ক ক ক র র র র র র র র র র র র গ
153220,startseq ম র ন ন ন ন ন ন ন ন ন ন ন ন ন ন ন য় ন য় ন য় ন য় endseq
153221,startseq র ত খ ল শ র কর endseq
153222,startseq শ ম র র র ম ঝ ম ঝ ম ঝ ম ঝ ম ঝ ম ঝ ম ঝ ম ঝ ম ঝ য় ৷ endseq
153223,startseq বল ন ন ন ন ন ন ন র ম র র ন ত র ম ত র র র বছর আগ বছর আগ ছ ল ন ৷ endseq
153224,startseq এট একট গ রহ লয র পর বত র র র র র র র র র র র র র র র র র র র endseq
153225,startseq ক ন ত ক ছ ছ ল ন ছ ল ছ ল ছ ল ছ ল এট ক ছ গ ছ ল endseq
153226,startseq ন গ ল ঝ ল ঝ ল র ক ন র র ম ঝ ম ঝ ম ঝ ম ঝ ম ঝ ম ঝ ল ন ন endseq
153227,startseq যদ আপন র র র র র ত র ত ন ত হল ন ক ন হল হল ব র হল সবথ ক ভ ল ন endseq
153228,startseq পর যটকর ৭১ পর যটকর ব স ব দ ব র র ন ও দ খত প র ন ৷ endseq
153229,startseq স ম র র ক র ক র ক র ক র ম ট র র ক র ক র র মন দ র র মত মন র খ
153230,startseq জ জ র র র য য য হয় য য় ত র হয় য য় ও চ ন ন র ক র ক ন র ক ন endseq
153231,startseq যদ ও ক ক ন ন জ র বল মন কর হয় য ন ত য ত র বল হয় য য় endseq
153232,startseq আসল দ ট ন ক ন ত ক ন বছর র র র র র র র র র র র র র র endseq
153233,startseq ভ ন পর চ ত র র ট র য র ট র ট র ট র ট ক ট ট ক র ড য য ত প র
153234,startseq এই ছ ট ছ ট র গ ত র র দ র অন য ন এব স র র র র র র র র ত কর endseq
153235,startseq অন য ন র র থ ক শ র ম শ র কর র সময় ম শ র র র ত র র যবহ র কর উচ ত নয়
153236,startseq মন র র র র র মন মন দ র র মন দ র র মন দ র র র স থ ন মন দ র অবস থ ত
153237,startseq এর ফল হ ড ও ব দ ত র র গ কর র তথ য দ য় ৷ endseq
153238,startseq এখ ন ক র গ ছ র শ ল ত র শ ক ষ ক শ ষ ক ষ ণ শ ষ গ ছ endseq
153239,startseq ফ ব র র ড সপ ত হ র দ ই সপ ত হ ই উচ ত endseq
153240,startseq যদ ও অন ক র র থ ক র র র র গ র গ ন র গ গ ল ক র গ ন র গ ন endseq
153241,startseq ব শ রক ত র হ দয় র হ দয় র ফল হ ত র ব চ চ র ম খ ব র ন য় ন endseq
153242,startseq আম র র র র র র শ র ভ শ ল শ শ শ নত চ ই endseq
153243,startseq প র ক র ক ক ক ম র ক ক ক ম র র চ র শ শ র র ব শ শ র endseq
153244,startseq চ ল ত ল গ ল শ র গ ল গ ন র গ ল র রস ত ল র রস ত ল গ ল ত প র ত
153245,startseq ব র ক র র মত অন য য র র র র র র র র র র র র র র র র হয endseq
153246,startseq ক ন ত ব দ দ দ ব দ দ দ ল প ন ন ন ন endseq
153247,startseq গম র ষ ট র র র র র র র ষ ট ক ষ ক ষ ট র ষ ট র endseq
153248,startseq গ ড ক ট ড র ক ক ড র গ ড ক ক ক ড ক ক ক ক ক ক ক ক ক endseq
153249,startseq সর দ র প র র জল র স থ জল র প র র র প ওয় য য় ৷ endseq
153250,startseq স ম ন স স ট র স থ য য য এই য য এই ম থ য ট য ত হল এই য য endseq
153251,startseq ত ক ন ন ল স র র ম র র দ ক র ব র য় ন য় endseq
153252,startseq ব ন ন ন র ব শ র ছ র ছ ল ক ছ বড বড অ শ র হয ছ ৷ endseq
153253,startseq প রত ট ক র র র র র র র ব র র র ব দ ধ আস ন ৷ endseq
153255,startseq ক রল র র ট র পর যটন ব শ ট ট ট ট ট ট ট র ট র থ ক থ কত থ কত endseq
153256,startseq প র র র ন দ র দ ব র দ ধ প ত ত দ র দ খ দ য দ খ ন ত endseq
153257,startseq যদ আপন র র ক ছ একট ছ ন ত হল আপন র আপন র আপন র একট ভ ব একট নত ন প র প র endseq
153258,startseq চলচ চ ত রট একট অভ য ত র ল ল ল একট ভ ল শ র হয endseq
153259,startseq র ম র র ম র র ম র র র ম র র র র র র র র ম র জ ল য ন endseq
153260,startseq শহরট ত র গ ন ন গ ল র ক র ব শ ল ট র ট র আছ endseq
153261,startseq য র র আগ ত র র আগ ত র র আগ ত ক ন ত র র আগ ন ত দ র ন য় endseq
153262,startseq প র র র গ র র গ র ক র র র র র র র র পর যটকদ র পর যটকদ র পর যটকদ র ন থ
153263,startseq অন ক ফসল র ফসল র ফসল র জন য দ ট ক দ ট ক দ ত দ র endseq
153265,startseq আজ ত র বল হয় য ন য ন ন ন ন য ন ন গ র ন জ র জ বন র র র প র ন endseq
153266,startseq প র প হ ড র ক ছ ক ম র ন ম র ন ম র ন র ক ছ অবস থ ত endseq
153267,startseq পন ড ত ল ল শ শ ভ ল ভ ল ভ ল ভ ল ক ন ত ল ভ ল ভ ল ভ ল ল ন endseq
153268,startseq ওখ ন থ ক জন য জন য এক ব ন থ ক ব ন ন হয য য ৷ endseq
153269,startseq ক ন র র ন ন ন ন ন ন ন ন ন ন ন র ন ন র র ন র ন র ছ ল endseq
153270,startseq ল ক র র দ র দ র দ ক ত দ র দ র দ র উপর দ ত কর endseq
153271,startseq ম ল র র র র র ন ন র র ন ন র র ন ন র ভ গ র ভ গ ন র র র র র
153272,startseq চ ন ন দ ব র ভ ল দ ধ র ভ ভ রত য় স ন ন র স ত র র র ত র ত র ত
153273,startseq ন ন চ ন ন গ ল র স ন গ ল র স ন ন র ভ ট র র ভ ল র জন য য য endseq
153274,startseq ক ষ ণ র ক ন ন ন র র ক র ন ক র র ষ ণ র ষ ট র র র র উদ হরণ endseq
153275,startseq ক ন র ন ন প য় ছ ন ন এব ত র র র শ র র র র শ র র র শ র র ক ছ
153276,startseq একট প র চ ক র র র র র র র র র র র র র র ক র র খ ব র খ ওয় উচ ত
153277,startseq ন গ ল র র র র র র র র র র র র শ সনক ল র ব শ র র র র র র র endseq
153278,startseq প রধ ন আকর ষণ র ন ন ন ন ন ন র র র ন র ল ভ ন ন ন র র ন কর ছ ল ন
153279,startseq ক ষক র ক ষ ক র র থ ক রক ষ ত র শর র র রক ষ ক রক ষ র রক ষ কর ৷ endseq
153280,startseq ক ষ র ক ষ ত র ক ষ ব র ব র র র র র ব র ব র ব র কর endseq
153281,startseq স র শ র শত শ শত শত শ শত শ কর হয় ৷ endseq
153282,startseq ক র র র র র র র র র ফল র র থ থ হয় ৷ endseq
153283,startseq আপন ক প প আর এ এন নম বর এর অটল র প নশন র এর জন য আম র প পর ক ষ কর ন endseq
153284,startseq ম ট য় র ক ক ক ক ক ক ক র ক ক র য য় ৷ endseq
153285,startseq ন প র র ন ন ন ন ন ন ন ন ন ন ন ন ন ন ন ন ন ন ন র র ন ন ন endseq
153286,startseq অন ক উ ক উ চ লন আছ এমন একট আছ য আছ য ই আছ য খ ব র য ত হল ত ই আছ ৷ endseq
153287,startseq এপ র ল ল ল ল ল ল ল ল র ন র ল য ন র র র র র র ক ক ক ক ছ ছ ল
153288,startseq ক ছ ক অন ক র র ম র র র র র ফ ল ফ ল ফ ল য য় ৷ endseq
153289,startseq অন ক স থ ন র র র র য র র য র র য র র ম র ম র ষ ঠ ন কর য endseq
153291,startseq ব ন ত র র ক র প র ব র থ ক গ র র গ র র গ ছ র প ত প র endseq
153292,startseq এই সময় থ ক প র প র প ত ৷ endseq
153293,startseq আম ক ক ন অ য ল র ম স ট কর ছ endseq
153294,startseq ম ন র র ব শ র ন ন ম ন র ব শ র ন ন ন র ম ন র র ন ন ন গ ছ ন
153295,startseq ক ন ক ছ ব শ থ ক ব শ ব ন য ন ক ক ন ন য ন endseq
153296,startseq ত রপর স র জ জ র স গ য গ কর ন endseq
153297,startseq আম আগ ম ক ল স থ স থ স ট ট স থ পন করত হব endseq
153298,startseq ক ন দ র ন র ক র দ ব র ব শ দ র ব শ ল শ র র র র র র ভ ল কর endseq
153299,startseq ক ছ ক ক ব র ক ক ক র ক ক ক ক ক র ক ক র ক ক র ক ক র ক ক র ক
153300,startseq ন ন ন র ক ন ন জ র জ ন জ র ক ন ন জ ন ন ক ন জ ন ন দ খ য য় endseq
153301,startseq ন শ র ত র র র র র শ ল প র শ ল র খ র খ বই স স ন দর ৷ endseq
153302,startseq এরপর দ র প র ত র সরক র র সরক র র র সরক র র র র সরক র র র র র ক ক ছ ল
153303,startseq আপন যখন আপন র ক ন পর ক ষ কর ন ন ন র ধ র কর ন endseq
153304,startseq স ন ম ঝ ম ঝ ক ন স ক য স ক ন স ক য স ক ন য র র র র র র একট ব
153305,startseq ক ন ন র গ র ন ন ন ত র ন ন ত র খ ন ত র র র ন ত র endseq
153306,startseq ক ন স ধ রণত ন ক ক র ক ক ক ক ক ক ক ক ক ক ন ত ক ক ন ত কর ন endseq
153308,startseq ম র র র র র ন ন গ র ক ষ র ক ন র ক ষ ক র ন ন র ক র ন ন গ ন
153309,startseq ম ট ক ম ট ম ন র জন য উপয ক ত নয় ৷ endseq
153310,startseq জ মস থ ক গ ন ব জ ও endseq
153311,startseq যদ আপন য চ ন ত র ক ছ ক ছ ক ছ ক ছ ক ছ ক ছ ক ছ গ র র ক ছ খ র মত
153312,startseq প রথম ও ম ন র স থ ন ন ন ন ন র স থ ন ন ম স র ন ন ন ন ন endseq
153313,startseq ক ষ ক র চনজঙ দ র ষ ট র য উদ য ন র ব র নবন দর হল ৪৮৮ ক ল ম ট র দ র অবস
153314,startseq বর তম ন ক ষ ব শ ব শ ব শ ব ব শ ব ব শ ব র ব শ ব র হয় endseq
153315,startseq ত র র ন য র র য র য র র য য ন য র স থ ন য ক ষ র ক ষ কর ন endseq
153316,startseq ক ন র র র ল ল ল ল ল ল ল ল ল ল ল ল ল র ব দ র ল র র ল ল র ল
153317,startseq ম র র র র র র ম র র র ম র র র র র র ক ও প র র প র প র প র
153318,startseq জ য ক ষ ট র ক ষ ত র র এব স ন র র র র র প রত র স র প রত ক প রত
153319,startseq ভ রত প রত প রত প রত দ ন প ওয য য ৷ endseq
153320,startseq এমন ত হ গ র র র র র র র র ছ ল ৷ endseq
153321,startseq প ল ল গ র র ন ন র র র র র র র র র র ল ল র প র ন কর ছ ল ন endseq
153322,startseq ক ন ন গ হ ড র চ ন ন থ ক ন ন ন ই ব শ ন র র র র র র দ খত প র
153323,startseq এই ব য ক ত ক র ফল ব শ ব জ ব র উতপ দন ব শ প দন কর হয় ত প র endseq
153324,startseq ছ ড ও ক ক চ ক ৎস র ক চ ক ৎস র ক চ ক ৎস ক ক ন ক ন দ ক ন ক ন দ
153325,startseq ন জ র স ন স র স ব স য ক ত প র ছ ল endseq
153326,startseq য র র র র ত র ত র ত র ত র য় ম ত র য় ম ন র স ক র স ক ত প র
153327,startseq ক লক ষ র র র র র র র র র র র র র র র র র র র র র র প র হত প
153328,startseq ল ল ল ক ন ন ন র র ন ন র র র র র ক ছ অবস থ ত রয ছ endseq
153330,startseq শ ল প র ক ক ক ক র র র র র ক ক ক ক ক ক ক র র র র য দ খ য য
153331,startseq হ ম প র র র র র র ওপর শর র র খ র ওপর শ র কর ন ৷ endseq
153332,startseq এই স ল র র র জন য ন র ম ত র ব ব শ ষ ব স ব স ব স ব ব যবহ ত হয ছ
153333,startseq ক ন গ র র র সবচ য় সবচ য় সবচ য় সবচ য় জনপ র য় এব র র র র র র খ য খ ল endseq
153334,startseq প ত জল স থ স থ জল র জল র থ ক জল র জল র জল র জল র ক ন র ক endseq
153335,startseq ন ন ন র র ন র হ ন র র র র র র র র র র র র র র ম ঘল স ন ন ন
153336,startseq এই অন য ত য ত য ত য ত র র ম র ম র ম র ম র ন ন গ ন ন ন endseq
153337,startseq আম ক ন ম র ন ম র স ন ম র য ন ম র য ন ম র ন এব ম র ন র ন ন endseq
153338,startseq আধ ন ক ন দ র র ন ত র ন ত র ন ত র ন ত ব ন ন ত র ন ন ন ন ন ন
153339,startseq এট জন য ন র র র দ র র ব র র র র ক ন ত র র র র র র দ খ য য় endseq
153340,startseq দ র গট র গ র প প র প প র প র প থর র র প র একট একট ম দ র র endseq
153342,startseq জল র র র র র র র র র র র র র র ব ব ষ ট কর endseq
153343,startseq বরফ র সময র খ ব র র র স খ য স খ য ক ষ ত র অন য য অন ক লন য় endseq
153344,startseq স ন প র প র প র চ ন স ন দর এব স ন দর স ট শন স ন দর য অবস থ ত রয ছ
153345,startseq স র র র ন ল ক ন ন ল ন ত হল ক জ ন ন endseq
153346,startseq হ ম চল প রদ শ র প র র র র র কম কম হয় ৷ endseq
153347,startseq স থ ন য স মন দ র স ন ন য স র প র প র চ ন প র প প প ওয় য য় endseq
153348,startseq প ট র র র র র র র র র র র র অন ভ ত অন ভব কর ৷ endseq
153349,startseq এই দ র র মধ য মধ য ব র র র মধ য অন য ব র র র মধ য প র য র আছ ৷ endseq
153350,startseq প রবন দর গ ন ধ ন ধ র ত র স ন দর ব খ য ত endseq
153351,startseq র জ য র ন ন ন ম ন ন ন ম ন ন ন ন ন ন ল ল ন ন ন র ভ ম র মত endseq
153352,startseq ক ম র র র র র র র র র র র র য় ম ন র র র ন ন ন য় ন ন endseq
153353,startseq ক ন য র র র য গ য ন র র য ন র র র প রত য ধ ক ষ ঠ ন য ন ন ন
153354,startseq ত ন দ র ন ন ল ল ন স স ল ল এব স ল ল দ ল ল ন র ন ন ছ ল ন endseq
153355,startseq এট বল য বল ন য য য য বল ন য ত র ন য গ য ত র ক ন ত র ক ক ক ক ক
153356,startseq এর জন য ন ন ন ন ন ও ন জ র গ ছ র ন ন ন ন ৷ endseq
153357,startseq এই র র র এই পতঙ গ র ক গ বল হয় ৷ endseq
153358,startseq ভ ত র র ব র কর ছ ড ক র র র র র র র র র র র র র ত র কর ছ ল ন
153359,startseq সময় খ ব র সময় খ ওয় র সময় খ ওয় র সময় ক খ ব র র স থ ক ক জ কর ৷ endseq
153360,startseq প প এফ ব ব ইল নম বর এ এন নম বর এব এমপ ন ব যবহ র কর আম র ব যবহ র কর আম র ব যবহ
153361,startseq ত ন ম ন ম পর চ ত ত র র র র র র র র র র র র র র র সম পর ক ত কর
153362,startseq ক ন দ র ল ক র ক ন ন ল ল ক ন ন ল ল গ র ক ছ ক ন ন ত য য় endseq
153363,startseq ক ন প র প র প র ট শ ধ প র ব ধ ধ ধ র ধ র ধ র ধ র শ শ র শ শ
153364,startseq ব চ চ র র র র র র ত র র র ত হল ত র র র র ত হল ত ক ক ক ত হয় endseq
153365,startseq ক র ফসল র ক ষ ক ষ ক ষ ক র ক ক ক ক ক ক ক ক ক র খ র য় ৷ endseq
153366,startseq প রত ট ক স স থ ক দ ই প র দ ক ই স ই স ব ব ব ব কর ন ৷ endseq
153367,startseq ক ন ন ন ন ন ন ন ও ক ন র র র ন ন র র র র র র র ক দ য য endseq
153368,startseq দয কর র ক ক দ দ আল বন ধ কর ন endseq
153369,startseq আম র প য ক অ য ক উন ট ক অ য ক উন ট ক ট ক ট আছ endseq
153370,startseq য র র গ র ন ন গ ছ র ক ছ সম প র দ র র সম দ রতট র ক ক প প র endseq
153371,startseq ন শ ব ন ন ক ক ন ন ক ক ন স ন য় র ক ক স র স র স ক রমণ কর endseq
153372,startseq ক ষ ক ক ক ব ব য গ ছ র গ র ত র গ র ত বপ র ণ স থ য গ কর কর উচ ত
153373,startseq এইভ ব ব আপন র প র র র র র র র র র র র র র খ ব র র খ ব র কর ন endseq
153374,startseq এই ঝ ল র র র র ক ষ ত র ন ত র বল হয় ছ য ত র র প র র র র র র র
153375,startseq এর ফল ক রণ ক ষ র ক ষ র ক ষ র ক ক র ক র র ত দ ওয় উচ ত endseq
153376,startseq ন ন র র র র র র ন য ন র র ন র ন র র ন র ন র ন ন ন ন ন ন ন
153378,startseq খ ল র স হ স হ স হ স স স স স স স ক ত য ন য ন য য ন ৷ endseq
153379,startseq স ম প রত ক ইম ল ল ক ত র খ ন endseq
153380,startseq স ব শ পর যটক র পর যটন র পর যটন র র র র র র র র র র স ন ন কর ছ ল ন endseq
153381,startseq আর দ র সবজ র য স থ ন য জ র র জ র জ ব র ব শ থ ক ই ব ন ন ৷ endseq
153382,startseq ক ন ক ন ত র র র র র স ন দর য ল র র ল ল ল র ব র ত হয endseq
153383,startseq ত র র স ধ রণ ব স র র র র শ র র শ র ন endseq
153385,startseq শ শ শ র ত ল ক ন ত ন ত ন ত ন ত ন ন য ন ল ন য ন endseq
153386,startseq গ র র ন ন র ন ন গ ন র ন ন endseq
153387,startseq এট প র র গ র ক ত র র য় ন য় ত রপর ন র গ ল ন র র গ ন ন ন য় endseq
153388,startseq ক র প র প র ক ছ ক ছ ক ছ ল ক র র ক ছ ক ষ ত র র ক ছ ল ক ছ ত
153389,startseq র জ র গ র র গ ন র র গ র র র র র র র র র য গ কর ন endseq
153390,startseq ক ন ব র ব র স ব র ন ত র ম ত র র র ম ত র র ম র র প র endseq
153391,startseq আপন র র র র র র র র র র র কর র জন য একট ন শ র কর ন য ত হল আপন র জন য
153392,startseq শ ব র ব ত ত র ব র ত র গ ছ ন ন ন ন endseq
153393,startseq শ র ত ই নয় য গ ল ক ন ত র ত র র ক ন ত য ত র ত র ত র ত র endseq
153394,startseq শ র ত র র ক ক ক ন ক ক র র ক ক ন ক ন ত ক ন ত ক ন ত ক র endseq
153395,startseq ব স থ ন র ল ল র র ল র জ ল র র জ য র র র অবস থ ত ছ ল ম র ত র
153396,startseq য র য য র ক য খ ব র ক য য ক ক ক য র ক ক ক ক ক কর ন endseq
153397,startseq এট সক ল সক ল র সময় ম স র মধ য ব র র র র র র র সময় endseq
153398,startseq যদ ও প র র র ন ন ন য় ন য় ন য় ন য় এব ক র র র র ক ত ক ত ক ত endseq
153399,startseq ক ষ র র র র র র র র র র র র র র র র র র র ব শ ব শ endseq
153400,startseq প র র স র ট ক র প র ব র endseq
153401,startseq এট বছর বছর র ন র র র ন র র র ন র র ন য য ত প র ৷ endseq
153402,startseq এখ ন দয কর আল গ ল ল ল ল endseq
153403,startseq ন গ র র ন গ র ম ন ন র ম র ম র র র র র র র র স থ ন endseq
153404,startseq ক য প র র র র ত র র ক ত র গ র ক ন র গ র র গ র র দ দ র গ ল
153405,startseq শর র শর র শর র শর র র স থ স থ উচ উচ ত ৷ endseq
153406,startseq আম বল ছ endseq
153407,startseq অন য ন র র র র র র র র গ র ত বপ র ণ ভ ম র র গ র গ ন গ ল গ ন
153408,startseq ক ন ন র কতগ ল আছ endseq
153409,startseq উজ জ জ র স জ শত শ endseq
153410,startseq এই মন দ রট প র য গ ছ ল য গ র ত য গ য গ য গ র ম ন র ম র endseq
153411,startseq ব য ন র দ র ক ন ন ক নও ব শ ব যবহ র করব ন ন ৷ endseq
153412,startseq প ল র ন য ন য ন য ন র র র ন ন ত র র র র ক ষত ক ষত ক ষত কর endseq
153413,startseq ম র গ র প র ণ র গ ল র র গ র ত র র গ ল র প র র ত প র endseq
153414,startseq আসল ঠ ন ড র সময় রক ত প রক ত প র ণ হয় য য় ৷ endseq
153415,startseq এই স থ য গ নদ র ক ক ক ক ক ক ক ট র র ক ম ট র দ র অবস থ ত রয ছ endseq
153416,startseq উন নত হয় যখন আপন র র ক ন ত হল আপন র র ন ন ত ন র ন য় ন ন endseq
153417,startseq যদ ব জ ব ন র র র র ত র র র র র র র র ঘন ট র জল র প রয় জন কর উচ ত
153419,startseq আপন র প র ন এব অর থপ রদ ন র অর ধ এব প ন এব প প র ন endseq
153420,startseq ম র র পড র ফল ক র র র র র র র র র র র র র র র ন য়ন ত রণ হত প র
153421,startseq যদ ক র র স থ ন ত হল ন ত হল ত হল চ র শ শ শ শ শ ক ব চ চ র ন হয় ৷
153422,startseq পরবর ত ন ম ন ম র র ব র ন ম ছ ল endseq
153423,startseq ন ন ন ন ন ন ও ন জ র স ন ন ত র র ন ন ত র র স থ ন য দ ত কর endseq
153424,startseq ব শ য র মত অন য য ব শ ব দ ধ র শ ল র র শ র র খ দ য র ছ ল endseq
153425,startseq ব ড় র ন এব ন এব ন র র স র র র র র র র দ র র ব র ন ন ন endseq
153426,startseq শর র শর র র শর র র র ত বপ র ণ শর র র ক ত র র র ত বপ র ণ ৷ endseq
153427,startseq ব তর ভ ক ত র র ক ক ক ক ক ন ম র ক ন ক ন ক ন ক ন র ক ন র ত র
153428,startseq প রত বছর র র র র ম স র ব ব স র র র ব র র র র র র র র হয হয হয endseq
153429,startseq ল ল ক ক ক র র র র র র র র র র র ক র র ক র ক ষত র ক ষত হয় endseq
153430,startseq ত রপর স থ ক থ ক ব য য য য ত ন ত ক ত ক ত স থ থ ক থ ক endseq
153431,startseq এর ম ল র ল র ট ল র ট র র ভ ল র র ন ন ন দ ব র য় ন ন endseq
153432,startseq স র র র স র স র স র স র স থ য য ন য ন ত র র র র র র র হয় য
153433,startseq প র য র ল গ ল র র র র র ন ল ন ত র র ন ত র র র র ন র কর ন endseq
153434,startseq প রথম স ন একট নদ ত ত র স থ ন থ ন নদ র স থ ন ম র ম ণ কর হয ছ endseq
153435,startseq ত র ত র ত র ত র ত ত র ত ত র ত র র র ন র ম ন ষ র ক ষ ন ন endseq
153437,startseq ভ রত র স থ ন র ভ তর পর যটন স থ ন র পর ম ণ র থ ক ও ক ষ র র র ন র
153438,startseq র র র র ণ র র জ উম কর endseq
153439,startseq ম ট র র র র ব র র ম ট পর ম ণ ম ট ম ট ব ন কর উচ ত ৷ endseq
153440,startseq স স ল র র র র র র র র র মন র র র র হয় য য় endseq
153441,startseq ক ল দ য় দ য় স খ ব র ল হ ত ব ড ত থ ক ৷ endseq
153442,startseq স ক ত ক ক ক ক ক ক ন ত ক ক ন ত ত দ ক ন ত দ র ক ন দ ন endseq
153443,startseq ম ত ক ক ন স থ স থ স থ য র র য হল ব শ রভ গ ত হল ব শ রভ ব ত হয় ৷
153444,startseq আসম ক একট ইম ইল প ঠ ন endseq
153446,startseq এর প র চ ন ন ম র ন ম ও ভ রত র ব দ ক র ভ রত র endseq
153447,startseq ক ন ভ ল ভ ল র প ত ত ত ত ত ত ম ল ত র ত র র ত র র ত র ত বপ র
153448,startseq খ ল এব র র র ক র ল ক র ল ক র ল ক র ল এব গ ল ও ভ ল endseq
153450,startseq ক ন এব শ ল র দ ব র র র র র র স থ ন য ক স ন দর য য ৷ endseq
153451,startseq আম র ক আগ ম ক ল ক ব ক ল ন অ য পয ন টম ন ট আছ endseq
153452,startseq আম র ক য ল ন ড র থ ক থ ম ছ ফ ল ন endseq
153454,startseq এই প রধ ন ক ন ত ক ন ত ক ন ত ক ন ন ন ন ন ন র র ন ত র ছ ল endseq
153455,startseq আম আম র ব য র জন য প র য ল স ট চ ল স ট শ নত চ ই endseq
153457,startseq এই ক ল ল ক টর শতকর ক টর শতকর ক ম ট র endseq
153458,startseq এই ব দ ত ত র ব এই ত র ত র ত র কর হয য ত র কর হয ছ ল ৷ endseq
153459,startseq ক রল র জ য র প র প র প র প র প র প র ক র ক ছ ক ষ ত র স থ ন
153460,startseq স ল ম ট র ট য ন কর হয ছ ল ন য য ন ল ন ত ল ন endseq
153461,startseq ক ক ক ষ ত র র ন র দ র ত র র জ র র র র র ত র অভ জ ঞত কর ন endseq
153462,startseq ক ষ ক র ফল ফল ক ষ ত র ক ক ক ক ত ক ক ক ত র র ত র বল হয় ৷ endseq
153463,startseq হ ম র প র প রক প সম পর ক সম পর ক ন endseq
153464,startseq ত ই র র র র র র র চ র র র চ ক ত র র ক ক ক ক ক জ র ক ক ক জ
153465,startseq আপন র ব জ র জন য ব ব র র জন য ব ব র র জন য ভ ল র গ ন র খ খ ন খ
153466,startseq ম ন র র ব ব অথব ক ব অথব ব ব অথব ব ব ব শ ব ব শ রভ ব ত ত প র endseq
153467,startseq এই রকম র চ ক ক ন ক ন য় ন ক ন য় ন ক ন য় বল হয় endseq
153468,startseq ব খ য ত ব খ য ত র গ র র গ র র গ র ম র গ ল প র গ ছ endseq
153469,startseq এখ ন হ ব হ ট ল ল হ ট ল হ ট ল হ ট ল হ ট ল র র র ব যবস থ আছ ৷ endseq
153470,startseq ফ সব ক নত ন নত ন ক স ট ন য ছ endseq
153472,startseq প ক র র ক ন কর হয য য র র গ ল এব ত র র গ ল ন ন endseq
153473,startseq এছ ড ও ক ষকদ র ক ষকদ র ক ষকদ র ক ছ ক ষকদ র জন য অন ষ ঠ ত হয endseq
153474,startseq স ন দরবন র প র থম ক ন র র র র র র ন র র র endseq
153475,startseq এই জন য স র উত প দন এব উত প দন র জন য প রয় জন য় endseq
153476,startseq এই শ ব শ র ন ন ন ন ন ন ন ন ন ন ন ন ন ন ন ন ন ন ন ন দ র দ দ
153477,startseq ত র বল বল ন য র র র র র র র র র র র র র র ক র র ক র র দ ক ন
153478,startseq যদ ক ট র র র র র র র র র র য র র র য র র র র র র গ য গ য গ
153479,startseq এট ও এট কর র মত বল হয় endseq
153480,startseq শ হজ হ ন ত র য ন ন ল ল ল ন ন য ল ল ল ন ল ল ল ল ন এব ব ল ল ত
153482,startseq প রত ট দল র একজন একজন ম র র একট প রত য গ দ র একট দল র একট ব র র র র endseq
153483,startseq এই ছ ড ও এই ক র ক ক র র ত র ত পম ত র ত র ত র ত র ধ কর ত প র endseq
153484,startseq বল হয য এই জল র য য জল র সমস য সব ধরন র সমস য র র র র ক রণ ৷ endseq
153485,startseq ন গ ন র স জ ঞ দ খ ন endseq
153486,startseq মহ র র র র র র ভ রত র গ র র র গ র গ ন গ ছ ন ন গ ছ ল ন endseq
153487,startseq শ র র সময র র র র র র র র র র র র র র র র র র র ত র ত ক ত ক
153488,startseq পশ চ ম র র ইত হ স র র র র ব শ আর ব র র এব র র র র র র প র endseq
153489,startseq স স ল ত র র ন ম ক ন দ ব শ ও মন দ র ন ন ন ও ন ন ও আছ ৷ endseq
153490,startseq আম ক ন শ য ত কর আম ক করছ ন ই endseq
153491,startseq ব ট ম ব র র গ র ব জ বর গ র জ বর গ ল ক থ ক ৷ endseq
153492,startseq এই হ ট ল গ য র ব ধ য য র য য প প র য ক প প রত ট ক প প প র endseq
153493,startseq স ক ল ক ন শ শ র ন য ন ক ক ক ক গ র ক ভ রত র গ র ত র গ ছ ত হয়
153496,startseq ক ণ ড র প রধ ন শহর হল ম বর গ র ম ণ র গ ণ ক ক বল বল হয় endseq
153497,startseq র গ র ক য গ র র র য য ন ত য ন ত ত র ন ত ত র ত র ছ ল ন endseq
153498,startseq যদ ক রণ যদ ব শ কম হয় য য় ত হল ত হল ক ক ক ক ক ক ক ক ক ক শ র হয় য য়
153499,startseq শ র র ক ন ন ম র র র র র র ন র প র ন ন ন ন ন ন হয ছ ল ৷ endseq
153500,startseq আপন র যদ আপন র ক ন ন যদ আপন র ক ন ন ন যদ আপন র ক জ কর ন ত হল আপন র ক ছ আছ
153501,startseq জল র অন য ন য গরম কর ন গরম জল গরম জল র গরম জল গরম জল র আর ম ল ঘ ম র য য় ৷ endseq
153502,startseq ত র ক ত ক ত ক ক নস ক ম নস ক ম নস ক র র ম নস ক র ক ক ম নস ক থ ক
153503,startseq ব শ ব র খ ন ন ম খ য হল ন ন ন র ল র স র শন হল endseq
153504,startseq গ র গ র ক ল ল দ ট শন প রধ ন প রধ ন প রধ ন প রধ ন প রধ ন ভ ট ট আছ
153506,startseq ক ছ ল ন ত র ন ম ন ন ন ন ত ন ত ন ত ন ত ন ত ন ম ন ছ ল endseq
153507,startseq উত তর উত তর ক ক ক ত রফল হল endseq
153508,startseq ক ষকদ র স ক র কর র জন য ত ক ভ ব স ব ভ ল ক ত ত ত র ভ ল হব endseq
153509,startseq ক ন ন র ক ন ন ন ন ন ক ন ন ন ক ন ন ক ন র ক ন র দ ক দ য় endseq
153510,startseq ফ র ন র ম র ত ন ল ন ত ন ম র ত ন ছব ত র র র র র র র র র ন ত
153511,startseq ক ন গ ল ন ক ছ ন য য ন য ন য ন ন য ন ত ক ন ত ক ন ত র ন ত হয়
153512,startseq গ ন র র র র র গ ত র কর ত র গ ত র র র র র র ব র ন র দ য় endseq
153514,startseq ম ন ন ন ন ন ন ন ন ন ম র গ ন র ম ন গ র ম উজ ক র ন ন কর ন endseq
153515,startseq পর যটকদ র পর যটকদ র গ য র র গ য ন ন গ র মত ব গ য র মত ভ ল ন প ওয য য
153516,startseq আম র র ন ঘর র র ড ওত র র ল ল ল র দ খ ল ন endseq
153517,startseq এই মন দ র একট বড ল থর র প থর র প থর র র র র র র র হয ছ ৷ endseq
153519,startseq ক ন র র ক ক র পর ক ত কর ছ ল ন ক ছ ক ন দ র র র র র দ র সময ক দ
153520,startseq ন ন র র ন র র ন ন র র র র র র র র র র র র র র র ন ন র শ র
153521,startseq ন ন র র র র শ ষ র ক ষ র ভ রত র স র ভ রত য় চলচ চ ত র endseq
153522,startseq ভ রত র র ষ ট র য উদ য ন র ক ষ ত রফল হল এই অঞ চল হল ড ল ড endseq
153523,startseq এট ন ন ন র র এই র ন র র র র এই র রণ এই জন য এট র র র র র কর হচ ছ ৷
153524,startseq আম এই গ নট এট একট এট ত র এট প নর ব ত ত প র endseq
153525,startseq স ক র স থ ক প র র স থ ক দ র র স ন ন ইত য দ র য প ওয য য endseq
153526,startseq ক ন ক ট র ত ল ক ট ন ন endseq
153527,startseq য য ন ল ল ব জ ব জ ব ব জ ব ব জ ব ল আর ল ল র একট ভ ল উত তম ৷ endseq
153528,startseq আপন র ল ভ ল র জন য শ ষ ট কর ন endseq
153529,startseq স র ত র র ত র প রচ র স র য য প প ওয় য য় endseq
153530,startseq ব র গ ছ র ছ ট র গ ছ র ছ ড ও ক ছ ক ছ ক ছ র র র র র র গ ছ endseq
153531,startseq সক ল র ম য় ম য় ম য় ম সপ শ হ স ব শ হয় ৷ endseq
153532,startseq এখন জল জল খ ন কর ন ৷ endseq
153533,startseq আপন ক আম র জন য একট ক ত ক ত ক ত ক আছ endseq
153534,startseq গ ন গ ন র স খ য য খ ন প ওয য য ৷ endseq
153535,startseq অ য ল র ম স ট র প র র র প র ট কর ন endseq
153536,startseq ত ন র র র র র র র র র র র র র র ক ত র র ক র র র র য য র ক
153537,startseq ক রল র র র ত র ক ত ক ত ক ত ক ত ক ত ক ত র গ র ত র গ ছ কর endseq
153538,startseq হ দয় র স হ য য র জন য একট ভ ল উপ য় র জন য ব শ ষ ট endseq
153539,startseq আম র স ত র র আম র স ত র ক ছ endseq
153540,startseq স ক ক র স ক ন য ন শ শ র স ব শ ষ কর ন এব শ শ র স ব শ শ ন য য
153541,startseq র র ক র র র র র ক র র ক ত ক ক র র ক ত ক ক ত ক ক র কর উচ ত endseq
153543,startseq আম র ড ও চ ল কর ন চ ল ও endseq
153544,startseq যখন র ল ক ট ক ট ক ট হয় তখন ত র র আগ জল দ ন পর ষ ক র কর ন ন ন ন endseq
153545,startseq ম ম ম ম র জ ল য র জ য র জ য র সঙ গ ত র জ য গ য ছ ল endseq
153546,startseq গ ছ র ব দ র জ বন দ র স থ ন ত ত র গ ল ন endseq
153547,startseq ক ছ ল ক বল ছ ন য ক ক ম ল ল ক র র র ছ ল endseq
153548,startseq স স র স র স র স র র র র র র র র র র র র র র র র র র কর উচ ত
153550,startseq শহর র র র র র র র র এব ব র র র র র র র র র র ন ন endseq
153551,startseq ক ন র র গ ন ন ন ন ন ন র ন ন ন ন ন ন ন ন ন ন ত র র র র ন র
153552,startseq দ র গট র র র র র র র র র র র র র র র র র র র র জধ ন ছ ল endseq
153553,startseq ত ন ল ল ল ল ল ন স থ ন ল ল ল ক স ন দ ল ল থ ক ক ন ত র ন endseq
153554,startseq ত ন প শ র র জন য এই স ক র র জন য এই ক র র র স ব হ স ব ন কর ন endseq
153555,startseq জয র র শহর র শহর র শহর র হল ন জস থ ন র জস থ ন র জস থ ন র জধ ন র জধ ণ endseq
153556,startseq স রক ত র ন য দ র জন য দ ন এব ব র ন য দ খ য য endseq
153557,startseq য র র র ক ক র র র ক য ত র এট ক স থ ক ও স র র হয় য য় ৷ endseq
153558,startseq এই ক ষত গ ল র র র র র র র প প প র endseq
153559,startseq ঠ ক র র র র র র র র ড র উপর ব ড র ওপর ক ক র ওপর ব ড য য় ৷ endseq
153560,startseq ক ন ম গ র ম গ ল ল র জ ল র র র র ক ক ক ক ল ম ট র অবস থ ত endseq
153561,startseq এগ ল অন ক ব গ র ম র র ত র ত র ত দ য় ৷ endseq
153562,startseq ক রল র র জ য র পর যটকদ র মধ য খ ব জনপ র য endseq
153563,startseq র র র র র র র মত মত মত মত মত মত মত মত ত র র গ র ত র গ র গ র উপর ভ গ
153564,startseq প ন ন গ ল ন র র র র র র র ক ছ ল ক ন ক র র ক ক ক ক শ ন র জন
153565,startseq সর দ ন সর দ র সর দ র ন ড ব ব ন ন ন ৷ endseq
153567,startseq আজক র আবহ ওয ক মন endseq
153568,startseq এই পদ ধত ত র র র র র র র র র র র র র র র র র র র র র ত র র ন
153569,startseq আমর ত র জ র দ র জন য দ র ও আমর জ ন জ চ ই চ ই endseq
153570,startseq ক ন র র ক র র ক ন জ র ক র র ক র র র র র র সম ভব ক ত করত প র endseq
153571,startseq আজক র আবহ ওয ক ছ ব ন endseq
153572,startseq এই দম ত র র র র র ত ত এই অঞ চলট ত ত র ম ত র র ন র ন র র য য endseq
153573,startseq শ শ র র র র র র গ র র র র ন ন ন র গ ন ৷ endseq
153574,startseq ক ছ ত ত ত র থ ক পড ত থ ক ক ম ত র থ ক ম ত র র থ ক দ ক র endseq
153575,startseq জ ন গ ল র জ র র দ দ ন র জ র র দ খ দ য য় ত র দ খ দ খ য য় endseq
153576,startseq আম ঘ ম ঘ চ ই endseq
153577,startseq ত র প র র র র র র র র র ম র র র ম র র র ম র র ন ন ন endseq
153578,startseq যদ ক ব ক ব ক ব য ত ত হল ব য ব endseq
153579,startseq র ন ন ন ন ন ন ন ন ন ন ও ন ম ও ম ন ষ র ম ল য র ম ন endseq
153580,startseq পরবর ত জ য গ গ ন গ ন ন গ ন endseq
153581,startseq ন জ ত য ত য ত ল নত ন দ ত ত র ন ত ত র র থ ক স থ স থ প ত ষ ত
153582,startseq নত ন প ল এব এব এব ন ন স প র প র প র য র প র র র য র দল দল দল দল দল
153583,startseq ক ক র র গ ন ন র র ৷ endseq
153585,startseq ব গ ব র র র র র র র র র র র র র র র র র র র র র র র য endseq
153586,startseq ব ন দ ব র ব দ ব র মন দ রট ব ন ন মন দ র আছ ৷ endseq
153587,startseq সব জ সবজ র গ ল র স র ন য় ন য় ন য় স ইত য দ য় স ইত য দ য় endseq
153588,startseq ন ম র র প ঠ ন ইম ল প ঠ য প ঠ ত ল ক ত ল ক কর ন endseq
153589,startseq দ র র ন ন র ষ ট র য উদ য ন র ক ল ম ট র এল ক ল ম ট র endseq
153590,startseq প রত য ক স র র স ট দ খ য য endseq
153591,startseq ত ল ল স ল এব এব এব ত ল এব এব এব এব এব এব ল এব ত র র ন ন ন endseq
153592,startseq ব য ন র র য র য ন য গ য র র থ ক ব স থ ন গ য ন ন ন ন ন ন ন
153593,startseq গ ল র র য র র ত র ত র গ ন র ন র র র র র র র ন endseq
153594,startseq মন র মন র মত মত মত মত ৷ endseq
153595,startseq স স ম ম ম ন ম ম ন endseq
153596,startseq ন র র ক ক ব শ কয কট ব শ কয কট ব যবস থ ন রয ছ endseq
153597,startseq র জ র ন ন ন ন ন ন ন ন র র ন ন ন ন ন ন ন ন ন ন ন endseq
153600,startseq মন র খব ন য র র স থ ন ল দ খ ন ন ৷ endseq
153601,startseq ত ন ক ব দ ব র র ক ক ব ম নবন দর থ ক ত রয ছ endseq
153602,startseq স স স থ স থ য র র র র র র র র র র র র র র র র জন য খ ব র ন
153603,startseq গ ড থ ক থ ক ম থ ক পর যন ত থ ক দ র য গ য গ য endseq
153604,startseq জ ন ন র স থ ন য ন জ র ম ঝ ম ঝ ক ন জ র সম পর ক ক ন সম পর ক ক র
153605,startseq মন র র র র র র র র মত য র র র র র য র য র র র র র র মত ৷ endseq
153606,startseq স ক ষ স থ ন য র র র র য র ক ছ ম ট র এব ক র র ক ষ ক র য য য
153607,startseq স ব দ শ ক ঘটছ endseq
153608,startseq ম ব ব ম ন ন ম ব র ন থ ক ব র র র র ক ক র র ও ও ক ও ও ন ন endseq
153609,startseq স স ল র র য র য য ছ য য য ন য ন য ন ত সমস ত র সব ই এস ছ endseq
153610,startseq ক চ চ ক ত ক ব ব জ ত ক আন তর জ ত ক জ ত ক ব ব ব ব ব ব ব ব ব কর
153611,startseq এই মন র র এই মন দ র ক ষ ক ক ষ ক ক ছ ক ছ ৷ endseq
153612,startseq আম গ য র র র র র য ল য র র য ত র ত য ত ছ ল endseq
153613,startseq যখন র ব র র ত র র ত র পর ই এই র ত র ব ব র র ব ব ব র কর ছ ল endseq
153614,startseq ভ রত য় র ব র র র র ন য দ র র র ন র র র আনন দ উপভ গ করত প র ন endseq
153615,startseq ক ম ম ট র র র ত র র ত র র ছ ল ছ ল ন আর ম র ত র ত ছ ল ন endseq
153616,startseq ক ল ক র শ ষ ক ষ ক শ ষ ক র ক ষ ক র ক ষ ক র কর ন উচ ত endseq
153617,startseq যদ আপন র র র ন ক ন আপন ক ন ব ব ন ন আপন ন আপন র ব যয ন র ন endseq
153618,startseq ত র র প রত য ক ত র র র র র র র র র র র র র র র র র র র র endseq
153619,startseq ক ন ড ল ট ট ন ন ন ন ত ন ন ন ত ন ন ন ত ন ত ন ন ন ন ন ত ত ত
153620,startseq ন ত র র ত র ত ত ত ল ল ল ন ত ত ত ত র ত র ত ত র ত ত উচ ত ৷ endseq
153621,startseq অল আম র ক ছ ক ছ ক ন চলছ endseq
153622,startseq স ন র র র ন প র প ন ন ন ম ক ত ন ন ন ত র ন ন ন ন ন ন ন র ন
153623,startseq ম ম র ম শ ব এব ক এব ব ক ত র র ম ধ যম ন ষ ট কর হয় ৷ endseq
153624,startseq এল ক এল ক য ঘটন ক endseq
153625,startseq ঐত হ স ব স থ য র র র র র র র র ম ক র র কর endseq
153626,startseq আম র ক ক ক ক ক ড ক ক ক ক ক ক ক ক ক জ ন ক ক জ করছ ন আম র ক কর উচ
153627,startseq ন ক ষ যত র ন র র ন র ব র র ব ন ন ন ন endseq
153628,startseq আপন র প র র র ন র র র র র র জ র র র র র র র র আগ র স থ ন ছ ল
153629,startseq ন ন র র ন ন র র ন র ন র ন র ক ছ ক ছ ক ছ ক ছ ছ endseq
153630,startseq অজন ত র গ হ র গ ৪৭০ ৪৮০ত হ ন র হয ছ ল endseq
153631,startseq শ ক র ন ন ন ন ন ন ন ন ন ন ন ন র ন র র র র র জ র জ র র জন য
153632,startseq দ ট র দ দ দ ত ত ত ত দ র ত ত ত দ য় য ত ত প রব ন endseq
153633,startseq ক ন ম ব ক ব ন ক ক ক ক ক ক ক ক ক ক ক ক ক ন এব ব স কর ছ endseq
153635,startseq শ ল ক র ক ক ক ক ক ক ক ক ব ক ষ ক র র ক র র ব ব র ব ব ব কর কর
153636,startseq ক ছ ক র জন য ক র র র র র র র ক র র র র ক র ক র কর ন endseq
153637,startseq ব শ শ ত ত র জন য ক ত ত ত র র জন য ভ ট ম ন য় য ওয় র ত প র ৷ endseq
153638,startseq র র ত র ব ল ন র ন র ন ন ন র ক র র থ ক প রত ষ ঠ ন কর endseq
153639,startseq ব ষ ক র র র ন ন ন ভ ল য ন ন ভ রত র ন ন ল ভ রত র র ল য endseq
153640,startseq য দ র র পরবর ত র পরবর ত ব য চ ছ endseq
153641,startseq অ য স র র র খ ওয় র জন য স র র র র র র গ র স থ য় ন য় ন উচ ত endseq
153642,startseq ক ন ন র র র র র ফ র স থ থ ক য য endseq
153643,startseq অন য ন য র র র য র র ম র ন ন ন গ র ন ন এব গ র এব এব এব এব এব দ য
153644,startseq আম র ত ল ক য ন ন ম আছ endseq
153645,startseq ক ন ন ন ন র র মন দ র র র ঐত হ যব হ স ব স ত র র জন য গ র ত বপ র
153646,startseq ত র র ত র র র ত র র ত র র ত র র ম ত র র ক র র অন ক র ন ন কর
153647,startseq একট ক স ক ন র স খ য খ ন য স ক য য স ট ক ন ন ন আপন ক স ট র র endseq
153648,startseq প ন ব শ ব ব শ বব দ য র ব র র ব র র র র র র শগ রহণ কর ছ ল endseq
153649,startseq স ত ন প ন ন ত ন ত র ন ন ত র র ন endseq
153650,startseq এখন র জ র জ র র র র র র র র র র র র র র আছ endseq
153651,startseq ত র ত ত র ত র ত র র র র র র র ক র র ক র র দ র র র র প র ন
153652,startseq আজ ন ল ল ল ম ন ম হল ম ন ন স প য ৷ endseq
153653,startseq ক র র র র স ধ রণত স ধ রণ র স র ধ র র র র র র র র র বল মন কর হয় ন
153654,startseq ব শ র র র র গ র শ ষ র ন য ক ত শ ক ষ কর এব ক ল ভ ল এব ব ক র দ
153655,startseq ক ন গ ন র ম ন যম ন ম র ম ত ন ম প ন এব ত র প ন প ল প ন ন endseq
153656,startseq অন গ রহ কর আম র প র য স য গ অন গ রহ কর ন endseq
153657,startseq স ন গ ল প র প রত ক র ন ত হল ন ক র র র র র র র র র র র ন endseq
153658,startseq মহ র র র জস থ ন র র র র র র র র র ক র ক র ক র ক ছ endseq
153659,startseq আমর ক ভ ব দ র র র র র র র র র র র র র র র দ র ত দ র ত ত ত করত
153660,startseq এই স ত স ত র প রধ ন ফসল প র প দন প র প দন প ওয় য য় endseq
153661,startseq ক ন গ ছ ন ক ক ক ন ম ক ক ক ক ক ক ক ক ক ক ল গ ল ক ক গ য গ য
153662,startseq প রত য ক ন ন র ন এব ন ন ন ন ন র ন র ন র ন র ন র র র endseq
153663,startseq ত ন ত ল খ শ ত ত ত ত ত দ র ন তখন ত দ র র র র র র র দ খ র endseq
153664,startseq ক ন ন র র র ন ন র ছ ল ভ ট ন র র র র র র গ র র র র র মত endseq
153665,startseq ক য নস র ও ক ক স ক র স ক ক ক ক স ব ক কর র য য ওয য য ৷ endseq
153666,startseq স ন র র র দ ব র র র র র র র দ ব র র র র ত র র মন ত কর য ত endseq
153667,startseq ক ন ন ভ রত ক ন ত ক ন ত ক ন প রত ষ ঠ ন র ক ন endseq
153669,startseq এই স গ ন র স খ য ত র ইত হ স গ র ত বপ র ণ স থ ন endseq
153670,startseq দ ব ত য প র প র প এব প র প এব এব ল এব স র ক স ল স থ পন কর হয endseq
153671,startseq গ ল ক র ন ন র র র র ক ক র র র র র র র র র র র পর ষ কর ন endseq
153672,startseq আম র প রত ক য ল ন ড র পর ষ ক র কর ন endseq
153673,startseq ল গ ন র গ ন র গ ন র ম ন র স দ র স দ ব দ ব দ ত হয় ছ ল endseq
153674,startseq ইম ইল ইম ইল প ঠ ন য একট হ ত ব ব ব ক ক ক প ঠ ন endseq
153676,startseq ত র গ ছ র ম র গ ছ ছ ল ন গ ল ক ন গ ন ন গ ল ন গ ন endseq
153677,startseq র জস থ স স ক র স দ দ র স দ শ র স দ র র স থ ন য য রয ছ endseq
153678,startseq স ত ত র স থ ক স ব ত য ন ত র পর বর তন কর ন এব জ বন র কর ন জ বন কর ছ
153679,startseq ন ন র র ন র ক ছ গ র র র র র র র র র র র র র র কর ছ ল ন endseq
153680,startseq ক র র র র র র র ছ ল ন ত র ছ ল ন ত র ছ ল ন ত র ক ক ক গ ছ গ
153681,startseq প র ব র ন র র র র র র র র র র র র র র র র র র র র র র রহ লয
153682,startseq ন য় র য় ম ন য় য য় ত গ য় ন য় ন য় endseq
153683,startseq হ ল গ গ ল ইট স গ ল গ গ ল ক গ র গ ন গ ল গ ন endseq
153684,startseq ব ক ক র পর ক ষ ত র র য য খ দ য ত প র খ উচ ত endseq
153685,startseq ক ন ন জ ন ন য ন য আপন ক জ ন ন ন ন ন ন ন ন endseq
153686,startseq ফ ল স আবহ ওয় ক পর ক ষ কর ন endseq
153689,startseq মহ র দ র র র র র য র য র র র য র য র য এখ ন র এখ ন র এখ ন থ ক
153690,startseq হ য ত ম র ন ক ন নত ন ক ন ত র র ক আপন র ন ন ত হ ন ন endseq
153691,startseq ক র র ন ক ন ন য ন ন ন কর ছ এব ন র র ন ন endseq
153692,startseq আম র ক য ল ন ড র সমস ত ইভ ন টগ ল ম ছ ফ ল ন endseq
153693,startseq ক গ র ক ক ক র গ র ক ক ক ক র স ক র ক ক ক ক র স ক রণ ক ষত ক ষত
153694,startseq সময় র গ র র গ র ম ত র ব শ ম ত র ব শ আর ম ম র র প রয় জন পড ৷ endseq
153695,startseq ব জ য গ র ক ল ব ব জ ত র ব ব জ ত ক য ন য র অন য ন য প রয় গ কর
153696,startseq আপন ক আম ক ক ছ ব জ প র অর ড র করত প র ন endseq
153697,startseq আপন র ন ন ক থ ক ত র র দ দ র দ দ খ ন ৷ endseq
153698,startseq ত র ক ন ন ন ত র ন ন ন ত র ন ন ন ন ত ক ন ন ন ন ন ন endseq
153699,startseq গ ন র র প প র র কর র কর র কর র কর ন এব প রথম স র র র র ন য গ য গ
153700,startseq এট হল শ র র র র র র র র র র র র র র অর জন র অর ড র অর ড র অর ড র
153701,startseq ক ন ন ন ন ন র ও ন ন র র র ন য ন র ন র ন য ন ন য ন endseq
153702,startseq হ র ক ছ আম দ র সহজ ই সহজ ই কর endseq
153703,startseq ম স ল র দ র ত ত য ন ত য র য র র র ত য র য ত endseq
153704,startseq স র র র অভ অভ ন র অভ নয় কর ন ন endseq
153705,startseq অজন ত র হ ত র হ ন র ন ত র ন ত র ন জ র ন র র র র র ত র ত ত ত
153706,startseq ডল র র য য ম ল ক endseq
153707,startseq য খ য ত র মধ য ও প আছ ৷ endseq
153708,startseq এট শ ধ পর যন ত ত র পর যন ত য র র র র র র র র র র র র র র ল endseq
153709,startseq এখ ন আপন ক র স ত র র র ট র উপভ গ উপভ গ করত প র ন ৷ endseq
153710,startseq ন র র গ র ন র র ন র জল র ন ত জল র ন ন ন ত ব যবহ র কর ন ৷ endseq
153711,startseq খ দ য এব জল খ ন ন জল র ন ন ন ন র খ ন ৷ endseq
153712,startseq অক ট বর র র র র র য র য র য র য র র র র র র র র র র র ন য় endseq
153714,startseq ব ভ র প র য র জন য স ন ন র জন য স ন ন র স থ ন য ব দ য ত endseq
153715,startseq স র ও য র ল ল আর স র ও অন য ন য ম র ম ল য র র র ক র endseq
153716,startseq স ই আপন র ব ম ব ম র ব ম র র জন য য য য য endseq
153717,startseq শ ষ ক ন গ ল ন ন ন ন ন ন ন ন ন ন ন ন ন ন গ ল র গ র ম প য ছ
153718,startseq স ব র র র র ব র র র হয় য হয় ওঠ এব ত রপর থ ক হয় ন endseq
153719,startseq আম র অর ড র র রস ত ত প endseq
153720,startseq পঞ জ ব জ জ য র জ য র র জন য জ ল অন সন ধ ন জ ন ন endseq
153721,startseq প র র ত র পর র ল ত ত র কর র ত র র র স ন ন উচ ত endseq
153722,startseq সময় র র জল র জল র ক র জল র ক থ ক ন ন হয় য য় ৷ endseq
153723,startseq এই ব ব র ক ছ ক ছ ক ক র র র র ক র র ক র র ক র র র র র দ ওয় হয়
153724,startseq পর দ ধ পর যন ত ন র ব শ ব র র র র ন ন য় ছ ল ন endseq
153725,startseq মন দ র দ র দ র দ র র স স ন দর স স ন দর স র স থ ন মন দ র আছ endseq
153726,startseq আম র ইম ইল কর ন য ত র র র র র র ক ছ ক ছ ক ছ ক রণ কর র জন য endseq
153727,startseq ক ন গ র ম ম ন গ ল গ ল গ ল গ ল গ ন য ন জ ন ন ন জ ন ন ন ন ন
153728,startseq ব শ ল র র ত র ব ফ ল র ব র ব র ব র র গ র প প র ন ৷ endseq
153729,startseq ছ ট ব ব র র র ব য আয়রন র ব য র র র ব র ব ড য য় ৷ endseq
153730,startseq ক ল ল র র র র র ক র র র র র র র র র এব জল র ক ত ক স ক ত ক ত
153731,startseq ব জ র গ র র র র র প র র র প র প র ন প র ন প রদর শন কর ছ ল ন endseq
153732,startseq য র র বল মন র য য দ র র র চ র ন ত হল র ক র আশঙ ক থ ক থ ক endseq
153733,startseq ক য নস র র গ র যদ ব র গ র গ র ক ত হয় ত র গ গ য য ত ৷ endseq
153734,startseq ব শ ব র র ব শ ব র য র ব শ য র র ব শ র প র ন ত ত র র র র শ
153735,startseq র গ র র পড ন ৷ endseq
153736,startseq আম আজ আজ একট হ র য য ছ য ছ endseq
153737,startseq ম র র র র র র নত ন র র কর র জন য এই অভ য ন র ন ন ন ন ন ন ন ন ন
153738,startseq আম ক ভ ব ব জ ঞ জ ঞ জ ঞ জ ন য য আম ক জ জ ঞ য ত প র endseq
153740,startseq এই ন ড চ খ দ য প রজ ত র খ য য প রজ ত র খ য য ৷ endseq
153741,startseq এই ম স স ক য ল ন ড র থ ক সমস ত ইভ ন টগ ল ম ছ ন endseq
153742,startseq এই জ ল র র র প র র র র স ন দর স ন দর স ন দর endseq
153743,startseq এর ব র র র র র র র র র র র র ব ল দ ব র ব ব ধ ব ড ন ৷ endseq
153745,startseq র গ র শর র র র সময় শর র র শ র হয় আর শর র ক ষত হয় য য় ৷ endseq
153746,startseq ক য ক কর ন endseq
153747,startseq ঝ ল ঝ ল র ঘ ট র র ত ত র র ত ছড য় পড ৷ endseq
153748,startseq গ ন য ল ড য হ ড ও প হ ড নদ র হ ত নদ র প হ ড অঞ চল র হ ড অঞ চল endseq
153749,startseq প র র র র র র র ল ক র র ল ক র ল ভ ল হয় endseq
153750,startseq ২০১৯এর ক ষ ক র র র যখন ব শ র যখন ত র র র র র র র র র র র ত ত ছ ল endseq
153751,startseq ক ন ম র ন ম র ন য য য ন য য য ন য ন য ন য় ও ন জ র গ endseq
153752,startseq ম ট র র র ম র ম র র র র র র র র র র র র দ ব র প র ন endseq
153753,startseq আপন র ক র জন য আপন ক ক ক ক আপন র ক আপন আপন র ব য আপন র ট ব র র র র কর ন
153754,startseq ক ন র র র ব দ শ র ম র দ ব দ এব জল র ন র জল র র র র র র র র র
153755,startseq আগ ম ক ল ক ত ষ রপ ত হব endseq
153756,startseq চ ন চ ন ন য য চ ন ন য য য ন য ন ন য ন য ন র র ত র কর হয endseq
153757,startseq যদ ক ক জ র র র র র র র র র র স ব র র স র র স র র র endseq
153758,startseq উত তর শ ল ম শ য স উৎসব উৎসব ন ন ম ন ন ন ম ন ম ন ম ন endseq
153759,startseq আপন র স থ ন য য ন য য থ ক য র র র র র র র র র র র র র কর উচ ত
153760,startseq য র র র ক ন ত ক ন ত র ক ন ন ত র র ন ন ত র র ন endseq
153761,startseq ব র র র ক র র র র র ল ল ল ক ল ল ল ল ল ল রঙ ল ল রঙ র ল ল রঙ র
153762,startseq এখ ন র ট র ক ট র ট র প ওয য য ৷ endseq
153763,startseq ক ছ ত র উপর থ ক ত ত ত র ত ক ন ত ত ত ন ত ব ন ন ত ব র প রয় গ কর
153764,startseq এর প র ব ও ব ক ও ও ব ক ও ও দ র র ক রণ ও স ট ক র স থ হয় endseq
153765,startseq এই জ গ ল গ ল গ র ত ত র র ত র র ত র ত ত ত ত র য় য য় endseq
153766,startseq আরও থ ক স র র র জন য আর ত র র য ত র ত র কর র ত দ ওয় উচ ত ৷ endseq
153767,startseq ব য য় শর র র শর র র পর শর র ব ড য য় ৷ endseq
153768,startseq সক ল ক ক হচ ছ endseq
153769,startseq ক ন ক চ ক র ক ক ক য় শ শ হয় ৷ endseq
153770,startseq ক ক আপন ক র র র র র ক র র র র র র র ব র ভ ল র আপন র র র র র র
153771,startseq ফ ল স টক র কত কত কত endseq
153772,startseq স র ম র র র ম ত র র ম ত র র ম ত র র র ম ত র ম ন র র ত য endseq
153773,startseq ব ড ও ম ড র ম ত র ড মজব ত কর ত ড ত ড কর ন ৷ endseq
153774,startseq প র র ব র ও স র য এব ব র র র র র র র র র ও কর দ য় endseq
153775,startseq সঞ জয র ষ ট র য উদ য ন র প রধ ন প রধ ন প রধ ন প য য য য য য য endseq
153776,startseq স ম র স জ ঞ ক endseq
153777,startseq এই জন য ক র দ ব র র ক ন ন ন ন র ন ন ন ন স ন ন র স ন ন য ন endseq
153778,startseq ব শ র র গ র র গ ল ক ছ ড় ও গ ল ন র গ ল ক ন র ল এব ন endseq
153779,startseq আম ক সময জ ন র র য য র র র র প প ঠ ন য য endseq
153780,startseq প র ক ক ছ ল ক দ র ম ন জ র স আম দ র র জ র ব ব ত দ য় endseq
153781,startseq এর প র ণ ক ষ ক র ক ত ব ক ক ত র গ র ব র গ র র গ র ব র য় দ য়
153782,startseq এখ ন প শ র পর বত র পর পর পর পর পর পর যটন ক জ কর endseq
153783,startseq স ট র ক ছ ভ রত র ক ছ র র র র র র র র র র র ফসল র ফসল endseq
153784,startseq এট ব র র র য ত র র ন য ত প র ন ত হল ত দ র মধ য endseq
153785,startseq চ ন ব দ শ ম ট র স হ য য র ব স হ য য কর হয endseq
153786,startseq ফসল র ফসল র ক ত র র র র র র র র র র র র র র র র র র endseq
153787,startseq আগ ম ক ল ইম ইল প ঠ ন য আম ক ম ক ল ক দ র হব endseq
153788,startseq প র শ ল প র ম ল ক র র র ক র ক র ম ক ক ছ ল ম endseq
153789,startseq ম র র র ন ন ন ছ ল ন ন ন ন ন ন ন ন ন ন ন ন ন endseq
153790,startseq প ট র ক ড ক ট র র য র র র র র র র র র র র র র র র র র র র
153791,startseq অত পর য ব য কর য ত প র য ব যক ত র ব যক ত ব যক ত ব যক ত স ধ রণ ব endseq
153792,startseq যখন এই স ব দ ত ত র স ব ত র র র ত র ত র র র র ত র র সম পর ক জ জ
153793,startseq এই জন য এই প হ ড র ন ড র ন ড র হ ড র হ ড endseq
153794,startseq র র র র র র র র র র র র র র র গ র গ হ র গ হ র ল গ ল endseq
153795,startseq স র র র র র গ ল র শ র র থ ক ব শ শ র র র ক ত র ক র র ক ল র
153796,startseq ঢ ক র ট ক ট র কত endseq
153797,startseq এট স ধ ম র র ব র র র ব র র ব র র র র স র স ব ধ র খ ব endseq
153798,startseq ক ন র র ত র র ন ত র ন র ন র ন র র ন র র র র র ত কর কর কর কর হয়
153799,startseq ব শ র ট র র র র র র র র র র র র র র র র র র র র স ল র স ল
153800,startseq এছ ছ ক ছ ক ছ ট ছ ট ক রণ ও ক রণ ও ক রণ ও ফল র ক রণ হয় endseq
153801,startseq চলচ চ ত রট র ট ট ট র র য র র য র ট ট ট ট র র ম ক ত প য endseq
153802,startseq আর ম র চ র র চ র র র র র র র র endseq
153803,startseq ঢ ক র সবচ য় র ন ন ত পম ত র কত endseq
153804,startseq অন ক ব র গ র ম র ক ক বল ন ন ক ষ ক ক ষ ক এব গ ল গ ন endseq
153805,startseq এই ক গ র ক ষ ত র র ন ষ র র স থ ন র স র স থ ন পর বর তন ঘট endseq
153806,startseq ক ল ল র ক র র র র ক ছ ক ছ ক ছ ক র র র র র স থ ন থ ক র ছ ৷
153807,startseq ত র গ ন ত র গ র ত র ত র ত ত র ছ ল ন endseq
153808,startseq স ত র র র ব দ র ত ব ত য ত র ব শ এব ব ত র ত র প রদ শ কর ত কর endseq
153809,startseq আম র ক র র র র র ট র জন য একট অন স ম রক র দরক র endseq
153810,startseq অন য ফসল র অন য ফসল র ফসল র ফসল র ফসল র ফসল র ফসল র ফসল র ফসল প র ৷ endseq
153811,startseq অ য ল ন ড র র র র র র র র র র র র র র র র র য য স ট স থ ন
153812,startseq স ত য ত ন ত য ত র র জ র ব র র র র র র র র প র endseq
153813,startseq আম দ র সবথ ক প র দ খ দ খ খ খ দ য ন খ ন খ ন থ ক ন খ ন খ ন য ন
153814,startseq যদ ও গ র র থ ক য য য য য ত হল এই পর যন ত প ছ ন ৷ endseq
153815,startseq স ল র র র র স র স থ য র স থ থ ক থ ক ত র র থ ক ৷ endseq
153816,startseq ক ন গ র ন ক শ ষ শ ষ আছ endseq
153817,startseq ক র র র র র ক রণ ও ক ষত ক রক ত র ক ক ক ক র র ক র endseq
153818,startseq ক রল র ল ক ল ক রল র ক ষ র সরক র ক ষ র র ক ষ র র ন ন ন ন ছ ল ন
153819,startseq শ র র র জন য প র র জন য প র র র র র র র র র র র র প ছ য় ছ endseq
153820,startseq ম ন র র র র র র র র র র র র র র র র র র ক র কর র খ ল endseq
153821,startseq যদ ক বল হয় য য ন ন গ র ন ন ন ন ন ন ন ন ন জ র ন ন র র ন ন endseq
153822,startseq ম র ম র ত ত র র র র র ত র র র ত র র র র ত র ল ক ত র ত র দ
153823,startseq এই সমস ত ভ রত র স থ ন য র যটন র জন য জ য়গ য় স জ ন র জ য়গ য় ত র কর endseq
153824,startseq এই পতঙ গ র র র র ও খ বই খ বই প র ৷ endseq
153825,startseq প ট র ক আর গ র ম র র মধ য অবস থ ত রয ছ ৷ endseq
153826,startseq যদ ও ন র র র র ন ন র র র র র র র র র র র র র র ক র র র র র
153827,startseq হঠ ত কম কর endseq
153828,startseq অল আম ক বল ন সপ ত ল র স র ভ ল য য় ম ল প প ঠ ন য ত হব endseq
153829,startseq ত র র র র র র র র র র র র র র র র র র র র র র র র ত র ত হয
153830,startseq র জ ও জ র জ য র জ য র জ য র র জ য র জ য endseq
153831,startseq অন গ রহ কর আম ক অ য ল র মগ ল র মগ ল আছ আম ক বল ন endseq
153832,startseq ত ন ভ রত য র স ব দ ব র স ম ম ব দ য লয র ম র স স ট র য একট endseq
153833,startseq বল হয য ন ন ন ন ন ন ন ন ন ন ন ন ন ন ন ন ন ক ন র ন ন কর ন endseq
153834,startseq ক ন ল ল ক র র র র র র র র ক র র য গ কর র জন য একট দল র দল র কর ছ
153835,startseq আজ ম ম ম ম ব ম ত র ন ন ত র ক ত ক ত ক ত ক ত ক ত র ন ও এট ক ন
153836,startseq ত রপর স ন ন ন ন ম র ন ম য ন য ন য ন য ন য ত য ত প য য ত প য
153837,startseq প রধ ন ত র র র র র য র র র র র স থ র উপর ন র স থ র উপর ন য় endseq
153838,startseq একট ক ল র ল ল ন ন আছ endseq
153839,startseq আম র ক ছ ক ঘটন ঘটছ endseq
153840,startseq এখ ন আপন র র র র ন য র র র র র র র র র র র র ন ন endseq
153841,startseq ত র র ন ন র র ন ন ন র র র র র র র র র র র র র র থ ক endseq
153842,startseq এট ন র র র র র র র র র র র র র র র র র র র র র র র র প রয় গ
153843,startseq এট ন ন গ র ম ও গ দ ত র ত দ র ত দ ত প রত উৎসর গ কর ছ endseq
153844,startseq আপন র আপন র ক ন ক ট র ক ন ড র ড ক ট র ড র র র জন য একট ব চ চ ষ ট
153845,startseq এই ন ন র অন ক র ওষ ধ র ওষ ধ র এই ওষ ধ র এই র গ র হয় ৷ endseq
153846,startseq আম এই হ দয় খ শ ষ হ দয় কর খ ব প প কর endseq
153848,startseq ক ষ র ক শ র গ র ক ন ন ক ক ন ম র র ক ক ক ম এব ক ল ভ ন ন endseq
153850,startseq এই র গ মহ ল দ র মহ ল দ র র ব শ হয় ৷ endseq
153851,startseq ক ন ক বল ন ক ন ক ন ক ন ক ন ত র র র র র র র র র endseq
153852,startseq প ট র য ন ট র য ত র য য র ছ ড ত ল র র ত র ছ ল ৷ endseq
153853,startseq আম র ক রব র র র র র দ র র জন য একট অ য ল র ম স ট কর endseq
153854,startseq চ খ র র র র র র র র র গ র র গ র গ র গ র র দ র ভ ত ত ত endseq
153855,startseq স স ল প র র র র র র র গ ছ আছ য র গ র গ ছ endseq
153856,startseq ক শ রভ গ গ য গ য ন ন গ ল ক ন গ ল ন ন গ ল ন ন গ ল র ন য য endseq
153857,startseq আম র অবস থ ন র ক ছ ক ছ ট র সম পর ক তথ তথ য দ ন endseq
153858,startseq ক ন ত ক ন ত র ত র অন য ন ত র র র র র র র র ষ ট কর দ য় endseq
153859,startseq শ শ র ক ষ ত র সময় শ ষ ক ষ ত র র সময় ল গ ন ত র ত ব র থ ক ৷ endseq
153860,startseq ভ রত র শ র শ র জ ভ রত র রত য ম ন ম ট ম ন প উত প দন কর হয় ছ ল endseq
153861,startseq প ট ইট স প ট ইট স প ট ইট স র প র র র র র র ক ন ন ক ক ন ন র জন
153862,startseq ক ষ ত র একট ছ ট কর ছ য একট র র র র র র র র য য র র য য জ জ গ ল
153863,startseq এট ক বল ন ন য বল ছ ন য ন ন ম র ম ন গ ন র ন গ ন ছ ল ন endseq
153865,startseq স স ল স স হ স স হ স র র র র র র র র র র জ র র র র ছ ল ন endseq
153866,startseq এই পর যন ত ই ব য থ র র ব শ এই এল ক য এই এল ক র ত র খ হয ছ ল ৷ endseq
153867,startseq এট হল একট ক র র স ক র র ত র স ক র স র স থ স হ ত endseq
153868,startseq ন ক য গ র ত বপ র ণ ব গ র ত বপ র ণ ড গ র ন ন ন ন র থ ন থ ক endseq
153869,startseq এট হল একট ন ন য স স স প প র প র প র প endseq
153870,startseq স ব র র র র র র র র র র র র র র র র র র র র র র কর ছ ছ endseq
153871,startseq সময ট স ট কর ন endseq
153872,startseq এর ফল গ ল র র শ র হয় য য় ভ ল হয় য য় আর ব য য় আর অন য য় হয় য য় ৷ endseq
153873,startseq যদ ত ম ন ষ র পর ব শ কর ত ত ত ত ত র র পর যন ত ব য য কর য endseq
153874,startseq এই র ট র ক ট ত নট ত ন ত র চ চ র চ ন দ র ৷ endseq
153875,startseq দ র ত ল ক ন নত ন ন য য ন য ন য ন য ন endseq
153876,startseq হ র র গ র ক র ক র র র র র র র র র র র ক র ক ত ক ক র গ ল ন
153877,startseq ত র ন র র র র র ল ক র র ক ল ল ক র ক ক ক ক র র ক ক র গ ছ ল
153878,startseq র জ যট র স ন ন র র ন র র প রথম দ ব র ন ন ন ন ন য় ছ ল endseq
153879,startseq স থ ই এব এব স দ এব ব দ র র স র র র র ব ব ব ব ব ছ endseq
153880,startseq জ য র র ল র ছ ল শহর র স ন দর শহর র স ন দর য দ র ন স ন দর য য endseq
153881,startseq দ রদর শন ত ত য র য য র র প র য র প রত বছর বছর আগ এই প রত ষ ঠ ত হয ছ ল
153882,startseq যদ ও ন শ ন ন য ন য ন ব শ ব স থ হয় য য় আর দ র ই দ দ খ উচ ত endseq
153883,startseq দ শ র দ ক থ ক স থ স থ স থ ব শ ল জনপ র য জনপ র য endseq
153884,startseq স ত র প থর র ম র ম র ম র ম র ম র ম র ম র ম র ন ম দ র ন ন endseq
153885,startseq আপন ক আগ ম ক ল ন ত নট আম ক ন ত নট র স থ একট ম ট ট আছ endseq
153886,startseq যদ আপন র র ক ন চ ক ন র ন ক ন ন ন য় ন ক ন ব র য় ন ক ন ন চ ছ ন
153887,startseq য ক ন ন র র র র র র র র র র র র র র র র র র র র ব র এট কর ছ
153888,startseq র ক ত র ক র র র র র র র র র র ক ক ক ম দ র র ম ক ত endseq
153889,startseq ট ইট র র ট ইট র হক পর ষ ব র ট ইট কর ন endseq
153890,startseq ক ন ন শ ব শ ষ ক ষ র ক ষ র ক ষ র ক ষ ক র ন endseq
153891,startseq ক ন ভ গ স একট একট শ ল ম র ষ ট র য ন ন য ক ত ক ত ক ত ক ত endseq
153892,startseq ক ন ত ব য ব য য খ ব র ও ও ব য থ ও ও ও ও ট র ও ও য য় ৷ endseq
153893,startseq ত ব ড ত র জ র জ র জ জ জ ব ন ন ৷ endseq
153894,startseq আম ক সম প রত ক অভ ষ ক সম প রত ক ক ক প প য ছ ছ endseq
153895,startseq এই ব র র জন য শহর র জন য এই শহর র প র য গ কর ন endseq
153896,startseq প র ণ ড র গ র র র র র র র অন ক অন ক র র ক র র র র র র য য endseq
153897,startseq আম ক ক ক স রক শ নত চ ই endseq
153898,startseq ক ন ম ন ন ন গ ল ন ন ন ন ছ ল ন ত ক ন ত ক ন ত ক র endseq
153899,startseq এট একট স র র ক ক ন র র ন র ন জস ব ক ন র ক ত ক ত র ত ক ন র endseq
153900,startseq কম প ল র র র র ভ ল ভ ব জল র ভ ন ন জল র র ভ ল আছ ৷ endseq
153901,startseq প র র ত র র র র র র র র র র র র র র ল ল র ভ রত র গ ছ ল ন endseq
153902,startseq স ন ত ত ম র য ন য ন য ন ত য ত র ম ন ত র ম ন ছ ল endseq
153903,startseq শ শ ব র এখ নক র র র র স থ ন য endseq
153904,startseq ত র ম র প রথম ক ত ল ন প ল ন ন ম ল ন প ল ন ত র ম ভ ম ক ত প লন
153905,startseq এই র র র র র প রত ট ক য প র ক ট ক ও স র ক র র র র র জন যও ব শ
153906,startseq য র র র ন ন ন ত র র ন ত র র র র র র র ত র র ত র হয় endseq
153907,startseq এই ব ষ ট ব স ক ষ এব এব এব ক বর তম ন বর তন র মধ য অন তর ভ ক ত কর ছ endseq
153908,startseq স ল দ ধ ল ল ল ল গ ল এই গ ট ম ল য এই প র ণ কর হয় endseq
153909,startseq ক ন গ ন ক endseq
153910,startseq শ ষ ক ন ন ন এব ন ন ন ন ন ন ন ন ন ন ছ ল ন ন ছ ন ত র ছ ন ছ ল
153911,startseq পশ চ ম র পশ চ ম র পশ চ ম দ র থ ক ক ক ত র গ র ত র ক ত ত ত র কর
153912,startseq শ ধ র দ ক ত ক ন ন এব ক ল এব ক র এব ক ল এব ক ল এব স ন দ দ দ ওয় উচ
153913,startseq স র র জ র র ত র র জ র র ত র র জ র র র র ক র র ক ন endseq
153914,startseq মন দ রট একট গ র র ক ষ র র র ক ষ ঠ ন গ ছ endseq
153915,startseq ন র র ম ল র ব র র র র র র র র র র র র র র র র র য ন য দ য়
153916,startseq এট ছ দ ব ত য দ ব ত ব দ ব র খ ল ল ছ ল endseq
153917,startseq প র চ ন এই স র য এব অন য ন য য য র র র র স থ ন ছ ল ৷ endseq
153918,startseq ক ন গ ল র স ক ক endseq
153919,startseq দয কর আম ক আম র থ ক আম র পর ম ট র বল ন endseq
153920,startseq চ দ ধ দ ধ ম খ দ ধ ভ ল চ ষ ট ভ ল হয় আর ম ত র র জন য উপয ক ত ক উপক
153922,startseq যদ আপন র র গ র র গ র থ ক ত র পর ব র র র ট ম ট ম ট কম য গ কর উচ ত
153923,startseq স ন ন ন ন ন ন ন ন উচ ত নয় ৷ endseq
153924,startseq প রত ক ন গ ছ ন ন দ ক ছ ট ছ ল ন দ দ ট ভ ন ন দ য ন ন endseq
153925,startseq গ য য র গ র ত র গ র ছ ল endseq
153927,startseq প য য প য ব য ল ন ড র ব য আম র ব য ক য ল ক য ল ক ড র ল ক ল
153928,startseq শ শ র র সবচ য় ব শ রভ গ য ম শ য় পড য় পড য় পড য় endseq
153929,startseq স র র র র র র র র র র র র র র র র র র র ক ছ ন ন দ য় endseq
153930,startseq ত রপর প র র থ ক প র র র জন য স থ ন র ক র র র র ক বল ন endseq
153931,startseq আম ক একট ক ক ব ক ব ক ব র ব সম পর ক একট ইম ইল প য ছ endseq
153932,startseq চ ল র ব শ রভ গ ল ক র র ক ক টর জম ক টর হ ক টর জম ত র র র র র ত র
153933,startseq আম আজ আজ প র ন ছ ছ ল endseq
153934,startseq আপন ক একট আবহ ওয ক ক ক শ ব শ ষ ক endseq
153935,startseq ল ল আল পর বর তন কর ন endseq
153936,startseq আলভ র সবচ য় স স ক র সবচ য পর চ ত স স পর চ য endseq
153937,startseq ক ন র র ব র স ব র ত র র র র র র ন র ন র ন র ন র ন ন ন ন ন
153938,startseq নহরএব ল ল র র র র র ম র র র র র র র ল ল ক র স ব স থ কর হয ছ endseq
153939,startseq এই স র র র র র র র র র র র র র র র র র র র ত র endseq
153940,startseq পশ দ ম র র ম ত র র ম ত র শ ষ ণপশ চ ম ত র ম ক ত র ম ক ত ক ক ত
153941,startseq পশ চ মবঙ গ র ম র ত র চ ষ র ত র র ন ত র র র ন ন ত হয় endseq
153942,startseq স থ ই ম ন র র গ ল ক র র ক ষত ক রক ষ কর ৷ endseq
153943,startseq ট ইট কর ন ন র ট ইট কর ন আম র ক ছ ট কর আম ক ব র কর এব এব আম র ক ন ত র
153944,startseq ক ন একট ন ত য ন য ন ম ন ষ র ম ন ষ র ম ন ষ র ম ন ষ র শ ষ endseq
153945,startseq এই র র র ক ত র ক ম ও ক ক ক ক ক ক ম ক ক ক ক ক ক ও কর কর হয ছ ৷
153946,startseq এখন আপন র ব ব স ন ন র ব ন র ন য ন ন র ব ন ন ন ত র র ন ন endseq
153947,startseq ব ন ন র র ন ন র ক র ন র র ক র র ক র ন ত ব র ন য ন endseq
153948,startseq একজন স ল প র র গ র ম ত ও গ ল ও গ র ন র র র র র র র endseq
153949,startseq ম খ র গরম জল গরম গরম গরম জল গরম জল গরম কর ন ন ৷ endseq
153950,startseq স ল র র ড র সময় ল স র সময় সময় ল গ ল ধ হয endseq
153951,startseq ব ল দ শ ব প রত দ ন ব প রত য ক ব ব দ ব র ব যবহ র কর হয endseq
153952,startseq আপন ক আম র স থ একট ম ট ট স ট করত প র ন endseq
153953,startseq গ ন র ক ষ অন য ন দ র য গ য দ র র র মধ য অবস থ ত endseq
153954,startseq খ ল র র র র একট অভ য গ ল খ খ ন endseq
153955,startseq ত ই আপন র ন ন র র র র র র র র র র র স ব স ব ড ন ব ড ন endseq
153957,startseq স ক র ক র র ক থ ক ত ক ত ত র ত র ত ত র ত ক ত দ খ ন endseq
153958,startseq ল ল র ক ন গ ল ন স ন ক ন গ ল র সঙ গ ত দ র সঙ গ ত দ ত র গ endseq
153959,startseq চ রট ম ন র র চ রট প র চ র চ রট দ র র ল র উপর ব ল দ ন ব ত ত endseq
153960,startseq ব ষ ট ম ল ক র ম ল ক ষ র র র র ষ ট কর র জন য স থ ক থ ক থ ক থ
153961,startseq হ য ল ক আপন ক ক endseq
153962,startseq দ ন র র প র র র ব র র ব র ব ব ব র কর ৷ endseq
153963,startseq আর একট ম থ ক endseq
153964,startseq সরক র র র র র ত র র র র ত র র র র র র র র র র র র র র ত কর ছ
153965,startseq প র চ ন র র র ন ন ন ন ত র ন ন য ছ ল ন ত স ট ন গ ছ endseq
153966,startseq ব চ চ চ চ র ন ন ন ল ক ল ন ন য ন য ন য ন ন ন endseq
153967,startseq আপন র ক ন ত প র ন আপন আপন র চ ই আপন ক ন ট র জন য আপন ক ট ট ক ট করত হব endseq
153968,startseq ব ব র র সময় ব ভ ন ন ত ব গ ন অথব গ ন অথব ব ত ব র র র ব ত ত ত প র
153969,startseq ট র র জন য একট ভ ল উপ য় ক endseq
153970,startseq ন ন ল ন ন র র র র ন ল য র ন র ল য র স ল র জ য র প রথম endseq
153971,startseq আম র ত র ত র জন য ক দরক র endseq
153972,startseq অল আম আজ আজ একট দ ন দ ন ছ ল endseq
153973,startseq আম দ র র র র র র র র র র র র র র র র র র ক ষ ক ছ ছ ল endseq
153974,startseq আম ক ক য য য ন থ ক য দ ন স থ ন য স কর ন endseq
153975,startseq ব য র র গ ছ র গ র গ ণ ব শ রভ গ ম র ম ণ প ওয় য য় ৷ endseq
153976,startseq জ য র র র র উপর ব শ প র চ য় ও ব য য় ও প ট স ব দ ধ endseq
153978,startseq এই প র র ষ ট র র ব র র র র র র র প রক র কর হয ছ endseq
153979,startseq দয কর বন ধ কর ন endseq
153980,startseq একট গ ন ক ক endseq
153981,startseq আম ক আজ র র র র র র র র র র র র র বল ন বল ন endseq
153982,startseq ক ন চ ক ন র র র ক ন স ব ন র ন য ন ন ন য ন য ব ত ন ত য ত ত
153983,startseq আপন আম ক র জন য ক ন শ র প র ন endseq
153985,startseq আপন র একট ব শ ষ কর ন ক ন র জন য আপন র র র র র র ব ষয ট র র চ চ ই endseq
153987,startseq ঘ টত র র র র র র র র র র র খ দ খ ওয় উচ ত ৷ endseq
153988,startseq একই সময র সময র ল র র র র র র র র র র র র র র র র র র র র র endseq
153989,startseq আম র একট ক র ইম ইল প ঠ ন আপন ক আম ক করত প র endseq
153990,startseq স ই মহ ল র ষ ট র শ ষ র ম র র র ম র স ম জ ন স র র র র র করত আস
153991,startseq ক রল র হ স ইত হ স ল র র ল হল ক র ল র র র ইত হ স র ইত হ স ব দ খ
153992,startseq স ন ন হল প রথম ন র প রথম দ ন endseq
153993,startseq ক ন গ র ম ম য ন ম র ম ন ম র ক ন ম র গ র ক ন র গ র ক ন endseq
153994,startseq এখ ন থ ত য স ত ত স ত য স র স র স দ ধ দ খ ন য য ন ৷ endseq
153995,startseq রঙ র র র র র র র র র র গ ৷ endseq
153996,startseq প র র র শ র ন ন ন ত হল ন ন ন ত হল ও কঠ ন ন ন endseq
153997,startseq স ই মহ ল দ র ক ক ম নস ক আর ক ক থ ক আর ক ক ক ক ন ত ক ক ত প র endseq
153998,startseq প র প র প র ব শ ব শ য ন ড র খ খ য প খ র প র খ র প র আছ ৷ endseq
153999,startseq ক ন গ ন ন ন ন গ ন র জ র গ র ক ন ত ন র ত র র ন র কর ছ ল ন endseq
154000,startseq ত ন ক ছ দ ব র গ র গ ন ন ন গ ন গ ন গ ল গ কর ছ ল ন endseq
154001,startseq প র ষ ট এব এব এব এব দ ব র র র র র র র র র র র র র র র কর endseq
154002,startseq এই ম ন র এট ই আম দ র র ই এই র হ র র র র র র সম ভ বন ধ ন ৷ endseq
154003,startseq র ক থ ক শ র থ ক থ ক ই ত র র থ ক ব শ থ ক endseq
154004,startseq র গ র র র র র র র র র র র র র জ র র হয় য য় ৷ endseq
154005,startseq প ল হ ম ন র র ক ন র ক র ন র ক র ন ম খ ল ক ম খ ম প র ন ৷ endseq
154006,startseq ম ল ল দ র দ ধ দ শ চ চ চ র চ র চ র জন য ব শ ষ ট ন ন endseq
154007,startseq যদ ও ম ন ষ র র র র র র র র র র র র র ম ন ন ত হল ম ন য য় ম ন
154008,startseq য র ম ত ত ত ত ক ষ ত হয় আর ব য য় ম ল হয় আর ব য য় ম ল ভজনক ৷ endseq
154009,startseq দ ট র ন র প রধ ন খ দ খ র খ খ endseq
154010,startseq ক ন অ য ল র ম আছ endseq
154011,startseq জল র ন র র থ ক ছ ক ছ ক ছ ক ছ ক ছ র ওপর র ওপর পড ত প র ওপর পড ৷ endseq
154012,startseq আপন ম ক ত র র স মব র স মব র র স র স র র র একট ম ট র সময প র প র endseq
154013,startseq প র র দ ল ল র ক র ল র র জধ ন র জধ ন র হ স ব ব স হ স ব কর হয ছ
154014,startseq ম জ র র র ম র য র প র য প র য র র র র র র য র র য ছ ল endseq
154015,startseq স ই স স স থ স র স ত র স থ endseq
154016,startseq ন গ ন র ন র জন য প রত ট ক র র র র র র র র র র য ন ড ম ন খ ল
154017,startseq ন গ ল ন ড ল ল ন র র জধ ন র ম র থ ক ল ম ট র দ র অবস থ ত রয ছ endseq
154018,startseq প য য য ওয র য য ন গ গ ত স থ ন থ ক endseq
154019,startseq এই ম ম র র র আপন ক আপন ক আপন র জন য আপন ক আপন ক আপন ক আপন ক আপন র জন য আপন ক দ
154020,startseq ক ন ন র র ন ত র র ছ ন ন ছ ল ন ত র পর শ র র র র র ন endseq
154021,startseq এট লঘ ক ন য ন ক র ক য ন র ক র ক ক ক ক ক ক ত ক ক ত ত ক ক ত কর
154022,startseq জল র ক ক ক ক আমর প ক র থ ক আমর প ন র র জন য ক র endseq
154023,startseq যদ ও ক র ও ও ক র ও ও হল ও ক ক থ কত প র ৷ endseq
154024,startseq ভ রত র র র র র র দ র ত ত র ত র ত ত ত ত র ত র ত র ত র জন মগ রহণ
154025,startseq এট ছ ল র ক র প রধ ন ক ন দ র ন endseq
154026,startseq এব অর থ ত ত ব য ন র র র র র র র একট প র চ ত হয ছ endseq
154027,startseq প রত বছর ব শ য র র র র র ব শ দ শ র ব শ দ শ দ শ ক ব শ ক ট ক ন
154028,startseq ন ম ন ন র র র র র র র র র র র র র র র র র র ন র পর ক ত কর ন
154029,startseq ব শত শ র র র র র স থ ন ছ ল ন স স থ ন ছ ল ন স ন ন ম ছ ল endseq
154030,startseq ক র র ত র ক ন ত র ন ন ন ন ত জল ভর ত র জল ভর কর ন endseq
154031,startseq খ ব ত স ক ন শ ব দ ব ত য খ ব ব শ দ ব র ব ব শ ব র খ ল endseq
154032,startseq ক ন ত ত র ষ ট র ক ষ কর র জন য ব যবহ র কর প র ণ এব ব র র র র র ত
154033,startseq ১৯৫৭ স ল ল র ল র র র র র ল র র র র র র র র র র র র র র র ত র
154034,startseq ১৯ শত শত ব দ ত র ক ষ ত র গ র র অ শ র হয ছ endseq
154035,startseq প র র র র জ র জ য়গ র স খ বই স খ য য ৷ endseq
154036,startseq ন র র র র র জ র র জ র র জ ল র জ ল র জ ল র ছ ল endseq
154037,startseq প রত দ ন প র র র র গ র প রত দ ন ঘন ট জল দ ন জল প ওয় উচ ত endseq
154038,startseq যখন র র র র খ দ খ র প রত য শ র র প রত য গ এব ম ন র স থ ন ন থ থ
154039,startseq এই র গ ছ র ছ গ ছ র ক ছ ক ষণ র জন য এই জল র ট ন জল র ট জল র খ ন endseq
154040,startseq এই র গ র র র র র র র র র র র র ত র কর ছ ট দ র র র র র ন কর ন
154041,startseq ক ষ ট র ক ষ ট র ক ষ ত রফল হল ক ষ ত র ব স ত endseq
154042,startseq র র র র র র র র ন ন র র র র ন ন র র ন র র র ক ত ক ত ক ত ক
154043,startseq বর তম ন ন র মন দ র মন দ র হল ম ট র ট র ট র একট একট ম র র রয ছ endseq
154044,startseq ক ন ন ন ন দ র র মন কর ছ ন ন মন দ র র র র র ত র র র দ র endseq
154045,startseq ন র র র র র র র র র র র ক র র র র র ক ন র সঙ গ ত ন ন ন ন endseq
154046,startseq প র শর র র র র ম ক ষ ক ষ ক ত ক ষ ত র র র ও প র প র প র কর হয়
154047,startseq ক ন চ ক ত স র পর পর ক র র পর পর ক র গ র র গ র ত বপ র ণ গ র ত বপ
154048,startseq ক ন র গ র ক ক ষত গ ন ক ক ক ন ন ক ক ন ৷ endseq
154049,startseq স ট ট ব চ ক ৎস র র র র র র র র র র র র র র র র ক র থ ক endseq
154050,startseq ক ন ন ন ন ন ন ন ন ন ন ন ন ন এব ন র পর বর তন কর ন endseq
154051,startseq ল ক র ল ক র র র সময় প রথম ত ল র র র র র র ম খ র প ওয় হয় ৷ endseq
154052,startseq আমর ক নত ন প র ন ন র র ন ন করত প র ন ৷ endseq
154053,startseq য ন ক য মন দ র র জন য মন দ র র স থ ন র র র র র র র র জন য ৷ endseq
154054,startseq ন ম র ত র ত র ক ন র র ত র র ত র র র র র ন র র র র র র ন র
154055,startseq ক ষ ত র শ র র ন র র র র র র র র র র র র ত র প ত র ক ত ক ত
154056,startseq ত র র মত অন য য র য র য য ল ক দ র য য ন য দ ব র ব ব শ হয ছ ল
154057,startseq সর বশ ষ ঘটন সম পর ক বল ন বল ন endseq
154058,startseq একট র ল ন র র র র র ম ন র র ম এব ম ন র র র দ ব র র ষ ঠ কর কর endseq
154059,startseq স বছর বছর র ন ন ত ন ন ন র ন ন ন র ন র ন র ক র র র র ম ন ত ন কর
154060,startseq ম ন য ন ন য ত র র র ন ন ন র র দ ব র র ভ গ র দ র র র কর কর কর
154061,startseq ক ন ল প ল প র জ প প রথম স ল প রথম স প রথম স ল ত ব যবহ ত হয endseq
154062,startseq প র হ প র প র সদর দপ তর র সদর দপ তর প র অবস থ ত রয ছ endseq
154063,startseq মন র খব ন য র ন য য ন য য ন য ন য ন ক ন ক ন ন য ন endseq
154064,startseq শহর র শহর র মধ য শহর র ম ম নবন দর শহর র মধ য ব স ন ন স থ ন endseq
154065,startseq এই হ র র র র র র স হ দয় র শ হ ত হয ৷ endseq
154066,startseq জ ন প রধ ন ক ন হল ন জ র ন ন ন ন ন ত র ন ন ন জ র ন ন ন endseq
154067,startseq এই গ ল গ র ক গ গ ন গ ন এব গ র গ র ক গ র গ ন গ ন endseq
154068,startseq ক ষ র শ শ শ ল শ এব ও ক র র র র র ক রণ ই endseq
154069,startseq শ চ চ দ র র শ শ র র শ ল শ র র র শ র র শ র র শ র কর শ র কর ৷
154070,startseq উত তর প রদ শ র জ য র র র র ত র র জ য র র র র ত র কর ছ ল ন endseq
154071,startseq একট ট ক ক ব য ট ক ক ন য ক ন endseq
154072,startseq ক ন র র দ র র দ র র ব র র ব র র ব র র র র র র র র র কর হয ছ
154073,startseq অল আম র এক ক র র র র ত র ক একট কফ ত ন র ক চ ই endseq
154074,startseq সপ র র প রথম প রথম দ ব র র পর র হ ত র কর কর উচ ত ৷ endseq
154075,startseq গ র ক ল র গ র জ বর গ র য ন য র র গ র ক র র র র র র র আক রমণ কর
154076,startseq ক ন ক ট ক র ব ধ র ত র র ব ব শ র র র র র ক ষমত র endseq
154077,startseq এট অন ক বছর র ক ছ ক ছ প য য য র ক ষ কর য য য ৷ endseq
154078,startseq ম র র র র র র র র র র র র র র র র র র র র র র র র র র ন endseq
154079,startseq ব চ চ ক ত ক ল ক ন য য ল ক ন য য ন ক ক ক ক ক ক ক ক ক ক ত হল
154080,startseq দ ন ন থ ক দ ল ল ম ম ম ম ন ন ন চ ন ন ন ন ন ট র র ন ন ন আছ endseq
154081,startseq ম ল র র র র র র র র র র র র র র র র ক র র র র ক ষ ত কর ছ endseq
154082,startseq এই মন দ র এই প র ণ এই স থ ন র র কর হয ৷ endseq
154083,startseq ম ম র ম র ম র গ র ম র র র র র র র অন যতম স ধ রণত অন ক বছর র বছর র আয
154084,startseq জ ন র র জ র ব শ ম র ম ম ম ম ম ন ম ন ম পর চ ত র endseq
154085,startseq একট হ ত র র র ত র র র ত র র ত র র ম ত র আর স স থ র খ ওয় হয় endseq
154086,startseq প র য ক ন য ন য ক ত ক ন য য ত ক ত ক ত র স ক ত র প র প র endseq
154087,startseq ক র র র ক র ক র র র র র র র র র র র র র র র ন endseq
154088,startseq আম ক ছ ক ল ল ল চ ই endseq
154089,startseq ম র র র র র র র ন য ল ক র র থ ক ই ত ত র ক ক ক ছ endseq
154090,startseq গ ন র ন গ ন গ ল গ ন ম র গ র ম ন ষ র গ ন কর ন endseq
154091,startseq র জ র স র ষ ট র এব ব শ ষ ট র র ব দ ক র র র র র ল র র র endseq
154092,startseq প র র র র র র র র র র র র র র র র র কর উচ ত endseq
154093,startseq ক ন র ক ন র জন য ক ছ ন র র র র র র র র র জন য একট আদর শ ন ন endseq
154094,startseq স ই ব ব ব ব স ন ন ম র ত র ম র ত র ম র ত হয হয ছ ৷ endseq
154095,startseq সব সমস ত মহ ল র র র মহ ল র র র ব শ রভ গ র ব র র বপ র ণ ব শ ষ র র
154096,startseq স ল র র ন ন র ত র র ন র র র র র র র র র র র দ র দ র কর ন endseq
154097,startseq আম ক ভ ব ক জ ন ত ব র করব endseq
154098,startseq চ চ চ র দ র শর র র ন ৷ endseq
154099,startseq আম র ক য ল ন ড র একট প র ত ত ত ব স থ ন endseq
154100,startseq ম ল ত র পর পর ম ণ ত পর ম ণ ত ম ক র পর ম ণ ত শ ভ গ ছ ছ ল endseq
154101,startseq আগ ম ক ল আম র অ য পয় ন টম ন ট কতট endseq
154102,startseq জল র র র ম ন ষ র র র র র র র র ত র র endseq
154103,startseq যখন ন র র র র শর র র শর র র শর র র শর র র শর র র এব endseq
154104,startseq পর যটন ব যবস থ পর ব শ ব শ পর ব ব ব ব ধ ব ধ ব ধ হয় endseq
154105,startseq যদ ও স র র র র ক ও ব শ র র ক ও ব ক র ভ ম র ভ র র endseq
154106,startseq ত র গ র স গ রহ লয র ক র ত ক র গ ছ ল endseq
154107,startseq পর চ ত ত র র দ ব র পর ক ত র র ট র র র ট র র র স দ র দ য় য য়
154108,startseq আম শ য স ত র সঙ গ ত শ নত চ ই endseq
154109,startseq এট স স ও ন য ন ও স র ও আছ য র ব যবস থ ও আছ ৷ endseq
154110,startseq আম র গ গ ছ ট র ক ছ ক ছ অবস থ ত রয ছ endseq
154111,startseq প রত বছর ক ন ড র ক ছ প র য ক ন দ র ক ছ ক ন দ র র ক ছ ট ক দ ওয
154112,startseq প র র র র র র র র র র র আছ য খ এব একট ভ ল এব ভ ল এব ভ ল endseq
154113,startseq যদ র গ র র র গ র র গ র ক র গ র ক র গ র ক র গ র গ র ত endseq
154114,startseq সক ল স স র র স র র সক ল আটট র অ য ল র ম স ট কর ন endseq
154115,startseq যদ সম ভব ত হল প র র র র হল ন র র র র র র র র র র যবহ র কর ন ৷ endseq
154116,startseq স ব স থ য ব ব স ব ধ র ব ব স ব ধ এব স র র র র র র endseq
154117,startseq ব হ র র র র র র র র র র র র র র র র র র র র র র র জন য ছ ল
154118,startseq চ ক র র র মত অন ক র র র র র র র হল একট দ র র দ র র স থ ন endseq
154119,startseq ক ন ক ন ন ক ন ক ন ক ন ক ছ ন ন ক ছ ক ছ ক র গ র গ র ক ক র ন
154121,startseq ক ন গ মন দ র ন ন ন ন দর গ য ন ন দর গ ন দর এব গ র ত বপ র ণ বল মন কর
154122,startseq স র র স র স পর যন ত অন ক স হ স ব স কর ছ ৷ endseq
154123,startseq তব ন ক র র র ক শ ব স থ ন য ক শ ষ ক র ব ক ষ ব র ক বল মন কর হয় endseq
154124,startseq ক র র র ক ছ ট ক ছ ট ক য ন য ন ক র র র র র দ দ খ য য endseq
154126,startseq খ ল খ ল র শ শ ন endseq
154127,startseq প র য ভ রত য ক ত র ত র র ক ত র র র র র র র র র ত র ন endseq
154129,startseq বড এল চ র র র ন য য য ত র র র র খ ব র র র র র র র র endseq
154130,startseq ক ন আপন ক অনল ইন য র জন য অনল ইন দ র ন অনল ইন ট ক ন ন ন করত হব endseq
154131,startseq ন র ক র র ন র গ ল র ন র গ ল র ন র ন র গ ল র ন গ কর ছ ছ ল ন
154132,startseq ক ন র ক ন ন ন ন র ন ন ষ ণ র ন ষ ট র গ র গ র গ র ছ ল ন endseq
154133,startseq ছ ট ম ন য য য গ ছ ন ন ক ন ক ন ক নও ব র র ক নও প র ন endseq
154134,startseq এই স থ ন জ র র র র ন ন গ য ছ ল ৷ endseq
154135,startseq র ত র র ব র ক endseq
154136,startseq এই স ত র অন য ন ড স র ম র শ র র র র র র গ য ত ত ক ত endseq
154137,startseq ত ম র ম ত র দ র ন ন দ র ন ত র র ন ন র ম ন র ম ন ন endseq
154138,startseq দক ষ ণ শ ত ত ত ত ত এব স ত ত ত ত র ত র র ষ র শ ষ র ত ত কর হয় ছ
154139,startseq এট ন র র ব শ ষ প র ব শ ষ ব প র ব ব শ ষ ট র য় ব শ ষ ষ ঠ ন হয়
154140,startseq ভ রত য় চ ন ম র চ ন শ ল প র বছর বছর র বছর বছর র বছর বছর endseq
154141,startseq মধ ম হ র র স র স র স স থ স ত প র endseq
154142,startseq আজ প স ট র স ব র ব ব ব ব ব র র ব ব ব যবহ র কর র জন য ব যবহ র কর হচ
154143,startseq এই প রসঙ গ এই প র গ গ র গ র এই দম পত র ব দ ব র ব দ শ র ব দ ত কর র
154144,startseq দ শ দ শ প রথম ভ রত য প রত য গ ন ম ন গ ত র কর ছ ল ন endseq
154145,startseq জ ন র র জ র ন জ র ন জ র ন জ র ন জ র ন ন র র ন র ছ ল ন ন ক
154146,startseq প র র র র র ক র র র র র র র ক ষ ব দ র ক ষ র র র জন য endseq
154147,startseq যখন জ ন ন র প র ত ত দ র প ত ত ত দ র প ত ত ত প র endseq
154148,startseq প থর র র প র র র প র র র ল প থর র র ল র র ব র র র র ত র ত ত
154149,startseq খ ন ল মহ ল দ র র ব ন ন ক ক ন ত ক ক ন ন ৷ endseq
154150,startseq এর ফল র গ র ম শ র র গ র ম শ র র র র গ র ম শ র হয় ৷ endseq
154151,startseq যদ ব শ চ র র শ শ র র ক শ র র ক ক ক ক র র র র ক র হয় ৷ endseq
154152,startseq প রত য গ ল ন র সম প র ব গ ন ল ল ৷ endseq
154153,startseq প র র র র র র র র র র র র র র র র র র র র র র র র ত র endseq
154154,startseq প র ন থ ক র র র র র র র র র র অর ড র কর ন endseq
154155,startseq স ছ ন ন ন ন ন ন তখন ত র প ন ন endseq
154156,startseq ন ন ন ন ন ন ন ন গ র কর ছ ন ন গ র ত র র গ র ত র র ত র ত র ত
154157,startseq ম ন য র র য য য য ন ন ম ন র ন ন endseq
154158,startseq ক ছ চ ন ন ন ও ন ন ও ও ম র র ও ন র কর হয় endseq
154159,startseq আম স ম স ম স র জন য ব শ র কর ছ ল ন endseq
154160,startseq ভ ল স ব স থ য সমস ত স ব স থ য স থ endseq
154162,startseq ক ছ ক ল ক ল ট ট ট ক র একট দল র একট ক ষ ত হয় endseq
154163,startseq ব হস পত ব র ব র স থ স থ একট ম স র একট ম ট র র জন য দরক র endseq
154164,startseq এই প ত প র প র প র জন য এট প প র স স থ প প ত র স স থ ন প প দ
154165,startseq আল কম য শ শত শ কম কম কর ন endseq
154166,startseq ব শ র র ন য ন য ন য গ র র র য গ র র র র র র র র ন ন endseq
154167,startseq ভ য ক ন দ র এব ল ক দ র র র র র র র র র র র র র র জন য endseq
154168,startseq ম নস ক র গ র গ ছ ড গ ছ র গ ছ র গ ছ র গ ছ র গ র গ র গ ছ endseq
154169,startseq ক ষ র ক ত স ক ত স ত র গ র ত র গ র ত বপ র ণ ব গ গ ছ ৷ endseq
154170,startseq আপন র সমস ত র র র র র আপন র প র প র ন আপন র প রথম ব স হ য য কর endseq
154171,startseq ফ ল ম ন ফ র ফ র ড র চ ল ন ল গ ন endseq
154172,startseq প র প র ব স ত র ব স ত র ব স ত র ব স ব স ব দ য য য য য য য
154173,startseq ক র র গ র শ ল শ র র ল শ ল শ র র ল ল আর ন র ল ল ল র জ ল ল র
154176,startseq ব র র র গ র ম ন করল ম ন করল ম ন করল ম ন করল ন ঠ ন ড য ওয় হব ৷ endseq
154177,startseq জ জ য র র জ য র র ন র একট ছ একট প রধ ন একট প রধ ন একট বড স স থ য খ য
154178,startseq ব জ থ ক ই থ ক ট ব য ন ক ন র র ন ক ন এই ব জ র ন র ন ন ছ ল ন
154179,startseq olly আম ক ম ট সম পর ক একট সম পর ক একট ইম ইল কর ক ক কর ন endseq
154181,startseq ব ন ত র র র র স ক ত র স ক ন ত র স থ ন হয় endseq
154182,startseq ব চ চ র জন য দ র র ত দ র দ র দ র দ র গরম জল র দ র র র র য় ৷ endseq
154183,startseq র গ র ক র র র ফল হওয় র ফল আর ক র হয় আর অন ক র হয় আর ক ষত হয় ৷ endseq
154184,startseq এর র চ র ণ হল হল গ র গ র গ ন ৷ endseq
154185,startseq যদ ও অন ক শ র র র র র র র র ক র র ক র ক ছ ক ছ শ শ র র ন ন endseq
154186,startseq আজ একট একট ল ল ন দ ন ছ ল ন endseq
154187,startseq প র র র ফল ও য য র গ অথব স ক র গ ক ক র স র ক endseq
154188,startseq প ট ট ব ব র ব কম হয় ৷ endseq
154189,startseq ন ন র র ন প প র প ন প প র ন ত প লন য় প র ন য ক ত ক র র র মধ
154190,startseq ম ট র স স ইট স চ র চ ক ত স গ র চ ক ত ক ক গ র র র র ব ব চ ত
154191,startseq ক ন গ র ক ন গ র ম ক ক ক ম র র র ম ইল আছ ৷ endseq
154192,startseq আম ক বল ন ত ক বল ক ত ক বল বল বল ন endseq
154193,startseq অল আম র খ ব র ক থ য endseq
154194,startseq ক ন ক ন থ ক ক ক ম দ র ক ক ক ম ক একট প থর র একট শ র র শ ল প র শ
154195,startseq স ব ব র ব র বছর র ছ ল ত বছর র বছর র ব জ র ক জ ব শ রভ ব পড ছ ল endseq
154196,startseq ম স র ম র ভ রত য গ ল এব প ল শ র ষ ঠ র ষ ঠ ত র ভ ষ ত ভ ত ত ত
154197,startseq গ র ম র গ র গ র গ র গ র গ র র র র র ক ছ ল ন endseq
154198,startseq আন তর জ ত ক জ ত র জ য র র র র ন র র র র ন ন র র ন ন হয ছ ৷ endseq
154199,startseq মঙ গলব র ব হস পত ব র র র র র র র র র র র র র র র র ব র ব ত ত কর
154200,startseq ব য ব ব য গ র ব র ব র র র র ব দ য ত র র ক ষ ত র ব র র হয় ৷
154201,startseq যদ ও র জ র ক ন ন ন ন ন ন ন ন ন স ক ত ক স ন ন ত ক ক ন ন ছ endseq
154202,startseq আপন ক র গ ন র ন ন গ র র য ন ট অ য ন ট ট ক ট র ন ন করত প র ন endseq
154203,startseq অন গ রহ কর আম র স থ দ ব জ ও endseq
154204,startseq ম ম ঝ ল ক ছ ক ন য ল ক ন ক ছ ল ক ন ন ন ক ক ন ন ন ন ন ন endseq
154205,startseq ম প নদ র নদ র ন নদ র উত তর ন ম ন ম ন endseq
154206,startseq হ ত র প ত র র ন ত র ন ত র র র র র র র র র র র র অভ নয কর ছ ন
154207,startseq এপ র ল থ ক পর যন ত শ র র র র র র র র র ল ল হ ট ল ল র র র র র
154208,startseq এখ ন স দ ধ র স স য স য স র য স র য দ র স য য দ খ য য় endseq
154209,startseq শ ষ র র র ম ক ষ ন ন ন গ ছ ন ন ন গ ছ ন ন ম ন ন ম ন ন ন endseq
154210,startseq ন গ ল র ন ম ন ন ন গ ন গ ন ন ন ন ৷ endseq
154211,startseq যদ আপন র রক ত হল ন ক ন ন হয় ত হল ন র ন হয় ন হল ত র র ভ ব হয় endseq
154213,startseq এই প রধ ন প র স ত ত য ম ক ত ম ম স ক ত এব স ম র স ত endseq
154214,startseq প র থ ক ৬০ শত র এল ক য র র র র র র র র র র য র র য য endseq
154215,startseq র গ র ম য় র র ব র ব হয় ৷ endseq
154216,startseq ন ন গ ল র র র র গ ল র এই র গ য ব য ব endseq
154217,startseq ন জ র পর ক ত ত র ন ন ত ক ন ন ত ক ন ত ক ন ন ত ত ন endseq
154218,startseq শহরট র ট ট ট ট ট ট ভ ট ট ন র র র র র র র ন ন ন গ ল ন endseq
154219,startseq এই ধরন র র ন চ ন চ ন চ ন চ ন চ ন চ ন চ ন ন র র র ন ন র ন ন ন
154220,startseq দ শ দ র ত ত র ত ত এব ত ন ত র ত র ত র ত র র র ত কর ছ endseq
154221,startseq অশ ক ত র র র য য য ন ক র ন ত য ন ন ন ন ন ন ন ন ন ন endseq
154222,startseq আম ক থ ক ছ থ ক ছ ক ছ ব জ ও endseq
154223,startseq ক য ণ ড র ব র ব র য ব য ঙ গ ল য র ব শ ল র র র ত র র ত র হয
154224,startseq ক ন গ ল গ ন র ক ষ ঠ ন ড র দ র ত র র র র র র র ত থ ক ৷ endseq
154225,startseq ন র র র র র র র ক র ক ত থ ক শ র ত ক থ ক ন ন ৷ endseq
154226,startseq ত হ দয় হ দয় এব হ দয় র হ দয় র হ দয় ব ড ন endseq
154227,startseq প ল ল র ক দ দ ব দ ক ন দ ব র ক ক ষ ভ রত য় ছ ল endseq
154228,startseq অর থ ত ন ন স র র র র র র র র র র র র র র র জন য প ল ল র জন য
154229,startseq ওলন দ র র র র র গ ল প র গ র ম ল ক র গ র ম র জ দ র গ ল কর ন ন
154230,startseq প ল গ ল ও ত র ক ক ও ন জ র গ ল ক জ কর endseq
154231,startseq ন র র র র র র র র র র র য র র র র ত র র র ত র র ত র ছ ল endseq
154232,startseq ন গ র ক ন র ক ন ন ন ন ক ষ ক র ভ ন ন ন গ ছ র গ ছ র গ ল খ ব
154233,startseq স থ স থ র অবস থ ত এব র র র র র ব ব র হয় য য় হয় য য় ৷ endseq
154234,startseq জ জ র র গ ন র র ম র ম র ম ত র র য গ ল ন ন endseq
154235,startseq প র এব স ন র র স র র র স র র র র র র র র ল র র র য গ ল খয গ
154236,startseq অন ক শ ব র র র র র র র র র র র র র র র শ র র ক র র ব যবহ র কর
154237,startseq প র ণ ড র গ র র র র র র র অন ক অন ক র র ক র র র র র র য য endseq
154238,startseq ক ন ত স থ ন ট ছ ড ও স ট ন ট ছ ড ও স ট ল ট ব ট ট ল ট ট ল আছ
154239,startseq তব ইহ ক ত র র প ত র র ক ন ব র ব র ক র র র র র র র র র র হয ৷
154240,startseq ব দ দ ব দ র র র র র র দ র দ র দ র দ র গট ত র কর হয ছ endseq
154241,startseq আম এই গ ন সম পর ক ক ছ বলত চ ই endseq
154242,startseq শ ল র এব ক ক র সময় প র ব চ র র র ব র র র র কম প র গম র উতপ দন হয় endseq
154243,startseq ত ন ল খ ল র ল র র র গ র সঙ গ ত র ব শ ব শ ব শ ন ন endseq
154244,startseq এই স থ ন য র জন য য র সবথ ক হল সবচ য় ভ ল হল স ব ব endseq
154245,startseq অন য ন য য র র র র ক এব গ র ক গ র ক ন গ ল গ ল ক গ য endseq
154246,startseq চলচ চ ত রট ট ট ট ট ট ট ট ট ট ট ন র কর হয ছ ল endseq
154247,startseq ন ক ত র র র র র র র র র স ন ন র ম ত র স র ন ন ন endseq
154248,startseq স ব র ত র র র ত র ম ম ম ট র ক ম ট র ক ম ট র ক র ম ট ত র কর
154249,startseq এখ ন র স ধ রণ য ন র র র ক য ন র ক র ক ক র র র সবচ য ব শ ষ দ ধ
154250,startseq মন কর হয য ব স থ ন থ ক ব ক র থ ক থ ক থ ক ম র থ ক ম র র র endseq
154251,startseq এই রকম র র র র র র র র র গ ছ র গ ছ র গ ছ র গ র র র র র গ ছ ল
154252,startseq স র র র নত ন র র র চ ল ও endseq
154253,startseq আম ক ক র সম পর ক ক ছ ক ছ বল ন endseq
154254,startseq ক র গ র ক ক ল ল র উপর অবস থ ত স স ত র উপর স স র স র স ত র স ত র
154255,startseq সক ল দ ধ দ ধ দ য দ ধ দ ধ দ য় দ য় চ খ চ খ দ য় ৷ endseq
154256,startseq স গ ল স থ ক ত র র য য ত ত র র ক ন ত ক র র প রভ ব প ওয় য য় ৷
154257,startseq প র ব ল দ র গ ব ত য র ড য র ক র ক ক ক র ক ক ক ক ক ক ক ক ক
154258,startseq ল প ট ক ক ক য য র ক ল গ ল ম ট র ল গ ল ক র গ ল endseq
154259,startseq এব প ন য ন র র র র র র র যক ত ব ন ন ন ন endseq
154260,startseq ক র র র ম স র র র র র র র র র র র র র ন endseq
154261,startseq ক শ র র ক ক ষ ত র র র র ব শ ব র ৷ endseq
154262,startseq ক র র র র র ক ন র র ক ষ র র ক র একট র র র ত endseq
154263,startseq শ ধ ত র র র ন ন ত ন ন ত র ন ন ত র র র ত র র র র ন ন endseq
154264,startseq নত ন ন ক ঠ ক ন endseq
154265,startseq ক য ত প র ক ন ন ন স ন ন ও স ন ন র র র র ন ন র র র ন ন র ন
154267,startseq দয কর আম ক বল ন endseq
154268,startseq র গ জ র গ ল র র র র র র র র র গ ল ক র র গ র গ ন গ ল ন endseq
154269,startseq চ ল ন ন ল ন ল র ম র র র ম ল ক র দ ব endseq
154270,startseq সর বশ ষ ইনস ট ম ট প র ট ম ট endseq
154271,startseq এট ক র র র র ক ক ষকদ র ও ক ষকদ র র ব শ ব শ র কর য ত ৷ endseq
154272,startseq ব য ব র র স স স থ স ব ব ব র র ব য র র র ব র থ ক কম কর র জন য
154273,startseq দক ষ ণ আফ র ক ষ ট র রত র ব শ ষ স ধ রণ ব শ ষ ষ endseq
154274,startseq এই চলচ চ ত রট ২০১৪ স ল র আগস ট ম ক ত প য endseq
154275,startseq ক ন ক ছ ক ন র ন ন ন ন ন ন ন ন ন ন ন ন ন ন ন ন ন endseq
154276,startseq যদ ও য ন র র য য য ন থ ক ব য থ ক ব র র ক ক ক ক ক দ ক য য য
154277,startseq আম ক সক ল ক জ জ পর পর পরত আছ endseq
154278,startseq ক ল র র র র র র র র র র র র ন র র র র র র ন ন কর হয ছ endseq
154279,startseq অন ক ব ল ব ক ল য ন ক য ল য ন য ন ড র স ল র র র অভ নয কর ছ ল ন
154280,startseq দক ষ ণ র ল ল র য় ম র য় ম ন ষ র ক ষ ত র ন য় এব গ র ষ ক র কর হয়
154281,startseq মহ র ষ ণ র র র র র র র দ র দ ক endseq
154282,startseq স ল র র র র র র র র র র র র র র র র র অবস থ ত রয ছ ৷ endseq
154283,startseq ব ব এব এব ন এব র এব ব এব ব য র র এব প রক র র ব ব ব ধ র প রয় জন endseq
154284,startseq ত র র র অন য র র র র র য র র য র র য র র র র র র র র র য endseq
154285,startseq ব স ল প র য ন ন র য ন ড য ন ড ত র ন ড র র শ র শ র হয ছ ল endseq
154286,startseq ম ন ন র ন ন য য র র য ন য ন ন ন য য ন য ন য য য য য endseq
154287,startseq ক র ত র র র দ র ত র পর যন ত য য য য য ৷ endseq
154288,startseq এট স ল ম ম ক ক ক র র র র র পর চ ত ছ ল endseq
154289,startseq ত র ভ ম ন র জন য প ত র ত র ত র য ন র ল র ট র ল য ন স ন ত র
154290,startseq উত তর ভ তর র উত তর ভ রত র দক ষ ণ র দ র র দ দ দ ই দ ই দ ব র আছ endseq
154291,startseq ভ রত য র ব র র আগ র র ব য র র র র র র র র র জধ ন র জধ ন র জধ ন
154292,startseq মহ র ষ ট র র র র র র র র ব যবস থ পন কর ছ ল endseq
154293,startseq শ র র র য ন য ভ রত য ন য ন য ন ত য ন য ন ত য ন য য endseq
154294,startseq ত ন ন ন র র ম র ন ম র ন ম র ন ন র ক ন র ন ন ন ন ন endseq
154295,startseq আম এখন ক এখন এখন কয ট চ ই endseq
154296,startseq বর তম ন প র র দ র প র ণ এব ম ট র র জল র র জল র ক র ক র র র হয ছ
154297,startseq ব দ র ব দ র মন দ র ব দ র মন দ র ব শ বর গ র মন দ র র ব র মন দ র
154298,startseq ম ল র র র র র র র র র ম র র র র র র র র ব র বছর র র য ত হয endseq
154299,startseq ম ল র ক ক র গ ছ র ক ছ গ র ক রণ র ক রণ হয় য য় endseq
154300,startseq প য ন র ন ন ন গ ছ ন ন গ ছ ন ক ক ন গ র ক ন গ ল প রধ ন দ ক ন
154301,startseq ত বক র বক বক র উপর একট স র প রভ ব পড ৷ endseq
154302,startseq এর ম ত র ক ক ত ক ত ক ত ক ত ক ক ম নস ক ও ম নস ক এব এব এব এব এব ব ক
154303,startseq ভ রত য় র র ম ন ভ ট ম ন র র ব র ৷ endseq
154304,startseq ভ রত র ক ছ ক ছ ত ন য য য য য য য ত র ম ট ম ট ম ট ম ট র দ য়
154305,startseq ক ছ দ ন পর পর ও মন র র র র গ র র গ র র গ র র র শ র কর ৷ endseq
154306,startseq যদ হ ত র র ক ক রণ য র র র র র য ত হল হ দয় র র হ দয় র কর ন ৷ endseq
154307,startseq আম ক আম র ত ল ক শ নত দ ন endseq
154308,startseq স ই আপন র স থ কথ বলত প র ন স কর ন ন ন ন ৷ endseq
154309,startseq আপন ক ন জ র র খ র র খ র র এব স খ ন র র র র র র র ভ ট ক ট কর ন
154310,startseq ক ল র ন গ ল র শ র গ ছ ল ন য শ র গ য দ খ য য ৷ endseq
154311,startseq ম নস র গ র র গ র ক ষত ক রক র র গ ল গ ৷ endseq
154312,startseq এই ক য ন র র ন ন ন ন ন র র এই প র র র র র য অবস থ ত endseq
154313,startseq যদ ব স ধ রণত ব দ ধ রণত ত ত ত স ধ রণত ব ত হয় য য় এব ব স স ধ রণত ব ল হয়
154314,startseq ক র র র র র গ ল ক র ন র র র র র র র র র র র র প রয় জন endseq
154315,startseq য খ চ র চ র মধ য মধ য মধ য মধ য ব য খ ব র খ খ ন endseq
154316,startseq গ ড ব ম র জন য অন স ম রক স ট কর ন endseq
154317,startseq এই উদ য ন র এই উদ য ন এই উদ য ন র র য র র র স ব ব খ য হয ছ ৷ endseq
154318,startseq অন যদ আপন র অন ক র র র র র মত অন য য় তখন স তব য র র র র র র র র endseq
154319,startseq এই মরশ ম র র র র র ব যবহ র কর র কর ন ৷ endseq
154320,startseq ব দ র দ শ ব শ ব র ব শ ব শ ব শ ব শ ব শ ব র র জন য ব শ থ ক ন
154321,startseq এই প রত ক র এব ত র ই র জ য র মধ য দ দ র মধ য রয ছ endseq
154322,startseq আপন র র র র র ন য ন য ন য ন য ন য ন য র র র য ক রণ হল ক রণ হল ক
154323,startseq নত ন ন স ন নত ন স প ল ল স ট চ ল ও endseq
154324,startseq অধ ক শ র গ ল ক ন র র র র র র ন ন ন র ন ন ন ন endseq
154326,startseq তব এই স থ ন র নত ন স থ ন ত র ন র ক র ক ক র র ক র র ক র ফল প র
154327,startseq এট প র য় প র য় ৮০ শত শ র দ র জন য ব শ ল ল ত ব যবহ র কর হয় endseq
154328,startseq ন ন ন দ র র বর মন দ র ভগব ন শ বর ষ র ন ন ন র র ন ন ন ন ন ৷ endseq
154329,startseq আপন র চ ন শ র দ ক র র দ ধ র ক ক ব চ চ র র ব চ চ ল ন ত দ য় endseq
154330,startseq আজ আম র অ য ল র ম সম পর ক আম ক মন কর য দ ন endseq
154331,startseq ম ল ক ত ক ম ম ত ম ত ক ম ত র ম ক ত র র ন ত কর endseq
154332,startseq এট ক শ বর গ ক এট হল এট হল এট একট গ ন ন ন ন ন ন ন ন ধ র খ ল খ ল endseq
154333,startseq ব ম নবন দর হল ব ম নবন দর এব গ ল র ন র র র র র র র র ড ও endseq
154334,startseq যদ গ র গ র খ ব র ক ত হল ত র ক ব র ত ব র ন ন ৷ endseq
154335,startseq আমর একস থ ত র ড গ চ চ ছ endseq
154336,startseq ত ন ক ক ত আধ ন ক একট আধ ন ক একট ব র ক র ক র র একট গ র ত বপ র ণ ভ ম
154337,startseq এর স ন দর ঝ ল র স ন দর য য স ন দর য য য য endseq
154338,startseq ক ন ন ন ন ম র একট একট একট ন ম র ন ন য ন র ক র র জন য ক ন ন কর ন endseq
154339,startseq ম ন ম র সঙ গ ত র সঙ গ ত র অন ক জনপ র য য গ ছ endseq
154340,startseq প ট ট ব র ব ট হয় ৷ endseq
154341,startseq ক ন র র গ র পর বত র র ত র র এব ত র র র র র র র র র য য ছ য ছ
154342,startseq ন জ র ষ ট র ষ ট র র ষ ঠ র র র র র ক ষ র র র র র র র প র endseq
154343,startseq ব র র সময এখন কয ট ব জ endseq
154345,startseq বর তম ন গ ন ব জছ endseq
154346,startseq ত র ব দ থ ক ত ত র ম ণ কর ছ ল ন ত র ম ক ষ ত র এব এট একট অভ য ন য়
154347,startseq স খ য য য য য য আপন ক ন য ল য ন য য ন য ন য ন য ন য ন র সময ন
154348,startseq ক ছ ক ছ ল ন চ ন গ ছ ল ন গ র ক ন গ র র র র প ত ছ ল endseq
154350,startseq এর ব শ রভ গ ক শ ক শ ক প রত ক ক ল প ওয় য য় ৷ endseq
154351,startseq প র জ র র র জধ জধ ন ছ ল ন endseq
154352,startseq ট র ট endseq
154353,startseq ব ল দ থ ক থ ক শ র র র শ র হয endseq
154354,startseq ম ঘল স ম র র র র র ন ন ন ন ত র ন ন ন ন ন ত র ন র ত র ছ ল ন
154355,startseq আম র আজক র জন য অ য ল র ম স ট কর ছ endseq
154356,startseq ক ন গ র ন ন ম থ ন ম ম ন ন ম ন ত ন ত ন ম ল এব দ দ ই দ ক ই দ
154357,startseq ন জ র শ র র ক ছ ন শ র র ক ছ শ ষ র ক শ র শ র শ র অর থন ত ক ছ
154358,startseq ব য ন ন জ ল গ ন ম ম ম ন র ম ম ম র প রথম ব জ ন য গ ল প র র র
154359,startseq ভ রত য় ন ন ত র ক ছ ল ন ন ত র ন ন ন ন জ ন ন ন endseq
154360,startseq এই রকম র র র র ক ন ক ন ক ন ক র র র ক ন ক ন র র ন endseq
154361,startseq ম খ ল প শ শ র প ল খ ল র খ ল র প শ ন ন ন endseq
154362,startseq এই জন য বল য য স য স য ন র সময় এই স য ন র র র স ন দর য য য য য য
154363,startseq যক ত র স র স থ স থ স থ র র গ র স থ র সমস য হয় ৷ endseq
154364,startseq ব শত ব দ র র র র র র র র র র র র র র র র র র র র র র র ন endseq
154365,startseq আমর আম দ র র র র র স হ য য করত স হ য য করত প র endseq
154366,startseq শর র শর র র র র র র র ব ন ন ন ৷ endseq
154367,startseq জ ন ন ই ব র র র য র ও জ ন র ও জ ন ও ও জ ন য দ খ য য় endseq
154368,startseq ন ষ র র র ষ ট র য উদ য ন র র র র র র র র র র র র র র কর ছ ল
154369,startseq ব শ বল প র ব স কর হয ছ ল প রথম ব দ ব র ব র ব দ ত র দ ব দ ধ endseq
154370,startseq ক ছ র র ন ন ন ছ ল ছ ট ছ ট ছ ট ল ল ল র র র ন র ন র ব ন কর হয়
154371,startseq ক ন ল র ফ ল র ফ র য় ফ ল র র র গ র র য র চ য endseq
154372,startseq কখনও কখনও ধ র ধ র ধ র ধ র ত ক ত ক ন ত ক ন ত ক ক ক ক হত প র endseq
154373,startseq এছ ড ও হ ত র ত ত ত ত হয় ত হয় ত ত ত ত ত হয় য য় endseq
154374,startseq ম র ন ম র ম র ন ন ন ন জ র ন ন ন জ র ন ন ন ত র ন ন ন ন endseq
154376,startseq প র ন র র র র ম র ব র স থ ন ম র স থ ন ম একট ম ত র ত আছ endseq
154378,startseq ল ল প প য প ল ল ল প রধ ন একট প রধ ন স ধ রণ ৷ endseq
154379,startseq স র ল ক র ক থ ক এই ওষ ধ থ ক থ ক ব র থ ক থ ক থ ক থ ক প র ত প
154381,startseq ছ ড ও য ল ক র ক ত ক ন ত র র ক ন ত র ক ন ত র র ন endseq
154382,startseq এই ভ ব ত ত ত ত ত ত র র ত ত র ত ত র ত র র র ব যবহ র কর য ত প র
154383,startseq স ল প ল শ ল ক ত র ন ত ত য ল ন ত র ম ল য খ ব খ য ত ছ endseq
154384,startseq স ত র ত ক ক ক endseq
154385,startseq ত র গ ন র জ র ন র ম ন র র র কর ছ ন ন র র র র র র র কর ছ ল endseq
154386,startseq যদ ক জ র জ ন জ র ন ত হল আপন র ত হল আপন র ত ত হল আপন র ম র ত ত কর endseq
154387,startseq আম ন শ ষ ক ছ ন চ ই ন চ ই endseq
154388,startseq ব য ন য ন য র দ ব র য র স থ য য য ন ড র র য পয ন টম ন ট য গ
154389,startseq পরবর র ন র র র র র র র র র র র শ র শ র আরম ভ ত শ র কর endseq
154390,startseq ন ন ন ন ন স ন ন ন ন জ ন ন ক ন জ র স ন র র ব র ন ত র endseq
154391,startseq আম ক ক ছ ক ছ ন ন ক ক ন নত ন ইম ল প য ছ endseq
154392,startseq দ র র র হল আপন র র থ ক আপন র থ ক আপন র থ ক আপন র থ ক আপন র থ ক endseq
154393,startseq ব জ র মহ ল দ র প র র র র র র র র র র র র র র র র র ত র endseq
154394,startseq ম য র ক ক ন য ম র য ক ন ম র য র য ম র য ত আছ endseq
154395,startseq সর ন endseq
154396,startseq অল আম ক থ ক স থ ন য ক থ থ ক স থ য য স স ব জ ও endseq
154397,startseq ম র র র র ম ত র স ন র র র র র র র র র মত দ ল ন endseq
154398,startseq ম নস গ র ভ ন ন ধরন র ভ তর ন র র র র র র র র র র র র ন হয় ৷ endseq
154399,startseq ক ছ ক ছ র গ ল র র র র র র র র র র র র র ক র ক র ক র ক ত ক
154400,startseq প র র র স র স ব য খ ন য র র র র খ ব র র র র র খ ব উল ল খ কর
154401,startseq ন ন র র ন ন র র ন ন ন র ন ন ন র ন ন ম ল য স ল র স ল প রত ষ
154402,startseq একট ক ক ক ন ক স যখন ক ন ন যখন ক র র র হয endseq
154403,startseq স দ র দ র স থ দ য endseq
154404,startseq দয কর বন ধ কর ন endseq
154405,startseq ক ন র ষ ট র য উদ য ন র স থ ন র র র র স থ ন endseq
154406,startseq স ব শ কর হয় য ব যক ত সমস ত ব র র র প রত কর হয ছ ৷ endseq
154407,startseq ফ ল র র র ক র র র র র র র র র র র র র র র ক ষ ত র কর র endseq
154408,startseq আম র জন য একট কফ একট কফ ব ন endseq
154409,startseq ত ম ল ত ন দ র র ষ ট র য র র হ স য র হ স য র হ স হ স য কর endseq
154410,startseq দ র গ endseq
154411,startseq ভ রত য় ভ রত য় ছ ল দ য় য র দ দ দ য় য খ দ য দ য় endseq
154412,startseq য র স ই র র র র র র র র র র র র র র র র র র র র র র র ন endseq
154413,startseq ত জ র ম ত ত ম ন জ বন ব য য় ম ত র র গ র ম ত র র য য় endseq
154414,startseq পর দ র ত ত র গ ন ন গ র ম ন ন র স থ র ত র হয় endseq
154415,startseq প রত য ন ল ল ল ল র জ ল য র জ ল র স থ ন র জ য র ল র জ য র র
154416,startseq গ ব র র স থ ন য ল ন স র মত স ন ন র র র র র র র র র র ছ ল endseq
154417,startseq ভ রত য় ভ রত য় স স ল ত র ব শ র স র শ র ব শ র ব শ য ত endseq
154418,startseq উচ চ র জ থ ক ব য থ ক রক ত র ক য য় ক ক র র ক র প রথম প রথম প প endseq
154419,startseq স ন ন র র ন ন র ন ন র ন র ন র ন র ন ন র ন ন ম বল হয় ছ ল ন বল
154420,startseq আজক র ত র খ র ত র খ খ endseq
154421,startseq এই ব ট র র র র য য আপন র র র র আপন র র র র র র র endseq
154422,startseq আম ক হ ক ল থ ক একট ইম ইল প য ছ endseq
154423,startseq প র র র প ল স র ব র র র র শ ল ছ ল endseq
154424,startseq ক ষ ক র র ক ল ক র র ক র র ক য র ক য র স ক র য য ন endseq
154425,startseq র জ ন য র র গ ন এব ন ন র প রধ ন র প রধ ন র প রধ ন অবস থ ত endseq
154426,startseq দ ল ল র র র র য র র ল র স থ ন জ র স থ ন জ র থ ক জ য়গ য় endseq
154427,startseq অন য ন ল ক ন র র র র র র র র র র র র র র র র র র স থ র endseq
154428,startseq আম র ম ইল র ইম ইল র একট উত তর দ খ ন endseq
154429,startseq ব শ রভ গ ম ল ক র ক য ত র জ য ক ন ক র ক র ক র ক র ক র ন ত র
154430,startseq ব দ ষ ট র র র র র র র র ত র র র র র র গ র ন ন গ ছ ল endseq
154431,startseq ম র স ম ক ত ল ক ম ছ দ ন endseq
154432,startseq ক ন গ ল র ন ন র র বত র ন ম র স থ ন ম স ন ন র ন ন endseq
154433,startseq য খ ন থ য গ ছ র ত র র শ র র গ র র জ র র গ ল য য ত প র ৷ endseq
154434,startseq প ল স ল প র শ র প রথম দ ন য ন র শ র প রথম দ ন র প রথম ত ত হয endseq
154436,startseq র ত র র র র র র র র র র র র র র র র র র ব শ বব য য র ব যবস থ
154437,startseq র র র ট ইট র য গ ট র র য য ট র র য দ র ব ব ব ব র ব ব য য় endseq
154438,startseq দয কর আম ক গ ন খ জ ন endseq
154439,startseq অর ণ চল প রদ শ র প রদ শ র প র প র ছ দ র প রজ ত র প রজ ত র প রজ ত
154440,startseq ক ক এব এব গ ল ক র র র র র র ত ত র যক ত প র য য় endseq
154441,startseq ম ন ম র ন ন ন ন ন ন ন ন ন ন ন ন ন ন ন ন ন endseq
154442,startseq ক ন ড র র র ক ন ন ক ন ক ন ন ক ন ন ন ব ব শ ব যবহ র কর ব যবহ র কর
154443,startseq আম ক এই য ত র র র র র র ট র ট র ট ক ট করত প র endseq
154444,startseq ক য গ র গ ব য থ হয় য ব য থ হয় ৷ endseq
154445,startseq এট উত তর ঞ জ ব স ক ত য র স থ ন য ন স ক র স থ ন য ব স য র র য
154446,startseq ম র র র ম ত র ন ম র র ন ন ম পর বর তন কর র পর বর তন কর ছ ল ন endseq
154447,startseq ক ন একট একট ত র ক র ক র র র র র র ন ন ন ত র endseq
154448,startseq এট ক ক র র ক ক ক ন ক শর র র র শর র র র গ র ত বপ র ণ endseq
154449,startseq ক ম ম য ন য ন য ম র ভ ম র ভ গ য র ভ ম র গ র ভ গ য ভ র ত র
154450,startseq এর মধ য এব স স থ র শ শ ন ত ও endseq
154451,startseq ন গ র ন ন ন গ ল র ন র র র ব র ব র র জন য ব যবহ র কর ন ৷ endseq
154452,startseq যদ ও এই র গ র র ন ত র ন ন ত ব ন ন ত ন ন ন ন ত ন ন ন endseq
154453,startseq স র জ র র শ র ত র শ ষ গ ন endseq
154454,startseq র গ র র ন ন য ত র র য ত র ক ন ত র র ক র ক র ফল র গ র ফল ৷ endseq
154455,startseq জ গ য় ঘ ম থ ক endseq
154456,startseq ব শ ম ন ড ম ম ব ড য় ম ন ড স ড য় ম ট র ব র কর য য় য য় endseq
154457,startseq ক ন ম র ম র ম র ম র ম র র র ম র ত র ক ক endseq
154458,startseq ক ন ল ল ন ন ন ন য ন ন এব ক ন র র ক ন র ন র ন আছ endseq
154459,startseq গ ন র র র র র ম র র র র ত র র র র র র র র র প র ন ছ ল ন endseq
154460,startseq তব এখ ন প র ক জন য অন ক ক ছ ছ ছ ৷ endseq
154461,startseq অন গ রহ কর আম র প প এ এন নম বর এর অটল র প নশন র পর ম ণ এ এন নম বর দ খ ন endseq
154462,startseq ফলস বর প রথম ভ রত য় ক ছ ল ন য় ন য় ন গ ন র ক র গ ল ন র গ ছ ল endseq
154463,startseq ক ন ন ন ক ন র র র র র র র র র র র র র র র ন র র ত র endseq
154464,startseq ক ন ক ক র ক রণ হল এই ওষ ধ হয় য য় তখন এই ওষ ধ হয় য য় তখন এই ওষ ধ হল দ খ য
154466,startseq এর ফল ক ন ক ক ক র র ক ক ছ র ক ছ ক ক র র র র র র র র র ক র হয়
154467,startseq ম ম দ দ ধ দ ধ ম ট ম ট ম ট ম ত ত হয় য য় ৷ endseq
154469,startseq ম ম ম ম ম ম ম ম র র ন ম র ন র ন ন ন ন ন গ ল র গ র ম ন ছ ল
154470,startseq ক ন ত আপন ক ছ ক ন ত র ন ন আপন ক ছ ক ন ক ছ ক ছ ড ত প র ন endseq
154471,startseq ভ রত র ক ন র ন র ন র ন র এব ন র র র র ক ত র ক ন য় endseq
154472,startseq এই ছব ট র ন ল প র র র উপর ভ ত ত কর endseq
154473,startseq যখন দ দ দ ল ল ল দ দ ল ল দ দ র দ র দ ন দ র দ র দ র দ র র জন য
154474,startseq এই বছর বছর পর হ প হ ড র হ হ প হ ড র হ প হ ড র খ খ ছ ৷ endseq
154475,startseq স দ দ র বল ছ ন য এট এট বর তম ন বর তম ন ব দ খ কর endseq
154476,startseq ভ ল ও ন র ও ও ল র র র ও ভ ল য র ও ভ ল র র য ভ ল ভ ল র ভ ল
154477,startseq হ ট র ব ব র কর র উপর ব র য় দ য় দ ওয় র উপর দ র উপর র খ দ য় ৷ endseq
154478,startseq ন গ ল র র ন র পর পর গ র র পর র গ হ র গ হ র গ হ র র প র endseq
154479,startseq সক ল র র দ দ ধ গরম জল র য় ল ব ল গরম জল র য় ল ব র য় আর ম ল য য় ৷ endseq
154480,startseq পর র দ ন পর ক র র র র র র র র র র র র র র র র র য় endseq
154481,startseq ক ন ক র জন য গ ল ন গ ল য ন গ র এব গ য গ য গ য গ য গ য endseq
154482,startseq ক র ক ট ক ট ক ট আর ক র ক ক ক ক ক ক ক ক ক ক ক ক ক ক ক রক ক ক
154483,startseq আম চ ই চ গ গ গ ত ত ত ক ক ন এট আপন এট বলত প র ন endseq
154485,startseq এই দ র র ক ষ ত র র ন এব ত র র র র র র র র র র ন কর ছ ল ন endseq
154486,startseq এখ ন স ন ব স ন ন র স ত র স ন ন র স ন ন ন স ন ত ৷ endseq
154487,startseq আজ সক ল থ ক আজ র ত র আজ র ত র র জন য অ য ল র ম স ট কর ন endseq
154488,startseq য গ ল র ন র র ন য ন ন ন ন ন ন ন ন ন ন ন ন endseq
154489,startseq এর ব শ রভ গ ক শ ক শ ক প রত ক ক ল প ওয় য য় ৷ endseq
154490,startseq এখ ন প র চ ন প র স ব স থ য র জন য ব দ ন দ র স ন দর য ব যবহ র কর
154491,startseq একট বছর পর বর ত ত পর বর ত ক ষ ত র ক ষ ত র র ম ণ র ষ ণ র ষ ঠ ন র ভরশ
154492,startseq প র ন গ র গ ন ন ন ন ন ন ন ন ন ন ন ন ন গ ল ন র র গ ল গ ল ন
154493,startseq বর তম ন ন ন ন ন ন ন ন ন ন ন ম ব ব শ ব ব শ ব র জ ন endseq
154494,startseq ক ষক র একট একট ল ল গ র ত র র র র র র র র র র র র ন endseq
154495,startseq ব জ র র প প র র প প র র জন য ক র র ব শ ষ ব যবস থ আছ endseq
154496,startseq শ র র ন ন ন ন ন ন ন ন ন ন ন ন রঙ র রঙ র রঙ রঙ র রঙ পর ভ য় কর ন ৷
154497,startseq ন ক র র র র ব জ র ন ত এব ত ন ত র র র ত র ব ব ব ব ব ব চ ন ন
154498,startseq ন জ র ল গ ন য ন ন ন ন ন ন ন ন ন ন ন ন ম ন ষ ঠ ন ন endseq
154499,startseq ত র র র ত র র জ র র র র র ব ষ ট র র ব র ব র র র র ব ব ব ব
154500,startseq ম লক ষ র র ন ম র র র র র র র র র র র র র র র পর বর তন কর উচ ত endseq
154501,startseq স ন ম র ফ র স ট র র র র র র র র র র র র র র র ক র র ন ছ ল
154503,startseq হ য য ত র গ জ র স থ ই জ য়গ য় র র র র র র র র র থ ক ৷ endseq
154504,startseq জ জ র র র ব শ র র র শ র র ম ন ক ক ম র গ র ম র গ র ম ণ endseq
154505,startseq গরম র থ থ থ ক ও ম থ ও দ ম ম ও ম ম ও ও ম ণ ৷ endseq
154506,startseq এই ব গ র র র র র র র র র র র র র র র র র র র র র কর endseq
154507,startseq স নত ন র র র র র র র ক র র ক র র ক র ক র র র র র য় endseq
154508,startseq অন কর আজক র জন য সমস ত অ য পয ন টম ন ট ম ছ ফ ল ন endseq
154509,startseq ক ছ দ ন ন ন ন র ন ন র ন র ন ত র ন র ন র র ক ত ক ত ক ত কর endseq
154510,startseq হ য দ ব র ক ন দ ব র ন র র ন র ম ত র র র র র র র র র কর ত কর
154511,startseq ক ন র র ক ক ক ক এব ক ল এব এব ক এব এব ক ক ত র ত endseq
154512,startseq নদ র র নদ র ওপর ন র র নদ র উপর অবস থ ত উপর ব ড র উপর ব দ দ খ য য endseq
154513,startseq প রত দ ক ইম ইল প ঠ ন য দ খত প র ন ত হল আপন র দ ক র ত দ খ র endseq
154514,startseq ন ক ন ব যবহ র কর ন ন ন ন ন ন ন ন ন ন ব ন ন endseq
154515,startseq স দ ধ গরম দ ধ দ ধ দ য় দ য় ৷ endseq
154516,startseq সপ ত হ ন ত ক ক ক ন থ ক ক ক ক প ল ন ট ক ট ন ন endseq
154517,startseq ম ল পড ত হল একট একট ন ত দ র এব ত ন ত র র ভ ন ন ন ব ভ ন ন ন endseq
154519,startseq স ট র র র খ ওয় র জন য স ন দর হল উপক র ৷ endseq
154520,startseq প শত ব ব ব ত র র র ব র ব র শত শ বয়স র ব শ শত শ বয়স র শত শ শত শ শত শ
154521,startseq আম র ক আজ একট ছ ত ল গব endseq
154522,startseq ভ রত র গ হ ত র র ত ত র য ত য ত র ত য গ র ম র ত র র র র endseq
154523,startseq এট ক র র র র র র র র র র র র র র র র র র র র র র র র র দ র
154524,startseq ভ রত র উত তরপ রদ শ র থ ক উত তরপ রদ শ র থ ক ৷ endseq
154525,startseq ক ইম ল ক ক ক ক ক ক ক ক ক ক ক ক ক ক ক ক ক ক ন endseq
154527,startseq ম খ ন র র র র র র র র র র র র স থ ন র ক ষ কর ন endseq
154528,startseq এই প র ণ ক ক ক দ র প র প র ন ক স ক র ক ছ ক ছ ই আছ ৷ endseq
154529,startseq এই ব র র র র র র র র র র র র র র র র র র গ র মত ন য ন endseq
154530,startseq ক ন ত ক ন ত র ন ন ন ত র ন ন ন ন endseq
154531,startseq হ ট ল ল ল র ন র এব ল ক র র ল এব ত র র র র র র র র ত ল endseq
154532,startseq নত ন প ল প ক প ল এব ব য য় ম র র র ওষ ধ র জন য উপয ক ত endseq
154533,startseq স দ ন য ভ রত য চলচ চ ত র অভ নয কর র চলচ চ ত র অভ নয কর ন endseq
154534,startseq ক ষ গ র ব ধ ন গ ধ র ধ ন ধ র ব ধ র র ব র র র য ব দ য র কর endseq
154535,startseq মন র ন ন র গ র গ ন র ম র র র অভ জ ঞত র স গ রহ কর ন endseq
154536,startseq ভ ট ম ন এ ভ ট ম ন র র গ র ত বপ র ণ ভ ম র গ র ম ভ ম ক ভ ম ক
154537,startseq আলস র র ক র র র র র র র গ ল ক রক ত র ক ন য় ন য় ত র র হত প র endseq
154538,startseq ছব ত ম শ য ন ম ম ন ন ম ম ত ন ম ম ক ত র ন ন ন হয ছ ন ন endseq
154539,startseq প রথম ট ট দল র প চট স র ট ট র একট ছ ট ছ ল দ র র ক ছ দ ক endseq
154540,startseq ত র র র র পর র গ ল ত ত ত ত ক ত ব র খ ব র খ ব endseq
154541,startseq জ ল য অভ য গ tweet কর endseq
154542,startseq ন রক ল খ র প র র র র র র র র র র র র র র দ র দ র দ র endseq
154543,startseq ন গ র র স হ য য র র র র স থ য য য ত প র endseq
154544,startseq র গ র স স থ স র র র য র স র য ইত য দ য় পর উচ ত endseq
154545,startseq পশ চ ম গ ল র গ গ ত গ য গ র গ র ত র গ র র র গ য য endseq
154546,startseq ক ন থ ক র থ ক ব ন ন থ ক ব ন ব র থ ক ব র দ র য য য ৷ endseq
154547,startseq র জ র র র র র শ ষ য র র র র র শ ষ র র র র শ ষ ব শ endseq
154548,startseq এই ব শ ল গ র ক ছ ট জল র য জল র জল র জল র জল র মন দ র আছ ৷ endseq
154549,startseq ক য ণ ড র ব র ব র য ব য ঙ গ ল য র ব শ ল র র র ত র র ত র হয
154550,startseq স ক বল য ন বল হয য য য ন বল হয য য র র ক ক ক ন থ ক ন endseq
154551,startseq অন কর আগ ম ক ল সক ল স তট য ম ট র জন য একট অ য ল র ম স ট কর ন endseq
154552,startseq ক র র র ষ ট র ক ষ ট র ক ষ ত আর ত পম ত র জলব য় জলব য র ত বপ র ণ অ
154553,startseq এর ব জ র ব ম র ব র ল ছ ল ৷ endseq
154554,startseq শ ক ষ র র র র ক ষ ত র র ক ষ ত র র ক ষ ক গ বল হয় endseq
154555,startseq ব শ গ গ ন গ ন ন ন ন ন ন ন গ ন ন ন ব শ বব দ য র ব ন ন ন ন ন
154556,startseq স ন ন র র ন র র র র র সঙ গ ত র স গ র ক ছ ন গ র ক ছ ন ন endseq
154557,startseq প রত য ক ল ব দ য ক য ল য ন য ল য য য ল য ন র ব ব ব ল প র য়
154558,startseq ভ ত র র স র র র ক র র র র র র জন য ক র কর র জন য উপয ক ত কর র কর
154559,startseq প য ন প র প র পর স র শন র জন য ব ন য ওয র জন য ব ন ব ব ব ব ব য
154560,startseq র গ ল প র র র র র র গ র য য় য র র র ক র ক ক ক হয় য য় endseq
154561,startseq ক ন ত ত র ক ত র ত র ত র ন ন ত র ত র ন ন ত র র র দ র endseq
154562,startseq ব চ চ চ র র প চ চ র র জন য প রয় জন য় endseq
154563,startseq অন গ রহ কর সক ল র র র র য র র য র য ল ন ড র র অ য পয ন টম ন ট সর
154564,startseq গ র ত র গ র এব ব ন র র র র ব র র র প র ব স ব প ত কর কর endseq
154565,startseq স ন ক র প র র ম র ত র র ন ত র ত র ন ত র ত র ন ন ছ ল ন endseq
154566,startseq ভ রত র গ র প র ড অঞ চল প রদ শ র ন প র র ম ন এব ম ন ন ন ন endseq
154567,startseq এট র গ র র র গ র গ র র জন য উপয ক ত ওষ ধ endseq
154568,startseq এট ছ ড় ও ব ক র র এব এব ন র র র র র র র র র র র র র endseq
154569,startseq যদ আপন র পণ য র ক ক ক ক ব ক ত ক ন ত হল আপন র ক ন ত হল আপন র র জন য ত
154570,startseq স ধ রণত ভ রত য় উপমহ দ র ভ গ ন র গ য গ ত র একট গ ত ত endseq
154571,startseq দ ত ত হল দ র সড কপথ সড কপথ ট র দ র দ শ র দ ক ত রয ছ endseq
154572,startseq স র ষ ট র ট ক ষ ত র র র র র ত র র র র endseq
154573,startseq ত র র র ত র ত ত র ত র ত র ত র ত র ত র অভ নয় কর ছ ল ন ছব ত অভ নয
154574,startseq ব ব র ব র র ব র ব র র র ব র র র র র য় এব ম ন য় endseq
154575,startseq ত ম ত নট র ত নট ত ন ত ত ত ন ত ন ন এব গ ন ন এব স ন ন ন endseq
154576,startseq অন য ক স ক য র ক ক র র র ক ন র র র ন ন ন endseq
154577,startseq লক ষণ র গ র ওষ ধ র র র র র র র গ র গ র র র র র র র র হয় ৷ endseq
154578,startseq ক ন শ ন ত ত র র ক endseq
154579,startseq র গ র র র র থ ক প র প প প প প প প র ৷ endseq
154580,startseq আম দ র ভ ব ক র র র র র র র ক র ক র ক র র ক র সময় endseq
154581,startseq আপন ক আম ক এই সপ ত হ র জন য আম র অ য পয ন টম ন ত প র ন endseq
154583,startseq তব ন র র র র র র আগ র র র র ন র র র র র র র ফল ফল ফল ফল ঘট endseq
154584,startseq ক ছ স থ ন য ক স ম ন ষ র ম ন র র ম র র র ম র র র র র স র স
154585,startseq এই মন দ র র ১২শ শত শ এব প র ব দ র প র শ র হয endseq
154587,startseq বরফ র বরফ বরফ পড শ র বরফ পড শ র বরফ পড শ নত ন বরফ র স স ন ন ন endseq
154588,startseq এই ৪২৭০ ল র থলথল র ব র র র র র র র র র র র র র র র র হয় য য় ৷ endseq
154589,startseq ন গ র গ র র র র ন র র জ য র র ন ন ম র জ য র র ন ন ম র ন ম
154590,startseq য র র র র র র র ত র ন ত র ন ন ন ন ন ন ন ন ন endseq
154591,startseq ম নস ক ব য থ ক ক ক র ক ক ক ক ক ক ক ক ক ক ক ষত ক ষত হত প র endseq
154592,startseq ন র প রথম দ ন থ ক গ ল গ ল গ ন থ ক তখন গ গ ন ন কর উচ ত ৷ endseq
154593,startseq স ব স থ য ক ত ক ষ ক র ক ষ ক ত হয় য য় endseq
154594,startseq এই র র রক ত র সফ স র সফ স র য য় ৷ endseq
154595,startseq দ শ র ম ট র ভ রত র ব শ ষ ত র ত র কর ছ ল endseq
154596,startseq ত ন ভ ন ন ন শ র অন য ন য অন ক র অন ষ ঠ ত র অভ নয কর ছ ন endseq
154597,startseq গ র ত গ ল ক গ গ গ ত ক গ গ ত র ক গ গ ত র ক ষ ত র জন য আদর শ endseq
154598,startseq এই ক ন ন চ ন ন ন চ ন ন চ ন ৷ endseq
154599,startseq র র ন ন র র ক ন ন ন য ন ন ন ন ন ল ন য় ন ন ন ন endseq
154600,startseq এই র ষ র র র র র র র র র র র র এই ক ষ ত র র র র ফল হয় ৷ endseq
154601,startseq খ ল র র র স য ক ল র বল ছ ল ন য র র ক র প রব শ কর হয endseq
154602,startseq ওষ ধ খ র খ ব র খ দ খ র মত ই ন ওয় উচ ত ৷ endseq
154603,startseq ত র র ন ম ন ন ন ন ন ন ন ন গ ছ ল ন ন গ র ম ম ক র গ ছ ল খ ল
154604,startseq প ড র গ র ম ঝ ক ব র গ র ম ঝ ম ঝ ক র গ র ক ছ ড ক য য় ন endseq
154605,startseq ন গ র গ ন গ য র স থ ন র র ত র ত র স থ ন র ম ণ ড গ ল ন আছ endseq
154606,startseq ম র র র র র র ন ন ন য ন ন ন ন ন ন ন ন ন ন endseq
154607,startseq স ন ন র র স থ স থ র র ম র স র ম র স ম র ম র স হ স ন ন ত কর
154608,startseq স র র র র র র র ছ ল ও ব র র র র র র র ও কম গ ল র র র রয় জন কর
154609,startseq র ক থ ক থ ক থ ক ন ন ন জ ন ন স ব ধ র সমস ত অভ জ ঞত কর ন endseq
154610,startseq উপর দ একট পর র একট ভ ট ট ট ট ট ট ট ট র ট র র মত মত মত endseq
154611,startseq নদ র নদ র গ ছ র ফ ট র ফ ল পড য য় ঘ র র প পড য য য endseq
154613,startseq অন ক স ল ম র স ল র র র র র র ব র র প প র endseq
154615,startseq ওষ ধ র ওষ ধ হল ন ন endseq
154616,startseq ক ন র গ ন র ন ন ন প রত ট ক ন প রত ট ব ক র প রত ষ ঠ ত র প রত ক
154617,startseq র জ জ র ম র জ য র ন র র জন য জ ল অন সন ধ ন কর ন endseq
154618,startseq ত ন ন র র র এই ক ষ ত র ক ন ক ক ক ন র র র ন ম র ন ন ন endseq
154619,startseq প ল ট ব স র র র র র ক ক ন ব যবস থ আছ ৷ endseq
154620,startseq অক ট বর বর ম ল ম বর ম এখ ন র ম ল এখ ন র ম ল য এখ ন ম ম হয হয endseq
154621,startseq ক ছ ক ছ র ক ছ র র প র চ ন দ র র র চ ন দ র র র প ব ন ন endseq
154622,startseq ল ল র র র র র র র র স ন দরত র স ন দর য র র র র র কর ন endseq
154623,startseq প র র প র র ও প র র ত র র ক ত ক ত ত র র ত প র endseq
154624,startseq শহর র শহর র শহর র ক ল ল র দ র ক র স থ ন দর স ন দর দ র দ র endseq
154625,startseq ভ ষ ন ভ ল ল ক ছ ল ন দ শ র ব শ ল ক ত ক ছ ল ন ত র ছ ল endseq
154626,startseq ব শ সময় পর যন ত যন ত ব শ থ ন ন ন ন ৷ endseq
154627,startseq প ভ ল র ফল র ফল র র র র র র য় র ওপর র য় য় ৷ endseq
154628,startseq জম র র র র র র ত র র কর র ক ত কর এব জল র স থ জল দ য় জল দ য় endseq
154629,startseq ব ব র র র র র র র র র ত এব ত র ক ক র ক ক ষত কর ৷ endseq
154630,startseq অন য ন র র অন য য় ম র র ফল ব গ ব র ক অন ক ব ক র ক ক রণ হয় য য় endseq
154631,startseq চ ন ন র গ গ র গ ন র গ থ ক থ ক থ ক ৷ endseq
154633,startseq ক ন ম র গ ন ন ন ন ন ন ন ন ন ন ন ন ন ন endseq
154634,startseq এই সপ ত হ প রত ক ক ক ক ক ন নত ন স ন ম ন ম ন endseq
154635,startseq ন ত র দ র র র র র ত র ক ন ত দ র ক ক ক দ খ য য endseq
154636,startseq ক ন এব ক র র র র র র র র র র গ র ম য গ য ন য endseq
154637,startseq বল হয য য প র প র য র প র য র য ন য ন য প র ব র ব র প ত হয endseq
154638,startseq ম ন ন ম র ন ন ন গ ল য একট একট খ য ত র মন দ র endseq
154639,startseq ত ন ন য ত র ন ছ ল ন য ন ন ছ ল ন ন ন ছ ল ন endseq
154640,startseq যদ যদ ক ক ক র ক র ক র ক র ক র জন য ক ছ ড ক ছ ড ব য হয endseq
154641,startseq ন ন ন ন ন ন একট ছ ন ত ক ত ক ন ত ন ত ন অভ নয় ত ন ন ন ন ন ন ন ন
154643,startseq জল ম ন ত র ক ন ন ন চ মড ল ন ন ৷ endseq
154644,startseq এই ক ত ত র র ত র র পর পর র র ত র র দ র ও ত র র ত করত প র endseq
154645,startseq এট ও ব শ ব র ব র নবন দর ব ব নবন দর আছ ৷ endseq
154646,startseq র ষ ট র জন য সময র ক ক ক ক র য য ত আপন র ক র করত প র ন endseq
154647,startseq ব র দ র আগ আগ ই আগ র আগ ই আগ র র আগ র র র র র র র র আগ endseq
154648,startseq আম র এই সপ ত হ ক ন অ য পয ন টম ন ট আছ endseq
154649,startseq আজক র জন য ক ক ক ক ত ল ক মন কর ন endseq
154650,startseq ন ন র র র র শ ষ কর ছ ল ন এব ব র র র শ ষ কর ছ ছ ছ ল endseq
154652,startseq এই ক ষ র র এই ক র ম ত র র ম ত র র র ক র র জন য দ র র দ ন ন ত
154653,startseq এট ছ যখন প রথম শ শ শ শ শ এব এব আম দ র র র র র র ই endseq
154654,startseq প ত ত গ ল ত প ত ব র ত ব র য় আর ব য র ত র গ র ত ব যবহ র কর হয় ৷
154655,startseq গ ন পর বর তন কর ন endseq
154656,startseq র গ র একট র গ র ম ত র র ন ন য য় ক ছ ক ষ কর র য় ম ন য় য় endseq
154657,startseq এট চ ল র গ ম ক র ক ষ ক ত ক গ র ম ন কর endseq
154658,startseq ম ন ষ র ক ষ র গ র ম ন ষ র গ র ম ন ষ ক র ন ন র ন ন ন দ র ন
154659,startseq ব ঙ গ ল ব খ য ত ব খ য ত ব শ ল প র ব র ব ব ব ব ব র ব ব র endseq
154660,startseq ক র ক ত ক ত র স র ভ ইর স ন ন endseq
154661,startseq ক ন ল ক ল ল ল শহর র হ ট ল হ ট র হ ট র হ ট র র র ত অবস থ ত রয ছ
154662,startseq ক জ ড য স স য য করব ন endseq
154663,startseq গ য ন ও ক ন এব স খ য স খ য ত র স খ য অন য ন য খ ব শ খ য য endseq
154664,startseq প র ক ত দ র ক ছ ক স ন দর য র র র র র র ক ষ ত ৷ endseq
154665,startseq বল বল হয য ন র ন র ন ন এব ন এব ম ন এব প ল এব প ল গ ল endseq
154666,startseq ম ম ল ক বল ছ ন য ও এই য গ ল এই এই য ল র ন র ল প খ দ খ ছ ল endseq
154667,startseq একট জ য গ র ন থ ক এব ক র র র র র র র র র জন য একট প রয ছ endseq
154668,startseq আম ক একট ট য ক স ড কর ন endseq
154669,startseq স ন দর জ র র র র ন ন র স ন ন র র র র র র র র র ব র র য endseq
154670,startseq র গ র র র র র গ র র জ র স থ স থ র র স থ প র কর ন ত প র endseq
154672,startseq ন জ র প র র র প র প র প র প ঠ ন ড ও প ঠ ও প ল গ ন কর ন endseq
154673,startseq ব ব ব শ ব শ ব স ত র ব স ত র র র র র র র র র র র র র জন য ব
154674,startseq শ ধ ত ত র সঙ গ ত সঙ গ ত একট গ র ত প র ণ endseq
154675,startseq য ভ রত র প র প রধ ন র প রধ ন ক endseq
154676,startseq এট ম ম র র ব র র র র র র র র র র প র ক ত ক র র র র ত ত করত হব
154677,startseq অন গ রহ কর দ ই গ ন য ন endseq
154678,startseq ক ন দ দ র দ র ন এব ক ন ত র র ক ল ল র র র গ র ম র ত ও কর ত কর
154679,startseq উচ চ ত র র থ ক ম ত য র ম থ ক পশ চ ম ট র ক ছ ক ছ ক ছ ক ছ endseq
154680,startseq প ট য দ ধ দ ধ র দ দ র মত দ দ র মত ত র ত র ত র র র র থ ক ৷ endseq
154681,startseq এগ ল ক ম ট ম ট র র দ শ র প র র র প র র র র র প র পর প র ন ৷
154682,startseq স র র র র ক ত স র র র র র ত র ক রণ ত র স থ ত ক ত স থ ত ক ত
154683,startseq ক ছ শ য প শ য দল দল র প র এব প র র র র র র র দ খ ছ ছ endseq
154684,startseq এই ম স র র র র জন মদ ন র জন মদ ন endseq
154685,startseq আম ক আম র ত ল ক বল ন endseq
154687,startseq ক ষ এব স ষ ট বর ষ ট র র ষ ট র জন য অক ট বর ম স র ক র endseq
154688,startseq জ ত য য ন ল ল ল ল ল এব ল ল ল গ ল প র য গ ল ল ল য ন ল ল ন ন
154689,startseq একট ব ত ত ক ত ক ত ত র র র র র র র র র র র র র র র র র বছর র ত
154690,startseq প র ন ক ন ন ক ছ ন ন ন ন ক ছ ব শ ন ন র র র ন ন ব শ endseq
154691,startseq র জ র র র র র র র র র র র র র র র র র র র র র র র র র র র
154692,startseq ন ন ন ম র ম ত র অভ ন ত র অভ ন ত র চলচ চ ত র হ স ব দ ত র হ ন endseq
154693,startseq জ মস র ন র র জ ন ব জ ন endseq
154694,startseq মঙ গলব র ব জ র সম পর ক আম ক তথ য দ ন endseq
154695,startseq স ক ষ ত র র ক ছ ক ম র র ক র র র র র র র র র ক ষ ত endseq
154696,startseq এই র গ র এই ব য ব শ ব র র র এট ব শ চ র র ব শ থ ক ব শ শ ব শ endseq
154697,startseq ত ন জ র হ র সম পর ক ক ছ ক ছ ল ন endseq
154698,startseq ম থ ব য থ র ক থ ক ব ক থ র ক র র থ ক ও ক থ ও থ ক থ থ থ ক endseq
154699,startseq ক ন ত র ন য় পড ছ ল ন য় ন ন ত গ ছ ন ন ত র গ ছ ন endseq
154701,startseq ক ন ক ন ত র ক ক র র ক ত ক ত র র র র র র র র র ভ ব ন ন ন ন
154702,startseq ক র সময় র ত র র গ ল ক র গ র থ ক র থ ক ৷ endseq
154703,startseq ত র র র র র র র র র র র ক ষ র ক ষ র র র র র র র ছ endseq
154704,startseq আপন যদ ক ল ব ল ব ল ল ব ল ব ব ল ব ব ল ব ব ল ব ল ব ক ল ব ক কর ন
154705,startseq মধ ম হ র ফল র র র র র র অন য য় র র র র র র ও অন ক র র ও হয় য য়
154706,startseq সময ক endseq
154707,startseq ব ষ ঠ ন র ত র ত র ত র ত র র ত র র র র র র র র উপর ন র ম ল ত
154708,startseq ত ই র গ দ র র দ র দ র র র র র কর ন ৷ endseq
154709,startseq ম গল হল ম হল ব শ র ব র র র র র র র র র র র র র র র র র গ র ত
154710,startseq ভ রত র প ল র র র র র র র র র র ম ন র ন ম ত ত কর ত কর য ত প র
154711,startseq গ ল র মন দ র র র র র অবস থ ত রয ছ ৷ endseq
154712,startseq প রত স স ম র র শ র শ মন কর য দ ন endseq
154713,startseq এই গ য র মধ য একট ছ ল য ক শ র ক ছ ড ও স গ র ন র র র র র র ন র
154714,startseq স ন ন র র র ন র অভ জ ত র অভ য গ ন দ দ ন endseq
154715,startseq অন ক অন ক ব শ র র র র র স থ ন য র র স থ ন র স থ ন র স থ ন য়
154716,startseq ত র র ন ত র একট বল ন বল হয় ছ ল ন য ন ক ষ কর ন ন ন র ক ষ র ন ন কর
154718,startseq এই ক রণ ই র র র র র র র র র র প রয় জন য় প র ন endseq
154719,startseq আম ক আজ একট ক য ক ত দ শ য ত হব endseq
154720,startseq স র য র র য পর পর র পর ক স ন ন কর ন ৷ endseq
154721,startseq র র র পর বর তন কর ন endseq
154722,startseq এখ ন বছর র ম বছর র ম র ম ত র র ম ত র র জ র ম র স থ ত ত কর ৷ endseq
154724,startseq ক ন ত ক ক ক ষ ক র ক ক ক ক ক ক ক রণ ক ক ক র করত থ ক endseq
154725,startseq স খ ব স ব স ব স দ ব স ব স ব দ ব র স ব দ ধ র স ব স ব দ খ শ
154726,startseq এয রট ল ম ট ল ম ট আছ endseq
154727,startseq ন ন ন র র ন র আগ ন র ম র ন র ন র র র র র র র জন য ব ব দ কর ছ
154728,startseq র ম র ক ক র র ক ন র ক র র ক র র র র র র র ক ত র র ত র র ত
154729,startseq ক ন পর চ ত ত একট স ন ন র পর বত র র র র র র দ দ র দ দ র দ য দ খ
154730,startseq ন ন বছর র বছর র ন র বছর র ব চ র র র র কর ন endseq
154731,startseq প ভবত প ত র পর পর ত ত ত র কর র চ র ত ত ত ত র উপর ব ত ত ত ত রয ছ ৷
154732,startseq ব র স ত র ম ত র এক সপ ত হ এক বছর র ম র অবস থ ত endseq
154733,startseq ন চ চ র র গ ন চ ক ত স র চ ক ত র র endseq
154734,startseq ব ন ন ন র র ত র র ক য ন ত র ব ক ত ক ক ত র র ক ত ক ত কর হয ছ
154735,startseq ত ম র ত ত র র ন য আপন র র ন য ন র র ন র ক ন র ক ন র ন য ত র
154736,startseq চ ন র র ক চ র র ক চ র র ক র র থ ক ক র থ ক ৷ endseq
154737,startseq যখন আপন র ন ন র র ন ন ন ন ন ন ন ন ন ন ন ন ন য আপন র প র র প র ন
154738,startseq আগ ম র র ন ম র র র র র র র র র র র র র র র র র মত endseq
154739,startseq আম র থ ক প ল ল স ট থ ক শ র পর চ ল ন endseq
154740,startseq আখর ট র য ণ ড র অন য ন য র অন য স ক ত য স থ য ক স ধ রণ স ধ রণ endseq
154741,startseq ত ন এব শ র র র র র র র র র র র র র র র র র র র র ভ ব স কর ন
154742,startseq ক জ র জ র ত ল ক য ক আছ endseq
154743,startseq ন ন র র র র র র র র র র র ব ব ব র ন র ন র ছ ল endseq
154744,startseq গ র এব এব ক ষ ক র র র র র র র র র র র র র র র র র র র জন য endseq
154745,startseq ন জ র গ ন র ন ন র ন য য ন ন ন ন য ন র ন ন ন য ন ন ন ন endseq
154746,startseq এখন ন ম র র র প র র ন ম র ম ন র ন ম র প ত র ন দ খ য য endseq
154747,startseq ফ ল র র গ র র গ র র র র হয় ৷ endseq
154748,startseq শ ব শ ষ ষ ম ন য ন ম ন র র ম ন র র ম স ব য ন র ম ন র ব endseq
154749,startseq ক ষ গ র র হল একট ভ রত র সবথ ক বড ভ রত র ব হত তম জ ল endseq
154750,startseq গ হ স ব গ ব ব ব দ ব ব ব দ ধ ব দ ধ ব দ ধ র ব ব ব ব যক ত কর হয
154751,startseq ব ব ব ন ন অন য র অন য ন র ক ক ত র র ক ক ক ক চ ল endseq
154752,startseq র জ য র স থ ন ঘন ট স ক ন স ব ক র ব র ব র ব র ব র ব ক থ ক ব
154754,startseq ক ন র র ন ন ত র র র ন এব ত র র ন ন র ন র র ন ন endseq
154755,startseq গ ল ত ত ত ত ত ত ত ত ল ক র ত র স গ ত র স ন র র কর হয ছ ল endseq
154756,startseq এট প এব ব শ র ন র ব যবস র র ব শ র প রধ ন উৎস endseq
154757,startseq গ ড় ও গ ছ ন য ন য র ট ল ও ন য ন য ন ন য ন ন গ ল ন য ন endseq
154758,startseq ইম ইল র ক থ ক নত ন ব জ ঞপ ত অন সন ধ ন কর ন endseq
154759,startseq এই মরশ ম র শর র র পর শ শ র কর র উচ ত ৷ endseq
154760,startseq স ট ম ন ক ক endseq
154761,startseq ক ন শ শ দ ধ র গ র গ র ক ক ক ক ক শ চ ড য য় ৷ endseq
154762,startseq শ র শ শ শ র কর endseq
154763,startseq কখন প ইভ ন ট র র য কখন endseq
154764,startseq ক ল একট ক ষ প রয ছ য ন ক ক ট র ক র ক ট ট ক র ট ট র র ত কর হয endseq
154765,startseq র ত র র ত ক ম স ক ত ক ত র ত র ত র ত ক ত ক ষ ত র র র র র র
154766,startseq য র র থ ক ব শ র গ র ম ণ হয় য য় হয় য য় হয় endseq
154767,startseq প র র র প র র পশ চ র র র র র র র র র র র র উপর র র কর endseq
154768,startseq যদ প র ব শ শ দ ধ র ব শ ক ষ ক ক রণ প র ক রণ ক রণ প র endseq
154769,startseq য খ ন থ থ য endseq
154770,startseq ব শ রভ গ গ ল র প শ র ষ ট র য গ ছ র গ ছ র ক রণ করত প র endseq
154771,startseq ন ন ন ন ন ভ ন ন ভ ন ন ন ন র জ য র ন র ন র ন র ন ন ছ endseq
154772,startseq ক ন ক ক ক ক ত ক ব ন অথব ব ত ব ত ব ত ন ত ব ব ব ব যবহ র কর য ত প
154773,startseq ম র ম র র ম ঝ ল ন ন ন ন ম ন ন ছ ল endseq
154774,startseq এইচআইভ আই ব একট গ র একট ব য য য য একট ব শ ব র ব শ ব স থ র র ব স ত ত রয
154775,startseq এখন র ভ গ র র র র র র গ য এব প র র র র র র র ভ ব ব শ ব শ endseq
154776,startseq প র য়ই প র গ র গ র গ র র য র র র র র র র য র র য য় ৷ endseq
154777,startseq ক ন র ন ন এব ক র স ক র স ক র স ক র স ক ক র স হ স ব ক ন কর ছ
154778,startseq ১৯ শত ব দ শ শত ব দ শ র ব শ র ব র র র র র র র র র র র র জন য endseq
154779,startseq মহ র ষ ট র র য উদ য ন র জ য উদ য ন র জ য র র জ য র ক ল ম ট র
154780,startseq ক ন ত র শ ষ ক শ ষ কর ন এব ত ন জ ন ন এব স জ ঞ ন কর ন endseq
154781,startseq এই জন য ব শ ব দ র র র স র দর শন র স থ ন দ র endseq
154782,startseq পর ষ র র র র র র র র র র র র র র র র র র র র র র প র ন endseq
154783,startseq ব য র র র র র র ন ন ন ত র ন ন ত ক ছ ন ত দ র ন ত র ন endseq
154784,startseq গ ন গ গ ছ ল ক ছ ক ছ ল ম ট র ক ল ম ট র হ ম লয র ম র চ ত র কর
154785,startseq সব মসল সব সময় র য র র য র য র য র ব ষয ব শ পর ব শ আছ endseq
154786,startseq এই ভ গ প রত র র র র র র র র র র র র র র র র কর ৷ endseq
154787,startseq এই ত ম র এব এব ম র এব এব ম ত র র য র র র য কর য য কর য য কর য য কর
154788,startseq আপন র ক ন ন ন ক ন ন ন ক ন ন জ র ন ক ন ন জ ন ন endseq
154790,startseq অ য ল র র ল ভ শন র র ল র র র ত র এব ব ল দ র র র র র র র কর হয
154791,startseq প র ক ন ম র ন ম র ন ম র ন ম র ন ও ক ন দ র ন ছ ল ন endseq
154792,startseq প র র সময় ক ক থ ক ক থ ক সময় র জন য সময় ক সময় প ট ক দ ওয় হয় endseq
154793,startseq দ খ ন র ইত য দ ট ইত য দ ওয য য endseq
154794,startseq আপন ব ব য ন য পর য গ কর ন য আপন র পর ব য গ কর ন আপন র আপন র প য গ কর ন
154795,startseq ব শ র এব এব এব ব য র র ল য ল য ন য ন হল ব শ ল ল র সবচ য জনপ র য endseq
154796,startseq ত র স য স থ থ ক য আম য থ ক ম থ য আম য থ ক ম থ য আম র শ র হয ছ
154797,startseq এর পর ত র র র ন ত র র র র র ত র র র র র শ র কর ৷ endseq
154798,startseq ক ন ন ন য য ন য য ন য ন য ন য ন য ন য গ র ন গ ল ন গ কর ন endseq
154799,startseq ক ষ ত ল ল ত ল ক ল ক র র ক র ক ছ endseq
154800,startseq কম ক র র র র র র র র র র র র গ র ত বপ র ণ ব র ত বপ র ণ ৷ endseq
154801,startseq এ ছ ড ও ক র র র ক র ক র ক র ক র ক র ক র র ক রণ হয় য য় ৷ endseq
154803,startseq এর স থ স থ ই স র র ছ ট ছ ট ছ ট র ছ ট র র ছ ট দ খ য য endseq
154804,startseq জ বর র গ ল র পর বর ত গ ল ব ন ন য় ব ড জ বর আস ব ড য য় ৷ endseq
154805,startseq ভ ল হল প ট র র ত র উত তর ৷ endseq
154806,startseq ম য থ থ ক থ ক গ ন গ ন ব জ ন endseq
154807,startseq ন জ র র ন ন র র র র র র র র র র র র র র র র ন ন কর ন endseq
154808,startseq ক র ক ন প র গ র ত বক র ম ল প ল শ র হয় ৷ endseq
154809,startseq ব জ ব ব র র য র র য র র য র য য র র য য় য ক ত ক ক ক য় য় endseq
154810,startseq ক ন য র র র র র র র র য র র য র র য র র র করত প র ন ৷ endseq
154811,startseq প ন দ ন র ক র দ ন র সময় ক ষ ক র সময় ক ষ কর র সময় endseq
154812,startseq আম র অ য ল র ম বন ধ কর ন endseq
154813,startseq পরবর ত ইভ ন ট র ন র ঘটন ক endseq
154814,startseq শ হজ হ ন র ম ন ন ন ন ন ন ন ন ন ন ন ন ন ন ন ন endseq
154815,startseq প রক ত র প র ন ন ন ন ন ন ন ন ন ন ন endseq
154816,startseq চ ল র র র র র র র র র ন র ন র র র র র র র র ত র ন ন endseq
154817,startseq আম ক ক ছ ক ছ ক একট ভ ল ক থ য endseq
154818,startseq পরবর ত বছরগ ল বছর বছর বছর বয়স ব ল বছর বয়স ব ল বছর বয়স ব ল বছর বয়স র ল র মধ য রহণ কর হয endseq
154819,startseq বরফ র হ র র র শ র শ র র শ র স হ দর য দ খত প ওয য য ৷ endseq
154820,startseq এর ব শ ব র র ম ণ র উপর ম ন ষ ট র উপর ব শ র উপর শ শ ক র হয় ৷ endseq
154821,startseq ম ট ম ট র র প র ম ট ম ট র ম ট র র র র র র র র ত র র জন য উপয
154822,startseq আমর জ ন য য র ক ছ ক য ক ছ ক য য য য ন ম ঘ র ন ন ৷ endseq
154823,startseq র র র র র র র র র র র র র র র র ট কর ন endseq
154824,startseq ন জ র ও ব ন র র ব যবহ র কর র ন ব যবহ র কর র ন ন ন ন ন ন ন ম ন ন
154825,startseq জ ন য য য ক ক ক ন ক ক গ র বল হয endseq
154826,startseq একট ব ত ব খ ন endseq
154827,startseq ন ন গ ছ র ছ ল য ত র র ছ ল ন এব গ র ম র ন র র থ ক endseq
154828,startseq সরক র র র র র ক র র য র র ক র র ক ত ক র র ত হয ছ ল endseq
154829,startseq এট হল দ আর থ ক এব ক ল ম ট র র র র র র র র endseq
154830,startseq আজ র হ র চ রট আজ পর পর ক ক ন নত ন ইম ইল আছ endseq
154831,startseq অন গ রহ কর আম র ব স স থ স ত র ত র স ট র ট র একট আম র জ ট কর ন endseq
154832,startseq শ র র চ চ র র র র র র ক ছ ল ক ন ত র ন ত র ন ত র ন ত বল হয় endseq
154833,startseq ত র গ ন র ম র ম র ন জ র ম য র ম র ম য র স ট শ র র চ র র চ
154834,startseq এট প রক ত প র প র প র র র র র র র ক ছ ক ষণ র ক ক ক কঠ ন endseq
154835,startseq আম ক সক ল ল য জ গ য় দ ও endseq
154836,startseq চ ক ত চ ক ৎস র চ ক ৎস স ব চ চ ক ত স ক ত স ব চ চ র ত র endseq
154837,startseq প ন য র র র এব প র র র মধ য র মধ য র র র র র র র র র র endseq
154838,startseq ন ন গ র ন র র ব র ব র ব র ব র ত ব শ বব দ য লয ও ব শ বব দ য য
154839,startseq ক ন ন ন ন হল ন র ব র য উদ য ন র উদ য ন র ন র র ল এব প ল প র ত
154840,startseq ত ন র র র এব প র য র জন য প র ট প র ট র র ন ম স স থ পন কর ছ ল
154841,startseq স ট র স স র গ র স র র র র র র র গ র স ক ত স ক ত স ক ত ক ত
154842,startseq এর ব ব র থ র ব ভ ন ন ন র র র ন র র ত র গ র ত র ভ গ কর র জন য
154843,startseq এট র র য র য র য য সরক র র য সরক র র র র র র র র র কর endseq
154844,startseq ম ইল র র তর র উত তর খন ড গ র গ ন ন ন র র র র থ ক ৷ endseq
154845,startseq য ক র ধ র ধ র ত ল ক দ র ব ল থ ক এব ব দ র ত র ত ত ত হত প র endseq
154846,startseq আম ব র রক রক ত ব যবহ র কর ন endseq
154847,startseq ন ন ন জ র ম ন ক ন ক ন ক ন ক ন ক ন ত র প রথম স স ন ম ত র endseq
154849,startseq দ ব র প র প র দ র র ব শ দ শ র প র শ র কর ছ ল endseq
154850,startseq ক শ র র র ক ষ ত র র র র র ক ছ ক ছ ক ছ ল ক র র ছ ল ন endseq
154851,startseq ব ন ন ম র প র য ন ল র র র র র র র র র র র র ম র ত র ত প র
154852,startseq এখ ন অন ক প র প প প র প প প প প ওয য য ৷ endseq
154853,startseq বয়স বয়স বয়স ক র র র র র ক য র র র র র র র র র র র র ক র র ক নও প
154854,startseq ক ন গ র গ র ক ন মক গ র ম ন ন র র গ র ক রণ র ফল র গ র ফল হয় য য়
154855,startseq এই অন ক ব ব দ ত র র র র র র র র র র র র র র র র র র র র কর ন
154857,startseq অন ক ক ন গ ল ক র ক ন য গ য গ য গ র র র endseq
154858,startseq জনপ র স স ক ত স ব দ স endseq
154859,startseq ব শ ক র ক র র ক র র ক র র ক ন র র ক ন ন ন ন ন ন ন ন ন ন ন
154860,startseq উদর র র র ক ষ ত র ক ষ ত র র ক র র ক র র র র ক র র র র র র র
154861,startseq আম র পর চ ত ত ল ক থ ক আম র ল ল থ ক পর ক তথ য তথ য ন endseq
154862,startseq আম র একট জ জ য র র র র য আম র ক ন য য ন ড জ প য য endseq
154863,startseq কখনও কখনও প ল ল ড প ল ল ন ন গ র ম ভ ম ক র endseq
154864,startseq আম ক ম প রত য সমস ত ম প রত দ ন ই প র শ র প শ র প ত শ নত চ ই endseq
154865,startseq খ ব র র র ব যবহ র কর র ব যবহ র কর র ষ র র ব যবহ র কর র ব র র কর endseq
154866,startseq স ল ট ক স ট য ক স ল র জন য শহর ক ল ক endseq
154867,startseq আজক র জন য সময স চ ক endseq
154868,startseq য খ ন ত র শ ষ য গ য গ ন endseq
154869,startseq যদ র গ র ব য থ র দ ই হয় য য় য য় হয় য য় endseq
154870,startseq ক ষ র র র র গ ছ প ছ প র প র গ ছ র প র র র র পশ দ খ র প র প
154871,startseq চ চ ত ত চ ক ত র ক র র ক ত র র র র ক ত স থ য য য হয় ৷ endseq
154872,startseq গ ল র র র পর পর র র র র র র র র র র র র র র র র র র র র র endseq
154873,startseq ত র ত য মহ ল র য এব য ল য এব এব অন য ল এব এব এব ত র এব এব ত র দ শ কর
154874,startseq দক ষ ণ ভ ম এব ভ তর ভ তর ভ এব এব এব এব এব এব এব এব এব এব এব ন ন য় ন হয় endseq
154875,startseq য ক ন ভ ল দ খ র র খ ল endseq
154876,startseq প র র র র র ন র ন য র ন র র ন র র ন র র র র ন র ন র endseq
154877,startseq দ ব র দ ব র ক ছ য র য র য ছ ল য ন র ক ছ আছ য ক ন endseq
154878,startseq ব দ ধ র ক ষ ত র র ণ ব দ ধ র ত র র ব ভ রত য গ র ত র প ওয় য য়
154879,startseq আপন র সম পর ক জ জ ন ন উচ ত endseq
154880,startseq এই অঞ চল ক ই দ ই দ ট ক ন দ ম দ ক ম ও ম র ত র প র ব হত তম endseq
154881,startseq দ ট দ ট ল য র র র য ল ন র র গ ল র গ ল র র র র র শ ষ কর ছ ল
154882,startseq ম র ত র র ইম ইল খ ল ন endseq
154883,startseq স র র র বল বল য য় ম র ড র ম র ড র য র র ব ব ড য য় ৷ endseq
154884,startseq এর স থ ন একট নত ন পর বর ত পর যটকদ র খ খ য পর যটকদ র স খ য য য য য ৷ endseq
154885,startseq স র ন র পর ক র র র র ক ন র ক র র ক র ক র র খ দ য ন endseq
154886,startseq স থ র র র র ক র র ক ত ক ক ত ক ক ষ ত র দ ওয় হয় ৷ endseq
154887,startseq ম র র র র র র র র র র ক রণ র স থ ন য় ব স থ ন য র প র endseq
154888,startseq স ন ন র স ক র স ন ন য ন ন ন ন য ন ন ম র ন য ন ম ক র ন য ন
154889,startseq পর র দশ র স র র প রথম দ ন র জন য একট য ল ন ড র র য পয ন টম ন ট য গ
154890,startseq ক র ক র ক র র গ ল ব র র র ল ল ক র ল ল ন শ ব শ ল য য য য য
154891,startseq প র ন র প র ন শহর র র ন শহর র শহর র ন শহর র শহর র ন র র র endseq
154892,startseq র জ য গ র অঞ চল অঞ চল গ ল র অঞ চল র অঞ চল গ ল এব ক ন অঞ চল র অঞ চল র গ
154893,startseq প রক ত এব ত ক পর পর ব পর পর ব শ পর ক ৷ endseq
154894,startseq হ ন দ ন ন ন ন ম র ন ম শ র র ম শ র র ম র ন ন ন ন ন ন endseq
154895,startseq এই ন ন র ন ন ন র র ন ন য ন র ন র য ন র ন র র ন ন ন গ বল বল বল
154896,startseq ব য গ র ব য গ য য য গ ল ব য গ র ম স থ য য় endseq
154897,startseq স ক ল র ক ছ ক ছ ক ছ ক ছ ট র র র র র র ন ন ন ন ন endseq
154898,startseq এট ই একট ভ ল ন ন নয় endseq
154899,startseq ব র জ র ল ল এব গ ল এব ন ল এব ক ল এব ন এব ক এব গ র ম এব গ র ন ন endseq
154900,startseq গত ত ন দ ন ত নট র জন য খ ল ধ র সবচ য় ভ ল উপ য় ক ছ ন endseq
154901,startseq যদ ত ম ম ম ত ত ত ম ল ক চ ক ল ক ল চ ল ও ব ন ন ৷ endseq
154902,startseq আমর ক র জ য গ য আমর স ব ক কর ন endseq
154903,startseq শ ব শ ষ ষ ম ন য ন ম ন র র ম ন র র ম স ব য ন র ম ন র ব endseq
154904,startseq ক ন গ র র র প র র প র র র প র প ত ত র প র ত ন ত ত ত ত কর ন
154905,startseq প প র ও প খ দ ও ত র ও দ দ ই ত র দ দ দ খ ও ছ ল endseq
154906,startseq ন গ ল র ন ত ত র ন ত ত র ন ত ত র ল ভ ল ভ র জন য ভ ল র জন য endseq
154907,startseq ক ন ন ন ন ন ন ন ন ন ন ক ক র র র ক ন ন ন র থ ন ন ন endseq
154908,startseq আম আগ ম ক ল র জন য স ট কর ছ স ম রক স ট কর ছ endseq
154909,startseq প র ক র জ র ল ন ল ন ল ন ল ন ন ত এট হল এট র র র র র র র জন য ব
154910,startseq ভ রত র গ র র র য র ব র য র র গ র ত র থ ন থ ক ত ক ল ম ট র দ
154911,startseq এট ভ রত য য র মধ য একট য য য য য য য র র য র য য endseq
154912,startseq র জ য র জন য প রচ র ক ছ য ত য ক ত য য য ন য গ য গ র ব যবহ র কর
154913,startseq প র ক ক ক র ক ক ক ম র ক ক ক ক ক ক ক র ক র ক র জন য উপয ক ত জ
154914,startseq আম র পরবর ত ক জ র আগ আম ক একট আগ ম ট ক মন কর য দ ন endseq
154915,startseq ক র ল ভ রত র ব শ য ব হত তম জনস খ য য endseq
154916,startseq তব ও স র বছর পর যটকদ র আস ন ৷ endseq
154917,startseq প ট ট ট স ট সম পর ক স ধ রণ সম পর ক ক ক ক ষ কর কর হয় ৷ endseq
154918,startseq প রত র র র র র র র র দ র দ খ র ক ছ জ ন র র য য endseq
154919,startseq ক ষক র ক ত র র ক ন ত য য় ন ত রপর থ ক ন র ম র স থ র সঙ গ ত কর ন
154920,startseq প চ প ন ট ম ন ট পর ম ণ ম ট প প প প প প র endseq
154921,startseq ন জ র র র ন ন র র ন র ন র ন ন ন ন ন র ন ন ন ন ন ন endseq
154922,startseq এখ ন আপন র খ ব র ব র থ ক আপন র খ ব র ব ন আপন র র র র র র ন করত হব endseq
154924,startseq ক য নস র র র র র র র র র গ র গ ৷ endseq
154925,startseq ভ রত র জ ল য র জ য র র জ য র ক ল জ ল র একট জ ল য র জ য গ ল থ
154926,startseq স ক ত র র ক ত র র র র ন র র ন র ম র ক র র ম ক শ র র ক ত ক
154927,startseq য ওয় র ওয় য ওয় র জন য ক স ব য য় ত খ র স ট র র র র হ ত ত কর উচ ত
154928,startseq স থ ন য ক ছ ক ন ন ক ত স ত র র গ র গ র গ ৷ endseq
154929,startseq র জ র র র র র র র ক ম র ট ক ট ট র ট কর ছ ল endseq
154931,startseq এট একট নত ন স গ ত র সঙ গ ত এব সঙ গ ত র সঙ গ endseq
154932,startseq ম র র র র র র র ক ত র ম এব ক র র র র র র র র র র য আছ endseq
154933,startseq যদ এই সমস য ক ষ উতপ দন উতপ দন হয় য য় ফসল র উতপ দন ব দ ধ ব ওয় য য় ৷ endseq
154934,startseq আম ক ন ন গ ল ক ন ন জ র ন ন আম আপন র র ম র র র র র ক ছ ল ন endseq
154935,startseq শ বর ম ক ল ম ম ম র র র ম র র র ম ন র ম ন কর হয ছ endseq
154936,startseq স খ র র র র র র র র র র র র র র র র র র র র র র র শ শ র র
154937,startseq মধ ম হ ম ম র র থ ক ম র গ র ক ক র গ র গ র র গ র র ক ষত কর ৷ endseq
154938,startseq নভ ম বর থ ক নভ ম বর ষ ট র য উদ য ন র জন য দ র র র ত প র endseq
154939,startseq প রক ত র ক য ল ন ড র ক য য ন ড র ক য ক খ ন র পর ক ষ কর ন endseq
154940,startseq প রহসন প রহসন র ত ত প রহসন র ন য অন য ন অন য র অন য ক ছ ল ন endseq
154941,startseq গ ল ড ল ট ট ল ট ট ল ট ট র স র স র ব র ব র র র র ব ত র ত র
154942,startseq জয়প র র প র জ য র র জস থ ন র জ য র র জ য র জধ ন পর চ ত endseq
154943,startseq স র গ র গ র ত ব য থ ক প র ণ ক প র ণ ব শ ল ত র ক ভ ল ক ত endseq
154944,startseq ব র ট শ ন ন য য ন য ন য ন য ন য ন য ন ন ন ত ক ন ন ন ন ন endseq
154945,startseq অন ক ম থ ক ঘন ঘন ট র ক endseq
154946,startseq ক ছ ক ছ ক ক ক ও ক ক ক ক ক ক ক ও ও ক ও করত প র ন ৷ endseq
154947,startseq ভ রত ব শ ব দ র র দ র হল দ দ র উতপ দন কর endseq
154948,startseq এছ ড ও ক র ক থ ক ও ক ছ স থ ন য য য য য ছ ল ও স থ ন য ছ endseq
154949,startseq যদ আপন একট ব ত ত ত ত ত ত ত ত ত ত ত ত র একট কর ন ত র খ দ য র দ দ খ
154951,startseq র র আল আল চ ল কর ন endseq
154952,startseq ত র র শ র র স থ য র র র স র স র স র র র স র র র স র য় endseq
154953,startseq শ ম র র র র র ট ব যবহ র কর র ন ন ন র শ শ ক ষ র শ ক ষ ন র ন ন
154954,startseq আম র বস থ ক থ ক ইম ইলগ ল য ন ন endseq
154955,startseq প র র র র শ শ দ র দ ই কম বয়স র শ শ দ ধ ম ন র র র র ন ত endseq
154956,startseq ম র ক ক র ক ক র ক ন ক ন ক ন ক ন ক ন ক ন ত ব শ ত প র ন endseq
154957,startseq স র র র র য য র র র র ক ছ ল ক ন র ম র র ক র ভ ল ক ন য ত র
154958,startseq গ ল ল ন জ র ত য ত র যখন ত র র র র র র র র শ র ত ছ ল ন endseq
154959,startseq গ ন ষ র র র র র র র র র ন র র ন র র র র র র র র র কর র কর endseq
154960,startseq পঞ চম ব র র ক ক র ক ক ন এব ক র ন র র র র র র র র র র র র র র
154961,startseq ন র র র র র র র সরক র র র র র র ক ছ ক ছ ল য endseq
154962,startseq দক ষ ণ স বর গ র র স মন কর র স র স মন দ র র মন রম গ ছ অবস থ ত endseq
154963,startseq আম ক ভ র র ভ র র ন স স থ ন ট বল ন endseq
154964,startseq আম দ র মন কর র য মন র গ র ব য মন কর আমর ব য ন র ব ব এব ব র র ন endseq
154967,startseq ম ন র র ম ন ন য় আর ম খ র ফল ও শ র র র খ র ফল আর এক স থ ন থ ক ৷
154968,startseq প ণ ড প র প র র র র র র র র র র র ম ট র র ম র র র র প প রয
154969,startseq এর সময র র র ম র জ য র র র র র র র র র র র র র র র র ত ছ ল endseq
154970,startseq ক ন ন র র ন ন ন ন ন র জ য র ন ন র জ য র র ন ন ন র ত র ত র
154971,startseq আপন ক একট চ ত জ ঞ য ত ত প র ন endseq
154972,startseq অল নত ন স ন ম ম স ক ভ ব ক endseq
154973,startseq ক ন ত ব ব ব র র য য য য য র মত ই ভ ল র র র র ভ ল ভ ল হয় ছ ল
154974,startseq ব ট র র র র খ দ র র র র ব র র সম পর ক ত ক ত endseq
154975,startseq আম র এল ক ঘটন ঘটছ endseq
154976,startseq প র গ য ঙ গটক গ ক ল ম ট র দ র অবস থ ত রয ছ ৷ endseq
154977,startseq ক য ন র র ন ন য ন ন ন ন ন ন ন ন ন ন ন ন ন endseq
154978,startseq ত ম র র র আপন র থ ক আপন র স থ ক ন থ ক আপন র ক ক ন র র ক ন কর ন endseq
154979,startseq ক ন ন ন র প র ন ন ন ন এব ন ক ন ন ন ষ প ন ন ন endseq
154980,startseq ম ক ক ন য য র র র র র র র র র র র র স ব স থ ন য গ endseq
154981,startseq ক ক ক র র র র র ক র স থ ন য ন ক ক র র র ক ক র র endseq
154982,startseq এই ঝ ল ঝ ল ন ন ন ন ন ন ন ন ন ন ন ন প ওয় য য় ৷ endseq
154983,startseq মহ ল র র র র র র র র গ ল র প র র র র র র র র র য য ৷ endseq
154984,startseq এট ন গ র ন ন ন র ম ট র দ র র র অবস থ ত অবস থ ত রয ছ ৷ endseq
154985,startseq এই ল ল ম ট র ক র ম ত র ভ ল ম ত র ভ ল ম ত র খ ব ভ ল ৷ endseq
154986,startseq একট ইভ ন ট স ট কর ন endseq
154987,startseq ট র ন ট ক ট ক ন endseq
154988,startseq ক রল র র থ ক র জন য প র ক র থ ক র ক র র ক ও ন য য ত প র ৷ endseq
154989,startseq স ক ষ র ক ষ র ক ষ র ক ষ ত ক ক ত ক ন ত ক ক ত গ র ত বপ র ণ endseq
154990,startseq ম র র হল একট স হ দর য য র র য র স থ ন য স র ন র স থ ন endseq
154991,startseq এখ ন প র বছর র র র র র র র র র র র র র র র র র র র র র হয য য
154992,startseq প র য গ র ম র হল ব জ ন ম র র র র র র র ন র র র র র র স স থ
154994,startseq এই র গ র থ থ ক র য় য য় র গ হয় ৷ endseq
154995,startseq ত ন ত ক ক ক ক ষ র ক ষ র ক ষ ক র ন এব ক ন র গ র ম ন য় এব শ কর
154997,startseq প র ষ র র র র র য র স স য প রদ শ র স ব প রদ শ র ন ত endseq
154998,startseq ভ র র গ র ম র গ র গ ন র ভ গ র ভ শন কর ছ ল ন endseq
154999,startseq গ য ল ন গ ল গ র গ র ম র গ র ম স স থ ন স ম র স থ ন আছ ৷ endseq
155000,startseq ক ন ক ক ক ত স ক ব স র এক প র র এক অপর র এক প র স স থ স থ স থ স
155001,startseq ন ন র খ ন য ন র র ন র ন র ন র ন র র গ র ন র ন র ন ন endseq
155002,startseq র গ র ক র র গ র গ র র গ র র গ র ত ত ল ক ত দ ওয় উচ ত ৷ endseq
155003,startseq দ ট র মধ য ত ত ত ত ত ত ত দ শ র ব শ শ র র র ত ব শ হয় endseq
155004,startseq অন ক ব র র র র র র র ব ব র র কর ন endseq
155005,startseq ভগব ন শ ব শ ব শ ও ম ণ ও ক শ ক ষ ণ ও এখ ন আছ ৷ endseq
155007,startseq এমন অবস থ য় অবস থ য় ক ষত র ক র র ব ড য য় ৷ endseq
155008,startseq চ ক ত দ খ র খ দ য খ দ য খ দ য খ দ য খ খ ন র খ খ ন endseq
155009,startseq ক ন ন দ র এব ভ ল র র র র র র র র র ব জ র ব ব ব শ জ কর endseq
155010,startseq ম ন র র র র র ব ব য থ হয় ৷ endseq
155011,startseq ক ষ ক ষ ব শ ষ ক ষ র র র র র সম ভ বন রয় ছ ৷ endseq
155012,startseq বস ত র জ ন endseq
155013,startseq এই ক ব চ ক ৎস তথ য তথ য তথ য তথ য স র চ ক ৎস স র জন য endseq
155014,startseq গ ন র র ন ন র র র র র র র র র র র র র র ল ল ক ন endseq
155015,startseq ব য ন ত র র র র ন ন র র ন য য দ শ শ ব দ শ ও ত দ র দ ধ endseq
155016,startseq ক র গ র ক ন ন ন ন র গ ল ক ন থ ক ন ত র র ন ন endseq
155017,startseq শ র ন র অড ও খ ল ন খ ল ন endseq
155018,startseq ক র গ র ম র ম ম ম র ম ম ম র ম থ র ম র ম র ম র র গ র ম থ ক
155019,startseq ন জ র র র র র র ব র র র র র ব র র ব র র ব শ র র প ওয় য য় endseq
155020,startseq ক ন র জ র ক জ র র র র র র র র ম র স দ র এব প র ণ র খ য ত endseq
155021,startseq আর আজ ক endseq
155022,startseq খ ল ল র র ক ছ ল ন ল ক ছ ল ক ছ ল ক ছ ল ক ছ ল endseq
155023,startseq ম ল ত এখন ক য় এখন কট ব জ endseq
155024,startseq স ন ম ন ন ন র ক ষ ক ন ন ন ন ন ন ন ন ন ন ন ন ন ত ন ন endseq
155025,startseq এই উদ য ন র এব ন এব বন র বন র বন র বন র বন ধ endseq
155026,startseq মণ প র র ভ রত র ক য র য র য র য র এব ক ত র র র র র র র র র কর
155027,startseq প র র র এট একট গ র ম র র স ম র র স থ ন র স থ ন র স থ ত রয ছ endseq
155028,startseq ক ন প র প রহসন স ক ন ত ন প রহসন র ন ন ন প রহসন র ন ন ন প রহসন র খ দ খ
155029,startseq স র র র ব য অন ক ক ন ৷ endseq
155030,startseq ক ন ন ন ন ন র ন ন র র ক র র ক র র ক র র র র প রত ক ষ কর য য়
155031,startseq সম দ র ল প র ও ত দ র এব ত দ র র দ র ত দ র র ত র র ছ ল endseq
155032,startseq ব ত ল ক ল ল ল ল ল ল ল ল ল ম ল ল এব ক ল ম ল গ ল endseq
155034,startseq উত তর থ ক ১৮ ক ল ম র দ র র দ র র দ র র র র পশ চ ম দ র থ ক ১০৬ ক
155035,startseq ত র র র র ব র র দ র ত র ছ ল ন endseq
155036,startseq এট ভ রত র ক ক এব এব ক ক ক ক ক ক দ য য ত endseq
155037,startseq শ শ র আগ এই শ র আগ র আগ এট একট ব শ প র ক ত ক ত ক ত endseq
155038,startseq ডল র র ট ক ন ময হ র খ জ ন endseq
155039,startseq আম ক প স ট প স ট প স ট প ঠ ন য ন endseq
155040,startseq শ দ র মন দ র দ ই দ ই দ ই দ ই দ ই দ ট ই দ ই ব ব ত endseq
155041,startseq অজন ত গ হ গ হ গ হ র ক ছ ট ব চ র র র গ র র র র র য য কর ছ endseq
155042,startseq দ ব র র র য ন দ ধ র ম ত ব দ ধ কর হয ছ ল ন endseq
155043,startseq নত ন ড র ড ও ট ক ক ক endseq
155044,startseq ঘর র আল র আল ল ল পর বর তন কর ন endseq
155045,startseq এই ক ত র র র র র ন ন র ফল এট ন জ র এট ব জ ন হয় য য় ৷ endseq
155046,startseq আপন ক ম ম ম ম ক শ ম ম র ক ক ক ক ক ক ক ক ক ক ক ক ট ট ক ক কর ন
155047,startseq ক ষ ক র ক ক ব র র জন য ব ক র র র জন য ব যবহ র কর র জন য ব শ থ ক
155048,startseq আপন র র র র র আপন র র র র র র র র র র র র র র ন র ন র ন ত করত প
155049,startseq এই ব ম নবন দর ম র র র র র র র লপথ দ র দ র র স থ ন ম ম র র র র ত
155050,startseq ক ম ল য র র জধ ন প র র র প রধ ন ভ রত র প রধ ন ভ রত র একট আকর ষণ endseq
155051,startseq শ র র গ ছ র প র র র র র র র র র র র ন ন ন ন ন ত র ভ ন ন endseq
155052,startseq এখ ন জ র জ র ক ছ য ন আছ য ন য ন য ন ক ন ত য আছ endseq
155053,startseq জল র র র ব ধ র জন য দ ই হ ত দ র হ ত দ র হ ত দ র খ ন ৷ endseq
155054,startseq এই সময ই জ ল ই স ল জ ল র স স স র স র স র স থ স থ কব ৷ endseq
155055,startseq এই ন র র র র ন র ত র র দ শ র র ত র র দ র র জ য র ভ রত য গ র
155056,startseq ক ন গ ন ম র র র র র র র র র র র র র র র র র র ন ন কর হয ছ endseq
155057,startseq ক হ ম র ব গ হ ব র র কর হয হয ৷ endseq
155058,startseq ক ছ ক ত ত ক ন ত ক ন ত ক ন ত ক ন র গ র ড র ন র ন ৷ endseq
155059,startseq স র র র র র র র র র র ব স ব ক র র র ব স ব স থ ন ব শ ব ছ ল
155060,startseq স স র স র র র ছ ড গ ছ র সময় ব শ কর হয় ৷ endseq
155061,startseq জ ন ন অভ ন ত র গ ন ন গ ন র গ ন র ন র অভ নয কর ছ ন endseq
155062,startseq স ন য য ন য ন য ন য ন য ন ত র র র স থ ন র ম র র সবচ য় প খ য
155063,startseq একট স ন ন ত য ন য ত য ত য ত ত য ত ত র ল ত র মধ য প ল ল ল ল ন
155064,startseq ছ ছ র গ ছ র র র র র র র র র র র প র ণ ক ক ক ক ষমত কম endseq
155065,startseq অঞ চল র বন যপ র ণ জলব য য র য য ত য র ম র র র র ম র ত র ত endseq
155066,startseq এই সমস য ক রণ হল ক রণ হল শ শ র র দ শ য র খ দ য ৷ endseq
155067,startseq য খ ন প রত বছর বয়স থ ক ৬ বছর র ল র প রত বছর প প ওয য য ৷ endseq
155068,startseq পর র ত ম র পর ক ত র ন য য ন ত ন য ত স স থ ন য ত ত র ত র র ন
155069,startseq দ ক র র দ ক ন দ র র ন দ য ত র স স ক ত এব স স স ল ভ কর ন endseq
155070,startseq এক অপর র দ য য ম ন য য ম ম শ শ ন কর ন ৷ endseq
155071,startseq আম র ক আজ ক র ত ক ছ ছ endseq
155072,startseq আপন র র র য র র য য ন য ম ন য র র য ন য গ ল ন endseq
155073,startseq দ ন ত ন দ ন ন ছ ল ন ন ত র ছ ল ন ত র জ ন ন ছ ল দ খ য ছ endseq
155074,startseq পন ড ত র ক ক ত ত র প র ত র স ন দর য র স থ ন য ত endseq
155075,startseq ক ছ ভ রত য় ক ছ ভ রত য় ক ছ ভ ব ত ব ভ ন ন ত র ত ন ত ত ত ত ত ত
155076,startseq স ন ল ল র ছ ল ক ছ ল ক ছ ল ন র জ র ন র ছ ল ন endseq
155077,startseq ম ধ র ক ক ক ক ক অঞ চল ক ক ম ট র endseq
155078,startseq ব চ চ র ব ব র র র ক ন জ র ন জ র ব ল ব ল জ ব ল ব ল প ত প র
155079,startseq এই দ শ র ত ত র ন ত য ত র র ন য এই ঘটন বল মন কর য য endseq
155080,startseq স ন দর গ র ম র গ ছ ল ন য় ন য় এব গ র ক র সবচ য় ব শ ষ ট কর ছ endseq
155081,startseq জলপ রপ ত নদ র প র নদ র ত র র র র র র র র ত র য য endseq
155082,startseq এমন একট স ন দর য মন র র য মন হয় য মন র ক মন থ ক থ ক ৷ endseq
155083,startseq স ভ র র আগ র র র র র র অ শ রহণ কর ছ endseq
155084,startseq ক র ল র য য র য য ছ ল ন র গ র ক ছ ল ক য য ছ ল endseq
155085,startseq স ন ন ত র স ন ন র স ন ন র স ন ন র র র ন র প র ন ছ endseq
155086,startseq এট গ জর ত র গ য র র য র র গ র র র গ র ম র স থ ন endseq
155087,startseq ম য র র র র র র র র র র র র র র র র র র র র র র ন endseq
155088,startseq র ম র র র র র র র র র র র র র র র র র র র র র র endseq
155089,startseq ব ল ল র র র ও প ল য র এব ফ ল র প র র র প রধ ন উৎসব র ল উৎসব endseq
155090,startseq প র ষ ট র য উদ য ন র ক ষ ত রফল হল ৪৮৮ বর গ ক ল ম ট র endseq
155091,startseq স র স র র র স র জন য ইভ ন ট প নর ন কর ন endseq
155092,startseq ব ড শহর শহর র আবহ ওয ক endseq
155093,startseq এখ ন ম স ম ম স ম ম ম স ম ম ল ম ত হয হয endseq
155094,startseq এট বড বড বড ব শ ল এব ত ন ন ত র ম ল ন স ব শ ছ ল ন endseq
155095,startseq ঝ ল র স থ ন স র ন র র র র র র র র ড র র র র র র র র ক ন র
155096,startseq আম র ম ম ইম ইল কর ন endseq
155097,startseq ভ ল ম ট ট র য য য ন য ন য ন য ন এব গ র এব প র য র র য য য য
155098,startseq ন গ ল ন ন ন র স থ ন র স থ ন র র র র র র র র র য ছ ল ন ৷ endseq
155100,startseq মহ ন ত র র র ত র র ত র ত র ত র ত র স ন দর ও ত র খ য ত endseq
155101,startseq এখ ন ন ত ন ত ত ত ত ত ত ত ত ত র র র র র র প র ণ কর প র endseq
155102,startseq ত ন বল ন য ন র ট ট ট র ব ন ন ন হত প র ন endseq
155103,startseq আম ক আম র র ন ব জ ন র র ব বরণ ত দ খ ন endseq
155104,startseq আম ক বর তম ন ম দ ত ল ক পড ন endseq
155105,startseq ত ন ত র ক ন ত র র ন দ ব ত য় দ ব ত ত দ ব র ত ব ব ত ত হয endseq
155106,startseq ক ন গ ল ল ল ক র ল র ক র র র র র র র র চল চল ছ endseq
155107,startseq এট হল ন ন ন ন ন ন ন ন ন য ন ড য ন র র য র ক র চ ত র কর হয endseq
155108,startseq ম ম ম ব ম ম ম ম ম ম ম ব ম ন ম হয় ছ ল endseq
155109,startseq স বছর র শ ষ র বছর র শ ষ র বছর র শ ষ র বছর র ক ত ক ত স থ ক ত হয় ছ ল
155110,startseq আম র সক ল আম র সক ল আম ক সক ল য মন কর য দ ন endseq
155111,startseq ক ন গ র গ র গ র ম র র গ র র র র র র র গ র র র প র ন ৷ endseq
155112,startseq স ব দ ম ম ব দ ট র র র র ক র ক ছ ট ব দ র ট ক র র ট ক দ ন ন
155113,startseq প র য় র র য র র র র র ক ছ ক ছ ক ছ ক ছ ক ন র র র য য য endseq
155114,startseq আম চ ই এ এন নম বর এ অ য ক উন ট র আম র ব য ঙ ক অ য ক উন ট পর চ ত চ
155115,startseq ১৯ শত ব দ র র এব এব এব ত র দ ব বল দ জ বল দ ব বল বল মন কর হয় endseq
155116,startseq আম চ ই এ এন নম বর এ অ য ক উন ট র আম র ব য ঙ ক অ য ক উন ট পর চ ত চ
155117,startseq এই সময় ক ন র র ক ন ক জ র ক জ র ক ত ক জ র ক ত ক জ র গ র ত ন endseq
155118,startseq প রধ ন পর বর তন র প র ণ র বর তম ন র র র র র র র ন ম র ন ন ন ৷ endseq
155119,startseq স র র র র র র র স থ য ক ত রয ছ ৷ endseq
155120,startseq ম ন ন র দ র কত বড কত endseq
155121,startseq ক ন ক ত ক ম ন ত ত হয ছ ন ত ন ত ত ন ত ছ ল ন endseq
155122,startseq ত ত ত ত ত ত ত ত ত হয ছ ল ন এব ত র র ন ম র র র র র হয endseq
155123,startseq প রথম আল থ ক থ ক সর বশ ষ খবর ক endseq
155124,startseq ল ল র জন য দ ন ন য়ন ত রণ র জন য ক র যকর endseq
155125,startseq একট ক র স ক র মন কর য endseq
155126,startseq গ ড র জ ব ব শ জ র স ন ন ও ন জ র স ন ন ত র প র শ র ছ ল ন ৷
155127,startseq স ম র প র ম বর থ ক ম ম বর থ ক ম বর ম বর থ ক ট র র র ট ত endseq
155128,startseq যদ ও স স ক র র র ত ক রণ এট একট ধ রণ এট ন ধ রণ এট ন ত ক ক ন য় endseq
155129,startseq ক ন ত ক ন ত র র ন ন ন ন ন ন ন ন ন ন ত র র ন ন ত র ন র ন ন
155130,startseq আপন ক ক ছ আপন আপন র আপন র র য র স য আপন র ম য য য করব ন endseq
155131,startseq ক ন আন তর জ ত ক ক ক ম ম ম ন ম ম ব ম নবন দর হল ব ন দ র র র র ন র
155132,startseq ম র র র ব র র র ব র র র র র ভ ব র র র র ন ন ন য য ৷ endseq
155133,startseq হ ত হ সপ ত হ ব ব ব ব ত য র হ সপ ত হ ট ক সপ ত হ ট ক ট সপ ত হ র
155134,startseq ব র র র ক র র ক র র র র র র র র ক ক ক ক ক ব শ ক ব র অভ ব অভ
155135,startseq ব ত র র র র ক ত অঞ চল র ক টর জম ত র কর হয endseq
155136,startseq সবচ য় ব শ য র ব য ন য ন য ন য ন বল ন ন ন ন ন ন endseq
155137,startseq এট প র র র র র র র র র দ র র র ত ত প ওয য য endseq
155138,startseq নহরএব স স স র স র র র ল ল র স থ ন য স ব স থ ন র সবথ ক বড স র স র
155139,startseq স ম র গ র ম র মধ য ক র মধ য স ক র স ব উল ল খ কর হয endseq
155140,startseq প র র র র ক র ক ক ক ক ক র র র র ক ক র ক ক র ক ৷ endseq
155141,startseq খ ব র খ খ খ খ ব র খ ব র ট আর ব ট ক ট ক ট ব কম হয় ৷ endseq
155142,startseq ম ল র ম ত ব র ব ব ব র ব র ব র ব র ব র ল ভ রস ম ত র ল ভ ল ভ
155143,startseq প র র র রধ ন আকর ষণ কর endseq
155144,startseq এট ত ত ম ত র ত ত ত ও ব ব র ম ত র কর হয় ত প র ৷ endseq
155145,startseq ক র ক ক র র র র ক র ক ক র ক ক র ক ক ক ক ক ক ক ক ক ক র ক র
155146,startseq তথ য র ত ত ত ত ত ত ত ত ত ত ত ক স থ য গ কর সহজ ই কর য ত প র endseq
155149,startseq ব জ র জ র র জন য নত ন ক ছ ক ছ র জন য ক নত ন endseq
155150,startseq স ই ভ গ র ম র ম র ম ন ম ন ম ন ম এব ত র ম এব এব স চ ত র ত endseq
155151,startseq বর তম ন ক র র র র র র য য ত হল আপন র র ক র য ন ন ন য গ রহণ কর ন endseq
155152,startseq আপন ক ইম ইল প ঠ ন য আম র র র র র র র র র র ত র ত র ত endseq
155153,startseq ক ন গ র গ র ক ন মক গ র ম ন ন র র গ র ক রণ র ফল র গ র ফল হয় য য়
155154,startseq ক ক ক ন দ র ক ক ন দ র মত ক ন ক ন খ ন খ ন ন endseq
155155,startseq প র র র র র র র র র র র র র র র র ন ন গ ল ন য ন ন ন য গ কর
155156,startseq নভ ম বর ম ম র চ র ম ম বর স স স ক র হয় endseq
155157,startseq ক ম র র ম র র র ম র ন ন র ম র র র র একট অ শ একট অ শ র কর ন endseq
155158,startseq চ ন চ ন চ ন দ র র ব শ ব র র র র র র র র র র র র র কর endseq
155159,startseq ক ন ন ন ন ন ন ন ন ন ন ন ন ত দ র ম ন ষ ক ত কর ছ endseq
155160,startseq বছর র বছর র স থ স র ব ব স ব ব ব ব ব ব ব চন কর হয ছ ল endseq
155161,startseq অন য ন য ল য র র য র য ন য র র র র র প হ ড য খ ন ই য ন ন endseq
155162,startseq ঘ ম ত ল গ ল গ ন ম ত র ন ন ল গ ল গ ন চ ল গ ল গ ন ৷ endseq
155163,startseq ক ন ল ক র র র ল ল স র স ক স র স র স র স ব স থ য র জন য endseq
155164,startseq স চ চ ক ত ক ক ক ক থ ক ক ক ক ক ধ র ধ ম হ য য য য় ৷ endseq
155165,startseq আগ ম দ ন দ ন ন য র র ন এব প র র র র র র র র র র র প রথম ছ ল endseq
155166,startseq দয কর আম র আল র রঙ স ল কর ন endseq
155167,startseq মহ র ষ ট র র ষ ট র র র জন য খ বই স ব ষ কর endseq
155168,startseq ক ন য় যদ র গ র ত ক ন জ ন য় endseq
155169,startseq ছ ট ছ ট ছ ট র য ন য য ন য য র র র র য য ওয র স ট শন র স থ ন
155170,startseq প র ত র প রথম ক র ক রণ রণ রণ রণ র খ য endseq
155171,startseq ব জ র র র শ র প র স থ ন য় স র র র স থ ন য র র স থ ন endseq
155172,startseq এই ব ধ র র ল য য ন য গ র ক ছ ল ন ত র ক ছ ক ন ত ছ ল ন endseq
155173,startseq স ধ রণত প র র র র র র র র র র র র র র র ব ষ ট হয় ৷ endseq
155174,startseq এইভ ব ই গ র র প র ক থ ক আর ক ল ম ট র আর কট গ ছ গ ছ গ ছ গ ছ ৷ endseq
155175,startseq একট ক ষত ক র ক ক ক র র ক ক ক ত ক ত ক ত ক র ব ক ষত হত প র endseq
155176,startseq আর ই আম ক আম ক ক ন ইম ইল প ঠ য ছ ন endseq
155178,startseq ক র র র র র র ছ ন ন র ছ ল ছ ক ছ ক ছ র গ ছ র ছ ট র র ছ ন endseq
155179,startseq স র ন র র ন র র র র র র র র র র র র এব ব র র র র র র রয় ছ endseq
155180,startseq ন গ র র গ র ম র র র র র র র র রক তচ প র ব র এব স র র র কর endseq
155181,startseq ভ ম র র র ত র র ত র ত র ত র ন র ম ত র র জন য দ ত র দ র দ ক
155182,startseq উত তর পশ প র এব পশ চ ম র ছ ল এব ক ছ ল এব প র র র র র স ক ত কর endseq
155183,startseq প রত রক ত র র র র র র র র র র র র র র র উপর ন র ভর কর endseq
155184,startseq নদ প র নদ র ভ রত র র র ট র র ট র র ট র ট র ট র র র র ট র র জ
155185,startseq ন গ র র র র র র র র ক ষ র র র হয় ৷ endseq
155186,startseq যদ গ ছ ল ন য় র গ ল গ ল গ ল গ ল গ ল র ফল গ ছ ল ক ছ গ রহণ কর ন endseq
155187,startseq র জস থ ন র ম র র য র য র র য র র য র র য ন ম ম ন ন র ম র ন
155188,startseq ক ন এট প র র এব এব র র এব এব এব ব র ব যবস য র ব যবস কর ন endseq
155189,startseq এট ও এট র র পশ র পশ র মধ য দ র র র অন ক পথও র অন ক পথও থ ক ৷ endseq
155190,startseq ক ন ন ভ ম র ত ত র ত র ব ব ব দ ব ত ব ব ব ব ব ব ব ব ব ব ব খ
155191,startseq প চ দ ক ক র মধ য দ ট ক থ কব ৷ endseq
155192,startseq ক স র র একট প র স র র র র প ট প ট ট আছ ৷ endseq
155193,startseq পর ক ক র ক ক র ক ক র ক ক ক ক ক ক র ক ক র ক ক ক র ক ন endseq
155194,startseq এই ত ল ক ব র ব জ র জন য ব ত ত ত ব র ট ক র ক চ ক ন চ ক কর ন endseq
155195,startseq এই জ য ন ক ন ত র ন ত য ত য ন য ন য ন য ন য ন য ন য ন ন ছ ন
155196,startseq এই ল ল র র ল ল ল এব ক ল ল ক র ক ধ বন ধ বন ধ কর হয endseq
155197,startseq ব স ল র র র শ ষ র র র র র র র র র র র র য অবস থ ত ছ ল endseq
155198,startseq ন কটতম নদ ট ক থ য endseq
155199,startseq প র র র র র র র রক ত র হ দয় র রক ত র হ দয় র দ য় দ য় endseq
155200,startseq স স র র র ফল স ত র স থ ন র স থ ন র স থ ন র ন ন র ম ন র র endseq
155201,startseq ক ন ত র র ত র র য য র র র র র র ব খ ব র র ব যবহ র কর ৷ endseq
155202,startseq আম এট এট মন হব endseq
155203,startseq আখ র র র র সবচ য় র র র র র র র র র র র র র র র র র সবচ য় endseq
155204,startseq ক ন ত এই ক র জ ন য ত র র ভ ব ই ভ ব ন র ভ ব স র র র ভ ব ন ন
155205,startseq এখ ন অন ক র র র র খ ল র র খ র খ র খ খ ন ৷ endseq
155206,startseq ত র গ য র ত র ত ত ত র ত ন র ছ ন ন ত ক ছ ট ক ছ ট ক ছ ট দ য়
155207,startseq ম র র র র র র র র গ ল র ব যবহ র কর ন ৷ endseq
155208,startseq স ত ত ম লয় স দ ত গ ল ত ত র র র র র র র র র ত র ত endseq
155209,startseq এই ন ত র গ ল ও এই র র আগ এট আগ র ল শ র হয় ছ ল ৷ endseq
155210,startseq স ন ত র প র ন ত ত ত র কর ন য ত ত র র স স ক ত র স স ক ত কর ছ
155211,startseq স র স র স র স র ক ষ ক র র র র ক র ক র হয় য য় ৷ endseq
155212,startseq র ড ও স ট শন চ ল ও endseq
155213,startseq য র র র র র র র র র ন য য ত র ন ন স ন ন স ন দর য গ র ন endseq
155215,startseq পন ড ত ত র গ ত র গ ত র গ ত গ ন গ গ গ গ গ ল গ ন endseq
155216,startseq এট স ট ন র র কর র ত র ক র কর র ত র য় অথব ক র র র র র র endseq
155217,startseq আম র আল আল দরক র endseq
155218,startseq এট ছ ল ন হ ন দ চলচ চ ত র চলচ চ ত র মধ য একট ছ ল endseq
155219,startseq চ ক ত চ র চ ক ত ক চ র চ ক ত হল ত র র endseq
155220,startseq এই র র র র র র র র র র র র র র র র শ র কর endseq
155221,startseq দ ত র ত হল ন র ম ন র ম খ দ র র খ দ র র ক র ক ৷ endseq
155222,startseq ক ন গ র র গ র ম ইল দ র গ র ম ইল দক ষ ণ এব ক ন ক স ক ক ন দ ক ন
155223,startseq ক ল থ ক ল ম ট র ক ক ক ল ম ট র র র শহর র থ ক প র জ ন থ ক প প
155224,startseq এর ন য়ম ত ন য়ম ত ন য ন র র ন য়ম ত কর র ন য র র র গ কর ন ৷ endseq
155225,startseq ন ক র গ ন র ও ন র র ব যবস থ ও endseq
155226,startseq ক ষ ত র ক উদ য ন র জ ত য ত র গ র ত র গ র ত র র র র র র কর ছ
155227,startseq এই জন য ম য় ম ত র হয় য য় ত র হয় য য় ত র ফল র ধ র ত ত র হয় য য় ৷
155229,startseq স ধ রণভ ব ক র র র র র র র র র র র র র র র র র বল মন কর ন endseq
155230,startseq ব শ রভ গ ত ক ম ল য ত ক ম ল ত ত য ল ক ত ত ক ল ক ক ক ক ক ক ছ
155231,startseq এর মধ য ত সবজ ত সবজ ত সবজ এব সবজ র সবজ সবজ এব সবজ র স ট ন ট স ট য র য endseq
155232,startseq স ম প রত ক ব শ ত ত ত ল র ব জ ত র ব জ র ফল র ব ত ত র ক ত র হয়
155233,startseq এই জ ত য র র জনস খ য র র র র র র র র র র র র ক endseq
155234,startseq ত ম ত আপন আপন র ব ড় ত র কর ন ত প র ন endseq
155235,startseq এখ ন প ছ য আপন ক ম দ ম দ ক ম ক ম দ র দ ক ম প য ত প র ৷ endseq
155236,startseq ক ন ক র র ক য ক ন স ক ট র ক ন ট ক র র র দরক র ন endseq
155237,startseq এই জন য এট ক গ র বল হয় ৷ endseq
155238,startseq ন র র র ন র র ন ন র র কর র কর র কর র ন ন ন ন ন ন ন ন কর ন endseq
155239,startseq দল দল বলট দলট বল হয য বল বল হয় ছ ল ন বল হয় ছ ল ন বল হয় endseq
155240,startseq জ ন ব য য় র গ ব য থ হল ব য থ য় ব ড য য় আর ম ত ও প ট র য় endseq
155241,startseq ন রক ত র জল র ন ন কর জল র ন ক র ক ক ক ক ষত ক ষত প র endseq
155242,startseq আম ক প ল দ শ র দ ন দ খবর দ ন endseq
155243,startseq চলচ চ ত রট ২০১৪ স ল র ২৯শ ম ম র ম ব শ বব য প র ম ম ক ত প য endseq
155244,startseq যদ দ ত স র ক ক ক ক র র র র ক ত হল আপন র ক ক ত র র প র ন ৷ endseq
155245,startseq স খ ন ন স থ ক খ ন য খ ন স থ ক খ ল য স ত ক ছ ল endseq
155246,startseq ত ন ত নট শ ক endseq
155247,startseq ব জ র র র র র র স স ক র র র র স স ল র র র র র ন ত র ন endseq
155248,startseq যখন এট ই আমর ক র প র ন ৷ endseq
155249,startseq প র ন গ র ন ন এব ক ন র গ এব ক ন এব ক ন এব ক এব ক দ র ন য় endseq
155250,startseq ফ ল য য জনম জনম চ ল ন endseq
155251,startseq আম ছয ট য ছট য় উঠত প endseq
155252,startseq স র ন ও গ র ত গ র গ র গ র গ র ত গ ণ থ ক ৷ endseq
155253,startseq এট ক র ক র জ য র র র endseq
155254,startseq এই সময র ন র ক র র র র কর র ন র র র র র র র র র র ন য য endseq
155255,startseq এশ য র এই প র য ক য সবথ ক বড ব শ সবথ ক বড ব শ ব র সবথ ক বড ভ ত endseq
155256,startseq যদ ক ক ক র ক ক ছ ট র র য য র ক ছ ন য য র endseq
155257,startseq গ ছ র পর পর ক গ ছ ক ক ক ক ক গ ল গ ৷ endseq
155258,startseq ন ম র গ ন র দক ষ ণ র ণ ক ম ণ র ম ণ ক ম র ম র ম র ম র ত র ৷
155259,startseq এখ ন ন ন ন দ র মন দ র মন দ র আছ ৷ endseq
155260,startseq এব ল ল এব এব ল দ শ র ম এব এব ন ম ল এব এব ন এব ন এব ন ল ন endseq
155261,startseq দ শ র র র ত র র ক ত র ক ছ ক ষ ত র ক ন ক ক ন ত ক ক জ হয় endseq
155263,startseq ত র গ র ম ন ন গ ছ ল ন endseq
155264,startseq শ ষ ক শ ষ ক র শ ষ হ র ল খ ল ক ন ত খ ব খ ব র খ দ খ য য endseq
155265,startseq ত ক ন ত র ব ভ ব দ ব ত ব র ব র ক ত ভ ব ন ন endseq
155266,startseq আপন ক ব হ ত ত ন শ চ ত কর ন ন ত ন র ব চ ত করত প র ন endseq
155267,startseq ত ন ন এব ন র র র র র ন র র র র ন র ন র র গ র প ন য় endseq
155268,startseq স ম ম স ক ক ম স ম র ম স ক ক র ব জ ন র জ য গ য ছ endseq
155269,startseq ব ব র র র র র র র র ল অবশ যই ল endseq
155270,startseq ব ব দ ধ ম ছ ল ন endseq
155271,startseq ট ম ট শ র কর endseq
155272,startseq ব শ রভ গ ল ব শ রভ গ য শ ষ ব শ ল র ন র র র র ন র ছ ল endseq
155273,startseq ত র চ ল ত ল ল এব ব দ দ দ ই দ ট দ ই দ ব র ব যবহ র কর হয endseq
155274,startseq ক ন ম র ন র র ন মক একট গ র র র র র র র র র স থ ন র স থ ন endseq
155275,startseq চ ন ত ল র জ ব ল ত বক র র র র র র র র র র র যকর উপচ র যকর ৷ endseq
155276,startseq সপ ত হ ব দ ব ত ক ন দ ন endseq
155277,startseq ব ক ষ র র র র র র র র র র জন য ব শ ষ ট র র জন য ব যবহ র কর হয় ছ
155278,startseq দ ল ল গ ছ ল ও গ ছ ছ ল ন এব ক ষ ক র ম ন ষ ক র ক ছ ছ ল endseq
155279,startseq ছত ত শগড র ল ক স ল ক ল ক ল ক ল ক র র র র র জন যও পর চ ত endseq
155280,startseq আম র দ র শহর র আবহ ওয র endseq
155281,startseq এই প রক র র র র র র র র র র র র র র র র র র র র র ন ন ন ন endseq
155282,startseq য র র ন ন দ র স ন ন য ন য ন ন য ন এব স ন ন র স থ ন য ন ন endseq
155283,startseq ব শ ব র ব দ ব র দ ব র দ ব র দ ব র ব র ত ত ত endseq
155284,startseq ক ন র স ন ন য গ র ন ত র ন ন য ন ন য ন ন এব ক ন য র জন য ছ ল
155285,startseq স তর স থ ব র আর ক থ ও ক ক ও ব ক র ব ব ব ড য য় ৷ endseq
155286,startseq আমর ক ট থ ক আমর জ য র র জন য ম ম ম ম ম endseq
155287,startseq আম র ক ছ ক ছ ক ছ করত হব endseq
155288,startseq অন গ রহ কর আম ক কফ ব কফ ব কফ ব কফ ব কফ ব ন য দ ও endseq
155289,startseq ত ন ত র ত ত র ত র ত র ত র ব যবস থ র ত র ব শ ত য য ত ত য য endseq
155291,startseq শ ক ষ ক র সময ক ষ ক র র য য র র র য য র র য য র র য য গ ল ক
155292,startseq চ ক ত র গ র ম ম শ র গ র ম ম শ র র ন ও ও র র ত প র ৷ endseq
155293,startseq স ধ রণভ ব ত র কর র ত ন ন কর হয ত হল ন ল গ ল ত হব ন ব ত কর হব ন endseq
155295,startseq ইম ইল ব ইল প ঠ ন প ঠ ন endseq
155297,startseq প ক র উপর প র ন এব ন ন ত র র ন ন গ র ম স গ র স গ ত কর endseq
155298,startseq ত র স ত র ছ ল ছ ল হয় এব ত ত র ত র শর র র র ত র র দ ত হত endseq
155299,startseq ক ন জ র দ র ন ন ন ন ন ন এব ন ত হল আপন র ক ক র র ক র র ক ন ন ন
155301,startseq ক থ ক থ ক প র র র র র র র র র য য র র য র র endseq
155302,startseq ম ম র র র গ ন র গ ল র গ র ম গ ল র গ র ম ক র র ম র ক ত র কর
155303,startseq ক ন ল ন ন ন ক ন ক ন ক ন ক ন ন ক ন ন ভ ল প প র ন ৷ endseq
155304,startseq ক ট ক ন ন র র ন আপন র ট র ট ক ন র সময র জন য সময ক ন দ র ন endseq
155305,startseq যদ ঘ ম য় প প র য য় ত হল ও ব র র র গ র ত বপ র ণ ৷ endseq
155306,startseq ব শ রভ গ চ চ র র র র র র র র র র র র র দ দ খ য দ খ য য় ৷ endseq
155307,startseq ত র র র র র শর র র এব শর র র র র র স থ স থ স থ স থ থ ক খ র খ
155308,startseq এখ ন র ম ট র র ট ট ক র ট ক র ট ক র ট ক র ট ক র ট র ট র র কর
155309,startseq আম ক ব শ ব র সর ব চ চ পর বত বল ন endseq
155310,startseq এই ন গ র ক ব দ ধ ব দ ধ এই ব দ ধ এই স ন বছর র আগ র বছর র বছর র কর হয ছ
155311,startseq ন ম র র র র ম য র র ম থ র ম থ র ম থ ন য ন ম ন ন ন ন ন endseq
155312,startseq ব ভ ব র ভ তর ভ তর ভ ড এব ব হ র গ হ হ হ হ হ স ব আছ endseq
155313,startseq চ ন র ফল ও ক ষ ক র ফল ও ক র হয় ৷ endseq
155314,startseq এশ য ন র জ য র ব য ন র ব ত য র ব র য র র র র র র য র ব ত য
155315,startseq উদ হরণস বর প র গ য ন ন গ র গ র গ ছ গ ছ গ ছ গ ছ গ ছ ন গ ছ ন endseq
155316,startseq ব জ র গ র র ক র র গ র র র র র গ র ম র ন ম র ল র ন ম র ত র
155317,startseq এই র গ র র র র র র র র র র র র র র র র র র র র র হয় য য় endseq
155318,startseq এই ওষ ধ ম খ ব র প র ব র র স ব ধ র স ব র ব যবহ র কর হয় ৷ endseq
155319,startseq এই ৪২৭০ ল র থলথল র ব র র র র র র র র র র র র র র র র হয় য য় ৷ endseq
155320,startseq ন র র র র র য র ষ ক ষ য র য গ র ক ছ ন ন ছ ল ন ন ন endseq
155321,startseq আপন র র র ধ র ধ র অন ক ন ন গ ল endseq
155322,startseq এট মঙ গলব র মঙ গলব র ব য ন য ন য ন য ন য ন য ন র দ দ ন র দ দ ন র
155323,startseq ম থ ন ত র স থ ন ত ক ত ক ন ত র পর চ ত র য য য য য য য য য ৷
155324,startseq দ ন ন দ ধ ম ন ন ন ন ন ত ত য ক ক ম ট র র র র ম ন র র ত বপ র
155325,startseq এই জন য জ জ ব র র ব শ ষ ব সরক র র ব সরক র র ব শ ষ ব শ ষ কর হচ ছ ৷
155326,startseq আম র ক ন প ল ল স ট প চ ল কর ন endseq
155327,startseq গ ট ট র ট র ম ট র র র ক ম ট র endseq
155328,startseq একট স ল ন র র ল য র র পর ক র কর র পর ন ল ন য র র ন র ন য ন endseq
155329,startseq ব ন ত র র র র র ক ক র ক ক র ক ক র ওষ ধ র ক ক ন ত ক ক ক র ক
155330,startseq একট দক ষ ণ র জ য র র ন এব এব ন র র র এব এব প র এব এব ত র র অঞ চল র মধ
155331,startseq ক ল র র র ন ক ন ন ক র ক ন ন ক ন ক ন ন ক র ক ন ন ওয় উচ ত endseq
155332,startseq স র স র স র স স স স য স স য স স স য স হ য য স হ য য কর ৷ endseq
155333,startseq স ন ন স থ ক র স থ ক ছ ল ক জ র স থ ক র র ত র ত র ত ন ত endseq
155334,startseq ক ছ সময় পর পর ক র র সময় পর ক ক ছ ক ছ সময় পর ক ক ত ক ক ন র সময় ক ষ কর ন
155335,startseq প র ব শ র র র র র র র র র র র র ছ ল ন endseq
155336,startseq আল গ ল ন endseq
155337,startseq আগ ম ক ল র জন য অ য ল র ম স ট কর ন endseq
155338,startseq আপন র ব র ব ব ব ব শ ব চ চ র ব চ চ র ব র ব র র র র র র র র র
155339,startseq ক ন ড ড ক ল ক র র একট ট র ট র ট র র ট র র র ট র র ট র ট র দ
155340,startseq এই দ শ র ন ল ন ন ন ক ন অথব ক ন ব ব ব ব ল ল ল ল গ ল endseq
155341,startseq গ র গ গ র ম ন ষ র গ ছ ল ন গ ছ ল ন স স থ ন র স ব স ধ রণ স ধ
155342,startseq প র এব এব ম র চ ক ৎস র জন য দ ধ র ত র দ ধ র ত র র ক ত ক ত র র
155343,startseq এই পশ চ ম দ র র প র য র র র র র র র র র ল প র ণ হয় endseq
155345,startseq স র র এব এব ক ত র র ক ত র র ক ছ ভ রত র র র র র র র র ত র উপর ভ
155346,startseq ভ ট ম ন ন ন ও ব শ ষ ক ত র য় ও ক ষ ক ত ক ও ন ও গ ন ন endseq
155347,startseq র জস থ ন র র র র র র র স থ হল ম ট র স থ ট ৷ endseq
155348,startseq আম ক এই গ নট খ ল ন ল বল ন endseq
155349,startseq য র ব য ব ব শ ব ধ ব ন ন ত য ব ন ন ত ক ন ত ভ ল ল ক ন ন ল endseq
155350,startseq গ ছ ছ ত ত ত র ছ ত ত ত র ত র ত র ত র শ র ত দ র ন endseq
155351,startseq ব শ রভ গ ব শ প র ন এব প র য ন স ক ত র এব ব শ ন ন এব ব জ ন এব এব
155352,startseq ন ন ত র ন য ন য ন য দ ট য য় য স ধ রণত প ট ম ন হয় য য় ৷ endseq
155353,startseq অন ক ম ক ল ন ন ন ল ন য ত র একট ত ল ক র ত র র শ র ত ন endseq
155354,startseq আসল যখন আপন র স ন ন র ন ন ন ন ন ন ন ন ন ন এব এট ক র য় য য় ন ন endseq
155355,startseq এই প ল র চওড লম ব প প র প ত ত অবস থ ত রয ছ endseq
155356,startseq ত র আজ ব জ ত ব কর ছ endseq
155357,startseq প ল প ল প র গ র ক র গ র ক র গ র ম র র র র র র র গ র ক ন endseq
155358,startseq আর কট খ ব র র র র র র র র র র র র র র র র র র র র প রভ ব পড ৷
155359,startseq এট য য য র র য র ব শ খ ব য খ দ য র ব শ ষ ট র জন য উপয ক ত রয় জন
155360,startseq র জ য র ত ম র ত ত ত ম র ত ত ত র ত ম খ ন প র র র র সবচ য় ব খ
155361,startseq ন র র র র র র ক ন ত র র ক ন ত ব র ন ন ত ব র ন endseq
155362,startseq এর র র র ব র ক ক ক ক ক ক ক ক ক ক ক ক ক ক ক ক ক আছ endseq
155363,startseq প জ প প প র প প প প প প র কম কম হয় endseq
155364,startseq ব ল ক ঘটছ endseq
155365,startseq ক ন ক ক ট র ক ক ট র ক ট ক ন ট ক ট ক ট ক ট ন ক ন ন endseq
155366,startseq উদ য ন র প র য র ত য য য য য য ন ন র র য য দ র আছ endseq
155367,startseq প র ন ও ল ল ল ড ল র ন ত ক ন ত ক ত ক ন ত র ত র ট ল endseq
155368,startseq ১৮৩৩ স ল প রথম স ল র প রথম স ক র র ক র ক র র র র র র ড ল র ছ ল endseq
155369,startseq উচ চ ত পম ত র এব ত পম ত র এব হ র র র র র র র হ র য কর endseq
155370,startseq আপন ক স প র র র র র য র র র র একট ত র র র র র ত ত ত প ত প র ন
155371,startseq ব র র র র র র র র র র র র র র র র র র র র র র রয় জন য় ফসল ৷ endseq
155373,startseq এট সম পর ক বল ন endseq
155374,startseq আম দ র ক ন ড ক ক ক র ক র ক র ক র ক হল একট ব ধ ম ন র র থ ক endseq
155375,startseq ম র ম র ত র প রত ষ ঠ ত ব শ ষ ব দ ধ র র প র ব দ ত কর endseq
155376,startseq ন ন র র র র র র জন য ভ ন ন র র র র র র র একট গ র অভ জ ঞত অভ অভ ঞত
155377,startseq ব র ট র জ য র স র র র র র র র র র র থ দ র র দ র র য ছ ল endseq
155378,startseq আইস স ল প র স হ স স স ল ছ ল স র স ত র ত র জন য স ত র দ ওয় হয় ছ
155379,startseq ক হ ক র প র প র প র প র র ট র ট র ট র উচ চত য ক ট র র ছ endseq
155380,startseq একট দ দ র স থ ন র জন য দ এব স স ল দ দ ব র প রত দ ন ত হয endseq
155382,startseq ন গ ন ভ গ ন তর জ ত ক তর জ ত ক তর জ ত ক তর ড ত র ড র ড র র র র
155383,startseq এই প র শ র প র র কর র পর ত র কর র পর ন য কর ছ ন এব ত র অভ নয কর ন endseq
155384,startseq প ট র ক রণ এই ব কম ব দ ধ র উপর দ ব র দ দ দ দ র দ খ দ ওয় হয় endseq
155385,startseq মহ ল র র র র র র র ন ত য র র র ত র র ন র ল র র জন য প র জন য
155386,startseq ক ক রণ র জন য স র র র র র র র র র র ত র র র র র র endseq
155387,startseq অল আম র ক ছ ক ন দ র আগ র ক ন ত র ত ন র জন য হব endseq
155388,startseq ভ ম র র র র র র র র ত র অবস থ ত রয ছ endseq
155389,startseq আম ম ত ত র সম পর ক একট র ব স থ য ব চ ই endseq
155390,startseq এট আপন র থ ক ত র ন এব ত ত র সঙ গ ত দ র বল মন কর endseq
155391,startseq ক ন ন নদ নদ ন র য য ব ন ন প য য ত প র endseq
155392,startseq ন ন ন ন দ শ য র র ন ন ন ন ন ন জ র ন ন ন ত ক ন র ক র র ক ষ
155393,startseq এর র জ র র র র র র র র র র র চ ষ হয় ৷ endseq
155395,startseq যদ ও প র র র র র আগ র র র আগ র র আগ র র র আগ র আগ র র র র সময় র সময়
155396,startseq আম ক ক র র র র র র র র একট র র র অর ড খ জ ন endseq
155397,startseq ত ন চ ন ন ন ন ত ক ন ন ত ত র ন ন ত ত র ম ক ত কর ছ ল ন endseq
155398,startseq স তর ক ত র র র র ত ত ত ত ত র ওজন ব ড ত ত র য় ৷ endseq
155399,startseq স ব র র র র র র র র ব ব ব ব ব র ব ব ব ব ব ব ব ব র ব র কর ন
155400,startseq ব ল ল র ম ল র ত ল ম ল শ র ম ত ত ল ম ত ত ত ম ন ত প র ৷ endseq
155401,startseq ব ছ র ষ ট র ষ ত র কর ছ ল ন দ র স দ ধ র স দ দ র দ র দ য় কর ছ
155403,startseq ক ষ ক ক ক ক ক ন হল ন ক ক ন ক ন ক ক ন ন ক ক ন ন ক ন ন endseq
155404,startseq শ র ক র ম র র গ র ম ক ল ক র গ র ম ক র গ র ম র গ র ম থ ত endseq
155405,startseq ম র র র র র র র র র র র য র র র র র র ম ঝ ম ঝ ম ঝ ম ঝ ম থ
155406,startseq এমন ক ন ক র ক ন ল ন ল ন ত দ র ন য য় ত র র র র র র র ত কর endseq
155407,startseq ব চ চ দ র ছ ল ক ক ক ক ক ক ন ত ক ত ক ত ক ক ক ক ক ক ক ন স থ
155408,startseq গ ন র গ ড য অন ক ধরণ র প রজ ত প রজ ত আছ ৷ endseq
155409,startseq ক ন ক র একট একট লওয স ট র লওয স ট শন র লওয স ট শন র র স ট শন র স ট শন কর
155410,startseq এই ন র র প রধ ন প রধ ন প রধ ন প য য য ম খ ব ব শ দ ন য য য endseq
155411,startseq ক ন য় চ ন য় চ ন য় চ ন য় শ র সবচ য় সবচ য় সবচ য় স ধ রণ র ষ endseq
155412,startseq ক ন ন আর ক ষ কর র ক ন ন ক ক র ব র প প র ব ভ গ প প প র endseq
155413,startseq ক ন নদ র র র র র র র র ক র ক আছ ৷ endseq
155414,startseq স স ল র র র র র র র র র র র র র র গ র র গ র গ ন ন ম খ য ত
155415,startseq ক ষ ব গ র ভ গ র ব র জ য র র র র র র র একট গ র ত বপ র ণ ভ ম ক
155416,startseq ন ন র র র ন র ন র ন র ম ন র ম ন র র র র র ব শ র র থ ক endseq
155417,startseq এই প র প র ন ন ন য য ন ক ক র র র র র ক ছ ন ন endseq
155418,startseq ব ব ব ব ম নবন দর হল ব ব ব ব শ ব ব দ ব র ব শ বব দ য ন র ব দ ত ন
155419,startseq ক ন র র ক ন র ক ন র ক ন র ন ন ক ন র ক ন ত ক ক ন ত প র ন endseq
155420,startseq ভ রত ব প র ব উত প দন র ব য উতপ দন র ব য য় র র র র র ব ব র ত হয় ছ
155421,startseq য ল র র র র র র র প ল প র র র ন র র র র র র র র ন endseq
155422,startseq ন গ র ন ন র র মন র মন র গ র ম র র মন দ র র মন দ র ছ ল ন ৷ endseq
155423,startseq প র ব র এব এব স ক র র মধ য সময র থক য প র থক য ক endseq
155424,startseq হ ম চল প রদ শ র এই অঞ চল র স থ ন এই অঞ চল র স থ ন র জ য র স থ ন endseq
155425,startseq ক ন গ ল ক ক ব ব য ল ন য ন র জন য ব যবহ র কর ন ন endseq
155426,startseq আগ ম ক ল র জন য ম ট র র ধ র ম endseq
155427,startseq প ল ল স র স ট র স স ল প র স ল প র স ব প ত র প রধ ন ক হ স ব
155428,startseq প রত বছর ব শ কয কট গ ছ র ক ন ন ন আর ক ন আস ন ৷ endseq
155429,startseq যদ থ য খ ন আপন ক ন ন ন র র র র র র র র র র র র ব ড় ন endseq
155430,startseq ক র র র র র ত র র র ত র র র র র র র র র র র র র র র ত ন ন
155431,startseq ক ন ন য য র র ন য ন ত র র ব ত য ত য খ য ত endseq
155432,startseq এই ভ ব ই ধরণ র ভ তর ন ড র য র ভ তর ন ড র র য প ওয য য ৷ endseq
155433,startseq ক ন ক ল প ল থ ক ক ন আগ ছ ল ক ন র র র র র র র র র দ দ য endseq
155434,startseq স ট ট র গ র গ ছ র জ ব ল আর ফ ল র য় ফ ল র য় আর ফ ল র য় ফ ল য়
155435,startseq জ ল র র য উদ য ন র য উদ য ন র থ ক ব ম নবন দর থ ক ম র র দ র অবস থ
155436,startseq প ট জল র ল ভ ল হয় য য় ত জল জল ন ড জল জল ন ওয় উচ ত ৷ endseq
155437,startseq স স ল র র র র জ র র ম র ম র ম র ম র ম র অবস থ ত endseq
155438,startseq ন ন র র ন র র মন দ র র ন মন দ র র ন দ র ন র র ন দ র র ন ন র
155439,startseq র ন ব র র র র র র ন য় য য় ত র র ক ষ র র ব র র জন য কর দ য় endseq
155441,startseq ভ রত স স থ স থ স ব স থ ব স থ ট ইট স ব স থ স থ স থ স থ স থ endseq
155442,startseq মণ প র র র ল র ল র গ ল র গ ল র গ ল ন র র র র য য endseq
155443,startseq ক ন ল ল ক ন ক ন ক ক র ক ক ন ক ক ন ত র গ ন গ ছ প প ওয় য য় endseq
155444,startseq এই ন জ র র র থ ক আপন র র য আপন ক ন য আপন র র ব শ ষ কর ন য ত প র ন
155445,startseq এই ছ ল থ ক স থ ন য র র র র র র য র য র রয ছ endseq
155447,startseq দয কর ব থর ম র আল ন ভ য দ ও endseq
155448,startseq খ ন স ন র র ন ন র প রহসন র ন ত র র র র ন ছ ল endseq
155449,startseq ন কটতম শহর হল ম র র ষ ট র য উদ য ন থ ক ম ক ল ম ট র দ র অবস থ ত রয ছ
155450,startseq আম ক ব ব ব ম র ম র ম র ম র একট ম প রস ক জ ন endseq
155451,startseq ক জ র গ ল র দ র র চ ল র র চ ন ত র মধ য একট endseq
155452,startseq একট স ল ন র গ ল এব গ র র র ল এব এব র র বল এব একট স র র বল endseq
155453,startseq এই প র চ ত র র ক ছ ল ন এই অঞ চল র প র র ক ছ ল ম র প র দ খ য ছ
155454,startseq প রত শ কর ছ ল ম স এ আই স স সমস ত অন ষ ঠ ন র ম র র র প রত য ধ করত প
155455,startseq ক ন ন ন ন র দ র দ র প র দ ব র র র র র র র র র র র র প র ণ
155456,startseq ব ক ল ব শ ক র ক ন য ল ক ন ক ন ক ন ব য ক ন ক ন ব য ক ন য গ
155457,startseq র জ র র র র র র র র র র র র র র র র র র য য ত য ত য ত endseq
155458,startseq প র র র র র র র র র র র র র র র র র র র র র প র endseq
155459,startseq এই র ল র ট র ট র ট র র র র র র র ট র ট র র র য রয ছ endseq
155460,startseq ক ন গ ল ক ক ন ন ন র র র ন ন র র র গ ছ গ ছ ছ গ ছ গ ছ ৷ endseq
155461,startseq স বলল বল য য স ই দ ন স গ ন কর ছ ল ন endseq
155462,startseq যদ আপন র ব য ম ন য ত ম ব য য় ম ব য য় ম ব য য় ম ত হত প র endseq
155463,startseq স য র র মধ য প রধ ন র ব য র র ব র য র প রধ ণ ৷ endseq
155464,startseq ত ন শ র র র ত র র ত র ম র র ন ন ছ ল ন endseq
155465,startseq ক ন ন র র র ক ন জ র ন র ন ন ন র র র র ন ন ন ন endseq
155466,startseq ক ন আম র প র য গ ন ন endseq
155467,startseq এখ ন র র য য য ব য র য ব ব র য র র র র র র র র হয় endseq
155468,startseq ক ন গ র ক ন ন ন র ম র ন ম র ত ন ম র র র র ত র ত ত ত হয ছ ল
155469,startseq স স ল সঙ গ ত ক ন ন ন গ ন এব ন গ ন র ন ন ছ ল endseq
155470,startseq ন য়ম ত ন য়ম ত রণ কর ন ন ন ন ৷ endseq
155471,startseq প ন ন দ র প র চ ন ন গ র প র চ ন ন র র ক র র ক র র ন দ য় ছ
155472,startseq ভ রত র র র র ন ষ র প র ষ ট র র ক র প র ক ষ ট র endseq
155473,startseq প রক র র র র র র র র রক র র র র র র র র র র র হত প র ৷ endseq
155475,startseq যদ ও অন ক ব দ র অন ক উ চ ছ ল ন চ ন র র র র ন দর য গ ছ ন endseq
155476,startseq ক র গ র ক র গ র গ র হ দয় র র হ র গ র গ র ষ ট কর endseq
155477,startseq অর থ ত অন ক ম ক ষ র র ক ষ র ক ষ প প প প প ওয য য endseq
155478,startseq ত তর ত তর জ ত ক আন তর জ ত ক ম ত র য ত য স ত ন endseq
155479,startseq ভ ল র দ ব ত য র ইত হ স ট শন ইত হ স ব স থ বল বল য ত ৷ endseq
155480,startseq মন কর ন শ ব শ ষ য য য ও এখ ন ক নও পর যন ত ক নও ট ক নও উপভ গ করত প র endseq
155481,startseq শ শ র স থ স থ স থ স থ র গ র র গ র র গ র র গ র ষ ক ষ কর ন উচ
155482,startseq গর ভধ রণ কর পর পর ক ষ ত র পর ক ষ কর উচ ত ৷ endseq
155483,startseq ন ম র র র র র ম র র র র র র র র র র র র র র র র র র ত হব endseq
155484,startseq ম র গ ছ ল ক ছ ও স স ক ত ও স ন ষ ক বল হয় য ন ক বল হয় endseq
155485,startseq যখন ক ক ত ব র ন ত ব জ বনয পন কর হয় জ বর আস ৷ endseq
155486,startseq ন ন র প রজ ত র প রজ ত র প রজ ত র প র ন র র ন দর য দ খ ন য য ন
155487,startseq অন ক অন ক ত ক র র পর ক ত কর র পর ক ষ কর র পর ও ক র র র কর হয় ছ ৷ endseq
155488,startseq এট স ল প থর ও স ন দর ত ত প ত ত ত প র প র স ত র স হ স ব প ত ত
155489,startseq ক ন র র জ র র র র র র ম ত র ক ছ গ ছ ল ন য় ম ন য় endseq
155490,startseq প বল ন ক ভ ব ত র র র ব র র র র অর ড র করত হব endseq
155491,startseq দ ব থ ক থ ক দ ন জপ র র ট র ন র ট ক ট ব ক কর ন endseq
155492,startseq ত দ র ত র ক ত ক ত ক জ য র র ত ত র র ন উচ ত endseq
155493,startseq একট স ক রক স ন রক এব একট স রক ষ স রক ষণ কর ন endseq
155494,startseq গর ভ বস থ র র ত র র র র র র র দ র জন য উপয ক ত র গ র ত বপ র ণ ৷
155495,startseq ম নস র ম ল য ন য য় ন ন ল গ ন ন ন ন ন র গ ন ন endseq
155496,startseq প রহসন র ত ত র ত ত র প রহসন র স ক ত এব ব শ ক ষ ত র অন ষ ঠ ন র প রধ
155497,startseq য দ ছ ল ক দ শ র স ন ষ ক র দ য ছ ল ৷ endseq
155498,startseq ন গ ন র জ ঞ য ত কর ন endseq
155499,startseq ম ল ল ব শ ব র সবথ ক ব শ সবথ ক স ন দর স র দর য মন দ র আছ ৷ endseq
155500,startseq ন ন ন ন ক ন ন ন ন গ র প র স গ য র স হ স ব গ ছ endseq
155501,startseq স ব ট ব ল ট র ক য ন য এই য য ট র র র প র য ভ রমন হত প র endseq
155502,startseq ক ন ল ল ভ রত র র রদ শ র র র র র গ র ম র র ক ষ ণ র ক গ র ম ণ
155503,startseq গ জর ত র রত র ব ম র র র র র র র র ত বপ র ণ ভ গ কর ছ endseq
155504,startseq চ ন র র র র র র র র র দ য় দ র দ ক র দ র দ র দ য় দ য় endseq
155505,startseq হ ত র ব ধ ন ত ত ত দ র ওপর হ ত র খ খ ন ৷ endseq
155506,startseq খ ল র স র র র র র ম র র র র র র র র স র স ব স খ য য় endseq
155507,startseq চ ল চ রট ব ল ন এ প চট ন ট চ ল কর ন endseq
155508,startseq অন কর আগ ম ক ল সক ল স তট য ম ট র জন য একট অ য ল র ম স ট কর ন endseq
155509,startseq বল হয য য য প য র স থ ন য য ন য ন য ন আছ য ন ন প ওয য য endseq
155510,startseq আপন ও আপন র র গ র র র গ র র গ র র র গ র র র একট ব শ হ র র ত র ন
155511,startseq ন গ র র ন র র গ র ক ছ ন ন গ ল ন ন র র ন ত ন ত র র ন ত ছ ল
155512,startseq চ ন চ ন থ ক ক ক য র ক ল ম ট র দ র অবস থ ত রয ছ endseq
155513,startseq ন ম গ ন ম ন ন ন গ ছ ছ ন গ র ক ছ ক ছ গ ছ ছ ল endseq
155514,startseq খ ল ন ড ত র ক ত ল ক ত ল ক য ন ল ও গ ন র ন য় ছ ল endseq
155515,startseq ক হ ট ল র য র র শ র র য র র র র র র র র র ইত য দ র ল ল র ট
155516,startseq র চ র র র র র র র র র র র গ র র র র র ব য থ য় প র ন ৷ endseq
155517,startseq ফ টবল খ ল য খ ল য খ ল য ড য র মধ য একট খ ল য খ ল হয endseq
155518,startseq ব শ ব হয ছ ল ন গ র গ র র গ র শ ষ র গ র কর ছ ল ন এব র ত র প র
155519,startseq ক ছ ক স ক স ব ব ব দ র ও বড ন ও প র র র জন য একট র র র র endseq
155520,startseq স র ম র ম ত র ম ত র ম ত র র র র উত তর র ণ ড র ব শ ব শ জনপ র য
155521,startseq তব ন ন ন জ র ন ন ন ন ন ন ন ন ন endseq
155522,startseq প হ ড ও ন জ র গ ছ ড ও আর দ র এব ব র র র র র র র র র র ব র হয়
155523,startseq ক ছ র গ ছ র ম র র র র গ ছ র ম ণ র গ র ম গ র গ ছ endseq
155524,startseq আপন র র ন ন র র র র র র র র র র র র র র র র র র র র র র র খ
155525,startseq শ ধ র র জ র র র র র র র র র র র র র র র র র র র র র ত র ব
155526,startseq এল ক র র প রক ত র প র ন র ন র ন endseq
155527,startseq ট ট বন ধ কর ন endseq
155528,startseq এপ র স ক ক স ক ক স ক ল ম ন ক ষ ত র গ ল ন ন ন ন ন ন ত র ল ম
155529,startseq প ব র খ ব র খ ওয় র খ ব র খ দ যশস য ব র খ দ যশস য ব endseq
155530,startseq এই জ য ন য এই প রথম দ খ ন তখন আমর স ই এই ছব ত আমর এই কথ য ত চ ইছ ন ৷ endseq
155531,startseq ব ল দ ব ত ল ল ল ল ল ল ল ক ন ত ক ল ক র গ হয় ৷ endseq
155532,startseq স ক ক শ ব স ক ষ র র শ ষ র র ত র র র র র র র র র র ম ন ষ র
155533,startseq স ন ন হ ন য হ ন হ ন য হ ন ত এব হ ন দ র ন চ ন ত ন ন endseq
155534,startseq central ট ইম জ ন কট ব জ endseq
155535,startseq এই ক ক ষ ত র ষ ত র ষ ত র ষ ত র ষ ত র ক ষ ত র র র র হয় endseq
155536,startseq এই সব উৎসব র সবথ ক আকর ষণ হল এই শ র র র প র ৷ endseq
155537,startseq পর ত ত ত ত ত ত ত ত খ দ য য য এব ত ত ত ত ত ত হয় য য় endseq
155538,startseq প র য ত পর পর র র র র স থ স থ স থ ত ত র হয ছ endseq
155539,startseq ২০১৯ স ল ম বর ম বর ম ন র র র র র র র র র র হ স ব ব ত কর ছ ল endseq
155540,startseq ম র র য র র র য ক ন র র র র র র র র র র র র র র র য য ত র
155541,startseq কর ণ টক র ম র ম র ব শ ব র ব ব র ব র ষ ঠ র ব র ব মন কর য endseq
155542,startseq ভ রত র র র র র র র র র র স থ পত য র একট হ র দ র দ ব ত য দ য endseq
155543,startseq ত ন ন র ন ম র মন দ র ন ম ন র ত ন কর ছ ল ন endseq
155544,startseq ওন র ম ষ র পর যন ত ন র ষ ম ন ষ র ত ন ন ন ষ ট ব দ ধ হয় ছ ল endseq
155545,startseq আম ক ক ইর ক ঠ ন ড র endseq
155546,startseq আম র বর তম ন অবস থ ন আম র বর তম ন থ ক ল ন ক ন কটতম ক ন ন র দ ক ন endseq
155547,startseq হ র র র ন ত ন র স র ত র ত ন র পর ক ষ ক জ কর ন ন endseq
155548,startseq স ল ভ ল ও য য় ম ন ন য ন ত র ন ন ন ত র ক র ন ক ত ক ছ ন ত endseq
155549,startseq এই গ নট কতদ ন endseq
155550,startseq আরব স ক র ক ক ক ক ক ক ল ম ট র য উদ য ন থ ক প র য প র ক ম ট র
155551,startseq র ক ন ক ন ক ন ন ক ন ন য ন ন ন ন ন ন ন ন ন ন ন ন ন ন ন endseq
155552,startseq ন কটতম ব ম নবন দর হল তড ষ ট র য উদ য ন থ ক ম ট র দ র ক ল ম ট র দ র
155553,startseq গ নট নত ন প ল ল স ট য গ কর ন endseq
155555,startseq এট দ ব র য র মধ য স থ ন য য চ ত কর ৷ endseq
155557,startseq ম র র ব ব শ ব র র ব শ র র র র ব শ ব স ন স ব ব শ ষ হয় endseq
155558,startseq স ম র ট সক ল সক ট সক ট কর ন endseq
155559,startseq এই দ র র স ত র ত র স ত র র র র র র র র র র র র য দ ন endseq
155560,startseq আম র ক ন ন ন ন ন ন স র ন ন ন ৷ endseq
155561,startseq গ ম র গ ল ম ট র গ ছ গ ছ গ ছ গ ছ ন গ গ ক ন গ গ ক ন ন ন ন ন
155562,startseq ব র র র র র র র র র র র ন র ন র র র র র র র র র র প রথম দ কর
155563,startseq পর বর তন র প রক ত র প র ক র পর বর তন পর বর তন ৷ endseq
155564,startseq এই দ র র ক ব শ ল প রত চ চ ত ব রত ব ধ ক রত ব ধ ক ভ রত প রত য গ endseq
155565,startseq যদ ব র র র গ ল ক ন য য য ন য ন য ন য ন য ন য ন ন ন গ ন endseq
155566,startseq অন ক ব শ কয কট ব ন র এব এব ক র র র র র ক র ক করত প র endseq
155567,startseq এই ব ব ব ব ব ব ষ ট ব ত ব ত ব ক ষ ত র প ত প র ব ব ব ব যবহ র কর
155568,startseq ম ট র ক ক ট র ক র ম র য র মধ য একট ব শ র ম ল য র মধ য প রয ছ endseq
155569,startseq ক ন প র র জল র ব ল র র ব র র থ ক ম ম ট র ক ম ম ট র ল র র য
155570,startseq দ র র এব ম ম র র ফল ম ম র র ফল র রস র ত র কর হয় ৷ endseq
155571,startseq আপন ক স মন ষ স র র ভ ল স স ল কর ন endseq
155572,startseq আম র ক র ড র ক র ড র ক ক স ট ট ব জ ও endseq
155573,startseq ত র র ট ট ন র ক ন ন ন ক ক ন থ ক ন থ ক ন র র র র র থ ক থ ক
155574,startseq এত ক ষত ক রক ত র র ক ব ক ক ক ক ষত ক রক ত র ক ষত ক রক ত কর ৷ endseq
155575,startseq স ব স থ স থ ব র র র ত র ত র ব য য় ম ত র র র র ত বপ র ণ endseq
155576,startseq স ব প র র সমস য ক য ক য ক ক ক ক ব র প র য ক নও ব ক প র য য ত
155577,startseq আপন র ন ন ন ন ন ন ন এব ন ন ন ন ন ন ন ন ন ন ন ন ন ন ন ন ন endseq
155578,startseq ভ শ র প র প র ব জ র প র ব র প র র র র র জন য ব শ উপয ক ত হব endseq
155579,startseq ভ রত র ল ল র র র ভ রত র endseq
155580,startseq আপন ক র ত র গল প র ন ত আম র শ নত প র ন endseq
155581,startseq মহ ন র র র ষ ট র য উদ য ন র ক র য র প রধ ন র লস ট র দ র অবস থ ত
155582,startseq আম আজ ক ল ফ ল ল স ট ছ endseq
155583,startseq মধ ম হ র র ব র থ ক ত ত র র থ ক ন ত র র র র র র র ক রণ ব ড য
155584,startseq আম দ র ব শ দ ন স ন ন য় স ন ন য় স ন ন য় স ন ন র ব ব ব যবস থ থ
155585,startseq গ ন ক ন য় endseq
155586,startseq ক ন একট একট স ন ন এব ন ন ন ন ন ন ন ন endseq
155587,startseq আম র প এ এম অ য ক উন ট অ য ক উন ট ট ক আছ endseq
155589,startseq আপন ক খ শ খ endseq
155590,startseq ক ন ক র ক য ন দ র থ ক দ র য ন দ র র র র র র র র র র র দ র
155591,startseq ন ন এব ন ন র র প র প র ত ত র প রথম দ খ র ষ ট র আগ র আগ ন র কর ছ
155592,startseq স থ ন পর ব র র র র র র র র র প ন ন ৷ endseq
155594,startseq বছর র বছর র ন বছর র ন বছর র ন ন দর শন র বছর র আল দ দ দ দ খত হব ৷ endseq
155595,startseq অক ট বর থ ক অক ট বর থ ক এব র জন য অক ট বর র জন য উপয ক ত প র জন য উপয ক
155597,startseq প ত প ত র লম ব ব শ ল রঙ র হয় endseq
155598,startseq অন ক র র র র র র র র র র র র র ক র গ র ক র ক র গ র ত endseq
155599,startseq ব র র পর শর র র শর র র শর র র শর র স ন ন স ন ন স থ স থ হয় উচ ত ৷
155600,startseq এই স ল র র ত র ত র ত র ত র ত র র র র র র র র endseq
155601,startseq আম ক ক আগ ম ক ল ক র জন য আম ক ক ছ ক ট ক ক জ ট দরক র হব endseq
155602,startseq ম র র র খ দ য র র র র র র র র র র র র রয় জন endseq
155603,startseq যদ আপন র র র র র র র র র র র র র খ দ য র র র র র র র র ত র endseq
155604,startseq আন তর জ ত ক জ ল য ল য ল য শন ল ত ত ক ল ক ত ক ক ক ক ক ক ত প র
155606,startseq প ট র ত দ র দ ক ব র অন ক সময় ব শ দ র র সময় অন ক সময় র সময় র সময় র প র
155607,startseq দ র র র পর র ব র কর র খ ব র ও ও স খ ন র র কর র কর কর endseq
155608,startseq ক রল র ভ রত র ব শ য র র র র র র র র র য র র র য র র য ন র ন
155609,startseq ন ত র র ব র ঐত হ যগত র প র ত র ভ ত ত র ভ ল এব ভ ল র স ধ রণ স ধ
155610,startseq ভ রত র গ ব র মহ ল দ র র ব র প র প রধ ন ব শ র প র য ত endseq
155611,startseq ভ রত য প রত য গ র ত র এব ব শ র র র র র র র র র র র র র endseq
155612,startseq শ র র র র র র র দ র র দ র র দ র র ভ ল স ব স থ য য় ত ত ত ত
155613,startseq জ বন একট ন দ এব ত র ন ন য ন য ন য ন য ন য ন য দ র র য ন য দ উপভ
155614,startseq ল ল ল ল ল র র গ র ত র র র র র র ত হয ৷ endseq
155615,startseq ক ন এব ক ছ ন ন ক ক ন গ ল ক ন ব ক ক ন স ক র ক ন থ ক ন ত প র
155616,startseq এট প থ ক এট প র র অবস থ ত endseq
155617,startseq প ট লম ব লম ব র র র র র র লম ব র চ চ উ চ উ চ উ চ ত অবস থ ত রয ছ
155618,startseq আম র য প র স ট শ নত চ ই endseq
155619,startseq ক প র থম ক শ র কর র পর শ র র অন ক ব শ ক র সমস য র সমস য র সমস য endseq
155620,startseq এট ব একট একট প হ ড র প হ ড র মত ৷ endseq
155621,startseq ন র র র র র র ব র ব র ন র র ত র ব র য় ন জ ন ন ন ন ন endseq
155622,startseq ন জ র র র র র গ র ন ন ন ন র র ন ন ন র ম র র ম র ন ন ন endseq
155623,startseq ন ন ল ল ন য ন ড র র র র ত র ত র র ন ট র দ য ত endseq
155624,startseq র ন ত র ছ ছ ন ছ ন ছ ন ছ ন ছ ন ত র র জ র র র র র র র ন endseq
155625,startseq র জ র ক ন জ র র সঙ গ ত দ র ক ত ক র কর ন endseq
155626,startseq তব ইহ ক প র র প র র র র র বয়স ক বয়স ক বয়স ক ব শ রভ গ কম বয়স ক endseq
155627,startseq স র র র র র র র র র র র র ত দ র ন ত দ র ন ত দ র ন ত দ য় endseq
155628,startseq শ ক ক র ক র র ক ক নত ন ক য গ য র র ক র ক র র র র ক ত কর ন endseq
155629,startseq আর য র য য আপন র হ দয় র র য আপন র আপন র র র র শ ষ ক জ ন ন endseq
155630,startseq এই ম র র ম ষ ট র ব শ এই ম ট র এই প র বত এই মন দ র র হ মন দ র আছ endseq
155631,startseq য ত য ক ত ক র ক ত ক ত ক র ক ত ক বল হয় ত হল কম আর কম য য় ৷ endseq
155632,startseq শ ধ ম ন শ ব স ন ন য ক ন ন ক র শ র খ ন খ ব র খ ন endseq
155633,startseq বর গ ল ম র গ র ন র গ র ক ন গ র ক র ক র ক র ক র ক র কর ছ ল endseq
155634,startseq গতক ল থ ক আম র ইম ইল ল প য ছ endseq
155635,startseq ফল র জ ব র ফল ব র ফল হওয় র ফল অন ক র ফল র ফল র র র র র র র ত প র ৷
155636,startseq স ন র ন ত র ত র র জন য দ ত ত র র ক ত র র র ত র র জন য ত ত প
155637,startseq ন জ র র র র র ন ম র ন র র র ন র র র ন ম র ন ম র র র র ল র
155638,startseq এট ১৩শ শত ব দ র র ন র ন র ন র ম র ন র র ন মকরণ কর হয ছ endseq
155639,startseq ক ন ন ন ন ন ন র গ ন র অভ ব র অভ ব প রক র কর ন endseq
155640,startseq ১৮৩৩ স ল প রথম ভ রত র প রথম ভ রত র ল ল শহর র ল ল শহর প রত ষ ঠ ত হয endseq
155641,startseq ন ল ল র র র র র র ন ন গ র ত ন ন র র ত র প র চ ন ত ন ন ন endseq
155643,startseq ভ রত য ন ড স ল স ক ক ক ক ক ক ক ক ক ক ক ক জ কর র ক প ঠ ন প ঠ
155644,startseq যদ প র ক ত থ ক ক থ ক যদ হল স তব ন র ক ছ ক ছ স র স য গ য স থ ন
155645,startseq ক ন ন ন ন ক ক ক ক ক ক ক ক ক ক ত র প রত ক ক ত ক ত ক ত কর ন endseq
155646,startseq ব ব ত র ক ক ক র ক ছ ড ক ত র ন ত র ব র ত র ব ব র ন র দ ধ endseq
155647,startseq আপন র ন য য ন য ন য ন য ন য ন য ন য ন র র ন য ন য গ কর ন endseq
155648,startseq ন জ র র র র র গ ত র ন ন র ত র র ত র র ক ত র র র র র র ত র
155649,startseq ক ন ত ক ক ক র র র র র র র র র র র র র র র র র র র র কর endseq
155650,startseq আপন ক সপ ত হ এক সপ ত হ এক ব ব ত প র ন endseq
155651,startseq গ হ নম বর গ হ ত নট হল ত লম ব লম ব ম ট র চওড চওড endseq
155652,startseq এই সমস য প র র ব ধ ও ন র ম ল ক র ম ত র র ত র কম হয় য য় ৷ endseq
155653,startseq ক ন ও র র র র র র র র র র র র ন য ন ন endseq
155654,startseq ক জ আজ আজ endseq
155655,startseq ত র র র র র র র পর ত র কর endseq
155656,startseq এখ ন পর ন র পর ষ ব র ন ন র ব শ ন ন ৷ endseq
155657,startseq ন ন ক ন ত র ল ন ন ম র ন গ ল ন ন ম ম ন পর চ ত ছ ল ন endseq
155658,startseq ত র র দ র র ত র ত র ত র ত র ত ন ত র ম ত র র ন ত ত র endseq
155659,startseq এই র ধ র ধ র কর ন endseq
155660,startseq অন ক র ম ব য ঙ ক অ য ক উন ট ক য ন য ক ক র গ ছ র গ ছ র গ ছ হয়
155661,startseq যদ ও একট ব র র র থ ক ব শ দ র র ব শ ব র র ব ধ র ধ র endseq
155662,startseq ব র ব গ ন য গ র মত ব য ন য ন য র র র র য য ন endseq
155663,startseq স ন ন ন ন ন ন ন ন ন ন ন ন ন ন ছ ল ন স স দ ব র স দ র র স দ
155664,startseq অন ক র র ম ল শ র কর র ফল ম ত র র ল র য় ম ট ম ল ভ ব হয় ৷ endseq
155665,startseq একট গ ন র স জ ঞ ক endseq
155666,startseq ঢ ক র সময সময সময endseq
155667,startseq ম খ র অন য র খ ওয় র সময় প র র সময় অন য দ ওয় র সময় পর ও প রত দ ন endseq
155668,startseq এখ ন র জ র র র র র র র র র র র র র র র র র র গ র ত শ র কর ৷
155669,startseq দ ল ল দ র দ র দ র দ র দ রত ব হল দ ম ম ট র ম ন ট র endseq
155670,startseq গ ন গ গ গ ত র প র শ র ব গ ত র ব গ ত র ব শ বব দ য ছ ল ন endseq
155671,startseq ম নস ক র র র র র র র র একট স ত র স ব ম এব স ক ম ম র র ব ভ গ ব
155672,startseq ব চ চ র র খ ব র প র ক ত খ র প র র প প র endseq
155673,startseq ২০১৪ স ল ল ল ল র প ল এব ২০১৬ স ল র র প রথম ক র র র র র ম ম ল ত হয endseq
155674,startseq ঠ ন ড র ওপর র গ ল ক র ফল ও জ র গ ন য় ন য় ন ন ৷ endseq
155675,startseq র গ র র র র ক ষ ক র র র র র র র র র র র র র প ট য় endseq
155676,startseq ভ রত ব শ ব র ব হত তম ব হত তম ব হত তম এব ব হত তম এব endseq
155677,startseq ভ রত র থ ক ব ড় ও ভ ল হয় ছ ল আপন র র য য র কর র জন য endseq
155678,startseq এই অবস থ য় ব শ ব শ ল র র ব শ ল র র র র র র জন য ব endseq
155679,startseq ইভ ন টগ ল ম ছ ফ ল ন endseq
155680,startseq এই ভ ব ই আপন র র র র র র আপন র আপন র আপন র র র র র প রয় জন endseq
155681,startseq ব জ গ গ র গ ন গ ন গ র গ ন গ র গ র ত গ ল ত র কর endseq
155682,startseq ক রল র র র ক ছ ক ন র ক র ক র ব র র র র র র র র র ন ন ন ন র
155683,startseq এই অঞ চল র জস থ ন র জস থ ন র পর যটন ব র যটন যটন যটন যটন যটন ৷ endseq
155684,startseq বর তম ন সময স থ ন য সময স থ ন সময সময জ ন খ জ ন ন endseq
155685,startseq স দ র র স থ স স থ র স র র র ব শ ষ ক র র র র র প রভ ব ত হয় ৷
155686,startseq ক ন শ র র ক ক ক ক ক ক ক ক ক ক ক র র র র র প র endseq
155687,startseq প র ন র ক ন ন র র ন ন র ব র ন ন র ব র ন র র ন ন র র ন endseq
155688,startseq অঞ চল অঞ চল র অঞ চল অবস থ ত endseq
155689,startseq ক র শ শ ক ক ক র ক ক ক ক ক র কর র কর ৷ endseq
155690,startseq এই ব য র র য প রত য ক ত য য য য ন য ন য ন য ন য ন endseq
155691,startseq ক ন র র ন ন জ র ন র র র র র র র র র র র র র জন য ব শ ছ ল endseq
155692,startseq এই ল গ র র র খ ব খ ব র খ ওয় য য় ৷ endseq
155693,startseq ক ছ পর পর ক র র র র গ র ক ষ ণ ভ গ র ক ষ ক র ন ন ন ন ছ ল endseq
155695,startseq ব ড ত র র র র র র র র র দ ব র র র দ য র র য দ শ র র য ছ ল
155696,startseq উত তরপ রদ শ র প র র ষ ট র য র র র র র র র র র র ক র ত র য় দ য়
155697,startseq ত ই ত নট ত ন ত নট ত ন ত ত ত ব শ বছর রও ব শ ষ ট ছ endseq
155698,startseq ভ রত র কর ণ ভ রত র ক ছ ভ রত র মধ য ক ছ একট স ন দর য ছ endseq
155699,startseq ক ন র র র র ক ষ র ক ষ ত র ক ষ ত র র শ ষ ক র র শ ষ কর কর ন endseq
155701,startseq ব শ ব জ জ র গ র ম ন ন ন ন ন ন ম ন ন ম র র এক স র য র র ন র
155702,startseq মন কর হয য য গ র শ শ কর ন এব শ শ র ক ক ক ব শ র র ক ব শ ন ন endseq
155703,startseq ব জয ন দ ব দ র র দ ব র র দ ব র র র র র র জধ ন র ল র ম ন ন ম
155705,startseq এই য য ত য এট য য এট প য য র র র র র র র র র র র র র র ন কর ছ
155706,startseq স ব ত ব দ ধ র পর ব ব দ ধ র পর ব র দ র র র র র করত শ র কর endseq
155707,startseq স ক রণ হল ক রণ র র র র র র র দ র র য য র দ র দ র দ খ দ য র endseq
155708,startseq আম ক এখনই ন ত একট উব র ব ক কর ন endseq
155709,startseq অন ক ব যবস থ ক র ল ন র জ য়গ য় ল ন র র ন র দ র দ র দ ওয় র ছ ল ন
155710,startseq র ত র গ ন ক ন ন ক ন ন ন গ ন শ ন ত ছ ল ন endseq
155711,startseq ভ রত র ব ভ ন ন র প রধ ন শহরগ ল র মধ য গ ল র হয endseq
155712,startseq ত র ত ত ত র র ত র অভ ন ত র অভ ন ত র প র র র র র র প র প ত কর
155713,startseq ধন র র খ ব র ব খ ব র ছ ৷ endseq
155714,startseq ব স র র র র র ব শ র ব ভ ন ন ক ন ক র দ র র মন দ র অবস থ ত endseq
155715,startseq স ম র ষ ট র আবহ ওয় ক মন হব endseq
155716,startseq র গ প র ন র র র র র র র ল র র র র ক র র ক র কর ন endseq
155717,startseq স ন ন ন ন ও এখ ন আস ন থ ক ন ন ন ন ন ল এখ ন থ ক ন ন দ খ ন ৷ endseq
155718,startseq র গ র র র র র র র র র র র র র র র র র র ন দ ওয় উচ ত ৷ endseq
155719,startseq স ষ র র ষ হল শত শ শত শ ৷ endseq
155720,startseq পঞ চম র র র র র র র র র র র র র র র র ব র ব শ ব খ য ত ৷ endseq
155721,startseq ক ন ত ই ল ক র র ন ম র ন ম র ন ম র ন ম ও ক ন ম ও ক র ন ন হয়
155722,startseq ম ম ব শ ল শ র র ম ম এব শ ল গ র গ র গ র গ গ ছ ন endseq
155724,startseq এট ক ক ক র প রভ ব কম কর ৷ endseq
155725,startseq হ য য স ন ন য ন ল ন ল ল ক য় ফ ল র ব ত ব র ত র ত র ত হয় য য়
155726,startseq ভ রত র রত য গ ধ র ভ ষ কর এব এব ন র ভ ষ কর এব শ র র র র র র বল হয় ছ
155727,startseq ক ছ দ ন এব শ র দ ক বল র ক র র র র র র র র র র র প র endseq
155728,startseq আম র আসন ন ঘটন দ খ ন endseq
155729,startseq জ ন র র র র র পর শ র র র র র র র র র র র র র ন ছ ল endseq
155730,startseq যদ ও শ শ র বল ন শ র র বল হয় ছ ল ক ক ক ক ক ক ক ক ক ক ক ক র endseq
155731,startseq প ন এব ন ল গ ন এব ন গ র ন ন গ ও প য ছ endseq
155732,startseq ক ন দ ন র র গ র র ন র র র র র ন ন ন ছ ল endseq
155733,startseq স ল ত র প রত য ত ত র র য ত র র ন ত র ন চ ন ন র র চ ন ন ছ ল
155734,startseq অন ক ক র প র চ ন র র র ন র র জধ ন র র জধ ন শহর র জধ ন ছ ল endseq
155735,startseq মঙ গলব র র জন য আম র ব র র জন য ল র ম জ ন ন endseq
155736,startseq শ শ চ চ র র ক ন ন ত র ক ন ত ত ত চ র র ক ষ ক র ক ৷ endseq
155737,startseq এট ন ক র র র র ছ ল ন এব ক র র র র র র র ন র ন র ন ন endseq
155738,startseq প র ন র গ ল ক ন গ ল ন ন ন ন ন ন ন ন ন ন ন ন ন endseq
155739,startseq স ন ত র র র মত ব স ন ত র র ব র ন র র র র র র র র ন endseq
155740,startseq স র ন র র ন ন র র ন ন ন প র ন ন ন জ ন ন র প ন ন endseq
155741,startseq স স র স ন ক ক র র র ই এট ই স ন হয় ৷ endseq
155742,startseq এট সমস ত র র র র র র র র র র র র র র র র রয় জন য়ত endseq
155743,startseq আপন খ ল জ জ র য় ম ল য় ন ন ন ৷ endseq
155744,startseq প ট ব মন মন মন মন য গ ল য র প র চ ন মন দ র র মন দ র endseq
155745,startseq ক ষ র সরক র র র র র মধ য endseq
155746,startseq ক ন ড ন ট স ক ন ন স ব যবহ র কর র জন য ক ন ক ক ন ক ক ক র র র জন
155747,startseq প র য র অভয় রণ য হল প র য র র র র র র র র অবস থ ত রয ছ ৷ endseq
155748,startseq এমন অবস থ য় ব শ ব স ব ব ব ব র ব শ ব স স ক য ক ন endseq
155749,startseq আম ক ব ক ল সম পর ক একট ক ত ক বল ন endseq
155750,startseq ম র র র জ র র র র র র র র র র র র র র র চ ন ত endseq
155751,startseq বল হয য য ত র এব ত র ন ত র ন ত র ন ত র ন র জন য ব শ বব দ য ত endseq
155752,startseq ন ন র র র ন ন ন ল ল ন ন ন ন ন ল ল ন ন ন ন ন ন ন endseq
155753,startseq অল আম ক আম ক ক ন ইম ইল প ঠ য ছ ন endseq
155754,startseq ক ষ ত ক ষ ক র র ক র ক ক ক ক রণ স ধ রণ endseq
155755,startseq ফ ন নম বর র ন নম বর র ন নম ক endseq
155756,startseq ব শ ব ব শ ব ব শ ব স ন ব দ ধ র উত প দন হয় ৷ endseq
155757,startseq ব ত ত ত দ ই দ ই দ র ত ত র দ র ত ত র র র র ত র র র মধ য endseq
155758,startseq প রহসন র র র র র খ ব য ক ত খ ল ক ক ক ষ কর হয় য য় endseq
155759,startseq আম র ব শ ষ দ শ র ব জ সময কত সময ক endseq
155760,startseq ক ছ র ক ছ ত র র র স থ স থ র র স থ স থ র প ওয় য য় ৷ endseq
155761,startseq এই সময় ক গ র ক ক ক ক ক ক ক র র র র র র র র র র র র প র হত প র
155762,startseq ১৬৮৭ স ল র র র র র র র র র ম র র দ র র র র দ র দ ক দ য endseq
155763,startseq ক ছ ন র র র র র ন য য ন য ন য ন য ন র ন য ত র ন ন endseq
155764,startseq চ ম র য র র র য র র য র র য র র র র র র র র র র র র য র য
155765,startseq এই র র আল সব জ সব জ প র endseq
155766,startseq আর অল আম ক জনপ র য জনপ র য র গ নট ব জ ন endseq
155767,startseq কখনও কখনও একট ক র ক ক ক র ক ক ক প র ক ক হত প র র বল ডগল বল বল হয় endseq
155768,startseq র জ য র র ক ত র ক ত র ক ষ ত র ক ষ ত র ক ক র র ক ত র রয ছ endseq
155769,startseq ম য ন র দ ম ম র ত র ন ম র ন ম র ন ন ম র র ন র র র র endseq
155770,startseq স থ র স থ স থ ন র পর ব শ ন য য য য ন ৷ endseq
155771,startseq য র গ হ গ হ গ হ গ হ র গ হ র আছ য র ঐত হ যব হ যব হ র র ম আছ endseq
155772,startseq অন ক ন গ ল ন ন ন ত র গ ছ ল ন ন ন endseq
155773,startseq ভ য ম র সবচ য় ভ রত র স ধ রণ র ষ র র ক ত ক ত endseq
155774,startseq রক তচ প র র র ফল শর র র ফল শর র র র ক রণ হয় ত র ম শ র হয় endseq
155775,startseq ত ন স ন র র ছ দ দ ক ছ দ দ দ র দ খ র ছ ন endseq
155776,startseq google আপন আম র ক বর তম ন ত ল ক ম ছ দ ন endseq
155777,startseq ক ন র র র র র র র প রক র ত র র র র ম র ত র র ক র ন ন endseq
155779,startseq ব কম কম কম কম কম কম কম কম কম কম কম কম কম কম কম কম কম কম কম কম endseq
155780,startseq আম এখন আজ ছ ল শ নত চ ই endseq
155782,startseq অল আম র ক স নস ক স নস ক দরক র endseq
155783,startseq আম র জন য এখন য গ ন শ র কর ন endseq
155784,startseq প র র র প রথম স র র র র র র র র র র র র র র র র র র endseq
155785,startseq স ব ক র গ র জন য গ য গ র জন য গ য গ য গ য গ কর ন endseq
155786,startseq ছ ট ছ ট দ ট ছ ট endseq
155787,startseq প র র র র র র র র র র র র র একট স ত র একট প রধ ন পর যটন স থল endseq
155788,startseq হ য র প য ল র র য র র র র র র র র র র র র র লক ষণ দ খ য য় endseq
155789,startseq ক ম ল ক র ক ষ প রধ ন গ ল গ ন গ ন ন ন ন ন ন ন গ ন endseq
155790,startseq অন য ন য দ দ র ন ত র ন ন ত র র র র র ক র ক ত থ ক endseq
155791,startseq আজক গ গল র ভ ল য ল য ম endseq
155793,startseq এত ব স ব ক র র ত র র ব শ র ত র র ত র র ব র র ত র র ব র ত ত
155794,startseq প র য র মধ য প র মধ য ক ম ল ল ম ম ম ট ক endseq
155795,startseq শ র প র চ ন প র স র স গ ন র ভ ষ ম র ষ কর র জন ষ কর কর endseq
155796,startseq স তর র গ র চ ক ত র র গ র র ও ব শ ভ ল ও কম য য় ৷ endseq
155797,startseq এগ ল রঙ র রঙ র রঙ র রঙ র রঙ র রঙ র রঙ র রঙ র ব দ ব দ হয় endseq
155798,startseq স র স থ স স থ স থ স র স থ স থ স পর ষ ব ব স ট য য প ওয য য ৷
155799,startseq স স ল ব ব ব ব দ ব দ হয ছ ল endseq
155800,startseq এট ব চ চ র র ব ব র র র ব সরক র র ব দ ব র ন র ম র ব চ ত কর ছ ল
155801,startseq প ষ ট ক ষ ক ষ ক ষ র প রয় গ কর হয় ছ ল প র ষ ট ক ষ ত র র ক র র
155802,startseq ক র র র র র প রক র য় র র র র র ন ন ন ত র র ন ন ন ন endseq
155804,startseq বসন ত র ল র সময় ল খ ল হয় endseq
155805,startseq হ য ত ম য গ র জন মদ ন র জন মদ ন র প র র জন মদ ন র প র ট য গ কর ন
155806,startseq আল গ ল ল স ন ল ল কর ন য আম আম র ক ন endseq
155810,startseq ম ল র ব য থ হয় য হয় য হয় য য় ত র হয় য য় endseq
155811,startseq ক ন এব এব ক ক ক ক দ র দ ই গ র দ দ ই গ ছ ট শ ন দর গ র অন য গ য
155812,startseq এই অঞ চল র ম র ম র ম ত র র র র র র এব প র র র ত ত র প রজ ত র endseq
155813,startseq চ রট ক গ ছ গ ছ ন ত র ত র ত র র র ন ত এখ ন আস ন endseq
155814,startseq ক র ক র পর ক ক ত ক ক ম ত ক ক ক ম ট র ক ক ম ট র থ ক ব ক র থ
155815,startseq হ ন দ র র র র র র র র র কর র জন য স ধ রণ ভ ষ ট কর endseq
155816,startseq আসল এই স থ র স থ য র স স থ য য ত র র করত প র endseq
155817,startseq ত র ভ রত য গ র র র র র র র র র র র র র র র র র র র ছ ল ন endseq
155818,startseq সপ ত হ র ক ন দ ন র র চ র চ র endseq
155819,startseq এট র জধ ন র ল র দক ষ ণ ক ল ত endseq
155820,startseq ব শ দ শ ব দ র ন র ক ছ ন র র র র র র জন য ব খ ন র endseq
155821,startseq শর র র র আয়রন র আয়রন র আয়রন র আয়রন র আয়রন র র র র ভর কর ৷ endseq
155822,startseq চলচ চ ত রট ২০১৪ স ল র ম ন ম র ম ক ম র য গ প রত ষ ঠ ত হয ছ ল endseq
155823,startseq ত ম র র র র র র ক র র র র র র র র র র র র র র র র ত ত কর endseq
155824,startseq এই স র র র ম র যম ন র ম র যম ন র র ন র র র র র র কর ন কর ছ ছ ল
155825,startseq প রত ট প রত ট গ র কর ছ ন ন গ ল কর ছ ন এব ত র ক র র র র কর ছ ল endseq
155826,startseq পর যটকদ র জন য ল ড র জন য ল ল র র জন য এই ল ল র র র র ব ন ন ৷ endseq
155827,startseq ব র র র ব ম ন দ য় ম ল য় গ ল র গ র ত র য় দ য় ৷ endseq
155829,startseq এখ ন দক ষ ণ ভ রত র অঞ চল য য ন ন গ র ত র র ণ র ক ষ ত র র ত endseq
155830,startseq ক য র র য য ল ক র ট ক ট ক ট ক ক ট ক ট ক ট ক ট ক ট ক ট ক ট
155831,startseq স খ ন র র র ন র ও ন র ও ন র র র র ল ল ন ন endseq
155832,startseq প য ল র ক ক ক ক ক ক র ল র র ক র র র র র দ খ য য endseq
155833,startseq ক র র র র র র র র ক ষ ত র ন ন য ন ন ম ন ন য ন ন ম ক ক ন ক
155834,startseq এই জন য আপন র র ন ন ত ত র ন ত হল আপন র গ র র র র র ত ন উচ ত endseq
155835,startseq যদ ও গ র ক ন ন ন ন ন ন ন ন র ন র ন র র র র র র ব যক ত র endseq
155836,startseq কফ ত ত কর endseq
155837,startseq ক ন ম ন ক র ম র ক ত ক ন র ক ছ ক ন ত র ত বক র ক থ ক ক র ক ত
155838,startseq ওষ ধ প ওয় য ত ত endseq
155839,startseq স র র র ম ল শ কর ন এব ম ল শ কর র ল ন র ম ল শ র র জন য endseq
155840,startseq ধ মপ ন কর ন ন ন ন ন য় এব প র র র দ র ত দ র দ য় দ ওয় উচ ত endseq
155841,startseq ত ষ ত ত ত ত য র ত ত ত য র ত ত ত র র র র র র র র র র ত কর ছ
155843,startseq আম আম প প য এ আম র র ড র র য আম র র ড র আম র র য আম র মত এট আম দ র
155844,startseq ন ন ভ রত র ন ন ন ন ন ন ন ন ন ন ন প ল ন র ন র শ র হচ ছ ৷ endseq
155845,startseq ক ত র র ক ত ক ন ন ন ব শ ন ন ন ত ব শ ন ন ত ব শ ন ত র র ন endseq
155846,startseq চলচ চ ত রট হ ন দ ব র ন ম হ স ব ম ন ম ক ম ক ত কর ছ endseq
155847,startseq স র র স র ড র ড র কর ন endseq
155848,startseq ন ক ক ও ন য ন য ন য স ব ভ ষ ট স ধ রণ স ধ রণ স খ য endseq
155849,startseq প রথম প রধ ন প প রথম ব প র প রথম ব প রথম ব র ব র প রথম ব ব ত প রথম endseq
155850,startseq এই ম স র ত ত র ত ত ত র খ endseq
155851,startseq সম প রত স ম ম ম ম ড য ক ক প য ক স কর ন endseq
155852,startseq মধ ম হ ম ক ত ক ক ক ক ক ত ক ত স ক ন হয় য য় ম ন ক ন ন ন ন হয় endseq
155853,startseq প র জ ল র র র র র র র র র র র র র র র র র র ম ন ন র ত কর হয
155854,startseq বর তম ন ক ন ন ন ন ন ত র র র র জন য ব যবহ র কর র জন য ব যবহ র কর র জন
155855,startseq ব শ ব র গ ছ ল ন য় গ ল র ন য় র র ল র য় ব শ ল ত র endseq
155856,startseq ক ন ন গ ন র ন ন ন ন ন র ন র ক র র ক র র ন ম ন ন endseq
155857,startseq এই ক র গ র ম শ র গ র ম এব শ র র ম শ র র র শ র কর র জন য কর কর ত
155858,startseq ভ ট ম ন র র র র র ক র র ক র ক ক র র র র ক র হয় endseq
155859,startseq স ত র দ র endseq
155860,startseq ব ন র র র র প রত র প রত ব প র চ ন ত ব ম ম ন ম চ চ ন গ ল গ ন
155861,startseq স ন র র র র র ও ব যবহ র কর র ও ব যবহ র কর র প রভ ব ত র প রভ ব পড endseq
155863,startseq ন ন র র র র স ক র এব এব ক য ন থ ক এব ক য য ব র য ত য ত য ত endseq
155864,startseq গ র ম র র র ত ত হল ব র র ত হল ত র ফ র ড ও পর ক ল কর ন endseq
155865,startseq র র র র র র র র র র র র র র র র র র র র র ন ম পর চ ত ছ ল ন
155866,startseq অ য ক র ক য নস র অ য ক র র র র গ র গ ৷ endseq
155868,startseq প র ষ ট র ক তর ষ ট র তর ষ ট র তর ষ ট র তর গত ত তর গত ত তর ত তর ত তর
155870,startseq ভ গ জলপ রপ ত র ভ রত র মধ য প রদ শ র জ য র জ য র জ ল র একট জলপ রপ ত endseq
155871,startseq ড ন ন র র র র র র র র র শ ষ র ব শ ষ ক র র র শ ষ ক র শ ষ ক
155872,startseq আম র ক ছ ক র র থ ক ক ন ইম ইল আছ endseq
155873,startseq ক ষ ক ষ ঠ ন পর বর তন র ক ষ ক র ক ষ র র ক র র দ র বল মন হয় ৷ endseq
155874,startseq এই প র র প প প প প প প প প র প এব ব দ ধ এব ব প ষ ট প এব প প রধ
155875,startseq এল হ স হল উত তর র উত তর র র র র সদর দপ তর র সদর দপ তর র র র র র সদর দপ তর endseq
155876,startseq জ বর প জ বর ম ন র র জ ব র জন য দ ই ব ন ন ন র ম ন র ব র ম ত হয়
155877,startseq ক ক ক ক ষ ণ জলব য এট বছর র দ র র র দ র দ ষ ট কর endseq
155878,startseq ক ল ক ল খ ল আছ endseq
155880,startseq স স ন ন গ ন ও দ গ ও দ গ গ ব ভক ত কর হয ছ endseq
155881,startseq য র র র র র র য য য য য য য ত ত আমর ব ল দ র র ত র ত দ খছ ন endseq
155882,startseq ব ন ব ভ রত র র র র র র র র র র র র র ল র ম শ ষ কর ছ ল ন endseq
155883,startseq স ম প রত ক ইম ইল চ ল ন endseq
155884,startseq চত র দশ হল দ র র ১৪তম দ ১৪তম দ ১৪তম ১৪তম দ ন endseq
155885,startseq নদ র একট স থ ন থ ন থ ন থ ক একট ম থ ন থ ক ম র থ ক একট থ ন থ ক endseq
155886,startseq এই পর বর ত ত ত র পর বর তন ত ক ষ ত র পর বর তন ক র র র র র র র প রয় জন
155887,startseq য র শর র স থ স থ য য় ম র র র র র র র র র ন ন endseq
155888,startseq এট প র ণ র য য থ ক য ব শ রভ ব ত বয়স ক ছ ল ৷ endseq
155889,startseq ন ন গ য় ক ন গ র ও স ন দ ব র স ক ত কর ন য ন endseq
155890,startseq ম ম ন য র স স স স স স র স এব স স র স র স র জস থ ন র জন য কর হয
155891,startseq গ র ন ন ন ক ন ন ন ক ন ক ন য ন ন ক ন ক ন য ন য ত প র endseq
155892,startseq আম চ ই কফ চ ই endseq
155893,startseq এই ব ই ত র ক ছ স ক ত র ত র ক ত র র র র শ র পর শ ত ত ক ষ কর ছ
155895,startseq ব র র র র পর বর তন র জন য অন য ক ছ গ ছ র ক ক র ক ক র ক ক ক ক র
155896,startseq চ য ন র সর বশ ষ খবর ক endseq
155897,startseq ক র ভ ট ট র ন র ক ছ ক ন র ক র র র ন র ক র র র র ন ন ন ন endseq
155898,startseq র ষ র র য সরক র র র য র র য র র র য র র র র র র র ত র কর র endseq
155899,startseq এত রকম র গ ছ র ক ষ ত র ক ন র য য র প রয় জন য়ত প রয় জন য়ত প র endseq
155900,startseq ব ল র র ত র প ত র প ত র ত র ব শ র র র শ র র ত র ত হয় endseq
155901,startseq এখ ন ন গ র গ গ ছ ন ন ন ন ন ন ন ন ন ন ন ন ন ন ন ন কর হয ৷ endseq
155902,startseq দ খ য ত স খ য ত স ম ব স য স স ক ম ম ব স জ ন স স য দ খ য য
155903,startseq এই ব ধ র ত ব ক ব শ এব ব ক ত ব ড় ও এট ক র র র র প ল ন য় endseq
155904,startseq অন ক সময় ম ন ষ ক র ক ক ক ক ম হ ট ক র স ক র স স ক ত endseq
155905,startseq এই শহর র দ র র র ব শ র স থ ন র স ত র স থ ন endseq
155906,startseq ভ গ কর র য য ও প র র ন এব ও ন র র র র র ব ব হব endseq
155907,startseq প র র ফসল র ক উত প দন র সময় ক র র র র র র র র র ফল হয় থ ক endseq
155908,startseq প বল উড র ম র ম র ম র ম র ম র ম র ম স ট র চ র ট কর ছ ল ন endseq
155909,startseq প রত য ক ক ক র র র ক য র য র ক য র য র ক র র র র র ক ত র র
155910,startseq স ট ট আল আল ট ভ ব দ ও endseq
155911,startseq আগ ম র র র ত র ত র র র র র র র র র প রত ট ম ট র প রথম প রথম প রথম
155912,startseq প র য endseq
155913,startseq ম জ র ম র র র স স ক র র স স ক র র স স ক র র স স ক ত কর ছ ল
155914,startseq ভ রত য় ব ল র মধ য ব ধ র মধ য ব ব ধ র ব য থ ব র ব র র র র র র
155915,startseq ফ সব ক থ ক সর বশ ষ খবর খ ল endseq
155916,startseq জল র ক ত র জল র থ ক একট গ র ত থ ক একট ম র থ endseq
155917,startseq ম র র র র র র ব র র র র র র ক র ক র ক র কর endseq
155918,startseq স ধ রণত ব স থ ক ব ন ন য ওয র পর যন ত ব য থ ক পর যটকদ র ক ছ ট ক ন র
155919,startseq এখ ন র গ র জ বন র স ন দর য র র ন র ৷ endseq
155920,startseq এর ভ ষ প প রথম ত ত দ র র ত দ র র র দ খ য য় endseq
155921,startseq এর চ ক ত হল এর ক রণ ৷ endseq
155922,startseq প র থম ক স ক ত র র ক রণ র গ র ফল র গ হয় য য় endseq
155923,startseq এই খ দ য র খ দ য র ত র র দ ধ ম ত র ত র র ত র র ত র খ খ ত হয়
155924,startseq প রত য ক ক ট ক গ র প শ র গ র প রত য গ কর য ত প র ৷ endseq
155925,startseq আপন ক ক ন ত র ক ন ত ক ন ত স ক ন আছ endseq
155926,startseq ক ষ র র র র ত র ত এব ব দ য় এব ত র ম ঝ ম ঝ ম ঝ ম য য endseq
155927,startseq প নদ ন ম প ন স স ন ম প ওয য য endseq
155928,startseq ব শ ব গ ন ত র ত র ব শ ষ ট আর ব স আর ব র জন য ব খ য ত endseq
155929,startseq জ ন ন র গ ল প র ন ত ন জ ন প র ন ত ন ত ম ন ত ন প র ন endseq
155930,startseq পর ত ন ন ত র ন য ন ড য ন ড র স ক র য গ ড র স গ য গ কর ছ ল ন
155931,startseq পঞ চদশ শত ব দ র র র ত র এই প র ক ত ক স ন দর য ক স ন দর য পর চ ত endseq
155932,startseq ন ন ল য য য য ড ড ল খ ল য এব এব খ ল য র জন য ব স হ য য হব endseq
155933,startseq ক ন ন শহর সবথ ক ব শ ব শ র র র য ন endseq
155934,startseq আপন র ব র ব র ত ব ত বন ধ কর ন endseq
155935,startseq এর পর ল ল ল ল ল ল ত ল ল ল ত ল ল ল ত ল শ য় আর ম ল শ য় ম শ য় কর
155936,startseq স ন ক ট ক ক ন দ ক ন দ রগ ল ক দ র ব দ ধ র ত ত ন ন endseq
155937,startseq ন গ ল প র ব ন দ ব র প রধ ন খ ল য খ ন স থ ন য য য য ন endseq
155938,startseq ফসল র গ ল র ব যবহ র ব যবহ র কর র গ ল ব র ব শ পর বর তন করত প র endseq
155939,startseq অন ক প হ ড প প র ত র একট গ র ত বপ র ণ স ম স ত endseq
155941,startseq ব শ ব ব শ ব র র র র ব শ ষ ট র য অন ক ব শ ল র র য endseq
155942,startseq স ন শ র ম ন ম য গ র ন ন ন ন ন ন ন ন ন ন ন ন ন য ন ন ন ৷ endseq
155943,startseq প র র র র র র র র র র ম র র র র র ব শ ল আর ব শ ক ল ৷ endseq
155944,startseq স ব য ব য য য ব স ই আপন র ভ ল র প র ব ভ ল endseq
155945,startseq এই ব জ ব এই প রজ ত র ব ল য় ব শ ল প ত র র ক ত ব ক র কর হয় ছ endseq
155946,startseq এখ ন প র ন ন ন ন মন দ র আছ য র ন র র র র র প র উৎসর গ কর হয endseq
155948,startseq ভগব ন র ভগব ন ভগব ন ভগব ন র ভগব ন র ভগব ন র র র র ন র র ন র র র প র ত
155949,startseq ম খ ন ন র ন ন ন ন ন ন ন ন ন ন ন ন ন ন ন একট ম শ ন ন ন ন ন ন
155950,startseq ব ইর ক মন মন endseq
155951,startseq যদ ও ন ন ন ন গ ল ন ন ন ন ন য ন র র র র র র র র র গ কর ন endseq
155952,startseq দ ন র র আল ন ভ য় দ ও endseq
155953,startseq একট স ক ত র র র প রত য ল য ল য ড য ল য ড য র র সবচ য ক র কর ছ endseq
155955,startseq ভ রত র র জ য র র য উদ য ন র গ র ত বপ র ণ শহর র শহর র ন শহর র গ ন ৷
155956,startseq অন ক সময় ন ন র র ন ন ন ন ন ন ন ন ন ন র র ন ন ন ন ন ন ন endseq
155957,startseq ত ত দ ন দ ন প য় র ব য় প ল র এক ব র দ ন endseq
155958,startseq ত র শ ষ ক র ত ন ম ছ ল ন ন ছ ল ন ন ন ন ন ন ন র শ র কর ন endseq
155959,startseq ন ন র সময র সময র সময র স র প র প র প র প র প র ম ক ত কর endseq
155960,startseq ন ন ম র ক ন ম র ন ম র ন ন ন ন ন ন র গ ন ন ন ন গ ছ endseq
155961,startseq যদ ও শর র র র ত র র ত র র ত র র ব শ র ত র র ব র ওপর ত র ওপর পড ত
155962,startseq আম ক স র স র র র য গ কর ন endseq
155963,startseq ইম ইল ব জ ঞপ ত গ ল ন endseq
155964,startseq মঙ গলব র র ন র র র র র র র র র র র র র র র র র র র র র স ট কর
155965,startseq এই ছব ত ন চ ত র মত ন ন endseq
155966,startseq ব র র র র র গ ন ন ন ন ন ন ন ন ন দ ব র ন ন দ র ন ন ন endseq
155967,startseq অন গ রহ কর ম র গ ন ব জ ন endseq
155968,startseq এরপর আপন র ম র ত র র য ত ত র ত দ র ফ ল য ত দ র দ দ র দ ত কর দ ন
155969,startseq রঙ র পর বর তন কর ন endseq
155970,startseq ক র ক ন ক ক র ক ন র র গ র ক জ র ক জ কর উচ ত endseq
155971,startseq ব জ ব ন র আপন র ন ন ন ন ন ন ন ন ন ন ন ন ন ক ন ক ন ন ন ন endseq
155972,startseq শর র র র র শর র চ ল র খ ওয় র চ চ খ দ খ র চ ল ন ৷ endseq
155973,startseq চ ক ত সপ ত হ সপ ত হ সপ ত হ এক সপ ত হ এক সপ ত হ র দ র ব শ endseq
155974,startseq র গ র গ ন ন য য় ম ন ন য য় ম ন ন স ব য য় ব শ ব স ন স ব য য়
155975,startseq স ন ম র ব র প র র র র র র র র র র র য র র র য অবস থ ত য ত র
155976,startseq ক ক বল হয় য ত র র র র র র খ দ ন য র খ দ য ন ন endseq
155977,startseq ব ল দ শ ব র দ ব র দ র ততম র ততম ক endseq
155978,startseq আকবর ত র দ ব শ এব ক ন ন এব ত ন ন ন ত ন ও ন ন ন ন ন ন ল ন endseq
155979,startseq স ক দ র স ক ত য স ক দ ক স ব স প র য স ব র স ব র য় দ ন endseq
155980,startseq জ ন করল ম ন য় জ ব র জ ব ন জ ন ন জ ব জ ন ন জ জল র জ ন ন ন ন ন
155981,startseq ভ ম র র ভ র র র র র র র র ন ন ন ছ ল ন ন ন ন ন ন endseq
155982,startseq আম দ র র র র ম র ম র ম র ম র র র র স মন দ র ম endseq
155983,startseq ম র র র র র র র র র ক ষ ত র র ক ষ ত হব endseq
155984,startseq গর ভধ রণ র গর ভ বস থ র র ত র র ত র র ত র ৷ endseq
155985,startseq ক ন ন ন ন র র র কর ছ ন য ন ত র র ন ত র র র ত র র ন ত কর ত কর
155986,startseq ব ন ন ম র গ ন ন ন গ র ব ন ন গ র ত র গ র ত র র ক ত থ ক endseq
155987,startseq স স ক ছ ক ছ ছ ছ ছ ছ র প র ক ছ আছ ৷ endseq
155988,startseq আপন র দ ব র শ শ র হয় য য় ত হল ত র র ত হল ত র গ র ত হল ত র গ ন endseq
155989,startseq আম র স থ checkers খ ল ন endseq
155990,startseq আপন ক প প র র ক ক প র র র ক ক চ ই আপন র প র র র র র র র র র প
155991,startseq শব শব দ র শব দ ক endseq
155992,startseq ন ন র র র র র ব শ র সব র র র র র র র র র র ন ন ন ৷ endseq
155993,startseq দ দ ন দ ন ই প ট র ঘন ট ঘন ট র ন ন ন endseq
155994,startseq ক ন ত র র র র র ম র র ম র ন ম র র র র ত র র ল ন ত র ত ল ত
155995,startseq ত ল ক য দ ও endseq
155996,startseq ন গ র ক ক ষ ত র ব শ র র র ব শ ষ ট কর হয ছ endseq
155997,startseq এই শহর শহর র শহর সম পর ক আরও জ নত সম পর ক আরও জ নত পড় ন endseq
155998,startseq ভগব ন ভগব ন ব দ ধ ম ত র ম ত ত র ম র ত র র র র র দ খ গ য ছ endseq
155999,startseq গ ছ র গ ছ র প ত র য় ল গ ছ র প য় এব ত দ র প রত য গ করত প ন endseq
156000,startseq গ ন র গ ন র গ ন র গ ন র গ ন গ ন এব গ ন র অভ ষ ক র ন ন ন endseq
156001,startseq স ট মন কর য মন কর য মন র র র র র র র র র র র র র ন ন র দ ব র কর
156002,startseq সপ ত হ র সপ ত হ র ব র র স ত র য স ত ত ল ন endseq
156004,startseq প র র র প র র র র র র শত শত শ শত শ র শত শত শ র র র র র প endseq
156005,startseq র র ট র ছ ট ক ছ ক ক ছ ক ষণ র ন র র ন র খ ন endseq
156006,startseq খ ব র র র র কর ন ৷ endseq
156007,startseq এর আগ এই স ল র র ট র ট র ট ট ট ট ট ভ ভ ল শ র কর ছ ল endseq
156008,startseq ক ক ত স মন র শ চ ন আপন দ র চ খ ওয় উচ ত নয় endseq
156009,startseq ত র ব ক অন ক ধরণ র জলব য় আর ব ভ ব হয় য য় ৷ endseq
156010,startseq ভ রত স স স স র স ত র র ত র র র র র র র র স স স স কর ন endseq
156011,startseq জ র র র র ন ন র র র র ন র র র র ন র র ন র ন য য endseq
156013,startseq ত র স স রণত ম ম স ম ম ম স র ম স ম ম ম স ম এব ম ম ম র র র র র
156014,startseq এই র খব ন য আপন র খ ন র র র র ন ট ক ট ক ট ক ন ট ক ন ন endseq
156015,startseq আর আগ ম ক ল র আবহ ওয র প র ব ভ স ক হব endseq
156016,startseq ত র র ন ন ন ন ন ন ন ন ন ন ন ন ন ন ন ন ন ন ন ন ন ন endseq
156017,startseq পর র ঘণ ট র জন য র র স ট কর ন endseq
156018,startseq ত রপর শ র র সময় শ র কর র সময় পর যন ত আস ন ৷ endseq
156019,startseq ওষ ধ র ওষ ধ ওষ ধ র জন য ওষ ধ কর দ ত প র ৷ endseq
156020,startseq আম ক ক রব র র ক আপন ক একট ক য ত ট ক আম ক ট ক ট ক ট ব ক করত প র ন endseq
156021,startseq এখ ন ক ল ক র ও ক র য য এখ ন থ ক ও এখ ন র ক ষ ক র এখ ন হয ছ ল ৷
156022,startseq প র র র ন ন ন র ন ন ন ন ন ল ক ন ন ন ন গ ছ ল ন endseq
156023,startseq প রত য ক ন ন ত র একট ন ত র একট ন ত র র র র র র র ন ন endseq
156024,startseq আগ ক ক র সঙ গ ত র সঙ গ ত র গ ত র ক ছ গ ত র সঙ গ ত র সঙ গ ত কর ছ
156025,startseq প র য র র র র র র প র র র র প র র র প হ ড য গ ত হয endseq
156026,startseq গ র ম র ক রণ হল গ র ম ধ রণ হল গ গ র গ গ র গ ন গ ন গ ন গ ন endseq
156027,startseq উত তর থ ক ক ম ক ম ক ম ক ম ম ট র গ র ম endseq
156028,startseq আম র ক ছ ক দরক র endseq
156029,startseq ক র র ন র র র র র র র র প র র র র র ক র ক ছ ল ন য় endseq
156030,startseq ব ব র ব ব দ র ব ব র র র র র র র র র র র র র কর র কর ন endseq
156031,startseq একট ভ ত র র র ত র র র ত র র র ত র র পর পর ত ত র র র পর শ ন endseq
156032,startseq আম ক ক ন জ ল য ক ক ক ক ক স ট ক প ত প র endseq
156033,startseq স র গ র কর র গ কর র পর ও ত র র র র র র র র র কর ন endseq
156034,startseq এই ক রণ স স ধ ক ক ক ক ক ক রক ত র ক য য় ৷ endseq
156035,startseq গর ভবত মহ ল র র র র থ ক ব শ শ র র ব ব ব র থ ক ব শ থ ক ব র থ ক
156036,startseq আম ক সময সময দ ন endseq
156037,startseq এর পর র র র র র র র র র র র র র র র র র র স স র স ব স ব স হ
156039,startseq জ ন ন ব শ ব ন ত র ব খ য ত র প রস ত ত র ন ন ম র র র ন ন endseq
156040,startseq চ ন ন র ন ন ন ন ন ন ন ন ন ন খ র খ ল য ন endseq
156041,startseq প র য় গ গ ছ ল ন য় গ ছ য় ন য় ন য় ন য় endseq
156042,startseq ক ষ র র ত র গ ছ র গ ছ র গ র র থ ক ন ন হয় ৷ endseq
156043,startseq স ন ট র র স র ন র ন র স থ ন ক ন স ব ক র স থ ন ত র র হ স ব
156045,startseq স ক ক থ ক ক ম ম থ ক ম ক ম ক র প য র র ক ম ক ত প য ছ endseq
156046,startseq লক ষণ শর র শর র র শর র র র র র র র র র র র র র কর endseq
156047,startseq ন ন দ ল ল র র ক ন ত র র র র র র র র র র র endseq
156048,startseq একট ক ত ক ক endseq
156049,startseq মন দ র র র প র জ র স মন দ র র স স স র ম র স স ম ত র উপর ন ত র
156050,startseq ম ম ত র প র য ত ত র কর র ত র এট ক ন গ ন ন ন ন ৷ endseq
156051,startseq গ র র র গ ল ক ন গ ল ক প ল ল ক ক ক ত ক ল ভ ল প ত প র endseq
156052,startseq আপন র ক ছ ব য য য য ক ছ ভ য ভ য ন ড র ত র ক ন ন ন endseq
156053,startseq স ত ন র শর র শর র শর র র শর র র র র র র র স থ ন কর ৷ endseq
156054,startseq র ড ও চ ল কর ন endseq
156055,startseq ক ন ও ন ন র র ন ন ন র র ন ন ন র র ন ন র র র ন ন জ ন ন ছ ন
156056,startseq সক ল স তট র জন য আম র অ য ল র ম স ট কর ন endseq
156057,startseq ক র র র র ক ছ ক ছ র র র র র র র অর ড র কর ন endseq
156058,startseq অ য ন ড ম ন ড অন ক খ ব ৷ endseq
156059,startseq র র র র স র ন র র প ন র দ খ ন হ ন দ র দ খ ন হ ন দ ওয হয endseq
156060,startseq ব র ঙ গ র র ব র ব র র র র র র র র জন য একট প রধ ন উৎস endseq
156061,startseq আম ক ক র সম পর ক একট ক ত ক বল ন endseq
156062,startseq ব ন র র র র ম র ব গ র ম ব ব র হ স ব ব র র র হ স ব প হ স ব
156063,startseq স স ল ত ম ম ত য য endseq
156064,startseq য খ ন ব ল য ত স গ ত র স ব দ ব র ব র ন র জন য ব খ য ত ব খ য
156065,startseq ঢ ল র বর তম ন ত পম ত র কত endseq
156066,startseq দ ব দ ব দ ব র ল ল ল ল ল ম দ ল ল ল ল ল ল ল ম স ক ত রয ছ endseq
156067,startseq স দ ব ত ত ক ক গ র র গ ন ত ক ক ক ত ত ন ন endseq
156068,startseq এর দ ব র ব ন দ খ ন ই ব শ ব দ র র ব শ ব র সবথ ক endseq
156069,startseq অন য র র র য য য য য য র ব যবহ র কর য ত প র endseq
156070,startseq ন ক ক র ন ন র র র র র র র ক ত ক র র ন endseq
156071,startseq চলচ চ ত রট ২০১৪ স ল ত ম ম ল ত ম ক ত ম ক ত ম ক ত র প র ম র প প য
156072,startseq এট আগ ম ল ত ত র ত র ত ত ম ল এব ত ম ল ত ম ম ল ত ম ল ত endseq
156073,startseq প ল গ ল ক ক ক ন গ ল ক ন গ ল ক ন গ ল র জনপ র য endseq
156074,startseq যদ আপন র গ র ক ন ন র ক ন র র ত থ ক ব র ত হল ত ট ক ট করত প র endseq
156075,startseq ব জ ন endseq
156076,startseq এই ক রণ ক রণ র পর ক ষ ত র র ক ছ ক র পর ক র র র ন য় endseq
156077,startseq প ল র র গ র র ণ র গ র হল সবথ ক সবচ য় সবচ য় প রধ ন endseq
156078,startseq ত র ন ন ন ন ন ন ন ন ন ন ন ন ন ন ন ন ন ন ন দ ল ল ন ন দ খ য
156079,startseq গ ন র র অড ওব ক প র র র র র কর ন endseq
156080,startseq য র য র পর ক র ত ত র পর ব র ব র ত ক ত ব র র ত র য় ব র য় endseq
156081,startseq গ র বত র মন দ র দ বত ভগব ন দ র র প থর র প থর র র র র ন আছ ৷ endseq
156082,startseq র র র ত র ত ত ত র ত ত র ত ত ত র ত র র র র র র র মধ য endseq
156083,startseq এই স ম জ ক স ক ম ক ক ক ক ব শ ব র endseq
156084,startseq স ক ন ন ন ন ন এব ত র র র র র র র র গ র ম ন গ র গ ল গ র endseq
156085,startseq alexa ক স ল স বর তম ন স টক ম দ ন endseq
156086,startseq আম র ফ ক অবস থ ত ক জ নত চ ই endseq
156087,startseq প গ র ক র গ ড ব য থ হয় য য় আর ম থ হয় য য় আর ম সপ থ র থ ক থ ক ৷
156088,startseq যদ একট একট ক র ক ক ল য হল ক এব গ র র র র গ ল প র ন ত র র র ত দ ত
156089,startseq আজ ক স টক ম ল য দ র ম ক endseq
156090,startseq ন ন র র র ক ত র ন ত র ক ন ত র র ক ন ত র র ব ব ব দ র endseq
156091,startseq ব শ ত স স থ স থ স থ স র স র স র স থ র ক ষ র ত র ত র র জন য
156092,startseq অন ক র র র র র র র র র র র র র র র র র ৷ endseq
156093,startseq ড ক র র র ক র ক ছ ক ন ও ক ছ ক ন ও স ন দর য র র র র র ন endseq
156094,startseq ম য য র র র র র র ন পড় পড় ন endseq
156095,startseq প র র র প র র র র র র র র র র র র র র র র র র র র র র র ছ
156096,startseq ক ন র র র র ম র ম র র র র র র র ক র ক ক ক ক ক ক ত ক ত endseq
156097,startseq র গ ক ছ র গ র ফল ৷ endseq
156098,startseq ম র ম র জন ম র ম র ম ম ন ম ম এব ম ম র ন র ন র র ন র ন endseq
156099,startseq অল আম ক প র খ র জন য আম ক একট ত ল ক য দ র জন য একট ত র কর ন ত কর ন endseq
156100,startseq খ ল ব শ ষ ব ক ষ কর ন এব ক ষ র জন য স র ষ ত র র র কর ন endseq
156101,startseq অন ক স র শ র প র র য র র প র শ র কর য য ন য ম ন ব ম ব চ চ ত
156102,startseq আম র ক ক ন নত ন ইম ইল আছ endseq
156103,startseq চ ন ন দ র ব য ন য ন য ন ন ন ন ন ন ন ন ন ন র দ ন র র র র র
156104,startseq স ভ স রক ষণ কর endseq
156105,startseq আপন ক ক র র ব ব ধ র ব ব ব ব ব ব র র ব ব র র র ব র র করত প র ন
156106,startseq ম ট র ট র র র র র র র র র র র র র র র র ব র র ব র কর র জন য
156107,startseq ক ছ ক ষ ক ন ক ষ এব ক এব ক এব ক এব এব ক এব ক এব এব ক গ র ত endseq
156108,startseq ব র র র জদ র সময র ল র র র র ষ ণ র ষ মক ল ক ন র স থ ন ছ ল endseq
156109,startseq মন দ র র র র র শ র উপর ভ র র ৷ endseq
156111,startseq ছব র প র র র র প র য র স স ট শন এব স স প র স প র ব র প প ত হয
156112,startseq দ র র র দ খ ন য ন ন ন য ন য ন য ন ন ন য ন য ন endseq
156113,startseq ক ন গ র র প র চ ন দ র এব এব এব গ র এব ব গ র এব ব এব ব ক র র র ছ
156114,startseq র গ র রক ত র র য় য য় ত রপর থ ক এব ত রপর র গ র র য় র গ র র য় য় endseq
156115,startseq র র র র র ক ন র স থ ন ক ন ক জ র ন ক ন জ ন ন endseq
156116,startseq এই ক ল গ ল ক ভ রত র ভ রত য র দ র র দ র দ র দ র দ ই দ র ই endseq
156117,startseq আপন ক আম ক আজক র ন র র র ন র দ ন ত প র ন endseq
156118,startseq ত রপর দ র র র র র থ ন য য য ত র র ন য য য ত প প ছ ছ ল endseq
156119,startseq ব ল দ শ ব ব ক ক ক endseq
156120,startseq এই ত ল ক ত ক ক ন ইট স র জ র র ব শ ব শ ৷ endseq
156121,startseq ক ন ল ক র ক র র ক ষ ক র ক র ক ষ ত দ খত প ওয য য ৷ endseq
156122,startseq আপন র স ধ রণ এব ত ন ন ন ন ত endseq
156123,startseq র র র র র র র র র র র র স থ ন র র র র র র র র র র র র র endseq
156124,startseq অন গ রহ কর আগ ম ক ল ক স র ক ক র জন য আম ক মন কর য দ ন endseq
156126,startseq পর যটকর চ র পর পর চ র র র চ র ন ত র চ র ন ত র ন ন ন ন ন ন ন ন ন
156127,startseq দ ন ন র জল র র জল র জল র জল র ন ম ন ন ন ম ন ন ম ছ ল ৷ endseq
156128,startseq অন ধ র ন ন য র অন য য য র র য য য ন ক ন ক ল ক ন র র র ন ন ন
156129,startseq স ম জ ক ম ম য য ত স থ য পর বর তন কর ছ ন endseq
156130,startseq র গ র ম ঠ ন হয় য য় য এই ত ন ত ন ত ন ন ন ত র ন র ন ত র ন ন endseq
156131,startseq খ ন স ব স ব গ ন র ব র ব ব পছন দ কর ন ৷ endseq
156132,startseq আম এই গ ন সম পর ক জ নত চ ই endseq
156133,startseq প র ক ছ প র য র র ত র ত র ন ত র ন ত র র জন য ব খ য ত endseq
156135,startseq ম ঘল স গর ভগ হ গর ভগ হ ভগব ন ব শ ব দ বত ভগব ন র র র র র র র ত র রয ছ
156136,startseq আপন র ম থ র পড পড পড পড ন পড ন পড ন পড ন ৷ endseq
156137,startseq ক ন ত এখন ম ন ন ন ন ও ন জ ন ন ও ন জ র ও ও ব ন ন ন ৷ endseq
156138,startseq খ ব র র স থ ব র র র র ও ওজন র হ র র স থ র ম হ র র ম ও কর য ত
156139,startseq ভ ল গ ন শ ন ন endseq
156140,startseq এই দ র দ র র উপর ন র উপর র উপর ন র র রভ ব পড ৷ endseq
156141,startseq ত ল ল ল ল ল র একট একট একট য একট হ স য একট হ স য র হ স ব ভ রত র একট একট য
156142,startseq আম ক ন অ য ল র ম চ ই ন endseq
156143,startseq গ ন র গ ন ন ন ন র র ক ষ র র ক ষ র ক ষ র ক ষ দ খ য য় ৷ endseq
156144,startseq ম ম র র ম র য ট ক য ট ক ট ট ক র ট র দ র ট ট ট ট ট ক র ক ছ
156145,startseq য গ হ স ব য য স ব দ ব ত ন ন ন ন ন স ন ন র স ন ন ন স হ স ব
156146,startseq প র র র র প রথম ক র প র ক ষ ত র র ক ষ ত র ক ষ ক র র ক ষ ত র
156148,startseq এই র জ র উত তর প রদ শ র প র চ র প র চ র ট ক ট র থ ক ফ ট endseq
156149,startseq ন ন ন য র ন য ত র ন য ন ন ত র র ন ন ত র র ন endseq
156150,startseq জ জ র র র স ন দর য র র র র র র র র র র র র ন ন ন ন ন ন endseq
156151,startseq ব চ চ দ র ন শ র র ন য র র র গ র র গ র র র র র র র ক ক থ ক
156152,startseq ক ক র গ র থ ক র ক ক র গ ন র র র গ ন থ ক endseq
156153,startseq ম র র র র ম র ম র র র ম র ম র ন র ম র ন র ম র ন কর হয endseq
156154,startseq গ ছ ছ গ ছ ছ ট হয় য ত প ত দ র দ ক র ক ষত হয় ৷ endseq
156155,startseq এট ন য র র দ ই এব র র র র র র র র র র ন ন endseq
156156,startseq স ব ত র র জন য ত র র থ ক ত র ত র র র র র র র র সময় ধর ম ন endseq
156157,startseq ন ম ক ইম ইল প ঠ ন য প ঠ ন প ব ব প য ছ endseq
156158,startseq এই ক গ র ক ক গ ও ন ন গ ল ক ন গ য় ক ক ষ ক র endseq
156159,startseq আম র একট কফ দরক র endseq
156160,startseq ভ গ প ল ব র র প র ব র ত হয ছ endseq
156161,startseq স র ন র র র র র র র র র র ছ ল ন য র র ক র র স থ ন ল endseq
156162,startseq ক ল গ র গ র গ র গ ন গ র গ র গ র ত ন র ন হয় ৷ endseq
156163,startseq প র ন ন ন র ক ছ ক ন র ক ছ ক ন ত র ক ছ ন ন ন ন endseq
156164,startseq ত র র ত র র ব র র ন ত ত র ন জ র ন ত ন ত ন ত ন ত র র ব র ব
156165,startseq দ শ য ন য ন র ষ ট র য ন র ম ন ষ র ম ন ষ র জন য ভ ষ ট র র ত
156166,startseq আর আপন ক আম ক একট কফ ম দ ব র ব ন য দ ত প র ন endseq
156168,startseq আম ক আজ ব ক ল ক স থ একট ছ ত ন ত ল গব endseq
156169,startseq প র চ ন ন র র র র র র র র ন র র ন র ন র ন র র র র দ ব র কর
156170,startseq ন ন র র র ক র র গ র ন র র র র র র র র র র র র র র ন ন endseq
156171,startseq হ ত র প ছন র পর প ছন দ র প প র প র প প র প দ ন প ন কর ন ৷ endseq
156173,startseq স র ক র ষ ট র য উদ য ন র ক ল ম ট র ক ল ম ট র র ক ষ ত থ পন কর
156174,startseq ডল র র য য ম ল ক endseq
156175,startseq অন ক সময় ই ব শ র র র র র র র র র র র ত র র র এট খ ব র খ ব endseq
156176,startseq ভ ন ন নদ ভ রত র গ র র র ভ রত র প র জ ল র জ ল র র দ র দ য য endseq
156177,startseq কখন কখন কখন র গ র র য য র র য য ন য ন য ন য ন য ক ক কম য য় endseq
156178,startseq এই চ র র র র র র ত র ত র র চ র র র র র র দ র প র ত প র ন ৷
156179,startseq ন ন ন র মত ক ছ ল র ত র র র র র র র র র র র র র র র মত ত ল কর
156180,startseq হ য ত আগ ম ক ল ক ত পম ত র গরম হব endseq
156181,startseq ম ত র জম ত ভ ম র জম ত র ত র ত ব ত প ত হয় য য় ৷ endseq
156182,startseq ন টক র র র র র র র র র র র র র র র র র র র র র র র র র কর ছ
156183,startseq আল র র আল উজ জ বল কর endseq
156184,startseq এখ ন ল ল স ন দর ও একট স ন দর ল হল একট স ন দর ল ল ৷ endseq
156185,startseq সবথ ক ব শ রভ গ গ র ন ন র র ন য ন র র ন য র র র র ন য য endseq
156186,startseq প য ল চ ল শ য ন য ন য ন ন ন র র র ন ন র র ণ র endseq
156187,startseq এই স ষ র র র র র গ র ম র র প র চ ন দ র প র ত র endseq
156188,startseq এই সপ ত হ র জন য আম র ক ছ ত ম ছ দ ন endseq
156189,startseq ক ল ক ল ক গ র ম ক ক ক ক ক ক ক ক ন ম ক ত ক ক ন ম ট র র ত endseq
156190,startseq ক য র র ন ন য দ র ন ন ন ন ন ক ন ক ন endseq
156191,startseq ন র র র র ন র র ন ন র র র ন ন র র র র র র র র র ন কর য য endseq
156192,startseq ক ন মন দ র র মন দ র র ন ন ম র র মন দ র র ন গ র গ র র ন র ম ন
156193,startseq ক ন মণ প র য র ব শ বব দ য র একট দ দ র অন কট দ য endseq
156194,startseq স র র র ন ন ত ত র ন ত র ন ত র র র র র গ র গ র গ ৷ endseq
156195,startseq য র র গ ল ক ন শ ল হয় য য় ম র চ মড় র চ মড় র চ মড় র চ চ প র চ প
156196,startseq য র র র র র র সময় র গ র র য দ র দ ক ট ক ট ক ন ত কর উচ ত endseq
156198,startseq ম ল র র র র র র এব ব র এব ব র খ শ ব র খ ব endseq
156200,startseq ব র র র র র থ র ন ন র র ন র ব গ ন র ব র র র আনন দ উপভ গ করত প র
156201,startseq পশ চ ম র ট ক র জন য ক র র য র র য য র র য ক র ট ক র র য ব ধ
156202,startseq প র ত ত র ত ম ত র র প রথম ব র ত র র র ত র র র ত র র ত র হয় ছ
156203,startseq এই সক ল য নজট ক নজট ক endseq
156204,startseq ক ন ন র র র র ন র ন ক ন র ন র ন ক ন র ন ন ন ত ন ত ন endseq
156205,startseq স র স র র র র র র র র র স র স র স র দ কর endseq
156206,startseq এই ন র সফল সফল হয় ছ ল এব এট ব র ব র ব র ব ব র ব র ব র ব র র জন য endseq
156207,startseq অর ণ চল প রদ শ র মধ য অন য য সব থ থ ক প রধ ণ স থ য ক ত রয ছ endseq
156208,startseq জল র র জল র জল র স থ থ ক ব র থ ক ব ব র থ থ ক ব ব থ ক ব ব র থ
156209,startseq প রথম স ল প রথম স ল প রথম স ল র রথম স ল র স স স থ ন র স স ল র র র
156210,startseq শ ন র গ র র জন য সময ক endseq
156211,startseq স ন র জ ন য স ন ন য শ র ন য শ র য র য র নদ আছ ৷ endseq
156212,startseq আম ক জ য় গ ল আল র জ কর ছ ছ endseq
156213,startseq ক ল র র র র র র র র র র র র র র র র র র গ ছ র শ ক র শ র কর
156214,startseq প রধ ন সরক র সরক র র প র ক ক ক endseq
156215,startseq এই ক রণ র ফল গ ছ র ফল স থ হয় য য় ৷ endseq
156216,startseq যদ ও অন য ব ভ ন ন ভ ব অন য র র র র র র র র র র ত endseq
156217,startseq ক ন ম ম র র র ম র ম র ম র ম হয হয endseq
156218,startseq আব র ম র পর যন ত র র য র র র য য ট য গ য য গ য গ য গ endseq
156219,startseq প রধ ন র র র র র র র র র র র র র র একট একট জনপ র য় endseq
156220,startseq ব র র র ম ন ক ষ ক ন ম ও ক ষ ক র ন ম ও ক ন দ র কর ন endseq
156221,startseq উত তর প র দক ষ ণ ক ষ ক র ক ষ র ক ষ র ক ল র ল ল র জ ল ল ক র ন
156222,startseq ক ন ক র ক র ম ক ত র ক ন ত র ক ষ ত র র ক ত র র ক ক ন ন ন ন
156223,startseq খ দ র র দ ন খ দ ন র র দ ট দ ন দ খ দ খ র র খ দ য য় খ ন ৷ endseq
156224,startseq ক ন শ হ হ দ দ হ হ হ ন দ র হ হ ন দ র র ম র দ ন endseq
156225,startseq আম আম র স থ অখ র র স থ অখ শ য হ য য কর ন endseq
156226,startseq অন ক ন ম র ন ন ম র ম ন ন ম র ন ম র ন ন র র ন ন ন ন প ছ ল ন
156227,startseq প রথম ক স ন দ র ত র ন ন দ র ক ন ক ন য য খ ন য য endseq
156228,startseq প র ক র এব ক র র র র র র র র র র র র র র র র র ত বপ র ণ ভ ম
156229,startseq ব স ল র র র র র র র র র র র র র র র র শ র হয হয endseq
156230,startseq পঞ চম র র ষ ট র য উদ য ন র জ য র জ ল র জ ল র অবস থ ত রয ছ endseq
156231,startseq আম র পছন দ র চ ল ও endseq
156232,startseq স ল র র মন দ র র দ র র দ র র দ র র মন দ র র র প র উৎসর গ কর হয ছ
156233,startseq নত ন একট হ একট একট ন ত র ন একজন ম র ন এব এব ক ল ম এব ক ক ক ড র ক ক ড র
156234,startseq ন গ র র ক র র র শ র কর র কর র ম ত র শ র কর র কর endseq
156235,startseq আজক র র র র র ট র ট র ট র ট র ট র স ট র স স ট র স স দ শ র দ
156236,startseq ত র ত ন র ল য ন ন র য ন ম স স ত ত endseq
156237,startseq স স ল স ল র ষ ট র য উদ য ন র য উদ য ন র স থ পন কর হয endseq
156238,startseq যদ ও চ ক ত স র হয় য য় হয় ত হল এই ওষ ধ র র র র র র কম হয় ৷ endseq
156239,startseq এই সপ ত হ র জন য ক ন ঘটন ন সময স চ ত আছ endseq
156240,startseq আদ র র র র র র র ঝ ল র ম ঝ ল র গ র ম ঝ ল র গ ছ অবস থ ত endseq
156241,startseq পর র ল য ন ড র র য র ড য য য endseq
156242,startseq এট ক নগর শহর র থ ক শহর থ ক ল ম ট র থ ক ক ল ম ট র দ র থ ক ১০৬ ক ল ম
156244,startseq এই লক ষণগ ল র গ র ক র গ ল ক র গ ছ ন য গ র স ব স ব স থ ন হয় endseq
156245,startseq ম র চ র ত ইশ ক ত র র ক ক ছ ফ ল ন endseq
156246,startseq স ম প রত ক ব ল ল র ব স র র র র র র র র র র র র ন ন ক ন ক ন
156247,startseq র জ র গ র ন র ন র ন র ন র ন র র ন শহর র স ন র র জধ ন ছ ল endseq
156248,startseq পর যটকর র র র ন র র ছ ন ন র র ন ন র র র র র র ন ন ন ন গ ছ ন ৷
156249,startseq জ ন ন ন র জন মদ ন র ক আছ endseq
156250,startseq ব ন র ব ব ব র র র ন দ র র র র র র র র র র ব যবস থ আছ ৷ endseq
156251,startseq গ র গ র ম র গ র ম র গ র ম ছ ট ছ ট ছ ল ন ত ক ন ত ক ন ত ন ত
156252,startseq এই ভ ব ক র র র র র র র র র র র র র র র র র র র র প র ন ৷ endseq
156253,startseq এট প র র ক ক ক ক র কর র ক ক ক র স ব য ব র ব কর ন endseq
156254,startseq এট নভ ম বর ম বর ম বর ম বর ম ন ট র ম ক ত ত ত র ত হয endseq
156255,startseq স ব ব দ ব ত য ক ক ত ক ল ত ক ল র র র র বছর র ক ক ক ক গ ছ endseq
156256,startseq চ ল ল জল র গরম জল খ ব র ব যবহ র করব ন ন ৷ endseq
156257,startseq ভ রত র দ র র র র ত র ত র ত র ন র ত র ন র ন র র র ন র র র ন
156258,startseq দ শ র দ শ ন ন ন ন ত র ত র ন ন ত র ত র ন র গ র ত র endseq
156259,startseq এই স গ রহ লয র একট একট চ চ ত একট স থ ন র জ য আছ endseq
156260,startseq ম র র র র র র র র র র র র র র র র র র র র ন র দ ব র য় ন য়
156261,startseq স য ন য ম ন য য য ম র ম ন র ম র ব ব র কম ব র ব endseq
156262,startseq স দ র দ র দ ক কর endseq
156263,startseq ব য য় ম র ব য ব র ব ব ব ব ব ব ব ব কম য য় endseq
156264,startseq এই দ র র ব ধ ন ত ব য ন ত ক ন ত ক ন ত ক ন ন endseq
156265,startseq ক ন থ ক প র চ ন ম স থ ন থ ক ই ক ম র র দ র অবস থ ত endseq
156266,startseq ক জ ব ক ক ক ন ন ন ন ত র ক ত ব র endseq
156267,startseq গ ছ র গ র ন ন গ র গ ন ন ন গ ল র ন ন ন ত র র ন ন র র র গ ন
156268,startseq এই ধরণ র বড বড বড এল ক ত র ত র থ ক endseq
156269,startseq এখ ন র র ল র র য য র র ক ছ ক ছ ট র র র র র র র মত ই ট ট র মত
156270,startseq ক ন ত র ন ন ন স ক ত ক ষ ত র ক ষ এব ক ষ ত র স হ স ব ক ত কর ছ
156271,startseq ক ক ক র ক ছ আর ক ছ অঞ চল র ক ছ অঞ চল র ক ক র র ক ষ ত র endseq
156272,startseq গ ল প র র ছ ল ছ ল ন ন ত র ম র ত র ম র ত র ত র ত ন ত ন ত ন
156273,startseq স স বছর র স স স স স স স বছর বছর আগ রথম বছর প রথম স স হয় ছ ল endseq
156274,startseq প ল গ ল র প র য বলট বল হয ছ ল য র র র ত র র endseq
156275,startseq ন জ র র র র র ন জ র ন য ত র র ন য এই র জ র র র প র ন endseq
156276,startseq প র র র র র র র র র র র র র র র র র র র দ দ খ য য ৷ endseq
156277,startseq আম ক দ ন জ ল জ ল য ক ক ক ক স ট ক ক ভ ব প ত প র endseq
156278,startseq ক ছ ক ছ দ র শ বর ম র র র র র র র র র র র র র র দ ক ব দ র endseq
156279,startseq চ ক ৎস র র ন র র চ ক ৎস র জন য চ ক ত র র র র র র র র র দ খ ন
156280,startseq প র র ট ক ল ন র র ন য ন ড য ন ড র র র র র ক র জন য আদর শ য ক
156281,startseq আম র ক য ল ন ড র চ চ ন ন ন endseq
156282,startseq প র র র র র র ত ল র য় ল ল র র ল ল ত ল র য় দ য় দ য় endseq
156283,startseq ন জ র র র র র র র র র র র র র র র ন ন র র ন ন ন ন ন ন ন ন
156285,startseq ম ছ হল স স থ স থ র র একট ব শ ষ endseq
156286,startseq সবজ শ র র রস র রস ত র রস র শ শ র স থ স থ থ ক ৷ endseq
156287,startseq স ধ রণত ব ব ব দ ধ র স থ য য স থ ন য় স থ ন য় ব শ র ল endseq
156288,startseq ত র র র ত র আর স র স থ স থ র র র র র র র র র ন র ন ৷ endseq
156289,startseq ভ র র র র গ র র গ র র র র র র র কথ বল হয় য ত ত ই বল হয় endseq
156290,startseq স র স থ স থ গ ছ র গ গ ছ র গ র র র য় য য় ৷ endseq
156291,startseq ভ রত র গ র ত বপ র ণ র র বপ র ণ ভ রত র মধ য ও ব শ endseq
156292,startseq শ মল থ ক শ মল থ ক ত র র র দ র দ রত ব হল ৩৭০ ক ম endseq
156293,startseq আধ ন ক ক ক ন র ভ রত য ক ক ন ভ রত য স ধ র ভ স স স থ ন endseq
156294,startseq গ হ র র গ র ওপর র গ য় য য় ৷ endseq
156295,startseq ভ রত র উত তরপ রদ শ র প হ ড অঞ চল প হ ড অঞ চল প হ ড অঞ চল প হ ত অঞ চল চল
156296,startseq জল দ ধ দ ধ দ ধ র ত র জল র স ধ রণ জল র স র র র স র স র য় endseq
156297,startseq ম য ন র র ন য ল র র য র র য ন র র র র র ন য ন ন endseq
156298,startseq ত র র গ ন র গ র ম র ক ষ প র ন র স র ন র স স ক ষ র স খ য ছ
156299,startseq চত র থ র দ হ র জ র র র র র র র র খবর ক ছ ল endseq
156300,startseq গ র ত র আর স ন ন ও স ন ত র স ত র স য স ত র স স ত র অন ক ত র
156301,startseq ত ন স ক ত ক ব স ক ত ক ত ক এব ব ক ত ক এব ব এব ত র ত ত endseq
156302,startseq ঢ ক র র সময় endseq
156303,startseq ক ন এব ক র র র র র র র র র র র শ র র র শ ল প র শ ল প র শ কর
156304,startseq প র র র র র ল মফ য র র ল এব ড ল মফ য র র র র প র র প র ছ ন endseq
156305,startseq গরম ও স ন ভ রত ও ভ রত ও ভ রত র র র র র র ল endseq
156306,startseq হ দয় র হ হ র শ র র র শ র র ক ক র র র র ক ক ষত হয় য য় endseq
156307,startseq শ ন ত endseq
156308,startseq এট র র র নদ র এব প র র র র দ র র র র দ র র র র র র র দ র endseq
156309,startseq ম ষ ট র য উদ য ন র সময আপন র প র ট কর র সময আপন র স থ য কর ত কর ত কর ন
156310,startseq ভ রত মন দ রট ভ রত র পশ চ ম ভ রত র গ র ন ম অবস থ ত endseq
156311,startseq ন ন ন গ র ম ঝ ল র র র র র র র য র র র র য য য য ত র য য endseq
156312,startseq পর ত ন ন ন র র প র দ ক ন ত ন ন endseq
156313,startseq জল র গ ল ক ন কর উচ ত নয় য য় ম ন ত ত ত ক শ ক ষ কর উচ ত নয় ৷ endseq
156314,startseq অন ক সময় হ ত র প র স থ স থ স থ স থ স থ স থ দ খ য ত প র endseq
156315,startseq ক ছ ন ন দ র র ক ক ন ত দ র ক ন ত ক ন ত করত প র endseq
156316,startseq আপন ক উ চ ক ৎস দ র র দ র ন র র ন র র র র র র র র র র endseq
156317,startseq স থ ন য স থ ন য র ব র র র র র র র র র র র র র র র র র কর endseq
156318,startseq প র চ পর বতশ র সম পর ক ত ক endseq
156319,startseq জল গরম জল খ ওয় য ত প র ন ৷ endseq
156320,startseq ক ষ ঠক ঠ ন য গ র গ র র ক র থ ক ৷ endseq
156321,startseq এমন রকম র এমন একট য য র র য য র হল এক ধরণ র স থ ন র স থ ন ৷ endseq
156322,startseq ভ রত ব তর জ ত র র ষ ট র র র র র র র র র র র র র দ র ত ব শ endseq
156323,startseq স স ল ব ট গ র গ র প রত ট ব স পর ন ত র র র র র জন য একট ব র ত ত
156324,startseq স র র র র র র গ র ক ব র র গ র র ক র র র র গ দ য় ৷ endseq
156326,startseq জ জ ও endseq
156327,startseq ক ষ র র র র র র র র র ত র ত র র ত র endseq
156328,startseq ক ছ ন য ক রণ র জন য ব শ চ চ দ র ব চ চ র স ব স কর endseq
156329,startseq ব সরক র র র র র র ক র র ক র ক র র র র র র র র র র য য কর endseq
156330,startseq এট ভ ল ক ছ ট র দ র র য য দ খ য য য ত প র endseq
156331,startseq মন ত র ন ম ও ও ন গ ন ও কর হয় ৷ endseq
156332,startseq olly আম র ক ন ন ন য খ ন য খ ন য খ ন ক ন র খ ন য endseq
156333,startseq ওন র ব ন ন ন জ র ন ন ত র র ধ র ন ন ন ন ন ন endseq
156334,startseq র ন ন জ র ন ন ও ন ন ও ন ন ন ন ও ন জ র র র ত র endseq
156335,startseq খ ব র ব জ ব ল ক ন দ ন ন ওয় র ফল খ ওয় র পর ক ষ কর খ ওয় উচ ত endseq
156336,startseq এই দ ল থ ক র গ ছ ন ম র গ ন ম র ন ন ম গ ল ন ন ন ম র র গ ছ endseq
156337,startseq একট স ল র ক ক র ল ক র একট ক র ল র একট ল ল ল ল ন ক ত endseq
156338,startseq আপন র ষ র জন য একট ভ ল উপ ধ র জন য অন যতম ব য স ব ভ স ট অন ষ ঠ ন কর র
156339,startseq এই র গ র চ ক ৎস র জন য এই র গ র এই চ ক ত র র র র র র দ র দ ওয় র
156340,startseq এই ক য ন ন য ন য ন য ন য দ য য ত ন য ন য দ ত endseq
156341,startseq ক রল র ক ক বল বল হয় ন ত র ক ক ন ত র বল হয় endseq
156342,startseq পরবর ত ব ধব র র ত র খ ক endseq
156343,startseq অন যদ আপন যখন ব ত ম ন ত হল ত হল আপন র ত হল আপন প ত প ত প ত ন ত প র ন endseq
156344,startseq ন র র র বল ন য ন জ ন স থ ন য জ ন ন জ ন ন জ ন ন endseq
156345,startseq ক থ ন ন ক থ য ক থ য endseq
156346,startseq দ শ র ব শ দ ধ র ত র র খ দ য র ত র র খ দ য র ত র র র র endseq
156347,startseq একট প র ন য ম ন র প র ম স ই ম ন প রত য ম স র প রত ম ন করত হব endseq
156348,startseq এই ভ ব ই ব ন ড ট ক ট ক ট ট ক ট ব ট ট ট ট ট ট ক য য় ন ন ৷ endseq
156349,startseq যদ জ জ ন ত হয় ত হল শর র রক ত ত ত ত হব ন ত হব endseq
156350,startseq শর র র র র র র র র র ভ ট ম ট র র য় ৷ endseq
156351,startseq একট প ন য ন র র ও ভ রত র প রত য র ন য র র র র র র প র প র প ল
156352,startseq ক ন ও ক র র র র র র র র র র র র র র র র র র র প র ছ ছ ল endseq
156353,startseq ক ন ম র ম শ ক ন ম ক ক ন ন ও গ ন আছ ৷ endseq
156354,startseq ন র র র র র র র র র র র র র র র র র র র র র র র য য য য ত
156355,startseq স ল ল স ল স ল স ল স ন দ ব র র র র র র র ন র স থ পন কর ছ ল endseq
156356,startseq ক ন ম ট ক ক ক ক ষ ট র এই অঞ চল র প ত র চ ষ ত হয় ৷ endseq
156357,startseq আপন র র জ র র র র র ছ ল ন র র র র র র র র র র স র র স থ পন কর
156358,startseq আপন র স র র র র র ত র র র র র র র একট র র র র র র র কথ ভ ল কর ন
156359,startseq গ গ র ও র গ র গ ল গ গ র গ র গ ন ন র গ য গ য endseq
156361,startseq পশ চ ম দ ক দ ক র উপর ন র endseq
156362,startseq ম ন ন আর ম থ ক চ ন ন ব গ থ ক উচ ত endseq
156363,startseq ত র র গ র ক ন ন র গ র ক ন ন য গ ল গ ন ন গ ল ক র গ ন ব যবহ র
156364,startseq চ ক ন ত স ক স স থ স থ স থ ও ক র য় ম ট র য় ম ট র য় দ ওয় য ত
156365,startseq স ই ত ত র র র র য র ত র প র য র র র র র র প র র র দ র ন য
156366,startseq বল য য ন য ন ন ন ন য ন ন ন ন ন ন ন র র ক র র ছ ড ন র মত ই কর
156367,startseq ক ন র র র ম ক র এব এব ন র ক র র এব এব এব ক র র র র কর ছ ল endseq
156368,startseq এই ক ষ ক র র র র র র র র র র র র র র র র র র ক ক য ক ন বল হয়
156369,startseq ম ন ন র ম র ম য য গ র ম র য ন র র র ন র র র র র র ন ন হয ছ
156370,startseq এল ক র ক র ব শ হল স র য এব ব র এব ব র র র ব ধ র সম দ ধ endseq
156371,startseq ক ছ ক ক ক ক ক ক র র ক ক ক র র ক ছ ট ক ছ ট ক ল ম ট র ন ম বল
156372,startseq য র প র ক র ক র প র ক র ক য র জ য র র র র র র দ র endseq
156373,startseq চ ন ম ল র ট ট ল র য় ম ল আর ম নস র চ র চ র চ চ র চ চ র চ ন ন
156374,startseq প র চ ন প র চ ন প র চ ন দ র র স স ক র স স ক র স ক র আকর ষণ কর
156376,startseq স ট র র র র র র প র প র চ ন এই প র র ট ক র র র র র র ব পড ৷
156377,startseq ক ন ন র র ন ট রপত ক endseq
156378,startseq ত ন ত র গ ত র ভ রত য গ ত ত র র ন ত ত র র ন র র র র ক ত কর ছ
156379,startseq স র এই স র বছর বয়স মহ ল দ র বছর বয়স দ দ খ য য় ৷ endseq
156380,startseq স ব স তব মন দ র র র র র র র র র র র র র র র র র ন ম পর চ ত endseq
156381,startseq দ ট র র র স থ র র র স র র র র র র র র স থ য র endseq
156382,startseq পঞ চদশ শত ব দ র ক র ক র র র র র র র র র র র র র র ছ ল ছ ল endseq
156383,startseq আর য র বট ভ য ক য ম ক ল ন র র শ র কর ন endseq
156384,startseq শর র র র র র র র র র র র র র র র র র র র র র ক ত র endseq
156385,startseq ত ন ন ত ন ত গ ল জল র থ ক জল র গ ল থ ক প হ ড র দ দ খ য য ৷ endseq
156386,startseq ম র গ র গ র গ র র শত শ র র র র র র থ থ থ ক ৷ endseq
156387,startseq প র ল ম ট র র র র র র র র র র ত র র ন য ত ত র ছ ছ ল ন endseq
156388,startseq ক ন ক ভ ব প ব য ত প ব ব প র স ব য য করব ন endseq
156389,startseq অনল ইন ক র ব endseq
156390,startseq মহ র গ র গ র গ র ক ছ গ র র র র র র র endseq
156391,startseq অ য ন র র য র সবথ ক ব শ এল ক য র ক য র র র য য় endseq
156392,startseq ম র র র র র র র র র র র র র র বল হয় ছ ল endseq
156393,startseq ম য ল ড ম ক ক ড ও ম ও ম ক ও ও ক ক ও ম ক ও ও ক ক ও ন ত ও endseq
156394,startseq দ দ দ র দ র ভ রত র মধ য একট য য এই ম ম র য ক ম ল য আয জন কর হয endseq
156395,startseq প জ র গ ল র গ ল গ ল গ ল গ ল গ ল র গ র ব র র র র র র র গ ল
156396,startseq ত ন দ শ হ ন দ ব ত র ন ন ত ছ ল ন ন ন ন য় ছ ল ন endseq
156397,startseq আইস স ল ম ন র ম ল ত ক ম ল ত ক র ল ক র ন ক ন ত র ট শ র কর ছ endseq
156398,startseq ন ন র র র র র র র র র র র র র র ক র র ক ন র ক ক ক ক ন endseq
156399,startseq স ক ল ম র ক ক ক ম র ক র ক র র র র র র র র অঞ চল র সবথ ক বড অঞ চল
156400,startseq ত তর ত জন য প রধ ন জন য প রধ ন ব ব ব স থ থ ক এব ব এব স ক ত ত ত endseq
156401,startseq শ ল র আবহ ওয় ক মন endseq
156402,startseq ক ল র র র র র র র ক র র য র ক র ব গ ব র য ত হয endseq
156403,startseq পর যটকর চ দ র ক ছ ক ছ ক ছ ক ছ দ ন র জন য ক ছ দ ন পর যন ত আস ন endseq
156404,startseq এই ছব ট ক র উপর হ র ট র উপর ভ গ র উপর ভ ট ট ট ট ট ট ট র প প র ব শ
156405,startseq ম ট র র প র র ক র ন ক ক ও ব ক র গ ছ ন ব ক ক ন ন গ ল ভ ল ন
156406,startseq ব দ ক ন ন ন ন ন ন র ব র র ক ন ক ন র ক ছ ল ন ন র গ ছ endseq
156407,startseq স র অন য দ র স ন ন য প ছ ল ন endseq
156408,startseq একট ম ম র একট ম র চ র মত endseq
156409,startseq এই জন য এই ব দ র দ র র র র র র র ছ ল ৷ endseq
156410,startseq স র র র র র স থ স থ স থ স র র স থ স থ স থ য য ন ৷ endseq
156411,startseq ন ক ন ন গ য় ন গ র ক ক গ য় বল হয় ৷ endseq
156412,startseq ব ন ধ ব ন ত র ব ও ত র ও প রথম প রথম ব ধ ও প রথম ব ধ ও প রথম ছ ল endseq
156413,startseq ভ রত পর যটক পর যটন র র বন যপ র ণ পর যটন র র জস ব ন ন ন ৷ endseq
156414,startseq এট স ল স র স র র স স র র স স ট র হব endseq
156415,startseq এর প র র প রয় জন পড র প রয় জন য়ত হয় ৷ endseq
156416,startseq যদ ক নও রকম র ন ন হল এট হল এক চ র র র র র র র endseq
156417,startseq ক র ক ক দ র র দ র প রধ ন মন দ র র ব স হ য য র ব শ ষ ট র য endseq
156418,startseq এট হল একট স ধ রণ য য য র র র ম ত ই ৷ endseq
156420,startseq খ জ র র র র র মন দ র দ endseq
156421,startseq চ ষ র ফল খ ব র স ব স ন ন ব স ন ন প রস র ব ন ন ৷ endseq
156422,startseq ম জ র ম র র হল ন ম র র র ম র ম র ম র স ক ত ক স ক ত ক ক ন দ
156423,startseq এর দ ব র ব ব ব ব ব ব ব ব ব ব শ থ ক ৷ endseq
156424,startseq এই জ ত ত র ন ত ই ত র ত দ র ত ক ত ই ৷ endseq
156425,startseq খ দ র র র র র র র র য র ক ছ ক ছ ল ন র জ য়গ য় ছ ল ন endseq
156426,startseq ভ রত য গ য ন র চ নতম পর চ ত র ব শ ব র ব শ ব র ব র চ র চ ত র চ
156427,startseq আপন ক এক ব চ চ দ র এক ব চ চ দ র স থ দ ধ প র ন ৷ endseq
156428,startseq ক ষক র গ ল র র র র র র ক ষ প র ক ছ ল endseq
156429,startseq অ য ক ক স আম র ক স ক স ন র পরত হব endseq
156430,startseq আম ত ল ক ত ল ক আছ endseq
156431,startseq ত র গ ন র গ র ক ন গ ল ক র গ ছ ন ন ক ক ন ন ক ক এব প র দ য় endseq
156432,startseq স ক ক র র র থ ক ব শ ষ স স থ রক ষ ত প র endseq
156433,startseq হ ম চল প রদ শ র প রদ শ র জ য র র জ য র র জ য র র র র র র য য
156434,startseq আম র ব দ দ ন ত ম ক ত endseq
156435,startseq ম ল ত ত র ব ন ত র র ন ত র র ন ত র র ন র র ল ন র র ল ন endseq
156436,startseq ব চ চ র জন য ব শ শ র জন য প র ক এব প র র র র র ন র ন ন আছ ৷ endseq
156437,startseq প ঞ চ র র পর ব শ একট প র র র একট ব শ ল প র র র র র র র র endseq
156438,startseq ভ রত য় ভ রত য় ন ন ন স ন ন র স ন ন র ক ছ ল ন স স ক র ল ছ ল ছ
156439,startseq ত র প র র জধ ন একট শহর ছ ট শহর endseq
156440,startseq এই প রত য ত র প রত ত র ম র ত র র ম র ত র র র ম র ত র ম লন কর প
156441,startseq প র য র র র পশ চ ম র পশ চ ম র র পশ চ ম র র স থ ন য দ ধ endseq
156442,startseq ম র র বর মন দ র ভগব ন দ ব র র ণ র প র ণ প প প গ প প প কর endseq
156443,startseq ন গ ল ক র ক র ক ক ছ গ ছ ছ ট ক ছ গ ছ র গ ছ ছ ছ endseq
156444,startseq ক ছ র ক র র ক ক র স ক র র ক ক র র ক জও করত প র ন endseq
156445,startseq এখ ন ক ল ম র র র ল ল র জ য র র র র র র র র অভ জ ঞত endseq
156446,startseq ন ল র ক ছ ল ক ন ক ক ক ক ক ক ন ক ক ক ন ক ক ক ক ক ক ক ভ ল ন
156447,startseq এই ক ত ত র চ চ ত গ ছ ন গ ছ ন ম ন গ র ক ন গ র ম ন ন গ ছ endseq
156448,startseq ভ রত য় প রধ ন স ত র প র ক ত ক ন ত ক ন থ ক ক ন থ ক ক ন শ থ ক
156449,startseq পর য ল ন ন গ ল প রত ট গ ল গ র গ র গ র গ র র গ র গ ন র গ ন কর
156450,startseq ম দ র র ম ল ক ত ল ক ম ছ দ ন endseq
156451,startseq একট স ল গ র ক ত ত র গ র ত বপ র ণ স গ র ত প র ক ত ত ন ৷ endseq
156452,startseq এট প র র র র র র র র র র র র র র র র র উপর ন র উপর অবস থ ত endseq
156453,startseq এট বল বল বল উড র ভ রত য ন ন ভ রত য ন ন ন ন ন ন ন ন ন ত ক ত ক ত হত
156454,startseq ন ন ন ল ন ন ন ন ম র ন ম ন র র থ ক ন ম ৷ endseq
156455,startseq দ ব নদ র র র ট ট র য র য র ট র য র ট র য য র র য র ব দ ধ নদ
156456,startseq ম ন র র র র র র ন র র গ র র র র র র র র র র র র ন ন ন endseq
156458,startseq ত ল ক ক ষ ক র ক ষ ত র সমস ত দ খ দ য দ খ উচ ত নয় endseq
156459,startseq বল বল য এট বল য এট ক র র র র র র ক ক ক ৷ endseq
156460,startseq এমন একট ব র র র র মত শর র র স হ ত র হয় ত হয় ত র ত র স ব ধ হয় endseq
156461,startseq ম ট র গ র গ র গ র গ র গ র গ র সবথ ক শ র গ র গ র গ র গ ৷ endseq
156462,startseq ক ষ র র র র র ন র র ন র র র ন ন র র র র র র ন ফসল র মত হয় endseq
156463,startseq ম ল ম র গ র ম র ন র র গ র ম র র গ র গ র গ র গ ড ব ড য য় ৷
156464,startseq শ য প র র জন য ত র র র র ত র র ল য র র ল য ত র র জন য এই ঘটন র
156465,startseq মঙ গলব র ক স ব ধ কর র জন য একট উপ য ব ত কর কর ন ত ত কর র জন য endseq
156466,startseq ক ল ন ক ন জ ন ন ক ছ ই ব জ র র র ব ছ ল endseq
156467,startseq কম ফসল র ফসল র ফসল র ফল ফসল র ফল ফসল র ফল ক রণ হয় ন র ভরশ ল endseq
156468,startseq ত ন ম র ম র ম র ম র চলচ চ ত র ছব ন ম র ম র ছব ন গ ন endseq
156469,startseq স স ল র স ব স র স ব শ ষ ক র জ র সমস ত ক জ র র র অ শগ রহণ করত প র
156470,startseq এট শ রভ গ গ ছ র গ গ ছ র গ র গ র গ র র র র র র গ র গ য য় endseq
156471,startseq আম ম ম য ল ন য আপন ক র জন য য আপন ক র জন য আপন আপন র ন ন করত চ ন endseq
156472,startseq আম ক ভ ব ব য ব য ব ব endseq
156473,startseq আম র ট ক ট র এব র ট র র ব ন ময হ র endseq
156475,startseq এট ক গ হ ন প হ ড বল হয ৷ endseq
156476,startseq য র দ ধ র প রত য ন ত ত ত র প রত য ধ র ত র র ক ন endseq
156477,startseq প র র র র র উত প দন এব ব শ র র র শ র র র র র র গ প প প ছ য য
156478,startseq স স থ ন র র র র থ ক একট ব শ ষ ণ র ম ত র ন র ম র ন র ন ন ন ত
156479,startseq গ ছ ট ব শ কড ক ট হয় গ ল ক ল ক ল ক ক হয় ৷ endseq
156480,startseq কনভ র ক ন ট র অবস থ ত ক থ য endseq
156481,startseq ত ন গ র র র গ র র র শ র র ন ন ছ ল ন endseq
156483,startseq এখন ত ন ম র ন এব র ন র র র র র র র র র র র এব এব এব এব এব এব প র ত
156484,startseq ঝগড় ব ব দ ধ র র ন ত ন দ ব র ন য় ও ব ন র র র র র র র ন ন endseq
156485,startseq সব চ চ র দ ক থ ক খবর দ ব দ ন endseq
156486,startseq দ ত র শ র শ র ক ন থ ক ন গ ন ম ন ন র প ন গ ছ ল ন endseq
156487,startseq ত ম লন ড ত র র র স থ স থ ন র র র র ও উপক র ৷ endseq
156488,startseq ব গ ব র ত র র ক ত র র ক ত র র ক ত র র র র দ র অবস থ ত endseq
156489,startseq ম র র র ম র র র ম র র র শ বর গ র ম র ব শ ল প র ন endseq
156490,startseq একট অভ য ত অভ য ত র জন য একট অভ জ ঞত কর ছ ল ন endseq
156491,startseq এই ভ ব ন ন দ র র র র র ন র র র র র র র র র র র র ক র ন ৷ endseq
156492,startseq স থ ন র র র র র র র র র র র র র র র র র শ র র র র শ ষ কর ন
156493,startseq ব ভ ন ন র য র য র য র য র প র র র প র র র র প ত প ত ছ ল endseq
156494,startseq ত ল ক য এই আইট ম য গ কর ন endseq
156495,startseq রক ত ত রক ত র র র র র র র র র র প র গ ছ হয ছ endseq
156496,startseq ন জ র ত র স ক ত র স ক ত য স স ক য স স স ক স স ক স স ক স স
156497,startseq ক র ক ক শ ক ক র র র র র ও পর বর তন কর ৷ endseq
156498,startseq ভ রত য় র র র র র র র র র র র য র র র র র দ খ র র র র র র খ
156499,startseq স ব ব র ড ল ক ড ন ড ও ও বল হয endseq
156500,startseq ম ম র চ ম দক ষ ণ ক ম দক ষ ণ ক দক ষ ণ ক ক ম দ র র দক ষ ণ র ক অবস
156501,startseq ১৯৯৮ স ল ম র ম র ম র ম র প রথম রথম ভ রত র প রথম স র ড র র র অভ নয কর ছ
156502,startseq জলব য ব দ র গরম গরম এব স ক ষ র স থ র স থ য র স থ য র স থ য র ত ষ
156503,startseq ব ব র র র র স মব র সক ল আম র প রত দ ন র জন য আম ক মন কর য দ ন endseq
156504,startseq র ন ন র র ন ন ন র র র ন র র র গ র র র র র র র র ন ন ন ন ন
156505,startseq স ব ত জ ব ব দ র র র র র ভ রত য গ ত র স স ন র ভ রত র স ন র র
156506,startseq মধ যপ রদ শ র পর যটন স থল র পর যটন র জ বন র পর যটন র ত র র র ত র ত হচ ছ endseq
156507,startseq ক ন ম ক ষ ক র ম ম র র স ম ম ম ব স স ক ষ র ম ক ষ ক ত কর হয় ৷
156508,startseq খ ল শব দট ল ল ত ল ল ল ল ক র ল ল ত ল ল endseq
156509,startseq দ দ ধ দ দ র র র র র র র র র র র র র র র র র র র র র র দ ধ
156510,startseq য খ ন আপন র পর ব র ত র যতট সম ভব ন ত র পর ব প র ন ৷ endseq
156511,startseq ম ল ক র র র র শ ক কম আর কম থ ক কম আস ৷ endseq
156512,startseq ক ষ র র র র র ব র র র র র ব ক ষ কর র জন য হয় ৷ endseq
156514,startseq ক ন ত এই র ম ন এই ক রণ ই এই দ ট ই দ দ খ ন য ত র ন ন ন ৷ endseq
156515,startseq য র ম র হ ত র ছ ল ন ন ন ন ন ন ন ন গ র ন ন র ক ন র ন ন endseq
156516,startseq ভ রত র ল য ভ রত য খ ল য র র র র র র র ব দ র র র র অভ য গ কর ছ
156517,startseq চলচ চ ত রট ক ষ ক ট ক ট ক ট হ ন ত র হ ট ল ক ট ক ট ক ট ক ট endseq
156518,startseq হ য য র র র ম র কম অথব কম ম কম অথব কম য কম য ত প র endseq
156519,startseq প রত ক স ক ব র ক ক ক ট র জন য ভ ট র র র র শ ক র কর endseq
156520,startseq ল ক র র গ ন ন ন ন ন ন ন ন ন এব ক ন ন র ম ক র ন ম ন endseq
156521,startseq ভ রত র ব র র র প রত র কম প র য় ভ রত য় কম ল র র র কম endseq
156523,startseq প রথম ব ট ট ট য ট ব য ট ক র ক আপন ক জ র র ক ক ক ক জ ন ন endseq
156524,startseq মহ ল দ র র র র জল শয ক র ক র র র র endseq
156525,startseq র র র র র র র র র র র র র র র র র র র ম র র র র র endseq
156526,startseq ন ন ন ন ন ন ন ন ন র ন ন র ন র ন র র ন র ন ন ন ছ ল endseq
156527,startseq ম ম র ত র ম হল ম ম ম ম ম ব ম নবন দর endseq
156528,startseq শ শ র সময় সময় ব শ সময় র সময় ব শ খ ব র সময় খ ব র সময় খ ব র খ দ খ ব র খ
156529,startseq স স ল র র র র ক ন ন র র র র ন র স ন দর স স গ রহ লয endseq
156530,startseq ক য ক য ক ন য ন য ব শ ব স থ ন য ক থ য ন ন ৷ endseq
156531,startseq ত র র ত র দ দ র স স র র র র র র র অভ ব ঞত অভ নয কর ন endseq
156532,startseq ক থ ক ক ক ত ক জ ত ক ক ক ক গ ও ক ন গ ল গ ন ব শ ষ ট endseq
156533,startseq এই মন দ রট মন দ র র র মন দ র র জ য র র ল র ল র র র অবস থ ত endseq
156534,startseq র গ র প রক ত র র প রক র য় য য় ৷ endseq
156535,startseq স ই ত র র গ ল গ ন উচ ত ৷ endseq
156536,startseq উত তরপ রদ শ র প প র চ র ব শ ব চ চ ব দ ধ উতপ দন উতপ দন হয় endseq
156537,startseq ব দ ত শগড র ত শগড ও পর বত ত ন এব ন চ ন ন ই স থ ন হয ছ endseq
156538,startseq ন র র ন ন আম র প র কর আম র জন য আম র আম র ক য ত র র র র কর হব endseq
156539,startseq অমর স ল র র র ম ণ র ন র ম ণ ন র ন ন ন ন ন endseq
156540,startseq এই ক ষত গ র ত র আম দ র ত ত প ত র ত ত র ল প ল প র ন ত ল প য় ন
156541,startseq ত ন ত ন গ ন ন ন এব ত র গ ন ত ন ত ল গ ল গ ল ন endseq
156542,startseq স ই ভ ষ র দ ষ ট র দ ক ষ ক র ক ষ র ক ষ র ক ষ র ক র জন য endseq
156543,startseq ম ম ব গ ম র র র র র র র ল র ন ন ন ন ত ছ ল ৷ endseq
156544,startseq ন ন র র র ন র র ন র র র র র র র ন র ম ত য য endseq
156545,startseq ত র র জ র র ত য র ত য র ত র র য য র র য ত র পর ব শ ত ত কর হয
156546,startseq স ট র ত ত ক ক ত ত য য ড য য ন ড ক র একট বল বল বল বল হয endseq
156547,startseq স তর ক ষ ত র র র র র র র র র র র র র র র র র র র র র ব ব ড
156548,startseq ত ল খ র র র র র র র র র র র র ব র ত প র ন ৷ endseq
156549,startseq দ র র ন র র শ শ র র র ন র র র র র র র র র র র র র ব র ধ র
156550,startseq আম এই সপ ত হ ক ন ক ট র ত ল ক ত চ ই endseq
156551,startseq ভ ন ন একট একট অভ য ভ রত য ন ন ন ন ন ন ত ক ন ন ন ত র অভ য গ কর ছ ন
156553,startseq ব ন থ ন থ ন য মন দ র র থ ন দ র র র র র ন দর য স ন দর য র র ন
156554,startseq ন গ ন ন ন গ ন ন গ ল ন ন ন ন ন ন ন ন ন ন ন endseq
156555,startseq র গ ছ র র র র র র র র র ক ছ ক ছ ক ত ক ত র গ ছ ছ ট গ গ endseq
156557,startseq যদ ও ব যক ত র ব ব র র ত র প রত য ক ন দ র র স র স র স থ স থ য
156558,startseq এই ব ল ক র ক ক ল ন ক ন র র ন র র ন আপন র ন র র র র ন র করত হব ন
156559,startseq এট ভ রত র র ন র র র র র র র র র ণ র endseq
156560,startseq চ ক ক চ ক ত স ন ত স ন ন ত খ ওয় ন ন ত হল ত দ র প ন ন ন হয় য য়
156561,startseq স ক র র র র র র র র র র র র র র র র র র র র র র র র র র র
156562,startseq ক নস ক ক নস ক ক নস ক র ক র ক ত র র ক র ক ত ক র ক ত হয় য য় endseq
156563,startseq প র র র র র র র র র র র র র র র র র র র র র স থ হয় endseq
156564,startseq উচ চ উচ চ স ল খ ল র স স ল খ ল স স র স ব স খ বই স ব endseq
156565,startseq অ য ল ন য় র ল স র গ ল ক য ল গ ল য য় য গ অ য ক য ক য য় ৷ endseq
156566,startseq এখ ন অর ণ চল প শ শ এখ ন উত প দন প র শ র প র য প র র ব শ ব খ য ত
156568,startseq এমন অবস থ য় ভ রত র স র র ভ ন ন র র ভ ন ন র র র র র জন য য ত র endseq
156569,startseq ম জ র ক ষ র র শ র র র র র র র র র র র র র র র ষ ট র র র endseq
156570,startseq প র র র র র ক ন ন ন ন জ র ন য় ন ন ন জ র ন র ম র ত ত প ত প
156571,startseq ব য ব শ ব র র র র য ন য ন র র র র র র র র র ল র টবল র ল ও আছ
156572,startseq ভ রত য় ড ল র র র র র র ন র ক র ন র ক র ক ন র ক ন র ন ন কর endseq
156574,startseq স ত র র র স গ র র ত র গ র ত বপ র ণ endseq
156575,startseq ক ন ত ম ন র র র ন ন ন ন ন ত র ন ন ন ন হ স ব ন র হ স ব ন ন
156576,startseq স ন জ র ক ন ত র ত র ত র ত র ক ন ত র ক ন ত র ন endseq
156577,startseq প ব র থ ক ঘন ট র মধ য প য ন এব স ন ম র জ ন স জ ন স ন ন জ ন endseq
156578,startseq দ র স স থ স র র র র র র র র র র র র দ দ দ ওয় র ত প র endseq
156579,startseq ত র র র র র র র দ খ র স ন দর শন কর endseq
156580,startseq ব শ ব র র র র শ র র ন ন ন ন র র র র র ন ন ন ন ন endseq
156581,startseq প রথম খ ল খ ল ন ল ন গ ল ন ন ত ন ত ন ম ন র ল এব ন ম ন য ন endseq
156582,startseq পরবর র লগ ড় কখন ট র ন endseq
156583,startseq ম ল ল র ম র ম র ম র ম র ম র র র র র র র র র শ র র শ র হয ছ
156584,startseq ক র র র ব চ চ র র র র ত র র ব র ত র র র ত র র র র র প দ খ
156585,startseq ক ন দ র ব ল ক দ র র ক য র র এব ক দ র র র র র র র র দ র দ য
156586,startseq ভ রত ব শ ষ ব শ ষ ক ষ ব শ ক ষ ব শ ল প রয জন কর উচ ত endseq
156587,startseq এই ব য থ প ছন র এব প ছন দ র ত রপর ত রপর ত পর যন ত ছড য় পড ৷ endseq
156588,startseq ম ট র র ওয র য ওয র জন য বন র কর ছ ল ন র র য র র য য ওয য য endseq
156589,startseq ব শ ম র র র শ শ র র ক শ শ র র শ শ র র শ শ ক র খ বই জর র ৷ endseq
156590,startseq ব ব র র মত অন ক ব র ন ল ল ন ন হয় ও ন জ রঙ র হয় endseq
156591,startseq আম ক ত পম ত র বল ন endseq
156592,startseq আম ইম ইল র ইম ইল উত তর দ ত চ ই endseq
156593,startseq ত ল ক র নত ন র র র শ র কর ন endseq
156594,startseq মহ র জ র র র র র র জ ত র র ন র ন র র ত র ন ন ন র অবস থ ত রয ছ
156595,startseq ক র র ক র র র ন ন ন গ ল ন ন ন ন ন ন ন ন র গ ল ন ন ন endseq
156596,startseq মন হয য মন মন র র র র র র র র র র র র র র র র র র হয় ছ ৷ endseq
156597,startseq ফল দ ধ খ ওয় র ফল খ ওয় র ফল এক দ র দ ওয় য য় ৷ endseq
156598,startseq স ট র স ত ব য থ র ব য থ হয় য য় হয় য য় ৷ endseq
156600,startseq একট ন ন ন ন ন ন ন ন ক ন ক ন ক ন ক জ কর ন ক ন ত ত ত endseq
156601,startseq ম ত ত ত ত ত র ড ত থ ত থ ত অবস থ ত রয ছ endseq
156602,startseq গ র হ ত র হ ত র ন ন ছ ল ন এব ক ন এব গ র ম ন ষ ক ছ ল endseq
156603,startseq ক ন ন ন ন ন ন ন ন ন ন ন ন ন ন ন ন ন ন ন ন ন ন ন ন নয় endseq
156604,startseq শ র র র র র র র জ র জ য মন দ র র ম কর হয ছ ল endseq
156605,startseq ক ন ত প রহসন প রহসন র মধ য ই ব য র ত র ছ ড ও প র র র র র ন endseq
156606,startseq ড ম র র র ম ল র জল গরম জল র ম ম জল র ম জল র হ ত হ ত হ ত ল গ ন ৷
156607,startseq দ র র ভ রত য় ল ল র জ য র র র র র র র র র র ত র ত endseq
156608,startseq ত র গ গ ন শ র গ র ম ন শ কর র এব গ ন র ন র র র র কর endseq
156609,startseq স ধ রণত প র ক ন ন ন ন ন ন ন ন ন ন ন ন এব ন র র র প র ন কর হয endseq
156610,startseq সরক র র ন ন ন ন ন ন ন ন ন ন ন এব ক ন র ন ন ন ন গ ছ endseq
156611,startseq ন ন ন ওষ ধ র ওষ ধ র ওষ ধ র ওষ ধ হল এই ওষ ধ ৷ endseq
156612,startseq আপন র ব র র র র র খ দ য ন র ব র ন র ন র ন র ন র র র প নর ব ত
156613,startseq স থ ন দ র ম র ম র ম র ম র র ন দ র ন য দ র ন ন ন য দ র ব য
156614,startseq এট ক ন গ ন খ জ ন ন আম আম ক ন ম বল endseq
156616,startseq ব য র প র র ব র র র র র র র র র র র র র র র খ ন endseq
156617,startseq ম ম ল ম ট র লম ব বর গ ক ল ম ট র র গ এব ম শ র গ র ত র র ত ল endseq
156619,startseq দ র গট ত র ম ত র ম র র ম র র ম র র র র একট গ র ত বপ র ণ endseq
156620,startseq স র র র র র র র দ ব র র র র র র র র র র র র র র দ য দ ত কর
156621,startseq আজ ম র endseq
156622,startseq শ র ত নট র ল চ র দ শ র র র র র র র র র র ম ন র ম ন endseq
156623,startseq ন শ র গ ত র র র ত য র দ ব দ র র র র র র র র ত ন endseq
156624,startseq ত র ন শ চ ন দ র র ন ত র র ন ন ত র র ন ত র র ন ন কর endseq
156625,startseq যখন ব যক ত র র দ র খ ব র ত র র র র র র র র র র র র প রভ ব ত হয়
156626,startseq শ র ন র র র র র র র র স র র স র র স ত র র র স ত র হয endseq
156627,startseq ব স থ র র র র র জধ ন ব র র র র র ব র ব র র ত র ছ ছ endseq
156628,startseq আম দ র ন ত এমন একট ক ন ত ক র ত ক বল ন ন ত র র র র র র endseq
156629,startseq ন ন চ র দ র র ক ন জ র দ র র ক ন র র ক র ক ক ন ন য য ন ৷ endseq
156630,startseq ন ক র ম ন র স ট ন ম ন ড ন ম ত র ন ত ত ত ব ধ ধ র ত র ম ত র
156631,startseq আসম ক একট ইম ইল একট ইম ইল প ঠ ন endseq
156632,startseq শ চ ক ত স স স র প রথম স ষ ট র ষ ক ষ কর endseq
156633,startseq স ধ রণত এমন একট ক নও র গ র ক ছ ড ক নও গ র ম ত র র endseq
156634,startseq য য ন র র কর ন এব ত র র কর র এব আপন র র ব র র ব শ র র য ব ত ত কর
156635,startseq ক ল ত র র ত ল ব ত ল ল ত ল ব ত ল ব ল ব ল ল গ ন ল ল গ ন ৷ endseq
156636,startseq র জস থ ন র ষ ট র য উদ য ন র র র র র র র র র র র জন য ব খ য ত
156637,startseq ক রল র র ষ ট র য উদ য ন র ন এব ক ল এব ক ল এব ক ল গ ছ ল ন endseq
156638,startseq ক ন ত একট ব শ জ ঞ ন ব শ য ন ন জ বন ব শ য ন য ব শ ব স ন ন র র
156639,startseq এই গ নট র গ নট র গ গ গ endseq
156640,startseq এই সময র গ ন র র র র র র র র র র র র র ম র স থ ন র ম র স ল কর
156641,startseq চ ক ত স র র ব শ র র র ব শ র র র র র র র র র র র শ র কর ন ৷
156642,startseq ম র র র ন র র র ন র র র ন ষ হল হল খ বই স ন দর endseq
156643,startseq মন রঞ জন য মন দ র র স মন দ র ন ন ন ন ম র ত র ম ণ র ম ণ র ম ণ কর
156644,startseq ত র বল বল য ভ ল স ব স থ য র জন য ভ ল ম ম র ম র জন য উপয ক ত ৷ endseq
156645,startseq প রহসন প রহসন প রহসন র ত র প রহসন র প রহসন র প র প র প র প র প র ত কর ছ ল
156646,startseq স র ম র র র ম এব প র র র র র র র র মন দ র র ব র ন র প র বছর ধর
156647,startseq ক ন ক বর তম ন গ য ম য য য ন ম য য ন ম র ক ক এব ক গ র এব ত র ক
156648,startseq ব শ ব র ক ত ক ত ত ত ক ত ক ত ক ত ক ত ক জ র র শ র কর endseq
156649,startseq প র শ র পর র পর র পর র গ য র ক ছ ৷ endseq
156650,startseq ভ র ক ছ নত ন ক জ য র ক র ক ক ত ক জ য র ক র ক জ য ব ব হত প র
156651,startseq আল ক স ল স ব তথ তথ য দ খ ন endseq
156652,startseq প ক র র ক ক র র র পর ষ ক র র ক ষ র র ক ষ ক র ন কর ন endseq
156653,startseq ঐত হ স স স স স ব ধ হল একট ব দ ধ র স স ক ত অঞ চল র অঞ চল র মধ য অন যতম
156654,startseq ট ক য ওয র জন য বর তম ন ন ন ময হ র কত endseq
156655,startseq এর সমস য র র র র র র ব শ র র র র র র র ম ত র র র য য় ৷ endseq
156656,startseq প র ট ক ক প র ট প র endseq
156657,startseq অন গ রহ কর আম র অন স ম রক চ ক কর ন endseq
156658,startseq ক য ন ট ক র র ন র র র র প র শ করত প endseq
156659,startseq স ট ট র ন স ন ন য ন য ন ন য ন ন য় ন ন য ন র র র র ছ ল endseq
156660,startseq সক ল ক র র ষ ঠ ন র ষ ণ ভ রত য ক শ কর ন শ শ র ম শ শ র ন ন endseq
156661,startseq এই ব ল জ জ ঞ জ কর ছ ল য স র ক ক ক র র প র প র প র endseq
156662,startseq র য ল স ট প চট য মধ য মধ য মধ য মধ য প প ঠ ন এব ত প র ত endseq
156663,startseq প ত থ ক ক ন চ ন ন চ ন চ ন এই বছর র ব শ ব ত হয় ৷ endseq
156664,startseq অন ক সময় অন ক ব শ কর র সময় অন ক র কর র অন ক দ র র র র র র র করত করত হয endseq
156665,startseq ভ রত য র ভ রত র র জ য র র জ য র র ষ র র জ য র র ষ র র ষ ত র
156668,startseq জ বন র মন দ র র র র র র র র র ল গ ল ক ন র র গ ল ক ছ ন য য ত
156669,startseq র ন র স র ন ছ ল ন এব ছ ল ন ন ছ ল ন ত র র সঙ গ ত র করত ন endseq
156670,startseq প ষ ট র ন ন ন ত ত ত ত ল র ত য র ত ত ত ল র জ ত ক জ ল ব ব ব
156671,startseq আম দ র স থ স থ স থ য ব ড য য় ৷ endseq
156672,startseq ব র র র র প র র র র র র র র র র র র র র র র র র র র ত ছ ল
156673,startseq এই খ ল র মধ য এই সব জ ন ন র র ট ন র এই প রত দ ন দ খ দ খ য য় endseq
156674,startseq ভ গ গ গ র ম র র গ র ম র র র গ ন র ম র ন ন র র ন ন ন ন ন endseq
156675,startseq এই অঞ চল র সময ক ল র র র র র র র পর ক ষ কর হয় য য় ৷ endseq
156676,startseq র র র র ণ র র জ উম কর endseq
156677,startseq প রত দ ন র র র দ ন র র র র র র র কর র জন য দ ন ন ন ন ৷ endseq
156678,startseq ব শ র পর যটক র ব র র ব র ব র ব র আস ৷ endseq
156679,startseq ক ন ক একট প র ক ত র র থ ক ত র র র গ ছ র ক ছ ত র র endseq
156680,startseq ক ন র র র খ ওয় র খ ব র খ ব র খ ব র খ ব র খ ব র খ ন endseq
156681,startseq একট হ ল র এর প র নদ র ত র র র বল হয় endseq
156682,startseq ত ম দ র ত ত ত ল ক র ল র অ শ য ত ল র স য ত ত ত প ব endseq
156683,startseq মন দ রট প রব শদ ব ষ ট র দ ব র ম র র endseq
156684,startseq একব র একট ক ল খ ল য ড র র র য ল ক র র র র র র র র র প র endseq
156686,startseq অন য ন য র র গ র ম ন র গ র ম থ ক ব র র র র র র ব ব র থ থ ক
156687,startseq ক ন গ ল র গ ল গ ন র গ ন র গ ল ন ন ত র গ ন ম ম ন ন ম ন endseq
156688,startseq ম ম য র দ ন য য ল ন ন য র ল য ন ল ন য ল ন য ন endseq
156689,startseq খ ল ক স ক ত ক ক ত ক ত ক ত ক ত ক শ ত ত ক ব শ ব ল ব শ ব শ ব
156690,startseq এট স র র র ক র ক র অঞ চল র অঞ চল অবস থ ত ৷ endseq
156691,startseq প ল ট থ ক ক ন ইম ইল আছ ক endseq
156692,startseq ব শ র র র র য র ট র য ন র র য র র র র ব দ ব র র দ ব র ব দ
156693,startseq একট ব জ য গ য ন ক ন ন ন তর ক ক ন ত র র ক ন ত ক র ব র প র ক ত
156694,startseq দ শ র র স ন স স থ ন য র স র র র ব শ ষ ট দ খ য য endseq
156695,startseq ব য য় ম ম ব য য় ম র র র র র র গ র ত বপ র ণ ভ ম ক প লন কর endseq
156696,startseq ক ন ক ন ন স ন ন স খ ন আপন র খ দ য ন ত র স থ ন আপন র খ ব র খ ন
156697,startseq শ ল র ন দ র গ ন ম ন ন ন ন ও ন র র র র র র র র র র কর হয endseq
156698,startseq ত দ ন ন ন একট জ ন ন ম ন ন ম ন ন র র র র ন র মত endseq
156699,startseq যদ আপন যদ ত র ন য ত র র ন য য ব র ব র ব র ব র ব র র ন ন endseq
156700,startseq স ন ন র ম ল ব ন ন ন র ম ন ন র ন র ন র র ন র ন র খ ন ন endseq
156701,startseq ম ন ষ র ন ক ন ন ন ন ও প র ন ম ও জ ন ৷ endseq
156702,startseq শ র র র র গ র গ র গ র গ র গ র গ র র র র র র র র র র কর ছ ল
156703,startseq আপন ক আম ক ব হস ত ব বরণ দ ত প র ন endseq
156704,startseq এখ ন সম দ রতল থ ক ম ম ট র ম থ র ম র ম র ম র ত আছ ৷ endseq
156705,startseq ত র স ন ন ন ন ও ম ন ন ও ন জ র র ন ন ন কর ছ ন endseq
156706,startseq গ র ক ত দ শ য প র ষ ট প য গ য গ য গ গ ল এব গ ন গ ল ন endseq
156707,startseq এখ ন র গ র হ র হ র গ র ত বপ র ণ ও ক র র গ র ক র ন ন ন ন ন ৷
156709,startseq আপন এই গ ন স রক ষণ স ভ ব ন endseq
156710,startseq প রথম ন ন ন ভ রত য ন ন ন ন ন ন ন ন ন ন ন ন ন ন ন ন ন ন ন ন endseq
156711,startseq নত ন প জ প র প প র প প র প প র র প প র র প প র কর হয endseq
156712,startseq ন ন ন ন ন ত র র ন ত র স স ক ত কর ছ ল ন endseq
156713,startseq জ ন এব স স স স স স স স স স স স স স স স স স ক ত র স ন ত কর endseq
156714,startseq ক ল দ শ ল থ ক প র দ র ক ল ম ট র দ র অবস থ ত ৷ endseq
156715,startseq ব স ল র র ত র ত র ত র এব ত র র ত র র পর ক ত র পর পর পর পর পর পর ক
156716,startseq আম ক প র শ শ ল প র শ শ ল প র প র জন য ফ ড প র র ত প করত প র ন
156717,startseq য ব য থ র ব য থ থ ক ত য থ র থ ক ন ত র র ণ র র র ত র ত হয় endseq
156718,startseq দ র র র স থ ন য স থ ন য দ ক র র ক র ক র র ব খ খ জ ন endseq
156719,startseq এখন অবধ মহ ল দ র মত মহ ল দ র মহ ল দ র র র র দ দ র র র স ন ত স ত ত
156720,startseq চ খ র ক ষ ক ত ক ত র লক ষণ হল লক ষণ endseq
156721,startseq গ র উপত যক নদ র প র ন নদ র প র নদ র প র নদ র নদ র নদ র প র ন endseq
156722,startseq স স ল র র র স ল র ন র র ন ত র হয ছ ল endseq
156723,startseq গল প র র গ ছ র গ ছ র গ ল ক র গ র ত র র গ র ত endseq
156724,startseq এখ ন থ ক প র য য য য য য য ন য থ ন য থ ন য থ ন য য খ ন য য
156725,startseq ত র ত র চ ক ত স র জন য ত র ন ন ত ন ন ন ন ন ন ন ন ন ৷ endseq
156726,startseq হ স ল স ল স ক স স ক স ক ত র স হ ত য র জন য ভ রত য ক ত ক ত ত
156727,startseq ত ন ম ম র ত ম ম পর যন ত ম ম পর যন ত ম ম ম ত ত হয ওঠ endseq
156728,startseq আম ক প চট র শ র র জ গ য জ ও endseq
156729,startseq শ ট ট শ ট র হ র র র র র র র র র র র র র র ন র ন র ন র ন ন
156730,startseq ফল র র র ফল জ র র র র র র র র র র র র র র র র র উচ ত ৷ endseq
156731,startseq ন ন গ র ন ন ন ন ন ন ন ন ন ন ত ন ত ন ত ন ত দ খ ন ৷ endseq
156733,startseq একজন ক চ চ দ র দ খ ন ছ ল ক ছ ল ছ ল ছ ল ছ ল ছ ল ছ ল endseq
156734,startseq স ক ক র র র র র র ক ষ র র ছ ল ন র গ ছ র গ ছ র য য র র র দ
156736,startseq ক র র ক র প র প র প র প র নত ন প র র নত ন স গ র র শ র কর ছ ল
156737,startseq ন জ র র ন ন র র ন র র ন র র ন র র র র র র ন র ম র ত র র endseq
156738,startseq প রত শ ক রব র প রত ট প নর ব ত ত প নর ব ত ত করত প নর ন endseq
156739,startseq যদ রক ত হল হয় য য় ত হল ক হয় ত হল ত ক গ ল হয় ত হল ত ল ক জ কর ন endseq
156740,startseq এই ক র র জ র র ত র র র র র র ত র র র র র র র ত ত ত ব ব endseq
156741,startseq একট প চ চ র র র র র র র র র র র র র র র র র র র র র র র কর র
156743,startseq ফ ড প ট ক স ব য স কর কর endseq
156744,startseq স র র র র র র র র র র র র র র র র র হয় য য় ৷ endseq
156745,startseq এখ ন প র র ক ক ল ল ক ন র ক র ন র ক র ন র ক র ন র ক ন ন ন ন
156746,startseq অ য ল ম ট ট ট স ট ব য ট ক ব শ বয়স বয়স বয়স বয়স বয়স ক শ শ র র জন য দ শ
156747,startseq ম র র র র র য র র ম র র র ম র র র য র য র য ত র র য র র য
156748,startseq প রত শ ক রব র র ক য ল ন ড র দ ন র জন য আম ক মন কর য দ ন endseq
156750,startseq প রথম প রথম প রথম ভ রত র প রথম ভ রত য় প রথম ক র ভ রত র ক র র র য় endseq
156751,startseq এর পর গ গ র ন ন ন ত র র ন ত র ত র ন ন ন হয় endseq
156752,startseq ন ম ন ন ন ন ড র ক ছ ড ক ন ন ক ছ ন ক ন ন ই endseq
156753,startseq য ম ম ম ত ক ষ ক ম ক ষ ক হয় ও ক ক ক বল হয় endseq
156754,startseq এট আপন স স হ য য য করত প র ন endseq
156755,startseq এই য ন য অন ক অন য ন ন ট খ ল খ ল খ ল ষ ট endseq
156756,startseq ত ন ত ক একট ব দ ধ র র ন র র প র র র র র র র র র র র ম ছ ল endseq
156757,startseq আম একট আল কম চ ই endseq
156758,startseq ত ন ত র বল ছ ন য এই ব র ত র র র ত র র র ত র র ত র র ত র বল হয়
156759,startseq ন জ র গ ন ন ন ন ন ন ন ন ন ন ন ন ন ন ত র ন ন ত ন ত ন ন endseq
156761,startseq স স র র গ র গ র ত হল ত ত ত ত ত ত র ত র ওপর পড ত পড ত ৷ endseq
156762,startseq অন য য অন য ন ত ক ন ল ক র র ন র র র র র র র ক ক ক র কর হয় endseq
156763,startseq এই ভ ব র ক ন ক ক র র র ক ক ত ক র র র স থ র র স থ র র স থ ন
156764,startseq ন ন গ ল ল স ট শ র কর ন endseq
156765,startseq প র ষদ র গ গ র ত গ ল গ র র গ ল র কর উচ ত ৷ endseq
156766,startseq আম র জন মদ ন র জন মদ ন ইভ ন ট স ট কর ন endseq
156767,startseq ক র র র র র ক ষ ত র ল ক র ল ক র ল র মধ য পর যটন র অন যতম আকর ষণ endseq
156768,startseq প ল প ল গ ছ ল ন য র গ ছ ল ন য র র গ ছ ল ন স র ক ছ ল ন endseq
156769,startseq ক র র র র র র র র র র র র র র র ন য ছ ল ন endseq
156770,startseq প রত য ক ত ব য ক ষ ঠক ঠ ন য য় ফল ফল প ওয় য য় ৷ endseq
156771,startseq ঘ ট র ম ম ম ম ম খ ল র ম খ দ য র ন র পর বর তন আকর ষণ কর ছ ল endseq
156772,startseq আম র ভ ন র জন মদ ন র স স ব স ল হ স ব হ স ব ন হ স ব ন endseq
156774,startseq গ ন র গ র ম ন ম ল ত ত ব ত ত প ত ত র প ত ত র স ত ত কর endseq
156775,startseq ম ন র র ম ঝ ম ঝ ম ঝ ক ন ত র ন ন ত ন এব ত ন ক ন ত কর ন endseq
156776,startseq এই র গ র গ র জ বর র জ বর গ ৷ endseq
156777,startseq প স ত এমন স ধ ত ত স স ক ত চ ত র র ছ ল endseq
156778,startseq উপরন ত র র র র ন ন য গ য ন ন ন ন য ন ন ন অন ক র ন র র ছ endseq
156779,startseq অভ জ প প র ন প র প রয় গ কর প র ন প র ন ক রণ কর র সময় ব যবহ র করত প র
156780,startseq যদ হ ম ত র র ওজন কম প র র ওজন কম ত হল এই র রক ব ব ব র র আশঙ ক থ ক ৷ endseq
156781,startseq বর তম ন গ ন র অ য লব ল ন ম ল কর ন endseq
156783,startseq প ন গ ন ন ন ন ন ন ন ন ন ন ন ন ন ন ন ন ন ন ন ন ন ন ন ন ন ন
156784,startseq র ত ম র র ন জল র স ন ন জল ন ন ন ন ন ত র স থ হয় ৷ endseq
156785,startseq এক র জন য ট র ক র কত endseq
156786,startseq ক ন গ ন ক endseq
156787,startseq এট ন জ ন ন ন ম ঝ ম ঝ ম ঝ ম ঝ ম ঝ পর যন ত ব য য় ৷ endseq
156789,startseq এই ক ত র র গ র র র ব র কর ছ ল endseq
156790,startseq স ই চ চ ত র র চ চ র র এব ত র র র র র র র র র র র র প র প র
156792,startseq ভ রত বছর র ম ট র প টন প টন র প টন প টন প রত বছর ট র endseq
156793,startseq স ব স র র র র র র র র র ত র র র ত র র ত র ত অন ভব কর র জ ঞত হত
156794,startseq ম য ল র র র ত র প রজ ত র প রজ ত র প র য় ম প র য় য় প র য় প র
156795,startseq ক ন ন ন ন জ র গ ছ ল ন endseq
156796,startseq গত বছর বছর র জন য প র ক ত প র ক ত ক ন দ ওয হয ছ ৷ endseq
156798,startseq আম ব দকর র একজন সদস য র সদস য সদস য র সদস য একজন সদস য য য endseq
156799,startseq ক ন গ র গ র ক ন ন ভ রত র গ র ন র ল র ন র ল র র র র গ র একট র
156800,startseq ন ন র গ র ক ন ন ক ছ ট ক ন র র স ন স ন ন স ন ন endseq
156801,startseq গ র র র র র ন ন গ ল ন জ র ক ষ ক র র ষ ঠ কর ৷ endseq
156802,startseq স ব স থ র র ক ত ক ন ত ক ন ত র সমস য endseq
156803,startseq এখন কট ব জ endseq
156804,startseq ন চ ন গ র র শ ষ স ন ন স ন ন ম র স ন ন র স ন ষ র কর র কর ন endseq
156805,startseq প ট র র র র র ড র ক র র র র র র ক ষ ট ক ষ হয় য য় ৷ endseq
156806,startseq ক ন ল ক ষ ক ক ষ ক ক ষ ক র র ক ষ ক র কর ন endseq
156809,startseq আমর ক স র র গ ছ ছ ল ম ৷ endseq
156810,startseq র র র র র র মত একট স য ন য ন ন গ ছ ন ক ছ গ র গ র গ ন গ ছ ছ endseq
156811,startseq ত ম ল ত ম লন ড র প রধ ন ভ রত য র রত য র রত য র ষ ঠ ন গ ন গ ন endseq
156812,startseq প রথম ভ ব ই গ র গ র থ ক র গ র থ ক থ ক থ ক ই ত র endseq
156813,startseq ত ও আমর অন ক র র র র প র ন ও প রক র কর ছ ৷ endseq
156814,startseq এই র র র র ত র র ফ ট র ফল চ খ র ফল প ট র র প প দন হয় ৷ endseq
156815,startseq আম ক বছর র দ দ র স থ স থ স থ দ শ র ত র বল ন endseq
156816,startseq চলচ চ ত রট প র ত প র ত র ত র র য ত র র র ত র র ক ত ম ক ত ত র
156817,startseq পশ চ ম র উত প দন এব গ ল প র ক ষ এব গ ল এব ন র র ন ত র স থ ন endseq
156818,startseq র জ য সরক র র জ য র জ র জ র জ ন স ম ক ল এব এব এব এব এব স ল endseq
156819,startseq ভগব ন র ব শ র র র শ র র ব শ ব দ ধ র ম র ত র ত র কর হয় ছ ল ৷ endseq
156820,startseq ক ন ম ন ক ক দ ব র ক ক ক ম র ব শ ষ ক র ক ক ক ক ক ষ কর ন endseq
156821,startseq ভ ন র র র র ব শ ব র র র ব শ র মন দ র র মন দ র মন দ র মন দ র মন
156822,startseq ক ক ন ক ন দ দ খ ন ক ছ ক ছ ক ছ ক ছ ক ন ক ন দ খ ন endseq
156823,startseq র জ য র উত তর প রদ শ র প ক ছ প ছ এব ক ছ ক ছ ক ছ ক ছ ন ক ছ ন endseq
156824,startseq চ র ত ত র সপ ত হ র প রথম প রথম সপ ত হ র প রত য দ য প রত য দ ত endseq
156825,startseq ব র কর র পর পর র র পর পর বর তন র র ন ন ন ন endseq
156826,startseq ফ ড প ল য এ ছ ড কর আম র অর ড র কর ছ ন য ল ন স ক ত কর ছ ত প র endseq
156827,startseq ক রণ কর র ক ক র র র র র র ক র র র র ক র র ব র র র র র র endseq
156828,startseq অন ক মহ ল মহ ল দ র র র র র র র র র র দ র হয় য য় ৷ endseq
156829,startseq এখ ন থ ক প র ক ছ ই এখ ন থ ক ই কর র জন য ত প র ৷ endseq
156830,startseq প রথম ন গ ল র ন ন ন এব ত র ম ন ন র ম ন র ম স র ম স র ম স র endseq
156831,startseq আম ক আজক র খ ল র খবর দ ন endseq
156832,startseq ক ন ত অন ক সময় অন ক ব শ ম ত ও ক ছ ক ও ক ছ ক ত ক ও হত প র endseq
156833,startseq ম নস র ন ন ন ন ক ন ন ক ন কর র ন ন ক ত কর ন endseq
156834,startseq সময র জ মহ ল দ র র ম ত র ত ই ত র ত র ত র ত র র ক র গ র ম ন য
156835,startseq এট ভ ল ভ ল জ ন ন ত ত ত প র ন য য় ন ন য য় ৷ endseq
156836,startseq প র র র ক র হল প র ন ক ক ল ম ট র দ র ক ক ম দ র অবস থ ত endseq
156837,startseq এমনক শ দ র ম র র ক ক র ক ক র ত র র য় য় ৷ endseq
156838,startseq খ ব ব ব ব ব ব খ ব র খ ব র খ ব র খ ব র র র ক রণ endseq
156839,startseq এছ ড ও র ন ন র ক র র ন ও ক ন ড ও স ন ন ও ন র ন য য ন endseq
156840,startseq ক ছ ট ক ষ ত র ক ন ত র ন র ন জ র ন জ র ক জ র ক জ কর endseq
156841,startseq স য ত র র যখন ব য হয় যখন স র ক ন হয় endseq
156842,startseq দ ই হ র র র গ ন চ ক ও ম ট দ ওয় হয় ছ ৷ endseq
156843,startseq ক ন শব দ করব ন ন endseq
156844,startseq যদ পর বর তন ত র জন য ত হল ত ত ত ত র ত র ত র র র র র কর উচ ত ৷ endseq
156846,startseq ভ রত য ল ল র র প র শ র প র শ দ র প র শ র র র র য জনপ র য ছ ল
156847,startseq এই স থ র র স র র র র র র র র র র র র র র র ট র দ র দ ট দ য
156848,startseq ভ রত র সবথ ক বড দ শ র ব শ দ ধ প র ব শ ব র ব শ র র র endseq
156849,startseq দ শ দ র র র য র র র য র র র র র র র র র র র র র র র দ র র
156850,startseq মহ র ষ ট র র র য র য র য র য র র র র র র র র ত endseq
156851,startseq আগ ম সপ ত হ র আবহ ওয সম পর ক আম র ত র একট ইম ইল প ঠ ন endseq
156852,startseq মধ মধ য হ ত য সম ধ ধ য ত য ত র মধ য আয়রন র স হ য য কর ৷ endseq
156853,startseq ব শ রভ গ নগ ল খ ল য ড র স ল এই স ল খ ল ন ল ন endseq
156854,startseq ম র র র র র ম র র র র ন র র ক র অন ক দ র র ন র ম ণ কর ছ ল ন
156855,startseq ক ক ক ছ ক ছ ক ছ ক ন ত র র ক ছ ক ছ ক র র র র র ন endseq
156856,startseq এই ত ল র ত র ত ক ল গ ল ক ত ক ত ক ত ত ত এট ব ব ব র খ ব ব যবহ র
156857,startseq ত ত য ন ত ম ত য য য গ র প র প রত ক ক ত ক ম ন প র ণ কর হয় endseq
156858,startseq ন জ র গ ন ন জ র দ ব দ ম র ন দ ম হ ন দ ল ল ন ন endseq
156859,startseq এট ন গ র র র অঞ চল র র র র র র র র র র র র র র র র র কর endseq
156860,startseq ছ ট স ল ন স ক ন ন স ক ন ন ন ক ন ক ন দ ক ন endseq
156861,startseq ক রল ল র ল র ল র র র র জন য য র র র র য য ত কর ছ ল ন endseq
156862,startseq ন ন ন গ ল ল গ ন চ ক ন ক চ ল ন খ ন endseq
156863,startseq ক বল র ক ক বল ন ক বল ন য বল হয় য য় ন জ র স ব র র র র র য য ন endseq
156864,startseq ন ন ত র র ন র স ত র র স ট র র স থ ত য র জন য endseq
156866,startseq আম র ক ছ ক ছ ঘটন সম পর ক বল ন endseq
156867,startseq আম ক ভ দ ই দ ন ইম ইল আছ endseq
156868,startseq যদ আপন র র শ ষ ট হয় য য় ম র ম ত হল আপন র ম র ঘ ম র endseq
156870,startseq ব হ র র র র র র ন র র র ন র র র র র র র র ও একট আনন দদ আছ ৷ endseq
156872,startseq প ল ট র ন র ন র র র র র র র র র র র র র র র ন ত ন র ন থ ক
156873,startseq দয কর ইম ইল র উত তর দ ন endseq
156874,startseq য খ য হল একট স ন ন ও এব গ র র র প রয ছ এব এব প র দ র এব প প র ণ এব
156875,startseq আগ র র প রধ ন য য য শ য য য য ছ ল ন ন য ন ন ম ন ন ছ ল endseq
156876,startseq যদ স ব স র র র স থ ক ত হল ত ম ত ত ত র মন কর ন ত হল এট মন দ র endseq
156877,startseq সন ধ য র র য গ র ক র য গ র র য গ র র র র র র য গ কর ন endseq
156878,startseq ন রক ল র র র র স ন দর য র স ন দর য র স র দর শন র স ত র র ত র ত
156879,startseq আম দ র দ শ ব দ র র স র স র র র ব যবহ র কর হয় ৷ endseq
156880,startseq উপরন ত আম দ র র স র র র র র র র র র র র র র র র র র র ত র কর হয
156881,startseq ফ র ন ন ন ন ন ন র ত নট প রধ ন খ ল য ত আছ endseq
156882,startseq ব ভ ন ন ন র র ভ ন ন র র র র র অ শগ রহণ কর ন endseq
156883,startseq ক ন ক র ক ন র র ন ন ক ন ক ন ত র ক ন ত র প র ক ন ন গ র ক ন
156884,startseq জ ন ন র র র প র ব র র র র র র র র র র র র র ষ ঠ র ব শ ষ কর
156885,startseq দরজ দরজ খ ল ন endseq
156887,startseq প র র র ফল ব র হয় হয় ত ব র ব র হয় ত র র র র র র র র র হয় ৷ endseq
156888,startseq ম ন র র ম র ব র র র র র র র র র র র র র ক র ন ক ন ত ক ক র
156889,startseq ব ল র র ল র র ল র র র র র র র র ত র স ত র র ত ব স ত ত রয ছ
156890,startseq আম র প ল থ ক গ ন ব জ ও endseq
156891,startseq স ন র র র র র র র র র র র র র জ বন র ক ষ ত র কর ন endseq
156892,startseq এর স থ স থ য থ হয় য য় য থ হয় য য় হয় য য় য থ য থ ক ন endseq
156893,startseq শ কন ঠ ন ড র জল র ন ন ন ত র ক র ম থ র থ ক দ র থ ক ব র থ দ র
156894,startseq হ র আল র আল র আল কম য দ ও endseq
156895,startseq ক ন র জ র জ র ন ন ন ন ন ন ন ন ন ন ন ন ন ন ন ন ন ন ন ন ন ন
156896,startseq এই ভ ব ক ষত র র র র র র র র র র র র দ খ য য় ৷ endseq
156897,startseq ফ ল ল খ ল য ন এব ট ক ট ক ট ব ক য য ন endseq
156898,startseq এই শ র র ল র ত র ল ল হল এই শ ল ম ট র কর হয ৷ endseq
156899,startseq ক ন র র ক র র র র র র র ক ছ ন য ক ত ক ত ক ত ক ত ক ত স থ য়
156900,startseq ক ক র ক ক ন র ন ক ন ক ন ক ন র কর র কর ন এব ক র র কর ন endseq
156901,startseq ক ষ ক র ক য র র ভ রত য গ র ন ন র র র ন র র র র মধ য একট endseq
156902,startseq স ম ক ক ন উজ ক খবর endseq
156903,startseq হ ম র র র র র র র র র র র র র র র র র র র র র গ endseq
156904,startseq আম র ম ক একট ইম ইল প ঠ ন endseq
156906,startseq এট প রথম ছব ট ক ল প র ন ম ল স ল র ম ন র ম ল endseq
156907,startseq আর অল আম র ক য ল ন ড র পর ষ ক র র পর ক ষ কর endseq
156908,startseq আপন আল বন ধ কর ন endseq
156910,startseq স র প র র র র র য ন য ন য ন য ন য ন য ন য ন য ছ ল ন endseq
156911,startseq ন জ র ক ন স ক য ন য ন য গ ল র র র র করত প র endseq
156912,startseq আপন আম ক স মব র আবহ ওয় র আবহ ত প র ন endseq
156913,startseq এর ব ব র র র র র র র র র র র র র ক ছ ক ছ ক ছ ক ছ বছর ধর হয় য য়
156914,startseq ন র র র র র র স ব র মত ব র র মত স র মত স র মত স র র র মত দ কর ন
156915,startseq ন গ র ন ন ন র ন র ন র ন র ন র ন র ন র ম র র স থ ন য দ র ন
156916,startseq প র র র ক র র ব র র র র র র র র র র র থ র থ ক র র র র র র
156917,startseq প জ ল র র র র প রধ ন ক গ গ ত ক ক গ গ ক ন গ ল এব ক ন গ ছ endseq
156918,startseq ম র র র ব যবহ র কর র জ ব র র র endseq
156919,startseq এই রকম খ ব র ত ত র র ত র ত র ত র স থ ন য র র র র র র শ র ত endseq
156920,startseq ত ন ৩৫০ট র হ ন দ চলচ চ ত অভ নয কর ছ ন endseq
156922,startseq ক ন ত ত ই এট ক ছ ই জন য ক ছ ই ব ন ন ন ৷ endseq
156923,startseq যদ ব ব র ব শ ব র খ ব ব শ হয় এব আরও ব শ থ ক আরও ব শ হয় endseq
156924,startseq ট ক ট র ট র ট য ট ট র ট র ট র জন য অন সন ধ ন কর ন endseq
156925,startseq ঠ ন ড র সময় হ ম হ ম ব দ হ ম প হ ড র ম ম ন দ র হ য য য য য endseq
156926,startseq ক ল ল প র ব র ব যবহ র কর ব যবহ র কর র জন য ন ন ন র র ল ন endseq
156927,startseq ভ ল ল ল র র ঝ ল র ক র শহর র ক ন শহর র ক ন শহর র সবথ ক গ ন endseq
156928,startseq চ র চ রট প র র র ত র র র র র র সময হব endseq
156929,startseq ব র ত র স ট র র স ট র র ত ন ন endseq
156930,startseq ত র গ র ক র র ক র র ক র র ক র র র র ক র করত প র endseq
156931,startseq প রত ট ব শ শ র প প শ শ প র প র ব ব ব যবস থ কর endseq
156932,startseq ন ন দ র মন দ র র জ য র সবথ ক বড মন দ র র endseq
156933,startseq আগ ম ক ল স তট য স তট য জন য একট অ য ল র ম স ট কর ন endseq
156934,startseq আপন ক প রত সপ ত হ র ত নট ক প কফ ত র কর ন ত ত কর ন ত প র ন endseq
156935,startseq অন ক ছ ট ছ ট ছ ট জল র জল র মধ য জল র ম ন ন ম ল ন ৷ endseq
156936,startseq ক ক ম আর ম ট ম ট চ ন ম ট র ক ও ম ন ন ও ন ন ও এখ ন প ল ল ন হয
156937,startseq পরবর ত স ল ত ম বর নভ ম বর ম ত ত র ম ত র ম ত র ম ত ত ম ম ম র মধ য
156938,startseq প র ট র র র র র ট র র র র র র র র র র র র র য য ন endseq
156939,startseq এই ধরন র ম ম ম ম ম ন কম হয় ৷ endseq
156941,startseq ক র র র র ন ম র ক ন র ক র র র র র র প র ৷ endseq
156943,startseq এই স থ ন য ক ছ থ ক ছ ক ছ দ র র র র র র র র ম র ম ৷ endseq
156944,startseq ছব ট চ ত র ক ছ ট ক ট এব দ ক র এব প র ক ট ক দ র কর endseq
156945,startseq দ ন ন র ন ন র ক ক ক র গ ছ ল endseq
156946,startseq আসল এট হল ব জ আর পশ চ ম র ম র ম র ম র ম র ত র ত ন ত ন ত ন ত endseq
156947,startseq প রথম প রথম য র র র ক ছ ক ছ ক ছ ক ছ ক ছ ক ছ ক ছ ল ন থ ক প র প
156949,startseq বর তম ন বর তম ন ব শ ব দ ক র ক র ক ক ক ল ন ক ন endseq
156950,startseq এর ফল আপন র স ব ঝত প র র ত র র ক ত স স ক র র র র র র জন য দরক র endseq
156951,startseq আম র শ ষ ত র ক ইম ইল প য ছ endseq
156953,startseq আপন হয়ত ক ছ ড আপন ক ছ আপন ক ছ আপন ক ন আপন ক আপন র প রত য ক ন আপন ক র র করত প
156954,startseq ক ন গ ন গ য গ র গ র ক ন গ ছ ন ন গ ছ ন ন গ র ক ন র গ ছ ন endseq
156955,startseq শ ষ খবর র শ খবর যখন আম খবর শ আম ক অবহ ত কর ন endseq
156956,startseq ক ন প র ক ত প র প র ন ত প র ন endseq
156957,startseq য থ র ব য থ র র য র র র য ত প র র র র র endseq
156958,startseq পন র চ র চ ম স র ম স থ ম ম ট য আম ক মন কর য দ ন endseq
156959,startseq যদ সম ভব হয ত হল স গ র ক ক ক ক ক ক ক পড ন ন ৷ endseq
156960,startseq এই ত র খ প র র জন য আম র ক য ল ন ড র একট অন স ম রক য গ কর ন endseq
156961,startseq স দ য র র ন ন ভ ন ন ভ গ ন র গ র র র র গ দ র ছ ল endseq
156962,startseq এই ম নভ ম বর ম ত র র ম ত র র র স থ ক র ভ ব ই ভ ল প প র ৷ endseq
156963,startseq চলচ চ ত রট ২০১৩ স ল র গ গ ত র গ ত র ম ম ত য ২০১৩ স ল র ম ক ত প য endseq
156964,startseq ক ষ ক থ ক চ রট ক ম ক ম endseq
156965,startseq আপন র ম র ন য আপন র প ন য য ন এব প র প র ন আপন র একট প র প ন ন endseq
156966,startseq আম আম র গ য স র র র র র ভ ল আম র প র ভ ল endseq
156967,startseq প র চ ন ন র চ ন হ ন দ র হ ড র এই ব শ র ব যবস থ র জন য ব ড য ল
156968,startseq স দ র র ল ভ ল ব যবহ র কর র ত ল ল ল র র ল র র র র প র দ য় দ য়
156969,startseq প য ন স ট র ট র র য য র র স র র স র স থ ন য ন ৷ endseq
156970,startseq ম ন র র অ য ন ম খ জ ব চ ষ ট কর ন ন endseq
156971,startseq আজক র ঘটন ঘটন endseq
156972,startseq জয়প র র জ য র স য ন য ন য ন শহরট ক র র র র র র র র র ন ন endseq
156973,startseq এই প র ন র গ র অ শ গ র র র ন ন র ম ত হয ছ ল endseq
156974,startseq আম ক ঢ ক র র র র লগ ড় র ট র ট র ট ক বল ন endseq
156975,startseq ম ন ষ র ক ষ ত র ন ষ ঠ ন ড র স র ন ৷ endseq
156976,startseq জয প র প র ও ন ম ও ন ন ম ও ন র ন ম ও ন র ন র জন য ব খ য ত endseq
156977,startseq ব ন ত চ ন ন ছ ল ন ন ছ ড ও ছ ড ও ব ন ও এই ছব ত র খ ব ব কর ছ ল
156978,startseq দক ষ ণ ভ রত র প রধ ন র প রধ ন র ষ ট র র র র র র র ষ ট র কর endseq
156979,startseq ম ম লয র র র য র য র র ব শ বব দ য র মধ য ব শ বব দ য র মধ য প রত
156980,startseq ক ষ ক ষ র ক ষ ত র ন ন ন ক ষ ত র ন ন র র র ন র ন ন ন ন ন ন
156981,startseq দ ট দ ই ধরণ র দ ট র দ ই ধরণ র ক ট আছ ৷ endseq
156982,startseq প ষদ র গ র ম র য র মধ য স থ ন র মধ য গ র র র জন য পর চ ত endseq
156983,startseq এখ ন প রত র ক টর শতকর ক টর শতকর ক টর শতকর ক ল ম ট র ৷ endseq
156984,startseq দ র র আমর দ র ত য আমর ত র র র ক ছ ল ন ক ন র ক ন র ক ছ ল ন endseq
156985,startseq ক উ চ ত র র ন য র য য র র র য য ত প রত দ ন য য ত প র ন endseq
156986,startseq একট ক ষ ত র র ন ষ র র ষ ট কর ন ষ র র ষ ট কর ন endseq
156987,startseq এই প র নদ র প প রদ শ প প হ ড প রদ শ র প রক ত র প রক ত র ক রণ হয় ক
156988,startseq ক ছ ক ছ ব র র র র র র র র র র র র র গ র ক ন র গ র ক ছ ন endseq
156989,startseq ত র ক ছ অন য দ র অন ক দ র ক ছ ক ক ক স থ ক ছ ক ত ক ত ক ছ ন endseq
156990,startseq ব র র র র ন র ব র ব র ব র ব র ব র ব র ব র ন ন endseq
156991,startseq য র র র য র ট র র য র ট র র য র ট র র ট গ ছ র গ ছ র গ ছ ল
156992,startseq গ ছ র র র র র ত হয় এব ত র র ত র র ত র ত র ত র ত র endseq
156993,startseq ঘর র বন ধ কর ন endseq
156995,startseq আপন ক আম ক ত র খ র ত র বলত প র endseq
156996,startseq ক ন ম র র ম র ন ম র র র র জ য র র জ ল র একট গ র র ল ল ৷ endseq
156997,startseq ন ক র র ন ও ম ন ক ত স থ ন য ন ত র ন ন ন ত ন ন ত স থ ন কর ন
156998,startseq গ য ল র র র র ষ র র য র র ষ ঠ র ব র র ম র ষ ঠ ন র র য গ কর
156999,startseq আম র ক ক ঘটছ ঘটছ endseq
157000,startseq ব চ চ খ ব ত নট ব ট ল ট ল ট ল এব ব ল ট শ র ট শ র কর ছ ন endseq
157001,startseq এট ন ত র ত র ক ষ ত র র র ত র য় endseq
157002,startseq ১২তম র জ ত র জ ত র জ ত র র জ ত র র র র র র র ছব র চলচ চ ত র অভ নয
157003,startseq ভ ন ন ন স স এব এব ধ র স এব স ল ন র স ন য য দ ত ছ ল endseq
157004,startseq ভ ম ন ক ক ক ন ন ক ক ন ক ক ন ক ক ক ক ক ক ক ক ন ন ন ৷ endseq
157005,startseq ম র র র র র রক ত র স রক ত র স রক ত স রক ত কর য য ত প র endseq
157006,startseq য ক ব শ ব শ ব শ চ ন ত ক ল চ ছ ল ন এব ত র ক ন দ য় ন endseq
157007,startseq স স ল স স ল হ স ল হ ন দ র র র র র র র র র র র ছব ত র মধ য একট
157008,startseq ত র ত ত হল একট গ র ক র ক ল ল ক র স থ ন র স থ ন র ল র স থ ন য
157009,startseq আম ক এ ট এ ক ক ন দ খ প প র endseq
157011,startseq ন ন র র র র স র স র স র স র স র স র স র স র স র স র স থ ন
157012,startseq আম র এল ক য এই সপ ত হ ন ত ঘটন ক ঘটন ন ঘটন ঘটছ endseq
157013,startseq অন গ রহ কর এই ত র ত র ত র ত র র স ট কর ন endseq
157014,startseq ম ন ক র ক তর ষ ট র র র র র ক ক endseq
157015,startseq কঠ র বরফ র বরফ পড ল বরফ পড ল ল পর য ন ন পর য য য য ৷ endseq
157016,startseq জ ল র র ব র র র র র র র র র র র র র র ত র র র র র প র endseq
157017,startseq ক গ হ গ হ গ হ ত গ হ ত র র র ত র উৎসর গ ক ত endseq
157018,startseq ত ন অভ ন ত র ব র র র র র র ন ষ ঠ ত endseq
157019,startseq ক ন গ র ন ন ন য ন ন য ন ন গ ন ন গ ন ন ন ন endseq
157020,startseq উত তর র র ণ র থ ক দক ষ ণ র থ ক ম ক ম দ র এব পশ চ ম দ র এব ম ট র
157021,startseq আজ ক সময এব দ ন endseq
157022,startseq আপন র শ শ র ত ত ত খ খ ত ত র খ ত র ত র ত endseq
157023,startseq এছ ড ও জল খ র গরম জল র স ন ম খ ন ন ন ন ৷ endseq
157024,startseq স থ ন থ ক উচ চত হল উচ চ চ র উচ চত য অবস থ ত রয ছ endseq
157025,startseq গরম র ষ মক ল গ র ব ব ব ড য য় ৷ endseq
157026,startseq এই শহর র শহর র শহর র শহর র শহর র শহর র প রত ট বইট পড় ন endseq
157027,startseq স ধ দ ন চ চ র চ ক ত থ ক ব চ চ দ ধ দ ধ ব চ চ দ দ য় endseq
157028,startseq অন ক মন দ র র ন র র র র র ম ন র ম ণ কর হয ছ endseq
157029,startseq যদ এট হল একট হ র র এব এব ত র র ল এব আপন র র র প র র র র র র য ত প র
157030,startseq অত র র র র র র র র র র র র র র সময ক স ব ধ র স ক ক ত র র endseq
157031,startseq ম দ ধ র ম ল ল শ কর ম শ কর ন ৷ endseq
157032,startseq গ র ষ গ ল এব শ র ষ ণ শ ল শ ল শ ল এব শ ল এব ম এব এব এব এব এব য ণ য
157033,startseq স ক ক থ ক ক ক ম ট র দ র থ ক ম ক স থ ক ত ক ত ত ৷ endseq
157035,startseq এট জন য যদ ব র থ ক য য ন য যদ আপন র ক য ন ত হল ও ক ষত গ র ত হত প র
157036,startseq শ ক রব র ত র র র ত র র র র র র র ন ন ত র র ন ত র র র ত কর endseq
157037,startseq ম জ র ম য লয র য য ন ন য র ব দ য লয র ব দ ধ র র র র ত য রয ছ
157038,startseq ছয ছয ট endseq
157039,startseq ব ব র র র প র ব ব চ চ র র ব র র জন য এক ব র য র জন য কর হয endseq
157040,startseq একট গ র ত র র পর র ক র র পর ক ষ র র র অন ক র র য য র র য য গ র
157041,startseq সর ষ ক ত ব ক ম র ম ত র ম ত র র ম র ক ক জ ন ন ন ন endseq
157042,startseq আম দ র ক ন য ক ন য ক ন য ক ন য য ক র ক র র র র endseq
157043,startseq ক গ ন ব জছ endseq
157044,startseq প ণ ড র গ ছ র স ন দর য স ন দর য য ৷ endseq
157045,startseq ক ষ ক র পশ চ ম র ষ র উত প দন এব ষ ক ষ র প রয জন ত ত র উপর ভ ত ত ত
157046,startseq প থর র থর র থর এব ম এব এব এব এব এব এব এব এব এব ম র র র র র হল অন যতম আকর ষণ endseq
157047,startseq স ট র র র র র র ত র র র র র র র র র ট র স ট র র প র ন endseq
157048,startseq প ন চ র ত ত র ছ ড় ত ল ছ ড় য় ছ ল ন এব ত র গ ছ endseq
157049,startseq স ন ন র ন ন ন র খ ন র র র ন ন র খ র মধ য হ ট র অভ য গ কর উচ ত
157050,startseq এট ক ভ ল র র র য ন য ভ র র র য র য র র য র ব র য র র র য endseq
157051,startseq প র র র র র র র পড র ফল শর র জল পড ত হল ত র র র প রভ ব পড ৷ endseq
157052,startseq যদ ও ক ক ন ন জ র বল মন কর হয় য ন ত য ত র বল হয় য য় endseq
157053,startseq উপরন ত আপন আপন ক প র প র ক ক ক ক প র প র ক ক ক প প প প র ন endseq
157054,startseq ন র ভ ষ এব ন ত র প র ণ এব প র ণ এব প র থম ক ভ ল র জন য পর চ ত endseq
157055,startseq দশ ম ন ট র কফ ম ন ট র কফ ম ত ত ত ত ত ত র ম ত র কর ন endseq
157056,startseq ত র ক ন য র র র র র র প র প র ন র ন ত র কথ বল ন endseq
157058,startseq যদ ত র ক র ক খ দ খ ন য ত হল খ ব র খ ন endseq
157059,startseq ভ রত র চ র চ ন ক র ক র ক ত ক র র র র চ ষ র চ ষ ট কর হয় ৷ endseq
157060,startseq ত র ক ছ ক ষ র র ন ষ র জন য ক ষ র ক ষ ক র ক ষ কর ৷ endseq
157061,startseq ন ন ন ন ন ন ন ন ন ন ন ন ন ত ন ন ন স ন ন ন endseq
157062,startseq ব ন য ন ন স ন ন র স ন য য য ন র সমস য হয় য য় য র র র ধ রণ হয় endseq
157063,startseq ক ন ন ন ন ত র স থ ন ত র র ত র র র ত র দ র ন ত ন দ য ৷ endseq
157064,startseq স ধ রণত ব স র স স স স ধ রণত একট স ব ধ রণত ব স ব দ ব র স ব দ খ হয endseq
157065,startseq আগ র পর পর পর যটকদ র ক ছ পর বর ত ত র ন ত এখন ত ন এখন ব ন ন ন কর হয় ছ endseq
157066,startseq স ই নয় নয় নয় নয় ন ত ন ত র র ন র র র র র র র র র র র র র র র ব
157067,startseq এট র গ র প র য র স ব স ত র বছর ব দ ধ প র বছর ধর বছর ব প লন কর হয endseq
157068,startseq এখ ন থ ক উত তর শ র র ম র ম র ম শ র শ ক ষ হয ৷ endseq
157069,startseq উদ হরণস বর প ক য ক ক ব ক ক কর র জন য ক ন গ র ষ ট কর ন endseq
157070,startseq এই খ ল য ল ক ক ক ন এব ক য এব ক এব ব য ক ত ব য থ ক endseq
157071,startseq প র র ব র থ ক ব র থ ক ব র থ ক ব র থ ক প ট র থ ক থ ক ন য় ন
157072,startseq প র জ ল জ ল র পর যটন স থল endseq
157073,startseq আজ আম আম র স ন ল আম র র ন ন গ ল আম র একট র য গ ন র একট জ ন গ ল খ ল
157074,startseq স ন দর স ন দর য য স ন দর য ল র স ন দর ঝ ল র ঝ ল আছ endseq
157075,startseq এই ব য গ য গ র ত ভ তর ভ ত ত ত ভ ভ ল ভ ভ কর উচ ত endseq
157076,startseq ভ রত র চ র র র মধ য হ র র মধ য হ র য ব শ বল মন কর হয endseq
157077,startseq ফ সব ক স ট য দ স ট endseq
157078,startseq এট ন খ ন থ ক ন ন ন ন থ ক ন ন ন থ ক এক ব র ন র র দ খ র র ন endseq
157079,startseq ছ ট ছ ট র স থ ন র র র র র র র র র চ ষ ট র চ ষ ট কর ন ৷ endseq
157080,startseq আজক র জন য র জন য ক ক আছ endseq
157081,startseq এট একট ধ রণ এব স ন দর শক ত প র ন য বল ন য বল ন য বল ন endseq
157082,startseq ক ন ত র ক ক ত স ক ত স ক ত স ক ত স থ স থ স থ ন ত থ ন ত endseq
157083,startseq ড চ র ক ছ ব ক ষ ক ষকদ র ক ক ক ষকদ র সম ভ বন থ ক ব স সম ভব স স থ য
157084,startseq ন গ ন র র র র র র র র র র র র র র র র র র প র য় endseq
157085,startseq কম খ কম কম কম এব কম এব ম খ ওয় র ম ত র ম ত র ম ন ষ ট ম ন ষ ট হয় endseq
157086,startseq ক ন এব ন ক ছ গ ত র সঙ গ ত ব জ ন গ ন ব জ ন endseq
157087,startseq প রচন ড ব য থ endseq
157088,startseq এই হ গ র হ ত আপন র প হ ত হ ত এব আপন র ফ র র ত প র ন endseq
157090,startseq হ য়দ র য য র র ব য র আনন দ উপভ গ কর য ত প র endseq
157091,startseq প র র ট ল ক র র য তখন তখন তখন ল গ ল এব তখন ত ল গ ল এব স ব দ য় endseq
157092,startseq এখন ব শ ল প র স স ন র স র স র স র স ত র প র দ ওয হয ছ endseq
157093,startseq চত র থ ক স ম ক চ ছ endseq
157094,startseq আম র আজ ত র খ র ক endseq
157095,startseq ম ম র র ষ ট র য উদ য ন র ন ন ন ন ন গ ন গ ন ও ন ট ন endseq
157096,startseq ভল উম ন র ভল উম ব ড় য় ন endseq
157097,startseq এই সময র ন র র র র র র র র র র র র র র র স থ ন য ত র ন endseq
157098,startseq ম ত র ক ত ক ত ক ত এব ক ত র র ক ষ র ন য়ন ত রণ ন য়ন ত রণ কর endseq
157099,startseq অক ট বর বর এর স ট র গ র গ ল র ট কর র কর দ য় endseq
157100,startseq বল হয য এই প র র ম র র র র র র র র র র র র র ম র শ র র র হয ওঠ
157101,startseq আম দ র আম দ র র শ য র র র র র দ র আম দ র দ র দ ক ন ন ন endseq
157102,startseq ভ ল ল র র র স থ ন র স য ভ ল উপ য স র সবচ য় ভ ল উপ র সবচ য় ভ ল উপ
157103,startseq অতএব ফসলচক র স থ স থ স থ র উত প দন র উত প দন র প রভ ব ত হয় ৷ endseq
157104,startseq প য য র র র য র য র র য র র র র র র প য য endseq
157105,startseq শ র চ ন ত র র র দ র ল ক র ব শ ষ দ র য য় endseq
157106,startseq ম ম ক ম ক ম র মধ য একট র ষ র মধ য প রত ষ ঠ ম র মধ য প রত ষ ঠ ত র
157107,startseq ম ল ন হল ক ল ম ট র দ র য খ ন য ল ন স ন ল ল স ন দর য য endseq
157108,startseq য গ র র স র ন য ন হল ন য ন ল গ ল য ন য ন ত হল ন endseq
157109,startseq আম ক একট কফ ব ন দ ও endseq
157110,startseq একব র র র র র র ত র ত প র ত ত র প র ন ত প র র ত প র endseq
157111,startseq প র ন ন এব ন ন ন ন ন নত ন ন নত ন ন ম র ন ন র র র র র endseq
157112,startseq ন জ র ন ন র র ন ন ন ন ত র ন ন ত ন ত র ন ন ত র ন ত ন endseq
157113,startseq ম র র এমন একট ব র র র র র র র ত র ত র ত ষ ট ক ষ ত র র ত র কর endseq
157114,startseq আপন ক ক ন নম বর প ক য ন ক ন য ন র জন য ক ন ক ট র র য য ন endseq
157115,startseq পর দ ক ছ দ ন র জন য র র র র র র র র স থ ক ব শ ব ন ন ৷ endseq
157116,startseq ন জ র ন ন র র ন ন ন ন ত র ন ন ত ন ত র ন ন ত র ন ত ন endseq
157117,startseq র গ র পর ষ ক র র পর ক ষ কর র পর দ ন র র দ ন র খ উচ ত ৷ endseq
157118,startseq স র স থ স থ স র স থ য র ক র ক ত স র ক ত ক র র ক ত স থ থ ক
157119,startseq ভগব ন র দ ধ র ম ন ষ র ক ছ এব ক ন র র র র র র র র র র প র ন ত
157120,startseq উত তর প র র ম ম ক ক ম ম ক র ক ক ছ অবস থ ত ৷ endseq
157121,startseq র র র ব র ব র ব ব র ব র ব র জল ব র ব র জল র ব র জল র ব র র হয়
157122,startseq হ ম ক র ক ন ক জ জ ন ত হল ক জ এব একট ত ত র ত র স র র endseq
157123,startseq ব র র দ ট খ ল য খ ল য খ ল য খ ল য খ ল র র ব র ব র কর endseq
157124,startseq এর ব র র স থ একট ম র র র ব র অর ড র কর ন endseq
157125,startseq একট জ র র ব এব ক র ব ব র র র জ জ ঞ স কর ন endseq
157126,startseq শ শ ব শ ব শ গ ল ব শ শ সহজ ই ল গ ল ক ক ত প র ৷ endseq
157127,startseq এই ভ ব ই জ র র র জ র র প ঠ ন ড ত প ছ ৷ endseq
157128,startseq আম র গ ন শ র কর endseq
157129,startseq ন জ র র র র র বড বড ল র র র ভ ন ন র র ভ ন ন র র ব শ ল র গ ছ
157130,startseq ক ছ ন ন দ র ন ত র ন ন ত র ন ন ত র ন ন ত র ন ন ত ব র ব স ব
157131,startseq স খ ন র র র র র ক ছ ক ঘটন র ঘটন র স শ ষ য গ য endseq
157132,startseq ন গ র ন ন ন র র র ন ন ন ন র ন ন ন ন র ন র ন ন endseq
157133,startseq ম ল ব র ত ক ন ন এব ক ন দ র ন ন এব ন এব ন র র র র ন এব ন র ন ন
157134,startseq স ল র স চ ত র র ন ম র অভ নয় কর র গ ন র ক ত র ক ত র কর ন endseq
157135,startseq র গ র র র র র গ র র র র র র শ ষ দ র দ র দ র দ ওয় আবশ যক ৷ endseq
157136,startseq গ ন চ ন গ র ব স ন গ র ব স থ ন ট র ব স থ ট র য র র থ ক ম ট
157137,startseq শ ধ র পর ষ ব র পর ত র পর ব র একট য ত র র endseq
157138,startseq ম ট র ক ন ত ত র কর দ য় ত দ র কর দ য় ত ন ত ত ত endseq
157139,startseq দ র র ধ এব এব ধ র র র র র র র র র র র র র র র র র র র র কর ছ
157140,startseq ন গ র ন ন ন ক ছ ক ছ ক ছ ক ছ ক ছ ক ছ প র চ ন ন ন ন ম র ন ন
157141,startseq চলচ চ ত রট ক ন ম ন ট ক প র ট ক ক ক ক ক ক ক ট র দ ট ক ক ট য endseq
157142,startseq ভ ল শহর র ব শ এব স ল র স র স থ ত ত হয ছ ল endseq
157143,startseq ম ন ম ম ম ম র ম ক ম র ম র র ক ম র র ণ র ম র র র ম স র র ব
157144,startseq স স থ স র ছ ল একট বড বড গ ছ ল ছ ল endseq
157145,startseq দ র র ড র নভ ম বর র ক র র র র র র র র র র দ র কর ছ ল endseq
157146,startseq জ ম র প র র ত র র প র শ র প র শ র ত র র ন ত ন endseq
157147,startseq হ স ল হ স ব একট ব শ ব ঐত হ স ব ঐত হ স ব হ স ব ব কর হয ছ endseq
157148,startseq ম স র স জ ঞ য ত কর ন endseq
157149,startseq ম থ র র ক র ন র র র ক র ক র ক র ক রণ ক রণ ক র র ক ক ক থ ক endseq
157150,startseq ক য ল ন ড র থ ক ইভ ন টগ ল ম ছ ফ ল ন endseq
157151,startseq প রত য উপমহ ভ রত য় মহ ল দ র একট প র চ ন ইত হ স ব ছ endseq
157152,startseq ক ছ জ য র র জ য র র র ত র র ন য র র র ত র র র ত র র জন য ত
157153,startseq ব ব র ক হ স ব ক র র র র র হ স ব স হ য য র স হ য য কর ছ ল ন
157154,startseq প র ত র ক ল র র ত রয ছ ৷ endseq
157155,startseq র জ য র জনস খ য র জনস খ য র র য র প রত হ ক টর র হ র র হ র endseq
157156,startseq ক ন ন র ন স ন ন ত স ন ন ত র ন ত র ন ত এখ ন ক ন ত এখ ন প ছ ন
157157,startseq অন ক ছ ন ছ ন ন ন ক ছ প র ক ছ ক ছ ক ছ ক ছ endseq
157158,startseq এত শ ল র র র গ ল র দ ন দ ন দ দ দ দ দ ওয় উচ ত ৷ endseq
157159,startseq নদ র উত তর ঞ চল প রদ ন র ক ক র ক র চ ন গ র ম ক গ ছ endseq
157161,startseq গল প র র র র র থ ক ও ক র র র ক ছ ট র র র র র র ত ক ত ক ত endseq
157162,startseq প র ন র ন র র র প রথম ভ রত য র প রথম দ ক র র র র র র র র দ ন য
157163,startseq স ব স থ ন য ন ন র র থ ন য ন র র র অন ক র র গ র ম র গ ছ endseq
157164,startseq আপন য ক ন র র র র জন য ক ন য ন য র ক ন র ক য র র ক ন র গ রহণ কর
157165,startseq গরম ত গরম endseq
157166,startseq ক ন ন ন ন য ন প র ন ল ল হল ন ল ল প রধ ন র প রধ ন ক ষ ট র endseq
157167,startseq ন ন ন ন ন ন ন ন ন ন ন ন ন ন ছ ল ন ন স ন ন র ল ল ন endseq
157168,startseq ন র র র র র র র ক ছ ক ছ ভ রত য স র স স স স ব স হ স ব ভ ন ন
157169,startseq এখ ন প র ক জল র ড থ ক ৷ endseq
157170,startseq র জ র ত র ক জ ক ত শ য় ন য় পড ন ৷ endseq
157171,startseq ত ন ১৯৯৯ স ল ন স ন ম ন র অভ নয ত র র ক র র র র র ব ব ব ব ত কর ছ
157172,startseq এট শর র র থ ক র স থ র ত র র থ ক ত স থ র থ ক ব শ ত করত য য য য
157173,startseq ক ছ ক ছ ক ছ য একট ন র ক ক ক ক য য খ ন স থ য য endseq
157174,startseq এর স থ ক ত স থ থ ক শ ষ ত থ ক শ ষ ট র য স থ র জন য প র প ওয় য
157175,startseq ম ছ ল ক ছ ল ক ব শ ষ ক ল শ র র র ট র চ ষ ট কর ন endseq
157176,startseq ক ন এব র র ন র ন র ন র ন র ন র র ন র ন ও কম কর ছ ছ endseq
157177,startseq বল হয ছ ল ন ন র র ন র ছ ল ন ন র ছ ল ন র র র ছ ল endseq
157178,startseq যখন আপন ক শ ধ র র ক ছ ক ছ ব য ক ক ব শ র জন য ক ক দ ন endseq
157179,startseq ক য নস র ক য য য য র ত য ত ত য ত ত র ত য ত প র ত প র endseq
157180,startseq আম ক একট ম স ট র স ট র স বর ণন র বর ণন দ ন endseq
157181,startseq প র র র র র র র র র র র প র ণ র প র দ র দ র দ র দ ব র ত দ
157182,startseq স র র র র র ফল র র র ফল র র র র ক র র র র র ক র হয় য য় ৷ endseq
157183,startseq স থ ন য ম র গ ন ন ন ন ন ন ন ন ন ন ন ন ন ন ন ন ন endseq
157184,startseq গ জ র ভ ব ভ ব দ শ র র ক ক ষকদ র ক ষত র র র র র র ওয় উচ ত ৷ endseq
157185,startseq ব র ল ন নট ন ত নট প র ন ত ন ন ন ন ন ন ন র র একট ন র র একট র র একট
157186,startseq ন ন ল ক ক ল প র প রথম স থ ন র র র র র র র র র র র র য endseq
157187,startseq প র র র র র র র র র র র র ক র ক র ক endseq
157188,startseq আপন ক আম র জন য ট স ট স ট স ট স ট করত হব endseq
157189,startseq ধন র সময় ক জ র গ র ক জ র গ র ক জ র গ র ক জ র র র প রধ ন ফসল প ওয়
157190,startseq ক ন ন ন ন ন ন ও ক ষ ক এব এব প ষ ট য দ দ খত প র endseq
157191,startseq একট প র থম ক একট প র থম ক একট ব র র একট ব ল ল বর বর তন বর বল হয endseq
157192,startseq প র র র র দ খ দ য দ খ য য় তব এট ব শ কর দ খ য য় endseq
157193,startseq ক ন ক ধরন র বড বড ক র র র র র র র র র র র কম হয় ৷ endseq
157194,startseq ক রল র র ক র ক র র ক র র ক র র ক র র র র র র র র র endseq
157195,startseq ত ই স ই দ ন দ ও মন র মত ৷ endseq
157196,startseq য খ ন সম ভব প র দ ধ প র দ ক প র দ দ র দ দ দ ধ কর দ ওয় উচ ত endseq
157197,startseq ব ব র র র র র জন য দ দ র জন য আম ক মন কর য দ ন endseq
157198,startseq এর স র র র র য য য গ ছ য স গ য স হ য য স হ য য য য endseq
157199,startseq কমল ল ব র র ওয় র জন য ওষ ধ ব যবহ র কর র জন য ওষ ধ ব যবহ র কর র জন য উপয ক
157200,startseq দ দ র র র র র র পর ক ষ কর র দ দ ওয় হয় ছ endseq
157201,startseq এই প র য়ই প র য়ই প র য়ই প ক র ক ক ক দ র ঘ র ত ত ত ত ত ত endseq
157202,startseq ম ন র ক ছ ক ছ ট ছ ল ন ন ন শ র র ক ন ন ন endseq
157203,startseq ব ব ব ব ব ব ব ব ব ব ব ব ব ব ব কত endseq
157204,startseq দ ট জ ন নভ ম বর থ ক ই জ ন ন ই হল ই থ ক endseq
157205,startseq ম ন ন এব এব ন এব ভ তর র দ ক র প য য় endseq
157206,startseq ফ ল ন র ন আপন আপন র দ ব র দ ব র দ ব র দ ব র দ ব র দ ব র দ খত প
157207,startseq আজ ন ল ল ন র র র র র র র র র র র র র র ট ল ল র মধ য একট দল ল ন
157208,startseq আপন ক ক ন ক ল খ ন র খত প ওয য য ন র র দ খ ন র ক ট ক ন ক ন কর ছ
157209,startseq এই স থ ন চ ন চ ন চ ন ত ব ত র আর ব র ব দ ব র ব দ ই ব দ ব র endseq
157210,startseq এট র জ য র জ য র জ য র র জ য র মধ য প র র র র য র সবচ য ব ক য
157211,startseq হ ত র র র র র র ন ন ন ন ন ন ন ন ন ন endseq
157212,startseq ক ক ক র স স ক ষ র স স ক ক স ক ক স স ক ক ক স স ক ষ কর হয় endseq
157213,startseq ঢ ক র সময সময প র ন endseq
157215,startseq ক ষ ক র র র র গ র ত বপ র ণ স বপ র ণ ৷ endseq
157216,startseq ক ন ন ন ন প র প র য প য প য প য প র ব শ ব শ থ ক প ছ য দ খ
157217,startseq প র র র র র র র র র র র র র র র র র ত র র ত প র endseq
157218,startseq গত আই এ এম আই এ আম র স ট স কত খরচ কত endseq
157219,startseq এই নদ নদ নদ ক ছ ক ন endseq
157220,startseq তব এই দ র মধ য এই দ র ব ব দ ধ র ব ব ব দ ধ endseq
157221,startseq ড ন র র ক ছ স ন দর ক ছ ন ন দর গ ল র একট স র প রধ ন আকর ষণ কর endseq
157222,startseq এই ন য ত ত দ ব ন ত আপন দ খত হব ন endseq
157223,startseq ক র ম র ক র ক ন র র র র র র র র র র দ র দ ন ন ন ন ন ন ন ন
157224,startseq ইহ ভ স ক ত য ন ন ন ন ন ন ন ন ন ন ন ন র ন ড ন র ন ন endseq
157225,startseq অন ক ক ন ম ন ব শ endseq
157226,startseq গ র ম র ক ক ক ক ক ষ ক ষক র ক ষক র ক ষক র ক ক র র endseq
157227,startseq আগ ম ক ল সক ল সক ল সক ল আটট র অ য ল র ম ট endseq
157228,startseq ন ন য য য য ভ ন ন স এব স এব স বন ধ র স থ স থ ন য য য ৷ endseq
157229,startseq আম দ র র র র র র র র ক র ক ক ব শ কর র ক ন ক র ক ন endseq
157230,startseq ট ক অন ক ধরণ র হয় আর ব ও হ ড র র র র র র হয় হয় ৷ endseq
157231,startseq এই জন য ওষ ধ র র গ য য় ম ত য য় ম ত র কর উচ ত ৷ endseq
157232,startseq ক ছ ক ছ ই র জ র র র ক ত ক ক র স ক ক ক ক ক ক ক স র স ন য় ন
157233,startseq ন ন ক ন ন ন ক ন ক ন অভ নয় কর ন ক ন ক ন ন ন ন ন ন ন ম ন ত endseq
157234,startseq এট ক শ র র র র র র র র র র র র শ র শ ক র ক নত হব endseq
157235,startseq ভ রত র ভ রত র র র র র র র র ক ত ক ক ক ত ক ক ত ত ক ত ত ব দ ত
157236,startseq একট ম য ন র র ন ন ন র র র ততম উপ য ক ক endseq
157237,startseq এই র ত র র গ র ত র গ র ত র গ র ত র র য য় ৷ endseq
157238,startseq মন দ রট প র প র মন দ র র র মন দ র র র প র র র প র endseq
157239,startseq স র ন র ম ক ক ম প ন ন ন ন এব ক ন ন ন প ত র কর ছ ল ন endseq
157240,startseq আপন ক ন ন জ র ন ন আপন র আপন র আপন র আপন র প নর ব ত ত কর ন endseq
157241,startseq স ক র র র র র র শ র র র র র ন ন ন ন র ন ন ন দ য় দ য় endseq
157242,startseq ক ল র র প হ ড র হ হ আছ ৷ endseq
157243,startseq প র ন ন ন ক ন ন য ন ক ন ন য ন য ন র র র ক র র ত র endseq
157245,startseq দ শ র র র র র র র র র র র র র র র র র র ক র ক র ক ৷ endseq
157246,startseq এর জন য এট ই এট ব শ ল থ ক এট ক য থ ক য খ য য দ খ য য endseq
157248,startseq এট র র র র ই ই র জ র ষ ভ ষ র ভ ষ ত ছ ল endseq
157249,startseq বর তম ন র ড র ড ন ন ন ন ন দ র বল দ ব র ন ন দ ব র ন ন ন endseq
157250,startseq প র র র র র র র র র র র র র র চ চ র ৎস র চ ত ৎস র endseq
157251,startseq স ন ক ছ প র শ শ নয় endseq
157252,startseq য য স থ স থ য স থ য স থ য র র ন ত করত প র endseq
157253,startseq এই ন ন য় র গ ছ য় ক ক র ক ক ক ক র ক ক ক র য় ক ট ক র য় endseq
157254,startseq স থ ন র র র র র ত র স থ ন গ ল র স থ ন র ম গ র ত বপ র ণ থ ক
157255,startseq ক ন ক র ক র ক র ক র ক ত ক জ ন ন র র ক ত ক ক ন য় ন ন ন ন ন
157256,startseq ব ঙ গ ল র গ গ ল র প র চ ন র র র র র র র র র র র র র ত র আছ
157258,startseq যদ ব র ব শ থ ক ব শ থ ক তব ক র ত হল আম র র র র র স থ ক ৷ endseq
157259,startseq একট সক ল এক প রথম এক প র র ত র খ জ খ ন endseq
157260,startseq ত র ন ম র ন ম ন গ ছ ল ন endseq
157261,startseq গ য ল ন র র ল ও ল ও ন র ও ব ল এব ন র র র র ব র র স স র য র
157262,startseq ক র র র ক ছ ল ন য ক ছ ল ন র র র র র র র র র র র জন য ছ ল ন
157263,startseq ক ন ক ন ম ক ন ম ক ক জ কর ন endseq
157264,startseq স ন ত চ ক ত স হ য য ত ন র ন য ত র স থ ন উচ ত endseq
157265,startseq ম ল এব এব ফল র ফল র মধ য স র র র র র র র স ন দর য ন ন ন ন endseq
157266,startseq এই প ত র র গ ল প র থ ক এক অপর র থ ক থ ক য গ ত থ ক ৷ endseq
157267,startseq স ক ক ক ক ক ক ষ ত র ন ন র ক ষ র ক ষ র র ক র র র র প র endseq
157268,startseq আম ক ঢ ক য আবহ ওয র আবহ ওয় বল ন endseq
157270,startseq ফ ল র র র স ট র স ন ট র ড ও স ন ড ও ড ল র স ট র র র র endseq
157271,startseq স ন ন স স র স ন ন স ন ন র জন য ন র ব শ ক ছ ক ক ল গ ল প প ওয়
157272,startseq আম র একট ট য দরক র endseq
157273,startseq দ ল ল র র র র সনক ল র র ল র র র ল র র র র র র ত র ছ ল endseq
157274,startseq ন ক ক র ন র প ত র ব য ন ড ত প ত ত ত ত ব ব ব ব র কর হয় endseq
157275,startseq প ট র র র মন দ র প রধ ন মন দ র র প রধ ন মন দ র র প রব শ কর হয endseq
157276,startseq ক ন ন ক নও ন ক ন ন র ক ন ন ক ন র ক ক ক ত র ক ন ন ন ন ন endseq
157277,startseq পর বত র র ন ন ন ম র ন ম ন শহর র শহর র শহর র ন শহর শহর র শহর র স থ ন য দ
157278,startseq ব চ চ র র র র অন ক র র র র র র র অন ক র র র র র গ হয় ৷ endseq
157279,startseq খ ন ও ক ক ক ও ন র র র ক ষ ত র র র র র র র স ধ রণ স ধ রণ endseq
157280,startseq মধ যপ রদ শ র প রদ শ র প রদ শ র জ য র র র র র ব জ র প রয় জন য়ত হয় endseq
157281,startseq ন ন ন ন ন ন র শব দ র ন হয় endseq
157282,startseq উপরন ত ক ন ত র ক শ র ত র থ ক ম শ র ম ত র ব শ শ দ ধ ধর য য endseq
157283,startseq য র র গ র ক র গ র গ র গ র গ র গ র গ র গ র গ র গ র ত ত endseq
157284,startseq যদ গ র গ র ঠ ক ড হল ড ল গ ল হল ন র গ ল হল দ র র ল endseq
157285,startseq পশ চ ম র র র একট প র শ ত হ স ব দ ত ত র র র র জনপ র য় জনপ র য় endseq
157286,startseq প রত য গ ত র পর ক ছ ক পর ক র পর ক র ন ন দ ন endseq
157287,startseq শ র ক ক ক ম র র র র র জ য র র জ য র একট জ য র একট একট শ র থস থ ন
157288,startseq গ হ ম গ গ হ গ র ল ক ল ম ট র দ র অবস থ ত রয ছ ৷ endseq
157289,startseq এখন আবহ ওয় ক মন ঠ ন ড endseq
157290,startseq আম র এক ক প কফ দরক র endseq
157291,startseq মন র র র র র র র জন য র জন য র জন য র জন য উপয ক ত ব শ উপয ক ত ব যবহ
157292,startseq স ন ন স ন endseq
157293,startseq যদ ও এট ক র স র স থ র ক য য় য য় ৷ endseq
157294,startseq খ ব র জন য র র ন ন র র র প র ক ব ক endseq
157295,startseq এট গ গ ক ল ম ট র ক ক ল ম ট র endseq
157296,startseq খ দ র র র র খ ও চ ষ ট কর হয় চ ল র চ ক ত স র চ ক ৎস র জন য endseq
157297,startseq ন ন ন ন ন ন ন ন ন ন ন ন ন ন ন ন ন ন ন ন ন র ন ন ন ন endseq
157298,startseq স র র র স র র র স থ ন য র ক র র স হ য য কর ৷ endseq
157300,startseq ব ল চ ক ক ন ম ল ক ক ক ক য য ন ম endseq
157301,startseq স ধ রণ য নস র র র য র য ক ন ন র জন য ক ষ র র ক ষ কর র জন য প র
157302,startseq ন গ র র ন ন য স র ন য স স ন ন র স থ ন য ন য ন য ন য জন য ব
157303,startseq স থ ন য ল ল ও ল ল ও র ল য ন য র র য ল য ন য আয জন কর হয endseq
157304,startseq ক ষ র র ন র প প শ সম প র ণ ত বল বল ন endseq
157305,startseq স স র র র র স র ব র ব র র র র স থ র স থ য ব স থ য ব ত ত ত
157306,startseq ব যবহ র কর র আগ র র র র র র র র গ ল গ ন র গ র ত বপ র ণ ৷ endseq
157307,startseq র গ র লক ষণ র গ র লক ষণ হল এই ওষ ধ র ম ন ৷ endseq
157308,startseq ক ম র র র র ম র শহর র ম ত র শহর র থ ক ত ক ম শহর র স থ ন শহর র স থ
157309,startseq এই প র থম ক প র র থ ক এই রকম থ ক ম ত র ম ত র উপয ক ত ত র উপয ক ত কর
157310,startseq র গ র র র র র র র র র র র র র র র র র র র র র র র র উচ ত endseq
157311,startseq এট থ ক ঘন ট ঘন ট র মধ য প ট পর যন ত য গ য গ endseq
157312,startseq ন শ পর পর ষ ক র পর শ ন ন ন ৷ endseq
157313,startseq প রথম স ল প রথম স ল র র র র র র র র র র র ব দ ব ল দ ল র endseq
157314,startseq ক ন গ ল র রঙ র র র র র র র রথম প রথম স ল র বল হয ছ endseq
157315,startseq এই জন য প র ফল আর ব র ফ ল র প প প র ন ৷ endseq
157316,startseq ক র র র র র র র র র র র র র র র র র র র র র ত র কর ন endseq
157317,startseq শ ধ রপ রদ শ র শ ন ন গ র ন ন গ ল প লন কর হয endseq
157318,startseq কখনও কখনও কখনও র র র র র র র র র র র র ফল অন ক স র হয় য য় ৷ endseq
157319,startseq ত রপর থ ক ই জ য়গ য় ব জ র র য য র র র র র র য য endseq
157320,startseq ক ষ র স থ র র কর ন endseq
157321,startseq ভ রত র ব দ শ র জ য র উত তরপ রদ শ র প রদ শ র উত তরপ রদ শ র প রদ শ র হয
157322,startseq আম র দ চ র র ম ট ট ব ত ল কর ন endseq
157323,startseq ম ন র র গ ন ম ত র ম ত র কর হয় ছ ল endseq
157324,startseq আমলক র ভ গ ল ভ র য় ভ ল ভ ব ক র র র র র র র র র র ভ ল ভ ল ভ ল
157325,startseq ভ জ ব গ ছ র ব দ ক ন জ ন ন ত ব শ ল ত র জ ন ব যবহ র কর হচ ছ endseq
157326,startseq এই ম স র ব ইশ ত ক ন দ ন ক ম দ ন endseq
157327,startseq গ র সময র ম গ ন ম ম র ন ন ন ন ন ন র পর গত পর ক র র র র র জ ন কর
157328,startseq ক গ গ র গ র গ র গ র ম ন গ র ম র র র র র র র র ন ন endseq
157329,startseq স র র র প র প রথম ক প র প রথম স স থ স থ স থ স থ স র আগ ন ওয় উচ ত
157330,startseq প র র র র কর র জ কর র জন য ব যবহ র কর হয় য য় র চ ষ র র ব র র জন য
157332,startseq দ ব র র র র র র ড য় র র র র র র র র র র র ত হয় ছ endseq
157333,startseq জ ন দ ন র দ র র দ খ ন endseq
157334,startseq স ষ ব স থ ত ত ম ত র ক শ ব দ শ র থ ক ব শ দ ন থ ক ছ ছ প ছ ছ
157335,startseq ক য ল র র র র র র র র র র ক ছ ক ন ন ন ও ন ন র ক ন ন endseq
157336,startseq গতক ল প র র র র র র য ত র স ত র ছ ল endseq
157337,startseq পশ চ ম র র র র র র র র র র র ক ষ র ক ষ র র র র র র endseq
157338,startseq যদ আপন র ব যবহ র কর র জন য আপন ক ন য আপন আপন র শ শ র ন ন endseq
157339,startseq গ গ ত ত ত প রধ ন ব ত ত ত র ত ত ব র ত ত ত র ত ত র ত ত ব ত ত
157340,startseq ন ন শ র ষ র স থ ন য র স থ ন য র স থ স থ ন য ন য ন ন endseq
157341,startseq প র র র প প র র ত দ র র ত আপন র প র ত ত ত ত ত ত ত ত ল ত কর উচ
157343,startseq ক ন গ ম ট র স ট স ট র আর স ট র র র র স থ ন ট র মধ য প ওয য য
157344,startseq স স ল প ল প র ব প র ক এব ব ক য ন র দ ট র ল য র র সবচ য় ভ ল endseq
157345,startseq শ শ ক র র য য র ক ক ক ক ক ক ক ক র র ক ক ক ক ক ক ক ক ক ন ক
157346,startseq অন গ রহ কর র স ল র র র র র র র র র র র র র র র র ধ ন কর ন endseq
157347,startseq ক ন ত স ন ন য ন ত ক ন ন র র ক ন ত র র র র র র র ত র endseq
157348,startseq প র র ন ম র ন র র ন য র জন য ক ত র র র স থ ক ত র র র দ য র
157349,startseq একট জ র ন খ জ ন ন র র আপন র ব র র র র র র র র র র র ব র ব ন endseq
157351,startseq আম র স ন ন ন স দ দ দ খ ছ ন endseq
157352,startseq গ ন ন ন র র গ র র গ র র গ র দ র দ র দ র দ র আছ ৷ endseq
157353,startseq ক ছ ক ষ ত র ক য য ক র ন স ন দর য য কর ন endseq
157355,startseq গ র ত র ন ন ন ন ন ন ন ন ন ন ন ন ন ত র ন ন ত endseq
157356,startseq ক ষ ত র র ত র র ক ত র র র ত র র র ত র র র ত র ত র র endseq
157357,startseq এই র র র র র র র উপর ন নত ন ন র ওপর ব শ ন ন ন ন endseq
157358,startseq এট মহ ল দ র মহ ল দ র স থ স থ য ত র সমস য র সমস য endseq
157359,startseq স র ষ হল হল ন র ষ ট র য উদ য ন র স ধ রণ হল স ধ রণ প রধ ন র endseq
157360,startseq এই অঞ চলট র শ ল র র শ র ব শ র শ র ত র ব শ ত র ত ন ত য ছ ল endseq
157361,startseq ম ন ত র ন ত ম ন স থ ন ন র স থ ন র স থ ন র স থ ন ন ন ন ন ন
157362,startseq এই স ষ ণ ভ রত র ষ ট র র র শ ষ র শ র র র র র র র র র র endseq
157363,startseq এই র গ র প রথম ব শ প রথম ব শ শ র কর বর ণন কর ন endseq
157364,startseq দ ট ই এখ ন র ষ ট প রধ ন ই প রধ ন ৷ endseq
157365,startseq ন কটতম র ট শন স ট শন খ জ ন endseq
157366,startseq খ র চ চ চ চ চ চ চ চ চ ছ ল ন ন endseq
157367,startseq অর থ ত ই প য র স র স থ য র জন য ব শ ল র র র র র ব ব ব ড য endseq
