article_number,categories,title
5312,[],Uncategorized Article
18357,[],Uncategorized Article
6428,[],Uncategorized Article
15414,[],Uncategorized Article
10610,[],Uncategorized Article
3047,[],Uncategorized Article
19438,[],Uncategorized Article
19204,[],Uncategorized Article
23346,[],Uncategorized Article
15701,[],Uncategorized Article
15110,[],Uncategorized Article
18791,[],Uncategorized Article
16983,[],Uncategorized Article
3885,[],Uncategorized Article
8104,[],Uncategorized Article
18924,[],Uncategorized Article
25388,[],Uncategorized Article
26083,[],Uncategorized Article
4884,[],Uncategorized Article
8203,[],Uncategorized Article
4788,[],Uncategorized Article
13985,[],Uncategorized Article
2701,[],Uncategorized Article
13590,[],Uncategorized Article
19179,[],Uncategorized Article
24013,[],Uncategorized Article
1215,[],Uncategorized Article
7842,[],Uncategorized Article
18571,[],Uncategorized Article
16681,[],Uncategorized Article
13989,[],Uncategorized Article
13381,[],Uncategorized Article
19466,[],Uncategorized Article
23188,[],Uncategorized Article
21262,[],Uncategorized Article
5500,[],Uncategorized Article
19859,[],Uncategorized Article
3594,[],Uncategorized Article
19826,[],Uncategorized Article
13655,[],Uncategorized Article
2585,[],Uncategorized Article
21742,[],Uncategorized Article
2350,[],Uncategorized Article
12151,[],Uncategorized Article
22822,[],Uncategorized Article
4191,[],Uncategorized Article
17638,[],Uncategorized Article
25128,[],Uncategorized Article
9733,[],Uncategorized Article
5102,[],Uncategorized Article
6316,[],Uncategorized Article
26259,[],Uncategorized Article
6187,[],Uncategorized Article
6760,[],Uncategorized Article
5971,[],Uncategorized Article
16277,[],Uncategorized Article
12428,[],Uncategorized Article
9140,[],Uncategorized Article
25331,[],Uncategorized Article
17829,[],Uncategorized Article
7406,[],Uncategorized Article
11644,[],Uncategorized Article
18137,[],Uncategorized Article
11660,[],Uncategorized Article
19748,[],Uncategorized Article
25235,[],Uncategorized Article
9334,[],Uncategorized Article
5227,[],Uncategorized Article
2641,[],Uncategorized Article
5504,[],Uncategorized Article
8178,[],Uncategorized Article
14013,[],Uncategorized Article
25445,[],Uncategorized Article
26055,[],Uncategorized Article
1569,[],Uncategorized Article
19957,[],Uncategorized Article
24735,[],Uncategorized Article
6271,[],Uncategorized Article
10569,[],Uncategorized Article
7763,[],Uncategorized Article
5405,[],Uncategorized Article
428,[],Uncategorized Article
22513,[],Uncategorized Article
10697,[],Uncategorized Article
10941,[],Uncategorized Article
10008,[],Uncategorized Article
24702,[],Uncategorized Article
4745,[],Uncategorized Article
1959,[],Uncategorized Article
19367,[],Uncategorized Article
9774,[],Uncategorized Article
3181,[],Uncategorized Article
19079,[],Uncategorized Article
1266,[],Uncategorized Article
7071,[],Uncategorized Article
18594,[],Uncategorized Article
22810,[],Uncategorized Article
5937,[],Uncategorized Article
16413,[],Uncategorized Article
99,[],Uncategorized Article
10108,[],Uncategorized Article
16540,[],Uncategorized Article
6904,[],Uncategorized Article
10898,[],Uncategorized Article
9736,[],Uncategorized Article
11611,[],Uncategorized Article
14673,[],Uncategorized Article
6921,[],Uncategorized Article
18054,[],Uncategorized Article
14015,[],Uncategorized Article
12520,[],Uncategorized Article
4702,[],Uncategorized Article
7277,[],Uncategorized Article
7886,[],Uncategorized Article
15025,[],Uncategorized Article
24790,[],Uncategorized Article
18636,[],Uncategorized Article
6663,[],Uncategorized Article
19489,[],Uncategorized Article
5514,[],Uncategorized Article
24120,[],Uncategorized Article
16765,[],Uncategorized Article
8489,[],Uncategorized Article
17229,[],Uncategorized Article
4877,[],Uncategorized Article
23824,[],Uncategorized Article
19246,[],Uncategorized Article
6887,[],Uncategorized Article
10316,[],Uncategorized Article
25161,[],Uncategorized Article
3858,[],Uncategorized Article
12902,[],Uncategorized Article
12193,[],Uncategorized Article
24883,[],Uncategorized Article
9440,[],Uncategorized Article
19876,[],Uncategorized Article
20156,[],Uncategorized Article
9530,[],Uncategorized Article
17481,[],Uncategorized Article
17105,[],Uncategorized Article
24771,[],Uncategorized Article
26813,[],Uncategorized Article
5225,[],Uncategorized Article
12893,[],Uncategorized Article
2588,[],Uncategorized Article
15293,[],Uncategorized Article
10210,[],Uncategorized Article
12400,[],Uncategorized Article
26048,[],Uncategorized Article
2851,[],Uncategorized Article
16316,[],Uncategorized Article
10768,[],Uncategorized Article
2152,[],Uncategorized Article
9027,[],Uncategorized Article
12304,[],Uncategorized Article
5584,[],Uncategorized Article
8931,[],Uncategorized Article
24646,[],Uncategorized Article
12562,[],Uncategorized Article
14627,[],Uncategorized Article
13400,[],Uncategorized Article
8618,[],Uncategorized Article
14690,[],Uncategorized Article
24584,[],Uncategorized Article
25848,[],Uncategorized Article
18126,[],Uncategorized Article
22442,[],Uncategorized Article
14094,[],Uncategorized Article
20762,[],Uncategorized Article
13172,[],Uncategorized Article
26431,[],Uncategorized Article
20665,[],Uncategorized Article
13847,[],Uncategorized Article
9099,[],Uncategorized Article
20441,[],Uncategorized Article
10935,[],Uncategorized Article
20573,[],Uncategorized Article
2819,[],Uncategorized Article
22231,[],Uncategorized Article
7503,[],Uncategorized Article
2752,[],Uncategorized Article
18143,[],Uncategorized Article
9559,[],Uncategorized Article
2533,[],Uncategorized Article
16543,[],Uncategorized Article
4679,[],Uncategorized Article
3308,[],Uncategorized Article
250,[],Uncategorized Article
4059,[],Uncategorized Article
4194,[],Uncategorized Article
18158,[],Uncategorized Article
25880,[],Uncategorized Article
196,[],Uncategorized Article
21875,[],Uncategorized Article
12620,[],Uncategorized Article
18434,[],Uncategorized Article
26010,[],Uncategorized Article
24047,[],Uncategorized Article
5875,[],Uncategorized Article
18404,[],Uncategorized Article
3421,[],Uncategorized Article
345,[],Uncategorized Article
10318,[],Uncategorized Article
323,[],Uncategorized Article
8892,[],Uncategorized Article
5671,[],Uncategorized Article
22410,[],Uncategorized Article
13468,[],Uncategorized Article
4047,[],Uncategorized Article
22158,[],Uncategorized Article
7497,[],Uncategorized Article
8483,[],Uncategorized Article
8029,[],Uncategorized Article
18893,[],Uncategorized Article
19796,[],Uncategorized Article
21309,[],Uncategorized Article
13090,[],Uncategorized Article
23763,[],Uncategorized Article
5673,[],Uncategorized Article
13220,[],Uncategorized Article
12293,[],Uncategorized Article
17011,[],Uncategorized Article
21023,[],Uncategorized Article
1981,[],Uncategorized Article
1202,[],Uncategorized Article
14943,[],Uncategorized Article
7731,[],Uncategorized Article
10864,[],Uncategorized Article
26295,[],Uncategorized Article
24693,[],Uncategorized Article
9999,[],Uncategorized Article
22567,[],Uncategorized Article
19199,[],Uncategorized Article
12287,[],Uncategorized Article
4157,[],Uncategorized Article
8170,[],Uncategorized Article
23978,[],Uncategorized Article
17446,[],Uncategorized Article
10249,[],Uncategorized Article
10152,[],Uncategorized Article
3993,[],Uncategorized Article
16463,[],Uncategorized Article
1433,[],Uncategorized Article
1923,[],Uncategorized Article
11879,[],Uncategorized Article
25926,[],Uncategorized Article
16124,[],Uncategorized Article
2142,[],Uncategorized Article
22468,[],Uncategorized Article
2937,[],Uncategorized Article
15554,[],Uncategorized Article
6355,[],Uncategorized Article
19798,[],Uncategorized Article
18675,[],Uncategorized Article
6307,[],Uncategorized Article
15900,[],Uncategorized Article
2592,[],Uncategorized Article
16756,[],Uncategorized Article
24356,[],Uncategorized Article
15143,[],Uncategorized Article
15725,[],Uncategorized Article
24628,[],Uncategorized Article
13627,[],Uncategorized Article
26563,[],Uncategorized Article
11238,[],Uncategorized Article
23463,[],Uncategorized Article
26866,[],Uncategorized Article
13492,[],Uncategorized Article
20634,[],Uncategorized Article
17601,[],Uncategorized Article
15071,[],Uncategorized Article
22317,[],Uncategorized Article
13887,[],Uncategorized Article
6857,[],Uncategorized Article
14442,[],Uncategorized Article
15272,[],Uncategorized Article
13197,[],Uncategorized Article
10362,[],Uncategorized Article
12636,[],Uncategorized Article
23849,[],Uncategorized Article
26066,[],Uncategorized Article
16801,[],Uncategorized Article
26774,[],Uncategorized Article
19227,[],Uncategorized Article
11961,[],Uncategorized Article
20434,[],Uncategorized Article
25431,[],Uncategorized Article
9507,[],Uncategorized Article
25666,[],Uncategorized Article
866,[],Uncategorized Article
22198,[],Uncategorized Article
2958,[],Uncategorized Article
12912,[],Uncategorized Article
12030,[],Uncategorized Article
15263,[],Uncategorized Article
7330,[],Uncategorized Article
26254,[],Uncategorized Article
9773,[],Uncategorized Article
25115,[],Uncategorized Article
14108,[],Uncategorized Article
17538,[],Uncategorized Article
16111,[],Uncategorized Article
4037,[],Uncategorized Article
22363,[],Uncategorized Article
20970,[],Uncategorized Article
6148,[],Uncategorized Article
5259,[],Uncategorized Article
21383,[],Uncategorized Article
18110,[],Uncategorized Article
6258,[],Uncategorized Article
23380,[],Uncategorized Article
19378,[],Uncategorized Article
12798,[],Uncategorized Article
21265,[],Uncategorized Article
24650,[],Uncategorized Article
10325,[],Uncategorized Article
12659,[],Uncategorized Article
5784,[],Uncategorized Article
25323,[],Uncategorized Article
18131,[],Uncategorized Article
15829,[],Uncategorized Article
25479,[],Uncategorized Article
9602,[],Uncategorized Article
8896,[],Uncategorized Article
16214,[],Uncategorized Article
7661,[],Uncategorized Article
9749,[],Uncategorized Article
12090,[],Uncategorized Article
15953,[],Uncategorized Article
4178,[],Uncategorized Article
12983,[],Uncategorized Article
15245,[],Uncategorized Article
22202,[],Uncategorized Article
1190,[],Uncategorized Article
9162,[],Uncategorized Article
16735,[],Uncategorized Article
15981,[],Uncategorized Article
14608,[],Uncategorized Article
24795,[],Uncategorized Article
23940,[],Uncategorized Article
5460,[],Uncategorized Article
4672,[],Uncategorized Article
16090,[],Uncategorized Article
9152,[],Uncategorized Article
16174,[],Uncategorized Article
16797,[],Uncategorized Article
6179,[],Uncategorized Article
15314,[],Uncategorized Article
22040,[],Uncategorized Article
17223,[],Uncategorized Article
25957,[],Uncategorized Article
15270,[],Uncategorized Article
22128,[],Uncategorized Article
6084,[],Uncategorized Article
20891,[],Uncategorized Article
16498,[],Uncategorized Article
3639,[],Uncategorized Article
18912,[],Uncategorized Article
14851,[],Uncategorized Article
20870,[],Uncategorized Article
16948,[],Uncategorized Article
11798,[],Uncategorized Article
17502,[],Uncategorized Article
12050,[],Uncategorized Article
3525,[],Uncategorized Article
11888,[],Uncategorized Article
18097,[],Uncategorized Article
23715,[],Uncategorized Article
6876,[],Uncategorized Article
7653,[],Uncategorized Article
16421,[],Uncategorized Article
21184,[],Uncategorized Article
19952,[],Uncategorized Article
26315,[],Uncategorized Article
9495,[],Uncategorized Article
6214,[],Uncategorized Article
13093,[],Uncategorized Article
13124,[],Uncategorized Article
19416,[],Uncategorized Article
20749,[],Uncategorized Article
10105,[],Uncategorized Article
7221,[],Uncategorized Article
2724,[],Uncategorized Article
13744,[],Uncategorized Article
13222,[],Uncategorized Article
9038,[],Uncategorized Article
14321,[],Uncategorized Article
2129,[],Uncategorized Article
17405,[],Uncategorized Article
5979,[],Uncategorized Article
20555,[],Uncategorized Article
4639,[],Uncategorized Article
16839,[],Uncategorized Article
8028,[],Uncategorized Article
8292,[],Uncategorized Article
2084,[],Uncategorized Article
5925,[],Uncategorized Article
775,[],Uncategorized Article
7542,[],Uncategorized Article
23642,[],Uncategorized Article
7251,[],Uncategorized Article
23094,[],Uncategorized Article
3643,[],Uncategorized Article
12267,[],Uncategorized Article
536,[],Uncategorized Article
26964,[],Uncategorized Article
3498,[],Uncategorized Article
12054,[],Uncategorized Article
24718,[],Uncategorized Article
14176,[],Uncategorized Article
25056,[],Uncategorized Article
6595,[],Uncategorized Article
14084,[],Uncategorized Article
4749,[],Uncategorized Article
4168,[],Uncategorized Article
13160,[],Uncategorized Article
2715,[],Uncategorized Article
23611,[],Uncategorized Article
10819,[],Uncategorized Article
11153,[],Uncategorized Article
16792,[],Uncategorized Article
19784,[],Uncategorized Article
8295,[],Uncategorized Article
24501,[],Uncategorized Article
8832,[],Uncategorized Article
16875,[],Uncategorized Article
15590,[],Uncategorized Article
10812,[],Uncategorized Article
6916,[],Uncategorized Article
10620,[],Uncategorized Article
8617,[],Uncategorized Article
26208,[],Uncategorized Article
13815,[],Uncategorized Article
11074,[],Uncategorized Article
15538,[],Uncategorized Article
2734,[],Uncategorized Article
14237,[],Uncategorized Article
20479,[],Uncategorized Article
20628,[],Uncategorized Article
8505,[],Uncategorized Article
19881,[],Uncategorized Article
22503,[],Uncategorized Article
7090,[],Uncategorized Article
15862,[],Uncategorized Article
21571,[],Uncategorized Article
18961,[],Uncategorized Article
25134,[],Uncategorized Article
13228,[],Uncategorized Article
18898,[],Uncategorized Article
4413,[],Uncategorized Article
14118,[],Uncategorized Article
26393,[],Uncategorized Article
25404,[],Uncategorized Article
19716,[],Uncategorized Article
18095,[],Uncategorized Article
24495,[],Uncategorized Article
8602,[],Uncategorized Article
9426,[],Uncategorized Article
14368,[],Uncategorized Article
4057,[],Uncategorized Article
10331,[],Uncategorized Article
26446,[],Uncategorized Article
12738,[],Uncategorized Article
22942,[],Uncategorized Article
20699,[],Uncategorized Article
15428,[],Uncategorized Article
13955,[],Uncategorized Article
13354,[],Uncategorized Article
11946,[],Uncategorized Article
8099,[],Uncategorized Article
19332,[],Uncategorized Article
1666,[],Uncategorized Article
1635,[],Uncategorized Article
13424,[],Uncategorized Article
8739,[],Uncategorized Article
24439,[],Uncategorized Article
19202,[],Uncategorized Article
9891,[],Uncategorized Article
26109,[],Uncategorized Article
3035,[],Uncategorized Article
17707,[],Uncategorized Article
10134,[],Uncategorized Article
9300,[],Uncategorized Article
15292,[],Uncategorized Article
23136,[],Uncategorized Article
15308,[],Uncategorized Article
3142,[],Uncategorized Article
20057,[],Uncategorized Article
18740,[],Uncategorized Article
14790,[],Uncategorized Article
3473,[],Uncategorized Article
1937,[],Uncategorized Article
25963,[],Uncategorized Article
16275,[],Uncategorized Article
4387,[],Uncategorized Article
18946,[],Uncategorized Article
16291,[],Uncategorized Article
21818,[],Uncategorized Article
24116,[],Uncategorized Article
16705,[],Uncategorized Article
24824,[],Uncategorized Article
5339,[],Uncategorized Article
8610,[],Uncategorized Article
22781,[],Uncategorized Article
24205,[],Uncategorized Article
10013,[],Uncategorized Article
23963,[],Uncategorized Article
3096,[],Uncategorized Article
13940,[],Uncategorized Article
23979,[],Uncategorized Article
9504,[],Uncategorized Article
16700,[],Uncategorized Article
3995,[],Uncategorized Article
474,[],Uncategorized Article
19922,[],Uncategorized Article
9278,[],Uncategorized Article
10397,[],Uncategorized Article
13520,[],Uncategorized Article
18947,[],Uncategorized Article
8267,[],Uncategorized Article
16828,[],Uncategorized Article
20430,[],Uncategorized Article
19020,[],Uncategorized Article
21864,[],Uncategorized Article
25399,[],Uncategorized Article
23474,[],Uncategorized Article
1610,[],Uncategorized Article
24210,[],Uncategorized Article
11170,[],Uncategorized Article
1182,[],Uncategorized Article
22624,[],Uncategorized Article
17278,[],Uncategorized Article
19736,[],Uncategorized Article
14214,[],Uncategorized Article
5953,[],Uncategorized Article
6392,[],Uncategorized Article
24154,[],Uncategorized Article
5533,[],Uncategorized Article
6178,[],Uncategorized Article
12609,[],Uncategorized Article
22586,[],Uncategorized Article
19099,[],Uncategorized Article
9002,[],Uncategorized Article
16479,[],Uncategorized Article
17201,[],Uncategorized Article
16219,[],Uncategorized Article
20901,[],Uncategorized Article
18526,[],Uncategorized Article
21212,[],Uncategorized Article
21055,[],Uncategorized Article
20437,[],Uncategorized Article
6913,[],Uncategorized Article
22674,[],Uncategorized Article
8407,[],Uncategorized Article
10562,[],Uncategorized Article
12550,[],Uncategorized Article
15575,[],Uncategorized Article
15697,[],Uncategorized Article
13061,[],Uncategorized Article
3922,[],Uncategorized Article
5864,[],Uncategorized Article
18958,[],Uncategorized Article
6965,[],Uncategorized Article
8840,[],Uncategorized Article
11140,[],Uncategorized Article
25487,[],Uncategorized Article
26087,[],Uncategorized Article
24277,[],Uncategorized Article
14720,[],Uncategorized Article
516,[],Uncategorized Article
18299,[],Uncategorized Article
1457,[],Uncategorized Article
18841,[],Uncategorized Article
7217,[],Uncategorized Article
4688,[],Uncategorized Article
21438,[],Uncategorized Article
11990,[],Uncategorized Article
3541,[],Uncategorized Article
18238,[],Uncategorized Article
21240,[],Uncategorized Article
12134,[],Uncategorized Article
1412,[],Uncategorized Article
17683,[],Uncategorized Article
11406,[],Uncategorized Article
423,[],Uncategorized Article
23137,[],Uncategorized Article
3482,[],Uncategorized Article
22748,[],Uncategorized Article
26488,[],Uncategorized Article
9561,[],Uncategorized Article
10563,[],Uncategorized Article
7932,[],Uncategorized Article
4469,[],Uncategorized Article
2874,[],Uncategorized Article
25698,[],Uncategorized Article
3923,[],Uncategorized Article
14384,[],Uncategorized Article
25828,[],Uncategorized Article
15024,[],Uncategorized Article
905,[],Uncategorized Article
8902,[],Uncategorized Article
626,[],Uncategorized Article
15074,[],Uncategorized Article
21418,[],Uncategorized Article
24223,[],Uncategorized Article
1483,[],Uncategorized Article
6067,[],Uncategorized Article
23592,[],Uncategorized Article
9502,[],Uncategorized Article
17040,[],Uncategorized Article
6494,[],Uncategorized Article
18483,[],Uncategorized Article
12320,[],Uncategorized Article
24104,[],Uncategorized Article
10631,[],Uncategorized Article
14858,[],Uncategorized Article
10689,[],Uncategorized Article
7072,[],Uncategorized Article
23290,[],Uncategorized Article
7335,[],Uncategorized Article
23534,[],Uncategorized Article
12228,[],Uncategorized Article
10862,[],Uncategorized Article
19682,[],Uncategorized Article
21619,[],Uncategorized Article
18886,[],Uncategorized Article
1661,[],Uncategorized Article
16118,[],Uncategorized Article
11472,[],Uncategorized Article
10735,[],Uncategorized Article
21053,[],Uncategorized Article
17944,[],Uncategorized Article
4903,[],Uncategorized Article
16744,[],Uncategorized Article
733,[],Uncategorized Article
7974,[],Uncategorized Article
2464,[],Uncategorized Article
25321,[],Uncategorized Article
10577,[],Uncategorized Article
23674,[],Uncategorized Article
15322,[],Uncategorized Article
20989,[],Uncategorized Article
6504,[],Uncategorized Article
17843,[],Uncategorized Article
11581,[],Uncategorized Article
18472,[],Uncategorized Article
21182,[],Uncategorized Article
24518,[],Uncategorized Article
11606,[],Uncategorized Article
10076,[],Uncategorized Article
24508,[],Uncategorized Article
5191,[],Uncategorized Article
1087,[],Uncategorized Article
12359,[],Uncategorized Article
25140,[],Uncategorized Article
8351,[],Uncategorized Article
14341,[],Uncategorized Article
4397,[],Uncategorized Article
21399,[],Uncategorized Article
18049,[],Uncategorized Article
9621,[],Uncategorized Article
11198,[],Uncategorized Article
491,[],Uncategorized Article
10454,[],Uncategorized Article
18496,[],Uncategorized Article
26174,[],Uncategorized Article
22527,[],Uncategorized Article
1288,[],Uncategorized Article
24379,[],Uncategorized Article
12556,[],Uncategorized Article
18938,[],Uncategorized Article
8937,[],Uncategorized Article
15053,[],Uncategorized Article
19819,[],Uncategorized Article
18136,[],Uncategorized Article
1227,[],Uncategorized Article
1921,[],Uncategorized Article
21881,[],Uncategorized Article
26654,[],Uncategorized Article
8517,[],Uncategorized Article
9299,[],Uncategorized Article
2595,[],Uncategorized Article
10193,[],Uncategorized Article
26526,[],Uncategorized Article
12859,[],Uncategorized Article
14278,[],Uncategorized Article
8936,[],Uncategorized Article
22761,[],Uncategorized Article
11075,[],Uncategorized Article
4771,[],Uncategorized Article
4471,[],Uncategorized Article
12214,[],Uncategorized Article
15137,[],Uncategorized Article
14371,[],Uncategorized Article
1512,[],Uncategorized Article
9842,[],Uncategorized Article
18327,[],Uncategorized Article
22205,[],Uncategorized Article
25054,[],Uncategorized Article
25941,[],Uncategorized Article
10513,[],Uncategorized Article
25276,[],Uncategorized Article
2858,[],Uncategorized Article
4273,[],Uncategorized Article
19698,[],Uncategorized Article
25162,[],Uncategorized Article
21155,[],Uncategorized Article
5226,[],Uncategorized Article
13826,[],Uncategorized Article
10381,[],Uncategorized Article
7794,[],Uncategorized Article
243,[],Uncategorized Article
22482,[],Uncategorized Article
20540,[],Uncategorized Article
17671,[],Uncategorized Article
21444,[],Uncategorized Article
25913,[],Uncategorized Article
15135,[],Uncategorized Article
1388,[],Uncategorized Article
15031,[],Uncategorized Article
12129,[],Uncategorized Article
21576,[],Uncategorized Article
13035,[],Uncategorized Article
2346,[],Uncategorized Article
20912,[],Uncategorized Article
3002,[],Uncategorized Article
9397,[],Uncategorized Article
24677,[],Uncategorized Article
19308,[],Uncategorized Article
15957,[],Uncategorized Article
9069,[],Uncategorized Article
10580,[],Uncategorized Article
7712,[],Uncategorized Article
11474,[],Uncategorized Article
21780,[],Uncategorized Article
21369,[],Uncategorized Article
8952,[],Uncategorized Article
16123,[],Uncategorized Article
22156,[],Uncategorized Article
7806,[],Uncategorized Article
2055,[],Uncategorized Article
3410,[],Uncategorized Article
18055,[],Uncategorized Article
14843,[],Uncategorized Article
14383,[],Uncategorized Article
3172,[],Uncategorized Article
22875,[],Uncategorized Article
23773,[],Uncategorized Article
22849,[],Uncategorized Article
2111,[],Uncategorized Article
674,[],Uncategorized Article
14393,[],Uncategorized Article
4699,[],Uncategorized Article
11430,[],Uncategorized Article
23995,[],Uncategorized Article
13885,[],Uncategorized Article
17305,[],Uncategorized Article
11048,[],Uncategorized Article
18118,[],Uncategorized Article
23557,[],Uncategorized Article
19355,[],Uncategorized Article
18270,[],Uncategorized Article
11993,[],Uncategorized Article
16814,[],Uncategorized Article
23103,[],Uncategorized Article
12805,[],Uncategorized Article
5053,[],Uncategorized Article
640,[],Uncategorized Article
20765,[],Uncategorized Article
13202,[],Uncategorized Article
25101,[],Uncategorized Article
18957,[],Uncategorized Article
3776,[],Uncategorized Article
6128,[],Uncategorized Article
10321,[],Uncategorized Article
341,[],Uncategorized Article
17594,[],Uncategorized Article
22358,[],Uncategorized Article
25787,[],Uncategorized Article
852,[],Uncategorized Article
6528,[],Uncategorized Article
25394,[],Uncategorized Article
4794,[],Uncategorized Article
6576,[],Uncategorized Article
12244,[],Uncategorized Article
6863,[],Uncategorized Article
12766,[],Uncategorized Article
18868,[],Uncategorized Article
8240,[],Uncategorized Article
9185,[],Uncategorized Article
12699,[],Uncategorized Article
17523,[],Uncategorized Article
7563,[],Uncategorized Article
1668,[],Uncategorized Article
13235,[],Uncategorized Article
13236,[],Uncategorized Article
26856,[],Uncategorized Article
6253,[],Uncategorized Article
7900,[],Uncategorized Article
14861,[],Uncategorized Article
12985,[],Uncategorized Article
13060,[],Uncategorized Article
18329,[],Uncategorized Article
6535,[],Uncategorized Article
26189,[],Uncategorized Article
11327,[],Uncategorized Article
20898,[],Uncategorized Article
22125,[],Uncategorized Article
3316,[],Uncategorized Article
22833,[],Uncategorized Article
5910,[],Uncategorized Article
21580,[],Uncategorized Article
20800,[],Uncategorized Article
25119,[],Uncategorized Article
705,[],Uncategorized Article
2140,[],Uncategorized Article
1791,[],Uncategorized Article
7547,[],Uncategorized Article
7724,[],Uncategorized Article
1103,[],Uncategorized Article
16419,[],Uncategorized Article
20051,[],Uncategorized Article
25821,[],Uncategorized Article
3455,[],Uncategorized Article
12702,[],Uncategorized Article
3366,[],Uncategorized Article
9291,[],Uncategorized Article
21407,[],Uncategorized Article
7220,[],Uncategorized Article
18896,[],Uncategorized Article
24441,[],Uncategorized Article
17681,[],Uncategorized Article
23918,[],Uncategorized Article
1588,[],Uncategorized Article
10128,[],Uncategorized Article
21789,[],Uncategorized Article
20689,[],Uncategorized Article
1122,[],Uncategorized Article
8628,[],Uncategorized Article
15874,[],Uncategorized Article
19192,[],Uncategorized Article
3451,[],Uncategorized Article
15076,[],Uncategorized Article
17504,[],Uncategorized Article
18198,[],Uncategorized Article
11208,[],Uncategorized Article
20091,[],Uncategorized Article
7405,[],Uncategorized Article
20284,[],Uncategorized Article
23125,[],Uncategorized Article
8274,[],Uncategorized Article
9538,[],Uncategorized Article
12777,[],Uncategorized Article
15399,[],Uncategorized Article
4404,[],Uncategorized Article
11131,[],Uncategorized Article
3492,[],Uncategorized Article
21237,[],Uncategorized Article
26308,[],Uncategorized Article
19671,[],Uncategorized Article
13586,[],Uncategorized Article
10993,[],Uncategorized Article
16290,[],Uncategorized Article
6964,[],Uncategorized Article
14522,[],Uncategorized Article
11285,[],Uncategorized Article
9904,[],Uncategorized Article
22680,[],Uncategorized Article
8743,[],Uncategorized Article
20686,[],Uncategorized Article
2501,[],Uncategorized Article
15035,[],Uncategorized Article
16782,[],Uncategorized Article
12357,[],Uncategorized Article
24606,[],Uncategorized Article
8686,[],Uncategorized Article
24582,[],Uncategorized Article
21907,[],Uncategorized Article
3874,[],Uncategorized Article
4211,[],Uncategorized Article
8454,[],Uncategorized Article
23163,[],Uncategorized Article
10901,[],Uncategorized Article
4036,[],Uncategorized Article
12900,[],Uncategorized Article
18605,[],Uncategorized Article
5816,[],Uncategorized Article
7516,[],Uncategorized Article
19822,[],Uncategorized Article
19210,[],Uncategorized Article
16185,[],Uncategorized Article
18585,[],Uncategorized Article
22020,[],Uncategorized Article
16694,[],Uncategorized Article
24652,[],Uncategorized Article
25165,[],Uncategorized Article
579,[],Uncategorized Article
16102,[],Uncategorized Article
11359,[],Uncategorized Article
25904,[],Uncategorized Article
505,[],Uncategorized Article
501,[],Uncategorized Article
20621,[],Uncategorized Article
11902,[],Uncategorized Article
230,[],Uncategorized Article
25820,[],Uncategorized Article
22858,[],Uncategorized Article
14999,[],Uncategorized Article
3396,[],Uncategorized Article
14920,[],Uncategorized Article
16431,[],Uncategorized Article
1456,[],Uncategorized Article
17126,[],Uncategorized Article
18899,[],Uncategorized Article
5980,[],Uncategorized Article
8184,[],Uncategorized Article
8145,[],Uncategorized Article
8087,[],Uncategorized Article
17437,[],Uncategorized Article
5035,[],Uncategorized Article
21812,[],Uncategorized Article
6234,[],Uncategorized Article
1947,[],Uncategorized Article
18206,[],Uncategorized Article
14076,[],Uncategorized Article
14283,[],Uncategorized Article
23620,[],Uncategorized Article
14617,[],Uncategorized Article
22421,[],Uncategorized Article
22376,[],Uncategorized Article
1901,[],Uncategorized Article
10611,[],Uncategorized Article
11666,[],Uncategorized Article
20462,[],Uncategorized Article
12295,[],Uncategorized Article
23039,[],Uncategorized Article
14170,[],Uncategorized Article
8459,[],Uncategorized Article
25168,[],Uncategorized Article
25392,[],Uncategorized Article
22809,[],Uncategorized Article
26426,[],Uncategorized Article
24011,[],Uncategorized Article
8164,[],Uncategorized Article
23084,[],Uncategorized Article
20962,[],Uncategorized Article
12574,[],Uncategorized Article
312,[],Uncategorized Article
2622,[],Uncategorized Article
10880,[],Uncategorized Article
10146,[],Uncategorized Article
5940,[],Uncategorized Article
14443,[],Uncategorized Article
9779,[],Uncategorized Article
11290,[],Uncategorized Article
24355,[],Uncategorized Article
6417,[],Uncategorized Article
21183,[],Uncategorized Article
3068,[],Uncategorized Article
15878,[],Uncategorized Article
13130,[],Uncategorized Article
4097,[],Uncategorized Article
11192,[],Uncategorized Article
23516,[],Uncategorized Article
26266,[],Uncategorized Article
10515,[],Uncategorized Article
7948,[],Uncategorized Article
20386,[],Uncategorized Article
22041,[],Uncategorized Article
23503,[],Uncategorized Article
23838,[],Uncategorized Article
3053,[],Uncategorized Article
15971,[],Uncategorized Article
9358,[],Uncategorized Article
10802,[],Uncategorized Article
2300,[],Uncategorized Article
12282,[],Uncategorized Article
19685,[],Uncategorized Article
17530,[],Uncategorized Article
3840,[],Uncategorized Article
24020,[],Uncategorized Article
4015,[],Uncategorized Article
23854,[],Uncategorized Article
22578,[],Uncategorized Article
5013,[],Uncategorized Article
9407,[],Uncategorized Article
5706,[],Uncategorized Article
9626,[],Uncategorized Article
25224,[],Uncategorized Article
22242,[],Uncategorized Article
9722,[],Uncategorized Article
9757,[],Uncategorized Article
9818,[],Uncategorized Article
1427,[],Uncategorized Article
18751,[],Uncategorized Article
19701,[],Uncategorized Article
23910,[],Uncategorized Article
10726,[],Uncategorized Article
13495,[],Uncategorized Article
7439,[],Uncategorized Article
20236,[],Uncategorized Article
4424,[],Uncategorized Article
9384,[],Uncategorized Article
26877,[],Uncategorized Article
12645,[],Uncategorized Article
11369,[],Uncategorized Article
8023,[],Uncategorized Article
12864,[],Uncategorized Article
22554,[],Uncategorized Article
20442,[],Uncategorized Article
17821,[],Uncategorized Article
21050,[],Uncategorized Article
2171,[],Uncategorized Article
2388,[],Uncategorized Article
20726,[],Uncategorized Article
8100,[],Uncategorized Article
17362,[],Uncategorized Article
12077,[],Uncategorized Article
3503,[],Uncategorized Article
8079,[],Uncategorized Article
19153,[],Uncategorized Article
14227,[],Uncategorized Article
5934,[],Uncategorized Article
16228,[],Uncategorized Article
21446,[],Uncategorized Article
5107,[],Uncategorized Article
22515,[],Uncategorized Article
4336,[],Uncategorized Article
2141,[],Uncategorized Article
4186,[],Uncategorized Article
6455,[],Uncategorized Article
6939,[],Uncategorized Article
23082,[],Uncategorized Article
20107,[],Uncategorized Article
22463,[],Uncategorized Article
9892,[],Uncategorized Article
5683,[],Uncategorized Article
12366,[],Uncategorized Article
20431,[],Uncategorized Article
752,[],Uncategorized Article
6442,[],Uncategorized Article
2508,[],Uncategorized Article
5345,[],Uncategorized Article
21917,[],Uncategorized Article
23178,[],Uncategorized Article
20844,[],Uncategorized Article
10240,[],Uncategorized Article
7745,[],Uncategorized Article
7828,[],Uncategorized Article
10418,[],Uncategorized Article
12072,[],Uncategorized Article
15501,[],Uncategorized Article
6551,[],Uncategorized Article
11955,[],Uncategorized Article
15584,[],Uncategorized Article
10227,[],Uncategorized Article
24236,[],Uncategorized Article
5210,[],Uncategorized Article
19864,[],Uncategorized Article
9728,[],Uncategorized Article
23270,[],Uncategorized Article
9688,[],Uncategorized Article
19588,[],Uncategorized Article
19006,[],Uncategorized Article
16819,[],Uncategorized Article
5815,[],Uncategorized Article
3108,[],Uncategorized Article
8658,[],Uncategorized Article
11061,[],Uncategorized Article
1045,[],Uncategorized Article
6925,[],Uncategorized Article
9295,[],Uncategorized Article
4165,[],Uncategorized Article
13252,[],Uncategorized Article
11988,[],Uncategorized Article
8059,[],Uncategorized Article
22939,[],Uncategorized Article
17389,[],Uncategorized Article
7671,[],Uncategorized Article
10801,[],Uncategorized Article
19475,[],Uncategorized Article
3616,[],Uncategorized Article
24173,[],Uncategorized Article
17913,[],Uncategorized Article
14117,[],Uncategorized Article
19244,[],Uncategorized Article
26058,[],Uncategorized Article
3707,[],Uncategorized Article
1489,[],Uncategorized Article
25549,[],Uncategorized Article
5114,[],Uncategorized Article
17346,[],Uncategorized Article
14006,[],Uncategorized Article
25504,[],Uncategorized Article
943,[],Uncategorized Article
18307,[],Uncategorized Article
17900,[],Uncategorized Article
26872,[],Uncategorized Article
10012,[],Uncategorized Article
7315,[],Uncategorized Article
11304,[],Uncategorized Article
21683,[],Uncategorized Article
4659,[],Uncategorized Article
20077,[],Uncategorized Article
26030,[],Uncategorized Article
18501,[],Uncategorized Article
2208,[],Uncategorized Article
3580,[],Uncategorized Article
18633,[],Uncategorized Article
15190,[],Uncategorized Article
23851,[],Uncategorized Article
26537,[],Uncategorized Article
8482,[],Uncategorized Article
9987,[],Uncategorized Article
9926,[],Uncategorized Article
26915,[],Uncategorized Article
22220,[],Uncategorized Article
19668,[],Uncategorized Article
17419,[],Uncategorized Article
19032,[],Uncategorized Article
2286,[],Uncategorized Article
9811,[],Uncategorized Article
21711,[],Uncategorized Article
1113,[],Uncategorized Article
35,[],Uncategorized Article
19699,[],Uncategorized Article
2767,[],Uncategorized Article
8882,[],Uncategorized Article
9498,[],Uncategorized Article
6352,[],Uncategorized Article
5403,[],Uncategorized Article
24234,[],Uncategorized Article
12119,[],Uncategorized Article
22655,[],Uncategorized Article
13062,[],Uncategorized Article
12785,[],Uncategorized Article
8345,[],Uncategorized Article
11250,[],Uncategorized Article
12703,[],Uncategorized Article
16598,[],Uncategorized Article
19209,[],Uncategorized Article
4322,[],Uncategorized Article
2325,[],Uncategorized Article
7930,[],Uncategorized Article
14962,[],Uncategorized Article
22210,[],Uncategorized Article
382,[],Uncategorized Article
11374,[],Uncategorized Article
25093,[],Uncategorized Article
12257,[],Uncategorized Article
6032,[],Uncategorized Article
17528,[],Uncategorized Article
20905,[],Uncategorized Article
26935,[],Uncategorized Article
20600,[],Uncategorized Article
2240,[],Uncategorized Article
23901,[],Uncategorized Article
17830,[],Uncategorized Article
22017,[],Uncategorized Article
12111,[],Uncategorized Article
21464,[],Uncategorized Article
26448,[],Uncategorized Article
13415,[],Uncategorized Article
8174,[],Uncategorized Article
9022,[],Uncategorized Article
12311,[],Uncategorized Article
24600,[],Uncategorized Article
15266,[],Uncategorized Article
25839,[],Uncategorized Article
4973,[],Uncategorized Article
6399,[],Uncategorized Article
1710,[],Uncategorized Article
10328,[],Uncategorized Article
10045,[],Uncategorized Article
2157,[],Uncategorized Article
13982,[],Uncategorized Article
16758,[],Uncategorized Article
2898,[],Uncategorized Article
2201,[],Uncategorized Article
15175,[],Uncategorized Article
5306,[],Uncategorized Article
1684,[],Uncategorized Article
14128,[],Uncategorized Article
23441,[],Uncategorized Article
16950,[],Uncategorized Article
26425,[],Uncategorized Article
17354,[],Uncategorized Article
7241,[],Uncategorized Article
8211,[],Uncategorized Article
10021,[],Uncategorized Article
24189,[],Uncategorized Article
16870,[],Uncategorized Article
14774,[],Uncategorized Article
21224,[],Uncategorized Article
6920,[],Uncategorized Article
12593,[],Uncategorized Article
26626,[],Uncategorized Article
8390,[],Uncategorized Article
8364,[],Uncategorized Article
6552,[],Uncategorized Article
23553,[],Uncategorized Article
23784,[],Uncategorized Article
26084,[],Uncategorized Article
911,[],Uncategorized Article
13286,[],Uncategorized Article
17503,[],Uncategorized Article
971,[],Uncategorized Article
26136,[],Uncategorized Article
18876,[],Uncategorized Article
22142,[],Uncategorized Article
3901,[],Uncategorized Article
17933,[],Uncategorized Article
25030,[],Uncategorized Article
19286,[],Uncategorized Article
17092,[],Uncategorized Article
24147,[],Uncategorized Article
3200,[],Uncategorized Article
550,[],Uncategorized Article
17592,[],Uncategorized Article
15541,[],Uncategorized Article
13781,[],Uncategorized Article
23095,[],Uncategorized Article
17378,[],Uncategorized Article
19638,[],Uncategorized Article
8607,[],Uncategorized Article
16750,[],Uncategorized Article
17941,[],Uncategorized Article
18569,[],Uncategorized Article
14718,[],Uncategorized Article
21324,[],Uncategorized Article
24345,[],Uncategorized Article
401,[],Uncategorized Article
2918,[],Uncategorized Article
24949,[],Uncategorized Article
10930,[],Uncategorized Article
843,[],Uncategorized Article
11026,[],Uncategorized Article
3100,[],Uncategorized Article
25058,[],Uncategorized Article
22382,[],Uncategorized Article
20139,[],Uncategorized Article
12739,[],Uncategorized Article
23041,[],Uncategorized Article
3635,[],Uncategorized Article
26607,[],Uncategorized Article
18929,[],Uncategorized Article
25751,[],Uncategorized Article
5437,[],Uncategorized Article
9644,[],Uncategorized Article
24484,[],Uncategorized Article
9092,[],Uncategorized Article
22941,[],Uncategorized Article
25613,[],Uncategorized Article
736,[],Uncategorized Article
18219,[],Uncategorized Article
18687,[],Uncategorized Article
283,[],Uncategorized Article
19635,[],Uncategorized Article
6354,[],Uncategorized Article
22522,[],Uncategorized Article
17626,[],Uncategorized Article
18226,[],Uncategorized Article
25221,[],Uncategorized Article
24053,[],Uncategorized Article
5635,[],Uncategorized Article
12783,[],Uncategorized Article
16620,[],Uncategorized Article
20648,[],Uncategorized Article
26497,[],Uncategorized Article
25806,[],Uncategorized Article
6912,[],Uncategorized Article
17859,[],Uncategorized Article
13241,[],Uncategorized Article
9720,[],Uncategorized Article
11945,[],Uncategorized Article
3601,[],Uncategorized Article
5214,[],Uncategorized Article
1962,[],Uncategorized Article
9008,[],Uncategorized Article
20902,[],Uncategorized Article
16427,[],Uncategorized Article
20774,[],Uncategorized Article
23806,[],Uncategorized Article
14202,[],Uncategorized Article
22272,[],Uncategorized Article
18305,[],Uncategorized Article
6498,[],Uncategorized Article
12840,[],Uncategorized Article
4900,[],Uncategorized Article
10663,[],Uncategorized Article
5262,[],Uncategorized Article
21937,[],Uncategorized Article
25923,[],Uncategorized Article
7095,[],Uncategorized Article
3971,[],Uncategorized Article
11547,[],Uncategorized Article
11400,[],Uncategorized Article
12230,[],Uncategorized Article
6536,[],Uncategorized Article
26724,[],Uncategorized Article
9961,[],Uncategorized Article
25463,[],Uncategorized Article
20374,[],Uncategorized Article
12626,[],Uncategorized Article
16392,[],Uncategorized Article
17418,[],Uncategorized Article
21692,[],Uncategorized Article
22298,[],Uncategorized Article
2213,[],Uncategorized Article
13875,[],Uncategorized Article
25370,[],Uncategorized Article
23494,[],Uncategorized Article
20930,[],Uncategorized Article
5317,[],Uncategorized Article
16570,[],Uncategorized Article
19916,[],Uncategorized Article
18867,[],Uncategorized Article
21433,[],Uncategorized Article
7046,[],Uncategorized Article
19718,[],Uncategorized Article
23235,[],Uncategorized Article
9515,[],Uncategorized Article
1444,[],Uncategorized Article
4119,[],Uncategorized Article
23582,[],Uncategorized Article
9222,[],Uncategorized Article
9266,[],Uncategorized Article
21882,[],Uncategorized Article
17501,[],Uncategorized Article
274,[],Uncategorized Article
199,[],Uncategorized Article
10463,[],Uncategorized Article
12670,[],Uncategorized Article
15239,[],Uncategorized Article
24665,[],Uncategorized Article
3329,[],Uncategorized Article
5826,[],Uncategorized Article
8821,[],Uncategorized Article
2561,[],Uncategorized Article
12678,[],Uncategorized Article
3704,[],Uncategorized Article
3931,[],Uncategorized Article
25261,[],Uncategorized Article
9434,[],Uncategorized Article
24937,[],Uncategorized Article
22844,[],Uncategorized Article
14338,[],Uncategorized Article
20657,[],Uncategorized Article
26351,[],Uncategorized Article
7888,[],Uncategorized Article
13375,[],Uncategorized Article
3226,[],Uncategorized Article
6210,[],Uncategorized Article
12730,[],Uncategorized Article
18494,[],Uncategorized Article
959,[],Uncategorized Article
7317,[],Uncategorized Article
6538,[],Uncategorized Article
12240,[],Uncategorized Article
3703,[],Uncategorized Article
5070,[],Uncategorized Article
3834,[],Uncategorized Article
3014,[],Uncategorized Article
12509,[],Uncategorized Article
13529,[],Uncategorized Article
8229,[],Uncategorized Article
25545,[],Uncategorized Article
12530,[],Uncategorized Article
23942,[],Uncategorized Article
18208,[],Uncategorized Article
13734,[],Uncategorized Article
7051,[],Uncategorized Article
8298,[],Uncategorized Article
10980,[],Uncategorized Article
24248,[],Uncategorized Article
11804,[],Uncategorized Article
3282,[],Uncategorized Article
1175,[],Uncategorized Article
12140,[],Uncategorized Article
2227,[],Uncategorized Article
7093,[],Uncategorized Article
22951,[],Uncategorized Article
13466,[],Uncategorized Article
8972,[],Uncategorized Article
2714,[],Uncategorized Article
5466,[],Uncategorized Article
6095,[],Uncategorized Article
25262,[],Uncategorized Article
12517,[],Uncategorized Article
15059,[],Uncategorized Article
10019,[],Uncategorized Article
20586,[],Uncategorized Article
20152,[],Uncategorized Article
10241,[],Uncategorized Article
12534,[],Uncategorized Article
12892,[],Uncategorized Article
13722,[],Uncategorized Article
147,[],Uncategorized Article
3919,[],Uncategorized Article
4596,[],Uncategorized Article
7997,[],Uncategorized Article
4104,[],Uncategorized Article
3547,[],Uncategorized Article
11276,[],Uncategorized Article
20569,[],Uncategorized Article
2541,[],Uncategorized Article
24672,[],Uncategorized Article
5218,[],Uncategorized Article
22917,[],Uncategorized Article
1972,[],Uncategorized Article
5708,[],Uncategorized Article
6604,[],Uncategorized Article
9332,[],Uncategorized Article
5503,[],Uncategorized Article
17878,[],Uncategorized Article
6550,[],Uncategorized Article
3058,[],Uncategorized Article
16842,[],Uncategorized Article
14403,[],Uncategorized Article
8020,[],Uncategorized Article
25308,[],Uncategorized Article
13640,[],Uncategorized Article
21017,[],Uncategorized Article
14003,[],Uncategorized Article
11932,[],Uncategorized Article
23656,[],Uncategorized Article
22186,[],Uncategorized Article
12034,[],Uncategorized Article
1805,[],Uncategorized Article
13300,[],Uncategorized Article
24842,[],Uncategorized Article
52,[],Uncategorized Article
873,[],Uncategorized Article
13788,[],Uncategorized Article
4160,[],Uncategorized Article
25881,[],Uncategorized Article
6483,[],Uncategorized Article
2362,[],Uncategorized Article
996,[],Uncategorized Article
8826,[],Uncategorized Article
19763,[],Uncategorized Article
4484,[],Uncategorized Article
6688,[],Uncategorized Article
6662,[],Uncategorized Article
14402,[],Uncategorized Article
2842,[],Uncategorized Article
17172,[],Uncategorized Article
17672,[],Uncategorized Article
2393,[],Uncategorized Article
2168,[],Uncategorized Article
4202,[],Uncategorized Article
26345,[],Uncategorized Article
18871,[],Uncategorized Article
25721,[],Uncategorized Article
17170,[],Uncategorized Article
1246,[],Uncategorized Article
397,[],Uncategorized Article
8886,[],Uncategorized Article
4667,[],Uncategorized Article
13566,[],Uncategorized Article
6215,[],Uncategorized Article
11729,[],Uncategorized Article
22050,[],Uncategorized Article
896,[],Uncategorized Article
5763,[],Uncategorized Article
24493,[],Uncategorized Article
17282,[],Uncategorized Article
10406,[],Uncategorized Article
11598,[],Uncategorized Article
3592,[],Uncategorized Article
24407,[],Uncategorized Article
21371,[],Uncategorized Article
2476,[],Uncategorized Article
7356,[],Uncategorized Article
2564,[],Uncategorized Article
10721,[],Uncategorized Article
7821,[],Uncategorized Article
26533,[],Uncategorized Article
13082,[],Uncategorized Article
10428,[],Uncategorized Article
23135,[],Uncategorized Article
12525,[],Uncategorized Article
10861,[],Uncategorized Article
2414,[],Uncategorized Article
7294,[],Uncategorized Article
15334,[],Uncategorized Article
5551,[],Uncategorized Article
22197,[],Uncategorized Article
2805,[],Uncategorized Article
18754,[],Uncategorized Article
16894,[],Uncategorized Article
12487,[],Uncategorized Article
17333,[],Uncategorized Article
17877,[],Uncategorized Article
8358,[],Uncategorized Article
11251,[],Uncategorized Article
4405,[],Uncategorized Article
23430,[],Uncategorized Article
8304,[],Uncategorized Article
25948,[],Uncategorized Article
8761,[],Uncategorized Article
3844,[],Uncategorized Article
9124,[],Uncategorized Article
21185,[],Uncategorized Article
538,[],Uncategorized Article
7168,[],Uncategorized Article
17923,[],Uncategorized Article
12967,[],Uncategorized Article
4977,[],Uncategorized Article
6292,[],Uncategorized Article
15241,[],Uncategorized Article
17971,[],Uncategorized Article
1336,[],Uncategorized Article
25985,[],Uncategorized Article
10311,[],Uncategorized Article
1323,[],Uncategorized Article
8939,[],Uncategorized Article
20116,[],Uncategorized Article
6422,[],Uncategorized Article
2153,[],Uncategorized Article
6692,[],Uncategorized Article
16398,[],Uncategorized Article
5512,[],Uncategorized Article
11011,[],Uncategorized Article
13207,[],Uncategorized Article
21986,[],Uncategorized Article
1804,[],Uncategorized Article
13881,[],Uncategorized Article
12669,[],Uncategorized Article
2973,[],Uncategorized Article
2209,[],Uncategorized Article
14071,[],Uncategorized Article
3916,[],Uncategorized Article
10455,[],Uncategorized Article
23184,[],Uncategorized Article
23407,[],Uncategorized Article
10598,[],Uncategorized Article
19411,[],Uncategorized Article
26558,[],Uncategorized Article
21347,[],Uncategorized Article
19755,[],Uncategorized Article
15909,[],Uncategorized Article
21267,[],Uncategorized Article
11056,[],Uncategorized Article
19906,[],Uncategorized Article
10235,[],Uncategorized Article
26863,[],Uncategorized Article
8908,[],Uncategorized Article
26300,[],Uncategorized Article
26815,[],Uncategorized Article
18839,[],Uncategorized Article
24014,[],Uncategorized Article
19759,[],Uncategorized Article
1690,[],Uncategorized Article
9565,[],Uncategorized Article
26079,[],Uncategorized Article
15875,[],Uncategorized Article
12169,[],Uncategorized Article
1441,[],Uncategorized Article
12523,[],Uncategorized Article
15005,[],Uncategorized Article
5658,[],Uncategorized Article
12506,[],Uncategorized Article
6,[],Uncategorized Article
18664,[],Uncategorized Article
10624,[],Uncategorized Article
26186,[],Uncategorized Article
6245,[],Uncategorized Article
9188,[],Uncategorized Article
25518,[],Uncategorized Article
4867,[],Uncategorized Article
12490,[],Uncategorized Article
5663,[],Uncategorized Article
19842,[],Uncategorized Article
25067,[],Uncategorized Article
34,[],Uncategorized Article
15652,[],Uncategorized Article
3813,[],Uncategorized Article
25424,[],Uncategorized Article
1530,[],Uncategorized Article
8282,[],Uncategorized Article
26396,[],Uncategorized Article
6607,[],Uncategorized Article
25288,[],Uncategorized Article
11502,[],Uncategorized Article
13687,[],Uncategorized Article
2907,[],Uncategorized Article
993,[],Uncategorized Article
8889,[],Uncategorized Article
20464,[],Uncategorized Article
7752,[],Uncategorized Article
15050,[],Uncategorized Article
16403,[],Uncategorized Article
11204,[],Uncategorized Article
25999,[],Uncategorized Article
11900,[],Uncategorized Article
17441,[],Uncategorized Article
6872,[],Uncategorized Article
5485,[],Uncategorized Article
25355,[],Uncategorized Article
8278,[],Uncategorized Article
25106,[],Uncategorized Article
18463,[],Uncategorized Article
26694,[],Uncategorized Article
26304,[],Uncategorized Article
15813,[],Uncategorized Article
2647,[],Uncategorized Article
1815,[],Uncategorized Article
3023,[],Uncategorized Article
5006,[],Uncategorized Article
9320,[],Uncategorized Article
5871,[],Uncategorized Article
14815,[],Uncategorized Article
12347,[],Uncategorized Article
3077,[],Uncategorized Article
14634,[],Uncategorized Article
3502,[],Uncategorized Article
14314,[],Uncategorized Article
15016,[],Uncategorized Article
15783,[],Uncategorized Article
23812,[],Uncategorized Article
14398,[],Uncategorized Article
20705,[],Uncategorized Article
20731,[],Uncategorized Article
17410,[],Uncategorized Article
5001,[],Uncategorized Article
4203,[],Uncategorized Article
1347,[],Uncategorized Article
8615,[],Uncategorized Article
13649,[],Uncategorized Article
10404,[],Uncategorized Article
16418,[],Uncategorized Article
12027,[],Uncategorized Article
22145,[],Uncategorized Article
24303,[],Uncategorized Article
24167,[],Uncategorized Article
1889,[],Uncategorized Article
25337,[],Uncategorized Article
18773,[],Uncategorized Article
5325,[],Uncategorized Article
3383,[],Uncategorized Article
14575,[],Uncategorized Article
20940,[],Uncategorized Article
2566,[],Uncategorized Article
4143,[],Uncategorized Article
25982,[],Uncategorized Article
15376,[],Uncategorized Article
13609,[],Uncategorized Article
18855,[],Uncategorized Article
11318,[],Uncategorized Article
11808,[],Uncategorized Article
12571,[],Uncategorized Article
7256,[],Uncategorized Article
19670,[],Uncategorized Article
19004,[],Uncategorized Article
8943,[],Uncategorized Article
11099,[],Uncategorized Article
150,[],Uncategorized Article
25291,[],Uncategorized Article
10906,[],Uncategorized Article
25294,[],Uncategorized Article
11526,[],Uncategorized Article
6198,[],Uncategorized Article
9248,[],Uncategorized Article
22772,[],Uncategorized Article
4817,[],Uncategorized Article
6239,[],Uncategorized Article
26372,[],Uncategorized Article
10739,[],Uncategorized Article
15420,[],Uncategorized Article
11274,[],Uncategorized Article
25035,[],Uncategorized Article
5354,[],Uncategorized Article
22653,[],Uncategorized Article
26050,[],Uncategorized Article
22459,[],Uncategorized Article
12408,[],Uncategorized Article
4989,[],Uncategorized Article
5647,[],Uncategorized Article
16856,[],Uncategorized Article
12438,[],Uncategorized Article
16188,[],Uncategorized Article
10392,[],Uncategorized Article
18209,[],Uncategorized Article
17610,[],Uncategorized Article
18353,[],Uncategorized Article
16333,[],Uncategorized Article
11132,[],Uncategorized Article
11617,[],Uncategorized Article
1837,[],Uncategorized Article
19253,[],Uncategorized Article
11712,[],Uncategorized Article
4819,[],Uncategorized Article
23761,[],Uncategorized Article
17439,[],Uncategorized Article
11501,[],Uncategorized Article
24283,[],Uncategorized Article
23716,[],Uncategorized Article
9527,[],Uncategorized Article
18538,[],Uncategorized Article
19178,[],Uncategorized Article
15837,[],Uncategorized Article
10533,[],Uncategorized Article
10943,[],Uncategorized Article
12010,[],Uncategorized Article
24180,[],Uncategorized Article
2772,[],Uncategorized Article
9607,[],Uncategorized Article
21958,[],Uncategorized Article
12705,[],Uncategorized Article
15680,[],Uncategorized Article
9071,[],Uncategorized Article
24443,[],Uncategorized Article
11123,[],Uncategorized Article
7722,[],Uncategorized Article
5155,[],Uncategorized Article
11134,[],Uncategorized Article
19237,[],Uncategorized Article
3382,[],Uncategorized Article
15256,[],Uncategorized Article
26384,[],Uncategorized Article
4684,[],Uncategorized Article
6087,[],Uncategorized Article
12086,[],Uncategorized Article
21085,[],Uncategorized Article
18429,[],Uncategorized Article
16490,[],Uncategorized Article
17565,[],Uncategorized Article
2383,[],Uncategorized Article
4982,[],Uncategorized Article
14729,[],Uncategorized Article
20414,[],Uncategorized Article
9758,[],Uncategorized Article
4890,[],Uncategorized Article
9405,[],Uncategorized Article
1968,[],Uncategorized Article
1664,[],Uncategorized Article
6202,[],Uncategorized Article
23454,[],Uncategorized Article
1422,[],Uncategorized Article
512,[],Uncategorized Article
5857,[],Uncategorized Article
8197,[],Uncategorized Article
26210,[],Uncategorized Article
24744,[],Uncategorized Article
12789,[],Uncategorized Article
7339,[],Uncategorized Article
2797,[],Uncategorized Article
11187,[],Uncategorized Article
17381,[],Uncategorized Article
19696,[],Uncategorized Article
5576,[],Uncategorized Article
11072,[],Uncategorized Article
24468,[],Uncategorized Article
16267,[],Uncategorized Article
17977,[],Uncategorized Article
7204,[],Uncategorized Article
22392,[],Uncategorized Article
16235,[],Uncategorized Article
16519,[],Uncategorized Article
880,[],Uncategorized Article
8779,[],Uncategorized Article
12599,[],Uncategorized Article
26914,[],Uncategorized Article
21543,[],Uncategorized Article
10287,[],Uncategorized Article
7923,[],Uncategorized Article
26140,[],Uncategorized Article
4282,[],Uncategorized Article
96,[],Uncategorized Article
1603,[],Uncategorized Article
22194,[],Uncategorized Article
14329,[],Uncategorized Article
3725,[],Uncategorized Article
16192,[],Uncategorized Article
8375,[],Uncategorized Article
2864,[],Uncategorized Article
9668,[],Uncategorized Article
17163,[],Uncategorized Article
21939,[],Uncategorized Article
7834,[],Uncategorized Article
9084,[],Uncategorized Article
2359,[],Uncategorized Article
3486,[],Uncategorized Article
11402,[],Uncategorized Article
3690,[],Uncategorized Article
18705,[],Uncategorized Article
23025,[],Uncategorized Article
10830,[],Uncategorized Article
485,[],Uncategorized Article
2760,[],Uncategorized Article
4932,[],Uncategorized Article
22857,[],Uncategorized Article
19532,[],Uncategorized Article
20679,[],Uncategorized Article
9201,[],Uncategorized Article
19447,[],Uncategorized Article
8777,[],Uncategorized Article
23754,[],Uncategorized Article
7449,[],Uncategorized Article
16097,[],Uncategorized Article
13818,[],Uncategorized Article
12591,[],Uncategorized Article
11848,[],Uncategorized Article
10423,[],Uncategorized Article
6672,[],Uncategorized Article
19482,[],Uncategorized Article
17797,[],Uncategorized Article
8904,[],Uncategorized Article
22898,[],Uncategorized Article
23601,[],Uncategorized Article
7578,[],Uncategorized Article
12085,[],Uncategorized Article
11778,[],Uncategorized Article
2136,[],Uncategorized Article
4093,[],Uncategorized Article
22927,[],Uncategorized Article
6204,[],Uncategorized Article
7882,[],Uncategorized Article
18891,[],Uncategorized Article
8874,[],Uncategorized Article
20357,[],Uncategorized Article
17865,[],Uncategorized Article
13620,[],Uncategorized Article
1598,[],Uncategorized Article
17452,[],Uncategorized Article
1133,[],Uncategorized Article
19742,[],Uncategorized Article
12950,[],Uncategorized Article
23506,[],Uncategorized Article
3286,[],Uncategorized Article
7341,[],Uncategorized Article
12498,[],Uncategorized Article
25519,[],Uncategorized Article
16372,[],Uncategorized Article
19372,[],Uncategorized Article
25303,[],Uncategorized Article
25845,[],Uncategorized Article
7917,[],Uncategorized Article
21819,[],Uncategorized Article
21339,[],Uncategorized Article
9579,[],Uncategorized Article
5814,[],Uncategorized Article
7458,[],Uncategorized Article
1366,[],Uncategorized Article
12367,[],Uncategorized Article
6484,[],Uncategorized Article
20436,[],Uncategorized Article
25797,[],Uncategorized Article
26952,[],Uncategorized Article
11393,[],Uncategorized Article
16242,[],Uncategorized Article
5081,[],Uncategorized Article
4813,[],Uncategorized Article
12547,[],Uncategorized Article
20118,[],Uncategorized Article
8932,[],Uncategorized Article
261,[],Uncategorized Article
1818,[],Uncategorized Article
2266,[],Uncategorized Article
1729,[],Uncategorized Article
2904,[],Uncategorized Article
8279,[],Uncategorized Article
24188,[],Uncategorized Article
6885,[],Uncategorized Article
20137,[],Uncategorized Article
8810,[],Uncategorized Article
20290,[],Uncategorized Article
25178,[],Uncategorized Article
21717,[],Uncategorized Article
24123,[],Uncategorized Article
5048,[],Uncategorized Article
20739,[],Uncategorized Article
13287,[],Uncategorized Article
167,[],Uncategorized Article
10947,[],Uncategorized Article
20175,[],Uncategorized Article
22657,[],Uncategorized Article
4285,[],Uncategorized Article
11935,[],Uncategorized Article
1644,[],Uncategorized Article
462,[],Uncategorized Article
14447,[],Uncategorized Article
10296,[],Uncategorized Article
18572,[],Uncategorized Article
17288,[],Uncategorized Article
6620,[],Uncategorized Article
2602,[],Uncategorized Article
1448,[],Uncategorized Article
6440,[],Uncategorized Article
8688,[],Uncategorized Article
10675,[],Uncategorized Article
16045,[],Uncategorized Article
11436,[],Uncategorized Article
16359,[],Uncategorized Article
21138,[],Uncategorized Article
4206,[],Uncategorized Article
9863,[],Uncategorized Article
3609,[],Uncategorized Article
15419,[],Uncategorized Article
3780,[],Uncategorized Article
14632,[],Uncategorized Article
12296,[],Uncategorized Article
247,[],Uncategorized Article
15133,[],Uncategorized Article
23376,[],Uncategorized Article
4739,[],Uncategorized Article
9922,[],Uncategorized Article
26096,[],Uncategorized Article
17080,[],Uncategorized Article
9676,[],Uncategorized Article
15242,[],Uncategorized Article
13022,[],Uncategorized Article
487,[],Uncategorized Article
20336,[],Uncategorized Article
26037,[],Uncategorized Article
15105,[],Uncategorized Article
24181,[],Uncategorized Article
4785,[],Uncategorized Article
13154,[],Uncategorized Article
18124,[],Uncategorized Article
24097,[],Uncategorized Article
1915,[],Uncategorized Article
20915,[],Uncategorized Article
17445,[],Uncategorized Article
2316,[],Uncategorized Article
4220,[],Uncategorized Article
4450,[],Uncategorized Article
7986,[],Uncategorized Article
25011,[],Uncategorized Article
1834,[],Uncategorized Article
15250,[],Uncategorized Article
23352,[],Uncategorized Article
17059,[],Uncategorized Article
16025,[],Uncategorized Article
23468,[],Uncategorized Article
26253,[],Uncategorized Article
2214,[],Uncategorized Article
23408,[],Uncategorized Article
3585,[],Uncategorized Article
5436,[],Uncategorized Article
3230,[],Uncategorized Article
20658,[],Uncategorized Article
14883,[],Uncategorized Article
17983,[],Uncategorized Article
12565,[],Uncategorized Article
20160,[],Uncategorized Article
1114,[],Uncategorized Article
7003,[],Uncategorized Article
21206,[],Uncategorized Article
14902,[],Uncategorized Article
2275,[],Uncategorized Article
26657,[],Uncategorized Article
26643,[],Uncategorized Article
11603,[],Uncategorized Article
15506,[],Uncategorized Article
9056,[],Uncategorized Article
10506,[],Uncategorized Article
24186,[],Uncategorized Article
953,[],Uncategorized Article
4645,[],Uncategorized Article
6290,[],Uncategorized Article
7209,[],Uncategorized Article
6072,[],Uncategorized Article
23915,[],Uncategorized Article
4068,[],Uncategorized Article
17103,[],Uncategorized Article
24378,[],Uncategorized Article
25494,[],Uncategorized Article
450,[],Uncategorized Article
17005,[],Uncategorized Article
23139,[],Uncategorized Article
2281,[],Uncategorized Article
25592,[],Uncategorized Article
1662,[],Uncategorized Article
23131,[],Uncategorized Article
3508,[],Uncategorized Article
16317,[],Uncategorized Article
2119,[],Uncategorized Article
26668,[],Uncategorized Article
25849,[],Uncategorized Article
18085,[],Uncategorized Article
18128,[],Uncategorized Article
10877,[],Uncategorized Article
7751,[],Uncategorized Article
4564,[],Uncategorized Article
26463,[],Uncategorized Article
12943,[],Uncategorized Article
20246,[],Uncategorized Article
1475,[],Uncategorized Article
4391,[],Uncategorized Article
14765,[],Uncategorized Article
26829,[],Uncategorized Article
6462,[],Uncategorized Article
26773,[],Uncategorized Article
24651,[],Uncategorized Article
12736,[],Uncategorized Article
25390,[],Uncategorized Article
19191,[],Uncategorized Article
13762,[],Uncategorized Article
3265,[],Uncategorized Article
3843,[],Uncategorized Article
13024,[],Uncategorized Article
9710,[],Uncategorized Article
15597,[],Uncategorized Article
6948,[],Uncategorized Article
3942,[],Uncategorized Article
21540,[],Uncategorized Article
11507,[],Uncategorized Article
22472,[],Uncategorized Article
4519,[],Uncategorized Article
18283,[],Uncategorized Article
21441,[],Uncategorized Article
2579,[],Uncategorized Article
15214,[],Uncategorized Article
2901,[],Uncategorized Article
19319,[],Uncategorized Article
2676,[],Uncategorized Article
12628,[],Uncategorized Article
10127,[],Uncategorized Article
6137,[],Uncategorized Article
6944,[],Uncategorized Article
22108,[],Uncategorized Article
23924,[],Uncategorized Article
5018,[],Uncategorized Article
4871,[],Uncategorized Article
20280,[],Uncategorized Article
7085,[],Uncategorized Article
980,[],Uncategorized Article
23367,[],Uncategorized Article
15010,[],Uncategorized Article
12099,[],Uncategorized Article
24321,[],Uncategorized Article
17108,[],Uncategorized Article
24212,[],Uncategorized Article
20327,[],Uncategorized Article
19234,[],Uncategorized Article
15628,[],Uncategorized Article
10149,[],Uncategorized Article
13577,[],Uncategorized Article
23029,[],Uncategorized Article
21011,[],Uncategorized Article
280,[],Uncategorized Article
11163,[],Uncategorized Article
12538,[],Uncategorized Article
14798,[],Uncategorized Article
15232,[],Uncategorized Article
8137,[],Uncategorized Article
15786,[],Uncategorized Article
23194,[],Uncategorized Article
624,[],Uncategorized Article
2949,[],Uncategorized Article
22159,[],Uncategorized Article
26244,[],Uncategorized Article
10280,[],Uncategorized Article
11178,[],Uncategorized Article
13641,[],Uncategorized Article
7808,[],Uncategorized Article
22667,[],Uncategorized Article
22757,[],Uncategorized Article
13488,[],Uncategorized Article
8439,[],Uncategorized Article
19606,[],Uncategorized Article
16183,[],Uncategorized Article
12637,[],Uncategorized Article
14705,[],Uncategorized Article
2813,[],Uncategorized Article
20305,[],Uncategorized Article
17017,[],Uncategorized Article
26032,[],Uncategorized Article
8969,[],Uncategorized Article
15127,[],Uncategorized Article
5198,[],Uncategorized Article
26421,[],Uncategorized Article
13821,[],Uncategorized Article
738,[],Uncategorized Article
2496,[],Uncategorized Article
17084,[],Uncategorized Article
19058,[],Uncategorized Article
18453,[],Uncategorized Article
9681,[],Uncategorized Article
1056,[],Uncategorized Article
15964,[],Uncategorized Article
1311,[],Uncategorized Article
15685,[],Uncategorized Article
15617,[],Uncategorized Article
5050,[],Uncategorized Article
22200,[],Uncategorized Article
16394,[],Uncategorized Article
23308,[],Uncategorized Article
4106,[],Uncategorized Article
22037,[],Uncategorized Article
13581,[],Uncategorized Article
23347,[],Uncategorized Article
20344,[],Uncategorized Article
19780,[],Uncategorized Article
8132,[],Uncategorized Article
18321,[],Uncategorized Article
23949,[],Uncategorized Article
6950,[],Uncategorized Article
25596,[],Uncategorized Article
8156,[],Uncategorized Article
601,[],Uncategorized Article
8361,[],Uncategorized Article
21254,[],Uncategorized Article
12285,[],Uncategorized Article
13119,[],Uncategorized Article
6325,[],Uncategorized Article
409,[],Uncategorized Article
9129,[],Uncategorized Article
12795,[],Uncategorized Article
2221,[],Uncategorized Article
22708,[],Uncategorized Article
3752,[],Uncategorized Article
13346,[],Uncategorized Article
22112,[],Uncategorized Article
17268,[],Uncategorized Article
4085,[],Uncategorized Article
10398,[],Uncategorized Article
25517,[],Uncategorized Article
3351,[],Uncategorized Article
8293,[],Uncategorized Article
19749,[],Uncategorized Article
24420,[],Uncategorized Article
16472,[],Uncategorized Article
380,[],Uncategorized Article
15671,[],Uncategorized Article
17967,[],Uncategorized Article
25121,[],Uncategorized Article
5516,[],Uncategorized Article
1822,[],Uncategorized Article
6753,[],Uncategorized Article
12310,[],Uncategorized Article
24904,[],Uncategorized Article
9366,[],Uncategorized Article
8726,[],Uncategorized Article
19015,[],Uncategorized Article
20130,[],Uncategorized Article
14763,[],Uncategorized Article
15423,[],Uncategorized Article
15756,[],Uncategorized Article
2764,[],Uncategorized Article
20429,[],Uncategorized Article
17255,[],Uncategorized Article
13999,[],Uncategorized Article
13724,[],Uncategorized Article
5955,[],Uncategorized Article
7132,[],Uncategorized Article
12066,[],Uncategorized Article
6287,[],Uncategorized Article
12532,[],Uncategorized Article
14331,[],Uncategorized Article
9169,[],Uncategorized Article
7891,[],Uncategorized Article
13789,[],Uncategorized Article
16327,[],Uncategorized Article
5501,[],Uncategorized Article
25274,[],Uncategorized Article
18553,[],Uncategorized Article
8928,[],Uncategorized Article
13486,[],Uncategorized Article
7602,[],Uncategorized Article
9577,[],Uncategorized Article
20216,[],Uncategorized Article
8687,[],Uncategorized Article
26017,[],Uncategorized Article
9585,[],Uncategorized Article
3441,[],Uncategorized Article
24854,[],Uncategorized Article
19907,[],Uncategorized Article
9037,[],Uncategorized Article
4978,[],Uncategorized Article
17918,[],Uncategorized Article
8030,[],Uncategorized Article
25532,[],Uncategorized Article
13144,[],Uncategorized Article
12536,[],Uncategorized Article
8960,[],Uncategorized Article
25270,[],Uncategorized Article
21710,[],Uncategorized Article
7306,[],Uncategorized Article
23841,[],Uncategorized Article
3064,[],Uncategorized Article
8442,[],Uncategorized Article
9020,[],Uncategorized Article
23770,[],Uncategorized Article
11661,[],Uncategorized Article
4084,[],Uncategorized Article
15633,[],Uncategorized Article
75,[],Uncategorized Article
12351,[],Uncategorized Article
12918,[],Uncategorized Article
23931,[],Uncategorized Article
1108,[],Uncategorized Article
12315,[],Uncategorized Article
23739,[],Uncategorized Article
13793,[],Uncategorized Article
748,[],Uncategorized Article
10430,[],Uncategorized Article
22945,[],Uncategorized Article
9942,[],Uncategorized Article
15807,[],Uncategorized Article
18289,[],Uncategorized Article
12842,[],Uncategorized Article
21434,[],Uncategorized Article
25973,[],Uncategorized Article
24872,[],Uncategorized Article
10630,[],Uncategorized Article
476,[],Uncategorized Article
12475,[],Uncategorized Article
16642,[],Uncategorized Article
7138,[],Uncategorized Article
21690,[],Uncategorized Article
259,[],Uncategorized Article
23134,[],Uncategorized Article
16926,[],Uncategorized Article
5601,[],Uncategorized Article
6421,[],Uncategorized Article
14244,[],Uncategorized Article
12422,[],Uncategorized Article
5535,[],Uncategorized Article
23977,[],Uncategorized Article
23133,[],Uncategorized Article
4950,[],Uncategorized Article
5449,[],Uncategorized Article
26734,[],Uncategorized Article
9870,[],Uncategorized Article
3581,[],Uncategorized Article
1147,[],Uncategorized Article
346,[],Uncategorized Article
22623,[],Uncategorized Article
19762,[],Uncategorized Article
20945,[],Uncategorized Article
4449,[],Uncategorized Article
2974,[],Uncategorized Article
21929,[],Uncategorized Article
23630,[],Uncategorized Article
17230,[],Uncategorized Article
22321,[],Uncategorized Article
14848,[],Uncategorized Article
26860,[],Uncategorized Article
15821,[],Uncategorized Article
4843,[],Uncategorized Article
19545,[],Uncategorized Article
3318,[],Uncategorized Article
963,[],Uncategorized Article
19910,[],Uncategorized Article
9252,[],Uncategorized Article
23749,[],Uncategorized Article
11395,[],Uncategorized Article
6759,[],Uncategorized Article
23018,[],Uncategorized Article
20751,[],Uncategorized Article
21589,[],Uncategorized Article
9575,[],Uncategorized Article
2540,[],Uncategorized Article
21977,[],Uncategorized Article
18113,[],Uncategorized Article
10351,[],Uncategorized Article
7318,[],Uncategorized Article
7858,[],Uncategorized Article
20141,[],Uncategorized Article
21687,[],Uncategorized Article
2222,[],Uncategorized Article
5068,[],Uncategorized Article
14800,[],Uncategorized Article
7591,[],Uncategorized Article
1346,[],Uncategorized Article
2740,[],Uncategorized Article
20332,[],Uncategorized Article
7102,[],Uncategorized Article
12147,[],Uncategorized Article
14613,[],Uncategorized Article
2117,[],Uncategorized Article
21600,[],Uncategorized Article
21101,[],Uncategorized Article
17427,[],Uncategorized Article
19526,[],Uncategorized Article
5199,[],Uncategorized Article
8058,[],Uncategorized Article
13249,[],Uncategorized Article
12633,[],Uncategorized Article
18422,[],Uncategorized Article
12116,[],Uncategorized Article
18442,[],Uncategorized Article
18699,[],Uncategorized Article
3268,[],Uncategorized Article
21641,[],Uncategorized Article
10710,[],Uncategorized Article
13607,[],Uncategorized Article
3789,[],Uncategorized Article
16773,[],Uncategorized Article
17712,[],Uncategorized Article
14020,[],Uncategorized Article
25451,[],Uncategorized Article
5553,[],Uncategorized Article
7125,[],Uncategorized Article
17246,[],Uncategorized Article
26598,[],Uncategorized Article
11325,[],Uncategorized Article
7690,[],Uncategorized Article
23403,[],Uncategorized Article
11227,[],Uncategorized Article
734,[],Uncategorized Article
19406,[],Uncategorized Article
144,[],Uncategorized Article
5640,[],Uncategorized Article
23175,[],Uncategorized Article
23240,[],Uncategorized Article
2730,[],Uncategorized Article
14876,[],Uncategorized Article
3474,[],Uncategorized Article
10192,[],Uncategorized Article
15397,[],Uncategorized Article
24333,[],Uncategorized Article
17099,[],Uncategorized Article
2583,[],Uncategorized Article
21332,[],Uncategorized Article
16400,[],Uncategorized Article
22175,[],Uncategorized Article
12527,[],Uncategorized Article
16656,[],Uncategorized Article
10427,[],Uncategorized Article
8288,[],Uncategorized Article
15375,[],Uncategorized Article
2229,[],Uncategorized Article
23583,[],Uncategorized Article
14930,[],Uncategorized Article
24038,[],Uncategorized Article
22585,[],Uncategorized Article
19119,[],Uncategorized Article
11004,[],Uncategorized Article
11541,[],Uncategorized Article
15695,[],Uncategorized Article
5511,[],Uncategorized Article
5865,[],Uncategorized Article
4003,[],Uncategorized Article
25202,[],Uncategorized Article
23609,[],Uncategorized Article
23791,[],Uncategorized Article
1510,[],Uncategorized Article
19428,[],Uncategorized Article
22065,[],Uncategorized Article
12531,[],Uncategorized Article
3735,[],Uncategorized Article
4455,[],Uncategorized Article
23808,[],Uncategorized Article
16536,[],Uncategorized Article
5421,[],Uncategorized Article
15278,[],Uncategorized Article
20187,[],Uncategorized Article
21496,[],Uncategorized Article
644,[],Uncategorized Article
14736,[],Uncategorized Article
11627,[],Uncategorized Article
3710,[],Uncategorized Article
10439,[],Uncategorized Article
12283,[],Uncategorized Article
23256,[],Uncategorized Article
194,[],Uncategorized Article
4393,[],Uncategorized Article
11651,[],Uncategorized Article
23070,[],Uncategorized Article
10056,[],Uncategorized Article
25310,[],Uncategorized Article
430,[],Uncategorized Article
18654,[],Uncategorized Article
24814,[],Uncategorized Article
21166,[],Uncategorized Article
15618,[],Uncategorized Article
17851,[],Uncategorized Article
4140,[],Uncategorized Article
14091,[],Uncategorized Article
5019,[],Uncategorized Article
4448,[],Uncategorized Article
22992,[],Uncategorized Article
17088,[],Uncategorized Article
10950,[],Uncategorized Article
8980,[],Uncategorized Article
11266,[],Uncategorized Article
8696,[],Uncategorized Article
14186,[],Uncategorized Article
1747,[],Uncategorized Article
5215,[],Uncategorized Article
9136,[],Uncategorized Article
21394,[],Uncategorized Article
1052,[],Uncategorized Article
23662,[],Uncategorized Article
13959,[],Uncategorized Article
12402,[],Uncategorized Article
7482,[],Uncategorized Article
14931,[],Uncategorized Article
20553,[],Uncategorized Article
19756,[],Uncategorized Article
11144,[],Uncategorized Article
17588,[],Uncategorized Article
8608,[],Uncategorized Article
7484,[],Uncategorized Article
9973,[],Uncategorized Article
10843,[],Uncategorized Article
22349,[],Uncategorized Article
20990,[],Uncategorized Article
14853,[],Uncategorized Article
11020,[],Uncategorized Article
26470,[],Uncategorized Article
3668,[],Uncategorized Article
3027,[],Uncategorized Article
8248,[],Uncategorized Article
17556,[],Uncategorized Article
25247,[],Uncategorized Article
21117,[],Uncategorized Article
5290,[],Uncategorized Article
26377,[],Uncategorized Article
12451,[],Uncategorized Article
11398,[],Uncategorized Article
7901,[],Uncategorized Article
1808,[],Uncategorized Article
7964,[],Uncategorized Article
718,[],Uncategorized Article
5505,[],Uncategorized Article
21095,[],Uncategorized Article
9995,[],Uncategorized Article
21638,[],Uncategorized Article
6014,[],Uncategorized Article
23385,[],Uncategorized Article
5076,[],Uncategorized Article
17591,[],Uncategorized Article
14875,[],Uncategorized Article
23299,[],Uncategorized Article
2884,[],Uncategorized Article
8993,[],Uncategorized Article
19722,[],Uncategorized Article
24499,[],Uncategorized Article
7047,[],Uncategorized Article
18930,[],Uncategorized Article
20971,[],Uncategorized Article
10376,[],Uncategorized Article
12358,[],Uncategorized Article
6149,[],Uncategorized Article
17759,[],Uncategorized Article
24975,[],Uncategorized Article
12711,[],Uncategorized Article
3798,[],Uncategorized Article
11352,[],Uncategorized Article
21567,[],Uncategorized Article
17349,[],Uncategorized Article
19869,[],Uncategorized Article
7456,[],Uncategorized Article
11823,[],Uncategorized Article
24368,[],Uncategorized Article
8929,[],Uncategorized Article
17407,[],Uncategorized Article
16502,[],Uncategorized Article
25539,[],Uncategorized Article
14757,[],Uncategorized Article
25126,[],Uncategorized Article
6951,[],Uncategorized Article
13189,[],Uncategorized Article
18962,[],Uncategorized Article
11409,[],Uncategorized Article
21599,[],Uncategorized Article
10671,[],Uncategorized Article
24335,[],Uncategorized Article
21963,[],Uncategorized Article
4580,[],Uncategorized Article
8622,[],Uncategorized Article
4156,[],Uncategorized Article
14491,[],Uncategorized Article
22270,[],Uncategorized Article
18762,[],Uncategorized Article
15426,[],Uncategorized Article
25402,[],Uncategorized Article
10347,[],Uncategorized Article
8672,[],Uncategorized Article
10670,[],Uncategorized Article
19243,[],Uncategorized Article
14886,[],Uncategorized Article
25125,[],Uncategorized Article
19010,[],Uncategorized Article
10971,[],Uncategorized Article
18568,[],Uncategorized Article
12131,[],Uncategorized Article
1035,[],Uncategorized Article
24884,[],Uncategorized Article
14230,[],Uncategorized Article
5570,[],Uncategorized Article
21647,[],Uncategorized Article
3000,[],Uncategorized Article
17,[],Uncategorized Article
12709,[],Uncategorized Article
20138,[],Uncategorized Article
10990,[],Uncategorized Article
22025,[],Uncategorized Article
20723,[],Uncategorized Article
15980,[],Uncategorized Article
24461,[],Uncategorized Article
7555,[],Uncategorized Article
2435,[],Uncategorized Article
742,[],Uncategorized Article
2308,[],Uncategorized Article
5286,[],Uncategorized Article
2009,[],Uncategorized Article
13430,[],Uncategorized Article
26840,[],Uncategorized Article
15591,[],Uncategorized Article
6020,[],Uncategorized Article
21910,[],Uncategorized Article
3860,[],Uncategorized Article
2008,[],Uncategorized Article
14611,[],Uncategorized Article
6720,[],Uncategorized Article
16208,[],Uncategorized Article
25784,[],Uncategorized Article
17966,[],Uncategorized Article
14131,[],Uncategorized Article
7809,[],Uncategorized Article
12154,[],Uncategorized Article
10269,[],Uncategorized Article
18764,[],Uncategorized Article
24390,[],Uncategorized Article
10543,[],Uncategorized Article
13310,[],Uncategorized Article
16108,[],Uncategorized Article
14960,[],Uncategorized Article
17836,[],Uncategorized Article
24532,[],Uncategorized Article
5038,[],Uncategorized Article
2034,[],Uncategorized Article
480,[],Uncategorized Article
23659,[],Uncategorized Article
15542,[],Uncategorized Article
1303,[],Uncategorized Article
12369,[],Uncategorized Article
25108,[],Uncategorized Article
6770,[],Uncategorized Article
15065,[],Uncategorized Article
13742,[],Uncategorized Article
2683,[],Uncategorized Article
15342,[],Uncategorized Article
16989,[],Uncategorized Article
4110,[],Uncategorized Article
21009,[],Uncategorized Article
25450,[],Uncategorized Article
2195,[],Uncategorized Article
4372,[],Uncategorized Article
8623,[],Uncategorized Article
6977,[],Uncategorized Article
6049,[],Uncategorized Article
7955,[],Uncategorized Article
1290,[],Uncategorized Article
13259,[],Uncategorized Article
23053,[],Uncategorized Article
17852,[],Uncategorized Article
6978,[],Uncategorized Article
6248,[],Uncategorized Article
20123,[],Uncategorized Article
3589,[],Uncategorized Article
19016,[],Uncategorized Article
10158,[],Uncategorized Article
26290,[],Uncategorized Article
7012,[],Uncategorized Article
14251,[],Uncategorized Article
16888,[],Uncategorized Article
20828,[],Uncategorized Article
25569,[],Uncategorized Article
15058,[],Uncategorized Article
13677,[],Uncategorized Article
11521,[],Uncategorized Article
4400,[],Uncategorized Article
2619,[],Uncategorized Article
26056,[],Uncategorized Article
22439,[],Uncategorized Article
9478,[],Uncategorized Article
11212,[],Uncategorized Article
18524,[],Uncategorized Article
16723,[],Uncategorized Article
6379,[],Uncategorized Article
3197,[],Uncategorized Article
18599,[],Uncategorized Article
1595,[],Uncategorized Article
8317,[],Uncategorized Article
24339,[],Uncategorized Article
2516,[],Uncategorized Article
12973,[],Uncategorized Article
12181,[],Uncategorized Article
11917,[],Uncategorized Article
15281,[],Uncategorized Article
16637,[],Uncategorized Article
24306,[],Uncategorized Article
8873,[],Uncategorized Article
14878,[],Uncategorized Article
16278,[],Uncategorized Article
10042,[],Uncategorized Article
17735,[],Uncategorized Article
14583,[],Uncategorized Article
23984,[],Uncategorized Article
19828,[],Uncategorized Article
11570,[],Uncategorized Article
25188,[],Uncategorized Article
15938,[],Uncategorized Article
10133,[],Uncategorized Article
3979,[],Uncategorized Article
24681,[],Uncategorized Article
8729,[],Uncategorized Article
5550,[],Uncategorized Article
25628,[],Uncategorized Article
5621,[],Uncategorized Article
4258,[],Uncategorized Article
11129,[],Uncategorized Article
22907,[],Uncategorized Article
2232,[],Uncategorized Article
22289,[],Uncategorized Article
22731,[],Uncategorized Article
19401,[],Uncategorized Article
23227,[],Uncategorized Article
10138,[],Uncategorized Article
11742,[],Uncategorized Article
12827,[],Uncategorized Article
21557,[],Uncategorized Article
10084,[],Uncategorized Article
8285,[],Uncategorized Article
17319,[],Uncategorized Article
14712,[],Uncategorized Article
13137,[],Uncategorized Article
26363,[],Uncategorized Article
5525,[],Uncategorized Article
16582,[],Uncategorized Article
4347,[],Uncategorized Article
7469,[],Uncategorized Article
7249,[],Uncategorized Article
18001,[],Uncategorized Article
7650,[],Uncategorized Article
20145,[],Uncategorized Article
22196,[],Uncategorized Article
14101,[],Uncategorized Article
4610,[],Uncategorized Article
7438,[],Uncategorized Article
8941,[],Uncategorized Article
23594,[],Uncategorized Article
26550,[],Uncategorized Article
1738,[],Uncategorized Article
23590,[],Uncategorized Article
11895,[],Uncategorized Article
14281,[],Uncategorized Article
3050,[],Uncategorized Article
25503,[],Uncategorized Article
23250,[],Uncategorized Article
1765,[],Uncategorized Article
21967,[],Uncategorized Article
22085,[],Uncategorized Article
13658,[],Uncategorized Article
18277,[],Uncategorized Article
11117,[],Uncategorized Article
23884,[],Uncategorized Article
22502,[],Uncategorized Article
26802,[],Uncategorized Article
25560,[],Uncategorized Article
10511,[],Uncategorized Article
20241,[],Uncategorized Article
10063,[],Uncategorized Article
22944,[],Uncategorized Article
21333,[],Uncategorized Article
2762,[],Uncategorized Article
16858,[],Uncategorized Article
12441,[],Uncategorized Article
19860,[],Uncategorized Article
2726,[],Uncategorized Article
13215,[],Uncategorized Article
12613,[],Uncategorized Article
22457,[],Uncategorized Article
23488,[],Uncategorized Article
1743,[],Uncategorized Article
9534,[],Uncategorized Article
447,[],Uncategorized Article
19594,[],Uncategorized Article
23167,[],Uncategorized Article
20511,[],Uncategorized Article
1675,[],Uncategorized Article
18527,[],Uncategorized Article
21356,[],Uncategorized Article
4850,[],Uncategorized Article
10436,[],Uncategorized Article
26618,[],Uncategorized Article
25281,[],Uncategorized Article
21126,[],Uncategorized Article
14001,[],Uncategorized Article
12101,[],Uncategorized Article
2929,[],Uncategorized Article
11177,[],Uncategorized Article
21931,[],Uncategorized Article
7278,[],Uncategorized Article
9909,[],Uncategorized Article
15230,[],Uncategorized Article
25006,[],Uncategorized Article
19429,[],Uncategorized Article
18598,[],Uncategorized Article
1121,[],Uncategorized Article
11105,[],Uncategorized Article
6346,[],Uncategorized Article
520,[],Uncategorized Article
385,[],Uncategorized Article
1741,[],Uncategorized Article
16064,[],Uncategorized Article
25232,[],Uncategorized Article
7495,[],Uncategorized Article
22805,[],Uncategorized Article
4740,[],Uncategorized Article
13610,[],Uncategorized Article
3579,[],Uncategorized Article
15726,[],Uncategorized Article
9217,[],Uncategorized Article
8513,[],Uncategorized Article
2449,[],Uncategorized Article
3222,[],Uncategorized Article
24235,[],Uncategorized Article
438,[],Uncategorized Article
6726,[],Uncategorized Article
25912,[],Uncategorized Article
168,[],Uncategorized Article
26853,[],Uncategorized Article
12567,[],Uncategorized Article
482,[],Uncategorized Article
19388,[],Uncategorized Article
17676,[],Uncategorized Article
10509,[],Uncategorized Article
23427,[],Uncategorized Article
18075,[],Uncategorized Article
3757,[],Uncategorized Article
681,[],Uncategorized Article
20272,[],Uncategorized Article
2463,[],Uncategorized Article
15797,[],Uncategorized Article
2518,[],Uncategorized Article
7468,[],Uncategorized Article
18561,[],Uncategorized Article
2135,[],Uncategorized Article
2830,[],Uncategorized Article
1106,[],Uncategorized Article
10219,[],Uncategorized Article
5853,[],Uncategorized Article
9831,[],Uncategorized Article
5128,[],Uncategorized Article
22061,[],Uncategorized Article
10654,[],Uncategorized Article
26632,[],Uncategorized Article
459,[],Uncategorized Article
16289,[],Uncategorized Article
23491,[],Uncategorized Article
15112,[],Uncategorized Article
21940,[],Uncategorized Article
19893,[],Uncategorized Article
24488,[],Uncategorized Article
15550,[],Uncategorized Article
22252,[],Uncategorized Article
1396,[],Uncategorized Article
8394,[],Uncategorized Article
16914,[],Uncategorized Article
15579,[],Uncategorized Article
11193,[],Uncategorized Article
18679,[],Uncategorized Article
13672,[],Uncategorized Article
5532,[],Uncategorized Article
5676,[],Uncategorized Article
23952,[],Uncategorized Article
1201,[],Uncategorized Article
6549,[],Uncategorized Article
7613,[],Uncategorized Article
8474,[],Uncategorized Article
5887,[],Uncategorized Article
25319,[],Uncategorized Article
2662,[],Uncategorized Article
10696,[],Uncategorized Article
25805,[],Uncategorized Article
1978,[],Uncategorized Article
25683,[],Uncategorized Article
4859,[],Uncategorized Article
17035,[],Uncategorized Article
13371,[],Uncategorized Article
13360,[],Uncategorized Article
7739,[],Uncategorized Article
25173,[],Uncategorized Article
4345,[],Uncategorized Article
5098,[],Uncategorized Article
9229,[],Uncategorized Article
1940,[],Uncategorized Article
221,[],Uncategorized Article
24240,[],Uncategorized Article
2420,[],Uncategorized Article
5523,[],Uncategorized Article
7850,[],Uncategorized Article
18245,[],Uncategorized Article
8544,[],Uncategorized Article
23119,[],Uncategorized Article
15181,[],Uncategorized Article
3272,[],Uncategorized Article
7536,[],Uncategorized Article
16953,[],Uncategorized Article
9392,[],Uncategorized Article
1075,[],Uncategorized Article
11800,[],Uncategorized Article
19478,[],Uncategorized Article
12980,[],Uncategorized Article
15915,[],Uncategorized Article
1397,[],Uncategorized Article
25891,[],Uncategorized Article
9658,[],Uncategorized Article
15370,[],Uncategorized Article
13876,[],Uncategorized Article
20338,[],Uncategorized Article
24850,[],Uncategorized Article
22132,[],Uncategorized Article
5472,[],Uncategorized Article
15755,[],Uncategorized Article
3189,[],Uncategorized Article
6871,[],Uncategorized Article
25823,[],Uncategorized Article
2020,[],Uncategorized Article
4990,[],Uncategorized Article
14751,[],Uncategorized Article
9250,[],Uncategorized Article
26631,[],Uncategorized Article
3386,[],Uncategorized Article
19766,[],Uncategorized Article
17168,[],Uncategorized Article
11511,[],Uncategorized Article
21609,[],Uncategorized Article
20592,[],Uncategorized Article
24879,[],Uncategorized Article
23867,[],Uncategorized Article
6433,[],Uncategorized Article
15510,[],Uncategorized Article
10212,[],Uncategorized Article
18976,[],Uncategorized Article
7558,[],Uncategorized Article
26401,[],Uncategorized Article
15388,[],Uncategorized Article
25048,[],Uncategorized Article
8336,[],Uncategorized Article
6757,[],Uncategorized Article
20987,[],Uncategorized Article
7703,[],Uncategorized Article
22164,[],Uncategorized Article
11476,[],Uncategorized Article
15304,[],Uncategorized Article
9785,[],Uncategorized Article
11592,[],Uncategorized Article
5464,[],Uncategorized Article
24040,[],Uncategorized Article
23493,[],Uncategorized Article
19036,[],Uncategorized Article
10557,[],Uncategorized Article
6332,[],Uncategorized Article
11807,[],Uncategorized Article
10191,[],Uncategorized Article
20507,[],Uncategorized Article
2404,[],Uncategorized Article
17464,[],Uncategorized Article
3964,[],Uncategorized Article
6119,[],Uncategorized Article
8082,[],Uncategorized Article
5034,[],Uncategorized Article
127,[],Uncategorized Article
23423,[],Uncategorized Article
21623,[],Uncategorized Article
24844,[],Uncategorized Article
8042,[],Uncategorized Article
7033,[],Uncategorized Article
13151,[],Uncategorized Article
22682,[],Uncategorized Article
17339,[],Uncategorized Article
22287,[],Uncategorized Article
7363,[],Uncategorized Article
16863,[],Uncategorized Article
11037,[],Uncategorized Article
17899,[],Uncategorized Article
6362,[],Uncategorized Article
17596,[],Uncategorized Article
22080,[],Uncategorized Article
964,[],Uncategorized Article
20164,[],Uncategorized Article
13098,[],Uncategorized Article
3686,[],Uncategorized Article
25044,[],Uncategorized Article
5219,[],Uncategorized Article
4972,[],Uncategorized Article
13634,[],Uncategorized Article
23182,[],Uncategorized Article
20868,[],Uncategorized Article
5764,[],Uncategorized Article
18150,[],Uncategorized Article
22801,[],Uncategorized Article
21208,[],Uncategorized Article
2173,[],Uncategorized Article
20355,[],Uncategorized Article
14847,[],Uncategorized Article
2635,[],Uncategorized Article
24451,[],Uncategorized Article
503,[],Uncategorized Article
5705,[],Uncategorized Article
5554,[],Uncategorized Article
21067,[],Uncategorized Article
10746,[],Uncategorized Article
11941,[],Uncategorized Article
18253,[],Uncategorized Article
10781,[],Uncategorized Article
11818,[],Uncategorized Article
19992,[],Uncategorized Article
11096,[],Uncategorized Article
8180,[],Uncategorized Article
9960,[],Uncategorized Article
928,[],Uncategorized Article
24075,[],Uncategorized Article
5478,[],Uncategorized Article
23626,[],Uncategorized Article
17731,[],Uncategorized Article
9618,[],Uncategorized Article
23550,[],Uncategorized Article
21251,[],Uncategorized Article
22773,[],Uncategorized Article
14835,[],Uncategorized Article
17128,[],Uncategorized Article
24470,[],Uncategorized Article
828,[],Uncategorized Article
23847,[],Uncategorized Article
13710,[],Uncategorized Article
12170,[],Uncategorized Article
7500,[],Uncategorized Article
6481,[],Uncategorized Article
26746,[],Uncategorized Article
18882,[],Uncategorized Article
17123,[],Uncategorized Article
16741,[],Uncategorized Article
22560,[],Uncategorized Article
2434,[],Uncategorized Article
18672,[],Uncategorized Article
5187,[],Uncategorized Article
20193,[],Uncategorized Article
18682,[],Uncategorized Article
23552,[],Uncategorized Article
21296,[],Uncategorized Article
21701,[],Uncategorized Article
8280,[],Uncategorized Article
2041,[],Uncategorized Article
14218,[],Uncategorized Article
20541,[],Uncategorized Article
12850,[],Uncategorized Article
17783,[],Uncategorized Article
18116,[],Uncategorized Article
2043,[],Uncategorized Article
17623,[],Uncategorized Article
4043,[],Uncategorized Article
24464,[],Uncategorized Article
8406,[],Uncategorized Article
8480,[],Uncategorized Article
14661,[],Uncategorized Article
19046,[],Uncategorized Article
13037,[],Uncategorized Article
10556,[],Uncategorized Article
6435,[],Uncategorized Article
16606,[],Uncategorized Article
20439,[],Uncategorized Article
23314,[],Uncategorized Article
7719,[],Uncategorized Article
6529,[],Uncategorized Article
21014,[],Uncategorized Article
16313,[],Uncategorized Article
25181,[],Uncategorized Article
1063,[],Uncategorized Article
11206,[],Uncategorized Article
18246,[],Uncategorized Article
16132,[],Uncategorized Article
12378,[],Uncategorized Article
5121,[],Uncategorized Article
20745,[],Uncategorized Article
5711,[],Uncategorized Article
19185,[],Uncategorized Article
3537,[],Uncategorized Article
23456,[],Uncategorized Article
2061,[],Uncategorized Article
26882,[],Uncategorized Article
22777,[],Uncategorized Article
11355,[],Uncategorized Article
24836,[],Uncategorized Article
19648,[],Uncategorized Article
4303,[],Uncategorized Article
11752,[],Uncategorized Article
21811,[],Uncategorized Article
12462,[],Uncategorized Article
26792,[],Uncategorized Article
4246,[],Uncategorized Article
25365,[],Uncategorized Article
2225,[],Uncategorized Article
1282,[],Uncategorized Article
10827,[],Uncategorized Article
11896,[],Uncategorized Article
20608,[],Uncategorized Article
6892,[],Uncategorized Article
9648,[],Uncategorized Article
24156,[],Uncategorized Article
18975,[],Uncategorized Article
26655,[],Uncategorized Article
9970,[],Uncategorized Article
21719,[],Uncategorized Article
11731,[],Uncategorized Article
3578,[],Uncategorized Article
17062,[],Uncategorized Article
4125,[],Uncategorized Article
14767,[],Uncategorized Article
13582,[],Uncategorized Article
16298,[],Uncategorized Article
9684,[],Uncategorized Article
26727,[],Uncategorized Article
20949,[],Uncategorized Article
22754,[],Uncategorized Article
14918,[],Uncategorized Article
478,[],Uncategorized Article
4461,[],Uncategorized Article
3246,[],Uncategorized Article
12927,[],Uncategorized Article
25579,[],Uncategorized Article
5915,[],Uncategorized Article
3799,[],Uncategorized Article
13129,[],Uncategorized Article
1092,[],Uncategorized Article
6281,[],Uncategorized Article
3548,[],Uncategorized Article
20062,[],Uncategorized Article
19845,[],Uncategorized Article
5770,[],Uncategorized Article
7070,[],Uncategorized Article
21631,[],Uncategorized Article
7175,[],Uncategorized Article
9655,[],Uncategorized Article
4252,[],Uncategorized Article
20408,[],Uncategorized Article
24546,[],Uncategorized Article
647,[],Uncategorized Article
970,[],Uncategorized Article
20382,[],Uncategorized Article
11289,[],Uncategorized Article
18858,[],Uncategorized Article
26524,[],Uncategorized Article
4181,[],Uncategorized Article
14515,[],Uncategorized Article
22762,[],Uncategorized Article
5963,[],Uncategorized Article
11959,[],Uncategorized Article
18461,[],Uncategorized Article
20019,[],Uncategorized Article
1009,[],Uncategorized Article
15324,[],Uncategorized Article
6384,[],Uncategorized Article
210,[],Uncategorized Article
12163,[],Uncategorized Article
26383,[],Uncategorized Article
21696,[],Uncategorized Article
25940,[],Uncategorized Article
3398,[],Uncategorized Article
23014,[],Uncategorized Article
3402,[],Uncategorized Article
7088,[],Uncategorized Article
326,[],Uncategorized Article
8105,[],Uncategorized Article
10125,[],Uncategorized Article
26551,[],Uncategorized Article
4814,[],Uncategorized Article
25625,[],Uncategorized Article
22450,[],Uncategorized Article
10366,[],Uncategorized Article
664,[],Uncategorized Article
4296,[],Uncategorized Article
25916,[],Uncategorized Article
2194,[],Uncategorized Article
649,[],Uncategorized Article
24130,[],Uncategorized Article
217,[],Uncategorized Article
5975,[],Uncategorized Article
13416,[],Uncategorized Article
18911,[],Uncategorized Article
17279,[],Uncategorized Article
18264,[],Uncategorized Article
19312,[],Uncategorized Article
19350,[],Uncategorized Article
15739,[],Uncategorized Article
7397,[],Uncategorized Article
7112,[],Uncategorized Article
26146,[],Uncategorized Article
7326,[],Uncategorized Article
7136,[],Uncategorized Article
4540,[],Uncategorized Article
18164,[],Uncategorized Article
21892,[],Uncategorized Article
19242,[],Uncategorized Article
15853,[],Uncategorized Article
5094,[],Uncategorized Article
9115,[],Uncategorized Article
10869,[],Uncategorized Article
26730,[],Uncategorized Article
9586,[],Uncategorized Article
5727,[],Uncategorized Article
13141,[],Uncategorized Article
6480,[],Uncategorized Article
17801,[],Uncategorized Article
17137,[],Uncategorized Article
15634,[],Uncategorized Article
2885,[],Uncategorized Article
14302,[],Uncategorized Article
20577,[],Uncategorized Article
11189,[],Uncategorized Article
25724,[],Uncategorized Article
12011,[],Uncategorized Article
18904,[],Uncategorized Article
17713,[],Uncategorized Article
10493,[],Uncategorized Article
23969,[],Uncategorized Article
4438,[],Uncategorized Article
6600,[],Uncategorized Article
18274,[],Uncategorized Article
17876,[],Uncategorized Article
7481,[],Uncategorized Article
15492,[],Uncategorized Article
3169,[],Uncategorized Article
21109,[],Uncategorized Article
25947,[],Uncategorized Article
20967,[],Uncategorized Article
22720,[],Uncategorized Article
10902,[],Uncategorized Article
23778,[],Uncategorized Article
12042,[],Uncategorized Article
10011,[],Uncategorized Article
22137,[],Uncategorized Article
134,[],Uncategorized Article
26423,[],Uncategorized Article
8331,[],Uncategorized Article
23273,[],Uncategorized Article
3350,[],Uncategorized Article
16647,[],Uncategorized Article
7515,[],Uncategorized Article
13369,[],Uncategorized Article
9003,[],Uncategorized Article
17049,[],Uncategorized Article
20343,[],Uncategorized Article
26984,[],Uncategorized Article
12704,[],Uncategorized Article
9373,[],Uncategorized Article
15955,[],Uncategorized Article
6111,[],Uncategorized Article
20330,[],Uncategorized Article
146,[],Uncategorized Article
7573,[],Uncategorized Article
23048,[],Uncategorized Article
11919,[],Uncategorized Article
12017,[],Uncategorized Article
26013,[],Uncategorized Article
12364,[],Uncategorized Article
20084,[],Uncategorized Article
6340,[],Uncategorized Article
8051,[],Uncategorized Article
6526,[],Uncategorized Article
7760,[],Uncategorized Article
17224,[],Uncategorized Article
23655,[],Uncategorized Article
15852,[],Uncategorized Article
9742,[],Uncategorized Article
25244,[],Uncategorized Article
21221,[],Uncategorized Article
24573,[],Uncategorized Article
20596,[],Uncategorized Article
819,[],Uncategorized Article
367,[],Uncategorized Article
8247,[],Uncategorized Article
3184,[],Uncategorized Article
13524,[],Uncategorized Article
7768,[],Uncategorized Article
8013,[],Uncategorized Article
9128,[],Uncategorized Article
13267,[],Uncategorized Article
8094,[],Uncategorized Article
11769,[],Uncategorized Article
25469,[],Uncategorized Article
3111,[],Uncategorized Article
17390,[],Uncategorized Article
25304,[],Uncategorized Article
9202,[],Uncategorized Article
91,[],Uncategorized Article
20096,[],Uncategorized Article
17341,[],Uncategorized Article
10597,[],Uncategorized Article
12187,[],Uncategorized Article
3694,[],Uncategorized Article
9317,[],Uncategorized Article
2532,[],Uncategorized Article
24037,[],Uncategorized Article
15482,[],Uncategorized Article
10752,[],Uncategorized Article
9683,[],Uncategorized Article
2495,[],Uncategorized Article
25322,[],Uncategorized Article
18774,[],Uncategorized Article
10329,[],Uncategorized Article
2505,[],Uncategorized Article
20303,[],Uncategorized Article
18492,[],Uncategorized Article
12837,[],Uncategorized Article
19344,[],Uncategorized Article
25681,[],Uncategorized Article
23023,[],Uncategorized Article
13002,[],Uncategorized Article
15877,[],Uncategorized Article
25740,[],Uncategorized Article
21012,[],Uncategorized Article
4546,[],Uncategorized Article
22799,[],Uncategorized Article
13906,[],Uncategorized Article
14319,[],Uncategorized Article
20329,[],Uncategorized Article
2528,[],Uncategorized Article
16672,[],Uncategorized Article
13695,[],Uncategorized Article
15944,[],Uncategorized Article
25476,[],Uncategorized Article
19368,[],Uncategorized Article
9315,[],Uncategorized Article
11658,[],Uncategorized Article
26432,[],Uncategorized Article
1034,[],Uncategorized Article
13855,[],Uncategorized Article
2270,[],Uncategorized Article
696,[],Uncategorized Article
10448,[],Uncategorized Article
22549,[],Uncategorized Article
19629,[],Uncategorized Article
13218,[],Uncategorized Article
21461,[],Uncategorized Article
13784,[],Uncategorized Article
119,[],Uncategorized Article
7609,[],Uncategorized Article
7304,[],Uncategorized Article
2790,[],Uncategorized Article
5365,[],Uncategorized Article
10389,[],Uncategorized Article
11297,[],Uncategorized Article
17110,[],Uncategorized Article
14897,[],Uncategorized Article
17631,[],Uncategorized Article
3806,[],Uncategorized Article
20043,[],Uncategorized Article
14320,[],Uncategorized Article
21392,[],Uncategorized Article
7585,[],Uncategorized Article
21073,[],Uncategorized Article
7606,[],Uncategorized Article
10319,[],Uncategorized Article
20594,[],Uncategorized Article
26617,[],Uncategorized Article
14727,[],Uncategorized Article
18769,[],Uncategorized Article
11793,[],Uncategorized Article
1888,[],Uncategorized Article
3734,[],Uncategorized Article
8251,[],Uncategorized Article
21737,[],Uncategorized Article
16352,[],Uncategorized Article
2932,[],Uncategorized Article
18497,[],Uncategorized Article
7839,[],Uncategorized Article
14927,[],Uncategorized Article
26529,[],Uncategorized Article
18902,[],Uncategorized Article
2408,[],Uncategorized Article
7840,[],Uncategorized Article
5729,[],Uncategorized Article
1413,[],Uncategorized Article
26348,[],Uncategorized Article
16476,[],Uncategorized Article
19771,[],Uncategorized Article
10124,[],Uncategorized Article
24531,[],Uncategorized Article
18197,[],Uncategorized Article
1450,[],Uncategorized Article
6280,[],Uncategorized Article
23595,[],Uncategorized Article
6599,[],Uncategorized Article
22131,[],Uncategorized Article
3698,[],Uncategorized Article
11071,[],Uncategorized Article
25449,[],Uncategorized Article
180,[],Uncategorized Article
19417,[],Uncategorized Article
20480,[],Uncategorized Article
21072,[],Uncategorized Article
22177,[],Uncategorized Article
12407,[],Uncategorized Article
4569,[],Uncategorized Article
18575,[],Uncategorized Article
24871,[],Uncategorized Article
20312,[],Uncategorized Article
1493,[],Uncategorized Article
469,[],Uncategorized Article
17426,[],Uncategorized Article
2166,[],Uncategorized Article
1911,[],Uncategorized Article
1027,[],Uncategorized Article
21145,[],Uncategorized Article
1423,[],Uncategorized Article
19134,[],Uncategorized Article
3820,[],Uncategorized Article
2982,[],Uncategorized Article
21768,[],Uncategorized Article
5598,[],Uncategorized Article
21835,[],Uncategorized Article
20672,[],Uncategorized Article
14301,[],Uncategorized Article
6165,[],Uncategorized Article
3256,[],Uncategorized Article
8570,[],Uncategorized Article
5332,[],Uncategorized Article
15099,[],Uncategorized Article
1192,[],Uncategorized Article
11018,[],Uncategorized Article
11150,[],Uncategorized Article
12405,[],Uncategorized Article
21049,[],Uncategorized Article
26780,[],Uncategorized Article
15013,[],Uncategorized Article
15947,[],Uncategorized Article
9547,[],Uncategorized Article
21088,[],Uncategorized Article
16328,[],Uncategorized Article
12068,[],Uncategorized Article
8575,[],Uncategorized Article
12389,[],Uncategorized Article
12660,[],Uncategorized Article
25530,[],Uncategorized Article
9109,[],Uncategorized Article
7467,[],Uncategorized Article
8704,[],Uncategorized Article
5844,[],Uncategorized Article
20943,[],Uncategorized Article
351,[],Uncategorized Article
23684,[],Uncategorized Article
22883,[],Uncategorized Article
4229,[],Uncategorized Article
24400,[],Uncategorized Article
9619,[],Uncategorized Article
2604,[],Uncategorized Article
5697,[],Uncategorized Article
14625,[],Uncategorized Article
3426,[],Uncategorized Article
7499,[],Uncategorized Article
19318,[],Uncategorized Article
9213,[],Uncategorized Article
1297,[],Uncategorized Article
9014,[],Uncategorized Article
23363,[],Uncategorized Article
3399,[],Uncategorized Article
9801,[],Uncategorized Article
5393,[],Uncategorized Article
18783,[],Uncategorized Article
635,[],Uncategorized Article
18530,[],Uncategorized Article
18056,[],Uncategorized Article
7658,[],Uncategorized Article
5863,[],Uncategorized Article
23391,[],Uncategorized Article
17688,[],Uncategorized Article
7552,[],Uncategorized Article
19663,[],Uncategorized Article
3394,[],Uncategorized Article
9887,[],Uncategorized Article
10413,[],Uncategorized Article
9898,[],Uncategorized Article
11124,[],Uncategorized Article
8557,[],Uncategorized Article
20518,[],Uncategorized Article
24182,[],Uncategorized Article
16339,[],Uncategorized Article
24533,[],Uncategorized Article
2559,[],Uncategorized Article
22552,[],Uncategorized Article
2004,[],Uncategorized Article
10120,[],Uncategorized Article
2386,[],Uncategorized Article
25105,[],Uncategorized Article
25103,[],Uncategorized Article
24625,[],Uncategorized Article
5252,[],Uncategorized Article
8703,[],Uncategorized Article
21077,[],Uncategorized Article
3662,[],Uncategorized Article
10443,[],Uncategorized Article
15840,[],Uncategorized Article
10480,[],Uncategorized Article
25444,[],Uncategorized Article
18218,[],Uncategorized Article
1411,[],Uncategorized Article
29,[],Uncategorized Article
15963,[],Uncategorized Article
23514,[],Uncategorized Article
4707,[],Uncategorized Article
3045,[],Uncategorized Article
18007,[],Uncategorized Article
7395,[],Uncategorized Article
26209,[],Uncategorized Article
7682,[],Uncategorized Article
26704,[],Uncategorized Article
23056,[],Uncategorized Article
4115,[],Uncategorized Article
11121,[],Uncategorized Article
3876,[],Uncategorized Article
15657,[],Uncategorized Article
21232,[],Uncategorized Article
14264,[],Uncategorized Article
24126,[],Uncategorized Article
22759,[],Uncategorized Article
26778,[],Uncategorized Article
1869,[],Uncategorized Article
22486,[],Uncategorized Article
11817,[],Uncategorized Article
16501,[],Uncategorized Article
18806,[],Uncategorized Article
960,[],Uncategorized Article
984,[],Uncategorized Article
9544,[],Uncategorized Article
9977,[],Uncategorized Article
278,[],Uncategorized Article
2145,[],Uncategorized Article
26664,[],Uncategorized Article
16908,[],Uncategorized Article
21883,[],Uncategorized Article
4080,[],Uncategorized Article
22227,[],Uncategorized Article
3778,[],Uncategorized Article
10118,[],Uncategorized Article
10163,[],Uncategorized Article
7647,[],Uncategorized Article
15737,[],Uncategorized Article
22613,[],Uncategorized Article
23736,[],Uncategorized Article
21676,[],Uncategorized Article
22390,[],Uncategorized Article
13933,[],Uncategorized Article
291,[],Uncategorized Article
13462,[],Uncategorized Article
8919,[],Uncategorized Article
3836,[],Uncategorized Article
24045,[],Uncategorized Article
18656,[],Uncategorized Article
3711,[],Uncategorized Article
19518,[],Uncategorized Article
6434,[],Uncategorized Article
6173,[],Uncategorized Article
1259,[],Uncategorized Article
9929,[],Uncategorized Article
9353,[],Uncategorized Article
26297,[],Uncategorized Article
15459,[],Uncategorized Article
18518,[],Uncategorized Article
7628,[],Uncategorized Article
17020,[],Uncategorized Article
5148,[],Uncategorized Article
3362,[],Uncategorized Article
24813,[],Uncategorized Article
3210,[],Uncategorized Article
5572,[],Uncategorized Article
23756,[],Uncategorized Article
25284,[],Uncategorized Article
10299,[],Uncategorized Article
14050,[],Uncategorized Article
11983,[],Uncategorized Article
26086,[],Uncategorized Article
23704,[],Uncategorized Article
6633,[],Uncategorized Article
17595,[],Uncategorized Article
11747,[],Uncategorized Article
12362,[],Uncategorized Article
26865,[],Uncategorized Article
2748,[],Uncategorized Article
10650,[],Uncategorized Article
5165,[],Uncategorized Article
14872,[],Uncategorized Article
22615,[],Uncategorized Article
9197,[],Uncategorized Article
6619,[],Uncategorized Article
6824,[],Uncategorized Article
16062,[],Uncategorized Article
6580,[],Uncategorized Article
9410,[],Uncategorized Article
13706,[],Uncategorized Article
18644,[],Uncategorized Article
4101,[],Uncategorized Article
23220,[],Uncategorized Article
7258,[],Uncategorized Article
13701,[],Uncategorized Article
5802,[],Uncategorized Article
15283,[],Uncategorized Article
22023,[],Uncategorized Article
8349,[],Uncategorized Article
22344,[],Uncategorized Article
5638,[],Uncategorized Article
8925,[],Uncategorized Article
14969,[],Uncategorized Article
18315,[],Uncategorized Article
5383,[],Uncategorized Article
24393,[],Uncategorized Article
14694,[],Uncategorized Article
23987,[],Uncategorized Article
4706,[],Uncategorized Article
23615,[],Uncategorized Article
23034,[],Uncategorized Article
1611,[],Uncategorized Article
46,[],Uncategorized Article
25556,[],Uncategorized Article
15607,[],Uncategorized Article
20086,[],Uncategorized Article
9535,[],Uncategorized Article
5130,[],Uncategorized Article
22235,[],Uncategorized Article
26177,[],Uncategorized Article
1339,[],Uncategorized Article
18292,[],Uncategorized Article
23783,[],Uncategorized Article
1514,[],Uncategorized Article
8807,[],Uncategorized Article
14992,[],Uncategorized Article
17181,[],Uncategorized Article
17562,[],Uncategorized Article
139,[],Uncategorized Article
26588,[],Uncategorized Article
6223,[],Uncategorized Article
22191,[],Uncategorized Article
8119,[],Uncategorized Article
9571,[],Uncategorized Article
2617,[],Uncategorized Article
2744,[],Uncategorized Article
7799,[],Uncategorized Article
17980,[],Uncategorized Article
11034,[],Uncategorized Article
2497,[],Uncategorized Article
24989,[],Uncategorized Article
4605,[],Uncategorized Article
9946,[],Uncategorized Article
12318,[],Uncategorized Article
25541,[],Uncategorized Article
7024,[],Uncategorized Article
5771,[],Uncategorized Article
14951,[],Uncategorized Article
12896,[],Uncategorized Article
20461,[],Uncategorized Article
3418,[],Uncategorized Article
9322,[],Uncategorized Article
16813,[],Uncategorized Article
26932,[],Uncategorized Article
18034,[],Uncategorized Article
13578,[],Uncategorized Article
13344,[],Uncategorized Article
1599,[],Uncategorized Article
26360,[],Uncategorized Article
26336,[],Uncategorized Article
23966,[],Uncategorized Article
17284,[],Uncategorized Article
8196,[],Uncategorized Article
7912,[],Uncategorized Article
25491,[],Uncategorized Article
3745,[],Uncategorized Article
18288,[],Uncategorized Article
24315,[],Uncategorized Article
5720,[],Uncategorized Article
14756,[],Uncategorized Article
8528,[],Uncategorized Article
24638,[],Uncategorized Article
13553,[],Uncategorized Article
4685,[],Uncategorized Article
11438,[],Uncategorized Article
26820,[],Uncategorized Article
14819,[],Uncategorized Article
3229,[],Uncategorized Article
208,[],Uncategorized Article
26662,[],Uncategorized Article
10090,[],Uncategorized Article
19287,[],Uncategorized Article
13888,[],Uncategorized Article
12761,[],Uncategorized Article
2605,[],Uncategorized Article
15165,[],Uncategorized Article
11388,[],Uncategorized Article
2587,[],Uncategorized Article
17066,[],Uncategorized Article
9264,[],Uncategorized Article
18552,[],Uncategorized Article
15046,[],Uncategorized Article
18879,[],Uncategorized Article
8857,[],Uncategorized Article
4715,[],Uncategorized Article
22241,[],Uncategorized Article
22654,[],Uncategorized Article
21584,[],Uncategorized Article
19674,[],Uncategorized Article
23887,[],Uncategorized Article
2870,[],Uncategorized Article
8158,[],Uncategorized Article
16811,[],Uncategorized Article
15844,[],Uncategorized Article
10867,[],Uncategorized Article
8270,[],Uncategorized Article
15565,[],Uncategorized Article
2254,[],Uncategorized Article
21734,[],Uncategorized Article
2905,[],Uncategorized Article
20958,[],Uncategorized Article
8516,[],Uncategorized Article
23032,[],Uncategorized Article
16558,[],Uncategorized Article
20112,[],Uncategorized Article
20899,[],Uncategorized Article
2351,[],Uncategorized Article
20082,[],Uncategorized Article
5183,[],Uncategorized Article
10476,[],Uncategorized Article
26039,[],Uncategorized Article
1751,[],Uncategorized Article
2299,[],Uncategorized Article
3595,[],Uncategorized Article
16215,[],Uncategorized Article
13738,[],Uncategorized Article
3792,[],Uncategorized Article
4985,[],Uncategorized Article
9636,[],Uncategorized Article
19327,[],Uncategorized Article
14313,[],Uncategorized Article
16495,[],Uncategorized Article
7539,[],Uncategorized Article
25728,[],Uncategorized Article
13043,[],Uncategorized Article
19691,[],Uncategorized Article
1640,[],Uncategorized Article
17998,[],Uncategorized Article
8393,[],Uncategorized Article
10231,[],Uncategorized Article
13328,[],Uncategorized Article
21948,[],Uncategorized Article
9276,[],Uncategorized Article
3673,[],Uncategorized Article
24910,[],Uncategorized Article
17897,[],Uncategorized Article
18560,[],Uncategorized Article
5549,[],Uncategorized Article
4501,[],Uncategorized Article
26082,[],Uncategorized Article
24755,[],Uncategorized Article
11255,[],Uncategorized Article
315,[],Uncategorized Article
26171,[],Uncategorized Article
10836,[],Uncategorized Article
14152,[],Uncategorized Article
4793,[],Uncategorized Article
26428,[],Uncategorized Article
9541,[],Uncategorized Article
16340,[],Uncategorized Article
23129,[],Uncategorized Article
936,[],Uncategorized Article
12560,[],Uncategorized Article
13696,[],Uncategorized Article
3110,[],Uncategorized Article
24213,[],Uncategorized Article
5337,[],Uncategorized Article
24166,[],Uncategorized Article
19969,[],Uncategorized Article
10322,[],Uncategorized Article
23840,[],Uncategorized Article
4416,[],Uncategorized Article
24307,[],Uncategorized Article
5545,[],Uncategorized Article
2492,[],Uncategorized Article
11481,[],Uncategorized Article
3507,[],Uncategorized Article
16711,[],Uncategorized Article
6649,[],Uncategorized Article
26755,[],Uncategorized Article
26000,[],Uncategorized Article
2210,[],Uncategorized Article
22835,[],Uncategorized Article
11293,[],Uncategorized Article
26264,[],Uncategorized Article
12256,[],Uncategorized Article
5923,[],Uncategorized Article
20424,[],Uncategorized Article
26248,[],Uncategorized Article
24636,[],Uncategorized Article
26238,[],Uncategorized Article
4774,[],Uncategorized Article
12137,[],Uncategorized Article
17561,[],Uncategorized Article
23981,[],Uncategorized Article
12806,[],Uncategorized Article
16146,[],Uncategorized Article
25343,[],Uncategorized Article
12160,[],Uncategorized Article
9409,[],Uncategorized Article
26060,[],Uncategorized Article
10852,[],Uncategorized Article
5384,[],Uncategorized Article
7488,[],Uncategorized Article
2342,[],Uncategorized Article
15289,[],Uncategorized Article
21782,[],Uncategorized Article
19793,[],Uncategorized Article
21678,[],Uncategorized Article
1474,[],Uncategorized Article
12344,[],Uncategorized Article
12776,[],Uncategorized Article
10424,[],Uncategorized Article
5528,[],Uncategorized Article
14460,[],Uncategorized Article
10818,[],Uncategorized Article
26319,[],Uncategorized Article
3753,[],Uncategorized Article
1713,[],Uncategorized Article
14771,[],Uncategorized Article
15936,[],Uncategorized Article
6830,[],Uncategorized Article
25200,[],Uncategorized Article
22070,[],Uncategorized Article
14143,[],Uncategorized Article
20064,[],Uncategorized Article
708,[],Uncategorized Article
5377,[],Uncategorized Article
14100,[],Uncategorized Article
25037,[],Uncategorized Article
2981,[],Uncategorized Article
18602,[],Uncategorized Article
13302,[],Uncategorized Article
21043,[],Uncategorized Article
12679,[],Uncategorized Article
17534,[],Uncategorized Article
10434,[],Uncategorized Article
12715,[],Uncategorized Article
20457,[],Uncategorized Article
10714,[],Uncategorized Article
26826,[],Uncategorized Article
14615,[],Uncategorized Article
5749,[],Uncategorized Article
17714,[],Uncategorized Article
23912,[],Uncategorized Article
2554,[],Uncategorized Article
2290,[],Uncategorized Article
24976,[],Uncategorized Article
12925,[],Uncategorized Article
10353,[],Uncategorized Article
6003,[],Uncategorized Article
12322,[],Uncategorized Article
11717,[],Uncategorized Article
4148,[],Uncategorized Article
17212,[],Uncategorized Article
19677,[],Uncategorized Article
4254,[],Uncategorized Article
2250,[],Uncategorized Article
16042,[],Uncategorized Article
16467,[],Uncategorized Article
16992,[],Uncategorized Article
11433,[],Uncategorized Article
8604,[],Uncategorized Article
22752,[],Uncategorized Article
10475,[],Uncategorized Article
1642,[],Uncategorized Article
8310,[],Uncategorized Article
8485,[],Uncategorized Article
16367,[],Uncategorized Article
19215,[],Uncategorized Article
14689,[],Uncategorized Article
3470,[],Uncategorized Article
21210,[],Uncategorized Article
13181,[],Uncategorized Article
26762,[],Uncategorized Article
15287,[],Uncategorized Article
11624,[],Uncategorized Article
24264,[],Uncategorized Article
14834,[],Uncategorized Article
18358,[],Uncategorized Article
19003,[],Uncategorized Article
683,[],Uncategorized Article
20073,[],Uncategorized Article
13719,[],Uncategorized Article
17355,[],Uncategorized Article
15452,[],Uncategorized Article
26038,[],Uncategorized Article
14558,[],Uncategorized Article
20894,[],Uncategorized Article
10657,[],Uncategorized Article
16373,[],Uncategorized Article
12570,[],Uncategorized Article
20449,[],Uncategorized Article
3946,[],Uncategorized Article
18543,[],Uncategorized Article
14400,[],Uncategorized Article
25659,[],Uncategorized Article
9418,[],Uncategorized Article
20782,[],Uncategorized Article
17657,[],Uncategorized Article
7827,[],Uncategorized Article
24562,[],Uncategorized Article
20407,[],Uncategorized Article
4070,[],Uncategorized Article
11925,[],Uncategorized Article
26435,[],Uncategorized Article
7030,[],Uncategorized Article
4955,[],Uncategorized Article
12753,[],Uncategorized Article
24876,[],Uncategorized Article
4344,[],Uncategorized Article
15353,[],Uncategorized Article
10421,[],Uncategorized Article
19068,[],Uncategorized Article
9712,[],Uncategorized Article
4421,[],Uncategorized Article
7759,[],Uncategorized Article
25565,[],Uncategorized Article
19726,[],Uncategorized Article
7131,[],Uncategorized Article
19081,[],Uncategorized Article
11066,[],Uncategorized Article
14041,[],Uncategorized Article
1453,[],Uncategorized Article
1383,[],Uncategorized Article
21159,[],Uncategorized Article
12368,[],Uncategorized Article
2441,[],Uncategorized Article
20910,[],Uncategorized Article
8797,[],Uncategorized Article
20854,[],Uncategorized Article
19843,[],Uncategorized Article
9033,[],Uncategorized Article
9682,[],Uncategorized Article
16706,[],Uncategorized Article
22098,[],Uncategorized Article
25401,[],Uncategorized Article
21241,[],Uncategorized Article
17211,[],Uncategorized Article
4306,[],Uncategorized Article
23765,[],Uncategorized Article
3608,[],Uncategorized Article
21705,[],Uncategorized Article
5284,[],Uncategorized Article
17708,[],Uncategorized Article
10963,[],Uncategorized Article
22756,[],Uncategorized Article
13217,[],Uncategorized Article
15039,[],Uncategorized Article
23619,[],Uncategorized Article
5407,[],Uncategorized Article
11021,[],Uncategorized Article
1429,[],Uncategorized Article
21382,[],Uncategorized Article
14734,[],Uncategorized Article
16470,[],Uncategorized Article
21264,[],Uncategorized Article
4048,[],Uncategorized Article
8858,[],Uncategorized Article
5115,[],Uncategorized Article
22240,[],Uncategorized Article
8403,[],Uncategorized Article
21501,[],Uncategorized Article
3949,[],Uncategorized Article
2751,[],Uncategorized Article
3986,[],Uncategorized Article
26942,[],Uncategorized Article
10199,[],Uncategorized Article
20520,[],Uncategorized Article
14304,[],Uncategorized Article
1866,[],Uncategorized Article
15557,[],Uncategorized Article
4730,[],Uncategorized Article
14974,[],Uncategorized Article
8616,[],Uncategorized Article
451,[],Uncategorized Article
7757,[],Uncategorized Article
1606,[],Uncategorized Article
22594,[],Uncategorized Article
12245,[],Uncategorized Article
9841,[],Uncategorized Article
20920,[],Uncategorized Article
3488,[],Uncategorized Article
20965,[],Uncategorized Article
16511,[],Uncategorized Article
103,[],Uncategorized Article
19854,[],Uncategorized Article
22935,[],Uncategorized Article
7581,[],Uncategorized Article
22011,[],Uncategorized Article
12815,[],Uncategorized Article
18013,[],Uncategorized Article
12810,[],Uncategorized Article
21355,[],Uncategorized Article
21993,[],Uncategorized Article
22028,[],Uncategorized Article
8362,[],Uncategorized Article
9172,[],Uncategorized Article
12332,[],Uncategorized Article
14351,[],Uncategorized Article
16069,[],Uncategorized Article
19471,[],Uncategorized Article
14658,[],Uncategorized Article
24789,[],Uncategorized Article
2702,[],Uncategorized Article
5221,[],Uncategorized Article
15344,[],Uncategorized Article
16203,[],Uncategorized Article
9296,[],Uncategorized Article
18144,[],Uncategorized Article
2081,[],Uncategorized Article
9958,[],Uncategorized Article
13188,[],Uncategorized Article
18367,[],Uncategorized Article
19476,[],Uncategorized Article
14064,[],Uncategorized Article
12572,[],Uncategorized Article
21643,[],Uncategorized Article
14127,[],Uncategorized Article
12273,[],Uncategorized Article
13678,[],Uncategorized Article
1086,[],Uncategorized Article
25807,[],Uncategorized Article
8862,[],Uncategorized Article
24800,[],Uncategorized Article
15405,[],Uncategorized Article
2947,[],Uncategorized Article
17156,[],Uncategorized Article
11897,[],Uncategorized Article
6418,[],Uncategorized Article
17217,[],Uncategorized Article
24918,[],Uncategorized Article
4783,[],Uncategorized Article
13499,[],Uncategorized Article
13195,[],Uncategorized Article
15640,[],Uncategorized Article
15299,[],Uncategorized Article
6689,[],Uncategorized Article
15113,[],Uncategorized Article
19521,[],Uncategorized Article
6425,[],Uncategorized Article
26035,[],Uncategorized Article
26795,[],Uncategorized Article
17645,[],Uncategorized Article
5174,[],Uncategorized Article
19387,[],Uncategorized Article
12309,[],Uncategorized Article
3509,[],Uncategorized Article
19277,[],Uncategorized Article
21376,[],Uncategorized Article
22307,[],Uncategorized Article
6508,[],Uncategorized Article
6778,[],Uncategorized Article
25131,[],Uncategorized Article
14857,[],Uncategorized Article
7571,[],Uncategorized Article
5843,[],Uncategorized Article
14073,[],Uncategorized Article
15176,[],Uncategorized Article
6024,[],Uncategorized Article
4981,[],Uncategorized Article
6390,[],Uncategorized Article
14739,[],Uncategorized Article
26312,[],Uncategorized Article
22184,[],Uncategorized Article
1632,[],Uncategorized Article
15244,[],Uncategorized Article
23652,[],Uncategorized Article
22155,[],Uncategorized Article
15654,[],Uncategorized Article
3298,[],Uncategorized Article
8648,[],Uncategorized Article
22425,[],Uncategorized Article
26200,[],Uncategorized Article
10059,[],Uncategorized Article
3393,[],Uncategorized Article
17629,[],Uncategorized Article
26321,[],Uncategorized Article
466,[],Uncategorized Article
7178,[],Uncategorized Article
14975,[],Uncategorized Article
6700,[],Uncategorized Article
16137,[],Uncategorized Article
11012,[],Uncategorized Article
25212,[],Uncategorized Article
2856,[],Uncategorized Article
10069,[],Uncategorized Article
11160,[],Uncategorized Article
24893,[],Uncategorized Article
12781,[],Uncategorized Article
8370,[],Uncategorized Article
4170,[],Uncategorized Article
24641,[],Uncategorized Article
7100,[],Uncategorized Article
13325,[],Uncategorized Article
26891,[],Uncategorized Article
8450,[],Uncategorized Article
9331,[],Uncategorized Article
5508,[],Uncategorized Article
8206,[],Uncategorized Article
20286,[],Uncategorized Article
20097,[],Uncategorized Article
4563,[],Uncategorized Article
9753,[],Uncategorized Article
1580,[],Uncategorized Article
19697,[],Uncategorized Article
22676,[],Uncategorized Article
13257,[],Uncategorized Article
20396,[],Uncategorized Article
11674,[],Uncategorized Article
14236,[],Uncategorized Article
22498,[],Uncategorized Article
22837,[],Uncategorized Article
23751,[],Uncategorized Article
24536,[],Uncategorized Article
4832,[],Uncategorized Article
25152,[],Uncategorized Article
24934,[],Uncategorized Article
10600,[],Uncategorized Article
19193,[],Uncategorized Article
25824,[],Uncategorized Article
6275,[],Uncategorized Article
844,[],Uncategorized Article
4479,[],Uncategorized Article
4844,[],Uncategorized Article
13294,[],Uncategorized Article
8477,[],Uncategorized Article
9997,[],Uncategorized Article
20261,[],Uncategorized Article
8413,[],Uncategorized Article
21284,[],Uncategorized Article
4738,[],Uncategorized Article
1503,[],Uncategorized Article
3397,[],Uncategorized Article
21084,[],Uncategorized Article
1398,[],Uncategorized Article
19972,[],Uncategorized Article
20506,[],Uncategorized Article
121,[],Uncategorized Article
25462,[],Uncategorized Article
25176,[],Uncategorized Article
20841,[],Uncategorized Article
10690,[],Uncategorized Article
21059,[],Uncategorized Article
21816,[],Uncategorized Article
7290,[],Uncategorized Article
19111,[],Uncategorized Article
22372,[],Uncategorized Article
14982,[],Uncategorized Article
25169,[],Uncategorized Article
16239,[],Uncategorized Article
11753,[],Uncategorized Article
17367,[],Uncategorized Article
16553,[],Uncategorized Article
18407,[],Uncategorized Article
26514,[],Uncategorized Article
4375,[],Uncategorized Article
4293,[],Uncategorized Article
4320,[],Uncategorized Article
7094,[],Uncategorized Article
20579,[],Uncategorized Article
16897,[],Uncategorized Article
23883,[],Uncategorized Article
5418,[],Uncategorized Article
10422,[],Uncategorized Article
9423,[],Uncategorized Article
12063,[],Uncategorized Article
8341,[],Uncategorized Article
7474,[],Uncategorized Article
15803,[],Uncategorized Article
13166,[],Uncategorized Article
15466,[],Uncategorized Article
13625,[],Uncategorized Article
24683,[],Uncategorized Article
15330,[],Uncategorized Article
10504,[],Uncategorized Article
15825,[],Uncategorized Article
11287,[],Uncategorized Article
3706,[],Uncategorized Article
22342,[],Uncategorized Article
12079,[],Uncategorized Article
16936,[],Uncategorized Article
12457,[],Uncategorized Article
14957,[],Uncategorized Article
26077,[],Uncategorized Article
21615,[],Uncategorized Article
26160,[],Uncategorized Article
10175,[],Uncategorized Article
24827,[],Uncategorized Article
23478,[],Uncategorized Article
19207,[],Uncategorized Article
5627,[],Uncategorized Article
15182,[],Uncategorized Article
2784,[],Uncategorized Article
19919,[],Uncategorized Article
9147,[],Uncategorized Article
24127,[],Uncategorized Article
20698,[],Uncategorized Article
22826,[],Uncategorized Article
5610,[],Uncategorized Article
15624,[],Uncategorized Article
15879,[],Uncategorized Article
25668,[],Uncategorized Article
6814,[],Uncategorized Article
26983,[],Uncategorized Article
26374,[],Uncategorized Article
3784,[],Uncategorized Article
17361,[],Uncategorized Article
10914,[],Uncategorized Article
26442,[],Uncategorized Article
6650,[],Uncategorized Article
22821,[],Uncategorized Article
14284,[],Uncategorized Article
23950,[],Uncategorized Article
23268,[],Uncategorized Article
8010,[],Uncategorized Article
23823,[],Uncategorized Article
26838,[],Uncategorized Article
22848,[],Uncategorized Article
25857,[],Uncategorized Article
16030,[],Uncategorized Article
6725,[],Uncategorized Article
26275,[],Uncategorized Article
14784,[],Uncategorized Article
25788,[],Uncategorized Article
24057,[],Uncategorized Article
10918,[],Uncategorized Article
1788,[],Uncategorized Article
24823,[],Uncategorized Article
19549,[],Uncategorized Article
1350,[],Uncategorized Article
14782,[],Uncategorized Article
25423,[],Uncategorized Article
10189,[],Uncategorized Article
8815,[],Uncategorized Article
25911,[],Uncategorized Article
2361,[],Uncategorized Article
20526,[],Uncategorized Article
16271,[],Uncategorized Article
25250,[],Uncategorized Article
7786,[],Uncategorized Article
19797,[],Uncategorized Article
23598,[],Uncategorized Article
12233,[],Uncategorized Article
6870,[],Uncategorized Article
23257,[],Uncategorized Article
25027,[],Uncategorized Article
23426,[],Uncategorized Article
4343,[],Uncategorized Article
25808,[],Uncategorized Article
8935,[],Uncategorized Article
15816,[],Uncategorized Article
19693,[],Uncategorized Article
10185,[],Uncategorized Article
21439,[],Uncategorized Article
22384,[],Uncategorized Article
13713,[],Uncategorized Article
16085,[],Uncategorized Article
17363,[],Uncategorized Article
20624,[],Uncategorized Article
8144,[],Uncategorized Article
18142,[],Uncategorized Article
2442,[],Uncategorized Article
11257,[],Uncategorized Article
12102,[],Uncategorized Article
26192,[],Uncategorized Article
11482,[],Uncategorized Article
655,[],Uncategorized Article
19410,[],Uncategorized Article
19633,[],Uncategorized Article
6741,[],Uncategorized Article
322,[],Uncategorized Article
25426,[],Uncategorized Article
7268,[],Uncategorized Article
15713,[],Uncategorized Article
11316,[],Uncategorized Article
15527,[],Uncategorized Article
15693,[],Uncategorized Article
7223,[],Uncategorized Article
369,[],Uncategorized Article
22267,[],Uncategorized Article
20427,[],Uncategorized Article
16469,[],Uncategorized Article
4894,[],Uncategorized Article
14978,[],Uncategorized Article
1131,[],Uncategorized Article
2265,[],Uncategorized Article
373,[],Uncategorized Article
21590,[],Uncategorized Article
6612,[],Uncategorized Article
26376,[],Uncategorized Article
11376,[],Uncategorized Article
18702,[],Uncategorized Article
2075,[],Uncategorized Article
7576,[],Uncategorized Article
15218,[],Uncategorized Article
2916,[],Uncategorized Article
4520,[],Uncategorized Article
1418,[],Uncategorized Article
26528,[],Uncategorized Article
15100,[],Uncategorized Article
20664,[],Uncategorized Article
4966,[],Uncategorized Article
22577,[],Uncategorized Article
18833,[],Uncategorized Article
26176,[],Uncategorized Article
19973,[],Uncategorized Article
25709,[],Uncategorized Article
20068,[],Uncategorized Article
8374,[],Uncategorized Article
16259,[],Uncategorized Article
4579,[],Uncategorized Article
22185,[],Uncategorized Article
19163,[],Uncategorized Article
1554,[],Uncategorized Article
23110,[],Uncategorized Article
12618,[],Uncategorized Article
22073,[],Uncategorized Article
7442,[],Uncategorized Article
22047,[],Uncategorized Article
10779,[],Uncategorized Article
13028,[],Uncategorized Article
3070,[],Uncategorized Article
24134,[],Uncategorized Article
5762,[],Uncategorized Article
19154,[],Uncategorized Article
15443,[],Uncategorized Article
16613,[],Uncategorized Article
9355,[],Uncategorized Article
776,[],Uncategorized Article
24715,[],Uncategorized Article
5780,[],Uncategorized Article
15533,[],Uncategorized Article
8354,[],Uncategorized Article
25647,[],Uncategorized Article
24406,[],Uncategorized Article
25490,[],Uncategorized Article
18828,[],Uncategorized Article
13308,[],Uncategorized Article
18837,[],Uncategorized Article
30,[],Uncategorized Article
21129,[],Uncategorized Article
22965,[],Uncategorized Article
20473,[],Uncategorized Article
5883,[],Uncategorized Article
5117,[],Uncategorized Article
2174,[],Uncategorized Article
20890,[],Uncategorized Article
23989,[],Uncategorized Article
2207,[],Uncategorized Article
547,[],Uncategorized Article
13626,[],Uncategorized Article
16055,[],Uncategorized Article
945,[],Uncategorized Article
24179,[],Uncategorized Article
8410,[],Uncategorized Article
19553,[],Uncategorized Article
26198,[],Uncategorized Article
5998,[],Uncategorized Article
26821,[],Uncategorized Article
3352,[],Uncategorized Article
26433,[],Uncategorized Article
1680,[],Uncategorized Article
16037,[],Uncategorized Article
1557,[],Uncategorized Article
15660,[],Uncategorized Article
15991,[],Uncategorized Article
17590,[],Uncategorized Article
2698,[],Uncategorized Article
9284,[],Uncategorized Article
14884,[],Uncategorized Article
11311,[],Uncategorized Article
21307,[],Uncategorized Article
17882,[],Uncategorized Article
3732,[],Uncategorized Article
23083,[],Uncategorized Article
1719,[],Uncategorized Article
21862,[],Uncategorized Article
16411,[],Uncategorized Article
4618,[],Uncategorized Article
8037,[],Uncategorized Article
16595,[],Uncategorized Article
3113,[],Uncategorized Article
8265,[],Uncategorized Article
19052,[],Uncategorized Article
8316,[],Uncategorized Article
23965,[],Uncategorized Article
21428,[],Uncategorized Article
8763,[],Uncategorized Article
10700,[],Uncategorized Article
21266,[],Uncategorized Article
18154,[],Uncategorized Article
13593,[],Uncategorized Article
20710,[],Uncategorized Article
12209,[],Uncategorized Article
3296,[],Uncategorized Article
21144,[],Uncategorized Article
14002,[],Uncategorized Article
15098,[],Uncategorized Article
16721,[],Uncategorized Article
25534,[],Uncategorized Article
563,[],Uncategorized Article
22203,[],Uncategorized Article
20015,[],Uncategorized Article
5260,[],Uncategorized Article
1873,[],Uncategorized Article
10645,[],Uncategorized Article
23144,[],Uncategorized Article
17326,[],Uncategorized Article
13755,[],Uncategorized Article
11615,[],Uncategorized Article
349,[],Uncategorized Article
1687,[],Uncategorized Article
12393,[],Uncategorized Article
14619,[],Uncategorized Article
688,[],Uncategorized Article
7505,[],Uncategorized Article
25339,[],Uncategorized Article
17344,[],Uncategorized Article
19340,[],Uncategorized Article
24002,[],Uncategorized Article
10560,[],Uncategorized Article
22255,[],Uncategorized Article
17252,[],Uncategorized Article
12832,[],Uncategorized Article
19376,[],Uncategorized Article
2766,[],Uncategorized Article
14493,[],Uncategorized Article
7172,[],Uncategorized Article
7603,[],Uncategorized Article
1527,[],Uncategorized Article
9383,[],Uncategorized Article
23031,[],Uncategorized Article
2703,[],Uncategorized Article
21697,[],Uncategorized Article
24347,[],Uncategorized Article
26156,[],Uncategorized Article
26582,[],Uncategorized Article
10018,[],Uncategorized Article
26434,[],Uncategorized Article
11776,[],Uncategorized Article
26570,[],Uncategorized Article
15159,[],Uncategorized Article
8124,[],Uncategorized Article
12081,[],Uncategorized Article
15615,[],Uncategorized Article
20484,[],Uncategorized Article
25687,[],Uncategorized Article
18212,[],Uncategorized Article
7665,[],Uncategorized Article
22608,[],Uncategorized Article
14956,[],Uncategorized Article
7969,[],Uncategorized Article
25136,[],Uncategorized Article
7893,[],Uncategorized Article
4189,[],Uncategorized Article
25536,[],Uncategorized Article
3739,[],Uncategorized Article
7781,[],Uncategorized Article
11726,[],Uncategorized Article
26775,[],Uncategorized Article
4384,[],Uncategorized Article
7721,[],Uncategorized Article
10444,[],Uncategorized Article
26613,[],Uncategorized Article
26669,[],Uncategorized Article
9464,[],Uncategorized Article
2710,[],Uncategorized Article
22566,[],Uncategorized Article
11724,[],Uncategorized Article
2684,[],Uncategorized Article
1393,[],Uncategorized Article
18372,[],Uncategorized Article
23864,[],Uncategorized Article
2534,[],Uncategorized Article
5954,[],Uncategorized Article
5282,[],Uncategorized Article
24687,[],Uncategorized Article
24064,[],Uncategorized Article
25229,[],Uncategorized Article
10132,[],Uncategorized Article
907,[],Uncategorized Article
16736,[],Uncategorized Article
16119,[],Uncategorized Article
5220,[],Uncategorized Article
15108,[],Uncategorized Article
3617,[],Uncategorized Article
7212,[],Uncategorized Article
24086,[],Uncategorized Article
18374,[],Uncategorized Article
22466,[],Uncategorized Article
5160,[],Uncategorized Article
20076,[],Uncategorized Article
22606,[],Uncategorized Article
2727,[],Uncategorized Article
8510,[],Uncategorized Article
6404,[],Uncategorized Article
18247,[],Uncategorized Article
11229,[],Uncategorized Article
6039,[],Uncategorized Article
23245,[],Uncategorized Article
2412,[],Uncategorized Article
19768,[],Uncategorized Article
16308,[],Uncategorized Article
3274,[],Uncategorized Article
2425,[],Uncategorized Article
15458,[],Uncategorized Article
24675,[],Uncategorized Article
19499,[],Uncategorized Article
23390,[],Uncategorized Article
6706,[],Uncategorized Article
11060,[],Uncategorized Article
26429,[],Uncategorized Article
9375,[],Uncategorized Article
21290,[],Uncategorized Article
16867,[],Uncategorized Article
23750,[],Uncategorized Article
2873,[],Uncategorized Article
17970,[],Uncategorized Article
3315,[],Uncategorized Article
5222,[],Uncategorized Article
606,[],Uncategorized Article
9962,[],Uncategorized Article
24711,[],Uncategorized Article
20108,[],Uncategorized Article
16841,[],Uncategorized Article
10075,[],Uncategorized Article
856,[],Uncategorized Article
1926,[],Uncategorized Article
12528,[],Uncategorized Article
24260,[],Uncategorized Article
22374,[],Uncategorized Article
17946,[],Uncategorized Article
5678,[],Uncategorized Article
15162,[],Uncategorized Article
24357,[],Uncategorized Article
6557,[],Uncategorized Article
44,[],Uncategorized Article
2812,[],Uncategorized Article
8574,[],Uncategorized Article
12058,[],Uncategorized Article
22401,[],Uncategorized Article
7934,[],Uncategorized Article
12376,[],Uncategorized Article
14421,[],Uncategorized Article
10656,[],Uncategorized Article
17993,[],Uncategorized Article
585,[],Uncategorized Article
5211,[],Uncategorized Article
14507,[],Uncategorized Article
15894,[],Uncategorized Article
17152,[],Uncategorized Article
200,[],Uncategorized Article
15780,[],Uncategorized Article
2051,[],Uncategorized Article
25527,[],Uncategorized Article
26536,[],Uncategorized Article
10646,[],Uncategorized Article
12650,[],Uncategorized Article
3533,[],Uncategorized Article
10242,[],Uncategorized Article
17854,[],Uncategorized Article
2264,[],Uncategorized Article
1232,[],Uncategorized Article
23640,[],Uncategorized Article
21140,[],Uncategorized Article
18491,[],Uncategorized Article
20485,[],Uncategorized Article
22269,[],Uncategorized Article
18615,[],Uncategorized Article
24642,[],Uncategorized Article
20983,[],Uncategorized Article
12747,[],Uncategorized Article
15598,[],Uncategorized Article
15956,[],Uncategorized Article
14275,[],Uncategorized Article
14464,[],Uncategorized Article
22122,[],Uncategorized Article
19005,[],Uncategorized Article
26777,[],Uncategorized Article
7708,[],Uncategorized Article
4528,[],Uncategorized Article
24035,[],Uncategorized Article
1065,[],Uncategorized Article
22904,[],Uncategorized Article
15985,[],Uncategorized Article
12917,[],Uncategorized Article
14542,[],Uncategorized Article
21491,[],Uncategorized Article
7898,[],Uncategorized Article
833,[],Uncategorized Article
8834,[],Uncategorized Article
18900,[],Uncategorized Article
6077,[],Uncategorized Article
11082,[],Uncategorized Article
14023,[],Uncategorized Article
3073,[],Uncategorized Article
5456,[],Uncategorized Article
13884,[],Uncategorized Article
11985,[],Uncategorized Article
15521,[],Uncategorized Article
5304,[],Uncategorized Article
22525,[],Uncategorized Article
14926,[],Uncategorized Article
12377,[],Uncategorized Article
69,[],Uncategorized Article
15467,[],Uncategorized Article
7639,[],Uncategorized Article
14248,[],Uncategorized Article
21149,[],Uncategorized Article
6091,[],Uncategorized Article
24327,[],Uncategorized Article
19108,[],Uncategorized Article
227,[],Uncategorized Article
9672,[],Uncategorized Article
1864,[],Uncategorized Article
22244,[],Uncategorized Article
17584,[],Uncategorized Article
8225,[],Uncategorized Article
1812,[],Uncategorized Article
383,[],Uncategorized Article
11583,[],Uncategorized Article
729,[],Uncategorized Article
313,[],Uncategorized Article
14426,[],Uncategorized Article
8157,[],Uncategorized Article
19325,[],Uncategorized Article
10324,[],Uncategorized Article
19807,[],Uncategorized Article
3059,[],Uncategorized Article
14420,[],Uncategorized Article
20274,[],Uncategorized Article
24237,[],Uncategorized Article
4044,[],Uncategorized Article
6646,[],Uncategorized Article
13604,[],Uncategorized Article
26400,[],Uncategorized Article
6145,[],Uncategorized Article
18629,[],Uncategorized Article
7502,[],Uncategorized Article
2897,[],Uncategorized Article
18147,[],Uncategorized Article
23467,[],Uncategorized Article
725,[],Uncategorized Article
17567,[],Uncategorized Article
26763,[],Uncategorized Article
7447,[],Uncategorized Article
19737,[],Uncategorized Article
12854,[],Uncategorized Article
9623,[],Uncategorized Article
21861,[],Uncategorized Article
15057,[],Uncategorized Article
9453,[],Uncategorized Article
14272,[],Uncategorized Article
6138,[],Uncategorized Article
24547,[],Uncategorized Article
7107,[],Uncategorized Article
8072,[],Uncategorized Article
25790,[],Uncategorized Article
20986,[],Uncategorized Article
6133,[],Uncategorized Article
4744,[],Uncategorized Article
24522,[],Uncategorized Article
6492,[],Uncategorized Article
16628,[],Uncategorized Article
20818,[],Uncategorized Article
18080,[],Uncategorized Article
8193,[],Uncategorized Article
15765,[],Uncategorized Article
23612,[],Uncategorized Article
19260,[],Uncategorized Article
2782,[],Uncategorized Article
14187,[],Uncategorized Article
8504,[],Uncategorized Article
2512,[],Uncategorized Article
17564,[],Uncategorized Article
4984,[],Uncategorized Article
22862,[],Uncategorized Article
6802,[],Uncategorized Article
21190,[],Uncategorized Article
54,[],Uncategorized Article
19510,[],Uncategorized Article
6879,[],Uncategorized Article
3463,[],Uncategorized Article
22249,[],Uncategorized Article
11715,[],Uncategorized Article
2847,[],Uncategorized Article
4689,[],Uncategorized Article
5135,[],Uncategorized Article
4032,[],Uncategorized Article
23680,[],Uncategorized Article
15564,[],Uncategorized Article
7944,[],Uncategorized Article
22174,[],Uncategorized Article
2859,[],Uncategorized Article
4836,[],Uncategorized Article
898,[],Uncategorized Article
9822,[],Uncategorized Article
9441,[],Uncategorized Article
12863,[],Uncategorized Article
11635,[],Uncategorized Article
11291,[],Uncategorized Article
7445,[],Uncategorized Article
24611,[],Uncategorized Article
3737,[],Uncategorized Article
9872,[],Uncategorized Article
4724,[],Uncategorized Article
26879,[],Uncategorized Article
14476,[],Uncategorized Article
5561,[],Uncategorized Article
22512,[],Uncategorized Article
16568,[],Uncategorized Article
25915,[],Uncategorized Article
12989,[],Uncategorized Article
7582,[],Uncategorized Article
12619,[],Uncategorized Article
7534,[],Uncategorized Article
23820,[],Uncategorized Article
15084,[],Uncategorized Article
23293,[],Uncategorized Article
18670,[],Uncategorized Article
17135,[],Uncategorized Article
24491,[],Uncategorized Article
18790,[],Uncategorized Article
23766,[],Uncategorized Article
2095,[],Uncategorized Article
6108,[],Uncategorized Article
17500,[],Uncategorized Article
6029,[],Uncategorized Article
9183,[],Uncategorized Article
2245,[],Uncategorized Article
3938,[],Uncategorized Article
1153,[],Uncategorized Article
9485,[],Uncategorized Article
1084,[],Uncategorized Article
6699,[],Uncategorized Article
23914,[],Uncategorized Article
9517,[],Uncategorized Article
7743,[],Uncategorized Article
14845,[],Uncategorized Article
4489,[],Uncategorized Article
13822,[],Uncategorized Article
6151,[],Uncategorized Article
19230,[],Uncategorized Article
16603,[],Uncategorized Article
25307,[],Uncategorized Article
15705,[],Uncategorized Article
4305,[],Uncategorized Article
9542,[],Uncategorized Article
1880,[],Uncategorized Article
20394,[],Uncategorized Article
12564,[],Uncategorized Article
5685,[],Uncategorized Article
3921,[],Uncategorized Article
16485,[],Uncategorized Article
2707,[],Uncategorized Article
14000,[],Uncategorized Article
25099,[],Uncategorized Article
24660,[],Uncategorized Article
18722,[],Uncategorized Article
4547,[],Uncategorized Article
16329,[],Uncategorized Article
23375,[],Uncategorized Article
15026,[],Uncategorized Article
26069,[],Uncategorized Article
3302,[],Uncategorized Article
17738,[],Uncategorized Article
26494,[],Uncategorized Article
3974,[],Uncategorized Article
11568,[],Uncategorized Article
1328,[],Uncategorized Article
5742,[],Uncategorized Article
18943,[],Uncategorized Article
1318,[],Uncategorized Article
1775,[],Uncategorized Article
10961,[],Uncategorized Article
5138,[],Uncategorized Article
23935,[],Uncategorized Article
12302,[],Uncategorized Article
17435,[],Uncategorized Article
3877,[],Uncategorized Article
24297,[],Uncategorized Article
2001,[],Uncategorized Article
8398,[],Uncategorized Article
311,[],Uncategorized Article
11839,[],Uncategorized Article
57,[],Uncategorized Article
1631,[],Uncategorized Article
14888,[],Uncategorized Article
17605,[],Uncategorized Article
1534,[],Uncategorized Article
20472,[],Uncategorized Article
12029,[],Uncategorized Article
14250,[],Uncategorized Article
12814,[],Uncategorized Article
22763,[],Uncategorized Article
1280,[],Uncategorized Article
12813,[],Uncategorized Article
24835,[],Uncategorized Article
16337,[],Uncategorized Article
15168,[],Uncategorized Article
19213,[],Uncategorized Article
26059,[],Uncategorized Article
21024,[],Uncategorized Article
23999,[],Uncategorized Article
4286,[],Uncategorized Article
884,[],Uncategorized Article
16024,[],Uncategorized Article
7174,[],Uncategorized Article
26065,[],Uncategorized Article
16240,[],Uncategorized Article
4418,[],Uncategorized Article
25001,[],Uncategorized Article
4226,[],Uncategorized Article
1862,[],Uncategorized Article
11740,[],Uncategorized Article
14576,[],Uncategorized Article
6244,[],Uncategorized Article
2838,[],Uncategorized Article
735,[],Uncategorized Article
8518,[],Uncategorized Article
10953,[],Uncategorized Article
9103,[],Uncategorized Article
21915,[],Uncategorized Article
8449,[],Uncategorized Article
7007,[],Uncategorized Article
6797,[],Uncategorized Article
8764,[],Uncategorized Article
15490,[],Uncategorized Article
14159,[],Uncategorized Article
2645,[],Uncategorized Article
20542,[],Uncategorized Article
11175,[],Uncategorized Article
3248,[],Uncategorized Article
13536,[],Uncategorized Article
2736,[],Uncategorized Article
4388,[],Uncategorized Article
19829,[],Uncategorized Article
21187,[],Uncategorized Article
20438,[],Uncategorized Article
16181,[],Uncategorized Article
12836,[],Uncategorized Article
5357,[],Uncategorized Article
25466,[],Uncategorized Article
14747,[],Uncategorized Article
6522,[],Uncategorized Article
14366,[],Uncategorized Article
14462,[],Uncategorized Article
3930,[],Uncategorized Article
14019,[],Uncategorized Article
14337,[],Uncategorized Article
7375,[],Uncategorized Article
14194,[],Uncategorized Article
11073,[],Uncategorized Article
20104,[],Uncategorized Article
11321,[],Uncategorized Article
11866,[],Uncategorized Article
18786,[],Uncategorized Article
7568,[],Uncategorized Article
10977,[],Uncategorized Article
6419,[],Uncategorized Article
18768,[],Uncategorized Article
22187,[],Uncategorized Article
24218,[],Uncategorized Article
21666,[],Uncategorized Article
13347,[],Uncategorized Article
25163,[],Uncategorized Article
14410,[],Uncategorized Article
6188,[],Uncategorized Article
6682,[],Uncategorized Article
25252,[],Uncategorized Article
1356,[],Uncategorized Article
16169,[],Uncategorized Article
8192,[],Uncategorized Article
2252,[],Uncategorized Article
19618,[],Uncategorized Article
2789,[],Uncategorized Article
3953,[],Uncategorized Article
19631,[],Uncategorized Article
2085,[],Uncategorized Article
6134,[],Uncategorized Article
8765,[],Uncategorized Article
21161,[],Uncategorized Article
26486,[],Uncategorized Article
15465,[],Uncategorized Article
6750,[],Uncategorized Article
26379,[],Uncategorized Article
12930,[],Uncategorized Article
26307,[],Uncategorized Article
20635,[],Uncategorized Article
22607,[],Uncategorized Article
24946,[],Uncategorized Article
14499,[],Uncategorized Article
21888,[],Uncategorized Article
21207,[],Uncategorized Article
2704,[],Uncategorized Article
13589,[],Uncategorized Article
3433,[],Uncategorized Article
23280,[],Uncategorized Article
21082,[],Uncategorized Article
6366,[],Uncategorized Article
20378,[],Uncategorized Article
408,[],Uncategorized Article
14550,[],Uncategorized Article
17291,[],Uncategorized Article
25473,[],Uncategorized Article
18481,[],Uncategorized Article
15333,[],Uncategorized Article
21660,[],Uncategorized Article
18618,[],Uncategorized Article
6717,[],Uncategorized Article
12125,[],Uncategorized Article
14055,[],Uncategorized Article
19851,[],Uncategorized Article
12301,[],Uncategorized Article
11766,[],Uncategorized Article
26291,[],Uncategorized Article
8423,[],Uncategorized Article
12421,[],Uncategorized Article
4099,[],Uncategorized Article
16066,[],Uncategorized Article
25748,[],Uncategorized Article
14505,[],Uncategorized Article
8540,[],Uncategorized Article
15291,[],Uncategorized Article
1276,[],Uncategorized Article
23157,[],Uncategorized Article
25832,[],Uncategorized Article
15940,[],Uncategorized Article
14668,[],Uncategorized Article
7952,[],Uncategorized Article
6803,[],Uncategorized Article
25831,[],Uncategorized Article
13816,[],Uncategorized Article
13651,[],Uncategorized Article
6034,[],Uncategorized Article
3794,[],Uncategorized Article
19767,[],Uncategorized Article
2332,[],Uncategorized Article
1261,[],Uncategorized Article
16286,[],Uncategorized Article
20756,[],Uncategorized Article
7922,[],Uncategorized Article
26997,[],Uncategorized Article
14034,[],Uncategorized Article
16039,[],Uncategorized Article
25183,[],Uncategorized Article
668,[],Uncategorized Article
15752,[],Uncategorized Article
24227,[],Uncategorized Article
12423,[],Uncategorized Article
7416,[],Uncategorized Article
6625,[],Uncategorized Article
812,[],Uncategorized Article
25141,[],Uncategorized Article
17866,[],Uncategorized Article
5589,[],Uncategorized Article
9731,[],Uncategorized Article
2101,[],Uncategorized Article
22414,[],Uncategorized Article
12654,[],Uncategorized Article
3211,[],Uncategorized Article
16379,[],Uncategorized Article
23145,[],Uncategorized Article
25501,[],Uncategorized Article
22698,[],Uncategorized Article
11373,[],Uncategorized Article
1247,[],Uncategorized Article
5653,[],Uncategorized Article
15555,[],Uncategorized Article
16449,[],Uncategorized Article
3387,[],Uncategorized Article
4069,[],Uncategorized Article
6267,[],Uncategorized Article
5732,[],Uncategorized Article
14803,[],Uncategorized Article
5496,[],Uncategorized Article
13494,[],Uncategorized Article
457,[],Uncategorized Article
17693,[],Uncategorized Article
3532,[],Uncategorized Article
6070,[],Uncategorized Article
21482,[],Uncategorized Article
5100,[],Uncategorized Article
2334,[],Uncategorized Article
19995,[],Uncategorized Article
20809,[],Uncategorized Article
10992,[],Uncategorized Article
22221,[],Uncategorized Article
21840,[],Uncategorized Article
25977,[],Uncategorized Article
16186,[],Uncategorized Article
10949,[],Uncategorized Article
7738,[],Uncategorized Article
7685,[],Uncategorized Article
7916,[],Uncategorized Article
14544,[],Uncategorized Article
15661,[],Uncategorized Article
24863,[],Uncategorized Article
1012,[],Uncategorized Article
5382,[],Uncategorized Article
12717,[],Uncategorized Article
12947,[],Uncategorized Article
15759,[],Uncategorized Article
13101,[],Uncategorized Article
14323,[],Uncategorized Article
19366,[],Uncategorized Article
25910,[],Uncategorized Article
7525,[],Uncategorized Article
19717,[],Uncategorized Article
10339,[],Uncategorized Article
17975,[],Uncategorized Article
15335,[],Uncategorized Article
15014,[],Uncategorized Article
25164,[],Uncategorized Article
10548,[],Uncategorized Article
18577,[],Uncategorized Article
12481,[],Uncategorized Article
22451,[],Uncategorized Article
1944,[],Uncategorized Article
9159,[],Uncategorized Article
5564,[],Uncategorized Article
2002,[],Uncategorized Article
8091,[],Uncategorized Article
20984,[],Uncategorized Article
20292,[],Uncategorized Article
12372,[],Uncategorized Article
17819,[],Uncategorized Article
8476,[],Uncategorized Article
13349,[],Uncategorized Article
18201,[],Uncategorized Article
7293,[],Uncategorized Article
17969,[],Uncategorized Article
701,[],Uncategorized Article
24982,[],Uncategorized Article
20546,[],Uncategorized Article
17161,[],Uncategorized Article
21854,[],Uncategorized Article
10274,[],Uncategorized Article
18620,[],Uncategorized Article
25924,[],Uncategorized Article
5047,[],Uncategorized Article
16342,[],Uncategorized Article
18616,[],Uncategorized Article
7255,[],Uncategorized Article
6388,[],Uncategorized Article
9192,[],Uncategorized Article
15236,[],Uncategorized Article
10122,[],Uncategorized Article
16554,[],Uncategorized Article
8819,[],Uncategorized Article
14965,[],Uncategorized Article
21064,[],Uncategorized Article
24778,[],Uncategorized Article
2374,[],Uncategorized Article
18240,[],Uncategorized Article
14381,[],Uncategorized Article
25353,[],Uncategorized Article
26166,[],Uncategorized Article
15315,[],Uncategorized Article
9807,[],Uncategorized Article
4245,[],Uncategorized Article
3910,[],Uncategorized Article
16049,[],Uncategorized Article
1224,[],Uncategorized Article
638,[],Uncategorized Article
4704,[],Uncategorized Article
24874,[],Uncategorized Article
20717,[],Uncategorized Article
18356,[],Uncategorized Article
2687,[],Uncategorized Article
17739,[],Uncategorized Article
13447,[],Uncategorized Article
8731,[],Uncategorized Article
12727,[],Uncategorized Article
14461,[],Uncategorized Article
4821,[],Uncategorized Article
9508,[],Uncategorized Article
26301,[],Uncategorized Article
3984,[],Uncategorized Article
4265,[],Uncategorized Article
15860,[],Uncategorized Article
3381,[],Uncategorized Article
9994,[],Uncategorized Article
16882,[],Uncategorized Article
22209,[],Uncategorized Article
3634,[],Uncategorized Article
17155,[],Uncategorized Article
5841,[],Uncategorized Article
3522,[],Uncategorized Article
11032,[],Uncategorized Article
19605,[],Uncategorized Article
5804,[],Uncategorized Article
22741,[],Uncategorized Article
15121,[],Uncategorized Article
9568,[],Uncategorized Article
3287,[],Uncategorized Article
2638,[],Uncategorized Article
8005,[],Uncategorized Article
7201,[],Uncategorized Article
2323,[],Uncategorized Article
5453,[],Uncategorized Article
18551,[],Uncategorized Article
22905,[],Uncategorized Article
21682,[],Uncategorized Article
9629,[],Uncategorized Article
1891,[],Uncategorized Article
20311,[],Uncategorized Article
13735,[],Uncategorized Article
5687,[],Uncategorized Article
3422,[],Uncategorized Article
25714,[],Uncategorized Article
7655,[],Uncategorized Article
8069,[],Uncategorized Article
16947,[],Uncategorized Article
16272,[],Uncategorized Article
3277,[],Uncategorized Article
20736,[],Uncategorized Article
26352,[],Uncategorized Article
7305,[],Uncategorized Article
21148,[],Uncategorized Article
11408,[],Uncategorized Article
13996,[],Uncategorized Article
9567,[],Uncategorized Article
14279,[],Uncategorized Article
20023,[],Uncategorized Article
16946,[],Uncategorized Article
616,[],Uncategorized Article
4504,[],Uncategorized Article
20514,[],Uncategorized Article
6250,[],Uncategorized Article
5414,[],Uncategorized Article
10790,[],Uncategorized Article
19636,[],Uncategorized Article
9298,[],Uncategorized Article
22324,[],Uncategorized Article
1231,[],Uncategorized Article
531,[],Uncategorized Article
24061,[],Uncategorized Article
15435,[],Uncategorized Article
9098,[],Uncategorized Article
6438,[],Uncategorized Article
20646,[],Uncategorized Article
7733,[],Uncategorized Article
2862,[],Uncategorized Article
8299,[],Uncategorized Article
16860,[],Uncategorized Article
5908,[],Uncategorized Article
26242,[],Uncategorized Article
17711,[],Uncategorized Article
19647,[],Uncategorized Article
13530,[],Uncategorized Article
14666,[],Uncategorized Article
175,[],Uncategorized Article
13630,[],Uncategorized Article
2930,[],Uncategorized Article
14470,[],Uncategorized Article
6052,[],Uncategorized Article
22469,[],Uncategorized Article
7793,[],Uncategorized Article
6241,[],Uncategorized Article
14222,[],Uncategorized Article
14682,[],Uncategorized Article
2519,[],Uncategorized Article
3147,[],Uncategorized Article
23660,[],Uncategorized Article
19311,[],Uncategorized Article
26207,[],Uncategorized Article
15301,[],Uncategorized Article
22444,[],Uncategorized Article
12729,[],Uncategorized Article
14504,[],Uncategorized Article
1574,[],Uncategorized Article
1349,[],Uncategorized Article
21314,[],Uncategorized Article
5071,[],Uncategorized Article
3223,[],Uncategorized Article
265,[],Uncategorized Article
12514,[],Uncategorized Article
24779,[],Uncategorized Article
19713,[],Uncategorized Article
23418,[],Uncategorized Article
13191,[],Uncategorized Article
25811,[],Uncategorized Article
15742,[],Uncategorized Article
24359,[],Uncategorized Article
23065,[],Uncategorized Article
11832,[],Uncategorized Article
9845,[],Uncategorized Article
12923,[],Uncategorized Article
26422,[],Uncategorized Article
14624,[],Uncategorized Article
10365,[],Uncategorized Article
2127,[],Uncategorized Article
16008,[],Uncategorized Article
21139,[],Uncategorized Article
83,[],Uncategorized Article
25170,[],Uncategorized Article
7753,[],Uncategorized Article
24572,[],Uncategorized Article
3244,[],Uncategorized Article
4957,[],Uncategorized Article
13199,[],Uncategorized Article
26959,[],Uncategorized Article
22284,[],Uncategorized Article
20353,[],Uncategorized Article
5746,[],Uncategorized Article
15694,[],Uncategorized Article
21287,[],Uncategorized Article
16793,[],Uncategorized Article
23670,[],Uncategorized Article
5799,[],Uncategorized Article
1830,[],Uncategorized Article
8300,[],Uncategorized Article
18182,[],Uncategorized Article
11582,[],Uncategorized Article
3019,[],Uncategorized Article
19074,[],Uncategorized Article
5657,[],Uncategorized Article
16201,[],Uncategorized Article
14557,[],Uncategorized Article
9427,[],Uncategorized Article
16505,[],Uncategorized Article
26947,[],Uncategorized Article
11230,[],Uncategorized Article
424,[],Uncategorized Article
9153,[],Uncategorized Article
25529,[],Uncategorized Article
8843,[],Uncategorized Article
13088,[],Uncategorized Article
22152,[],Uncategorized Article
22557,[],Uncategorized Article
24700,[],Uncategorized Article
809,[],Uncategorized Article
7667,[],Uncategorized Article
3341,[],Uncategorized Article
26545,[],Uncategorized Article
9051,[],Uncategorized Article
16003,[],Uncategorized Article
3125,[],Uncategorized Article
19912,[],Uncategorized Article
24324,[],Uncategorized Article
19034,[],Uncategorized Article
21481,[],Uncategorized Article
9594,[],Uncategorized Article
13212,[],Uncategorized Article
25155,[],Uncategorized Article
714,[],Uncategorized Article
3219,[],Uncategorized Article
8673,[],Uncategorized Article
15448,[],Uncategorized Article
24664,[],Uncategorized Article
16851,[],Uncategorized Article
16871,[],Uncategorized Article
26373,[],Uncategorized Article
26124,[],Uncategorized Article
26313,[],Uncategorized Article
3588,[],Uncategorized Article
20848,[],Uncategorized Article
13373,[],Uncategorized Article
5394,[],Uncategorized Article
2608,[],Uncategorized Article
19397,[],Uncategorized Article
24009,[],Uncategorized Article
5391,[],Uncategorized Article
3128,[],Uncategorized Article
19093,[],Uncategorized Article
22966,[],Uncategorized Article
20650,[],Uncategorized Article
12088,[],Uncategorized Article
7042,[],Uncategorized Article
1847,[],Uncategorized Article
26484,[],Uncategorized Article
2188,[],Uncategorized Article
12794,[],Uncategorized Article
16306,[],Uncategorized Article
1298,[],Uncategorized Article
17887,[],Uncategorized Article
2781,[],Uncategorized Article
21525,[],Uncategorized Article
20913,[],Uncategorized Article
22275,[],Uncategorized Article
23871,[],Uncategorized Article
20656,[],Uncategorized Article
23480,[],Uncategorized Article
26043,[],Uncategorized Article
9251,[],Uncategorized Article
14967,[],Uncategorized Article
7109,[],Uncategorized Article
10783,[],Uncategorized Article
16439,[],Uncategorized Article
15741,[],Uncategorized Article
25429,[],Uncategorized Article
17472,[],Uncategorized Article
14867,[],Uncategorized Article
5163,[],Uncategorized Article
11333,[],Uncategorized Article
17705,[],Uncategorized Article
16164,[],Uncategorized Article
15782,[],Uncategorized Article
17875,[],Uncategorized Article
20682,[],Uncategorized Article
24336,[],Uncategorized Article
1443,[],Uncategorized Article
13133,[],Uncategorized Article
5824,[],Uncategorized Article
10217,[],Uncategorized Article
8246,[],Uncategorized Article
1833,[],Uncategorized Article
19613,[],Uncategorized Article
14032,[],Uncategorized Article
18235,[],Uncategorized Article
13748,[],Uncategorized Article
14570,[],Uncategorized Article
20221,[],Uncategorized Article
1472,[],Uncategorized Article
18087,[],Uncategorized Article
3233,[],Uncategorized Article
24266,[],Uncategorized Article
1026,[],Uncategorized Article
3559,[],Uncategorized Article
25887,[],Uncategorized Article
1174,[],Uncategorized Article
17075,[],Uncategorized Article
13642,[],Uncategorized Article
12036,[],Uncategorized Article
24511,[],Uncategorized Article
21774,[],Uncategorized Article
8409,[],Uncategorized Article
9796,[],Uncategorized Article
22937,[],Uncategorized Article
18346,[],Uncategorized Article
9149,[],Uncategorized Article
1197,[],Uncategorized Article
18897,[],Uncategorized Article
25472,[],Uncategorized Article
4577,[],Uncategorized Article
10094,[],Uncategorized Article
24280,[],Uncategorized Article
5513,[],Uncategorized Article
5787,[],Uncategorized Article
554,[],Uncategorized Article
24866,[],Uncategorized Article
21353,[],Uncategorized Article
14111,[],Uncategorized Article
25013,[],Uncategorized Article
18466,[],Uncategorized Article
13196,[],Uncategorized Article
1206,[],Uncategorized Article
17039,[],Uncategorized Article
10731,[],Uncategorized Article
10459,[],Uncategorized Article
21261,[],Uncategorized Article
6835,[],Uncategorized Article
3848,[],Uncategorized Article
14276,[],Uncategorized Article
3740,[],Uncategorized Article
13505,[],Uncategorized Article
4182,[],Uncategorized Article
17599,[],Uncategorized Article
9144,[],Uncategorized Article
19061,[],Uncategorized Article
22094,[],Uncategorized Article
6712,[],Uncategorized Article
15356,[],Uncategorized Article
22253,[],Uncategorized Article
12608,[],Uncategorized Article
23747,[],Uncategorized Article
24812,[],Uncategorized Article
1572,[],Uncategorized Article
8161,[],Uncategorized Article
19445,[],Uncategorized Article
4219,[],Uncategorized Article
6865,[],Uncategorized Article
13198,[],Uncategorized Article
10549,[],Uncategorized Article
411,[],Uncategorized Article
820,[],Uncategorized Article
17698,[],Uncategorized Article
5090,[],Uncategorized Article
621,[],Uncategorized Article
744,[],Uncategorized Article
3080,[],Uncategorized Article
6812,[],Uncategorized Article
7747,[],Uncategorized Article
25211,[],Uncategorized Article
18411,[],Uncategorized Article
7431,[],Uncategorized Article
3288,[],Uncategorized Article
24714,[],Uncategorized Article
10718,[],Uncategorized Article
26720,[],Uncategorized Article
14850,[],Uncategorized Article
2165,[],Uncategorized Article
26535,[],Uncategorized Article
1584,[],Uncategorized Article
9971,[],Uncategorized Article
8897,[],Uncategorized Article
8957,[],Uncategorized Article
3138,[],Uncategorized Article
15516,[],Uncategorized Article
25367,[],Uncategorized Article
6664,[],Uncategorized Article
23233,[],Uncategorized Article
9163,[],Uncategorized Article
1287,[],Uncategorized Article
6235,[],Uncategorized Article
15387,[],Uncategorized Article
11180,[],Uncategorized Article
5099,[],Uncategorized Article
11621,[],Uncategorized Article
20737,[],Uncategorized Article
19814,[],Uncategorized Article
21326,[],Uncategorized Article
12745,[],Uncategorized Article
5343,[],Uncategorized Article
12555,[],Uncategorized Article
17460,[],Uncategorized Article
16747,[],Uncategorized Article
2238,[],Uncategorized Article
4201,[],Uncategorized Article
3847,[],Uncategorized Article
10052,[],Uncategorized Article
13238,[],Uncategorized Article
13134,[],Uncategorized Article
3702,[],Uncategorized Article
15937,[],Uncategorized Article
2571,[],Uncategorized Article
19138,[],Uncategorized Article
1338,[],Uncategorized Article
23797,[],Uncategorized Article
26539,[],Uncategorized Article
22688,[],Uncategorized Article
16906,[],Uncategorized Article
26110,[],Uncategorized Article
23285,[],Uncategorized Article
25129,[],Uncategorized Article
16551,[],Uncategorized Article
21765,[],Uncategorized Article
6815,[],Uncategorized Article
4772,[],Uncategorized Article
17476,[],Uncategorized Article
1807,[],Uncategorized Article
12340,[],Uncategorized Article
9289,[],Uncategorized Article
20087,[],Uncategorized Article
23507,[],Uncategorized Article
10130,[],Uncategorized Article
21680,[],Uncategorized Article
26719,[],Uncategorized Article
17067,[],Uncategorized Article
10378,[],Uncategorized Article
16254,[],Uncategorized Article
23787,[],Uncategorized Article
7785,[],Uncategorized Article
24540,[],Uncategorized Article
22850,[],Uncategorized Article
5116,[],Uncategorized Article
8589,[],Uncategorized Article
344,[],Uncategorized Article
456,[],Uncategorized Article
8778,[],Uncategorized Article
6602,[],Uncategorized Article
3494,[],Uncategorized Article
17903,[],Uncategorized Article
22735,[],Uncategorized Article
14303,[],Uncategorized Article
14146,[],Uncategorized Article
11067,[],Uncategorized Article
11608,[],Uncategorized Article
10834,[],Uncategorized Article
22734,[],Uncategorized Article
12248,[],Uncategorized Article
1704,[],Uncategorized Article
18495,[],Uncategorized Article
25240,[],Uncategorized Article
6011,[],Uncategorized Article
18405,[],Uncategorized Article
11341,[],Uncategorized Article
25599,[],Uncategorized Article
26151,[],Uncategorized Article
4152,[],Uncategorized Article
19130,[],Uncategorized Article
8047,[],Uncategorized Article
15363,[],Uncategorized Article
1274,[],Uncategorized Article
720,[],Uncategorized Article
25870,[],Uncategorized Article
12052,[],Uncategorized Article
7924,[],Uncategorized Article
21849,[],Uncategorized Article
18736,[],Uncategorized Article
19137,[],Uncategorized Article
20798,[],Uncategorized Article
10438,[],Uncategorized Article
24485,[],Uncategorized Article
5195,[],Uncategorized Article
9888,[],Uncategorized Article
2273,[],Uncategorized Article
3699,[],Uncategorized Article
25254,[],Uncategorized Article
14672,[],Uncategorized Article
20803,[],Uncategorized Article
1329,[],Uncategorized Article
8064,[],Uncategorized Article
19781,[],Uncategorized Article
6946,[],Uncategorized Article
14990,[],Uncategorized Article
3448,[],Uncategorized Article
11262,[],Uncategorized Article
1571,[],Uncategorized Article
14378,[],Uncategorized Article
14827,[],Uncategorized Article
16229,[],Uncategorized Article
11188,[],Uncategorized Article
3165,[],Uncategorized Article
7698,[],Uncategorized Article
24018,[],Uncategorized Article
20333,[],Uncategorized Article
2074,[],Uncategorized Article
8018,[],Uncategorized Article
13291,[],Uncategorized Article
26565,[],Uncategorized Article
7800,[],Uncategorized Article
20262,[],Uncategorized Article
4256,[],Uncategorized Article
21822,[],Uncategorized Article
16787,[],Uncategorized Article
11497,[],Uncategorized Article
3658,[],Uncategorized Article
257,[],Uncategorized Article
2202,[],Uncategorized Article
7417,[],Uncategorized Article
22095,[],Uncategorized Article
11264,[],Uncategorized Article
10944,[],Uncategorized Article
16452,[],Uncategorized Article
11386,[],Uncategorized Article
16677,[],Uncategorized Article
13837,[],Uncategorized Article
24649,[],Uncategorized Article
8021,[],Uncategorized Article
12223,[],Uncategorized Article
20743,[],Uncategorized Article
24090,[],Uncategorized Article
484,[],Uncategorized Article
8377,[],Uncategorized Article
359,[],Uncategorized Article
3733,[],Uncategorized Article
22871,[],Uncategorized Article
6826,[],Uncategorized Article
10256,[],Uncategorized Article
10606,[],Uncategorized Article
4810,[],Uncategorized Article
14776,[],Uncategorized Article
22351,[],Uncategorized Article
8725,[],Uncategorized Article
2527,[],Uncategorized Article
25531,[],Uncategorized Article
14190,[],Uncategorized Article
10575,[],Uncategorized Article
25275,[],Uncategorized Article
19343,[],Uncategorized Article
2450,[],Uncategorized Article
25088,[],Uncategorized Article
17978,[],Uncategorized Article
23882,[],Uncategorized Article
25667,[],Uncategorized Article
13792,[],Uncategorized Article
21096,[],Uncategorized Article
4834,[],Uncategorized Article
3612,[],Uncategorized Article
10462,[],Uncategorized Article
836,[],Uncategorized Article
16941,[],Uncategorized Article
3566,[],Uncategorized Article
22787,[],Uncategorized Article
9812,[],Uncategorized Article
9614,[],Uncategorized Article
14229,[],Uncategorized Article
7104,[],Uncategorized Article
15642,[],Uncategorized Article
766,[],Uncategorized Article
6648,[],Uncategorized Article
803,[],Uncategorized Article
19283,[],Uncategorized Article
334,[],Uncategorized Article
15238,[],Uncategorized Article
2678,[],Uncategorized Article
15221,[],Uncategorized Article
23554,[],Uncategorized Article
20252,[],Uncategorized Article
13756,[],Uncategorized Article
3689,[],Uncategorized Article
1676,[],Uncategorized Article
2549,[],Uncategorized Article
1061,[],Uncategorized Article
3369,[],Uncategorized Article
6453,[],Uncategorized Article
8922,[],Uncategorized Article
26415,[],Uncategorized Article
21340,[],Uncategorized Article
41,[],Uncategorized Article
14145,[],Uncategorized Article
1966,[],Uncategorized Article
9685,[],Uncategorized Article
17577,[],Uncategorized Article
3213,[],Uncategorized Article
4026,[],Uncategorized Article
23759,[],Uncategorized Article
1698,[],Uncategorized Article
9893,[],Uncategorized Article
10182,[],Uncategorized Article
23475,[],Uncategorized Article
3254,[],Uncategorized Article
2923,[],Uncategorized Article
19082,[],Uncategorized Article
6899,[],Uncategorized Article
4568,[],Uncategorized Article
9520,[],Uncategorized Article
19904,[],Uncategorized Article
741,[],Uncategorized Article
23533,[],Uncategorized Article
22417,[],Uncategorized Article
2053,[],Uncategorized Article
4936,[],Uncategorized Article
5982,[],Uncategorized Article
6069,[],Uncategorized Article
16175,[],Uncategorized Article
10372,[],Uncategorized Article
7286,[],Uncategorized Article
2545,[],Uncategorized Article
16202,[],Uncategorized Article
21408,[],Uncategorized Article
101,[],Uncategorized Article
22694,[],Uncategorized Article
8665,[],Uncategorized Article
133,[],Uncategorized Article
11509,[],Uncategorized Article
21652,[],Uncategorized Article
222,[],Uncategorized Article
1827,[],Uncategorized Article
2825,[],Uncategorized Article
11756,[],Uncategorized Article
16088,[],Uncategorized Article
16415,[],Uncategorized Article
1943,[],Uncategorized Article
23600,[],Uncategorized Article
24965,[],Uncategorized Article
6677,[],Uncategorized Article
25778,[],Uncategorized Article
4720,[],Uncategorized Article
14204,[],Uncategorized Article
9287,[],Uncategorized Article
17516,[],Uncategorized Article
16423,[],Uncategorized Article
21036,[],Uncategorized Article
26310,[],Uncategorized Article
9936,[],Uncategorized Article
19925,[],Uncategorized Article
15763,[],Uncategorized Article
9072,[],Uncategorized Article
22496,[],Uncategorized Article
13351,[],Uncategorized Article
8231,[],Uncategorized Article
17041,[],Uncategorized Article
2012,[],Uncategorized Article
13126,[],Uncategorized Article
5096,[],Uncategorized Article
13825,[],Uncategorized Article
16068,[],Uncategorized Article
11537,[],Uncategorized Article
11994,[],Uncategorized Article
2447,[],Uncategorized Article
10982,[],Uncategorized Article
1498,[],Uncategorized Article
16429,[],Uncategorized Article
10666,[],Uncategorized Article
14707,[],Uncategorized Article
21039,[],Uncategorized Article
2733,[],Uncategorized Article
10297,[],Uncategorized Article
4851,[],Uncategorized Article
25860,[],Uncategorized Article
5042,[],Uncategorized Article
7569,[],Uncategorized Article
2485,[],Uncategorized Article
12403,[],Uncategorized Article
3328,[],Uncategorized Article
6062,[],Uncategorized Article
21373,[],Uncategorized Article
3519,[],Uncategorized Article
829,[],Uncategorized Article
3988,[],Uncategorized Article
16321,[],Uncategorized Article
25039,[],Uncategorized Article
4653,[],Uncategorized Article
25005,[],Uncategorized Article
9905,[],Uncategorized Article
4490,[],Uncategorized Article
5928,[],Uncategorized Article
16659,[],Uncategorized Article
16650,[],Uncategorized Article
24028,[],Uncategorized Article
10732,[],Uncategorized Article
25800,[],Uncategorized Article
15341,[],Uncategorized Article
12898,[],Uncategorized Article
22587,[],Uncategorized Article
9761,[],Uncategorized Article
13396,[],Uncategorized Article
15141,[],Uncategorized Article
5045,[],Uncategorized Article
6657,[],Uncategorized Article
20738,[],Uncategorized Article
24977,[],Uncategorized Article
26493,[],Uncategorized Article
11263,[],Uncategorized Article
3429,[],Uncategorized Article
21583,[],Uncategorized Article
18486,[],Uncategorized Article
6328,[],Uncategorized Article
21075,[],Uncategorized Article
19823,[],Uncategorized Article
11899,[],Uncategorized Article
6698,[],Uncategorized Article
24743,[],Uncategorized Article
20814,[],Uncategorized Article
23860,[],Uncategorized Article
18112,[],Uncategorized Article
14651,[],Uncategorized Article
22154,[],Uncategorized Article
14112,[],Uncategorized Article
25676,[],Uncategorized Article
18328,[],Uncategorized Article
12110,[],Uncategorized Article
15134,[],Uncategorized Article
17078,[],Uncategorized Article
16293,[],Uncategorized Article
353,[],Uncategorized Article
13243,[],Uncategorized Article
17314,[],Uncategorized Article
20651,[],Uncategorized Article
25975,[],Uncategorized Article
13954,[],Uncategorized Article
7668,[],Uncategorized Article
15132,[],Uncategorized Article
4275,[],Uncategorized Article
13867,[],Uncategorized Article
7486,[],Uncategorized Article
5359,[],Uncategorized Article
6136,[],Uncategorized Article
14825,[],Uncategorized Article
3571,[],Uncategorized Article
20826,[],Uncategorized Article
9598,[],Uncategorized Article
19664,[],Uncategorized Article
10855,[],Uncategorized Article
15593,[],Uncategorized Article
16546,[],Uncategorized Article
19948,[],Uncategorized Article
9459,[],Uncategorized Article
26265,[],Uncategorized Article
12578,[],Uncategorized Article
9421,[],Uncategorized Article
10791,[],Uncategorized Article
15999,[],Uncategorized Article
16596,[],Uncategorized Article
21305,[],Uncategorized Article
7,[],Uncategorized Article
5331,[],Uncategorized Article
1255,[],Uncategorized Article
24001,[],Uncategorized Article
3958,[],Uncategorized Article
23176,[],Uncategorized Article
2090,[],Uncategorized Article
290,[],Uncategorized Article
5927,[],Uncategorized Article
15081,[],Uncategorized Article
7706,[],Uncategorized Article
6216,[],Uncategorized Article
9739,[],Uncategorized Article
18011,[],Uncategorized Article
4235,[],Uncategorized Article
17309,[],Uncategorized Article
25737,[],Uncategorized Article
19329,[],Uncategorized Article
10782,[],Uncategorized Article
10765,[],Uncategorized Article
18455,[],Uncategorized Article
7672,[],Uncategorized Article
26696,[],Uncategorized Article
19892,[],Uncategorized Article
19884,[],Uncategorized Article
12354,[],Uncategorized Article
14197,[],Uncategorized Article
26305,[],Uncategorized Article
19855,[],Uncategorized Article
20154,[],Uncategorized Article
22352,[],Uncategorized Article
21899,[],Uncategorized Article
15196,[],Uncategorized Article
18187,[],Uncategorized Article
18493,[],Uncategorized Article
26678,[],Uncategorized Article
25266,[],Uncategorized Article
7801,[],Uncategorized Article
6952,[],Uncategorized Article
5754,[],Uncategorized Article
17177,[],Uncategorized Article
25312,[],Uncategorized Article
25263,[],Uncategorized Article
16794,[],Uncategorized Article
4031,[],Uncategorized Article
2375,[],Uncategorized Article
17169,[],Uncategorized Article
19072,[],Uncategorized Article
3884,[],Uncategorized Article
26801,[],Uncategorized Article
6027,[],Uncategorized Article
25441,[],Uncategorized Article
26474,[],Uncategorized Article
11428,[],Uncategorized Article
16249,[],Uncategorized Article
123,[],Uncategorized Article
1405,[],Uncategorized Article
7359,[],Uncategorized Article
21903,[],Uncategorized Article
18152,[],Uncategorized Article
9798,[],Uncategorized Article
9792,[],Uncategorized Article
6300,[],Uncategorized Article
19148,[],Uncategorized Article
24292,[],Uncategorized Article
13862,[],Uncategorized Article
18387,[],Uncategorized Article
1768,[],Uncategorized Article
26883,[],Uncategorized Article
8854,[],Uncategorized Article
15298,[],Uncategorized Article
1243,[],Uncategorized Article
6293,[],Uncategorized Article
20859,[],Uncategorized Article
20537,[],Uncategorized Article
6463,[],Uncategorized Article
12308,[],Uncategorized Article
17968,[],Uncategorized Article
900,[],Uncategorized Article
4410,[],Uncategorized Article
2255,[],Uncategorized Article
3769,[],Uncategorized Article
2806,[],Uncategorized Article
2681,[],Uncategorized Article
16979,[],Uncategorized Article
11535,[],Uncategorized Article
10228,[],Uncategorized Article
16116,[],Uncategorized Article
3960,[],Uncategorized Article
3314,[],Uncategorized Article
11933,[],Uncategorized Article
6224,[],Uncategorized Article
18090,[],Uncategorized Article
22856,[],Uncategorized Article
21946,[],Uncategorized Article
13086,[],Uncategorized Article
16273,[],Uncategorized Article
14809,[],Uncategorized Article
23439,[],Uncategorized Article
9633,[],Uncategorized Article
16777,[],Uncategorized Article
13162,[],Uncategorized Article
17178,[],Uncategorized Article
6289,[],Uncategorized Article
7877,[],Uncategorized Article
17225,[],Uncategorized Article
16547,[],Uncategorized Article
24397,[],Uncategorized Article
24920,[],Uncategorized Article
11758,[],Uncategorized Article
15498,[],Uncategorized Article
23420,[],Uncategorized Article
11242,[],Uncategorized Article
10061,[],Uncategorized Article
8492,[],Uncategorized Article
4241,[],Uncategorized Article
25550,[],Uncategorized Article
3237,[],Uncategorized Article
10968,[],Uncategorized Article
25414,[],Uncategorized Article
12787,[],Uncategorized Article
12821,[],Uncategorized Article
7713,[],Uncategorized Article
10166,[],Uncategorized Article
24901,[],Uncategorized Article
24425,[],Uncategorized Article
8576,[],Uncategorized Article
19836,[],Uncategorized Article
14413,[],Uncategorized Article
12202,[],Uncategorized Article
19586,[],Uncategorized Article
22921,[],Uncategorized Article
12266,[],Uncategorized Article
1077,[],Uncategorized Article
7880,[],Uncategorized Article
11836,[],Uncategorized Article
23720,[],Uncategorized Article
22924,[],Uncategorized Article
3207,[],Uncategorized Article
9635,[],Uncategorized Article
10612,[],Uncategorized Article
11387,[],Uncategorized Article
11734,[],Uncategorized Article
14463,[],Uncategorized Article
2150,[],Uncategorized Article
13094,[],Uncategorized Article
21814,[],Uncategorized Article
8470,[],Uncategorized Article
3489,[],Uncategorized Article
26349,[],Uncategorized Article
26742,[],Uncategorized Article
14280,[],Uncategorized Article
21222,[],Uncategorized Article
26770,[],Uncategorized Article
17379,[],Uncategorized Article
5477,[],Uncategorized Article
2380,[],Uncategorized Article
10144,[],Uncategorized Article
8213,[],Uncategorized Article
26325,[],Uncategorized Article
25641,[],Uncategorized Article
3529,[],Uncategorized Article
4420,[],Uncategorized Article
604,[],Uncategorized Article
4149,[],Uncategorized Article
11269,[],Uncategorized Article
9194,[],Uncategorized Article
6237,[],Uncategorized Article
11701,[],Uncategorized Article
875,[],Uncategorized Article
12897,[],Uncategorized Article
20721,[],Uncategorized Article
23672,[],Uncategorized Article
2467,[],Uncategorized Article
10853,[],Uncategorized Article
22834,[],Uncategorized Article
10798,[],Uncategorized Article
26981,[],Uncategorized Article
3724,[],Uncategorized Article
12281,[],Uncategorized Article
22845,[],Uncategorized Article
20833,[],Uncategorized Article
26906,[],Uncategorized Article
22744,[],Uncategorized Article
23396,[],Uncategorized Article
1365,[],Uncategorized Article
20416,[],Uncategorized Article
575,[],Uncategorized Article
3204,[],Uncategorized Article
1023,[],Uncategorized Article
26424,[],Uncategorized Article
22953,[],Uncategorized Article
4442,[],Uncategorized Article
13517,[],Uncategorized Article
17473,[],Uncategorized Article
13531,[],Uncategorized Article
11007,[],Uncategorized Article
20320,[],Uncategorized Article
2065,[],Uncategorized Article
16796,[],Uncategorized Article
26217,[],Uncategorized Article
913,[],Uncategorized Article
11912,[],Uncategorized Article
5061,[],Uncategorized Article
5859,[],Uncategorized Article
1859,[],Uncategorized Article
509,[],Uncategorized Article
17616,[],Uncategorized Article
22589,[],Uncategorized Article
16588,[],Uncategorized Article
13723,[],Uncategorized Article
18310,[],Uncategorized Article
5245,[],Uncategorized Article
14205,[],Uncategorized Article
2814,[],Uncategorized Article
15723,[],Uncategorized Article
8151,[],Uncategorized Article
12385,[],Uncategorized Article
22745,[],Uncategorized Article
18566,[],Uncategorized Article
12838,[],Uncategorized Article
17669,[],Uncategorized Article
24149,[],Uncategorized Article
12480,[],Uncategorized Article
2697,[],Uncategorized Article
4534,[],Uncategorized Article
23473,[],Uncategorized Article
20988,[],Uncategorized Article
8147,[],Uncategorized Article
7949,[],Uncategorized Article
20694,[],Uncategorized Article
13633,[],Uncategorized Article
4550,[],Uncategorized Article
9378,[],Uncategorized Article
7302,[],Uncategorized Article
2220,[],Uncategorized Article
17215,[],Uncategorized Article
11548,[],Uncategorized Article
24997,[],Uncategorized Article
6660,[],Uncategorized Article
26893,[],Uncategorized Article
5719,[],Uncategorized Article
902,[],Uncategorized Article
13670,[],Uncategorized Article
9687,[],Uncategorized Article
23673,[],Uncategorized Article
513,[],Uncategorized Article
22489,[],Uncategorized Article
26075,[],Uncategorized Article
2115,[],Uncategorized Article
25189,[],Uncategorized Article
9477,[],Uncategorized Article
3501,[],Uncategorized Article
23690,[],Uncategorized Article
5652,[],Uncategorized Article
251,[],Uncategorized Article
7298,[],Uncategorized Article
10673,[],Uncategorized Article
8768,[],Uncategorized Article
8048,[],Uncategorized Article
9620,[],Uncategorized Article
21453,[],Uncategorized Article
10870,[],Uncategorized Article
1601,[],Uncategorized Article
8465,[],Uncategorized Article
2338,[],Uncategorized Article
3157,[],Uncategorized Article
25003,[],Uncategorized Article
15583,[],Uncategorized Article
20790,[],Uncategorized Article
13103,[],Uncategorized Article
21454,[],Uncategorized Article
7826,[],Uncategorized Article
23529,[],Uncategorized Article
1256,[],Uncategorized Article
17171,[],Uncategorized Article
9325,[],Uncategorized Article
2992,[],Uncategorized Article
263,[],Uncategorized Article
12434,[],Uncategorized Article
16951,[],Uncategorized Article
24319,[],Uncategorized Article
1097,[],Uncategorized Article
4291,[],Uncategorized Article
23214,[],Uncategorized Article
18741,[],Uncategorized Article
3336,[],Uncategorized Article
15437,[],Uncategorized Article
24980,[],Uncategorized Article
21351,[],Uncategorized Article
20179,[],Uncategorized Article
9061,[],Uncategorized Article
13370,[],Uncategorized Article
10711,[],Uncategorized Article
8195,[],Uncategorized Article
12024,[],Uncategorized Article
16207,[],Uncategorized Article
4705,[],Uncategorized Article
23331,[],Uncategorized Article
4510,[],Uncategorized Article
19375,[],Uncategorized Article
24515,[],Uncategorized Article
3821,[],Uncategorized Article
26955,[],Uncategorized Article
16231,[],Uncategorized Article
9189,[],Uncategorized Article
19538,[],Uncategorized Article
4634,[],Uncategorized Article
1047,[],Uncategorized Article
4475,[],Uncategorized Article
25255,[],Uncategorized Article
2546,[],Uncategorized Article
7427,[],Uncategorized Article
16504,[],Uncategorized Article
12965,[],Uncategorized Article
16891,[],Uncategorized Article
3012,[],Uncategorized Article
6503,[],Uncategorized Article
8796,[],Uncategorized Article
7029,[],Uncategorized Article
18484,[],Uncategorized Article
9564,[],Uncategorized Article
1090,[],Uncategorized Article
13549,[],Uncategorized Article
17617,[],Uncategorized Article
12539,[],Uncategorized Article
4010,[],Uncategorized Article
9134,[],Uncategorized Article
7978,[],Uncategorized Article
20254,[],Uncategorized Article
6164,[],Uncategorized Article
13872,[],Uncategorized Article
6534,[],Uncategorized Article
10114,[],Uncategorized Article
16565,[],Uncategorized Article
16104,[],Uncategorized Article
8242,[],Uncategorized Article
9433,[],Uncategorized Article
9750,[],Uncategorized Article
9931,[],Uncategorized Article
13244,[],Uncategorized Article
20795,[],Uncategorized Article
17021,[],Uncategorized Article
19100,[],Uncategorized Article
20893,[],Uncategorized Article
810,[],Uncategorized Article
15280,[],Uncategorized Article
7466,[],Uncategorized Article
24092,[],Uncategorized Article
224,[],Uncategorized Article
22544,[],Uncategorized Article
3846,[],Uncategorized Article
5348,[],Uncategorized Article
14777,[],Uncategorized Article
20267,[],Uncategorized Article
23459,[],Uncategorized Article
24158,[],Uncategorized Article
1504,[],Uncategorized Article
3018,[],Uncategorized Article
6628,[],Uncategorized Article
6350,[],Uncategorized Article
21189,[],Uncategorized Article
21170,[],Uncategorized Article
16689,[],Uncategorized Article
13513,[],Uncategorized Article
3261,[],Uncategorized Article
22014,[],Uncategorized Article
8425,[],Uncategorized Article
20909,[],Uncategorized Article
17536,[],Uncategorized Article
1771,[],Uncategorized Article
18046,[],Uncategorized Article
1377,[],Uncategorized Article
21071,[],Uncategorized Article
25045,[],Uncategorized Article
12381,[],Uncategorized Article
4159,[],Uncategorized Article
20060,[],Uncategorized Article
18614,[],Uncategorized Article
17351,[],Uncategorized Article
20279,[],Uncategorized Article
15320,[],Uncategorized Article
4217,[],Uncategorized Article
21921,[],Uncategorized Article
9989,[],Uncategorized Article
21430,[],Uncategorized Article
10829,[],Uncategorized Article
11106,[],Uncategorized Article
21003,[],Uncategorized Article
21110,[],Uncategorized Article
17792,[],Uncategorized Article
11176,[],Uncategorized Article
21092,[],Uncategorized Article
10272,[],Uncategorized Article
3511,[],Uncategorized Article
23215,[],Uncategorized Article
433,[],Uncategorized Article
26923,[],Uncategorized Article
6400,[],Uncategorized Article
19504,[],Uncategorized Article
19139,[],Uncategorized Article
22792,[],Uncategorized Article
14766,[],Uncategorized Article
1535,[],Uncategorized Article
2878,[],Uncategorized Article
5140,[],Uncategorized Article
24961,[],Uncategorized Article
1272,[],Uncategorized Article
22696,[],Uncategorized Article
5836,[],Uncategorized Article
21380,[],Uncategorized Article
3652,[],Uncategorized Article
6836,[],Uncategorized Article
1616,[],Uncategorized Article
25081,[],Uncategorized Article
14401,[],Uncategorized Article
7567,[],Uncategorized Article
17191,[],Uncategorized Article
7976,[],Uncategorized Article
10933,[],Uncategorized Article
18413,[],Uncategorized Article
13084,[],Uncategorized Article
15279,[],Uncategorized Article
19066,[],Uncategorized Article
7325,[],Uncategorized Article
19703,[],Uncategorized Article
8008,[],Uncategorized Article
25719,[],Uncategorized Article
21002,[],Uncategorized Article
12799,[],Uncategorized Article
13457,[],Uncategorized Article
21257,[],Uncategorized Article
4556,[],Uncategorized Article
16561,[],Uncategorized Article
7353,[],Uncategorized Article
16657,[],Uncategorized Article
6562,[],Uncategorized Article
10017,[],Uncategorized Article
10804,[],Uncategorized Article
10023,[],Uncategorized Article
5194,[],Uncategorized Article
20487,[],Uncategorized Article
19564,[],Uncategorized Article
8856,[],Uncategorized Article
4309,[],Uncategorized Article
15800,[],Uncategorized Article
4028,[],Uncategorized Article
14265,[],Uncategorized Article
11420,[],Uncategorized Article
20205,[],Uncategorized Article
18008,[],Uncategorized Article
14905,[],Uncategorized Article
11423,[],Uncategorized Article
22143,[],Uncategorized Article
245,[],Uncategorized Article
8139,[],Uncategorized Article
5483,[],Uncategorized Article
5324,[],Uncategorized Article
9938,[],Uncategorized Article
9480,[],Uncategorized Article
21783,[],Uncategorized Article
9040,[],Uncategorized Article
308,[],Uncategorized Article
23657,[],Uncategorized Article
23649,[],Uncategorized Article
20549,[],Uncategorized Article
14762,[],Uncategorized Article
21143,[],Uncategorized Article
4953,[],Uncategorized Article
14801,[],Uncategorized Article
10071,[],Uncategorized Article
16853,[],Uncategorized Article
6779,[],Uncategorized Article
20813,[],Uncategorized Article
6880,[],Uncategorized Article
3105,[],Uncategorized Article
19936,[],Uncategorized Article
8019,[],Uncategorized Article
15556,[],Uncategorized Article
15446,[],Uncategorized Article
9880,[],Uncategorized Article
23581,[],Uncategorized Article
23306,[],Uncategorized Article
24654,[],Uncategorized Article
6186,[],Uncategorized Article
2405,[],Uncategorized Article
18726,[],Uncategorized Article
15838,[],Uncategorized Article
25718,[],Uncategorized Article
18590,[],Uncategorized Article
22348,[],Uncategorized Article
7231,[],Uncategorized Article
4447,[],Uncategorized Article
6112,[],Uncategorized Article
24265,[],Uncategorized Article
8494,[],Uncategorized Article
11585,[],Uncategorized Article
18414,[],Uncategorized Article
16437,[],Uncategorized Article
11504,[],Uncategorized Article
18370,[],Uncategorized Article
19599,[],Uncategorized Article
23207,[],Uncategorized Article
16518,[],Uncategorized Article
2267,[],Uncategorized Article
3929,[],Uncategorized Article
8187,[],Uncategorized Article
11868,[],Uncategorized Article
21321,[],Uncategorized Article
1166,[],Uncategorized Article
25100,[],Uncategorized Article
21996,[],Uncategorized Article
21007,[],Uncategorized Article
10244,[],Uncategorized Article
18921,[],Uncategorized Article
16361,[],Uncategorized Article
24525,[],Uncategorized Article
14944,[],Uncategorized Article
1419,[],Uncategorized Article
26399,[],Uncategorized Article
18420,[],Uncategorized Article
9819,[],Uncategorized Article
13150,[],Uncategorized Article
8971,[],Uncategorized Article
3353,[],Uncategorized Article
10194,[],Uncategorized Article
7784,[],Uncategorized Article
24919,[],Uncategorized Article
10687,[],Uncategorized Article
20325,[],Uncategorized Article
15118,[],Uncategorized Article
15041,[],Uncategorized Article
14412,[],Uncategorized Article
6888,[],Uncategorized Article
20319,[],Uncategorized Article
13432,[],Uncategorized Article
10468,[],Uncategorized Article
14807,[],Uncategorized Article
9233,[],Uncategorized Article
24434,[],Uncategorized Article
13251,[],Uncategorized Article
23973,[],Uncategorized Article
12710,[],Uncategorized Article
17507,[],Uncategorized Article
4574,[],Uncategorized Article
1371,[],Uncategorized Article
8588,[],Uncategorized Article
14793,[],Uncategorized Article
18072,[],Uncategorized Article
18695,[],Uncategorized Article
656,[],Uncategorized Article
1205,[],Uncategorized Article
11557,[],Uncategorized Article
12477,[],Uncategorized Article
17518,[],Uncategorized Article
15873,[],Uncategorized Article
13624,[],Uncategorized Article
24193,[],Uncategorized Article
19382,[],Uncategorized Article
16768,[],Uncategorized Article
19285,[],Uncategorized Article
20629,[],Uncategorized Article
16070,[],Uncategorized Article
12952,[],Uncategorized Article
4290,[],Uncategorized Article
24100,[],Uncategorized Article
16083,[],Uncategorized Article
14697,[],Uncategorized Article
10062,[],Uncategorized Article
24943,[],Uncategorized Article
8542,[],Uncategorized Article
8146,[],Uncategorized Article
6195,[],Uncategorized Article
2927,[],Uncategorized Article
20831,[],Uncategorized Article
1870,[],Uncategorized Article
18652,[],Uncategorized Article
4591,[],Uncategorized Article
26046,[],Uncategorized Article
5625,[],Uncategorized Article
19200,[],Uncategorized Article
586,[],Uncategorized Article
19646,[],Uncategorized Article
18078,[],Uncategorized Article
21018,[],Uncategorized Article
3043,[],Uncategorized Article
12988,[],Uncategorized Article
25670,[],Uncategorized Article
20166,[],Uncategorized Article
24286,[],Uncategorized Article
9242,[],Uncategorized Article
21669,[],Uncategorized Article
19195,[],Uncategorized Article
11625,[],Uncategorized Article
25387,[],Uncategorized Article
11965,[],Uncategorized Article
7364,[],Uncategorized Article
11841,[],Uncategorized Article
17787,[],Uncategorized Article
26600,[],Uncategorized Article
17791,[],Uncategorized Article
1187,[],Uncategorized Article
19245,[],Uncategorized Article
13850,[],Uncategorized Article
15067,[],Uncategorized Article
8647,[],Uncategorized Article
21507,[],Uncategorized Article
26107,[],Uncategorized Article
15393,[],Uncategorized Article
12247,[],Uncategorized Article
15044,[],Uncategorized Article
25991,[],Uncategorized Article
16076,[],Uncategorized Article
25584,[],Uncategorized Article
22215,[],Uncategorized Article
16354,[],Uncategorized Article
14977,[],Uncategorized Article
26966,[],Uncategorized Article
10445,[],Uncategorized Article
26999,[],Uncategorized Article
15319,[],Uncategorized Article
21865,[],Uncategorized Article
19291,[],Uncategorized Article
1039,[],Uncategorized Article
2133,[],Uncategorized Article
11921,[],Uncategorized Article
21051,[],Uncategorized Article
23123,[],Uncategorized Article
3334,[],Uncategorized Article
22798,[],Uncategorized Article
16060,[],Uncategorized Article
20275,[],Uncategorized Article
10872,[],Uncategorized Article
826,[],Uncategorized Article
3008,[],Uncategorized Article
16918,[],Uncategorized Article
7510,[],Uncategorized Article
1144,[],Uncategorized Article
9089,[],Uncategorized Article
7477,[],Uncategorized Article
4630,[],Uncategorized Article
11790,[],Uncategorized Article
1158,[],Uncategorized Article
21851,[],Uncategorized Article
17409,[],Uncategorized Article
14465,[],Uncategorized Article
17835,[],Uncategorized Article
7303,[],Uncategorized Article
23639,[],Uncategorized Article
1302,[],Uncategorized Article
4915,[],Uncategorized Article
8639,[],Uncategorized Article
6909,[],Uncategorized Article
17026,[],Uncategorized Article
16263,[],Uncategorized Article
18248,[],Uncategorized Article
3882,[],Uncategorized Article
24302,[],Uncategorized Article
21391,[],Uncategorized Article
23998,[],Uncategorized Article
4949,[],Uncategorized Article
25057,[],Uncategorized Article
3872,[],Uncategorized Article
19264,[],Uncategorized Article
3106,[],Uncategorized Article
4807,[],Uncategorized Article
9659,[],Uncategorized Article
25332,[],Uncategorized Article
6756,[],Uncategorized Article
7600,[],Uncategorized Article
8643,[],Uncategorized Article
23691,[],Uncategorized Article
10205,[],Uncategorized Article
22780,[],Uncategorized Article
18719,[],Uncategorized Article
24870,[],Uncategorized Article
13044,[],Uncategorized Article
15148,[],Uncategorized Article
4824,[],Uncategorized Article
13471,[],Uncategorized Article
26306,[],Uncategorized Article
5318,[],Uncategorized Article
13684,[],Uncategorized Article
16823,[],Uncategorized Article
23234,[],Uncategorized Article
26547,[],Uncategorized Article
4205,[],Uncategorized Article
11915,[],Uncategorized Article
26503,[],Uncategorized Article
24839,[],Uncategorized Article
16054,[],Uncategorized Article
2893,[],Uncategorized Article
22251,[],Uncategorized Article
13657,[],Uncategorized Article
13366,[],Uncategorized Article
13340,[],Uncategorized Article
24421,[],Uncategorized Article
9052,[],Uncategorized Article
218,[],Uncategorized Article
18661,[],Uncategorized Article
14293,[],Uncategorized Article
6624,[],Uncategorized Article
3728,[],Uncategorized Article
2966,[],Uncategorized Article
19114,[],Uncategorized Article
4472,[],Uncategorized Article
13745,[],Uncategorized Article
2876,[],Uncategorized Article
8670,[],Uncategorized Article
14656,[],Uncategorized Article
18139,[],Uncategorized Article
22646,[],Uncategorized Article
14358,[],Uncategorized Article
18997,[],Uncategorized Article
23492,[],Uncategorized Article
3208,[],Uncategorized Article
9000,[],Uncategorized Article
14936,[],Uncategorized Article
21341,[],Uncategorized Article
16516,[],Uncategorized Article
6974,[],Uncategorized Article
10352,[],Uncategorized Article
21076,[],Uncategorized Article
17992,[],Uncategorized Article
20385,[],Uncategorized Article
3115,[],Uncategorized Article
21936,[],Uncategorized Article
19434,[],Uncategorized Article
4879,[],Uncategorized Article
19352,[],Uncategorized Article
17646,[],Uncategorized Article
8735,[],Uncategorized Article
3941,[],Uncategorized Article
17621,[],Uncategorized Article
23000,[],Uncategorized Article
6279,[],Uncategorized Article
1604,[],Uncategorized Article
3693,[],Uncategorized Article
4742,[],Uncategorized Article
4902,[],Uncategorized Article
23464,[],Uncategorized Article
25638,[],Uncategorized Article
14983,[],Uncategorized Article
18831,[],Uncategorized Article
8757,[],Uncategorized Article
25154,[],Uncategorized Article
12235,[],Uncategorized Article
962,[],Uncategorized Article
9254,[],Uncategorized Article
7428,[],Uncategorized Article
17746,[],Uncategorized Article
17158,[],Uncategorized Article
21483,[],Uncategorized Article
13766,[],Uncategorized Article
8634,[],Uncategorized Article
327,[],Uncategorized Article
24964,[],Uncategorized Article
13692,[],Uncategorized Article
16264,[],Uncategorized Article
16638,[],Uncategorized Article
20623,[],Uncategorized Article
17957,[],Uncategorized Article
22978,[],Uncategorized Article
14750,[],Uncategorized Article
17811,[],Uncategorized Article
1994,[],Uncategorized Article
26973,[],Uncategorized Article
25988,[],Uncategorized Article
10469,[],Uncategorized Article
24296,[],Uncategorized Article
2349,[],Uncategorized Article
11396,[],Uncategorized Article
14445,[],Uncategorized Article
10221,[],Uncategorized Article
5575,[],Uncategorized Article
18807,[],Uncategorized Article
11794,[],Uncategorized Article
17189,[],Uncategorized Article
618,[],Uncategorized Article
26800,[],Uncategorized Article
21685,[],Uncategorized Article
22325,[],Uncategorized Article
14488,[],Uncategorized Article
2457,[],Uncategorized Article
25871,[],Uncategorized Article
26430,[],Uncategorized Article
16660,[],Uncategorized Article
23310,[],Uncategorized Article
24502,[],Uncategorized Article
8742,[],Uncategorized Article
6285,[],Uncategorized Article
7691,[],Uncategorized Article
13042,[],Uncategorized Article
20605,[],Uncategorized Article
22828,[],Uncategorized Article
3295,[],Uncategorized Article
4401,[],Uncategorized Article
2310,[],Uncategorized Article
14018,[],Uncategorized Article
2403,[],Uncategorized Article
7049,[],Uncategorized Article
23397,[],Uncategorized Article
878,[],Uncategorized Article
17699,[],Uncategorized Article
7889,[],Uncategorized Article
21046,[],Uncategorized Article
2109,[],Uncategorized Article
26895,[],Uncategorized Article
24867,[],Uncategorized Article
9391,[],Uncategorized Article
21995,[],Uncategorized Article
20271,[],Uncategorized Article
410,[],Uncategorized Article
11028,[],Uncategorized Article
3899,[],Uncategorized Article
3242,[],Uncategorized Article
17385,[],Uncategorized Article
23222,[],Uncategorized Article
22368,[],Uncategorized Article
2189,[],Uncategorized Article
18506,[],Uncategorized Article
20849,[],Uncategorized Article
23114,[],Uncategorized Article
19228,[],Uncategorized Article
8025,[],Uncategorized Article
11924,[],Uncategorized Article
20683,[],Uncategorized Article
8121,[],Uncategorized Article
20146,[],Uncategorized Article
25995,[],Uncategorized Article
24122,[],Uncategorized Article
13588,[],Uncategorized Article
8460,[],Uncategorized Article
4585,[],Uncategorized Article
12883,[],Uncategorized Article
6730,[],Uncategorized Article
21484,[],Uncategorized Article
19639,[],Uncategorized Article
14732,[],Uncategorized Article
11527,[],Uncategorized Article
3305,[],Uncategorized Article
9529,[],Uncategorized Article
4417,[],Uncategorized Article
542,[],Uncategorized Article
21547,[],Uncategorized Article
19516,[],Uncategorized Article
8188,[],Uncategorized Article
10387,[],Uncategorized Article
11973,[],Uncategorized Article
8710,[],Uncategorized Article
14441,[],Uncategorized Article
16368,[],Uncategorized Article
17585,[],Uncategorized Article
1654,[],Uncategorized Article
19184,[],Uncategorized Article
11913,[],Uncategorized Article
26152,[],Uncategorized Article
11449,[],Uncategorized Article
19536,[],Uncategorized Article
16466,[],Uncategorized Article
11086,[],Uncategorized Article
23685,[],Uncategorized Article
10300,[],Uncategorized Article
14816,[],Uncategorized Article
2319,[],Uncategorized Article
13408,[],Uncategorized Article
12277,[],Uncategorized Article
7841,[],Uncategorized Article
3062,[],Uncategorized Article
9349,[],Uncategorized Article
22990,[],Uncategorized Article
1006,[],Uncategorized Article
19879,[],Uncategorized Article
16764,[],Uncategorized Article
9044,[],Uncategorized Article
8909,[],Uncategorized Article
18523,[],Uncategorized Article
14580,[],Uncategorized Article
12695,[],Uncategorized Article
24507,[],Uncategorized Article
15851,[],Uncategorized Article
16007,[],Uncategorized Article
2247,[],Uncategorized Article
16556,[],Uncategorized Article
15377,[],Uncategorized Article
6357,[],Uncategorized Article
6919,[],Uncategorized Article
12299,[],Uncategorized Article
12261,[],Uncategorized Article
11844,[],Uncategorized Article
18266,[],Uncategorized Article
21016,[],Uncategorized Article
23951,[],Uncategorized Article
22583,[],Uncategorized Article
23645,[],Uncategorized Article
6491,[],Uncategorized Article
4714,[],Uncategorized Article
3437,[],Uncategorized Article
16961,[],Uncategorized Article
5654,[],Uncategorized Article
23572,[],Uncategorized Article
14786,[],Uncategorized Article
4223,[],Uncategorized Article
1355,[],Uncategorized Article
21604,[],Uncategorized Article
13164,[],Uncategorized Article
7755,[],Uncategorized Article
1879,[],Uncategorized Article
14416,[],Uncategorized Article
14268,[],Uncategorized Article
7779,[],Uncategorized Article
16612,[],Uncategorized Article
12335,[],Uncategorized Article
14326,[],Uncategorized Article
8101,[],Uncategorized Article
20448,[],Uncategorized Article
6769,[],Uncategorized Article
26963,[],Uncategorized Article
6460,[],Uncategorized Article
6914,[],Uncategorized Article
26326,[],Uncategorized Article
11403,[],Uncategorized Article
3102,[],Uncategorized Article
59,[],Uncategorized Article
6306,[],Uncategorized Article
22179,[],Uncategorized Article
16414,[],Uncategorized Article
23513,[],Uncategorized Article
21810,[],Uncategorized Article
6847,[],Uncategorized Article
8663,[],Uncategorized Article
1163,[],Uncategorized Article
14513,[],Uncategorized Article
2458,[],Uncategorized Article
25563,[],Uncategorized Article
24593,[],Uncategorized Article
18756,[],Uncategorized Article
5217,[],Uncategorized Article
24939,[],Uncategorized Article
23933,[],Uncategorized Article
16115,[],Uncategorized Article
12524,[],Uncategorized Article
22395,[],Uncategorized Article
24739,[],Uncategorized Article
9606,[],Uncategorized Article
17867,[],Uncategorized Article
23988,[],Uncategorized Article
23060,[],Uncategorized Article
6788,[],Uncategorized Article
11448,[],Uncategorized Article
13899,[],Uncategorized Article
25752,[],Uncategorized Article
3472,[],Uncategorized Article
21000,[],Uncategorized Article
4680,[],Uncategorized Article
26689,[],Uncategorized Article
14173,[],Uncategorized Article
26413,[],Uncategorized Article
18101,[],Uncategorized Article
2146,[],Uncategorized Article
20547,[],Uncategorized Article
8319,[],Uncategorized Article
24881,[],Uncategorized Article
20121,[],Uncategorized Article
8466,[],Uncategorized Article
9414,[],Uncategorized Article
19380,[],Uncategorized Article
17666,[],Uncategorized Article
25914,[],Uncategorized Article
610,[],Uncategorized Article
11453,[],Uncategorized Article
6518,[],Uncategorized Article
18285,[],Uncategorized Article
5351,[],Uncategorized Article
26830,[],Uncategorized Article
643,[],Uncategorized Article
1464,[],Uncategorized Article
23541,[],Uncategorized Article
23986,[],Uncategorized Article
8318,[],Uncategorized Article
12276,[],Uncategorized Article
8944,[],Uncategorized Article
22223,[],Uncategorized Article
23162,[],Uncategorized Article
15215,[],Uncategorized Article
5333,[],Uncategorized Article
5236,[],Uncategorized Article
13902,[],Uncategorized Article
102,[],Uncategorized Article
13118,[],Uncategorized Article
19597,[],Uncategorized Article
24225,[],Uncategorized Article
19980,[],Uncategorized Article
6545,[],Uncategorized Article
12986,[],Uncategorized Article
21957,[],Uncategorized Article
11770,[],Uncategorized Article
18531,[],Uncategorized Article
6270,[],Uncategorized Article
16221,[],Uncategorized Article
4351,[],Uncategorized Article
14581,[],Uncategorized Article
17612,[],Uncategorized Article
11783,[],Uncategorized Article
23621,[],Uncategorized Article
24132,[],Uncategorized Article
20202,[],Uncategorized Article
13925,[],Uncategorized Article
13205,[],Uncategorized Article
4696,[],Uncategorized Article
26926,[],Uncategorized Article
4584,[],Uncategorized Article
12290,[],Uncategorized Article
15709,[],Uncategorized Article
11149,[],Uncategorized Article
6933,[],Uncategorized Article
12044,[],Uncategorized Article
18476,[],Uncategorized Article
360,[],Uncategorized Article
26578,[],Uncategorized Article
10948,[],Uncategorized Article
2910,[],Uncategorized Article
20373,[],Uncategorized Article
12361,[],Uncategorized Article
10341,[],Uncategorized Article
2199,[],Uncategorized Article
20072,[],Uncategorized Article
6405,[],Uncategorized Article
24328,[],Uncategorized Article
7908,[],Uncategorized Article
4139,[],Uncategorized Article
3505,[],Uncategorized Article
16096,[],Uncategorized Article
20655,[],Uncategorized Article
10153,[],Uncategorized Article
20528,[],Uncategorized Article
23353,[],Uncategorized Article
9469,[],Uncategorized Article
16126,[],Uncategorized Article
16737,[],Uncategorized Article
23062,[],Uncategorized Article
13616,[],Uncategorized Article
8451,[],Uncategorized Article
14066,[],Uncategorized Article
18016,[],Uncategorized Article
10044,[],Uncategorized Article
1522,[],Uncategorized Article
18948,[],Uncategorized Article
8227,[],Uncategorized Article
23727,[],Uncategorized Article
19706,[],Uncategorized Article
15473,[],Uncategorized Article
2182,[],Uncategorized Article
7998,[],Uncategorized Article
15267,[],Uncategorized Article
5548,[],Uncategorized Article
3496,[],Uncategorized Article
13754,[],Uncategorized Article
24545,[],Uncategorized Article
4991,[],Uncategorized Article
26014,[],Uncategorized Article
10507,[],Uncategorized Article
11827,[],Uncategorized Article
20521,[],Uncategorized Article
9338,[],Uncategorized Article
9693,[],Uncategorized Article
21294,[],Uncategorized Article
2445,[],Uncategorized Article
3375,[],Uncategorized Article
19301,[],Uncategorized Article
2950,[],Uncategorized Article
18665,[],Uncategorized Article
24290,[],Uncategorized Article
15294,[],Uncategorized Article
21913,[],Uncategorized Article
2826,[],Uncategorized Article
20889,[],Uncategorized Article
16597,[],Uncategorized Article
12585,[],Uncategorized Article
18258,[],Uncategorized Article
23066,[],Uncategorized Article
12176,[],Uncategorized Article
6517,[],Uncategorized Article
16397,[],Uncategorized Article
16266,[],Uncategorized Article
24678,[],Uncategorized Article
15201,[],Uncategorized Article
22264,[],Uncategorized Article
8255,[],Uncategorized Article
18339,[],Uncategorized Article
7819,[],Uncategorized Article
1796,[],Uncategorized Article
10806,[],Uncategorized Article
26575,[],Uncategorized Article
15188,[],Uncategorized Article
14647,[],Uncategorized Article
21832,[],Uncategorized Article
10868,[],Uncategorized Article
17805,[],Uncategorized Article
8074,[],Uncategorized Article
3082,[],Uncategorized Article
26165,[],Uncategorized Article
3438,[],Uncategorized Article
11850,[],Uncategorized Article
21201,[],Uncategorized Article
26361,[],Uncategorized Article
14640,[],Uncategorized Article
21087,[],Uncategorized Article
25385,[],Uncategorized Article
12051,[],Uncategorized Article
13632,[],Uncategorized Article
13348,[],Uncategorized Article
19144,[],Uncategorized Article
18983,[],Uncategorized Article
3202,[],Uncategorized Article
21098,[],Uncategorized Article
11626,[],Uncategorized Article
12292,[],Uncategorized Article
23742,[],Uncategorized Article
16046,[],Uncategorized Article
4863,[],Uncategorized Article
4751,[],Uncategorized Article
6896,[],Uncategorized Article
15211,[],Uncategorized Article
16503,[],Uncategorized Article
1426,[],Uncategorized Article
4505,[],Uncategorized Article
17919,[],Uncategorized Article
16094,[],Uncategorized Article
10276,[],Uncategorized Article
11887,[],Uncategorized Article
26567,[],Uncategorized Article
5473,[],Uncategorized Article
11890,[],Uncategorized Article
2799,[],Uncategorized Article
2235,[],Uncategorized Article
17694,[],Uncategorized Article
5716,[],Uncategorized Article
25918,[],Uncategorized Article
26849,[],Uncategorized Article
14556,[],Uncategorized Article
6424,[],Uncategorized Article
3168,[],Uncategorized Article
22820,[],Uncategorized Article
8136,[],Uncategorized Article
14959,[],Uncategorized Article
26344,[],Uncategorized Article
25909,[],Uncategorized Article
19669,[],Uncategorized Article
18593,[],Uncategorized Article
20734,[],Uncategorized Article
3214,[],Uncategorized Article
9345,[],Uncategorized Article
22006,[],Uncategorized Article
23741,[],Uncategorized Article
9138,[],Uncategorized Article
9932,[],Uncategorized Article
10658,[],Uncategorized Article
5689,[],Uncategorized Article
11607,[],Uncategorized Article
6715,[],Uncategorized Article
8769,[],Uncategorized Article
14273,[],Uncategorized Article
9539,[],Uncategorized Article
23021,[],Uncategorized Article
4024,[],Uncategorized Article
13759,[],Uncategorized Article
14791,[],Uncategorized Article
15505,[],Uncategorized Article
8034,[],Uncategorized Article
25614,[],Uncategorized Article
11771,[],Uncategorized Article
7553,[],Uncategorized Article
1748,[],Uncategorized Article
19721,[],Uncategorized Article
23323,[],Uncategorized Article
24072,[],Uncategorized Article
20730,[],Uncategorized Article
584,[],Uncategorized Article
10465,[],Uncategorized Article
10039,[],Uncategorized Article
11822,[],Uncategorized Article
6225,[],Uncategorized Article
6983,[],Uncategorized Article
12035,[],Uncategorized Article
14370,[],Uncategorized Article
13914,[],Uncategorized Article
2644,[],Uncategorized Article
2315,[],Uncategorized Article
24048,[],Uncategorized Article
8641,[],Uncategorized Article
25741,[],Uncategorized Article
23354,[],Uncategorized Article
23794,[],Uncategorized Article
23725,[],Uncategorized Article
25855,[],Uncategorized Article
4013,[],Uncategorized Article
17820,[],Uncategorized Article
6502,[],Uncategorized Article
695,[],Uncategorized Article
11191,[],Uncategorized Article
18567,[],Uncategorized Article
6466,[],Uncategorized Article
13209,[],Uncategorized Article
1020,[],Uncategorized Article
12587,[],Uncategorized Article
1533,[],Uncategorized Article
6527,[],Uncategorized Article
3518,[],Uncategorized Article
483,[],Uncategorized Article
12238,[],Uncategorized Article
15274,[],Uncategorized Article
707,[],Uncategorized Article
2712,[],Uncategorized Article
4337,[],Uncategorized Article
16074,[],Uncategorized Article
5662,[],Uncategorized Article
14703,[],Uncategorized Article
7348,[],Uncategorized Article
7885,[],Uncategorized Article
10001,[],Uncategorized Article
19251,[],Uncategorized Article
24756,[],Uncategorized Article
21302,[],Uncategorized Article
18721,[],Uncategorized Article
19125,[],Uncategorized Article
8141,[],Uncategorized Article
577,[],Uncategorized Article
14494,[],Uncategorized Article
10579,[],Uncategorized Article
21653,[],Uncategorized Article
9489,[],Uncategorized Article
6667,[],Uncategorized Article
23530,[],Uncategorized Article
23200,[],Uncategorized Article
5180,[],Uncategorized Article
3947,[],Uncategorized Article
17906,[],Uncategorized Article
8149,[],Uncategorized Article
3284,[],Uncategorized Article
4269,[],Uncategorized Article
25356,[],Uncategorized Article
11361,[],Uncategorized Article
1624,[],Uncategorized Article
8642,[],Uncategorized Article
12788,[],Uncategorized Article
14171,[],Uncategorized Article
8443,[],Uncategorized Article
25894,[],Uncategorized Article
8165,[],Uncategorized Article
12796,[],Uncategorized Article
18462,[],Uncategorized Article
3122,[],Uncategorized Article
7403,[],Uncategorized Article
3540,[],Uncategorized Article
790,[],Uncategorized Article
19354,[],Uncategorized Article
499,[],Uncategorized Article
1576,[],Uncategorized Article
24676,[],Uncategorized Article
6206,[],Uncategorized Article
335,[],Uncategorized Article
18980,[],Uncategorized Article
9073,[],Uncategorized Article
6232,[],Uncategorized Article
10016,[],Uncategorized Article
17315,[],Uncategorized Article
16772,[],Uncategorized Article
22973,[],Uncategorized Article
14653,[],Uncategorized Article
13981,[],Uncategorized Article
9992,[],Uncategorized Article
4560,[],Uncategorized Article
2621,[],Uncategorized Article
2112,[],Uncategorized Article
9253,[],Uncategorized Article
10810,[],Uncategorized Article
22166,[],Uncategorized Article
20135,[],Uncategorized Article
15488,[],Uncategorized Article
20418,[],Uncategorized Article
17827,[],Uncategorized Article
3479,[],Uncategorized Article
16092,[],Uncategorized Article
6252,[],Uncategorized Article
7732,[],Uncategorized Article
6035,[],Uncategorized Article
12586,[],Uncategorized Article
18915,[],Uncategorized Article
6703,[],Uncategorized Article
3615,[],Uncategorized Article
2003,[],Uncategorized Article
1330,[],Uncategorized Article
2855,[],Uncategorized Article
12313,[],Uncategorized Article
23195,[],Uncategorized Article
15993,[],Uncategorized Article
18534,[],Uncategorized Article
8845,[],Uncategorized Article
17701,[],Uncategorized Article
24481,[],Uncategorized Article
12573,[],Uncategorized Article
4072,[],Uncategorized Article
17544,[],Uncategorized Article
24645,[],Uncategorized Article
5929,[],Uncategorized Article
6126,[],Uncategorized Article
16665,[],Uncategorized Article
15785,[],Uncategorized Article
1703,[],Uncategorized Article
23239,[],Uncategorized Article
26811,[],Uncategorized Article
19188,[],Uncategorized Article
7589,[],Uncategorized Article
11809,[],Uncategorized Article
13367,[],Uncategorized Article
14137,[],Uncategorized Article
4874,[],Uncategorized Article
13064,[],Uncategorized Article
19040,[],Uncategorized Article
31,[],Uncategorized Article
697,[],Uncategorized Article
6045,[],Uncategorized Article
11091,[],Uncategorized Article
18878,[],Uncategorized Article
631,[],Uncategorized Article
10882,[],Uncategorized Article
15684,[],Uncategorized Article
11732,[],Uncategorized Article
20571,[],Uncategorized Article
4767,[],Uncategorized Article
8891,[],Uncategorized Article
9442,[],Uncategorized Article
8054,[],Uncategorized Article
994,[],Uncategorized Article
11031,[],Uncategorized Article
16166,[],Uncategorized Article
7113,[],Uncategorized Article
4600,[],Uncategorized Article
7676,[],Uncategorized Article
18059,[],Uncategorized Article
3817,[],Uncategorized Article
14224,[],Uncategorized Article
11051,[],Uncategorized Article
17218,[],Uncategorized Article
10608,[],Uncategorized Article
11591,[],Uncategorized Article
13770,[],Uncategorized Article
2900,[],Uncategorized Article
22165,[],Uncategorized Article
9112,[],Uncategorized Article
19339,[],Uncategorized Article
18280,[],Uncategorized Article
3264,[],Uncategorized Article
22819,[],Uncategorized Article
6482,[],Uncategorized Article
7301,[],Uncategorized Article
18355,[],Uncategorized Article
19231,[],Uncategorized Article
13952,[],Uncategorized Article
11605,[],Uncategorized Article
6161,[],Uncategorized Article
16674,[],Uncategorized Article
24165,[],Uncategorized Article
26910,[],Uncategorized Article
3388,[],Uncategorized Article
3310,[],Uncategorized Article
24273,[],Uncategorized Article
10104,[],Uncategorized Article
8863,[],Uncategorized Article
10761,[],Uncategorized Article
24096,[],Uncategorized Article
15687,[],Uncategorized Article
6883,[],Uncategorized Article
17206,[],Uncategorized Article
20375,[],Uncategorized Article
21419,[],Uncategorized Article
20776,[],Uncategorized Article
3638,[],Uncategorized Article
6547,[],Uncategorized Article
13729,[],Uncategorized Article
5709,[],Uncategorized Article
26031,[],Uncategorized Article
9329,[],Uncategorized Article
23848,[],Uncategorized Article
115,[],Uncategorized Article
23523,[],Uncategorized Article
12885,[],Uncategorized Article
24896,[],Uncategorized Article
25877,[],Uncategorized Article
20041,[],Uncategorized Article
2498,[],Uncategorized Article
19418,[],Uncategorized Article
23238,[],Uncategorized Article
23022,[],Uncategorized Article
5502,[],Uncategorized Article
5995,[],Uncategorized Article
6228,[],Uncategorized Article
13297,[],Uncategorized Article
4954,[],Uncategorized Article
21124,[],Uncategorized Article
23433,[],Uncategorized Article
12371,[],Uncategorized Article
14529,[],Uncategorized Article
12694,[],Uncategorized Article
1199,[],Uncategorized Article
26005,[],Uncategorized Article
24748,[],Uncategorized Article
15085,[],Uncategorized Article
10777,[],Uncategorized Article
1692,[],Uncategorized Article
25917,[],Uncategorized Article
1709,[],Uncategorized Article
16586,[],Uncategorized Article
10229,[],Uncategorized Article
26572,[],Uncategorized Article
21401,[],Uncategorized Article
21216,[],Uncategorized Article
10004,[],Uncategorized Article
21974,[],Uncategorized Article
20496,[],Uncategorized Article
20253,[],Uncategorized Article
16113,[],Uncategorized Article
25098,[],Uncategorized Article
6631,[],Uncategorized Article
24727,[],Uncategorized Article
14480,[],Uncategorized Article
16717,[],Uncategorized Article
24882,[],Uncategorized Article
1608,[],Uncategorized Article
8337,[],Uncategorized Article
22629,[],Uncategorized Article
23111,[],Uncategorized Article
9048,[],Uncategorized Article
821,[],Uncategorized Article
3015,[],Uncategorized Article
13123,[],Uncategorized Article
19570,[],Uncategorized Article
2988,[],Uncategorized Article
22859,[],Uncategorized Article
4590,[],Uncategorized Article
19704,[],Uncategorized Article
1553,[],Uncategorized Article
12455,[],Uncategorized Article
13957,[],Uncategorized Article
15665,[],Uncategorized Article
1337,[],Uncategorized Article
2480,[],Uncategorized Article
15843,[],Uncategorized Article
13694,[],Uncategorized Article
22375,[],Uncategorized Article
21345,[],Uncategorized Article
19656,[],Uncategorized Article
25619,[],Uncategorized Article
5005,[],Uncategorized Article
5888,[],Uncategorized Article
20078,[],Uncategorized Article
12461,[],Uncategorized Article
19381,[],Uncategorized Article
686,[],Uncategorized Article
2997,[],Uncategorized Article
10939,[],Uncategorized Article
16594,[],Uncategorized Article
13047,[],Uncategorized Article
25543,[],Uncategorized Article
4678,[],Uncategorized Article
8786,[],Uncategorized Article
23361,[],Uncategorized Article
6478,[],Uncategorized Article
6906,[],Uncategorized Article
10824,[],Uncategorized Article
25422,[],Uncategorized Article
17960,[],Uncategorized Article
20494,[],Uncategorized Article
24931,[],Uncategorized Article
26682,[],Uncategorized Article
8365,[],Uncategorized Article
26053,[],Uncategorized Article
7191,[],Uncategorized Article
20161,[],Uncategorized Article
18470,[],Uncategorized Article
18779,[],Uncategorized Article
3001,[],Uncategorized Article
10821,[],Uncategorized Article
24671,[],Uncategorized Article
20299,[],Uncategorized Article
24215,[],Uncategorized Article
8538,[],Uncategorized Article
4339,[],Uncategorized Article
13138,[],Uncategorized Article
6144,[],Uncategorized Article
838,[],Uncategorized Article
17182,[],Uncategorized Article
6524,[],Uncategorized Article
2444,[],Uncategorized Article
25521,[],Uncategorized Article
22864,[],Uncategorized Article
20326,[],Uncategorized Article
7861,[],Uncategorized Article
22329,[],Uncategorized Article
24141,[],Uncategorized Article
2226,[],Uncategorized Article
6874,[],Uncategorized Article
16820,[],Uncategorized Article
2026,[],Uncategorized Article
16134,[],Uncategorized Article
25500,[],Uncategorized Article
8751,[],Uncategorized Article
13165,[],Uncategorized Article
13438,[],Uncategorized Article
11224,[],Uncategorized Article
3193,[],Uncategorized Article
23259,[],Uncategorized Article
239,[],Uncategorized Article
20576,[],Uncategorized Article
11342,[],Uncategorized Article
1432,[],Uncategorized Article
2028,[],Uncategorized Article
22276,[],Uncategorized Article
8049,[],Uncategorized Article
17539,[],Uncategorized Article
23098,[],Uncategorized Article
19672,[],Uncategorized Article
9755,[],Uncategorized Article
21728,[],Uncategorized Article
24906,[],Uncategorized Article
6510,[],Uncategorized Article
242,[],Uncategorized Article
715,[],Uncategorized Article
4572,[],Uncategorized Article
15425,[],Uncategorized Article
14028,[],Uncategorized Article
11451,[],Uncategorized Article
15842,[],Uncategorized Article
21911,[],Uncategorized Article
14115,[],Uncategorized Article
4376,[],Uncategorized Article
1929,[],Uncategorized Article
5446,[],Uncategorized Article
15040,[],Uncategorized Article
6674,[],Uncategorized Article
18727,[],Uncategorized Article
9070,[],Uncategorized Article
23348,[],Uncategorized Article
19057,[],Uncategorized Article
19257,[],Uncategorized Article
5026,[],Uncategorized Article
18098,[],Uncategorized Article
14151,[],Uncategorized Article
13332,[],Uncategorized Article
4271,[],Uncategorized Article
5835,[],Uncategorized Article
21256,[],Uncategorized Article
5379,[],Uncategorized Article
21361,[],Uncategorized Article
24776,[],Uncategorized Article
13775,[],Uncategorized Article
24243,[],Uncategorized Article
21718,[],Uncategorized Article
14854,[],Uncategorized Article
26120,[],Uncategorized Article
8781,[],Uncategorized Article
10203,[],Uncategorized Article
1362,[],Uncategorized Article
15080,[],Uncategorized Article
21838,[],Uncategorized Article
20688,[],Uncategorized Article
26133,[],Uncategorized Article
7937,[],Uncategorized Article
26051,[],Uncategorized Article
19241,[],Uncategorized Article
11335,[],Uncategorized Article
11488,[],Uncategorized Article
2277,[],Uncategorized Article
21163,[],Uncategorized Article
22236,[],Uncategorized Article
11006,[],Uncategorized Article
13458,[],Uncategorized Article
4641,[],Uncategorized Article
1730,[],Uncategorized Article
21527,[],Uncategorized Article
13083,[],Uncategorized Article
8214,[],Uncategorized Article
7117,[],Uncategorized Article
17758,[],Uncategorized Article
25675,[],Uncategorized Article
14970,[],Uncategorized Article
19143,[],Uncategorized Article
12642,[],Uncategorized Article
6839,[],Uncategorized Article
24722,[],Uncategorized Article
19098,[],Uncategorized Article
23138,[],Uncategorized Article
22710,[],Uncategorized Article
13797,[],Uncategorized Article
23538,[],Uncategorized Article
8200,[],Uncategorized Article
6501,[],Uncategorized Article
19941,[],Uncategorized Article
11972,[],Uncategorized Article
20265,[],Uncategorized Article
16954,[],Uncategorized Article
939,[],Uncategorized Article
26468,[],Uncategorized Article
14725,[],Uncategorized Article
26604,[],Uncategorized Article
10243,[],Uncategorized Article
9125,[],Uncategorized Article
13441,[],Uncategorized Article
3468,[],Uncategorized Article
26089,[],Uncategorized Article
23919,[],Uncategorized Article
18549,[],Uncategorized Article
13712,[],Uncategorized Article
24746,[],Uncategorized Article
18927,[],Uncategorized Article
23890,[],Uncategorized Article
19734,[],Uncategorized Article
26250,[],Uncategorized Article
22488,[],Uncategorized Article
16358,[],Uncategorized Article
20230,[],Uncategorized Article
12698,[],Uncategorized Article
21405,[],Uncategorized Article
21176,[],Uncategorized Article
17034,[],Uncategorized Article
300,[],Uncategorized Article
5292,[],Uncategorized Article
16067,[],Uncategorized Article
8416,[],Uncategorized Article
2915,[],Uncategorized Article
17572,[],Uncategorized Article
20498,[],Uncategorized Article
9068,[],Uncategorized Article
6781,[],Uncategorized Article
1194,[],Uncategorized Article
19714,[],Uncategorized Article
16155,[],Uncategorized Article
25862,[],Uncategorized Article
1712,[],Uncategorized Article
5862,[],Uncategorized Article
6714,[],Uncategorized Article
21626,[],Uncategorized Article
23564,[],Uncategorized Article
4371,[],Uncategorized Article
22724,[],Uncategorized Article
17202,[],Uncategorized Article
23809,[],Uncategorized Article
13966,[],Uncategorized Article
21111,[],Uncategorized Article
3078,[],Uncategorized Article
23694,[],Uncategorized Article
12114,[],Uncategorized Article
3209,[],Uncategorized Article
10373,[],Uncategorized Article
1253,[],Uncategorized Article
3623,[],Uncategorized Article
16010,[],Uncategorized Article
5427,[],Uncategorized Article
1078,[],Uncategorized Article
17286,[],Uncategorized Article
12022,[],Uncategorized Article
439,[],Uncategorized Article
23050,[],Uncategorized Article
5597,[],Uncategorized Article
14525,[],Uncategorized Article
9500,[],Uncategorized Article
26385,[],Uncategorized Article
11282,[],Uncategorized Article
5593,[],Uncategorized Article
6891,[],Uncategorized Article
4338,[],Uncategorized Article
16864,[],Uncategorized Article
8714,[],Uncategorized Article
18704,[],Uncategorized Article
26897,[],Uncategorized Article
21828,[],Uncategorized Article
26796,[],Uncategorized Article
15578,[],Uncategorized Article
26108,[],Uncategorized Article
19313,[],Uncategorized Article
25696,[],Uncategorized Article
11604,[],Uncategorized Article
1066,[],Uncategorized Article
23148,[],Uncategorized Article
7780,[],Uncategorized Article
20778,[],Uncategorized Article
14134,[],Uncategorized Article
25043,[],Uncategorized Article
18242,[],Uncategorized Article
673,[],Uncategorized Article
23712,[],Uncategorized Article
4279,[],Uncategorized Article
14234,[],Uncategorized Article
14417,[],Uncategorized Article
18784,[],Uncategorized Article
22778,[],Uncategorized Article
26094,[],Uncategorized Article
12858,[],Uncategorized Article
24318,[],Uncategorized Article
11719,[],Uncategorized Article
25033,[],Uncategorized Article
17056,[],Uncategorized Article
23571,[],Uncategorized Article
11214,[],Uncategorized Article
16441,[],Uncategorized Article
16771,[],Uncategorized Article
10054,[],Uncategorized Article
9350,[],Uncategorized Article
26485,[],Uncategorized Article
7346,[],Uncategorized Article
22136,[],Uncategorized Article
16636,[],Uncategorized Article
20381,[],Uncategorized Article
14206,[],Uncategorized Article
9889,[],Uncategorized Article
6798,[],Uncategorized Article
22458,[],Uncategorized Article
20713,[],Uncategorized Article
8355,[],Uncategorized Article
24103,[],Uncategorized Article
13010,[],Uncategorized Article
9760,[],Uncategorized Article
20140,[],Uncategorized Article
4058,[],Uncategorized Article
22879,[],Uncategorized Article
16040,[],Uncategorized Article
3461,[],Uncategorized Article
977,[],Uncategorized Article
17329,[],Uncategorized Article
15442,[],Uncategorized Article
13741,[],Uncategorized Article
9214,[],Uncategorized Article
24054,[],Uncategorized Article
5157,[],Uncategorized Article
6735,[],Uncategorized Article
4701,[],Uncategorized Article
9483,[],Uncategorized Article
10483,[],Uncategorized Article
9132,[],Uncategorized Article
7001,[],Uncategorized Article
23862,[],Uncategorized Article
12920,[],Uncategorized Article
2960,[],Uncategorized Article
10743,[],Uncategorized Article
20981,[],Uncategorized Article
12994,[],Uncategorized Article
7554,[],Uncategorized Article
12801,[],Uncategorized Article
13394,[],Uncategorized Article
24921,[],Uncategorized Article
17440,[],Uncategorized Article
21346,[],Uncategorized Article
8870,[],Uncategorized Article
7376,[],Uncategorized Article
88,[],Uncategorized Article
3801,[],Uncategorized Article
19924,[],Uncategorized Article
12117,[],Uncategorized Article
11315,[],Uncategorized Article
10385,[],Uncategorized Article
7267,[],Uncategorized Article
15416,[],Uncategorized Article
18114,[],Uncategorized Article
3620,[],Uncategorized Article
24909,[],Uncategorized Article
17818,[],Uncategorized Article
8426,[],Uncategorized Article
1322,[],Uncategorized Article
18337,[],Uncategorized Article
18478,[],Uncategorized Article
10333,[],Uncategorized Article
7228,[],Uncategorized Article
15582,[],Uncategorized Article
20188,[],Uncategorized Article
841,[],Uncategorized Article
24462,[],Uncategorized Article
25382,[],Uncategorized Article
19589,[],Uncategorized Article
22162,[],Uncategorized Article
16602,[],Uncategorized Article
12830,[],Uncategorized Article
6423,[],Uncategorized Article
14233,[],Uncategorized Article
12543,[],Uncategorized Article
8256,[],Uncategorized Article
21282,[],Uncategorized Article
11465,[],Uncategorized Article
4365,[],Uncategorized Article
22962,[],Uncategorized Article
14455,[],Uncategorized Article
18190,[],Uncategorized Article
3458,[],Uncategorized Article
26887,[],Uncategorized Article
7907,[],Uncategorized Article
19310,[],Uncategorized Article
21378,[],Uncategorized Article
13021,[],Uncategorized Article
3714,[],Uncategorized Article
24121,[],Uncategorized Article
24476,[],Uncategorized Article
2305,[],Uncategorized Article
23458,[],Uncategorized Article
24583,[],Uncategorized Article
13263,[],Uncategorized Article
22160,[],Uncategorized Article
18846,[],Uncategorized Article
17491,[],Uncategorized Article
26461,[],Uncategorized Article
7656,[],Uncategorized Article
26703,[],Uncategorized Article
22588,[],Uncategorized Article
16847,[],Uncategorized Article
14363,[],Uncategorized Article
20968,[],Uncategorized Article
4463,[],Uncategorized Article
21319,[],Uncategorized Article
9482,[],Uncategorized Article
1488,[],Uncategorized Article
15703,[],Uncategorized Article
11399,[],Uncategorized Article
24375,[],Uncategorized Article
8629,[],Uncategorized Article
10263,[],Uncategorized Article
10664,[],Uncategorized Article
26081,[],Uncategorized Article
13315,[],Uncategorized Article
9939,[],Uncategorized Article
18475,[],Uncategorized Article
20879,[],Uncategorized Article
4779,[],Uncategorized Article
21298,[],Uncategorized Article
6745,[],Uncategorized Article
20766,[],Uncategorized Article
8965,[],Uncategorized Article
3031,[],Uncategorized Article
26047,[],Uncategorized Article
576,[],Uncategorized Article
16541,[],Uncategorized Article
1053,[],Uncategorized Article
23152,[],Uncategorized Article
657,[],Uncategorized Article
16506,[],Uncategorized Article
24770,[],Uncategorized Article
5474,[],Uncategorized Article
7627,[],Uncategorized Article
15139,[],Uncategorized Article
10260,[],Uncategorized Article
14200,[],Uncategorized Article
25230,[],Uncategorized Article
4913,[],Uncategorized Article
22638,[],Uncategorized Article
13725,[],Uncategorized Article
2177,[],Uncategorized Article
22813,[],Uncategorized Article
1835,[],Uncategorized Article
22642,[],Uncategorized Article
11765,[],Uncategorized Article
11286,[],Uncategorized Article
6592,[],Uncategorized Article
22508,[],Uncategorized Article
22795,[],Uncategorized Article
12868,[],Uncategorized Article
11089,[],Uncategorized Article
10500,[],Uncategorized Article
11702,[],Uncategorized Article
9195,[],Uncategorized Article
13874,[],Uncategorized Article
18430,[],Uncategorized Article
11243,[],Uncategorized Article
9849,[],Uncategorized Article
18511,[],Uncategorized Article
16305,[],Uncategorized Article
6203,[],Uncategorized Article
817,[],Uncategorized Article
10709,[],Uncategorized Article
2677,[],Uncategorized Article
6790,[],Uncategorized Article
6705,[],Uncategorized Article
26414,[],Uncategorized Article
26366,[],Uncategorized Article
15468,[],Uncategorized Article
12220,[],Uncategorized Article
26247,[],Uncategorized Article
4845,[],Uncategorized Article
9897,[],Uncategorized Article
4373,[],Uncategorized Article
17861,[],Uncategorized Article
2694,[],Uncategorized Article
17553,[],Uncategorized Article
5728,[],Uncategorized Article
25190,[],Uncategorized Article
3576,[],Uncategorized Article
14048,[],Uncategorized Article
4974,[],Uncategorized Article
22124,[],Uncategorized Article
4516,[],Uncategorized Article
8223,[],Uncategorized Article
18176,[],Uncategorized Article
5139,[],Uncategorized Article
2796,[],Uncategorized Article
17259,[],Uncategorized Article
18603,[],Uncategorized Article
4034,[],Uncategorized Article
16233,[],Uncategorized Article
72,[],Uncategorized Article
1402,[],Uncategorized Article
16497,[],Uncategorized Article
7725,[],Uncategorized Article
25214,[],Uncategorized Article
9875,[],Uncategorized Article
18439,[],Uncategorized Article
15204,[],Uncategorized Article
5216,[],Uncategorized Article
19976,[],Uncategorized Article
25998,[],Uncategorized Article
11544,[],Uncategorized Article
1325,[],Uncategorized Article
8057,[],Uncategorized Article
19654,[],Uncategorized Article
12264,[],Uncategorized Article
21603,[],Uncategorized Article
4453,[],Uncategorized Article
15311,[],Uncategorized Article
12551,[],Uncategorized Article
21537,[],Uncategorized Article
9419,[],Uncategorized Article
15318,[],Uncategorized Article
15788,[],Uncategorized Article
15060,[],Uncategorized Article
20497,[],Uncategorized Article
21005,[],Uncategorized Article
2946,[],Uncategorized Article
20839,[],Uncategorized Article
19321,[],Uncategorized Article
15199,[],Uncategorized Article
6685,[],Uncategorized Article
24615,[],Uncategorized Article
23309,[],Uncategorized Article
10989,[],Uncategorized Article
8525,[],Uncategorized Article
17121,[],Uncategorized Article
24999,[],Uncategorized Article
3826,[],Uncategorized Article
24257,[],Uncategorized Article
188,[],Uncategorized Article
23732,[],Uncategorized Article
16114,[],Uncategorized Article
23701,[],Uncategorized Article
4525,[],Uncategorized Article
14991,[],Uncategorized Article
1821,[],Uncategorized Article
22446,[],Uncategorized Article
5847,[],Uncategorized Article
10904,[],Uncategorized Article
19263,[],Uncategorized Article
14753,[],Uncategorized Article
9570,[],Uncategorized Article
6934,[],Uncategorized Article
11480,[],Uncategorized Article
3497,[],Uncategorized Article
22531,[],Uncategorized Article
2725,[],Uncategorized Article
21509,[],Uncategorized Article
14093,[],Uncategorized Article
18089,[],Uncategorized Article
13066,[],Uncategorized Article
13539,[],Uncategorized Article
20512,[],Uncategorized Article
12152,[],Uncategorized Article
20572,[],Uncategorized Article
1739,[],Uncategorized Article
1912,[],Uncategorized Article
10803,[],Uncategorized Article
5086,[],Uncategorized Article
8113,[],Uncategorized Article
14636,[],Uncategorized Article
13143,[],Uncategorized Article
11416,[],Uncategorized Article
13059,[],Uncategorized Article
13352,[],Uncategorized Article
8241,[],Uncategorized Article
2609,[],Uncategorized Article
6338,[],Uncategorized Article
22774,[],Uncategorized Article
15494,[],Uncategorized Article
22135,[],Uncategorized Article
2879,[],Uncategorized Article
19279,[],Uncategorized Article
14620,[],Uncategorized Article
13474,[],Uncategorized Article
3416,[],Uncategorized Article
20033,[],Uncategorized Article
3263,[],Uncategorized Article
2754,[],Uncategorized Article
16399,[],Uncategorized Article
3572,[],Uncategorized Article
18875,[],Uncategorized Article
25265,[],Uncategorized Article
20483,[],Uncategorized Article
26230,[],Uncategorized Article
6747,[],Uncategorized Article
15191,[],Uncategorized Article
12909,[],Uncategorized Article
21463,[],Uncategorized Article
4480,[],Uncategorized Article
11960,[],Uncategorized Article
4487,[],Uncategorized Article
19407,[],Uncategorized Article
16629,[],Uncategorized Article
16222,[],Uncategorized Article
9198,[],Uncategorized Article
17265,[],Uncategorized Article
3926,[],Uncategorized Article
20903,[],Uncategorized Article
8668,[],Uncategorized Article
711,[],Uncategorized Article
13868,[],Uncategorized Article
724,[],Uncategorized Article
17086,[],Uncategorized Article
19353,[],Uncategorized Article
12627,[],Uncategorized Article
15601,[],Uncategorized Article
3582,[],Uncategorized Article
25297,[],Uncategorized Article
3434,[],Uncategorized Article
16303,[],Uncategorized Article
25970,[],Uncategorized Article
4462,[],Uncategorized Article
10733,[],Uncategorized Article
6377,[],Uncategorized Article
921,[],Uncategorized Article
1394,[],Uncategorized Article
4328,[],Uncategorized Article
24594,[],Uncategorized Article
5059,[],Uncategorized Article
1470,[],Uncategorized Article
21191,[],Uncategorized Article
1749,[],Uncategorized Article
10349,[],Uncategorized Article
7586,[],Uncategorized Article
12526,[],Uncategorized Article
18998,[],Uncategorized Article
580,[],Uncategorized Article
7918,[],Uncategorized Article
3162,[],Uncategorized Article
25766,[],Uncategorized Article
18191,[],Uncategorized Article
21409,[],Uncategorized Article
1731,[],Uncategorized Article
9986,[],Uncategorized Article
12124,[],Uncategorized Article
8497,[],Uncategorized Article
15209,[],Uncategorized Article
5043,[],Uncategorized Article
19662,[],Uncategorized Article
14241,[],Uncategorized Article
6808,[],Uncategorized Article
10226,[],Uncategorized Article
4128,[],Uncategorized Article
23360,[],Uncategorized Article
10275,[],Uncategorized Article
18236,[],Uncategorized Article
19524,[],Uncategorized Article
3672,[],Uncategorized Article
15337,[],Uncategorized Article
25205,[],Uncategorized Article
26163,[],Uncategorized Article
24608,[],Uncategorized Article
14217,[],Uncategorized Article
7811,[],Uncategorized Article
17192,[],Uncategorized Article
24619,[],Uncategorized Article
4222,[],Uncategorized Article
15798,[],Uncategorized Article
16976,[],Uncategorized Article
25114,[],Uncategorized Article
25153,[],Uncategorized Article
8829,[],Uncategorized Article
22117,[],Uncategorized Article
1258,[],Uncategorized Article
7247,[],Uncategorized Article
6515,[],Uncategorized Article
17298,[],Uncategorized Article
3633,[],Uncategorized Article
15361,[],Uncategorized Article
15027,[],Uncategorized Article
22226,[],Uncategorized Article
15714,[],Uncategorized Article
273,[],Uncategorized Article
7946,[],Uncategorized Article
5900,[],Uncategorized Article
12553,[],Uncategorized Article
13480,[],Uncategorized Article
10461,[],Uncategorized Article
15219,[],Uncategorized Article
18065,[],Uncategorized Article
17115,[],Uncategorized Article
25432,[],Uncategorized Article
5201,[],Uncategorized Article
19011,[],Uncategorized Article
17678,[],Uncategorized Article
3171,[],Uncategorized Article
21749,[],Uncategorized Article
24885,[],Uncategorized Article
19377,[],Uncategorized Article
14404,[],Uncategorized Article
19825,[],Uncategorized Article
19452,[],Uncategorized Article
26623,[],Uncategorized Article
17896,[],Uncategorized Article
15568,[],Uncategorized Article
14155,[],Uncategorized Article
23683,[],Uncategorized Article
5144,[],Uncategorized Article
13274,[],Uncategorized Article
7936,[],Uncategorized Article
6777,[],Uncategorized Article
19314,[],Uncategorized Article
837,[],Uncategorized Article
2718,[],Uncategorized Article
7451,[],Uncategorized Article
11928,[],Uncategorized Article
16213,[],Uncategorized Article
21480,[],Uncategorized Article
3887,[],Uncategorized Article
18732,[],Uncategorized Article
9851,[],Uncategorized Article
18424,[],Uncategorized Article
21519,[],Uncategorized Article
15569,[],Uncategorized Article
20200,[],Uncategorized Article
21943,[],Uncategorized Article
7792,[],Uncategorized Article
6561,[],Uncategorized Article
6282,[],Uncategorized Article
22213,[],Uncategorized Article
4847,[],Uncategorized Article
1694,[],Uncategorized Article
22120,[],Uncategorized Article
16927,[],Uncategorized Article
15869,[],Uncategorized Article
11816,[],Uncategorized Article
25019,[],Uncategorized Article
6544,[],Uncategorized Article
5507,[],Uncategorized Article
4005,[],Uncategorized Article
7748,[],Uncategorized Article
10688,[],Uncategorized Article
19469,[],Uncategorized Article
10137,[],Uncategorized Article
9093,[],Uncategorized Article
6902,[],Uncategorized Article
19274,[],Uncategorized Article
19761,[],Uncategorized Article
8842,[],Uncategorized Article
2237,[],Uncategorized Article
23675,[],Uncategorized Article
13962,[],Uncategorized Article
19439,[],Uncategorized Article
9975,[],Uncategorized Article
20830,[],Uncategorized Article
18151,[],Uncategorized Article
22278,[],Uncategorized Article
231,[],Uncategorized Article
5721,[],Uncategorized Article
20966,[],Uncategorized Article
14742,[],Uncategorized Article
18010,[],Uncategorized Article
11869,[],Uncategorized Article
7729,[],Uncategorized Article
22988,[],Uncategorized Article
12922,[],Uncategorized Article
20709,[],Uncategorized Article
6120,[],Uncategorized Article
22461,[],Uncategorized Article
18996,[],Uncategorized Article
9526,[],Uncategorized Article
18459,[],Uncategorized Article
1135,[],Uncategorized Article
3978,[],Uncategorized Article
18638,[],Uncategorized Article
20703,[],Uncategorized Article
15907,[],Uncategorized Article
24580,[],Uncategorized Article
3425,[],Uncategorized Article
11997,[],Uncategorized Article
18177,[],Uncategorized Article
19240,[],Uncategorized Article
6490,[],Uncategorized Article
8452,[],Uncategorized Article
26204,[],Uncategorized Article
20031,[],Uncategorized Article
12227,[],Uncategorized Article
23825,[],Uncategorized Article
19512,[],Uncategorized Article
20632,[],Uncategorized Article
15297,[],Uncategorized Article
2312,[],Uncategorized Article
9558,[],Uncategorized Article
16895,[],Uncategorized Article
12741,[],Uncategorized Article
23828,[],Uncategorized Article
16255,[],Uncategorized Article
12675,[],Uncategorized Article
21456,[],Uncategorized Article
23302,[],Uncategorized Article
18022,[],Uncategorized Article
11194,[],Uncategorized Article
21703,[],Uncategorized Article
19248,[],Uncategorized Article
12971,[],Uncategorized Article
25734,[],Uncategorized Article
12759,[],Uncategorized Article
2018,[],Uncategorized Article
15865,[],Uncategorized Article
21820,[],Uncategorized Article
4842,[],Uncategorized Article
14192,[],Uncategorized Article
24984,[],Uncategorized Article
25863,[],Uncategorized Article
22983,[],Uncategorized Article
10959,[],Uncategorized Article
14903,[],Uncategorized Article
8813,[],Uncategorized Article
4094,[],Uncategorized Article
16569,[],Uncategorized Article
3829,[],Uncategorized Article
19409,[],Uncategorized Article
22171,[],Uncategorized Article
24657,[],Uncategorized Article
4199,[],Uncategorized Article
18200,[],Uncategorized Article
19316,[],Uncategorized Article
1722,[],Uncategorized Article
8404,[],Uncategorized Article
3531,[],Uncategorized Article
13768,[],Uncategorized Article
20517,[],Uncategorized Article
18673,[],Uncategorized Article
7388,[],Uncategorized Article
18989,[],Uncategorized Article
11044,[],Uncategorized Article
13213,[],Uncategorized Article
24124,[],Uncategorized Article
18914,[],Uncategorized Article
23760,[],Uncategorized Article
19498,[],Uncategorized Article
23451,[],Uncategorized Article
7870,[],Uncategorized Article
1732,[],Uncategorized Article
25363,[],Uncategorized Article
6930,[],Uncategorized Article
8692,[],Uncategorized Article
7139,[],Uncategorized Article
6973,[],Uncategorized Article
5665,[],Uncategorized Article
20637,[],Uncategorized Article
10091,[],Uncategorized Article
2848,[],Uncategorized Article
16407,[],Uncategorized Article
13377,[],Uncategorized Article
4602,[],Uncategorized Article
3894,[],Uncategorized Article
18389,[],Uncategorized Article
25552,[],Uncategorized Article
22660,[],Uncategorized Article
11265,[],Uncategorized Article
5846,[],Uncategorized Article
13810,[],Uncategorized Article
4934,[],Uncategorized Article
1208,[],Uncategorized Article
1458,[],Uncategorized Article
22617,[],Uncategorized Article
9059,[],Uncategorized Article
23575,[],Uncategorized Article
21270,[],Uncategorized Article
4153,[],Uncategorized Article
22847,[],Uncategorized Article
2943,[],Uncategorized Article
21181,[],Uncategorized Article
10865,[],Uncategorized Article
6918,[],Uncategorized Article
20209,[],Uncategorized Article
7921,[],Uncategorized Article
10309,[],Uncategorized Article
8344,[],Uncategorized Article
20505,[],Uncategorized Article
6603,[],Uncategorized Article
14163,[],Uncategorized Article
24802,[],Uncategorized Article
14685,[],Uncategorized Article
20858,[],Uncategorized Article
22987,[],Uncategorized Article
415,[],Uncategorized Article
16945,[],Uncategorized Article
8487,[],Uncategorized Article
5999,[],Uncategorized Article
8958,[],Uncategorized Article
14144,[],Uncategorized Article
13514,[],Uncategorized Article
7216,[],Uncategorized Article
18175,[],Uncategorized Article
26929,[],Uncategorized Article
8309,[],Uncategorized Article
19517,[],Uncategorized Article
10841,[],Uncategorized Article
5792,[],Uncategorized Article
23941,[],Uncategorized Article
2301,[],Uncategorized Article
25707,[],Uncategorized Article
2998,[],Uncategorized Article
18220,[],Uncategorized Article
7285,[],Uncategorized Article
10007,[],Uncategorized Article
21397,[],Uncategorized Article
6842,[],Uncategorized Article
379,[],Uncategorized Article
20622,[],Uncategorized Article
3950,[],Uncategorized Article
8373,[],Uncategorized Article
9928,[],Uncategorized Article
13338,[],Uncategorized Article
23097,[],Uncategorized Article
16697,[],Uncategorized Article
19422,[],Uncategorized Article
17512,[],Uncategorized Article
6051,[],Uncategorized Article
4509,[],Uncategorized Article
927,[],Uncategorized Article
26222,[],Uncategorized Article
7185,[],Uncategorized Article
26190,[],Uncategorized Article
26257,[],Uncategorized Article
14458,[],Uncategorized Article
20802,[],Uncategorized Article
6427,[],Uncategorized Article
9161,[],Uncategorized Article
11389,[],Uncategorized Article
21066,[],Uncategorized Article
399,[],Uncategorized Article
2664,[],Uncategorized Article
2909,[],Uncategorized Article
5714,[],Uncategorized Article
12740,[],Uncategorized Article
8478,[],Uncategorized Article
5186,[],Uncategorized Article
16714,[],Uncategorized Article
2503,[],Uncategorized Article
20094,[],Uncategorized Article
14748,[],Uncategorized Article
17151,[],Uncategorized Article
16623,[],Uncategorized Article
4660,[],Uncategorized Article
25943,[],Uncategorized Article
8447,[],Uncategorized Article
9704,[],Uncategorized Article
20791,[],Uncategorized Article
23246,[],Uncategorized Article
18885,[],Uncategorized Article
14498,[],Uncategorized Article
14068,[],Uncategorized Article
19731,[],Uncategorized Article
26652,[],Uncategorized Article
17430,[],Uncategorized Article
9043,[],Uncategorized Article
8238,[],Uncategorized Article
17872,[],Uncategorized Article
20201,[],Uncategorized Article
6593,[],Uncategorized Article
3697,[],Uncategorized Article
10920,[],Uncategorized Article
13014,[],Uncategorized Article
1011,[],Uncategorized Article
5371,[],Uncategorized Article
20585,[],Uncategorized Article
22892,[],Uncategorized Article
10574,[],Uncategorized Article
19548,[],Uncategorized Article
26950,[],Uncategorized Article
23807,[],Uncategorized Article
9237,[],Uncategorized Article
2616,[],Uncategorized Article
467,[],Uncategorized Article
10312,[],Uncategorized Article
22722,[],Uncategorized Article
26729,[],Uncategorized Article
21069,[],Uncategorized Article
12802,[],Uncategorized Article
8582,[],Uncategorized Article
21581,[],Uncategorized Article
21517,[],Uncategorized Article
26786,[],Uncategorized Article
10224,[],Uncategorized Article
3160,[],Uncategorized Article
12492,[],Uncategorized Article
18775,[],Uncategorized Article
25348,[],Uncategorized Article
7782,[],Uncategorized Article
431,[],Uncategorized Article
17745,[],Uncategorized Article
26835,[],Uncategorized Article
24004,[],Uncategorized Article
22814,[],Uncategorized Article
407,[],Uncategorized Article
14972,[],Uncategorized Article
19437,[],Uncategorized Article
15090,[],Uncategorized Article
15157,[],Uncategorized Article
15362,[],Uncategorized Article
16204,[],Uncategorized Article
13613,[],Uncategorized Article
22887,[],Uncategorized Article
6687,[],Uncategorized Article
21311,[],Uncategorized Article
25171,[],Uncategorized Article
7884,[],Uncategorized Article
11681,[],Uncategorized Article
23490,[],Uncategorized Article
15719,[],Uncategorized Article
15418,[],Uncategorized Article
651,[],Uncategorized Article
23362,[],Uncategorized Article
24325,[],Uncategorized Article
177,[],Uncategorized Article
3,[],Uncategorized Article
7152,[],Uncategorized Article
23221,[],Uncategorized Article
9791,[],Uncategorized Article
11682,[],Uncategorized Article
10899,[],Uncategorized Article
17810,[],Uncategorized Article
9729,[],Uncategorized Article
295,[],Uncategorized Article
24256,[],Uncategorized Article
17938,[],Uncategorized Article
7198,[],Uncategorized Article
22929,[],Uncategorized Article
18535,[],Uncategorized Article
22727,[],Uncategorized Article
2392,[],Uncategorized Article
14770,[],Uncategorized Article
17235,[],Uncategorized Article
2536,[],Uncategorized Article
10755,[],Uncategorized Article
21377,[],Uncategorized Article
22817,[],Uncategorized Article
5244,[],Uncategorized Article
19962,[],Uncategorized Article
19022,[],Uncategorized Article
11215,[],Uncategorized Article
23982,[],Uncategorized Article
4914,[],Uncategorized Article
26138,[],Uncategorized Article
23943,[],Uncategorized Article
20264,[],Uncategorized Article
21944,[],Uncategorized Article
9767,[],Uncategorized Article
20367,[],Uncategorized Article
10999,[],Uncategorized Article
42,[],Uncategorized Article
8979,[],Uncategorized Article
17931,[],Uncategorized Article
3570,[],Uncategorized Article
25021,[],Uncategorized Article
15009,[],Uncategorized Article
26992,[],Uncategorized Article
4049,[],Uncategorized Article
24360,[],Uncategorized Article
26145,[],Uncategorized Article
795,[],Uncategorized Article
19059,[],Uncategorized Article
396,[],Uncategorized Article
15655,[],Uncategorized Article
16614,[],Uncategorized Article
5811,[],Uncategorized Article
6309,[],Uncategorized Article
26919,[],Uncategorized Article
24513,[],Uncategorized Article
9402,[],Uncategorized Article
8332,[],Uncategorized Article
20403,[],Uncategorized Article
5388,[],Uncategorized Article
420,[],Uncategorized Article
21169,[],Uncategorized Article
316,[],Uncategorized Article
7958,[],Uncategorized Article
21252,[],Uncategorized Article
14097,[],Uncategorized Article
26159,[],Uncategorized Article
16960,[],Uncategorized Article
13761,[],Uncategorized Article
14797,[],Uncategorized Article
14307,[],Uncategorized Article
17979,[],Uncategorized Article
15208,[],Uncategorized Article
17187,[],Uncategorized Article
17639,[],Uncategorized Article
7337,[],Uncategorized Article
26646,[],Uncategorized Article
2640,[],Uncategorized Article
26419,[],Uncategorized Article
23535,[],Uncategorized Article
9119,[],Uncategorized Article
11320,[],Uncategorized Article
26749,[],Uncategorized Article
25412,[],Uncategorized Article
87,[],Uncategorized Article
13608,[],Uncategorized Article
21250,[],Uncategorized Article
21770,[],Uncategorized Article
24733,[],Uncategorized Article
6061,[],Uncategorized Article
16265,[],Uncategorized Article
6308,[],Uncategorized Article
21120,[],Uncategorized Article
14840,[],Uncategorized Article
12092,[],Uncategorized Article
6868,[],Uncategorized Article
12456,[],Uncategorized Article
19537,[],Uncategorized Article
9857,[],Uncategorized Article
22639,[],Uncategorized Article
19728,[],Uncategorized Article
19088,[],Uncategorized Article
14958,[],Uncategorized Article
20548,[],Uncategorized Article
2483,[],Uncategorized Article
8887,[],Uncategorized Article
15001,[],Uncategorized Article
25508,[],Uncategorized Article
15789,[],Uncategorized Article
19834,[],Uncategorized Article
6415,[],Uncategorized Article
13690,[],Uncategorized Article
15495,[],Uncategorized Article
11145,[],Uncategorized Article
17489,[],Uncategorized Article
15178,[],Uncategorized Article
26164,[],Uncategorized Article
4074,[],Uncategorized Article
25854,[],Uncategorized Article
22985,[],Uncategorized Article
12148,[],Uncategorized Article
4356,[],Uncategorized Article
25958,[],Uncategorized Article
22899,[],Uncategorized Article
14533,[],Uncategorized Article
2381,[],Uncategorized Article
6381,[],Uncategorized Article
24841,[],Uncategorized Article
9209,[],Uncategorized Article
15340,[],Uncategorized Article
5743,[],Uncategorized Article
12093,[],Uncategorized Article
6678,[],Uncategorized Article
13953,[],Uncategorized Article
6097,[],Uncategorized Article
18498,[],Uncategorized Article
5921,[],Uncategorized Article
23614,[],Uncategorized Article
20110,[],Uncategorized Article
17754,[],Uncategorized Article
5305,[],Uncategorized Article
22691,[],Uncategorized Article
23335,[],Uncategorized Article
5617,[],Uncategorized Article
21528,[],Uncategorized Article
26586,[],Uncategorized Article
16047,[],Uncategorized Article
23160,[],Uncategorized Article
11201,[],Uncategorized Article
3912,[],Uncategorized Article
1430,[],Uncategorized Article
2529,[],Uncategorized Article
20780,[],Uncategorized Article
9816,[],Uncategorized Article
14700,[],Uncategorized Article
6448,[],Uncategorized Article
9934,[],Uncategorized Article
7646,[],Uncategorized Article
22259,[],Uncategorized Article
2326,[],Uncategorized Article
4921,[],Uncategorized Article
25117,[],Uncategorized Article
24245,[],Uncategorized Article
3948,[],Uncategorized Article
23277,[],Uncategorized Article
21411,[],Uncategorized Article
471,[],Uncategorized Article
25059,[],Uncategorized Article
18361,[],Uncategorized Article
17240,[],Uncategorized Article
26459,[],Uncategorized Article
10708,[],Uncategorized Article
3323,[],Uncategorized Article
9240,[],Uncategorized Article
19271,[],Uncategorized Article
8880,[],Uncategorized Article
26645,[],Uncategorized Article
1162,[],Uncategorized Article
17703,[],Uncategorized Article
19833,[],Uncategorized Article
7369,[],Uncategorized Article
16332,[],Uncategorized Article
3795,[],Uncategorized Article
1219,[],Uncategorized Article
4527,[],Uncategorized Article
862,[],Uncategorized Article
17467,[],Uncategorized Article
23105,[],Uncategorized Article
22260,[],Uncategorized Article
11686,[],Uncategorized Article
24543,[],Uncategorized Article
5352,[],Uncategorized Article
5557,[],Uncategorized Article
4411,[],Uncategorized Article
9362,[],Uncategorized Article
23444,[],Uncategorized Article
13442,[],Uncategorized Article
9532,[],Uncategorized Article
8148,[],Uncategorized Article
26147,[],Uncategorized Article
5874,[],Uncategorized Article
25688,[],Uncategorized Article
5303,[],Uncategorized Article
6586,[],Uncategorized Article
286,[],Uncategorized Article
26040,[],Uncategorized Article
10879,[],Uncategorized Article
7584,[],Uncategorized Article
6846,[],Uncategorized Article
14239,[],Uncategorized Article
22926,[],Uncategorized Article
19460,[],Uncategorized Article
293,[],Uncategorized Article
3593,[],Uncategorized Article
13883,[],Uncategorized Article
19753,[],Uncategorized Article
13924,[],Uncategorized Article
915,[],Uncategorized Article
2728,[],Uncategorized Article
26760,[],Uncategorized Article
10519,[],Uncategorized Article
10035,[],Uncategorized Article
17679,[],Uncategorized Article
13814,[],Uncategorized Article
5800,[],Uncategorized Article
5416,[],Uncategorized Article
22559,[],Uncategorized Article
13078,[],Uncategorized Article
16276,[],Uncategorized Article
11974,[],Uncategorized Article
15164,[],Uncategorized Article
13314,[],Uncategorized Article
9826,[],Uncategorized Article
6987,[],Uncategorized Article
21215,[],Uncategorized Article
17038,[],Uncategorized Article
8760,[],Uncategorized Article
15692,[],Uncategorized Article
12968,[],Uncategorized Article
8127,[],Uncategorized Article
25601,[],Uncategorized Article
17267,[],Uncategorized Article
6507,[],Uncategorized Article
20613,[],Uncategorized Article
116,[],Uncategorized Article
12414,[],Uncategorized Article
8088,[],Uncategorized Article
11487,[],Uncategorized Article
2935,[],Uncategorized Article
16206,[],Uncategorized Article
22514,[],Uncategorized Article
11654,[],Uncategorized Article
21344,[],Uncategorized Article
8956,[],Uncategorized Article
10883,[],Uncategorized Article
16605,[],Uncategorized Article
16957,[],Uncategorized Article
2066,[],Uncategorized Article
14910,[],Uncategorized Article
1071,[],Uncategorized Article
14947,[],Uncategorized Article
22976,[],Uncategorized Article
1720,[],Uncategorized Article
25618,[],Uncategorized Article
21186,[],Uncategorized Article
25996,[],Uncategorized Article
1237,[],Uncategorized Article
15503,[],Uncategorized Article
18865,[],Uncategorized Article
21154,[],Uncategorized Article
19740,[],Uncategorized Article
13984,[],Uncategorized Article
16444,[],Uncategorized Article
14981,[],Uncategorized Article
3878,[],Uncategorized Article
20178,[],Uncategorized Article
8233,[],Uncategorized Article
19804,[],Uncategorized Article
16808,[],Uncategorized Article
16383,[],Uncategorized Article
2578,[],Uncategorized Article
11812,[],Uncategorized Article
19745,[],Uncategorized Article
1123,[],Uncategorized Article
4518,[],Uncategorized Article
8611,[],Uncategorized Article
2223,[],Uncategorized Article
25813,[],Uncategorized Article
21032,[],Uncategorized Article
18053,[],Uncategorized Article
12723,[],Uncategorized Article
24069,[],Uncategorized Article
19959,[],Uncategorized Article
1479,[],Uncategorized Article
23850,[],Uncategorized Article
21824,[],Uncategorized Article
21242,[],Uncategorized Article
6036,[],Uncategorized Article
3372,[],Uncategorized Article
90,[],Uncategorized Article
422,[],Uncategorized Article
11952,[],Uncategorized Article
24542,[],Uncategorized Article
10605,[],Uncategorized Article
24858,[],Uncategorized Article
18995,[],Uncategorized Article
8918,[],Uncategorized Article
24177,[],Uncategorized Article
10501,[],Uncategorized Article
14860,[],Uncategorized Article
11815,[],Uncategorized Article
17636,[],Uncategorized Article
5314,[],Uncategorized Article
16072,[],Uncategorized Article
15119,[],Uncategorized Article
15220,[],Uncategorized Article
26167,[],Uncategorized Article
20927,[],Uncategorized Article
18600,[],Uncategorized Article
2993,[],Uncategorized Article
9226,[],Uncategorized Article
4166,[],Uncategorized Article
11466,[],Uncategorized Article
11127,[],Uncategorized Article
21999,[],Uncategorized Article
19232,[],Uncategorized Article
14223,[],Uncategorized Article
19075,[],Uncategorized Article
19913,[],Uncategorized Article
7153,[],Uncategorized Article
20390,[],Uncategorized Article
24304,[],Uncategorized Article
17250,[],Uncategorized Article
22467,[],Uncategorized Article
16262,[],Uncategorized Article
16719,[],Uncategorized Article
8396,[],Uncategorized Article
6143,[],Uncategorized Article
21021,[],Uncategorized Article
11147,[],Uncategorized Article
5848,[],Uncategorized Article
5527,[],Uncategorized Article
3405,[],Uncategorized Article
1570,[],Uncategorized Article
16528,[],Uncategorized Article
13211,[],Uncategorized Article
9263,[],Uncategorized Article
4113,[],Uncategorized Article
5326,[],Uncategorized Article
18276,[],Uncategorized Article
23064,[],Uncategorized Article
15841,[],Uncategorized Article
7163,[],Uncategorized Article
20066,[],Uncategorized Article
20692,[],Uncategorized Article
3481,[],Uncategorized Article
1357,[],Uncategorized Article
7825,[],Uncategorized Article
9642,[],Uncategorized Article
10034,[],Uncategorized Article
4743,[],Uncategorized Article
9279,[],Uncategorized Article
3354,[],Uncategorized Article
1321,[],Uncategorized Article
7714,[],Uncategorized Article
9463,[],Uncategorized Article
10495,[],Uncategorized Article
3485,[],Uncategorized Article
24046,[],Uncategorized Article
1905,[],Uncategorized Article
4007,[],Uncategorized Article
2138,[],Uncategorized Article
8827,[],Uncategorized Article
10029,[],Uncategorized Article
25965,[],Uncategorized Article
15192,[],Uncategorized Article
1671,[],Uncategorized Article
7911,[],Uncategorized Article
3721,[],Uncategorized Article
7608,[],Uncategorized Article
22234,[],Uncategorized Article
22706,[],Uncategorized Article
6409,[],Uncategorized Article
2778,[],Uncategorized Article
4154,[],Uncategorized Article
19997,[],Uncategorized Article
14832,[],Uncategorized Article
23852,[],Uncategorized Article
12800,[],Uncategorized Article
24041,[],Uncategorized Article
8114,[],Uncategorized Article
17655,[],Uncategorized Article
14219,[],Uncategorized Article
6394,[],Uncategorized Article
15392,[],Uncategorized Article
18347,[],Uncategorized Article
8453,[],Uncategorized Article
8999,[],Uncategorized Article
4192,[],Uncategorized Article
4548,[],Uncategorized Article
16058,[],Uncategorized Article
1305,[],Uncategorized Article
14526,[],Uncategorized Article
891,[],Uncategorized Article
1838,[],Uncategorized Article
4193,[],Uncategorized Article
17995,[],Uncategorized Article
832,[],Uncategorized Article
387,[],Uncategorized Article
20513,[],Uncategorized Article
1358,[],Uncategorized Article
18968,[],Uncategorized Article
9952,[],Uncategorized Article
7592,[],Uncategorized Article
2448,[],Uncategorized Article
18069,[],Uncategorized Article
15625,[],Uncategorized Article
7307,[],Uncategorized Article
12778,[],Uncategorized Article
14133,[],Uncategorized Article
24658,[],Uncategorized Article
14587,[],Uncategorized Article
4446,[],Uncategorized Article
15364,[],Uncategorized Article
5364,[],Uncategorized Article
8900,[],Uncategorized Article
14880,[],Uncategorized Article
13542,[],Uncategorized Article
4539,[],Uncategorized Article
140,[],Uncategorized Article
16599,[],Uncategorized Article
18162,[],Uncategorized Article
21602,[],Uncategorized Article
18254,[],Uncategorized Article
19268,[],Uncategorized Article
22228,[],Uncategorized Article
12953,[],Uncategorized Article
3376,[],Uncategorized Article
1372,[],Uncategorized Article
2753,[],Uncategorized Article
26288,[],Uncategorized Article
17780,[],Uncategorized Article
3335,[],Uncategorized Article
4456,[],Uncategorized Article
4609,[],Uncategorized Article
25172,[],Uncategorized Article
13153,[],Uncategorized Article
19302,[],Uncategorized Article
23378,[],Uncategorized Article
12094,[],Uncategorized Article
15621,[],Uncategorized Article
17723,[],Uncategorized Article
10792,[],Uncategorized Article
9861,[],Uncategorized Article
17807,[],Uncategorized Article
13831,[],Uncategorized Article
25467,[],Uncategorized Article
7985,[],Uncategorized Article
9625,[],Uncategorized Article
13540,[],Uncategorized Article
24322,[],Uncategorized Article
24663,[],Uncategorized Article
11414,[],Uncategorized Article
17113,[],Uncategorized Article
24316,[],Uncategorized Article
21553,[],Uncategorized Article
21887,[],Uncategorized Article
2906,[],Uncategorized Article
6092,[],Uncategorized Article
19293,[],Uncategorized Article
5277,[],Uncategorized Article
13508,[],Uncategorized Article
15573,[],Uncategorized Article
5168,[],Uncategorized Article
6497,[],Uncategorized Article
25562,[],Uncategorized Article
26808,[],Uncategorized Article
9006,[],Uncategorized Article
4325,[],Uncategorized Article
2506,[],Uncategorized Article
18415,[],Uncategorized Article
517,[],Uncategorized Article
1705,[],Uncategorized Article
12014,[],Uncategorized Article
7872,[],Uncategorized Article
22222,[],Uncategorized Article
24168,[],Uncategorized Article
19135,[],Uncategorized Article
12648,[],Uncategorized Article
12937,[],Uncategorized Article
7473,[],Uncategorized Article
8290,[],Uncategorized Article
3493,[],Uncategorized Article
1314,[],Uncategorized Article
12387,[],Uncategorized Article
2777,[],Uncategorized Article
1112,[],Uncategorized Article
4904,[],Uncategorized Article
553,[],Uncategorized Article
5112,[],Uncategorized Article
14305,[],Uncategorized Article
13702,[],Uncategorized Article
23106,[],Uncategorized Article
14099,[],Uncategorized Article
25685,[],Uncategorized Article
15720,[],Uncategorized Article
3156,[],Uncategorized Article
623,[],Uncategorized Article
16869,[],Uncategorized Article
13104,[],Uncategorized Article
15062,[],Uncategorized Article
20959,[],Uncategorized Article
21775,[],Uncategorized Article
19486,[],Uncategorized Article
15273,[],Uncategorized Article
3772,[],Uncategorized Article
12425,[],Uncategorized Article
12166,[],Uncategorized Article
1335,[],Uncategorized Article
2872,[],Uncategorized Article
13614,[],Uncategorized Article
11505,[],Uncategorized Article
6775,[],Uncategorized Article
16148,[],Uncategorized Article
22438,[],Uncategorized Article
20865,[],Uncategorized Article
1991,[],Uncategorized Article
24994,[],Uncategorized Article
21213,[],Uncategorized Article
16581,[],Uncategorized Article
13572,[],Uncategorized Article
26398,[],Uncategorized Article
5170,[],Uncategorized Article
23437,[],Uncategorized Article
8868,[],Uncategorized Article
5484,[],Uncategorized Article
1101,[],Uncategorized Article
18512,[],Uncategorized Article
2948,[],Uncategorized Article
4441,[],Uncategorized Article
2680,[],Uncategorized Article
24136,[],Uncategorized Article
1957,[],Uncategorized Article
18856,[],Uncategorized Article
6013,[],Uncategorized Article
11532,[],Uncategorized Article
6729,[],Uncategorized Article
18379,[],Uncategorized Article
5182,[],Uncategorized Article
6231,[],Uncategorized Article
3886,[],Uncategorized Article
3528,[],Uncategorized Article
3025,[],Uncategorized Article
22388,[],Uncategorized Article
14535,[],Uncategorized Article
5917,[],Uncategorized Article
2699,[],Uncategorized Article
3337,[],Uncategorized Article
5916,[],Uncategorized Article
19026,[],Uncategorized Article
9747,[],Uncategorized Article
14919,[],Uncategorized Article
4126,[],Uncategorized Article
3011,[],Uncategorized Article
225,[],Uncategorized Article
25372,[],Uncategorized Article
16302,[],Uncategorized Article
14660,[],Uncategorized Article
6407,[],Uncategorized Article
25040,[],Uncategorized Article
26121,[],Uncategorized Article
24731,[],Uncategorized Article
24050,[],Uncategorized Article
13250,[],Uncategorized Article
3803,[],Uncategorized Article
15497,[],Uncategorized Article
2794,[],Uncategorized Article
21112,[],Uncategorized Article
16917,[],Uncategorized Article
15295,[],Uncategorized Article
18597,[],Uncategorized Article
592,[],Uncategorized Article
22291,[],Uncategorized Article
16780,[],Uncategorized Article
1146,[],Uncategorized Article
10876,[],Uncategorized Article
14446,[],Uncategorized Article
25482,[],Uncategorized Article
3965,[],Uncategorized Article
25661,[],Uncategorized Article
17124,[],Uncategorized Article
6844,[],Uncategorized Article
19943,[],Uncategorized Article
6878,[],Uncategorized Article
13069,[],Uncategorized Article
10261,[],Uncategorized Article
12279,[],Uncategorized Article
16128,[],Uncategorized Article
3415,[],Uncategorized Article
24196,[],Uncategorized Article
169,[],Uncategorized Article
26710,[],Uncategorized Article
14469,[],Uncategorized Article
17477,[],Uncategorized Article
5985,[],Uncategorized Article
20598,[],Uncategorized Article
5253,[],Uncategorized Article
18275,[],Uncategorized Article
14952,[],Uncategorized Article
19320,[],Uncategorized Article
9948,[],Uncategorized Article
2455,[],Uncategorized Article
4808,[],Uncategorized Article
137,[],Uncategorized Article
5129,[],Uncategorized Article
19031,[],Uncategorized Article
1029,[],Uncategorized Article
24263,[],Uncategorized Article
16822,[],Uncategorized Article
7048,[],Uncategorized Article
5459,[],Uncategorized Article
3852,[],Uncategorized Article
26707,[],Uncategorized Article
26158,[],Uncategorized Article
21387,[],Uncategorized Article
23036,[],Uncategorized Article
17529,[],Uncategorized Article
19573,[],Uncategorized Article
6864,[],Uncategorized Article
26519,[],Uncategorized Article
26909,[],Uncategorized Article
24915,[],Uncategorized Article
14865,[],Uncategorized Article
26957,[],Uncategorized Article
17499,[],Uncategorized Article
18397,[],Uncategorized Article
11222,[],Uncategorized Article
19872,[],Uncategorized Article
12146,[],Uncategorized Article
746,[],Uncategorized Article
25208,[],Uncategorized Article
21080,[],Uncategorized Article
6181,[],Uncategorized Article
1794,[],Uncategorized Article
22246,[],Uncategorized Article
3669,[],Uncategorized Article
1333,[],Uncategorized Article
10342,[],Uncategorized Article
23661,[],Uncategorized Article
8103,[],Uncategorized Article
1776,[],Uncategorized Article
24632,[],Uncategorized Article
4629,[],Uncategorized Article
11761,[],Uncategorized Article
7717,[],Uncategorized Article
13316,[],Uncategorized Article
16826,[],Uncategorized Article
381,[],Uncategorized Article
15174,[],Uncategorized Article
15530,[],Uncategorized Article
2162,[],Uncategorized Article
477,[],Uncategorized Article
17281,[],Uncategorized Article
9356,[],Uncategorized Article
26625,[],Uncategorized Article
7615,[],Uncategorized Article
20977,[],Uncategorized Article
3824,[],Uncategorized Article
23055,[],Uncategorized Article
1586,[],Uncategorized Article
8198,[],Uncategorized Article
8039,[],Uncategorized Article
2743,[],Uncategorized Article
20328,[],Uncategorized Article
19014,[],Uncategorized Article
12416,[],Uncategorized Article
16426,[],Uncategorized Article
22058,[],Uncategorized Article
20395,[],Uncategorized Article
9645,[],Uncategorized Article
3569,[],Uncategorized Article
6537,[],Uncategorized Article
13506,[],Uncategorized Article
20413,[],Uncategorized Article
6315,[],Uncategorized Article
11107,[],Uncategorized Article
12291,[],Uncategorized Article
24271,[],Uncategorized Article
888,[],Uncategorized Article
8441,[],Uncategorized Article
23693,[],Uncategorized Article
7649,[],Uncategorized Article
6653,[],Uncategorized Article
8828,[],Uncategorized Article
1157,[],Uncategorized Article
17227,[],Uncategorized Article
7270,[],Uncategorized Article
4935,[],Uncategorized Article
22268,[],Uncategorized Article
10607,[],Uncategorized Article
7551,[],Uncategorized Article
20995,[],Uncategorized Article
14664,[],Uncategorized Article
16557,[],Uncategorized Article
12136,[],Uncategorized Article
18168,[],Uncategorized Article
9838,[],Uncategorized Article
3143,[],Uncategorized Article
1241,[],Uncategorized Article
16751,[],Uncategorized Article
15382,[],Uncategorized Article
22870,[],Uncategorized Article
14954,[],Uncategorized Article
17306,[],Uncategorized Article
22916,[],Uncategorized Article
558,[],Uncategorized Article
19514,[],Uncategorized Article
11070,[],Uncategorized Article
21663,[],Uncategorized Article
24534,[],Uncategorized Article
11904,[],Uncategorized Article
3682,[],Uncategorized Article
8086,[],Uncategorized Article
17024,[],Uncategorized Article
26116,[],Uncategorized Article
15264,[],Uncategorized Article
2185,[],Uncategorized Article
1455,[],Uncategorized Article
19346,[],Uncategorized Article
13077,[],Uncategorized Article
4333,[],Uncategorized Article
4601,[],Uncategorized Article
24200,[],Uncategorized Article
16247,[],Uncategorized Article
22535,[],Uncategorized Article
8268,[],Uncategorized Article
1836,[],Uncategorized Article
11943,[],Uncategorized Article
21445,[],Uncategorized Article
9199,[],Uncategorized Article
26011,[],Uncategorized Article
14881,[],Uncategorized Article
14737,[],Uncategorized Article
7537,[],Uncategorized Article
14495,[],Uncategorized Article
535,[],Uncategorized Article
23180,[],Uncategorized Article
26232,[],Uncategorized Article
24725,[],Uncategorized Article
23855,[],Uncategorized Article
20034,[],Uncategorized Article
12167,[],Uncategorized Article
6348,[],Uncategorized Article
13312,[],Uncategorized Article
9303,[],Uncategorized Article
16635,[],Uncategorized Article
19425,[],Uncategorized Article
24185,[],Uncategorized Article
23381,[],Uncategorized Article
21033,[],Uncategorized Article
12350,[],Uncategorized Article
1277,[],Uncategorized Article
15772,[],Uncategorized Article
1670,[],Uncategorized Article
9622,[],Uncategorized Article
9698,[],Uncategorized Article
13501,[],Uncategorized Article
361,[],Uncategorized Article
24623,[],Uncategorized Article
11679,[],Uncategorized Article
3870,[],Uncategorized Article
13282,[],Uncategorized Article
6577,[],Uncategorized Article
10030,[],Uncategorized Article
1264,[],Uncategorized Article
3024,[],Uncategorized Article
21231,[],Uncategorized Article
17986,[],Uncategorized Article
20796,[],Uncategorized Article
17525,[],Uncategorized Article
2705,[],Uncategorized Article
17790,[],Uncategorized Article
15571,[],Uncategorized Article
26007,[],Uncategorized Article
9380,[],Uncategorized Article
18655,[],Uncategorized Article
460,[],Uncategorized Article
20946,[],Uncategorized Article
13618,[],Uncategorized Article
6959,[],Uncategorized Article
18760,[],Uncategorized Article
6932,[],Uncategorized Article
15595,[],Uncategorized Article
15604,[],Uncategorized Article
19408,[],Uncategorized Article
2626,[],Uncategorized Article
2938,[],Uncategorized Article
8679,[],Uncategorized Article
10202,[],Uncategorized Article
10981,[],Uncategorized Article
6068,[],Uncategorized Article
3245,[],Uncategorized Article
14768,[],Uncategorized Article
23461,[],Uncategorized Article
22920,[],Uncategorized Article
23976,[],Uncategorized Article
2279,[],Uncategorized Article
9212,[],Uncategorized Article
12793,[],Uncategorized Article
3903,[],Uncategorized Article
2134,[],Uncategorized Article
10356,[],Uncategorized Article
3104,[],Uncategorized Article
26154,[],Uncategorized Article
26954,[],Uncategorized Article
1647,[],Uncategorized Article
18038,[],Uncategorized Article
12895,[],Uncategorized Article
24523,[],Uncategorized Article
24780,[],Uncategorized Article
18273,[],Uncategorized Article
10429,[],Uncategorized Article
128,[],Uncategorized Article
24295,[],Uncategorized Article
8022,[],Uncategorized Article
19898,[],Uncategorized Article
12904,[],Uncategorized Article
2669,[],Uncategorized Article
9100,[],Uncategorized Article
22946,[],Uncategorized Article
25485,[],Uncategorized Article
11216,[],Uncategorized Article
17425,[],Uncategorized Article
9406,[],Uncategorized Article
19462,[],Uncategorized Article
13423,[],Uncategorized Article
15968,[],Uncategorized Article
5151,[],Uncategorized Article
18083,[],Uncategorized Article
18228,[],Uncategorized Article
17521,[],Uncategorized Article
15951,[],Uncategorized Article
13674,[],Uncategorized Article
7097,[],Uncategorized Article
21406,[],Uncategorized Article
19328,[],Uncategorized Article
3187,[],Uncategorized Article
8550,[],Uncategorized Article
2184,[],Uncategorized Article
16191,[],Uncategorized Article
5945,[],Uncategorized Article
18611,[],Uncategorized Article
15923,[],Uncategorized Article
4073,[],Uncategorized Article
6162,[],Uncategorized Article
15614,[],Uncategorized Article
6242,[],Uncategorized Article
10368,[],Uncategorized Article
2045,[],Uncategorized Article
21010,[],Uncategorized Article
17242,[],Uncategorized Article
17471,[],Uncategorized Article
5833,[],Uncategorized Article
4770,[],Uncategorized Article
15499,[],Uncategorized Article
21850,[],Uncategorized Article
14349,[],Uncategorized Article
26824,[],Uncategorized Article
6053,[],Uncategorized Article
26986,[],Uncategorized Article
9509,[],Uncategorized Article
14322,[],Uncategorized Article
26597,[],Uncategorized Article
3091,[],Uncategorized Article
20482,[],Uncategorized Article
16982,[],Uncategorized Article
17436,[],Uncategorized Article
16675,[],Uncategorized Article
2178,[],Uncategorized Article
15429,[],Uncategorized Article
11833,[],Uncategorized Article
2783,[],Uncategorized Article
6100,[],Uncategorized Article
23603,[],Uncategorized Article
17757,[],Uncategorized Article
23957,[],Uncategorized Article
15252,[],Uncategorized Article
24886,[],Uncategorized Article
5376,[],Uncategorized Article
23297,[],Uncategorized Article
7654,[],Uncategorized Article
22747,[],Uncategorized Article
17798,[],Uncategorized Article
10727,[],Uncategorized Article
4909,[],Uncategorized Article
26674,[],Uncategorized Article
5412,[],Uncategorized Article
20318,[],Uncategorized Article
15440,[],Uncategorized Article
16902,[],Uncategorized Article
4230,[],Uncategorized Article
10615,[],Uncategorized Article
7019,[],Uncategorized Article
19464,[],Uncategorized Article
14185,[],Uncategorized Article
14474,[],Uncategorized Article
10198,[],Uncategorized Article
15000,[],Uncategorized Article
22320,[],Uncategorized Article
9403,[],Uncategorized Article
5992,[],Uncategorized Article
1579,[],Uncategorized Article
13177,[],Uncategorized Article
2968,[],Uncategorized Article
13008,[],Uncategorized Article
25920,[],Uncategorized Article
16225,[],Uncategorized Article
967,[],Uncategorized Article
5547,[],Uncategorized Article
10734,[],Uncategorized Article
16297,[],Uncategorized Article
16903,[],Uncategorized Article
20235,[],Uncategorized Article
1691,[],Uncategorized Article
5293,[],Uncategorized Article
23099,[],Uncategorized Article
10669,[],Uncategorized Article
658,[],Uncategorized Article
22644,[],Uncategorized Article
12542,[],Uncategorized Article
26104,[],Uncategorized Article
4545,[],Uncategorized Article
24399,[],Uncategorized Article
4012,[],Uncategorized Article
17465,[],Uncategorized Article
17816,[],Uncategorized Article
549,[],Uncategorized Article
14704,[],Uncategorized Article
12811,[],Uncategorized Article
7134,[],Uncategorized Article
3131,[],Uncategorized Article
12887,[],Uncategorized Article
6626,[],Uncategorized Article
7513,[],Uncategorized Article
26745,[],Uncategorized Article
14681,[],Uncategorized Article
11854,[],Uncategorized Article
9401,[],Uncategorized Article
8903,[],Uncategorized Article
24203,[],Uncategorized Article
19785,[],Uncategorized Article
10277,[],Uncategorized Article
15558,[],Uncategorized Article
6532,[],Uncategorized Article
24110,[],Uncategorized Article
15022,[],Uncategorized Article
2167,[],Uncategorized Article
6345,[],Uncategorized Article
12049,[],Uncategorized Article
18036,[],Uncategorized Article
25772,[],Uncategorized Article
25384,[],Uncategorized Article
26841,[],Uncategorized Article
21420,[],Uncategorized Article
17292,[],Uncategorized Article
2624,[],Uncategorized Article
9246,[],Uncategorized Article
10676,[],Uncategorized Article
21289,[],Uncategorized Article
20278,[],Uncategorized Article
8603,[],Uncategorized Article
12307,[],Uncategorized Article
22491,[],Uncategorized Article
21029,[],Uncategorized Article
21106,[],Uncategorized Article
19818,[],Uncategorized Article
5207,[],Uncategorized Article
24270,[],Uncategorized Article
9653,[],Uncategorized Article
6969,[],Uncategorized Article
9737,[],Uncategorized Article
23913,[],Uncategorized Article
25253,[],Uncategorized Article
8654,[],Uncategorized Article
25243,[],Uncategorized Article
23868,[],Uncategorized Article
20477,[],Uncategorized Article
15666,[],Uncategorized Article
13889,[],Uncategorized Article
17406,[],Uncategorized Article
4496,[],Uncategorized Article
4307,[],Uncategorized Article
3520,[],Uncategorized Article
23549,[],Uncategorized Article
18239,[],Uncategorized Article
17541,[],Uncategorized Article
16141,[],Uncategorized Article
15258,[],Uncategorized Article
2078,[],Uncategorized Article
9165,[],Uncategorized Article
8468,[],Uncategorized Article
2183,[],Uncategorized Article
13787,[],Uncategorized Article
13580,[],Uncategorized Article
2522,[],Uncategorized Article
9770,[],Uncategorized Article
7476,[],Uncategorized Article
26554,[],Uncategorized Article
15622,[],Uncategorized Article
12623,[],Uncategorized Article
19979,[],Uncategorized Article
9050,[],Uncategorized Article
15672,[],Uncategorized Article
1222,[],Uncategorized Article
11571,[],Uncategorized Article
12483,[],Uncategorized Article
10354,[],Uncategorized Article
2154,[],Uncategorized Article
7259,[],Uncategorized Article
26285,[],Uncategorized Article
2298,[],Uncategorized Article
19076,[],Uncategorized Article
8977,[],Uncategorized Article
8350,[],Uncategorized Article
13698,[],Uncategorized Article
11909,[],Uncategorized Article
24383,[],Uncategorized Article
17219,[],Uncategorized Article
20409,[],Uncategorized Article
22007,[],Uncategorized Article
8899,[],Uncategorized Article
6728,[],Uncategorized Article
24010,[],Uncategorized Article
25405,[],Uncategorized Article
11500,[],Uncategorized Article
11773,[],Uncategorized Article
205,[],Uncategorized Article
9026,[],Uncategorized Article
14014,[],Uncategorized Article
19341,[],Uncategorized Article
21704,[],Uncategorized Article
17176,[],Uncategorized Article
3538,[],Uncategorized Article
11288,[],Uncategorized Article
17237,[],Uncategorized Article
958,[],Uncategorized Article
5701,[],Uncategorized Article
16978,[],Uncategorized Article
1005,[],Uncategorized Article
18641,[],Uncategorized Article
10477,[],Uncategorized Article
22423,[],Uncategorized Article
16651,[],Uncategorized Article
2771,[],Uncategorized Article
109,[],Uncategorized Article
6800,[],Uncategorized Article
23341,[],Uncategorized Article
9701,[],Uncategorized Article
17094,[],Uncategorized Article
12417,[],Uncategorized Article
18373,[],Uncategorized Article
11038,[],Uncategorized Article
22150,[],Uncategorized Article
8109,[],Uncategorized Article
2339,[],Uncategorized Article
15144,[],Uncategorized Article
14074,[],Uncategorized Article
4197,[],Uncategorized Article
10140,[],Uncategorized Article
8117,[],Uncategorized Article
13685,[],Uncategorized Article
4045,[],Uncategorized Article
22107,[],Uncategorized Article
15969,[],Uncategorized Article
8066,[],Uncategorized Article
9754,[],Uncategorized Article
11852,[],Uncategorized Article
25182,[],Uncategorized Article
19470,[],Uncategorized Article
21503,[],Uncategorized Article
1476,[],Uncategorized Article
26469,[],Uncategorized Article
5748,[],Uncategorized Article
22053,[],Uncategorized Article
4731,[],Uncategorized Article
22896,[],Uncategorized Article
20298,[],Uncategorized Article
22319,[],Uncategorized Article
50,[],Uncategorized Article
9920,[],Uncategorized Article
21358,[],Uncategorized Article
23856,[],Uncategorized Article
1686,[],Uncategorized Article
22300,[],Uncategorized Article
4398,[],Uncategorized Article
7413,[],Uncategorized Article
25682,[],Uncategorized Article
17299,[],Uncategorized Article
8182,[],Uncategorized Article
22339,[],Uncategorized Article
12053,[],Uncategorized Article
12250,[],Uncategorized Article
21412,[],Uncategorized Article
5404,[],Uncategorized Article
19653,[],Uncategorized Article
10863,[],Uncategorized Article
3198,[],Uncategorized Article
5254,[],Uncategorized Article
4224,[],Uncategorized Article
17962,[],Uncategorized Article
8715,[],Uncategorized Article
22943,[],Uncategorized Article
23292,[],Uncategorized Article
9012,[],Uncategorized Article
12932,[],Uncategorized Article
4828,[],Uncategorized Article
24159,[],Uncategorized Article
5027,[],Uncategorized Article
18780,[],Uncategorized Article
15895,[],Uncategorized Article
15212,[],Uncategorized Article
8583,[],Uncategorized Article
24030,[],Uncategorized Article
12692,[],Uncategorized Article
20348,[],Uncategorized Article
19839,[],Uncategorized Article
23719,[],Uncategorized Article
10497,[],Uncategorized Article
24930,[],Uncategorized Article
23366,[],Uncategorized Article
16539,[],Uncategorized Article
7110,[],Uncategorized Article
1223,[],Uncategorized Article
24007,[],Uncategorized Article
3625,[],Uncategorized Article
26769,[],Uncategorized Article
12484,[],Uncategorized Article
24816,[],Uncategorized Article
9724,[],Uncategorized Article
16366,[],Uncategorized Article
930,[],Uncategorized Article
16011,[],Uncategorized Article
17893,[],Uncategorized Article
24369,[],Uncategorized Article
6002,[],Uncategorized Article
18043,[],Uncategorized Article
13595,[],Uncategorized Article
982,[],Uncategorized Article
5023,[],Uncategorized Article
8546,[],Uncategorized Article
10290,[],Uncategorized Article
23845,[],Uncategorized Article
3785,[],Uncategorized Article
16987,[],Uncategorized Article
4752,[],Uncategorized Article
18169,[],Uncategorized Article
8898,[],Uncategorized Article
11947,[],Uncategorized Article
16852,[],Uncategorized Article
23453,[],Uncategorized Article
13848,[],Uncategorized Article
13099,[],Uncategorized Article
20604,[],Uncategorized Article
8395,[],Uncategorized Article
10092,[],Uncategorized Article
15409,[],Uncategorized Article
24176,[],Uncategorized Article
25075,[],Uncategorized Article
21093,[],Uncategorized Article
21498,[],Uncategorized Article
15975,[],Uncategorized Article
25277,[],Uncategorized Article
25267,[],Uncategorized Article
4671,[],Uncategorized Article
24916,[],Uncategorized Article
49,[],Uncategorized Article
15480,[],Uncategorized Article
24143,[],Uncategorized Article
19871,[],Uncategorized Article
23907,[],Uncategorized Article
26797,[],Uncategorized Article
20564,[],Uncategorized Article
13317,[],Uncategorized Article
12246,[],Uncategorized Article
25771,[],Uncategorized Article
16147,[],Uncategorized Article
9512,[],Uncategorized Article
18559,[],Uncategorized Article
18864,[],Uncategorized Article
4323,[],Uncategorized Article
15769,[],Uncategorized Article
11365,[],Uncategorized Article
14764,[],Uncategorized Article
10359,[],Uncategorized Article
23260,[],Uncategorized Article
22105,[],Uncategorized Article
14946,[],Uncategorized Article
22172,[],Uncategorized Article
7660,[],Uncategorized Article
11368,[],Uncategorized Article
10890,[],Uncategorized Article
19575,[],Uncategorized Article
5948,[],Uncategorized Article
17307,[],Uncategorized Article
8951,[],Uncategorized Article
25264,[],Uncategorized Article
5885,[],Uncategorized Article
1697,[],Uncategorized Article
22838,[],Uncategorized Article
5751,[],Uncategorized Article
24353,[],Uncategorized Article
8220,[],Uncategorized Article
20291,[],Uncategorized Article
19875,[],Uncategorized Article
21410,[],Uncategorized Article
1989,[],Uncategorized Article
25452,[],Uncategorized Article
20089,[],Uncategorized Article
24610,[],Uncategorized Article
2439,[],Uncategorized Article
15350,[],Uncategorized Article
21320,[],Uncategorized Article
3379,[],Uncategorized Article
17074,[],Uncategorized Article
15117,[],Uncategorized Article
16702,[],Uncategorized Article
3934,[],Uncategorized Article
10581,[],Uncategorized Article
2039,[],Uncategorized Article
2360,[],Uncategorized Article
9918,[],Uncategorized Article
5567,[],Uncategorized Article
1964,[],Uncategorized Article
8657,[],Uncategorized Article
5015,[],Uncategorized Article
17183,[],Uncategorized Article
13148,[],Uncategorized Article
6669,[],Uncategorized Article
8799,[],Uncategorized Article
14081,[],Uncategorized Article
18102,[],Uncategorized Article
24412,[],Uncategorized Article
25364,[],Uncategorized Article
5288,[],Uncategorized Article
2452,[],Uncategorized Article
12016,[],Uncategorized Article
11840,[],Uncategorized Article
6936,[],Uncategorized Article
22030,[],Uncategorized Article
20742,[],Uncategorized Article
14148,[],Uncategorized Article
21436,[],Uncategorized Article
12865,[],Uncategorized Article
12770,[],Uncategorized Article
25314,[],Uncategorized Article
7775,[],Uncategorized Article
20923,[],Uncategorized Article
5064,[],Uncategorized Article
12215,[],Uncategorized Article
17614,[],Uncategorized Article
2046,[],Uncategorized Article
9363,[],Uncategorized Article
6327,[],Uncategorized Article
22501,[],Uncategorized Article
8456,[],Uncategorized Article
19055,[],Uncategorized Article
11203,[],Uncategorized Article
6123,[],Uncategorized Article
15413,[],Uncategorized Article
24701,[],Uncategorized Article
9913,[],Uncategorized Article
4116,[],Uncategorized Article
24822,[],Uncategorized Article
5031,[],Uncategorized Article
10643,[],Uncategorized Article
25409,[],Uncategorized Article
10157,[],Uncategorized Article
15276,[],Uncategorized Article
17546,[],Uncategorized Article
14941,[],Uncategorized Article
16190,[],Uncategorized Article
22504,[],Uncategorized Article
10911,[],Uncategorized Article
23617,[],Uncategorized Article
9010,[],Uncategorized Article
10505,[],Uncategorized Article
2089,[],Uncategorized Article
7683,[],Uncategorized Article
13512,[],Uncategorized Article
6015,[],Uncategorized Article
16318,[],Uncategorized Article
6647,[],Uncategorized Article
12493,[],Uncategorized Article
16693,[],Uncategorized Article
8239,[],Uncategorized Article
20816,[],Uncategorized Article
5176,[],Uncategorized Article
19197,[],Uncategorized Article
6590,[],Uncategorized Article
20580,[],Uncategorized Article
15919,[],Uncategorized Article
3655,[],Uncategorized Article
17077,[],Uncategorized Article
15727,[],Uncategorized Article
25979,[],Uncategorized Article
3975,[],Uncategorized Article
8388,[],Uncategorized Article
1119,[],Uncategorized Article
15978,[],Uncategorized Article
13552,[],Uncategorized Article
14804,[],Uncategorized Article
21448,[],Uncategorized Article
26135,[],Uncategorized Article
18713,[],Uncategorized Article
12907,[],Uncategorized Article
14406,[],Uncategorized Article
12346,[],Uncategorized Article
26899,[],Uncategorized Article
18189,[],Uncategorized Article
22876,[],Uncategorized Article
21299,[],Uncategorized Article
14065,[],Uncategorized Article
7167,[],Uncategorized Article
26842,[],Uncategorized Article
15730,[],Uncategorized Article
21694,[],Uncategorized Article
4464,[],Uncategorized Article
21160,[],Uncategorized Article
13120,[],Uncategorized Article
285,[],Uncategorized Article
22894,[],Uncategorized Article
11697,[],Uncategorized Article
25413,[],Uncategorized Article
16883,[],Uncategorized Article
8116,[],Uncategorized Article
6230,[],Uncategorized Article
24365,[],Uncategorized Article
22477,[],Uncategorized Article
22995,[],Uncategorized Article
25538,[],Uncategorized Article
3048,[],Uncategorized Article
21842,[],Uncategorized Article
14600,[],Uncategorized Article
22753,[],Uncategorized Article
4046,[],Uncategorized Article
21529,[],Uncategorized Article
1918,[],Uncategorized Article
1736,[],Uncategorized Article
1979,[],Uncategorized Article
2067,[],Uncategorized Article
18398,[],Uncategorized Article
21478,[],Uncategorized Article
16712,[],Uncategorized Article
16258,[],Uncategorized Article
4445,[],Uncategorized Article
5893,[],Uncategorized Article
20991,[],Uncategorized Article
23900,[],Uncategorized Article
3061,[],Uncategorized Article
1156,[],Uncategorized Article
26036,[],Uncategorized Article
20916,[],Uncategorized Article
4691,[],Uncategorized Article
14240,[],Uncategorized Article
22341,[],Uncategorized Article
25739,[],Uncategorized Article
23209,[],Uncategorized Article
2919,[],Uncategorized Article
16699,[],Uncategorized Article
1693,[],Uncategorized Article
23118,[],Uncategorized Article
23731,[],Uncategorized Article
2732,[],Uncategorized Article
3624,[],Uncategorized Article
13298,[],Uncategorized Article
16817,[],Uncategorized Article
8878,[],Uncategorized Article
24894,[],Uncategorized Article
8541,[],Uncategorized Article
24763,[],Uncategorized Article
20410,[],Uncategorized Article
3755,[],Uncategorized Article
24891,[],Uncategorized Article
16809,[],Uncategorized Article
6755,[],Uncategorized Article
7300,[],Uncategorized Article
26515,[],Uncategorized Article
5970,[],Uncategorized Article
5230,[],Uncategorized Article
19687,[],Uncategorized Article
4021,[],Uncategorized Article
11040,[],Uncategorized Article
22494,[],Uncategorized Article
7028,[],Uncategorized Article
22449,[],Uncategorized Article
13912,[],Uncategorized Article
16073,[],Uncategorized Article
11976,[],Uncategorized Article
23344,[],Uncategorized Article
17846,[],Uncategorized Article
7593,[],Uncategorized Article
25617,[],Uncategorized Article
17838,[],Uncategorized Article
16868,[],Uncategorized Article
1373,[],Uncategorized Article
7695,[],Uncategorized Article
13995,[],Uncategorized Article
8126,[],Uncategorized Article
15115,[],Uncategorized Article
23740,[],Uncategorized Article
12107,[],Uncategorized Article
10206,[],Uncategorized Article
17574,[],Uncategorized Article
426,[],Uncategorized Article
22955,[],Uncategorized Article
11614,[],Uncategorized Article
22584,[],Uncategorized Article
339,[],Uncategorized Article
3480,[],Uncategorized Article
19885,[],Uncategorized Article
18368,[],Uncategorized Article
20964,[],Uncategorized Article
8833,[],Uncategorized Article
9412,[],Uncategorized Article
12624,[],Uncategorized Article
11853,[],Uncategorized Article
11968,[],Uncategorized Article
3649,[],Uncategorized Article
10820,[],Uncategorized Article
2959,[],Uncategorized Article
129,[],Uncategorized Article
3663,[],Uncategorized Article
22373,[],Uncategorized Article
26286,[],Uncategorized Article
5350,[],Uncategorized Article
22170,[],Uncategorized Article
15650,[],Uncategorized Article
3194,[],Uncategorized Article
26427,[],Uncategorized Article
20589,[],Uncategorized Article
16483,[],Uncategorized Article
1235,[],Uncategorized Article
3403,[],Uncategorized Article
20269,[],Uncategorized Article
24765,[],Uncategorized Article
3269,[],Uncategorized Article
21152,[],Uncategorized Article
16837,[],Uncategorized Article
1442,[],Uncategorized Article
15986,[],Uncategorized Article
5022,[],Uncategorized Article
18612,[],Uncategorized Article
23104,[],Uncategorized Article
21890,[],Uncategorized Article
26675,[],Uncategorized Article
10814,[],Uncategorized Article
11444,[],Uncategorized Article
6286,[],Uncategorized Article
608,[],Uncategorized Article
22454,[],Uncategorized Article
26619,[],Uncategorized Article
19,[],Uncategorized Article
14911,[],Uncategorized Article
14049,[],Uncategorized Article
17195,[],Uncategorized Article
16730,[],Uncategorized Article
1643,[],Uncategorized Article
24308,[],Uncategorized Article
19131,[],Uncategorized Article
23027,[],Uncategorized Article
2487,[],Uncategorized Article
14431,[],Uncategorized Article
25074,[],Uncategorized Article
22816,[],Uncategorized Article
7387,[],Uncategorized Article
25693,[],Uncategorized Article
21756,[],Uncategorized Article
7115,[],Uncategorized Article
11623,[],Uncategorized Article
26581,[],Uncategorized Article
9902,[],Uncategorized Article
13420,[],Uncategorized Article
18448,[],Uncategorized Article
3800,[],Uncategorized Article
16985,[],Uncategorized Article
7700,[],Uncategorized Article
25149,[],Uncategorized Article
12495,[],Uncategorized Article
24805,[],Uncategorized Article
15006,[],Uncategorized Article
7648,[],Uncategorized Article
18701,[],Uncategorized Article
8506,[],Uncategorized Article
1983,[],Uncategorized Article
19495,[],Uncategorized Article
26653,[],Uncategorized Article
16348,[],Uncategorized Article
1540,[],Uncategorized Article
9272,[],Uncategorized Article
14054,[],Uncategorized Article
8849,[],Uncategorized Article
18843,[],Uncategorized Article
751,[],Uncategorized Article
9514,[],Uncategorized Article
14362,[],Uncategorized Article
24757,[],Uncategorized Article
24680,[],Uncategorized Article
22685,[],Uncategorized Article
13978,[],Uncategorized Article
22886,[],Uncategorized Article
14874,[],Uncategorized Article
2086,[],Uncategorized Article
21788,[],Uncategorized Article
9844,[],Uncategorized Article
26904,[],Uncategorized Article
9651,[],Uncategorized Article
14228,[],Uncategorized Article
16107,[],Uncategorized Article
16168,[],Uncategorized Article
22714,[],Uncategorized Article
19273,[],Uncategorized Article
2364,[],Uncategorized Article
47,[],Uncategorized Article
11558,[],Uncategorized Article
15453,[],Uncategorized Article
26574,[],Uncategorized Article
13812,[],Uncategorized Article
19689,[],Uncategorized Article
2758,[],Uncategorized Article
14563,[],Uncategorized Article
3289,[],Uncategorized Article
21743,[],Uncategorized Article
4755,[],Uncategorized Article
23573,[],Uncategorized Article
17760,[],Uncategorized Article
23531,[],Uncategorized Article
25723,[],Uncategorized Article
19999,[],Uncategorized Article
20365,[],Uncategorized Article
17765,[],Uncategorized Article
16981,[],Uncategorized Article
10572,[],Uncategorized Article
1871,[],Uncategorized Article
24956,[],Uncategorized Article
14662,[],Uncategorized Article
418,[],Uncategorized Article
1213,[],Uncategorized Article
9976,[],Uncategorized Article
12617,[],Uncategorized Article
7160,[],Uncategorized Article
2499,[],Uncategorized Article
15348,[],Uncategorized Article
19593,[],Uncategorized Article
24206,[],Uncategorized Article
16445,[],Uncategorized Article
14942,[],Uncategorized Article
2912,[],Uncategorized Article
25461,[],Uncategorized Article
6369,[],Uncategorized Article
1038,[],Uncategorized Article
7931,[],Uncategorized Article
24480,[],Uncategorized Article
26478,[],Uncategorized Article
23428,[],Uncategorized Article
20871,[],Uncategorized Article
20799,[],Uncategorized Article
22529,[],Uncategorized Article
26608,[],Uncategorized Article
5736,[],Uncategorized Article
17925,[],Uncategorized Article
21552,[],Uncategorized Article
17134,[],Uncategorized Article
8883,[],Uncategorized Article
24352,[],Uncategorized Article
10186,[],Uncategorized Article
20481,[],Uncategorized Article
26716,[],Uncategorized Article
25770,[],Uncategorized Article
241,[],Uncategorized Article
10126,[],Uncategorized Article
22779,[],Uncategorized Article
12568,[],Uncategorized Article
26738,[],Uncategorized Article
25895,[],Uncategorized Article
1952,[],Uncategorized Article
6257,[],Uncategorized Article
1594,[],Uncategorized Article
14180,[],Uncategorized Article
1984,[],Uncategorized Article
24895,[],Uncategorized Article
21065,[],Uncategorized Article
1042,[],Uncategorized Article
22336,[],Uncategorized Article
18785,[],Uncategorized Article
1783,[],Uncategorized Article
62,[],Uncategorized Article
0,[],Uncategorized Article
15832,[],Uncategorized Article
3462,[],Uncategorized Article
11299,[],Uncategorized Article
15255,[],Uncategorized Article
12343,[],Uncategorized Article
2144,[],Uncategorized Article
21759,[],Uncategorized Article
5852,[],Uncategorized Article
3665,[],Uncategorized Article
22679,[],Uncategorized Article
16966,[],Uncategorized Article
11313,[],Uncategorized Article
23489,[],Uncategorized Article
2271,[],Uncategorized Article
13976,[],Uncategorized Article
15854,[],Uncategorized Article
11923,[],Uncategorized Article
24381,[],Uncategorized Article
11876,[],Uncategorized Article
14129,[],Uncategorized Article
21025,[],Uncategorized Article
17098,[],Uncategorized Article
13941,[],Uncategorized Article
20444,[],Uncategorized Article
6543,[],Uncategorized Article
7524,[],Uncategorized Article
13421,[],Uncategorized Article
1941,[],Uncategorized Article
13909,[],Uncategorized Article
8327,[],Uncategorized Article
3449,[],Uncategorized Article
21848,[],Uncategorized Article
16552,[],Uncategorized Article
23593,[],Uncategorized Article
11813,[],Uncategorized Article
10305,[],Uncategorized Article
10881,[],Uncategorized Article
13343,[],Uncategorized Article
13802,[],Uncategorized Article
15539,[],Uncategorized Article
16362,[],Uncategorized Article
413,[],Uncategorized Article
18399,[],Uncategorized Article
9367,[],Uncategorized Article
11456,[],Uncategorized Article
12767,[],Uncategorized Article
3954,[],Uncategorized Article
24012,[],Uncategorized Article
20070,[],Uncategorized Article
8464,[],Uncategorized Article
7385,[],Uncategorized Article
24170,[],Uncategorized Article
23536,[],Uncategorized Article
24415,[],Uncategorized Article
10168,[],Uncategorized Article
18826,[],Uncategorized Article
23243,[],Uncategorized Article
20654,[],Uncategorized Article
18742,[],Uncategorized Article
12398,[],Uncategorized Article
12491,[],Uncategorized Article
23356,[],Uncategorized Article
5321,[],Uncategorized Article
25951,[],Uncategorized Article
7915,[],Uncategorized Article
26943,[],Uncategorized Article
21873,[],Uncategorized Article
1523,[],Uncategorized Article
11337,[],Uncategorized Article
24831,[],Uncategorized Article
21560,[],Uncategorized Article
26070,[],Uncategorized Article
2634,[],Uncategorized Article
14517,[],Uncategorized Article
20177,[],Uncategorized Article
15509,[],Uncategorized Article
15664,[],Uncategorized Article
1130,[],Uncategorized Article
18854,[],Uncategorized Article
16520,[],Uncategorized Article
1416,[],Uncategorized Article
5849,[],Uncategorized Article
25804,[],Uncategorized Article
1621,[],Uncategorized Article
23047,[],Uncategorized Article
1840,[],Uncategorized Article
12804,[],Uncategorized Article
7177,[],Uncategorized Article
13973,[],Uncategorized Article
23283,[],Uncategorized Article
24728,[],Uncategorized Article
25383,[],Uncategorized Article
1486,[],Uncategorized Article
20822,[],Uncategorized Article
23878,[],Uncategorized Article
21843,[],Uncategorized Article
1238,[],Uncategorized Article
9804,[],Uncategorized Article
18267,[],Uncategorized Article
15676,[],Uncategorized Article
6063,[],Uncategorized Article
16734,[],Uncategorized Article
19436,[],Uncategorized Article
24433,[],Uncategorized Article
15045,[],Uncategorized Article
16971,[],Uncategorized Article
24019,[],Uncategorized Article
9016,[],Uncategorized Article
9150,[],Uncategorized Article
26482,[],Uncategorized Article
21100,[],Uncategorized Article
8614,[],Uncategorized Article
14921,[],Uncategorized Article
12872,[],Uncategorized Article
6967,[],Uncategorized Article
22564,[],Uncategorized Article
26510,[],Uncategorized Article
13898,[],Uncategorized Article
16084,[],Uncategorized Article
24298,[],Uncategorized Article
8675,[],Uncategorized Article
19712,[],Uncategorized Article
1315,[],Uncategorized Article
22046,[],Uncategorized Article
22932,[],Uncategorized Article
6076,[],Uncategorized Article
26756,[],Uncategorized Article
4941,[],Uncategorized Article
6467,[],Uncategorized Article
18819,[],Uncategorized Article
8330,[],Uncategorized Article
9560,[],Uncategorized Article
17892,[],Uncategorized Article
6243,[],Uncategorized Article
8306,[],Uncategorized Article
5003,[],Uncategorized Article
24974,[],Uncategorized Article
7101,[],Uncategorized Article
10037,[],Uncategorized Article
16434,[],Uncategorized Article
23087,[],Uncategorized Article
11057,[],Uncategorized Article
22591,[],Uncategorized Article
22523,[],Uncategorized Article
18039,[],Uncategorized Article
11931,[],Uncategorized Article
12284,[],Uncategorized Article
13717,[],Uncategorized Article
24640,[],Uncategorized Article
13106,[],Uncategorized Article
18390,[],Uncategorized Article
20807,[],Uncategorized Article
6105,[],Uncategorized Article
20134,[],Uncategorized Article
17535,[],Uncategorized Article
7735,[],Uncategorized Article
2802,[],Uncategorized Article
16129,[],Uncategorized Article
14372,[],Uncategorized Article
19720,[],Uncategorized Article
2054,[],Uncategorized Article
12557,[],Uncategorized Article
12513,[],Uncategorized Article
20948,[],Uncategorized Article
25231,[],Uncategorized Article
9601,[],Uncategorized Article
1270,[],Uncategorized Article
20055,[],Uncategorized Article
4852,[],Uncategorized Article
9820,[],Uncategorized Article
15662,[],Uncategorized Article
7914,[],Uncategorized Article
8748,[],Uncategorized Article
14149,[],Uncategorized Article
24696,[],Uncategorized Article
22445,[],Uncategorized Article
24555,[],Uncategorized Article
3787,[],Uncategorized Article
19958,[],Uncategorized Article
6832,[],Uncategorized Article
4741,[],Uncategorized Article
12644,[],Uncategorized Article
9400,[],Uncategorized Article
24278,[],Uncategorized Article
12078,[],Uncategorized Article
26141,[],Uncategorized Article
22872,[],Uncategorized Article
15109,[],Uncategorized Article
9282,[],Uncategorized Article
3120,[],Uncategorized Article
16095,[],Uncategorized Article
25735,[],Uncategorized Article
25692,[],Uncategorized Article
9725,[],Uncategorized Article
25984,[],Uncategorized Article
21375,[],Uncategorized Article
4999,[],Uncategorized Article
22282,[],Uncategorized Article
2614,[],Uncategorized Article
2636,[],Uncategorized Article
11710,[],Uncategorized Article
19515,[],Uncategorized Article
7677,[],Uncategorized Article
5438,[],Uncategorized Article
5990,[],Uncategorized Article
17226,[],Uncategorized Article
19491,[],Uncategorized Article
25953,[],Uncategorized Article
10087,[],Uncategorized Article
19365,[],Uncategorized Article
9740,[],Uncategorized Article
2211,[],Uncategorized Article
23232,[],Uncategorized Article
20100,[],Uncategorized Article
25015,[],Uncategorized Article
1293,[],Uncategorized Article
10239,[],Uncategorized Article
4896,[],Uncategorized Article
19984,[],Uncategorized Article
7409,[],Uncategorized Article
10840,[],Uncategorized Article
5166,[],Uncategorized Article
12396,[],Uncategorized Article
23775,[],Uncategorized Article
21274,[],Uncategorized Article
18529,[],Uncategorized Article
19679,[],Uncategorized Article
10741,[],Uncategorized Article
1767,[],Uncategorized Article
8773,[],Uncategorized Article
5279,[],Uncategorized Article
5960,[],Uncategorized Article
10987,[],Uncategorized Article
15922,[],Uncategorized Article
25018,[],Uncategorized Article
14938,[],Uncategorized Article
16381,[],Uncategorized Article
5250,[],Uncategorized Article
7616,[],Uncategorized Article
12554,[],Uncategorized Article
16491,[],Uncategorized Article
18040,[],Uncategorized Article
16726,[],Uncategorized Article
13063,[],Uncategorized Article
6444,[],Uncategorized Article
21578,[],Uncategorized Article
1002,[],Uncategorized Article
24361,[],Uncategorized Article
25786,[],Uncategorized Article
14316,[],Uncategorized Article
10520,[],Uncategorized Article
6723,[],Uncategorized Article
24413,[],Uncategorized Article
14053,[],Uncategorized Article
23946,[],Uncategorized Article
17443,[],Uncategorized Article
9578,[],Uncategorized Article
22435,[],Uncategorized Article
23663,[],Uncategorized Article
10826,[],Uncategorized Article
12860,[],Uncategorized Article
26907,[],Uncategorized Article
15543,[],Uncategorized Article
5933,[],Uncategorized Article
2953,[],Uncategorized Article
26868,[],Uncategorized Article
25712,[],Uncategorized Article
6956,[],Uncategorized Article
2737,[],Uncategorized Article
10337,[],Uncategorized Article
25801,[],Uncategorized Article
21813,[],Uncategorized Article
2857,[],Uncategorized Article
4436,[],Uncategorized Article
5106,[],Uncategorized Article
25397,[],Uncategorized Article
7459,[],Uncategorized Article
10952,[],Uncategorized Article
11418,[],Uncategorized Article
8129,[],Uncategorized Article
9351,[],Uncategorized Article
10628,[],Uncategorized Article
18500,[],Uncategorized Article
21048,[],Uncategorized Article
22302,[],Uncategorized Article
4625,[],Uncategorized Article
13229,[],Uncategorized Article
19673,[],Uncategorized Article
3545,[],Uncategorized Article
18696,[],Uncategorized Article
24008,[],Uncategorized Article
25937,[],Uncategorized Article
21490,[],Uncategorized Article
26855,[],Uncategorized Article
6132,[],Uncategorized Article
16401,[],Uncategorized Article
2821,[],Uncategorized Article
2021,[],Uncategorized Article
22616,[],Uncategorized Article
11727,[],Uncategorized Article
19035,[],Uncategorized Article
13679,[],Uncategorized Article
6098,[],Uncategorized Article
2556,[],Uncategorized Article
16324,[],Uncategorized Article
13730,[],Uncategorized Article
24713,[],Uncategorized Article
3344,[],Uncategorized Article
23187,[],Uncategorized Article
14085,[],Uncategorized Article
181,[],Uncategorized Article
19496,[],Uncategorized Article
21275,[],Uncategorized Article
16494,[],Uncategorized Article
1853,[],Uncategorized Article
10246,[],Uncategorized Article
12826,[],Uncategorized Article
26099,[],Uncategorized Article
20552,[],Uncategorized Article
18014,[],Uncategorized Article
17729,[],Uncategorized Article
16432,[],Uncategorized Article
8818,[],Uncategorized Article
3966,[],Uncategorized Article
21276,[],Uncategorized Article
23046,[],Uncategorized Article
7141,[],Uncategorized Article
4983,[],Uncategorized Article
16804,[],Uncategorized Article
8081,[],Uncategorized Article
23158,[],Uncategorized Article
24613,[],Uncategorized Article
5234,[],Uncategorized Article
3656,[],Uncategorized Article
21147,[],Uncategorized Article
13190,[],Uncategorized Article
12606,[],Uncategorized Article
17687,[],Uncategorized Article
677,[],Uncategorized Article
8985,[],Uncategorized Article
5091,[],Uncategorized Article
6496,[],Uncategorized Article
21724,[],Uncategorized Article
26848,[],Uncategorized Article
26498,[],Uncategorized Article
18341,[],Uncategorized Article
7014,[],Uncategorized Article
4930,[],Uncategorized Article
14659,[],Uncategorized Article
12431,[],Uncategorized Article
26358,[],Uncategorized Article
23604,[],Uncategorized Article
8564,[],Uncategorized Article
248,[],Uncategorized Article
8962,[],Uncategorized Article
22551,[],Uncategorized Article
12829,[],Uncategorized Article
15544,[],Uncategorized Article
3999,[],Uncategorized Article
12401,[],Uncategorized Article
14405,[],Uncategorized Article
14826,[],Uncategorized Article
4980,[],Uncategorized Article
13326,[],Uncategorized Article
13838,[],Uncategorized Article
2241,[],Uncategorized Article
18731,[],Uncategorized Article
2589,[],Uncategorized Article
11405,[],Uncategorized Article
16790,[],Uncategorized Article
5146,[],Uncategorized Article
15526,[],Uncategorized Article
6298,[],Uncategorized Article
22296,[],Uncategorized Article
14760,[],Uncategorized Article
22176,[],Uncategorized Article
23880,[],Uncategorized Article
12649,[],Uncategorized Article
24924,[],Uncategorized Article
10154,[],Uncategorized Article
23089,[],Uncategorized Article
16350,[],Uncategorized Article
26509,[],Uncategorized Article
21825,[],Uncategorized Article
11862,[],Uncategorized Article
9231,[],Uncategorized Article
5566,[],Uncategorized Article
10887,[],Uncategorized Article
20825,[],Uncategorized Article
18716,[],Uncategorized Article
19637,[],Uncategorized Article
24401,[],Uncategorized Article
9864,[],Uncategorized Article
3857,[],Uncategorized Article
19954,[],Uncategorized Article
20387,[],Uncategorized Article
26685,[],Uncategorized Article
3477,[],Uncategorized Article
1010,[],Uncategorized Article
5363,[],Uncategorized Article
20237,[],Uncategorized Article
11699,[],Uncategorized Article
8568,[],Uncategorized Article
6311,[],Uncategorized Article
21123,[],Uncategorized Article
25483,[],Uncategorized Article
14105,[],Uncategorized Article
18955,[],Uncategorized Article
934,[],Uncategorized Article
13020,[],Uncategorized Article
20741,[],Uncategorized Article
26692,[],Uncategorized Article
7197,[],Uncategorized Article
19326,[],Uncategorized Article
1343,[],Uncategorized Article
11309,[],Uncategorized Article
8551,[],Uncategorized Article
19265,[],Uncategorized Article
11751,[],Uncategorized Article
24806,[],Uncategorized Article
26616,[],Uncategorized Article
25955,[],Uncategorized Article
1148,[],Uncategorized Article
2954,[],Uncategorized Article
20065,[],Uncategorized Article
470,[],Uncategorized Article
11326,[],Uncategorized Article
25330,[],Uncategorized Article
19986,[],Uncategorized Article
19788,[],Uncategorized Article
25927,[],Uncategorized Article
13075,[],Uncategorized Article
6006,[],Uncategorized Article
10784,[],Uncategorized Article
25582,[],Uncategorized Article
15331,[],Uncategorized Article
13764,[],Uncategorized Article
24825,[],Uncategorized Article
18308,[],Uncategorized Article
23011,[],Uncategorized Article
14263,[],Uncategorized Article
9360,[],Uncategorized Article
8586,[],Uncategorized Article
15820,[],Uncategorized Article
20773,[],Uncategorized Article
15846,[],Uncategorized Article
25419,[],Uncategorized Article
18262,[],Uncategorized Article
11029,[],Uncategorized Article
12503,[],Uncategorized Article
9545,[],Uncategorized Article
176,[],Uncategorized Article
11305,[],Uncategorized Article
7275,[],Uncategorized Article
24224,[],Uncategorized Article
1623,[],Uncategorized Article
1236,[],Uncategorized Article
6335,[],Uncategorized Article
2234,[],Uncategorized Article
5152,[],Uncategorized Article
25642,[],Uncategorized Article
19391,[],Uncategorized Article
24662,[],Uncategorized Article
17013,[],Uncategorized Article
2394,[],Uncategorized Article
25542,[],Uncategorized Article
14046,[],Uncategorized Article
5918,[],Uncategorized Article
10854,[],Uncategorized Article
14012,[],Uncategorized Article
2436,[],Uncategorized Article
19550,[],Uncategorized Article
19370,[],Uncategorized Article
23002,[],Uncategorized Article
21955,[],Uncategorized Article
3746,[],Uncategorized Article
9871,[],Uncategorized Article
7772,[],Uncategorized Article
1327,[],Uncategorized Article
6613,[],Uncategorized Article
7796,[],Uncategorized Article
5735,[],Uncategorized Article
19971,[],Uncategorized Article
3276,[],Uncategorized Article
2746,[],Uncategorized Article
21608,[],Uncategorized Article
8294,[],Uncategorized Article
8083,[],Uncategorized Article
9853,[],Uncategorized Article
15224,[],Uncategorized Article
16778,[],Uncategorized Article
16162,[],Uncategorized Article
17236,[],Uncategorized Article
8011,[],Uncategorized Article
3865,[],Uncategorized Article
16176,[],Uncategorized Article
9886,[],Uncategorized Article
20760,[],Uncategorized Article
14399,[],Uncategorized Article
24588,[],Uncategorized Article
10369,[],Uncategorized Article
25379,[],Uncategorized Article
268,[],Uncategorized Article
518,[],Uncategorized Article
7159,[],Uncategorized Article
19067,[],Uncategorized Article
21938,[],Uncategorized Article
6360,[],Uncategorized Article
18510,[],Uncategorized Article
2358,[],Uncategorized Article
6023,[],Uncategorized Article
7342,[],Uncategorized Article
22891,[],Uncategorized Article
20574,[],Uncategorized Article
19390,[],Uncategorized Article
937,[],Uncategorized Article
19665,[],Uncategorized Article
3459,[],Uncategorized Article
21442,[],Uncategorized Article
4965,[],Uncategorized Article
14964,[],Uncategorized Article
2774,[],Uncategorized Article
17402,[],Uncategorized Article
21693,[],Uncategorized Article
3119,[],Uncategorized Article
8420,[],Uncategorized Article
1210,[],Uncategorized Article
1085,[],Uncategorized Article
18392,[],Uncategorized Article
16178,[],Uncategorized Article
9595,[],Uncategorized Article
6218,[],Uncategorized Article
8852,[],Uncategorized Article
3036,[],Uncategorized Article
18063,[],Uncategorized Article
10285,[],Uncategorized Article
10594,[],Uncategorized Article
19602,[],Uncategorized Article
18115,[],Uncategorized Article
1769,[],Uncategorized Article
15561,[],Uncategorized Article
24966,[],Uncategorized Article
16600,[],Uncategorized Article
20001,[],Uncategorized Article
23606,[],Uncategorized Article
7626,[],Uncategorized Article
20502,[],Uncategorized Article
17244,[],Uncategorized Article
14654,[],Uncategorized Article
3562,[],Uncategorized Article
6659,[],Uncategorized Article
130,[],Uncategorized Article
14869,[],Uncategorized Article
3220,[],Uncategorized Article
4880,[],Uncategorized Article
4918,[],Uncategorized Article
1176,[],Uncategorized Article
5582,[],Uncategorized Article
25583,[],Uncategorized Article
1825,[],Uncategorized Article
22957,[],Uncategorized Article
22266,[],Uncategorized Article
25992,[],Uncategorized Article
160,[],Uncategorized Article
23224,[],Uncategorized Article
18402,[],Uncategorized Article
18872,[],Uncategorized Article
13967,[],Uncategorized Article
13321,[],Uncategorized Article
1707,[],Uncategorized Article
2216,[],Uncategorized Article
6329,[],Uncategorized Article
2995,[],Uncategorized Article
11551,[],Uncategorized Article
398,[],Uncategorized Article
12630,[],Uncategorized Article
10984,[],Uncategorized Article
16248,[],Uncategorized Article
26122,[],Uncategorized Article
25333,[],Uncategorized Article
22418,[],Uncategorized Article
6713,[],Uncategorized Article
3940,[],Uncategorized Article
22274,[],Uncategorized Article
11259,[],Uncategorized Article
12499,[],Uncategorized Article
14449,[],Uncategorized Article
17475,[],Uncategorized Article
16849,[],Uncategorized Article
5943,[],Uncategorized Article
11550,[],Uncategorized Article
10936,[],Uncategorized Article
26112,[],Uncategorized Article
9085,[],Uncategorized Article
449,[],Uncategorized Article
26487,[],Uncategorized Article
15712,[],Uncategorized Article
14722,[],Uncategorized Article
15918,[],Uncategorized Article
19180,[],Uncategorized Article
17663,[],Uncategorized Article
12440,[],Uncategorized Article
8727,[],Uncategorized Article
17511,[],Uncategorized Article
6606,[],Uncategorized Article
26518,[],Uncategorized Article
6521,[],Uncategorized Article
23994,[],Uncategorized Article
366,[],Uncategorized Article
7807,[],Uncategorized Article
24317,[],Uncategorized Article
7559,[],Uncategorized Article
14699,[],Uncategorized Article
19794,[],Uncategorized Article
10408,[],Uncategorized Article
1890,[],Uncategorized Article
15637,[],Uncategorized Article
5203,[],Uncategorized Article
25791,[],Uncategorized Article
5966,[],Uncategorized Article
22277,[],Uncategorized Article
13000,[],Uncategorized Article
7583,[],Uncategorized Article
13688,[],Uncategorized Article
1688,[],Uncategorized Article
6673,[],Uncategorized Article
14950,[],Uncategorized Article
4292,[],Uncategorized Article
4614,[],Uncategorized Article
19110,[],Uncategorized Article
20707,[],Uncategorized Article
7149,[],Uncategorized Article
18503,[],Uncategorized Article
22536,[],Uncategorized Article
24016,[],Uncategorized Article
4822,[],Uncategorized Article
22460,[],Uncategorized Article
10545,[],Uncategorized Article
454,[],Uncategorized Article
10215,[],Uncategorized Article
24590,[],Uncategorized Article
6958,[],Uncategorized Article
164,[],Uncategorized Article
6740,[],Uncategorized Article
182,[],Uncategorized Article
22701,[],Uncategorized Article
21610,[],Uncategorized Article
3183,[],Uncategorized Article
26223,[],Uncategorized Article
8291,[],Uncategorized Article
15068,[],Uncategorized Article
12689,[],Uncategorized Article
3742,[],Uncategorized Article
6356,[],Uncategorized Article
14428,[],Uncategorized Article
16250,[],Uncategorized Article
4787,[],Uncategorized Article
7087,[],Uncategorized Article
9899,[],Uncategorized Article
254,[],Uncategorized Article
25594,[],Uncategorized Article
4474,[],Uncategorized Article
16685,[],Uncategorized Article
15546,[],Uncategorized Article
11235,[],Uncategorized Article
17060,[],Uncategorized Article
8766,[],Uncategorized Article
933,[],Uncategorized Article
16686,[],Uncategorized Article
11775,[],Uncategorized Article
22643,[],Uncategorized Article
26571,[],Uncategorized Article
13483,[],Uncategorized Article
10201,[],Uncategorized Article
18477,[],Uncategorized Article
26231,[],Uncategorized Article
5642,[],Uncategorized Article
17398,[],Uncategorized Article
11762,[],Uncategorized Article
8262,[],Uncategorized Article
1037,[],Uncategorized Article
25484,[],Uncategorized Article
4848,[],Uncategorized Article
5996,[],Uncategorized Article
26627,[],Uncategorized Article
3357,[],Uncategorized Article
4415,[],Uncategorized Article
15746,[],Uncategorized Article
3179,[],Uncategorized Article
18181,[],Uncategorized Article
952,[],Uncategorized Article
18761,[],Uncategorized Article
3347,[],Uncategorized Article
7920,[],Uncategorized Article
5000,[],Uncategorized Article
18861,[],Uncategorized Article
14989,[],Uncategorized Article
16844,[],Uncategorized Article
20928,[],Uncategorized Article
20368,[],Uncategorized Article
22843,[],Uncategorized Article
15478,[],Uncategorized Article
13170,[],Uncategorized Article
14968,[],Uncategorized Article
13475,[],Uncategorized Article
8685,[],Uncategorized Article
24576,[],Uncategorized Article
9039,[],Uncategorized Article
20168,[],Uncategorized Article
10772,[],Uncategorized Article
7322,[],Uncategorized Article
10978,[],Uncategorized Article
13174,[],Uncategorized Article
21649,[],Uncategorized Article
26791,[],Uncategorized Article
18622,[],Uncategorized Article
6506,[],Uncategorized Article
22621,[],Uncategorized Article
9608,[],Uncategorized Article
19261,[],Uncategorized Article
13681,[],Uncategorized Article
8366,[],Uncategorized Article
9525,[],Uncategorized Article
23037,[],Uncategorized Article
6848,[],Uncategorized Article
17935,[],Uncategorized Article
17129,[],Uncategorized Article
26098,[],Uncategorized Article
23350,[],Uncategorized Article
13958,[],Uncategorized Article
8043,[],Uncategorized Article
20996,[],Uncategorized Article
304,[],Uncategorized Article
13938,[],Uncategorized Article
6193,[],Uncategorized Article
10254,[],Uncategorized Article
7765,[],Uncategorized Article
3920,[],Uncategorized Article
26460,[],Uncategorized Article
16834,[],Uncategorized Article
9042,[],Uncategorized Article
7077,[],Uncategorized Article
5952,[],Uncategorized Article
10957,[],Uncategorized Article
13052,[],Uncategorized Article
6075,[],Uncategorized Article
11524,[],Uncategorized Article
18907,[],Uncategorized Article
14364,[],Uncategorized Article
8728,[],Uncategorized Article
12038,[],Uncategorized Article
1139,[],Uncategorized Article
24152,[],Uncategorized Article
468,[],Uncategorized Article
18123,[],Uncategorized Article
21786,[],Uncategorized Article
15758,[],Uncategorized Article
22265,[],Uncategorized Article
617,[],Uncategorized Article
1310,[],Uncategorized Article
26475,[],Uncategorized Article
21455,[],Uncategorized Article
12139,[],Uncategorized Article
5300,[],Uncategorized Article
5905,[],Uncategorized Article
3251,[],Uncategorized Article
6739,[],Uncategorized Article
18342,[],Uncategorized Article
11791,[],Uncategorized Article
25959,[],Uncategorized Article
21473,[],Uncategorized Article
17720,[],Uncategorized Article
8758,[],Uncategorized Article
18140,[],Uncategorized Article
7264,[],Uncategorized Article
13278,[],Uncategorized Article
24969,[],Uncategorized Article
23597,[],Uncategorized Article
2829,[],Uncategorized Article
21859,[],Uncategorized Article
11892,[],Uncategorized Article
16041,[],Uncategorized Article
289,[],Uncategorized Article
9313,[],Uncategorized Article
2656,[],Uncategorized Article
3478,[],Uncategorized Article
8699,[],Uncategorized Article
21713,[],Uncategorized Article
2657,[],Uncategorized Article
5518,[],Uncategorized Article
21471,[],Uncategorized Article
17730,[],Uncategorized Article
3526,[],Uncategorized Article
10027,[],Uncategorized Article
1876,[],Uncategorized Article
21795,[],Uncategorized Article
18815,[],Uncategorized Article
7638,[],Uncategorized Article
16416,[],Uncategorized Article
9234,[],Uncategorized Article
26869,[],Uncategorized Article
7831,[],Uncategorized Article
10747,[],Uncategorized Article
17926,[],Uncategorized Article
17847,[],Uncategorized Article
2596,[],Uncategorized Article
16830,[],Uncategorized Article
4797,[],Uncategorized Article
4488,[],Uncategorized Article
25430,[],Uncategorized Article
377,[],Uncategorized Article
357,[],Uncategorized Article
20157,[],Uncategorized Article
19351,[],Uncategorized Article
25112,[],Uncategorized Article
8724,[],Uncategorized Article
10323,[],Uncategorized Article
20347,[],Uncategorized Article
19950,[],Uncategorized Article
5537,[],Uncategorized Article
23587,[],Uncategorized Article
600,[],Uncategorized Article
2087,[],Uncategorized Article
9057,[],Uncategorized Article
24475,[],Uncategorized Article
7504,[],Uncategorized Article
16287,[],Uncategorized Article
25905,[],Uncategorized Article
12463,[],Uncategorized Article
19043,[],Uncategorized Article
5809,[],Uncategorized Article
10384,[],Uncategorized Article
14107,[],Uncategorized Article
4352,[],Uncategorized Article
7144,[],Uncategorized Article
6064,[],Uncategorized Article
11782,[],Uncategorized Article
26311,[],Uncategorized Article
11490,[],Uncategorized Article
26624,[],Uncategorized Article
8805,[],Uncategorized Article
12432,[],Uncategorized Article
26409,[],Uncategorized Article
16722,[],Uncategorized Article
6056,[],Uncategorized Article
25228,[],Uncategorized Article
15771,[],Uncategorized Article
20069,[],Uncategorized Article
19568,[],Uncategorized Article
9448,[],Uncategorized Article
5385,[],Uncategorized Article
4318,[],Uncategorized Article
2652,[],Uncategorized Article
6017,[],Uncategorized Article
11828,[],Uncategorized Article
13845,[],Uncategorized Article
22730,[],Uncategorized Article
15819,[],Uncategorized Article
14311,[],Uncategorized Article
6473,[],Uncategorized Article
17557,[],Uncategorized Article
113,[],Uncategorized Article
11574,[],Uncategorized Article
472,[],Uncategorized Article
16387,[],Uncategorized Article
21449,[],Uncategorized Article
22225,[],Uncategorized Article
5866,[],Uncategorized Article
16970,[],Uncategorized Article
26101,[],Uncategorized Article
10119,[],Uncategorized Article
12831,[],Uncategorized Article
848,[],Uncategorized Article
5049,[],Uncategorized Article
4571,[],Uncategorized Article
13208,[],Uncategorized Article
20837,[],Uncategorized Article
16922,[],Uncategorized Article
3773,[],Uncategorized Article
20122,[],Uncategorized Article
22090,[],Uncategorized Article
18926,[],Uncategorized Article
26063,[],Uncategorized Article
21570,[],Uncategorized Article
18423,[],Uncategorized Article
135,[],Uncategorized Article
11152,[],Uncategorized Article
18026,[],Uncategorized Article
22407,[],Uncategorized Article
14332,[],Uncategorized Article
20603,[],Uncategorized Article
23925,[],Uncategorized Article
2584,[],Uncategorized Article
23435,[],Uncategorized Article
10279,[],Uncategorized Article
8790,[],Uncategorized Article
26649,[],Uncategorized Article
3039,[],Uncategorized Article
16695,[],Uncategorized Article
18111,[],Uncategorized Article
3997,[],Uncategorized Article
14540,[],Uncategorized Article
22367,[],Uncategorized Article
6566,[],Uncategorized Article
20565,[],Uncategorized Article
16728,[],Uncategorized Article
16424,[],Uncategorized Article
425,[],Uncategorized Article
25369,[],Uncategorized Article
5268,[],Uncategorized Article
11799,[],Uncategorized Article
4693,[],Uncategorized Article
17036,[],Uncategorized Article
21313,[],Uncategorized Article
6810,[],Uncategorized Article
2531,[],Uncategorized Article
14667,[],Uncategorized Article
11008,[],Uncategorized Article
22365,[],Uncategorized Article
20873,[],Uncategorized Article
12143,[],Uncategorized Article
7015,[],Uncategorized Article
20704,[],Uncategorized Article
4111,[],Uncategorized Article
14603,[],Uncategorized Article
21424,[],Uncategorized Article
14467,[],Uncategorized Article
5360,[],Uncategorized Article
10025,[],Uncategorized Article
24837,[],Uncategorized Article
15095,[],Uncategorized Article
5235,[],Uncategorized Article
24929,[],Uncategorized Article
2197,[],Uncategorized Article
26273,[],Uncategorized Article
20044,[],Uncategorized Article
25889,[],Uncategorized Article
19000,[],Uncategorized Article
8700,[],Uncategorized Article
26688,[],Uncategorized Article
653,[],Uncategorized Article
24023,[],Uncategorized Article
17651,[],Uncategorized Article
7662,[],Uncategorized Article
24954,[],Uncategorized Article
3234,[],Uncategorized Article
16818,[],Uncategorized Article
20232,[],Uncategorized Article
9305,[],Uncategorized Article
19487,[],Uncategorized Article
23980,[],Uncategorized Article
21396,[],Uncategorized Article
8565,[],Uncategorized Article
2099,[],Uncategorized Article
22880,[],Uncategorized Article
20784,[],Uncategorized Article
16417,[],Uncategorized Article
19929,[],Uncategorized Article
1275,[],Uncategorized Article
12133,[],Uncategorized Article
16488,[],Uncategorized Article
4304,[],Uncategorized Article
710,[],Uncategorized Article
14907,[],Uncategorized Article
19116,[],Uncategorized Article
9901,[],Uncategorized Article
2132,[],Uncategorized Article
15102,[],Uncategorized Article
21328,[],Uncategorized Article
14787,[],Uncategorized Article
23349,[],Uncategorized Article
21960,[],Uncategorized Article
9054,[],Uncategorized Article
10041,[],Uncategorized Article
25047,[],Uncategorized Article
17167,[],Uncategorized Article
9912,[],Uncategorized Article
22600,[],Uncategorized Article
16197,[],Uncategorized Article
18909,[],Uncategorized Article
24988,[],Uncategorized Article
21504,[],Uncategorized Article
8830,[],Uncategorized Article
4132,[],Uncategorized Article
4622,[],Uncategorized Article
566,[],Uncategorized Article
25906,[],Uncategorized Article
8973,[],Uncategorized Article
20035,[],Uncategorized Article
20040,[],Uncategorized Article
21522,[],Uncategorized Article
5381,[],Uncategorized Article
15808,[],Uncategorized Article
5458,[],Uncategorized Article
11764,[],Uncategorized Article
24908,[],Uncategorized Article
25324,[],Uncategorized Article
6947,[],Uncategorized Article
26709,[],Uncategorized Article
24936,[],Uncategorized Article
9431,[],Uncategorized Article
16738,[],Uncategorized Article
12691,[],Uncategorized Article
11743,[],Uncategorized Article
1795,[],Uncategorized Article
19442,[],Uncategorized Article
13175,[],Uncategorized Article
1057,[],Uncategorized Article
10156,[],Uncategorized Article
7687,[],Uncategorized Article
2629,[],Uncategorized Article
21735,[],Uncategorized Article
2731,[],Uncategorized Article
4816,[],Uncategorized Article
18025,[],Uncategorized Article
10159,[],Uncategorized Article
5646,[],Uncategorized Article
23801,[],Uncategorized Article
17269,[],Uncategorized Article
16791,[],Uncategorized Article
445,[],Uncategorized Article
22915,[],Uncategorized Article
8913,[],Uncategorized Article
4800,[],Uncategorized Article
22345,[],Uncategorized Article
2543,[],Uncategorized Article
4623,[],Uncategorized Article
12656,[],Uncategorized Article
10467,[],Uncategorized Article
15180,[],Uncategorized Article
14752,[],Uncategorized Article
8612,[],Uncategorized Article
284,[],Uncategorized Article
998,[],Uncategorized Article
23202,[],Uncategorized Article
5020,[],Uncategorized Article
24338,[],Uncategorized Article
11495,[],Uncategorized Article
7361,[],Uncategorized Article
19025,[],Uncategorized Article
14452,[],Uncategorized Article
24670,[],Uncategorized Article
4768,[],Uncategorized Article
4281,[],Uncategorized Article
7199,[],Uncategorized Article
21468,[],Uncategorized Article
4533,[],Uncategorized Article
24706,[],Uncategorized Article
11331,[],Uncategorized Article
16089,[],Uncategorized Article
7530,[],Uncategorized Article
20155,[],Uncategorized Article
7040,[],Uncategorized Article
9748,[],Uncategorized Article
8469,[],Uncategorized Article
3661,[],Uncategorized Article
17825,[],Uncategorized Article
8352,[],Uncategorized Article
5426,[],Uncategorized Article
2379,[],Uncategorized Article
18684,[],Uncategorized Article
19221,[],Uncategorized Article
682,[],Uncategorized Article
111,[],Uncategorized Article
24740,[],Uncategorized Article
8342,[],Uncategorized Article
7324,[],Uncategorized Article
19684,[],Uncategorized Article
18456,[],Uncategorized Article
3411,[],Uncategorized Article
19284,[],Uncategorized Article
3977,[],Uncategorized Article
25829,[],Uncategorized Article
4403,[],Uncategorized Article
7393,[],Uncategorized Article
1374,[],Uncategorized Article
12784,[],Uncategorized Article
21192,[],Uncategorized Article
14521,[],Uncategorized Article
17890,[],Uncategorized Article
13114,[],Uncategorized Article
4315,[],Uncategorized Article
14741,[],Uncategorized Article
18869,[],Uncategorized Article
17895,[],Uncategorized Article
12064,[],Uncategorized Article
2661,[],Uncategorized Article
19479,[],Uncategorized Article
5702,[],Uncategorized Article
11491,[],Uncategorized Article
7020,[],Uncategorized Article
20302,[],Uncategorized Article
21622,[],Uncategorized Article
3788,[],Uncategorized Article
18145,[],Uncategorized Article
19832,[],Uncategorized Article
9468,[],Uncategorized Article
11307,[],Uncategorized Article
6259,[],Uncategorized Article
11378,[],Uncategorized Article
7599,[],Uncategorized Article
26985,[],Uncategorized Article
19803,[],Uncategorized Article
5942,[],Uncategorized Article
11566,[],Uncategorized Article
22980,[],Uncategorized Article
21193,[],Uncategorized Article
13561,[],Uncategorized Article
25759,[],Uncategorized Article
648,[],Uncategorized Article
15365,[],Uncategorized Article
17964,[],Uncategorized Article
7334,[],Uncategorized Article
16731,[],Uncategorized Article
14759,[],Uncategorized Article
6220,[],Uncategorized Article
21398,[],Uncategorized Article
22732,[],Uncategorized Article
23926,[],Uncategorized Article
16253,[],Uncategorized Article
17710,[],Uncategorized Article
10431,[],Uncategorized Article
3651,[],Uncategorized Article
16621,[],Uncategorized Article
7411,[],Uncategorized Article
3684,[],Uncategorized Article
10632,[],Uncategorized Article
20317,[],Uncategorized Article
18933,[],Uncategorized Article
20167,[],Uncategorized Article
2481,[],Uncategorized Article
18003,[],Uncategorized Article
14339,[],Uncategorized Article
6903,[],Uncategorized Article
23130,[],Uncategorized Article
21796,[],Uncategorized Article
7532,[],Uncategorized Article
13852,[],Uncategorized Article
9047,[],Uncategorized Article
21153,[],Uncategorized Article
15952,[],Uncategorized Article
1602,[],Uncategorized Article
18170,[],Uncategorized Article
26169,[],Uncategorized Article
3475,[],Uncategorized Article
15888,[],Uncategorized Article
12549,[],Uncategorized Article
16357,[],Uncategorized Article
21497,[],Uncategorized Article
22096,[],Uncategorized Article
26267,[],Uncategorized Article
17149,[],Uncategorized Article
7121,[],Uncategorized Article
15773,[],Uncategorized Article
25020,[],Uncategorized Article
17914,[],Uncategorized Article
14299,[],Uncategorized Article
24106,[],Uncategorized Article
7068,[],Uncategorized Article
20380,[],Uncategorized Article
23653,[],Uncategorized Article
16050,[],Uncategorized Article
19787,[],Uncategorized Article
4775,[],Uncategorized Article
8822,[],Uncategorized Article
10113,[],Uncategorized Article
8499,[],Uncategorized Article
18320,[],Uncategorized Article
84,[],Uncategorized Article
10498,[],Uncategorized Article
17982,[],Uncategorized Article
3851,[],Uncategorized Article
12792,[],Uncategorized Article
17140,[],Uncategorized Article
22182,[],Uncategorized Article
20985,[],Uncategorized Article
20641,[],Uncategorized Article
10432,[],Uncategorized Article
21175,[],Uncategorized Article
3607,[],Uncategorized Article
21488,[],Uncategorized Article
6153,[],Uncategorized Article
24450,[],Uncategorized Article
1320,[],Uncategorized Article
19451,[],Uncategorized Article
25838,[],Uncategorized Article
19690,[],Uncategorized Article
12375,[],Uncategorized Article
5380,[],Uncategorized Article
5817,[],Uncategorized Article
12033,[],Uncategorized Article
17597,[],Uncategorized Article
6115,[],Uncategorized Article
18811,[],Uncategorized Article
8360,[],Uncategorized Article
15779,[],Uncategorized Article
13214,[],Uncategorized Article
1143,[],Uncategorized Article
8486,[],Uncategorized Article
551,[],Uncategorized Article
13339,[],Uncategorized Article
20458,[],Uncategorized Article
8590,[],Uncategorized Article
26299,[],Uncategorized Article
2803,[],Uncategorized Article
1046,[],Uncategorized Article
149,[],Uncategorized Article
3069,[],Uncategorized Article
8684,[],Uncategorized Article
94,[],Uncategorized Article
7625,[],Uncategorized Article
16584,[],Uncategorized Article
12890,[],Uncategorized Article
914,[],Uncategorized Article
9793,[],Uncategorized Article
15729,[],Uncategorized Article
18985,[],Uncategorized Article
14844,[],Uncategorized Article
24971,[],Uncategorized Article
1496,[],Uncategorized Article
25746,[],Uncategorized Article
22311,[],Uncategorized Article
13534,[],Uncategorized Article
4885,[],Uncategorized Article
10633,[],Uncategorized Article
23697,[],Uncategorized Article
19777,[],Uncategorized Article
14483,[],Uncategorized Article
7873,[],Uncategorized Article
24887,[],Uncategorized Article
13800,[],Uncategorized Article
18106,[],Uncategorized Article
16845,[],Uncategorized Article
16420,[],Uncategorized Article
21628,[],Uncategorized Article
12733,[],Uncategorized Article
21773,[],Uncategorized Article
10121,[],Uncategorized Article
4901,[],Uncategorized Article
14508,[],Uncategorized Article
12259,[],Uncategorized Article
12959,[],Uncategorized Article
5145,[],Uncategorized Article
24137,[],Uncategorized Article
7284,[],Uncategorized Article
5568,[],Uncategorized Article
1967,[],Uncategorized Article
21001,[],Uncategorized Article
9376,[],Uncategorized Article
11097,[],Uncategorized Article
26852,[],Uncategorized Article
1634,[],Uncategorized Article
11443,[],Uncategorized Article
7402,[],Uncategorized Article
15933,[],Uncategorized Article
17828,[],Uncategorized Article
9809,[],Uncategorized Article
16624,[],Uncategorized Article
3037,[],Uncategorized Article
9671,[],Uncategorized Article
622,[],Uncategorized Article
6246,[],Uncategorized Article
926,[],Uncategorized Article
9690,[],Uncategorized Article
14538,[],Uncategorized Article
24991,[],Uncategorized Article
12333,[],Uncategorized Article
21202,[],Uncategorized Article
17571,[],Uncategorized Article
14979,[],Uncategorized Article
15347,[],Uncategorized Article
1332,[],Uncategorized Article
9224,[],Uncategorized Article
5149,[],Uncategorized Article
26024,[],Uncategorized Article
10522,[],Uncategorized Article
2688,[],Uncategorized Article
1714,[],Uncategorized Article
18651,[],Uncategorized Article
14411,[],Uncategorized Article
2059,[],Uncategorized Article
21532,[],Uncategorized Article
6037,[],Uncategorized Article
8523,[],Uncategorized Article
3855,[],Uncategorized Article
20993,[],Uncategorized Article
8122,[],Uncategorized Article
7518,[],Uncategorized Article
17050,[],Uncategorized Article
10907,[],Uncategorized Article
18215,[],Uncategorized Article
10080,[],Uncategorized Article
8508,[],Uncategorized Article
13637,[],Uncategorized Article
7580,[],Uncategorized Article
17734,[],Uncategorized Article
19175,[],Uncategorized Article
7845,[],Uncategorized Article
19735,[],Uncategorized Article
25654,[],Uncategorized Article
2818,[],Uncategorized Article
13033,[],Uncategorized Article
950,[],Uncategorized Article
5362,[],Uncategorized Article
24330,[],Uncategorized Article
18306,[],Uncategorized Article
22959,[],Uncategorized Article
14432,[],Uncategorized Article
11146,[],Uncategorized Article
20067,[],Uncategorized Article
18697,[],Uncategorized Article
6385,[],Uncategorized Article
13631,[],Uncategorized Article
1639,[],Uncategorized Article
5200,[],Uncategorized Article
13073,[],Uncategorized Article
14584,[],Uncategorized Article
6451,[],Uncategorized Article
11142,[],Uncategorized Article
16443,[],Uncategorized Article
24503,[],Uncategorized Article
20397,[],Uncategorized Article
14898,[],Uncategorized Article
13804,[],Uncategorized Article
18469,[],Uncategorized Article
7316,[],Uncategorized Article
1965,[],Uncategorized Article
21933,[],Uncategorized Article
23455,[],Uncategorized Article
23518,[],Uncategorized Article
22387,[],Uncategorized Article
2025,[],Uncategorized Article
14092,[],Uncategorized Article
13977,[],Uncategorized Article
15824,[],Uncategorized Article
4963,[],Uncategorized Article
4127,[],Uncategorized Article
10573,[],Uncategorized Article
25425,[],Uncategorized Article
7681,[],Uncategorized Article
17185,[],Uncategorized Article
2928,[],Uncategorized Article
26061,[],Uncategorized Article
1790,[],Uncategorized Article
6954,[],Uncategorized Article
12639,[],Uncategorized Article
25416,[],Uncategorized Article
14044,[],Uncategorized Article
7026,[],Uncategorized Article
13225,[],Uncategorized Article
6707,[],Uncategorized Article
21866,[],Uncategorized Article
14612,[],Uncategorized Article
1593,[],Uncategorized Article
22860,[],Uncategorized Article
4383,[],Uncategorized Article
7527,[],Uncategorized Article
700,[],Uncategorized Article
22931,[],Uncategorized Article
11506,[],Uncategorized Article
19535,[],Uncategorized Article
4029,[],Uncategorized Article
18669,[],Uncategorized Article
10614,[],Uncategorized Article
764,[],Uncategorized Article
15427,[],Uncategorized Article
15017,[],Uncategorized Article
4342,[],Uncategorized Article
758,[],Uncategorized Article
12382,[],Uncategorized Article
6598,[],Uncategorized Article
10923,[],Uncategorized Article
26991,[],Uncategorized Article
20400,[],Uncategorized Article
38,[],Uncategorized Article
3613,[],Uncategorized Article
9647,[],Uncategorized Article
26443,[],Uncategorized Article
19249,[],Uncategorized Article
5274,[],Uncategorized Article
24055,[],Uncategorized Article
7203,[],Uncategorized Article
2894,[],Uncategorized Article
5046,[],Uncategorized Article
26772,[],Uncategorized Article
4587,[],Uncategorized Article
14454,[],Uncategorized Article
12082,[],Uncategorized Article
12681,[],Uncategorized Article
9245,[],Uncategorized Article
23622,[],Uncategorized Article
20793,[],Uncategorized Article
8698,[],Uncategorized Article
26585,[],Uncategorized Article
18963,[],Uncategorized Article
7572,[],Uncategorized Article
6301,[],Uncategorized Article
12584,[],Uncategorized Article
2807,[],Uncategorized Article
20529,[],Uncategorized Article
20591,[],Uncategorized Article
21667,[],Uncategorized Article
8496,[],Uncategorized Article
20257,[],Uncategorized Article
11786,[],Uncategorized Article
22989,[],Uncategorized Article
9178,[],Uncategorized Article
25686,[],Uncategorized Article
25352,[],Uncategorized Article
18332,[],Uncategorized Article
252,[],Uncategorized Article
6860,[],Uncategorized Article
5082,[],Uncategorized Article
511,[],Uncategorized Article
20842,[],Uncategorized Article
17012,[],Uncategorized Article
11503,[],Uncategorized Article
17057,[],Uncategorized Article
3333,[],Uncategorized Article
24371,[],Uncategorized Article
22100,[],Uncategorized Article
8405,[],Uncategorized Article
14344,[],Uncategorized Article
23421,[],Uncategorized Article
9060,[],Uncategorized Article
750,[],Uncategorized Article
13459,[],Uncategorized Article
15974,[],Uncategorized Article
2348,[],Uncategorized Article
6074,[],Uncategorized Article
15290,[],Uncategorized Article
8934,[],Uncategorized Article
26111,[],Uncategorized Article
19732,[],Uncategorized Article
10842,[],Uncategorized Article
21236,[],Uncategorized Article
16759,[],Uncategorized Article
16550,[],Uncategorized Article
6940,[],Uncategorized Article
22627,[],Uncategorized Article
12216,[],Uncategorized Article
1465,[],Uncategorized Article
12326,[],Uncategorized Article
25197,[],Uncategorized Article
25635,[],Uncategorized Article
2390,[],Uncategorized Article
25672,[],Uncategorized Article
14802,[],Uncategorized Article
20647,[],Uncategorized Article
12268,[],Uncategorized Article
8573,[],Uncategorized Article
23686,[],Uncategorized Article
5297,[],Uncategorized Article
13991,[],Uncategorized Article
17997,[],Uncategorized Article
14058,[],Uncategorized Article
19587,[],Uncategorized Article
662,[],Uncategorized Article
16345,[],Uncategorized Article
6817,[],Uncategorized Article
22818,[],Uncategorized Article
3467,[],Uncategorized Article
24093,[],Uncategorized Article
527,[],Uncategorized Article
11165,[],Uncategorized Article
13270,[],Uncategorized Article
5468,[],Uncategorized Article
9176,[],Uncategorized Article
8631,[],Uncategorized Article
8794,[],Uncategorized Article
3781,[],Uncategorized Article
12189,[],Uncategorized Article
429,[],Uncategorized Article
13740,[],Uncategorized Article
7680,[],Uncategorized Article
12060,[],Uncategorized Article
23337,[],Uncategorized Article
11522,[],Uncategorized Article
4881,[],Uncategorized Article
20490,[],Uncategorized Article
5143,[],Uncategorized Article
21978,[],Uncategorized Article
16952,[],Uncategorized Article
1226,[],Uncategorized Article
25853,[],Uncategorized Article
12321,[],Uncategorized Article
14353,[],Uncategorized Article
9413,[],Uncategorized Article
11253,[],Uncategorized Article
903,[],Uncategorized Article
7588,[],Uncategorized Article
8323,[],Uncategorized Article
19970,[],Uncategorized Article
2493,[],Uncategorized Article
85,[],Uncategorized Article
25137,[],Uncategorized Article
2991,[],Uncategorized Article
18842,[],Uncategorized Article
2258,[],Uncategorized Article
24552,[],Uncategorized Article
3079,[],Uncategorized Article
14070,[],Uncategorized Article
6389,[],Uncategorized Article
15548,[],Uncategorized Article
9652,[],Uncategorized Article
3016,[],Uncategorized Article
18659,[],Uncategorized Article
23658,[],Uncategorized Article
21211,[],Uncategorized Article
14724,[],Uncategorized Article
4988,[],Uncategorized Article
1653,[],Uncategorized Article
4362,[],Uncategorized Article
1532,[],Uncategorized Article
12157,[],Uncategorized Article
9449,[],Uncategorized Article
22697,[],Uncategorized Article
21269,[],Uncategorized Article
9398,[],Uncategorized Article
343,[],Uncategorized Article
8462,[],Uncategorized Article
20242,[],Uncategorized Article
8191,[],Uncategorized Article
9678,[],Uncategorized Article
12505,[],Uncategorized Article
17884,[],Uncategorized Article
1982,[],Uncategorized Article
17271,[],Uncategorized Article
22755,[],Uncategorized Article
3685,[],Uncategorized Article
8359,[],Uncategorized Article
18920,[],Uncategorized Article
12263,[],Uncategorized Article
11202,[],Uncategorized Article
23342,[],Uncategorized Article
6926,[],Uncategorized Article
26556,[],Uncategorized Article
15809,[],Uncategorized Article
26355,[],Uncategorized Article
12754,[],Uncategorized Article
753,[],Uncategorized Article
19113,[],Uncategorized Article
9610,[],Uncategorized Article
8644,[],Uncategorized Article
10446,[],Uncategorized Article
4063,[],Uncategorized Article
7983,[],Uncategorized Article
19021,[],Uncategorized Article
16022,[],Uncategorized Article
26500,[],Uncategorized Article
11628,[],Uncategorized Article
15170,[],Uncategorized Article
13387,[],Uncategorized Article
4244,[],Uncategorized Article
23303,[],Uncategorized Article
2438,[],Uncategorized Article
11677,[],Uncategorized Article
2069,[],Uncategorized Article
17466,[],Uncategorized Article
5224,[],Uncategorized Article
16144,[],Uncategorized Article
10544,[],Uncategorized Article
9270,[],Uncategorized Article
2175,[],Uncategorized Article
8816,[],Uncategorized Article
5083,[],Uncategorized Article
23527,[],Uncategorized Article
4105,[],Uncategorized Article
11843,[],Uncategorized Article
3550,[],Uncategorized Article
4353,[],Uncategorized Article
21142,[],Uncategorized Article
11450,[],Uncategorized Article
12406,[],Uncategorized Article
13904,[],Uncategorized Article
17779,[],Uncategorized Article
6402,[],Uncategorized Article
1354,[],Uncategorized Article
14095,[],Uncategorized Article
7457,[],Uncategorized Article
17686,[],Uncategorized Article
7744,[],Uncategorized Article
16130,[],Uncategorized Article
22914,[],Uncategorized Article
18883,[],Uncategorized Article
1099,[],Uncategorized Article
15606,[],Uncategorized Article
10117,[],Uncategorized Article
14602,[],Uncategorized Article
17656,[],Uncategorized Article
8626,[],Uncategorized Article
1083,[],Uncategorized Article
3604,[],Uncategorized Article
16632,[],Uncategorized Article
12465,[],Uncategorized Article
21015,[],Uncategorized Article
991,[],Uncategorized Article
16591,[],Uncategorized Article
1887,[],Uncategorized Article
19998,[],Uncategorized Article
21784,[],Uncategorized Article
15939,[],Uncategorized Article
6443,[],Uncategorized Article
12065,[],Uncategorized Article
16000,[],Uncategorized Article
17093,[],Uncategorized Article
12518,[],Uncategorized Article
17684,[],Uncategorized Article
19239,[],Uncategorized Article
9097,[],Uncategorized Article
24565,[],Uncategorized Article
24117,[],Uncategorized Article
5489,[],Uncategorized Article
11377,[],Uncategorized Article
17045,[],Uncategorized Article
8138,[],Uncategorized Article
20184,[],Uncategorized Article
10908,[],Uncategorized Article
23248,[],Uncategorized Article
24903,[],Uncategorized Article
22540,[],Uncategorized Article
8709,[],Uncategorized Article
7575,[],Uncategorized Article
4051,[],Uncategorized Article
5007,[],Uncategorized Article
3139,[],Uncategorized Article
24138,[],Uncategorized Article
7789,[],Uncategorized Article
18573,[],Uncategorized Article
11462,[],Uncategorized Article
22733,[],Uncategorized Article
4750,[],Uncategorized Article
813,[],Uncategorized Article
19292,[],Uncategorized Article
7883,[],Uncategorized Article
21577,[],Uncategorized Article
8432,[],Uncategorized Article
21197,[],Uncategorized Article
20897,[],Uncategorized Article
21286,[],Uncategorized Article
11233,[],Uncategorized Article
13943,[],Uncategorized Article
4468,[],Uncategorized Article
3107,[],Uncategorized Article
7925,[],Uncategorized Article
2006,[],Uncategorized Article
12255,[],Uncategorized Article
15380,[],Uncategorized Article
19070,[],Uncategorized Article
12914,[],Uncategorized Article
8171,[],Uncategorized Article
20359,[],Uncategorized Article
5964,[],Uncategorized Article
23578,[],Uncategorized Article
24113,[],Uncategorized Article
19165,[],Uncategorized Article
11838,[],Uncategorized Article
4385,[],Uncategorized Article
22719,[],Uncategorized Article
6670,[],Uncategorized Article
22640,[],Uncategorized Article
24738,[],Uncategorized Article
24987,[],Uncategorized Article
24561,[],Uncategorized Article
19609,[],Uncategorized Article
21920,[],Uncategorized Article
19335,[],Uncategorized Article
8694,[],Uncategorized Article
25195,[],Uncategorized Article
24544,[],Uncategorized Article
5272,[],Uncategorized Article
19104,[],Uncategorized Article
24456,[],Uncategorized Article
2574,[],Uncategorized Article
6500,[],Uncategorized Article
21280,[],Uncategorized Article
10005,[],Uncategorized Article
5861,[],Uncategorized Article
15866,[],Uncategorized Article
23334,[],Uncategorized Article
11860,[],Uncategorized Article
14335,[],Uncategorized Article
19509,[],Uncategorized Article
17894,[],Uncategorized Article
4,[],Uncategorized Article
15912,[],Uncategorized Article
21620,[],Uncategorized Article
10915,[],Uncategorized Article
13728,[],Uncategorized Article
1865,[],Uncategorized Article
4089,[],Uncategorized Article
23515,[],Uncategorized Article
9711,[],Uncategorized Article
15054,[],Uncategorized Article
22661,[],Uncategorized Article
1568,[],Uncategorized Article
18282,[],Uncategorized Article
11845,[],Uncategorized Article
24349,[],Uncategorized Article
15744,[],Uncategorized Article
22102,[],Uncategorized Article
14934,[],Uncategorized Article
25840,[],Uncategorized Article
14564,[],Uncategorized Article
21292,[],Uncategorized Article
9080,[],Uncategorized Article
1064,[],Uncategorized Article
24869,[],Uncategorized Article
26850,[],Uncategorized Article
15403,[],Uncategorized Article
5308,[],Uncategorized Article
17752,[],Uncategorized Article
7333,[],Uncategorized Article
6106,[],Uncategorized Article
9963,[],Uncategorized Article
332,[],Uncategorized Article
3989,[],Uncategorized Article
16435,[],Uncategorized Article
13693,[],Uncategorized Article
3692,[],Uncategorized Article
6866,[],Uncategorized Article
7462,[],Uncategorized Article
25822,[],Uncategorized Article
13433,[],Uncategorized Article
15626,[],Uncategorized Article
18000,[],Uncategorized Article
7814,[],Uncategorized Article
26764,[],Uncategorized Article
19189,[],Uncategorized Article
13295,[],Uncategorized Article
6734,[],Uncategorized Article
11863,[],Uncategorized Article
22791,[],Uncategorized Article
23815,[],Uncategorized Article
26455,[],Uncategorized Article
10491,[],Uncategorized Article
21902,[],Uncategorized Article
4467,[],Uncategorized Article
14096,[],Uncategorized Article
19578,[],Uncategorized Article
9430,[],Uncategorized Article
5169,[],Uncategorized Article
7726,[],Uncategorized Article
22214,[],Uncategorized Article
7945,[],Uncategorized Article
5631,[],Uncategorized Article
8732,[],Uncategorized Article
26067,[],Uncategorized Article
7414,[],Uncategorized Article
8678,[],Uncategorized Article
8056,[],Uncategorized Article
14438,[],Uncategorized Article
1683,[],Uncategorized Article
26659,[],Uncategorized Article
9361,[],Uncategorized Article
22702,[],Uncategorized Article
12657,[],Uncategorized Article
578,[],Uncategorized Article
1110,[],Uncategorized Article
18418,[],Uncategorized Article
18393,[],Uncategorized Article
18281,[],Uncategorized Article
24161,[],Uncategorized Article
20415,[],Uncategorized Article
13079,[],Uncategorized Article
5723,[],Uncategorized Article
13115,[],Uncategorized Article
13048,[],Uncategorized Article
10022,[],Uncategorized Article
7250,[],Uncategorized Article
676,[],Uncategorized Article
7538,[],Uncategorized Article
26758,[],Uncategorized Article
14578,[],Uncategorized Article
782,[],Uncategorized Article
12957,[],Uncategorized Article
14360,[],Uncategorized Article
9988,[],Uncategorized Article
21758,[],Uncategorized Article
25318,[],Uncategorized Article
10425,[],Uncategorized Article
13023,[],Uncategorized Article
17068,[],Uncategorized Article
183,[],Uncategorized Article
9511,[],Uncategorized Article
3166,[],Uncategorized Article
4061,[],Uncategorized Article
2297,[],Uncategorized Article
17179,[],Uncategorized Article
26779,[],Uncategorized Article
18127,[],Uncategorized Article
2836,[],Uncategorized Article
18570,[],Uncategorized Article
12579,[],Uncategorized Article
24890,[],Uncategorized Article
19905,[],Uncategorized Article
1955,[],Uncategorized Article
2355,[],Uncategorized Article
20718,[],Uncategorized Article
17756,[],Uncategorized Article
12643,[],Uncategorized Article
7289,[],Uncategorized Article
25089,[],Uncategorized Article
7120,[],Uncategorized Article
4562,[],Uncategorized Article
533,[],Uncategorized Article
21617,[],Uncategorized Article
23677,[],Uncategorized Article
8661,[],Uncategorized Article
25544,[],Uncategorized Article
4635,[],Uncategorized Article
2742,[],Uncategorized Article
6141,[],Uncategorized Article
3761,[],Uncategorized Article
16020,[],Uncategorized Article
26810,[],Uncategorized Article
4734,[],Uncategorized Article
13038,[],Uncategorized Article
7443,[],Uncategorized Article
9458,[],Uncategorized Article
20189,[],Uncategorized Article
24847,[],Uncategorized Article
13182,[],Uncategorized Article
23707,[],Uncategorized Article
12353,[],Uncategorized Article
8045,[],Uncategorized Article
18210,[],Uncategorized Article
25651,[],Uncategorized Article
5760,[],Uncategorized Article
17293,[],Uncategorized Article
8522,[],Uncategorized Article
3992,[],Uncategorized Article
11940,[],Uncategorized Article
20489,[],Uncategorized Article
17366,[],Uncategorized Article
26961,[],Uncategorized Article
23540,[],Uncategorized Article
1566,[],Uncategorized Article
21220,[],Uncategorized Article
20921,[],Uncategorized Article
9102,[],Uncategorized Article
1145,[],Uncategorized Article
4514,[],Uncategorized Article
25046,[],Uncategorized Article
13638,[],Uncategorized Article
10250,[],Uncategorized Article
15461,[],Uncategorized Article
15130,[],Uncategorized Article
20697,[],Uncategorized Article
10838,[],Uncategorized Article
1544,[],Uncategorized Article
18406,[],Uncategorized Article
17956,[],Uncategorized Article
23096,[],Uncategorized Article
4511,[],Uncategorized Article
5667,[],Uncategorized Article
3177,[],Uncategorized Article
10991,[],Uncategorized Article
22493,[],Uncategorized Article
1281,[],Uncategorized Article
22495,[],Uncategorized Article
8284,[],Uncategorized Article
6175,[],Uncategorized Article
21348,[],Uncategorized Article
2471,[],Uncategorized Article
11458,[],Uncategorized Article
10294,[],Uncategorized Article
5587,[],Uncategorized Article
9660,[],Uncategorized Article
4466,[],Uncategorized Article
10466,[],Uncategorized Article
6373,[],Uncategorized Article
22068,[],Uncategorized Article
12825,[],Uncategorized Article
26610,[],Uncategorized Article
14548,[],Uncategorized Article
6320,[],Uncategorized Article
659,[],Uncategorized Article
16810,[],Uncategorized Article
12981,[],Uncategorized Article
25346,[],Uncategorized Article
10909,[],Uncategorized Article
3599,[],Uncategorized Article
5902,[],Uncategorized Article
18502,[],Uncategorized Article
25440,[],Uncategorized Article
17763,[],Uncategorized Article
4294,[],Uncategorized Article
11963,[],Uncategorized Article
13857,[],Uncategorized Article
17911,[],Uncategorized Article
14836,[],Uncategorized Article
18862,[],Uncategorized Article
20351,[],Uncategorized Article
25496,[],Uncategorized Article
4039,[],Uncategorized Article
17468,[],Uncategorized Article
26804,[],Uncategorized Article
10678,[],Uncategorized Article
3914,[],Uncategorized Article
25391,[],Uncategorized Article
13559,[],Uncategorized Article
14528,[],Uncategorized Article
21914,[],Uncategorized Article
14573,[],Uncategorized Article
2344,[],Uncategorized Article
3076,[],Uncategorized Article
24044,[],Uncategorized Article
5605,[],Uncategorized Article
10499,[],Uncategorized Article
14524,[],Uncategorized Article
6323,[],Uncategorized Article
15131,[],Uncategorized Article
24015,[],Uncategorized Article
14418,[],Uncategorized Article
7895,[],Uncategorized Article
23364,[],Uncategorized Article
25652,[],Uncategorized Article
21156,[],Uncategorized Article
9041,[],Uncategorized Article
15004,[],Uncategorized Article
7528,[],Uncategorized Article
7200,[],Uncategorized Article
20404,[],Uncategorized Article
18464,[],Uncategorized Article
22285,[],Uncategorized Article
10162,[],Uncategorized Article
25612,[],Uncategorized Article
19752,[],Uncategorized Article
157,[],Uncategorized Article
4076,[],Uncategorized Article
8380,[],Uncategorized Article
3577,[],Uncategorized Article
22782,[],Uncategorized Article
13173,[],Uncategorized Article
6209,[],Uncategorized Article
5856,[],Uncategorized Article
16649,[],Uncategorized Article
12756,[],Uncategorized Article
18797,[],Uncategorized Article
21167,[],Uncategorized Article
6114,[],Uncategorized Article
23902,[],Uncategorized Article
8143,[],Uncategorized Article
26741,[],Uncategorized Article
22153,[],Uncategorized Article
4066,[],Uncategorized Article
19987,[],Uncategorized Article
9859,[],Uncategorized Article
3013,[],Uncategorized Article
24387,[],Uncategorized Article
18149,[],Uncategorized Article
12341,[],Uncategorized Article
18027,[],Uncategorized Article
14503,[],Uncategorized Article
2569,[],Uncategorized Article
24362,[],Uncategorized Article
15818,[],Uncategorized Article
5630,[],Uncategorized Article
12023,[],Uncategorized Article
12969,[],Uncategorized Article
18403,[],Uncategorized Article
17531,[],Uncategorized Article
7245,[],Uncategorized Article
16334,[],Uncategorized Article
20183,[],Uncategorized Article
15286,[],Uncategorized Article
24998,[],Uncategorized Article
7881,[],Uncategorized Article
17372,[],Uncategorized Article
12188,[],Uncategorized Article
20821,[],Uncategorized Article
7696,[],Uncategorized Article
10551,[],Uncategorized Article
8865,[],Uncategorized Article
13916,[],Uncategorized Article
18859,[],Uncategorized Article
15460,[],Uncategorized Article
25812,[],Uncategorized Article
26206,[],Uncategorized Article
2820,[],Uncategorized Article
5834,[],Uncategorized Article
14582,[],Uncategorized Article
20446,[],Uncategorized Article
2791,[],Uncategorized Article
388,[],Uncategorized Article
14216,[],Uncategorized Article
12604,[],Uncategorized Article
26927,[],Uncategorized Article
21530,[],Uncategorized Article
16739,[],Uncategorized Article
1326,[],Uncategorized Article
6897,[],Uncategorized Article
12680,[],Uncategorized Article
17166,[],Uncategorized Article
5894,[],Uncategorized Article
24804,[],Uncategorized Article
15528,[],Uncategorized Article
17840,[],Uncategorized Article
9437,[],Uncategorized Article
21173,[],Uncategorized Article
1650,[],Uncategorized Article
10873,[],Uncategorized Article
17204,[],Uncategorized Article
5248,[],Uncategorized Article
12594,[],Uncategorized Article
14929,[],Uncategorized Article
435,[],Uncategorized Article
12179,[],Uncategorized Article
19930,[],Uncategorized Article
7430,[],Uncategorized Article
9966,[],Uncategorized Article
6541,[],Uncategorized Article
20881,[],Uncategorized Article
6641,[],Uncategorized Article
24526,[],Uncategorized Article
2562,[],Uncategorized Article
11668,[],Uncategorized Article
23127,[],Uncategorized Article
24151,[],Uncategorized Article
23228,[],Uncategorized Article
12074,[],Uncategorized Article
21516,[],Uncategorized Article
17112,[],Uncategorized Article
23016,[],Uncategorized Article
12437,[],Uncategorized Article
25655,[],Uncategorized Article
7321,[],Uncategorized Article
15028,[],Uncategorized Article
13469,[],Uncategorized Article
8723,[],Uncategorized Article
23865,[],Uncategorized Article
15603,[],Uncategorized Article
24039,[],Uncategorized Article
6113,[],Uncategorized Article
24458,[],Uncategorized Article
19395,[],Uncategorized Article
8383,[],Uncategorized Article
18251,[],Uncategorized Article
19269,[],Uncategorized Article
22690,[],Uncategorized Article
17547,[],Uncategorized Article
16718,[],Uncategorized Article
25875,[],Uncategorized Article
5028,[],Uncategorized Article
6818,[],Uncategorized Article
16161,[],Uncategorized Article
23633,[],Uncategorized Article
16877,[],Uncategorized Article
16461,[],Uncategorized Article
16477,[],Uncategorized Article
14459,[],Uncategorized Article
23124,[],Uncategorized Article
19297,[],Uncategorized Article
5541,[],Uncategorized Article
9835,[],Uncategorized Article
19990,[],Uncategorized Article
18759,[],Uncategorized Article
23373,[],Uncategorized Article
21549,[],Uncategorized Article
19398,[],Uncategorized Article
26004,[],Uncategorized Article
11401,[],Uncategorized Article
25234,[],Uncategorized Article
7327,[],Uncategorized Article
20468,[],Uncategorized Article
2996,[],Uncategorized Article
24457,[],Uncategorized Article
22715,[],Uncategorized Article
26873,[],Uncategorized Article
7981,[],Uncategorized Article
5734,[],Uncategorized Article
26490,[],Uncategorized Article
8509,[],Uncategorized Article
11385,[],Uncategorized Article
22539,[],Uncategorized Article
24666,[],Uncategorized Article
15648,[],Uncategorized Article
17321,[],Uncategorized Article
23329,[],Uncategorized Article
14841,[],Uncategorized Article
1352,[],Uncategorized Article
3902,[],Uncategorized Article
26437,[],Uncategorized Article
7061,[],Uncategorized Article
9236,[],Uncategorized Article
1096,[],Uncategorized Article
5805,[],Uncategorized Article
18967,[],Uncategorized Article
19946,[],Uncategorized Article
13980,[],Uncategorized Article
16572,[],Uncategorized Article
4554,[],Uncategorized Article
11272,[],Uncategorized Article
7810,[],Uncategorized Article
6556,[],Uncategorized Article
20982,[],Uncategorized Article
14833,[],Uncategorized Article
25886,[],Uncategorized Article
10665,[],Uncategorized Article
3371,[],Uncategorized Article
20992,[],Uncategorized Article
4367,[],Uncategorized Article
11872,[],Uncategorized Article
4238,[],Uncategorized Article
9998,[],Uncategorized Article
26195,[],Uncategorized Article
6831,[],Uncategorized Article
7517,[],Uncategorized Article
25395,[],Uncategorized Article
11467,[],Uncategorized Article
18035,[],Uncategorized Article
19069,[],Uncategorized Article
26969,[],Uncategorized Article
10479,[],Uncategorized Article
21006,[],Uncategorized Article
18250,[],Uncategorized Article
15880,[],Uncategorized Article
5761,[],Uncategorized Article
23948,[],Uncategorized Article
11640,[],Uncategorized Article
548,[],Uncategorized Article
22441,[],Uncategorized Article
20263,[],Uncategorized Article
25386,[],Uncategorized Article
20342,[],Uncategorized Article
9319,[],Uncategorized Article
3944,[],Uncategorized Article
15296,[],Uncategorized Article
4308,[],Uncategorized Article
25727,[],Uncategorized Article
11693,[],Uncategorized Article
21896,[],Uncategorized Article
5869,[],Uncategorized Article
24605,[],Uncategorized Article
23076,[],Uncategorized Article
26670,[],Uncategorized Article
17311,[],Uncategorized Article
16833,[],Uncategorized Article
448,[],Uncategorized Article
22485,[],Uncategorized Article
11209,[],Uncategorized Article
25052,[],Uncategorized Article
25144,[],Uncategorized Article
25009,[],Uncategorized Article
13385,[],Uncategorized Article
9364,[],Uncategorized Article
7535,[],Uncategorized Article
23340,[],Uncategorized Article
7365,[],Uncategorized Article
12135,[],Uncategorized Article
1127,[],Uncategorized Article
23081,[],Uncategorized Article
4407,[],Uncategorized Article
1799,[],Uncategorized Article
14103,[],Uncategorized Article
10089,[],Uncategorized Article
20352,[],Uncategorized Article
2387,[],Uncategorized Article
3034,[],Uncategorized Article
14261,[],Uncategorized Article
5648,[],Uncategorized Article
17753,[],Uncategorized Article
23699,[],Uncategorized Article
6066,[],Uncategorized Article
3512,[],Uncategorized Article
7000,[],Uncategorized Article
11633,[],Uncategorized Article
19574,[],Uncategorized Article
20533,[],Uncategorized Article
22146,[],Uncategorized Article
7816,[],Uncategorized Article
20038,[],Uncategorized Article
8131,[],Uncategorized Article
5758,[],Uncategorized Article
4288,[],Uncategorized Article
6695,[],Uncategorized Article
26590,[],Uncategorized Article
22749,[],Uncategorized Article
24577,[],Uncategorized Article
23971,[],Uncategorized Article
18653,[],Uncategorized Article
7802,[],Uncategorized Article
18964,[],Uncategorized Article
3260,[],Uncategorized Article
19027,[],Uncategorized Article
19620,[],Uncategorized Article
24101,[],Uncategorized Article
8273,[],Uncategorized Article
21597,[],Uncategorized Article
23434,[],Uncategorized Article
15868,[],Uncategorized Article
2840,[],Uncategorized Article
21823,[],Uncategorized Article
2615,[],Uncategorized Article
8369,[],Uncategorized Article
10609,[],Uncategorized Article
8421,[],Uncategorized Article
3560,[],Uncategorized Article
25993,[],Uncategorized Article
13040,[],Uncategorized Article
4081,[],Uncategorized Article
1511,[],Uncategorized Article
14183,[],Uncategorized Article
5858,[],Uncategorized Article
5281,[],Uncategorized Article
18707,[],Uncategorized Article
14644,[],Uncategorized Article
7215,[],Uncategorized Article
15325,[],Uncategorized Article
25689,[],Uncategorized Article
16831,[],Uncategorized Article
14189,[],Uncategorized Article
473,[],Uncategorized Article
14891,[],Uncategorized Article
7021,[],Uncategorized Article
1846,[],Uncategorized Article
19765,[],Uncategorized Article
15760,[],Uncategorized Article
15889,[],Uncategorized Article
9015,[],Uncategorized Article
8948,[],Uncategorized Article
26889,[],Uncategorized Article
21837,[],Uncategorized Article
24695,[],Uncategorized Article
13911,[],Uncategorized Article
11610,[],Uncategorized Article
5825,[],Uncategorized Article
1897,[],Uncategorized Article
1851,[],Uncategorized Article
7157,[],Uncategorized Article
23278,[],Uncategorized Article
1681,[],Uncategorized Article
1452,[],Uncategorized Article
20244,[],Uncategorized Article
8967,[],Uncategorized Article
10301,[],Uncategorized Article
16757,[],Uncategorized Article
11728,[],Uncategorized Article
14822,[],Uncategorized Article
23932,[],Uncategorized Article
18436,[],Uncategorized Article
12324,[],Uncategorized Article
11148,[],Uncategorized Article
16631,[],Uncategorized Article
13185,[],Uncategorized Article
9669,[],Uncategorized Article
25799,[],Uncategorized Article
13169,[],Uncategorized Article
299,[],Uncategorized Article
1107,[],Uncategorized Article
850,[],Uncategorized Article
12032,[],Uncategorized Article
16143,[],Uncategorized Article
19960,[],Uncategorized Article
2246,[],Uncategorized Article
18303,[],Uncategorized Article
11223,[],Uncategorized Article
9800,[],Uncategorized Article
6383,[],Uncategorized Article
6086,[],Uncategorized Article
4118,[],Uncategorized Article
12348,[],Uncategorized Article
8,[],Uncategorized Article
18507,[],Uncategorized Article
5367,[],Uncategorized Article
21291,[],Uncategorized Article
25980,[],Uncategorized Article
4040,[],Uncategorized Article
716,[],Uncategorized Article
7791,[],Uncategorized Article
22310,[],Uncategorized Article
18482,[],Uncategorized Article
21679,[],Uncategorized Article
19358,[],Uncategorized Article
19831,[],Uncategorized Article
25142,[],Uncategorized Article
16177,[],Uncategorized Article
5101,[],Uncategorized Article
21178,[],Uncategorized Article
3097,[],Uncategorized Article
6167,[],Uncategorized Article
15496,[],Uncategorized Article
14795,[],Uncategorized Article
18795,[],Uncategorized Article
9572,[],Uncategorized Article
26722,[],Uncategorized Article
774,[],Uncategorized Article
16224,[],Uncategorized Article
16151,[],Uncategorized Article
3657,[],Uncategorized Article
11898,[],Uncategorized Article
9382,[],Uncategorized Article
21214,[],Uncategorized Article
20334,[],Uncategorized Article
19338,[],Uncategorized Article
22315,[],Uncategorized Article
24111,[],Uncategorized Article
21440,[],Uncategorized Article
23484,[],Uncategorized Article
8981,[],Uncategorized Article
17122,[],Uncategorized Article
5973,[],Uncategorized Article
12471,[],Uncategorized Article
16707,[],Uncategorized Article
21460,[],Uncategorized Article
5632,[],Uncategorized Article
16496,[],Uncategorized Article
19413,[],Uncategorized Article
19562,[],Uncategorized Article
11432,[],Uncategorized Article
17934,[],Uncategorized Article
5786,[],Uncategorized Article
20711,[],Uncategorized Article
8296,[],Uncategorized Article
11512,[],Uncategorized Article
5467,[],Uncategorized Article
12339,[],Uncategorized Article
26318,[],Uncategorized Article
19754,[],Uncategorized Article
16098,[],Uncategorized Article
3087,[],Uncategorized Article
15249,[],Uncategorized Article
18558,[],Uncategorized Article
2478,[],Uncategorized Article
14181,[],Uncategorized Article
5431,[],Uncategorized Article
10815,[],Uncategorized Article
10101,[],Uncategorized Article
19433,[],Uncategorized Article
23210,[],Uncategorized Article
14354,[],Uncategorized Article
18576,[],Uncategorized Article
23743,[],Uncategorized Article
25783,[],Uncategorized Article
12843,[],Uncategorized Article
8455,[],Uncategorized Article
10317,[],Uncategorized Article
15778,[],Uncategorized Article
5538,[],Uncategorized Article
831,[],Uncategorized Article
17786,[],Uncategorized Article
13139,[],Uncategorized Article
25890,[],Uncategorized Article
15828,[],Uncategorized Article
6180,[],Uncategorized Article
26767,[],Uncategorized Article
1928,[],Uncategorized Article
1370,[],Uncategorized Article
3090,[],Uncategorized Article
26368,[],Uncategorized Article
7990,[],Uncategorized Article
17769,[],Uncategorized Article
26732,[],Uncategorized Article
13783,[],Uncategorized Article
21750,[],Uncategorized Article
25328,[],Uncategorized Article
9566,[],Uncategorized Article
1916,[],Uncategorized Article
26255,[],Uncategorized Article
12217,[],Uncategorized Article
21741,[],Uncategorized Article
13533,[],Uncategorized Article
14546,[],Uncategorized Article
13152,[],Uncategorized Article
8689,[],Uncategorized Article
14477,[],Uncategorized Article
11079,[],Uncategorized Article
3619,[],Uncategorized Article
7425,[],Uncategorized Article
5987,[],Uncategorized Article
12019,[],Uncategorized Article
18433,[],Uncategorized Article
11995,[],Uncategorized Article
8917,[],Uncategorized Article
23170,[],Uncategorized Article
7180,[],Uncategorized Article
1976,[],Uncategorized Article
9634,[],Uncategorized Article
12845,[],Uncategorized Article
2309,[],Uncategorized Article
3549,[],Uncategorized Article
1766,[],Uncategorized Article
7150,[],Uncategorized Article
18451,[],Uncategorized Article
4962,[],Uncategorized Article
24329,[],Uncategorized Article
9680,[],Uncategorized Article
4907,[],Uncategorized Article
14425,[],Uncategorized Article
16812,[],Uncategorized Article
5164,[],Uncategorized Article
18788,[],Uncategorized Article
15486,[],Uncategorized Article
14035,[],Uncategorized Article
26785,[],Uncategorized Article
17991,[],Uncategorized Article
11424,[],Uncategorized Article
4638,[],Uncategorized Article
18608,[],Uncategorized Article
9451,[],Uncategorized Article
8237,[],Uncategorized Article
18009,[],Uncategorized Article
1655,[],Uncategorized Article
2861,[],Uncategorized Article
18396,[],Uncategorized Article
10375,[],Uncategorized Article
8801,[],Uncategorized Article
14808,[],Uncategorized Article
3322,[],Uncategorized Article
9357,[],Uncategorized Article
20250,[],Uncategorized Article
9665,[],Uncategorized Article
22250,[],Uncategorized Article
5903,[],Uncategorized Article
3861,[],Uncategorized Article
8063,[],Uncategorized Article
4812,[],Uncategorized Article
2126,[],Uncategorized Article
19171,[],Uncategorized Article
17863,[],Uncategorized Article
23059,[],Uncategorized Article
15104,[],Uncategorized Article
2088,[],Uncategorized Article
10668,[],Uncategorized Article
981,[],Uncategorized Article
12430,[],Uncategorized Article
6558,[],Uncategorized Article
14711,[],Uncategorized Article
15619,[],Uncategorized Article
5267,[],Uncategorized Article
12758,[],Uncategorized Article
9438,[],Uncategorized Article
800,[],Uncategorized Article
10266,[],Uncategorized Article
15094,[],Uncategorized Article
13974,[],Uncategorized Article
17404,[],Uncategorized Article
13227,[],Uncategorized Article
19080,[],Uncategorized Article
3290,[],Uncategorized Article
26480,[],Uncategorized Article
25537,[],Uncategorized Article
13132,[],Uncategorized Article
12519,[],Uncategorized Article
11062,[],Uncategorized Article
1516,[],Uncategorized Article
8530,[],Uncategorized Article
1781,[],Uncategorized Article
2070,[],Uncategorized Article
17742,[],Uncategorized Article
23424,[],Uncategorized Article
13987,[],Uncategorized Article
17853,[],Uncategorized Article
2432,[],Uncategorized Article
6856,[],Uncategorized Article
12908,[],Uncategorized Article
22975,[],Uncategorized Article
15002,[],Uncategorized Article
19236,[],Uncategorized Article
11579,[],Uncategorized Article
10660,[],Uncategorized Article
18941,[],Uncategorized Article
6584,[],Uncategorized Article
3217,[],Uncategorized Article
7666,[],Uncategorized Article
17670,[],Uncategorized Article
26178,[],Uncategorized Article
7188,[],Uncategorized Article
12005,[],Uncategorized Article
21475,[],Uncategorized Article
796,[],Uncategorized Article
21934,[],Uncategorized Article
23830,[],Uncategorized Article
12412,[],Uncategorized Article
19961,[],Uncategorized Article
12687,[],Uncategorized Article
11301,[],Uncategorized Article
21582,[],Uncategorized Article
7770,[],Uncategorized Article
15658,[],Uncategorized Article
5309,[],Uncategorized Article
9314,[],Uncategorized Article
25428,[],Uncategorized Article
3101,[],Uncategorized Article
25816,[],Uncategorized Article
8276,[],Uncategorized Article
17927,[],Uncategorized Article
11459,[],Uncategorized Article
6693,[],Uncategorized Article
26,[],Uncategorized Article
16236,[],Uncategorized Article
6030,[],Uncategorized Article
11047,[],Uncategorized Article
3099,[],Uncategorized Article
25732,[],Uncategorized Article
10924,[],Uncategorized Article
18517,[],Uncategorized Article
19347,[],Uncategorized Article
12507,[],Uncategorized Article
6071,[],Uncategorized Article
5700,[],Uncategorized Article
19007,[],Uncategorized Article
25049,[],Uncategorized Article
20339,[],Uncategorized Article
12272,[],Uncategorized Article
7596,[],Uncategorized Article
25203,[],Uncategorized Article
19791,[],Uncategorized Article
16338,[],Uncategorized Article
20255,[],Uncategorized Article
5118,[],Uncategorized Article
2231,[],Uncategorized Article
24659,[],Uncategorized Article
12374,[],Uncategorized Article
1590,[],Uncategorized Article
18468,[],Uncategorized Article
12008,[],Uncategorized Article
22416,[],Uncategorized Article
6472,[],Uncategorized Article
13437,[],Uncategorized Article
21514,[],Uncategorized Article
14735,[],Uncategorized Article
1592,[],Uncategorized Article
8637,[],Uncategorized Article
1082,[],Uncategorized Article
4374,[],Uncategorized Article
3221,[],Uncategorized Article
7852,[],Uncategorized Article
19616,[],Uncategorized Article
16384,[],Uncategorized Article
3546,[],Uncategorized Article
16442,[],Uncategorized Article
10596,[],Uncategorized Article
23035,[],Uncategorized Article
6867,[],Uncategorized Article
6512,[],Uncategorized Article
14657,[],Uncategorized Article
24840,[],Uncategorized Article
2713,[],Uncategorized Article
16618,[],Uncategorized Article
16325,[],Uncategorized Article
18849,[],Uncategorized Article
11143,[],Uncategorized Article
23894,[],Uncategorized Article
15481,[],Uncategorized Article
1904,[],Uncategorized Article
5725,[],Uncategorized Article
8260,[],Uncategorized Article
20211,[],Uncategorized Article
22678,[],Uncategorized Article
434,[],Uncategorized Article
16962,[],Uncategorized Article
15107,[],Uncategorized Article
4856,[],Uncategorized Article
24427,[],Uncategorized Article
26438,[],Uncategorized Article
8986,[],Uncategorized Article
2834,[],Uncategorized Article
2203,[],Uncategorized Article
3445,[],Uncategorized Article
12848,[],Uncategorized Article
25242,[],Uncategorized Article
6962,[],Uncategorized Article
8701,[],Uncategorized Article
7506,[],Uncategorized Article
4280,[],Uncategorized Article
3767,[],Uncategorized Article
24140,[],Uncategorized Article
26439,[],Uncategorized Article
21895,[],Uncategorized Article
8753,[],Uncategorized Article
12849,[],Uncategorized Article
15336,[],Uncategorized Article
13736,[],Uncategorized Article
11103,[],Uncategorized Article
18709,[],Uncategorized Article
743,[],Uncategorized Article
9326,[],Uncategorized Article
21720,[],Uncategorized Article
5378,[],Uncategorized Article
15097,[],Uncategorized Article
10407,[],Uncategorized Article
3238,[],Uncategorized Article
7240,[],Uncategorized Article
21806,[],Uncategorized Article
932,[],Uncategorized Article
8382,[],Uncategorized Article
10888,[],Uncategorized Article
19150,[],Uncategorized Article
21061,[],Uncategorized Article
3484,[],Uncategorized Article
21574,[],Uncategorized Article
9709,[],Uncategorized Article
25506,[],Uncategorized Article
15411,[],Uncategorized Article
1368,[],Uncategorized Article
7590,[],Uncategorized Article
4204,[],Uncategorized Article
12210,[],Uncategorized Article
1547,[],Uncategorized Article
15018,[],Uncategorized Article
19083,[],Uncategorized Article
23908,[],Uncategorized Article
12200,[],Uncategorized Article
10712,[],Uncategorized Article
13049,[],Uncategorized Article
21343,[],Uncategorized Article
10010,[],Uncategorized Article
20045,[],Uncategorized Article
16430,[],Uncategorized Article
7479,[],Uncategorized Article
8545,[],Uncategorized Article
1285,[],Uncategorized Article
21769,[],Uncategorized Article
9274,[],Uncategorized Article
26925,[],Uncategorized Article
8825,[],Uncategorized Article
1935,[],Uncategorized Article
25159,[],Uncategorized Article
4899,[],Uncategorized Article
20243,[],Uncategorized Article
10662,[],Uncategorized Article
3991,[],Uncategorized Article
3447,[],Uncategorized Article
13905,[],Uncategorized Article
1185,[],Uncategorized Article
24125,[],Uncategorized Article
8970,[],Uncategorized Article
3021,[],Uncategorized Article
9368,[],Uncategorized Article
13246,[],Uncategorized Article
26671,[],Uncategorized Article
9955,[],Uncategorized Article
6211,[],Uncategorized Article
16887,[],Uncategorized Article
18979,[],Uncategorized Article
4595,[],Uncategorized Article
23192,[],Uncategorized Article
12084,[],Uncategorized Article
19306,[],Uncategorized Article
16592,[],Uncategorized Article
21078,[],Uncategorized Article
12194,[],Uncategorized Article
22027,[],Uncategorized Article
10330,[],Uncategorized Article
9123,[],Uncategorized Article
18528,[],Uncategorized Article
5142,[],Uncategorized Article
4993,[],Uncategorized Article
3811,[],Uncategorized Article
2291,[],Uncategorized Article
1216,[],Uncategorized Article
14695,[],Uncategorized Article
3603,[],Uncategorized Article
25110,[],Uncategorized Article
14909,[],Uncategorized Article
22093,[],Uncategorized Article
10705,[],Uncategorized Article
21867,[],Uncategorized Article
18229,[],Uncategorized Article
1659,[],Uncategorized Article
10262,[],Uncategorized Article
21196,[],Uncategorized Article
842,[],Uncategorized Article
2977,[],Uncategorized Article
7408,[],Uncategorized Article
12218,[],Uncategorized Article
12274,[],Uncategorized Article
19042,[],Uncategorized Article
2091,[],Uncategorized Article
16196,[],Uncategorized Article
6367,[],Uncategorized Article
3063,[],Uncategorized Article
25041,[],Uncategorized Article
9191,[],Uncategorized Article
791,[],Uncategorized Article
11000,[],Uncategorized Article
26953,[],Uncategorized Article
2633,[],Uncategorized Article
3297,[],Uncategorized Article
7155,[],Uncategorized Article
21533,[],Uncategorized Article
21613,[],Uncategorized Article
13573,[],Uncategorized Article
5521,[],Uncategorized Article
6004,[],Uncategorized Article
12667,[],Uncategorized Article
4100,[],Uncategorized Article
7926,[],Uncategorized Article
18853,[],Uncategorized Article
23394,[],Uncategorized Article
11092,[],Uncategorized Article
24299,[],Uncategorized Article
18757,[],Uncategorized Article
14,[],Uncategorized Article
4778,[],Uncategorized Article
2792,[],Uncategorized Article
21505,[],Uncategorized Article
11119,[],Uncategorized Article
17776,[],Uncategorized Article
13206,[],Uncategorized Article
5922,[],Uncategorized Article
17661,[],Uncategorized Article
16078,[],Uncategorized Article
9881,[],Uncategorized Article
8067,[],Uncategorized Article
20474,[],Uncategorized Article
23153,[],Uncategorized Article
24838,[],Uncategorized Article
98,[],Uncategorized Article
2606,[],Uncategorized Article
11050,[],Uncategorized Article
16487,[],Uncategorized Article
19364,[],Uncategorized Article
20282,[],Uncategorized Article
7038,[],Uncategorized Article
22635,[],Uncategorized Article
5,[],Uncategorized Article
17148,[],Uncategorized Article
22060,[],Uncategorized Article
5012,[],Uncategorized Article
22930,[],Uncategorized Article
17775,[],Uncategorized Article
5413,[],Uncategorized Article
8803,[],Uncategorized Article
461,[],Uncategorized Article
16245,[],Uncategorized Article
440,[],Uncategorized Article
14530,[],Uncategorized Article
20346,[],Uncategorized Article
26684,[],Uncategorized Article
18325,[],Uncategorized Article
11554,[],Uncategorized Article
12958,[],Uncategorized Article
1938,[],Uncategorized Article
19217,[],Uncategorized Article
9117,[],Uncategorized Article
17647,[],Uncategorized Article
4870,[],Uncategorized Article
12701,[],Uncategorized Article
25794,[],Uncategorized Article
12069,[],Uncategorized Article
7975,[],Uncategorized Article
12559,[],Uncategorized Article
19667,[],Uncategorized Article
23744,[],Uncategorized Article
11076,[],Uncategorized Article
22923,[],Uncategorized Article
7704,[],Uncategorized Article
20785,[],Uncategorized Article
25334,[],Uncategorized Article
14598,[],Uncategorized Article
5069,[],Uncategorized Article
21747,[],Uncategorized Article
7222,[],Uncategorized Article
15421,[],Uncategorized Article
23591,[],Uncategorized Article
879,[],Uncategorized Article
16355,[],Uncategorized Article
19983,[],Uncategorized Article
21684,[],Uncategorized Article
5465,[],Uncategorized Article
7511,[],Uncategorized Article
24992,[],Uncategorized Article
7664,[],Uncategorized Article
23450,[],Uncategorized Article
568,[],Uncategorized Article
22717,[],Uncategorized Article
23181,[],Uncategorized Article
20834,[],Uncategorized Article
15391,[],Uncategorized Article
9501,[],Uncategorized Article
16583,[],Uncategorized Article
10835,[],Uncategorized Article
7181,[],Uncategorized Article
24380,[],Uncategorized Article
8046,[],Uncategorized Article
15122,[],Uncategorized Article
25664,[],Uncategorized Article
2333,[],Uncategorized Article
26548,[],Uncategorized Article
26251,[],Uncategorized Article
9081,[],Uncategorized Article
25710,[],Uncategorized Article
2525,[],Uncategorized Article
9876,[],Uncategorized Article
19764,[],Uncategorized Article
17408,[],Uncategorized Article
18044,[],Uncategorized Article
6489,[],Uncategorized Article
20345,[],Uncategorized Article
4454,[],Uncategorized Article
12956,[],Uncategorized Article
26191,[],Uncategorized Article
19519,[],Uncategorized Article
19379,[],Uncategorized Article
15469,[],Uncategorized Article
6733,[],Uncategorized Article
16933,[],Uncategorized Article
18109,[],Uncategorized Article
3892,[],Uncategorized Article
2613,[],Uncategorized Article
17834,[],Uncategorized Article
9238,[],Uncategorized Article
6176,[],Uncategorized Article
11518,[],Uncategorized Article
24585,[],Uncategorized Article
23813,[],Uncategorized Article
9953,[],Uncategorized Article
6935,[],Uncategorized Article
12138,[],Uncategorized Article
1575,[],Uncategorized Article
12769,[],Uncategorized Article
7988,[],Uncategorized Article
20676,[],Uncategorized Article
1583,[],Uncategorized Article
19511,[],Uncategorized Article
1520,[],Uncategorized Article
26681,[],Uncategorized Article
1617,[],Uncategorized Article
20115,[],Uncategorized Article
12121,[],Uncategorized Article
10764,[],Uncategorized Article
26139,[],Uncategorized Article
9522,[],Uncategorized Article
12724,[],Uncategorized Article
12025,[],Uncategorized Article
7621,[],Uncategorized Article
17904,[],Uncategorized Article
5058,[],Uncategorized Article
26733,[],Uncategorized Article
22212,[],Uncategorized Article
25245,[],Uncategorized Article
18550,[],Uncategorized Article
2318,[],Uncategorized Article
9829,[],Uncategorized Article
405,[],Uncategorized Article
219,[],Uncategorized Article
4123,[],Uncategorized Article
22476,[],Uncategorized Article
13548,[],Uncategorized Article
22716,[],Uncategorized Article
8756,[],Uncategorized Article
2037,[],Uncategorized Article
7947,[],Uncategorized Article
1022,[],Uncategorized Article
7434,[],Uncategorized Article
10885,[],Uncategorized Article
20887,[],Uncategorized Article
266,[],Uncategorized Article
17120,[],Uncategorized Article
8861,[],Uncategorized Article
3827,[],Uncategorized Article
23069,[],Uncategorized Article
11013,[],Uncategorized Article
23317,[],Uncategorized Article
1351,[],Uncategorized Article
19634,[],Uncategorized Article
15559,[],Uncategorized Article
10934,[],Uncategorized Article
15602,[],Uncategorized Article
4665,[],Uncategorized Article
1263,[],Uncategorized Article
22815,[],Uncategorized Article
3584,[],Uncategorized Article
5524,[],Uncategorized Article
7913,[],Uncategorized Article
7472,[],Uncategorized Article
4723,[],Uncategorized Article
19140,[],Uncategorized Article
20556,[],Uncategorized Article
21561,[],Uncategorized Article
4762,[],Uncategorized Article
4968,[],Uncategorized Article
26132,[],Uncategorized Article
17238,[],Uncategorized Article
10180,[],Uncategorized Article
14059,[],Uncategorized Article
18386,[],Uncategorized Article
22232,[],Uncategorized Article
10845,[],Uncategorized Article
3517,[],Uncategorized Article
395,[],Uncategorized Article
3833,[],Uncategorized Article
22542,[],Uncategorized Article
19849,[],Uncategorized Article
4708,[],Uncategorized Article
19450,[],Uncategorized Article
3307,[],Uncategorized Article
6291,[],Uncategorized Article
22878,[],Uncategorized Article
5440,[],Uncategorized Article
9260,[],Uncategorized Article
25577,[],Uncategorized Article
16643,[],Uncategorized Article
11078,[],Uncategorized Article
16180,[],Uncategorized Article
26002,[],Uncategorized Article
19386,[],Uncategorized Article
8950,[],Uncategorized Article
20009,[],Uncategorized Article
25852,[],Uncategorized Article
18838,[],Uncategorized Article
25576,[],Uncategorized Article
22938,[],Uncategorized Article
11784,[],Uncategorized Article
22703,[],Uncategorized Article
13691,[],Uncategorized Article
18917,[],Uncategorized Article
10484,[],Uncategorized Article
17902,[],Uncategorized Article
5088,[],Uncategorized Article
18770,[],Uncategorized Article
12097,[],Uncategorized Article
895,[],Uncategorized Article
18758,[],Uncategorized Article
15668,[],Uncategorized Article
12196,[],Uncategorized Article
1225,[],Uncategorized Article
15483,[],Uncategorized Article
6408,[],Uncategorized Article
12976,[],Uncategorized Article
12184,[],Uncategorized Article
16816,[],Uncategorized Article
4754,[],Uncategorized Article
11811,[],Uncategorized Article
13194,[],Uncategorized Article
6955,[],Uncategorized Article
6110,[],Uncategorized Article
22434,[],Uncategorized Article
6761,[],Uncategorized Article
22649,[],Uncategorized Article
26097,[],Uncategorized Article
13523,[],Uncategorized Article
20545,[],Uncategorized Article
4860,[],Uncategorized Article
10667,[],Uncategorized Article
18319,[],Uncategorized Article
12165,[],Uncategorized Article
23668,[],Uncategorized Article
6266,[],Uncategorized Article
10414,[],Uncategorized Article
20627,[],Uncategorized Article
3796,[],Uncategorized Article
10419,[],Uncategorized Article
3904,[],Uncategorized Article
25961,[],Uncategorized Article
18794,[],Uncategorized Article
9466,[],Uncategorized Article
26851,[],Uncategorized Article
26218,[],Uncategorized Article
23956,[],Uncategorized Article
14061,[],Uncategorized Article
24567,[],Uncategorized Article
16481,[],Uncategorized Article
23159,[],Uncategorized Article
23717,[],Uncategorized Article
17870,[],Uncategorized Article
7702,[],Uncategorized Article
21983,[],Uncategorized Article
13307,[],Uncategorized Article
4636,[],Uncategorized Article
14675,[],Uncategorized Article
17766,[],Uncategorized Article
2788,[],Uncategorized Article
6268,[],Uncategorized Article
1180,[],Uncategorized Article
21992,[],Uncategorized Article
61,[],Uncategorized Article
13835,[],Uncategorized Article
13551,[],Uncategorized Article
5422,[],Uncategorized Article
11685,[],Uncategorized Article
14355,[],Uncategorized Article
1459,[],Uncategorized Article
13110,[],Uncategorized Article
15268,[],Uncategorized Article
5358,[],Uncategorized Article
26823,[],Uncategorized Article
16872,[],Uncategorized Article
2186,[],Uncategorized Article
23073,[],Uncategorized Article
7336,[],Uncategorized Article
10995,[],Uncategorized Article
452,[],Uncategorized Article
14642,[],Uncategorized Article
18724,[],Uncategorized Article
9778,[],Uncategorized Article
1395,[],Uncategorized Article
10026,[],Uncategorized Article
26451,[],Uncategorized Article
3889,[],Uncategorized Article
10866,[],Uncategorized Article
22257,[],Uncategorized Article
596,[],Uncategorized Article
5620,[],Uncategorized Article
14008,[],Uncategorized Article
26444,[],Uncategorized Article
24334,[],Uncategorized Article
11055,[],Uncategorized Article
20904,[],Uncategorized Article
5639,[],Uncategorized Article
4849,[],Uncategorized Article
3299,[],Uncategorized Article
64,[],Uncategorized Article
14077,[],Uncategorized Article
19278,[],Uncategorized Article
3032,[],Uncategorized Article
26034,[],Uncategorized Article
12095,[],Uncategorized Article
2094,[],Uncategorized Article
25561,[],Uncategorized Article
17083,[],Uncategorized Article
6182,[],Uncategorized Article
24467,[],Uncategorized Article
23671,[],Uncategorized Article
3856,[],Uncategorized Article
4459,[],Uncategorized Article
6601,[],Uncategorized Article
10223,[],Uncategorized Article
6081,[],Uncategorized Article
21403,[],Uncategorized Article
1829,[],Uncategorized Article
13758,[],Uncategorized Article
16296,[],Uncategorized Article
21531,[],Uncategorized Article
5838,[],Uncategorized Article
25897,[],Uncategorized Article
1484,[],Uncategorized Article
6088,[],Uncategorized Article
6911,[],Uncategorized Article
17537,[],Uncategorized Article
21230,[],Uncategorized Article
20550,[],Uncategorized Article
3647,[],Uncategorized Article
4929,[],Uncategorized Article
18789,[],Uncategorized Article
19841,[],Uncategorized Article
7344,[],Uncategorized Article
10110,[],Uncategorized Article
3831,[],Uncategorized Article
18717,[],Uncategorized Article
18666,[],Uncategorized Article
20476,[],Uncategorized Article
22839,[],Uncategorized Article
15231,[],Uncategorized Article
12252,[],Uncategorized Article
19295,[],Uncategorized Article
10440,[],Uncategorized Article
9616,[],Uncategorized Article
6690,[],Uncategorized Article
7055,[],Uncategorized Article
14761,[],Uncategorized Article
16861,[],Uncategorized Article
8660,[],Uncategorized Article
27,[],Uncategorized Article
14754,[],Uncategorized Article
10967,[],Uncategorized Article
4147,[],Uncategorized Article
805,[],Uncategorized Article
18298,[],Uncategorized Article
16447,[],Uncategorized Article
13554,[],Uncategorized Article
13427,[],Uncategorized Article
14177,[],Uncategorized Article
26902,[],Uncategorized Article
13053,[],Uncategorized Article
9335,[],Uncategorized Article
17324,[],Uncategorized Article
18637,[],Uncategorized Article
24487,[],Uncategorized Article
11100,[],Uncategorized Article
20249,[],Uncategorized Article
26492,[],Uncategorized Article
20293,[],Uncategorized Article
14375,[],Uncategorized Article
985,[],Uncategorized Article
26274,[],Uncategorized Article
22254,[],Uncategorized Article
17704,[],Uncategorized Article
6583,[],Uncategorized Article
22670,[],Uncategorized Article
925,[],Uncategorized Article
20759,[],Uncategorized Article
1003,[],Uncategorized Article
19050,[],Uncategorized Article
8035,[],Uncategorized Article
9640,[],Uncategorized Article
16912,[],Uncategorized Article
21781,[],Uncategorized Article
7750,[],Uncategorized Article
21779,[],Uncategorized Article
17431,[],Uncategorized Article
25997,[],Uncategorized Article
5349,[],Uncategorized Article
21801,[],Uncategorized Article
19882,[],Uncategorized Article
13574,[],Uncategorized Article
21858,[],Uncategorized Article
25055,[],Uncategorized Article
22043,[],Uncategorized Article
2798,[],Uncategorized Article
3454,[],Uncategorized Article
25157,[],Uncategorized Article
11063,[],Uncategorized Article
15911,[],Uncategorized Article
26278,[],Uncategorized Article
10753,[],Uncategorized Article
5595,[],Uncategorized Article
9639,[],Uncategorized Article
2324,[],Uncategorized Article
11167,[],Uncategorized Article
8645,[],Uncategorized Article
22327,[],Uncategorized Article
13823,[],Uncategorized Article
5441,[],Uncategorized Article
22530,[],Uncategorized Article
25928,[],Uncategorized Article
19817,[],Uncategorized Article
7182,[],Uncategorized Article
14702,[],Uncategorized Article
5341,[],Uncategorized Article
3730,[],Uncategorized Article
9808,[],Uncategorized Article
14932,[],Uncategorized Article
20206,[],Uncategorized Article
22,[],Uncategorized Article
14639,[],Uncategorized Article
13487,[],Uncategorized Article
3413,[],Uncategorized Article
8885,[],Uncategorized Article
24520,[],Uncategorized Article
11576,[],Uncategorized Article
4502,[],Uncategorized Article
3980,[],Uncategorized Article
14687,[],Uncategorized Article
10774,[],Uncategorized Article
2163,[],Uncategorized Article
24586,[],Uncategorized Article
2896,[],Uncategorized Article
6627,[],Uncategorized Article
22079,[],Uncategorized Article
11024,[],Uncategorized Article
17401,[],Uncategorized Article
22579,[],Uncategorized Article
25761,[],Uncategorized Article
20220,[],Uncategorized Article
18465,[],Uncategorized Article
1992,[],Uncategorized Article
23934,[],Uncategorized Article
3195,[],Uncategorized Article
21118,[],Uncategorized Article
8115,[],Uncategorized Article
13836,[],Uncategorized Article
16307,[],Uncategorized Article
464,[],Uncategorized Article
13709,[],Uncategorized Article
16670,[],Uncategorized Article
4369,[],Uncategorized Article
23330,[],Uncategorized Article
11213,[],Uncategorized Article
11981,[],Uncategorized Article
4237,[],Uncategorized Article
15381,[],Uncategorized Article
9239,[],Uncategorized Article
13594,[],Uncategorized Article
13538,[],Uncategorized Article
10648,[],Uncategorized Article
16486,[],Uncategorized Article
5353,[],Uncategorized Article
12545,[],Uncategorized Article
26757,[],Uncategorized Article
26569,[],Uncategorized Article
17198,[],Uncategorized Article
794,[],Uncategorized Article
11937,[],Uncategorized Article
26183,[],Uncategorized Article
6886,[],Uncategorized Article
17668,[],Uncategorized Article
10994,[],Uncategorized Article
1877,[],Uncategorized Article
20684,[],Uncategorized Article
17635,[],Uncategorized Article
6661,[],Uncategorized Article
13972,[],Uncategorized Article
17885,[],Uncategorized Article
18720,[],Uncategorized Article
19502,[],Uncategorized Article
14985,[],Uncategorized Article
15079,[],Uncategorized Article
3042,[],Uncategorized Article
24857,[],Uncategorized Article
1043,[],Uncategorized Article
15056,[],Uncategorized Article
14829,[],Uncategorized Article
9868,[],Uncategorized Article
24358,[],Uncategorized Article
14684,[],Uncategorized Article
7386,[],Uncategorized Article
15948,[],Uncategorized Article
25575,[],Uncategorized Article
1844,[],Uncategorized Article
4278,[],Uncategorized Article
3835,[],Uncategorized Article
10072,[],Uncategorized Article
3460,[],Uncategorized Article
20428,[],Uncategorized Article
23402,[],Uncategorized Article
5025,[],Uncategorized Article
11573,[],Uncategorized Article
17620,[],Uncategorized Article
9593,[],Uncategorized Article
11553,[],Uncategorized Article
7331,[],Uncategorized Article
5271,[],Uncategorized Article
275,[],Uncategorized Article
19427,[],Uncategorized Article
2692,[],Uncategorized Article
6322,[],Uncategorized Article
6611,[],Uncategorized Article
18066,[],Uncategorized Article
26951,[],Uncategorized Article
3075,[],Uncategorized Article
16408,[],Uncategorized Article
7899,[],Uncategorized Article
22532,[],Uncategorized Article
13646,[],Uncategorized Article
19121,[],Uncategorized Article
12589,[],Uncategorized Article
20999,[],Uncategorized Article
8746,[],Uncategorized Article
24639,[],Uncategorized Article
1886,[],Uncategorized Article
8537,[],Uncategorized Article
6829,[],Uncategorized Article
15277,[],Uncategorized Article
9536,[],Uncategorized Article
20101,[],Uncategorized Article
4176,[],Uncategorized Article
2236,[],Uncategorized Article
2853,[],Uncategorized Article
7453,[],Uncategorized Article
21588,[],Uncategorized Article
21755,[],Uncategorized Article
10346,[],Uncategorized Article
22371,[],Uncategorized Article
22825,[],Uncategorized Article
19412,[],Uncategorized Article
11884,[],Uncategorized Article
9985,[],Uncategorized Article
9023,[],Uncategorized Article
17510,[],Uncategorized Article
19394,[],Uncategorized Article
10236,[],Uncategorized Article
20459,[],Uncategorized Article
21423,[],Uncategorized Article
2453,[],Uncategorized Article
12286,[],Uncategorized Article
4314,[],Uncategorized Article
25478,[],Uncategorized Article
8076,[],Uncategorized Article
8552,[],Uncategorized Article
19095,[],Uncategorized Article
20163,[],Uncategorized Article
8481,[],Uncategorized Article
20126,[],Uncategorized Article
15410,[],Uncategorized Article
3515,[],Uncategorized Article
15736,[],Uncategorized Article
17403,[],Uncategorized Article
26698,[],Uncategorized Article
8585,[],Uncategorized Article
20,[],Uncategorized Article
14980,[],Uncategorized Article
12325,[],Uncategorized Article
20956,[],Uncategorized Article
25096,[],Uncategorized Article
17747,[],Uncategorized Article
5386,[],Uncategorized Article
26858,[],Uncategorized Article
12752,[],Uncategorized Article
21019,[],Uncategorized Article
7723,[],Uncategorized Article
11346,[],Uncategorized Article
1872,[],Uncategorized Article
13805,[],Uncategorized Article
17277,[],Uncategorized Article
5278,[],Uncategorized Article
12882,[],Uncategorized Article
19666,[],Uncategorized Article
14492,[],Uncategorized Article
5133,[],Uncategorized Article
3055,[],Uncategorized Article
11300,[],Uncategorized Article
23237,[],Uncategorized Article
863,[],Uncategorized Article
18851,[],Uncategorized Article
24855,[],Uncategorized Article
871,[],Uncategorized Article
9404,[],Uncategorized Article
1508,[],Uncategorized Article
22109,[],Uncategorized Article
25143,[],Uncategorized Article
19776,[],Uncategorized Article
18776,[],Uncategorized Article
15136,[],Uncategorized Article
21374,[],Uncategorized Article
21040,[],Uncategorized Article
4124,[],Uncategorized Article
18371,[],Uncategorized Article
24402,[],Uncategorized Article
7824,[],Uncategorized Article
22790,[],Uncategorized Article
2466,[],Uncategorized Article
4216,[],Uncategorized Article
20617,[],Uncategorized Article
8877,[],Uncategorized Article
7103,[],Uncategorized Article
5375,[],Uncategorized Article
22199,[],Uncategorized Article
5613,[],Uncategorized Article
10926,[],Uncategorized Article
17873,[],Uncategorized Article
8866,[],Uncategorized Article
1711,[],Uncategorized Article
20174,[],Uncategorized Article
17146,[],Uncategorized Article
912,[],Uncategorized Article
4789,[],Uncategorized Article
17283,[],Uncategorized Article
25326,[],Uncategorized Article
2899,[],Uncategorized Article
4035,[],Uncategorized Article
21474,[],Uncategorized Article
2846,[],Uncategorized Article
13601,[],Uncategorized Article
4257,[],Uncategorized Article
13570,[],Uncategorized Article
23898,[],Uncategorized Article
21135,[],Uncategorized Article
15716,[],Uncategorized Article
1254,[],Uncategorized Article
20661,[],Uncategorized Article
22035,[],Uncategorized Article
16135,[],Uncategorized Article
23906,[],Uncategorized Article
11977,[],Uncategorized Article
2122,[],Uncategorized Article
2673,[],Uncategorized Article
24472,[],Uncategorized Article
19779,[],Uncategorized Article
6118,[],Uncategorized Article
23063,[],Uncategorized Article
9708,[],Uncategorized Article
25776,[],Uncategorized Article
3611,[],Uncategorized Article
17190,[],Uncategorized Article
13727,[],Uncategorized Article
16274,[],Uncategorized Article
24095,[],Uncategorized Article
7066,[],Uncategorized Article
337,[],Uncategorized Article
20402,[],Uncategorized Article
7890,[],Uncategorized Article
1331,[],Uncategorized Article
10536,[],Uncategorized Article
4004,[],Uncategorized Article
21798,[],Uncategorized Article
10684,[],Uncategorized Article
26912,[],Uncategorized Article
22693,[],Uncategorized Article
8915,[],Uncategorized Article
24471,[],Uncategorized Article
7771,[],Uncategorized Article
7017,[],Uncategorized Article
22573,[],Uncategorized Article
7261,[],Uncategorized Article
21640,[],Uncategorized Article
16227,[],Uncategorized Article
24293,[],Uncategorized Article
1841,[],Uncategorized Article
33,[],Uncategorized Article
21417,[],Uncategorized Article
14652,[],Uncategorized Article
1076,[],Uncategorized Article
8503,[],Uncategorized Article
12622,[],Uncategorized Article
10508,[],Uncategorized Article
5399,[],Uncategorized Article
1884,[],Uncategorized Article
26549,[],Uncategorized Article
24517,[],Uncategorized Article
12844,[],Uncategorized Article
8431,[],Uncategorized Article
5158,[],Uncategorized Article
8271,[],Uncategorized Article
24496,[],Uncategorized Article
13557,[],Uncategorized Article
12750,[],Uncategorized Article
26817,[],Uncategorized Article
5886,[],Uncategorized Article
21068,[],Uncategorized Article
5270,[],Uncategorized Article
1745,[],Uncategorized Article
24423,[],Uncategorized Article
23054,[],Uncategorized Article
23993,[],Uncategorized Article
5280,[],Uncategorized Article
18547,[],Uncategorized Article
13167,[],Uncategorized Article
17004,[],Uncategorized Article
1024,[],Uncategorized Article
4718,[],Uncategorized Article
17768,[],Uncategorized Article
21723,[],Uncategorized Article
11098,[],Uncategorized Article
3257,[],Uncategorized Article
8632,[],Uncategorized Article
3324,[],Uncategorized Article
20836,[],Uncategorized Article
15805,[],Uncategorized Article
13950,[],Uncategorized Article
3743,[],Uncategorized Article
7471,[],Uncategorized Article
14324,[],Uncategorized Article
15436,[],Uncategorized Article
25393,[],Uncategorized Article
13555,[],Uncategorized Article
12395,[],Uncategorized Article
24133,[],Uncategorized Article
12365,[],Uncategorized Article
19650,[],Uncategorized Article
6813,[],Uncategorized Article
14618,[],Uncategorized Article
15172,[],Uncategorized Article
6821,[],Uncategorized Article
22480,[],Uncategorized Article
7440,[],Uncategorized Article
18840,[],Uncategorized Article
24529,[],Uncategorized Article
14866,[],Uncategorized Article
21841,[],Uncategorized Article
24448,[],Uncategorized Article
19002,[],Uncategorized Article
2357,[],Uncategorized Article
4664,[],Uncategorized Article
21671,[],Uncategorized Article
14614,[],Uncategorized Article
19463,[],Uncategorized Article
12319,[],Uncategorized Article
8376,[],Uncategorized Article
12409,[],Uncategorized Article
15673,[],Uncategorized Article
5707,[],Uncategorized Article
17989,[],Uncategorized Article
15667,[],Uncategorized Article
7176,[],Uncategorized Article
23495,[],Uncategorized Article
23249,[],Uncategorized Article
2124,[],Uncategorized Article
17145,[],Uncategorized Article
5659,[],Uncategorized Article
10009,[],Uncategorized Article
3976,[],Uncategorized Article
732,[],Uncategorized Article
10169,[],Uncategorized Article
5196,[],Uncategorized Article
22908,[],Uncategorized Article
3763,[],Uncategorized Article
79,[],Uncategorized Article
4561,[],Uncategorized Article
2331,[],Uncategorized Article
4506,[],Uncategorized Article
11025,[],Uncategorized Article
333,[],Uncategorized Article
12683,[],Uncategorized Article
14169,[],Uncategorized Article
20678,[],Uncategorized Article
17785,[],Uncategorized Article
26149,[],Uncategorized Article
19591,[],Uncategorized Article
9075,[],Uncategorized Article
5150,[],Uncategorized Article
18623,[],Uncategorized Article
17996,[],Uncategorized Article
24968,[],Uncategorized Article
6834,[],Uncategorized Article
2372,[],Uncategorized Article
20918,[],Uncategorized Article
6177,[],Uncategorized Article
6247,[],Uncategorized Article
16360,[],Uncategorized Article
4253,[],Uncategorized Article
4289,[],Uncategorized Article
12631,[],Uncategorized Article
20938,[],Uncategorized Article
5400,[],Uncategorized Article
214,[],Uncategorized Article
19569,[],Uncategorized Article
23288,[],Uncategorized Article
4801,[],Uncategorized Article
20203,[],Uncategorized Article
12575,[],Uncategorized Article
3154,[],Uncategorized Article
10769,[],Uncategorized Article
106,[],Uncategorized Article
15243,[],Uncategorized Article
21884,[],Uncategorized Article
3404,[],Uncategorized Article
7716,[],Uncategorized Article
17637,[],Uncategorized Article
14315,[],Uncategorized Article
13260,[],Uncategorized Article
6525,[],Uncategorized Article
20165,[],Uncategorized Article
6387,[],Uncategorized Article
18802,[],Uncategorized Article
22497,[],Uncategorized Article
2976,[],Uncategorized Article
1528,[],Uncategorized Article
26184,[],Uncategorized Article
965,[],Uncategorized Article
25564,[],Uncategorized Article
15817,[],Uncategorized Article
9854,[],Uncategorized Article
455,[],Uncategorized Article
23204,[],Uncategorized Article
7053,[],Uncategorized Article
10388,[],Uncategorized Article
20222,[],Uncategorized Article
24845,[],Uncategorized Article
19622,[],Uncategorized Article
9286,[],Uncategorized Article
16065,[],Uncategorized Article
12020,[],Uncategorized Article
20888,[],Uncategorized Article
23122,[],Uncategorized Article
19024,[],Uncategorized Article
13019,[],Uncategorized Article
18801,[],Uncategorized Article
25293,[],Uncategorized Article
26611,[],Uncategorized Article
16876,[],Uncategorized Article
15987,[],Uncategorized Article
13405,[],Uncategorized Article
25378,[],Uncategorized Article
14710,[],Uncategorized Article
14623,[],Uncategorized Article
22206,[],Uncategorized Article
22233,[],Uncategorized Article
3646,[],Uncategorized Article
500,[],Uncategorized Article
23922,[],Uncategorized Article
12211,[],Uncategorized Article
173,[],Uncategorized Article
22474,[],Uncategorized Article
2098,[],Uncategorized Article
8527,[],Uncategorized Article
8511,[],Uncategorized Article
16261,[],Uncategorized Article
17008,[],Uncategorized Article
1526,[],Uncategorized Article
8591,[],Uncategorized Article
24948,[],Uncategorized Article
749,[],Uncategorized Article
611,[],Uncategorized Article
8052,[],Uncategorized Article
18798,[],Uncategorized Article
15075,[],Uncategorized Article
13726,[],Uncategorized Article
19651,[],Uncategorized Article
16341,[],Uncategorized Article
9806,[],Uncategorized Article
5175,[],Uncategorized Article
16746,[],Uncategorized Article
26042,[],Uncategorized Article
14475,[],Uncategorized Article
20668,[],Uncategorized Article
9387,[],Uncategorized Article
9657,[],Uncategorized Article
14994,[],Uncategorized Article
11379,[],Uncategorized Article
7836,[],Uncategorized Article
14487,[],Uncategorized Article
2030,[],Uncategorized Article
17545,[],Uncategorized Article
15359,[],Uncategorized Article
19897,[],Uncategorized Article
4052,[],Uncategorized Article
12105,[],Uncategorized Article
348,[],Uncategorized Article
25609,[],Uncategorized Article
9294,[],Uncategorized Article
22353,[],Uncategorized Article
20199,[],Uncategorized Article
24947,[],Uncategorized Article
19266,[],Uncategorized Article
3736,[],Uncategorized Article
11979,[],Uncategorized Article
13522,[],Uncategorized Article
22453,[],Uncategorized Article
4260,[],Uncategorized Article
22045,[],Uncategorized Article
1562,[],Uncategorized Article
21630,[],Uncategorized Article
5623,[],Uncategorized Article
24043,[],Uncategorized Article
15262,[],Uncategorized Article
13363,[],Uncategorized Article
2755,[],Uncategorized Article
3212,[],Uncategorized Article
7401,[],Uncategorized Article
23142,[],Uncategorized Article
24066,[],Uncategorized Article
22597,[],Uncategorized Article
12056,[],Uncategorized Article
22262,[],Uncategorized Article
14723,[],Uncategorized Article
4721,[],Uncategorized Article
8835,[],Uncategorized Article
12439,[],Uncategorized Article
2269,[],Uncategorized Article
11464,[],Uncategorized Article
5965,[],Uncategorized Article
11584,[],Uncategorized Article
10722,[],Uncategorized Article
8254,[],Uncategorized Article
15091,[],Uncategorized Article
24729,[],Uncategorized Article
17444,[],Uncategorized Article
4096,[],Uncategorized Article
6459,[],Uncategorized Article
10405,[],Uncategorized Article
22758,[],Uncategorized Article
1565,[],Uncategorized Article
16404,[],Uncategorized Article
15794,[],Uncategorized Article
7711,[],Uncategorized Article
22590,[],Uncategorized Article
10540,[],Uncategorized Article
9555,[],Uncategorized Article
21131,[],Uncategorized Article
11256,[],Uncategorized Article
23528,[],Uncategorized Article
25590,[],Uncategorized Article
7111,[],Uncategorized Article
15943,[],Uncategorized Article
25109,[],Uncategorized Article
21809,[],Uncategorized Article
20685,[],Uncategorized Article
7276,[],Uncategorized Article
11155,[],Uncategorized Article
14545,[],Uncategorized Article
15917,[],Uncategorized Article
18471,[],Uncategorized Article
10148,[],Uncategorized Article
21413,[],Uncategorized Article
14862,[],Uncategorized Article
9723,[],Uncategorized Article
15718,[],Uncategorized Article
19806,[],Uncategorized Article
14812,[],Uncategorized Article
9613,[],Uncategorized Article
7463,[],Uncategorized Article
25929,[],Uncategorized Article
4422,[],Uncategorized Article
16784,[],Uncategorized Article
2679,[],Uncategorized Article
19967,[],Uncategorized Article
22718,[],Uncategorized Article
22230,[],Uncategorized Article
14568,[],Uncategorized Article
22016,[],Uncategorized Article
21476,[],Uncategorized Article
1521,[],Uncategorized Article
14161,[],Uncategorized Article
20308,[],Uncategorized Article
5030,[],Uncategorized Article
5011,[],Uncategorized Article
25083,[],Uncategorized Article
20509,[],Uncategorized Article
16187,[],Uncategorized Article
11958,[],Uncategorized Article
3591,[],Uncategorized Article
25622,[],Uncategorized Article
24556,[],Uncategorized Article
3905,[],Uncategorized Article
2446,[],Uncategorized Article
7720,[],Uncategorized Article
21558,[],Uncategorized Article
23286,[],Uncategorized Article
16326,[],Uncategorized Article
26090,[],Uncategorized Article
17090,[],Uncategorized Article
9416,[],Uncategorized Article
7092,[],Uncategorized Article
15142,[],Uncategorized Article
2056,[],Uncategorized Article
26462,[],Uncategorized Article
11792,[],Uncategorized Article
2304,[],Uncategorized Article
19435,[],Uncategorized Article
4553,[],Uncategorized Article
18057,[],Uncategorized Article
13776,[],Uncategorized Article
10085,[],Uncategorized Article
8387,[],Uncategorized Article
6594,[],Uncategorized Article
26226,[],Uncategorized Article
26302,[],Uncategorized Article
5346,[],Uncategorized Article
641,[],Uncategorized Article
9091,[],Uncategorized Article
5361,[],Uncategorized Article
4427,[],Uncategorized Article
20016,[],Uncategorized Article
1896,[],Uncategorized Article
24621,[],Uncategorized Article
22478,[],Uncategorized Article
4429,[],Uncategorized Article
12469,[],Uncategorized Article
24169,[],Uncategorized Article
22713,[],Uncategorized Article
3774,[],Uncategorized Article
17147,[],Uncategorized Article
11508,[],Uncategorized Article
216,[],Uncategorized Article
5854,[],Uncategorized Article
5291,[],Uncategorized Article
11587,[],Uncategorized Article
25572,[],Uncategorized Article
13054,[],Uncategorized Article
4221,[],Uncategorized Article
20687,[],Uncategorized Article
10494,[],Uncategorized Article
21871,[],Uncategorized Article
24119,[],Uncategorized Article
1615,[],Uncategorized Article
13676,[],Uncategorized Article
18006,[],Uncategorized Article
3973,[],Uncategorized Article
5860,[],Uncategorized Article
15412,[],Uncategorized Article
13707,[],Uncategorized Article
9790,[],Uncategorized Article
25279,[],Uncategorized Article
20503,[],Uncategorized Article
1803,[],Uncategorized Article
24341,[],Uncategorized Article
25608,[],Uncategorized Article
19813,[],Uncategorized Article
1561,[],Uncategorized Article
26506,[],Uncategorized Article
22511,[],Uncategorized Article
24566,[],Uncategorized Article
24768,[],Uncategorized Article
19852,[],Uncategorized Article
9924,[],Uncategorized Article
17498,[],Uncategorized Article
8135,[],Uncategorized Article
772,[],Uncategorized Article
10289,[],Uncategorized Article
15400,[],Uncategorized Article
23905,[],Uncategorized Article
24792,[],Uncategorized Article
3597,[],Uncategorized Article
394,[],Uncategorized Article
17486,[],Uncategorized Article
3427,[],Uncategorized Article
25893,[],Uncategorized Article
4402,[],Uncategorized Article
4948,[],Uncategorized Article
5125,[],Uncategorized Article
26656,[],Uncategorized Article
13583,[],Uncategorized Article
23251,[],Uncategorized Article
22903,[],Uncategorized Article
19709,[],Uncategorized Article
8831,[],Uncategorized Article
26119,[],Uncategorized Article
21984,[],Uncategorized Article
5717,[],Uncategorized Article
2029,[],Uncategorized Article
21458,[],Uncategorized Article
26782,[],Uncategorized Article
2057,[],Uncategorized Article
11248,[],Uncategorized Article
18884,[],Uncategorized Article
26449,[],Uncategorized Article
12429,[],Uncategorized Article
3994,[],Uncategorized Article
7562,[],Uncategorized Article
26371,[],Uncategorized Article
17220,[],Uncategorized Article
12915,[],Uncategorized Article
26601,[],Uncategorized Article
24207,[],Uncategorized Article
25092,[],Uncategorized Article
494,[],Uncategorized Article
18130,[],Uncategorized Article
2816,[],Uncategorized Article
8938,[],Uncategorized Article
26837,[],Uncategorized Article
21634,[],Uncategorized Article
24769,[],Uncategorized Article
22151,[],Uncategorized Article
4098,[],Uncategorized Article
23721,[],Uncategorized Article
7501,[],Uncategorized Article
21802,[],Uncategorized Article
9646,[],Uncategorized Article
16688,[],Uncategorized Article
26639,[],Uncategorized Article
23255,[],Uncategorized Article
2288,[],Uncategorized Article
15529,[],Uncategorized Article
1408,[],Uncategorized Article
15961,[],Uncategorized Article
25505,[],Uncategorized Article
973,[],Uncategorized Article
11217,[],Uncategorized Article
26561,[],Uncategorized Article
8153,[],Uncategorized Article
24716,[],Uncategorized Article
8204,[],Uncategorized Article
22969,[],Uncategorized Article
21661,[],Uncategorized Article
17455,[],Uncategorized Article
11768,[],Uncategorized Article
24674,[],Uncategorized Article
21659,[],Uncategorized Article
3678,[],Uncategorized Article
5681,[],Uncategorized Article
17804,[],Uncategorized Article
7962,[],Uncategorized Article
10653,[],Uncategorized Article
21303,[],Uncategorized Article
7854,[],Uncategorized Article
22340,[],Uncategorized Article
1399,[],Uncategorized Article
8212,[],Uncategorized Article
16492,[],Uncategorized Article
14937,[],Uncategorized Article
506,[],Uncategorized Article
20667,[],Uncategorized Article
594,[],Uncategorized Article
16295,[],Uncategorized Article
20716,[],Uncategorized Article
11733,[],Uncategorized Article
10043,[],Uncategorized Article
26559,[],Uncategorized Article
12331,[],Uncategorized Article
8108,[],Uncategorized Article
2473,[],Uncategorized Article
6349,[],Uncategorized Article
4592,[],Uncategorized Article
14731,[],Uncategorized Article
20005,[],Uncategorized Article
1922,[],Uncategorized Article
26818,[],Uncategorized Article
11081,[],Uncategorized Article
13384,[],Uncategorized Article
10049,[],Uncategorized Article
9666,[],Uncategorized Article
7161,[],Uncategorized Article
10534,[],Uncategorized Article
26220,[],Uncategorized Article
25528,[],Uncategorized Article
7897,[],Uncategorized Article
25974,[],Uncategorized Article
6260,[],Uncategorized Article
8142,[],Uncategorized Article
24774,[],Uncategorized Article
4589,[],Uncategorized Article
15531,[],Uncategorized Article
16800,[],Uncategorized Article
6196,[],Uncategorized Article
16292,[],Uncategorized Article
8966,[],Uncategorized Article
20934,[],Uncategorized Article
14479,[],Uncategorized Article
4130,[],Uncategorized Article
6007,[],Uncategorized Article
25885,[],Uncategorized Article
11412,[],Uncategorized Article
1217,[],Uncategorized Article
12037,[],Uncategorized Article
6827,[],Uncategorized Article
961,[],Uncategorized Article
23404,[],Uncategorized Article
9232,[],Uncategorized Article
2391,[],Uncategorized Article
279,[],Uncategorized Article
1954,[],Uncategorized Article
6321,[],Uncategorized Article
6055,[],Uncategorized Article
11218,[],Uncategorized Article
1740,[],Uncategorized Article
26205,[],Uncategorized Article
6596,[],Uncategorized Article
8649,[],Uncategorized Article
14004,[],Uncategorized Article
11820,[],Uncategorized Article
5962,[],Uncategorized Article
19182,[],Uncategorized Article
25192,[],Uncategorized Article
1345,[],Uncategorized Article
63,[],Uncategorized Article
26245,[],Uncategorized Article
12460,[],Uncategorized Article
25843,[],Uncategorized Article
26663,[],Uncategorized Article
3029,[],Uncategorized Article
14040,[],Uncategorized Article
23610,[],Uncategorized Article
10402,[],Uncategorized Article
26212,[],Uncategorized Article
24782,[],Uncategorized Article
14359,[],Uncategorized Article
3192,[],Uncategorized Article
14221,[],Uncategorized Article
21733,[],Uncategorized Article
1454,[],Uncategorized Article
2653,[],Uncategorized Article
9492,[],Uncategorized Article
11643,[],Uncategorized Article
2598,[],Uncategorized Article
21329,[],Uncategorized Article
8824,[],Uncategorized Article
1817,[],Uncategorized Article
18818,[],Uncategorized Article
14386,[],Uncategorized Article
8253,[],Uncategorized Article
20867,[],Uncategorized Article
13661,[],Uncategorized Article
8097,[],Uncategorized Article
13504,[],Uncategorized Article
3098,[],Uncategorized Article
18829,[],Uncategorized Article
3446,[],Uncategorized Article
15610,[],Uncategorized Article
13356,[],Uncategorized Article
9584,[],Uncategorized Article
20935,[],Uncategorized Article
17470,[],Uncategorized Article
6822,[],Uncategorized Article
633,[],Uncategorized Article
14655,[],Uncategorized Article
10115,[],Uncategorized Article
6961,[],Uncategorized Article
20467,[],Uncategorized Article
14543,[],Uncategorized Article
7080,[],Uncategorized Article
3132,[],Uncategorized Article
12262,[],Uncategorized Article
18084,[],Uncategorized Article
11893,[],Uncategorized Article
2940,[],Uncategorized Article
25442,[],Uncategorized Article
14297,[],Uncategorized Article
1032,[],Uncategorized Article
11339,[],Uncategorized Article
12906,[],Uncategorized Article
2423,[],Uncategorized Article
22981,[],Uncategorized Article
16315,[],Uncategorized Article
6804,[],Uncategorized Article
25903,[],Uncategorized Article
26489,[],Uncategorized Article
23477,[],Uncategorized Article
24446,[],Uncategorized Article
21450,[],Uncategorized Article
24033,[],Uncategorized Article
14471,[],Uncategorized Article
25480,[],Uncategorized Article
679,[],Uncategorized Article
24389,[],Uncategorized Article
4169,[],Uncategorized Article
15303,[],Uncategorized Article
8599,[],Uncategorized Article
20801,[],Uncategorized Article
22389,[],Uncategorized Article
24996,[],Uncategorized Article
4122,[],Uncategorized Article
9815,[],Uncategorized Article
9787,[],Uncategorized Article
15967,[],Uncategorized Article
9745,[],Uncategorized Article
8140,[],Uncategorized Article
170,[],Uncategorized Article
13096,[],Uncategorized Article
2882,[],Uncategorized Article
3205,[],Uncategorized Article
14630,[],Uncategorized Article
26130,[],Uncategorized Article
22808,[],Uncategorized Article
18617,[],Uncategorized Article
18692,[],Uncategorized Article
1033,[],Uncategorized Article
13597,[],Uncategorized Article
17394,[],Uncategorized Article
19725,[],Uncategorized Article
1385,[],Uncategorized Article
1295,[],Uncategorized Article
8875,[],Uncategorized Article
14395,[],Uncategorized Article
26940,[],Uncategorized Article
3126,[],Uncategorized Article
21815,[],Uncategorized Article
23151,[],Uncategorized Article
19848,[],Uncategorized Article
17001,[],Uncategorized Article
7360,[],Uncategorized Article
8871,[],Uncategorized Article
17494,[],Uncategorized Article
1497,[],Uncategorized Article
14637,[],Uncategorized Article
8992,[],Uncategorized Article
747,[],Uncategorized Article
25094,[],Uncategorized Article
12221,[],Uncategorized Article
5981,[],Uncategorized Article
16900,[],Uncategorized Article
23460,[],Uncategorized Article
2206,[],Uncategorized Article
3056,[],Uncategorized Article
17316,[],Uncategorized Article
7379,[],Uncategorized Article
590,[],Uncategorized Article
21219,[],Uncategorized Article
7508,[],Uncategorized Article
4228,[],Uncategorized Article
11881,[],Uncategorized Article
21857,[],Uncategorized Article
1491,[],Uncategorized Article
6569,[],Uncategorized Article
11356,[],Uncategorized Article
16775,[],Uncategorized Article
24085,[],Uncategorized Article
17603,[],Uncategorized Article
19013,[],Uncategorized Article
7089,[],Uncategorized Article
5265,[],Uncategorized Article
26006,[],Uncategorized Article
9154,[],Uncategorized Article
3136,[],Uncategorized Article
9262,[],Uncategorized Article
8722,[],Uncategorized Article
12071,[],Uncategorized Article
26938,[],Uncategorized Article
15306,[],Uncategorized Article
9301,[],Uncategorized Article
11638,[],Uncategorized Article
11478,[],Uncategorized Article
7556,[],Uncategorized Article
18391,[],Uncategorized Article
8379,[],Uncategorized Article
3325,[],Uncategorized Article
5803,[],Uncategorized Article
24198,[],Uncategorized Article
9695,[],Uncategorized Article
17089,[],Uncategorized Article
4316,[],Uncategorized Article
4674,[],Uncategorized Article
19349,[],Uncategorized Article
8968,[],Uncategorized Article
9982,[],Uncategorized Article
18632,[],Uncategorized Article
20532,[],Uncategorized Article
4682,[],Uncategorized Article
15811,[],Uncategorized Article
3360,[],Uncategorized Article
15260,[],Uncategorized Article
18499,[],Uncategorized Article
7202,[],Uncategorized Article
4764,[],Uncategorized Article
22796,[],Uncategorized Article
24414,[],Uncategorized Article
11517,[],Uncategorized Article
19084,[],Uncategorized Article
20171,[],Uncategorized Article
24424,[],Uncategorized Article
824,[],Uncategorized Article
20256,[],Uncategorized Article
26687,[],Uncategorized Article
12443,[],Uncategorized Article
19899,[],Uncategorized Article
23542,[],Uncategorized Article
1612,[],Uncategorized Article
17342,[],Uncategorized Article
23886,[],Uncategorized Article
20696,[],Uncategorized Article
19168,[],Uncategorized Article
11622,[],Uncategorized Article
16189,[],Uncategorized Article
1451,[],Uncategorized Article
4876,[],Uncategorized Article
1513,[],Uncategorized Article
2675,[],Uncategorized Article
14433,[],Uncategorized Article
9717,[],Uncategorized Article
6608,[],Uncategorized Article
5089,[],Uncategorized Article
18700,[],Uncategorized Article
25695,[],Uncategorized Article
8713,[],Uncategorized Article
18345,[],Uncategorized Article
26041,[],Uncategorized Article
17702,[],Uncategorized Article
2256,[],Uncategorized Article
1744,[],Uncategorized Article
22106,[],Uncategorized Article
4862,[],Uncategorized Article
17940,[],Uncategorized Article
811,[],Uncategorized Article
868,[],Uncategorized Article
15430,[],Uncategorized Article
25678,[],Uncategorized Article
9734,[],Uncategorized Article
23790,[],Uncategorized Article
24737,[],Uncategorized Article
24305,[],Uncategorized Article
3280,[],Uncategorized Article
24404,[],Uncategorized Article
12141,[],Uncategorized Article
21979,[],Uncategorized Article
8785,[],Uncategorized Article
7140,[],Uncategorized Article
8596,[],Uncategorized Article
25204,[],Uncategorized Article
13606,[],Uncategorized Article
17104,[],Uncategorized Article
13697,[],Uncategorized Article
26131,[],Uncategorized Article
14585,[],Uncategorized Article
3504,[],Uncategorized Article
3524,[],Uncategorized Article
14007,[],Uncategorized Article
9210,[],Uncategorized Article
18094,[],Uncategorized Article
5420,[],Uncategorized Article
6724,[],Uncategorized Article
21395,[],Uncategorized Article
5079,[],Uncategorized Article
24384,[],Uncategorized Article
2558,[],Uncategorized Article
13155,[],Uncategorized Article
26605,[],Uncategorized Article
10036,[],Uncategorized Article
13903,[],Uncategorized Article
13811,[],Uncategorized Article
13510,[],Uncategorized Article
1773,[],Uncategorized Article
15237,[],Uncategorized Article
26320,[],Uncategorized Article
17549,[],Uncategorized Article
12725,[],Uncategorized Article
1186,[],Uncategorized Article
16785,[],Uncategorized Article
19523,[],Uncategorized Article
8520,[],Uncategorized Article
17767,[],Uncategorized Article
23866,[],Uncategorized Article
7319,[],Uncategorized Article
22543,[],Uncategorized Article
5294,[],Uncategorized Article
4473,[],Uncategorized Article
11564,[],Uncategorized Article
22333,[],Uncategorized Article
23140,[],Uncategorized Article
26544,[],Uncategorized Article
16889,[],Uncategorized Article
21598,[],Uncategorized Article
9935,[],Uncategorized Article
25237,[],Uncategorized Article
17673,[],Uncategorized Article
25174,[],Uncategorized Article
2016,[],Uncategorized Article
11709,[],Uncategorized Article
26803,[],Uncategorized Article
25029,[],Uncategorized Article
26450,[],Uncategorized Article
3605,[],Uncategorized Article
13961,[],Uncategorized Article
26752,[],Uncategorized Article
9452,[],Uncategorized Article
4604,[],Uncategorized Article
11588,[],Uncategorized Article
6147,[],Uncategorized Article
17386,[],Uncategorized Article
22593,[],Uncategorized Article
13443,[],Uncategorized Article
22022,[],Uncategorized Article
15535,[],Uncategorized Article
131,[],Uncategorized Article
26871,[],Uncategorized Article
4643,[],Uncategorized Article
18086,[],Uncategorized Article
16139,[],Uncategorized Article
17652,[],Uncategorized Article
497,[],Uncategorized Article
11806,[],Uncategorized Article
10528,[],Uncategorized Article
22563,[],Uncategorized Article
4826,[],Uncategorized Article
16465,[],Uncategorized Article
6174,[],Uncategorized Article
13720,[],Uncategorized Article
17415,[],Uncategorized Article
11323,[],Uncategorized Article
12540,[],Uncategorized Article
22695,[],Uncategorized Article
13431,[],Uncategorized Article
13402,[],Uncategorized Article
25559,[],Uncategorized Article
14518,[],Uncategorized Article
25474,[],Uncategorized Article
22518,[],Uncategorized Article
19126,[],Uncategorized Article
22012,[],Uncategorized Article
25949,[],Uncategorized Article
9395,[],Uncategorized Article
19838,[],Uncategorized Article
6324,[],Uncategorized Article
10393,[],Uncategorized Article
12447,[],Uncategorized Article
9771,[],Uncategorized Article
12590,[],Uncategorized Article
10252,[],Uncategorized Article
10621,[],Uncategorized Article
26346,[],Uncategorized Article
22347,[],Uncategorized Article
22471,[],Uncategorized Article
20460,[],Uncategorized Article
16031,[],Uncategorized Article
7173,[],Uncategorized Article
19649,[],Uncategorized Article
26416,[],Uncategorized Article
14604,[],Uncategorized Article
18129,[],Uncategorized Article
7541,[],Uncategorized Article
763,[],Uncategorized Article
15801,[],Uncategorized Article
5924,[],Uncategorized Article
23586,[],Uncategorized Article
21247,[],Uncategorized Article
5066,[],Uncategorized Article
6840,[],Uncategorized Article
7594,[],Uncategorized Article
15203,[],Uncategorized Article
12731,[],Uncategorized Article
2769,[],Uncategorized Article
26095,[],Uncategorized Article
1953,[],Uncategorized Article
13587,[],Uncategorized Article
19009,[],Uncategorized Article
11247,[],Uncategorized Article
23351,[],Uncategorized Article
21672,[],Uncategorized Article
14913,[],Uncategorized Article
8507,[],Uncategorized Article
25606,[],Uncategorized Article
4120,[],Uncategorized Article
24983,[],Uncategorized Article
23295,[],Uncategorized Article
9759,[],Uncategorized Article
9086,[],Uncategorized Article
11575,[],Uncategorized Article
26886,[],Uncategorized Article
4908,[],Uncategorized Article
9573,[],Uncategorized Article
605,[],Uncategorized Article
15,[],Uncategorized Article
17119,[],Uncategorized Article
6412,[],Uncategorized Article
25610,[],Uncategorized Article
22705,[],Uncategorized Article
9756,[],Uncategorized Article
5766,[],Uncategorized Article
3049,[],Uncategorized Article
7728,[],Uncategorized Article
3952,[],Uncategorized Article
26928,[],Uncategorized Article
309,[],Uncategorized Article
13656,[],Uncategorized Article
9675,[],Uncategorized Article
9445,[],Uncategorized Article
15962,[],Uncategorized Article
18364,[],Uncategorized Article
1149,[],Uncategorized Article
21306,[],Uncategorized Article
2517,[],Uncategorized Article
16533,[],Uncategorized Article
19449,[],Uncategorized Article
19577,[],Uncategorized Article
2128,[],Uncategorized Article
702,[],Uncategorized Article
23092,[],Uncategorized Article
4866,[],Uncategorized Article
3674,[],Uncategorized Article
3842,[],Uncategorized Article
26233,[],Uncategorized Article
22378,[],Uncategorized Article
1111,[],Uncategorized Article
19317,[],Uncategorized Article
23634,[],Uncategorized Article
17031,[],Uncategorized Article
8090,[],Uncategorized Article
637,[],Uncategorized Article
8440,[],Uncategorized Article
2406,[],Uncategorized Article
14258,[],Uncategorized Article
14160,[],Uncategorized Article
6746,[],Uncategorized Article
8888,[],Uncategorized Article
9814,[],Uncategorized Article
10078,[],Uncategorized Article
18596,[],Uncategorized Article
9981,[],Uncategorized Article
2228,[],Uncategorized Article
15101,[],Uncategorized Article
17234,[],Uncategorized Article
18349,[],Uncategorized Article
5769,[],Uncategorized Article
5612,[],Uncategorized Article
24479,[],Uncategorized Article
5455,[],Uncategorized Article
7879,[],Uncategorized Article
7686,[],Uncategorized Article
70,[],Uncategorized Article
11225,[],Uncategorized Article
7878,[],Uncategorized Article
5768,[],Uncategorized Article
1178,[],Uncategorized Article
16015,[],Uncategorized Article
22229,[],Uncategorized Article
24003,[],Uncategorized Article
10083,[],Uncategorized Article
19064,[],Uncategorized Article
7377,[],Uncategorized Article
2010,[],Uncategorized Article
14255,[],Uncategorized Article
20933,[],Uncategorized Article
11306,[],Uncategorized Article
19658,[],Uncategorized Article
10190,[],Uncategorized Article
19809,[],Uncategorized Article
1902,[],Uncategorized Article
10281,[],Uncategorized Article
26243,[],Uncategorized Article
23412,[],Uncategorized Article
3759,[],Uncategorized Article
26828,[],Uncategorized Article
6249,[],Uncategorized Article
6047,[],Uncategorized Article
26941,[],Uncategorized Article
2957,[],Uncategorized Article
23688,[],Uncategorized Article
23579,[],Uncategorized Article
16710,[],Uncategorized Article
20805,[],Uncategorized Article
21385,[],Uncategorized Article
6907,[],Uncategorized Article
9751,[],Uncategorized Article
17936,[],Uncategorized Article
18728,[],Uncategorized Article
25407,[],Uncategorized Article
16038,[],Uncategorized Article
7078,[],Uncategorized Article
9114,[],Uncategorized Article
12073,[],Uncategorized Article
944,[],Uncategorized Article
11015,[],Uncategorized Article
17999,[],Uncategorized Article
15189,[],Uncategorized Article
8890,[],Uncategorized Article
11195,[],Uncategorized Article
19940,[],Uncategorized Article
19927,[],Uncategorized Article
22188,[],Uncategorized Article
19783,[],Uncategorized Article
5977,[],Uncategorized Article
11520,[],Uncategorized Article
11830,[],Uncategorized Article
8062,[],Uncategorized Article
18874,[],Uncategorized Article
23005,[],Uncategorized Article
9674,[],Uncategorized Article
8559,[],Uncategorized Article
25566,[],Uncategorized Article
19928,[],Uncategorized Article
26911,[],Uncategorized Article
9396,[],Uncategorized Article
17383,[],Uncategorized Article
1152,[],Uncategorized Article
14733,[],Uncategorized Article
13786,[],Uncategorized Article
16270,[],Uncategorized Article
10927,[],Uncategorized Article
4313,[],Uncategorized Article
6274,[],Uncategorized Article
24828,[],Uncategorized Article
9352,[],Uncategorized Article
20856,[],Uncategorized Article
25573,[],Uncategorized Article
10204,[],Uncategorized Article
10807,[],Uncategorized Article
6787,[],Uncategorized Article
2474,[],Uncategorized Article
6765,[],Uncategorized Article
2945,[],Uncategorized Article
9285,[],Uncategorized Article
3188,[],Uncategorized Article
5563,[],Uncategorized Article
14592,[],Uncategorized Article
19628,[],Uncategorized Article
21906,[],Uncategorized Article
24500,[],Uncategorized Article
184,[],Uncategorized Article
24766,[],Uncategorized Article
10074,[],Uncategorized Article
19494,[],Uncategorized Article
1440,[],Uncategorized Article
24978,[],Uncategorized Article
15644,[],Uncategorized Article
15055,[],Uncategorized Article
22245,[],Uncategorized Article
18694,[],Uncategorized Article
26277,[],Uncategorized Article
15757,[],Uncategorized Article
17716,[],Uncategorized Article
26113,[],Uncategorized Article
4210,[],Uncategorized Article
26194,[],Uncategorized Article
21317,[],Uncategorized Article
8784,[],Uncategorized Article
25869,[],Uncategorized Article
18331,[],Uncategorized Article
6018,[],Uncategorized Article
15970,[],Uncategorized Article
1028,[],Uncategorized Article
25946,[],Uncategorized Article
8463,[],Uncategorized Article
3925,[],Uncategorized Article
11354,[],Uncategorized Article
5777,[],Uncategorized Article
24311,[],Uncategorized Article
8730,[],Uncategorized Article
5562,[],Uncategorized Article
19801,[],Uncategorized Article
1360,[],Uncategorized Article
5950,[],Uncategorized Article
9143,[],Uncategorized Article
12522,[],Uncategorized Article
25014,[],Uncategorized Article
4905,[],Uncategorized Article
6656,[],Uncategorized Article
18204,[],Uncategorized Article
2341,[],Uncategorized Article
24809,[],Uncategorized Article
1663,[],Uncategorized Article
17799,[],Uncategorized Article
23975,[],Uncategorized Article
10502,[],Uncategorized Article
528,[],Uncategorized Article
15513,[],Uncategorized Article
2369,[],Uncategorized Article
19695,[],Uncategorized Article
11647,[],Uncategorized Article
8287,[],Uncategorized Article
13412,[],Uncategorized Article
16996,[],Uncategorized Article
2631,[],Uncategorized Article
11226,[],Uncategorized Article
8340,[],Uncategorized Article
9632,[],Uncategorized Article
25433,[],Uncategorized Article
18421,[],Uncategorized Article
15750,[],Uncategorized Article
15983,[],Uncategorized Article
303,[],Uncategorized Article
4162,[],Uncategorized Article
18417,[],Uncategorized Article
325,[],Uncategorized Article
4536,[],Uncategorized Article
4597,[],Uncategorized Article
23643,[],Uncategorized Article
1487,[],Uncategorized Article
15609,[],Uncategorized Article
26937,[],Uncategorized Article
465,[],Uncategorized Article
9470,[],Uncategorized Article
9389,[],Uncategorized Article
25072,[],Uncategorized Article
25468,[],Uncategorized Article
4209,[],Uncategorized Article
22728,[],Uncategorized Article
7422,[],Uncategorized Article
5123,[],Uncategorized Article
18848,[],Uncategorized Article
21787,[],Uncategorized Article
15227,[],Uncategorized Article
24091,[],Uncategorized Article
24074,[],Uncategorized Article
22019,[],Uncategorized Article
356,[],Uncategorized Article
10723,[],Uncategorized Article
24512,[],Uncategorized Article
16904,[],Uncategorized Article
14509,[],Uncategorized Article
12195,[],Uncategorized Article
17814,[],Uncategorized Article
2320,[],Uncategorized Article
16973,[],Uncategorized Article
2019,[],Uncategorized Article
16283,[],Uncategorized Article
24745,[],Uncategorized Article
567,[],Uncategorized Article
22611,[],Uncategorized Article
19304,[],Uncategorized Article
3510,[],Uncategorized Article
12303,[],Uncategorized Article
24925,[],Uncategorized Article
4486,[],Uncategorized Article
17388,[],Uncategorized Article
1945,[],Uncategorized Article
13361,[],Uncategorized Article
26436,[],Uncategorized Article
17808,[],Uncategorized Article
7487,[],Uncategorized Article
17300,[],Uncategorized Article
22675,[],Uncategorized Article
5807,[],Uncategorized Article
2570,[],Uncategorized Article
8914,[],Uncategorized Article
17817,[],Uncategorized Article
5008,[],Uncategorized Article
15518,[],Uncategorized Article
6263,[],Uncategorized Article
16525,[],Uncategorized Article
2306,[],Uncategorized Article
13242,[],Uncategorized Article
11278,[],Uncategorized Article
16942,[],Uncategorized Article
13526,[],Uncategorized Article
21968,[],Uncategorized Article
23728,[],Uncategorized Article
26028,[],Uncategorized Article
23921,[],Uncategorized Article
11802,[],Uncategorized Article
7762,[],Uncategorized Article
3283,[],Uncategorized Article
20524,[],Uncategorized Article
1138,[],Uncategorized Article
18866,[],Uncategorized Article
6574,[],Uncategorized Article
19757,[],Uncategorized Article
8302,[],Uncategorized Article
19505,[],Uncategorized Article
12566,[],Uncategorized Article
7803,[],Uncategorized Article
21761,[],Uncategorized Article
12007,[],Uncategorized Article
7514,[],Uncategorized Article
7956,[],Uncategorized Article
23903,[],Uncategorized Article
16604,[],Uncategorized Article
158,[],Uncategorized Article
10644,[],Uncategorized Article
23244,[],Uncategorized Article
15904,[],Uncategorized Article
26389,[],Uncategorized Article
2060,[],Uncategorized Article
881,[],Uncategorized Article
14063,[],Uncategorized Article
11499,[],Uncategorized Article
23156,[],Uncategorized Article
24281,[],Uncategorized Article
4959,[],Uncategorized Article
7050,[],Uncategorized Article
4883,[],Uncategorized Article
17963,[],Uncategorized Article
15213,[],Uncategorized Article
6762,[],Uncategorized Article
6615,[],Uncategorized Article
15477,[],Uncategorized Article
4802,[],Uncategorized Article
23700,[],Uncategorized Article
18609,[],Uncategorized Article
6299,[],Uncategorized Article
4179,[],Uncategorized Article
19441,[],Uncategorized Article
6505,[],Uncategorized Article
8600,[],Uncategorized Article
18134,[],Uncategorized Article
14649,[],Uncategorized Article
11519,[],Uncategorized Article
7749,[],Uncategorized Article
2058,[],Uncategorized Article
22692,[],Uncategorized Article
19612,[],Uncategorized Article
8850,[],Uncategorized Article
13290,[],Uncategorized Article
22456,[],Uncategorized Article
7075,[],Uncategorized Article
23889,[],Uncategorized Article
21437,[],Uncategorized Article
8736,[],Uncategorized Article
6339,[],Uncategorized Article
21081,[],Uncategorized Article
5821,[],Uncategorized Article
8619,[],Uncategorized Article
4716,[],Uncategorized Article
18910,[],Uncategorized Article
2215,[],Uncategorized Article
6994,[],Uncategorized Article
13602,[],Uncategorized Article
19220,[],Uncategorized Article
11237,[],Uncategorized Article
9839,[],Uncategorized Article
1482,[],Uncategorized Article
10527,[],Uncategorized Article
22686,[],Uncategorized Article
22004,[],Uncategorized Article
11135,[],Uncategorized Article
20725,[],Uncategorized Article
6632,[],Uncategorized Article
20196,[],Uncategorized Article
5444,[],Uncategorized Article
16671,[],Uncategorized Article
13771,[],Uncategorized Article
8978,[],Uncategorized Article
20911,[],Uncategorized Article
21308,[],Uncategorized Article
18234,[],Uncategorized Article
8561,[],Uncategorized Article
17295,[],Uncategorized Article
2548,[],Uncategorized Article
11632,[],Uncategorized Article
642,[],Uncategorized Article
21244,[],Uncategorized Article
18261,[],Uncategorized Article
3469,[],Uncategorized Article
11043,[],Uncategorized Article
25317,[],Uncategorized Article
142,[],Uncategorized Article
2398,[],Uncategorized Article
19361,[],Uncategorized Article
4064,[],Uncategorized Article
4781,[],Uncategorized Article
1858,[],Uncategorized Article
17822,[],Uncategorized Article
6579,[],Uncategorized Article
14361,[],Uncategorized Article
3723,[],Uncategorized Article
12535,[],Uncategorized Article
11930,[],Uncategorized Article
1400,[],Uncategorized Article
3355,[],Uncategorized Article
521,[],Uncategorized Article
7859,[],Uncategorized Article
4030,[],Uncategorized Article
13027,[],Uncategorized Article
23608,[],Uncategorized Article
26214,[],Uncategorized Article
26538,[],Uncategorized Article
13056,[],Uncategorized Article
24463,[],Uncategorized Article
16534,[],Uncategorized Article
18905,[],Uncategorized Article
22510,[],Uncategorized Article
19902,[],Uncategorized Article
16101,[],Uncategorized Article
12936,[],Uncategorized Article
9249,[],Uncategorized Article
25615,[],Uncategorized Article
18548,[],Uncategorized Article
18021,[],Uncategorized Article
20612,[],Uncategorized Article
872,[],Uncategorized Article
9630,[],Uncategorized Article
13896,[],Uncategorized Article
21880,[],Uncategorized Article
6658,[],Uncategorized Article
23077,[],Uncategorized Article
6028,[],Uncategorized Article
4231,[],Uncategorized Article
19101,[],Uncategorized Article
306,[],Uncategorized Article
15259,[],Uncategorized Article
22484,[],Uncategorized Article
23008,[],Uncategorized Article
14928,[],Uncategorized Article
20895,[],Uncategorized Article
2276,[],Uncategorized Article
14709,[],Uncategorized Article
2538,[],Uncategorized Article
5181,[],Uncategorized Article
15731,[],Uncategorized Article
18457,[],Uncategorized Article
1924,[],Uncategorized Article
17448,[],Uncategorized Article
16027,[],Uncategorized Article
16515,[],Uncategorized Article
15395,[],Uncategorized Article
23272,[],Uncategorized Article
6208,[],Uncategorized Article
9543,[],Uncategorized Article
11370,[],Uncategorized Article
16827,[],Uncategorized Article
5161,[],Uncategorized Article
15491,[],Uncategorized Article
9058,[],Uncategorized Article
5819,[],Uncategorized Article
25004,[],Uncategorized Article
14789,[],Uncategorized Article
4301,[],Uncategorized Article
16944,[],Uncategorized Article
18940,[],Uncategorized Article
10641,[],Uncategorized Article
9377,[],Uncategorized Article
17243,[],Uncategorized Article
16763,[],Uncategorized Article
5936,[],Uncategorized Article
16171,[],Uncategorized Article
260,[],Uncategorized Article
26771,[],Uncategorized Article
17411,[],Uncategorized Article
17581,[],Uncategorized Article
24550,[],Uncategorized Article
22954,[],Uncategorized Article
1091,[],Uncategorized Article
19085,[],Uncategorized Article
6931,[],Uncategorized Article
4649,[],Uncategorized Article
22648,[],Uncategorized Article
22208,[],Uncategorized Article
6000,[],Uncategorized Article
7142,[],Uncategorized Article
9025,[],Uncategorized Article
8961,[],Uncategorized Article
17959,[],Uncategorized Article
9444,[],Uncategorized Article
20088,[],Uncategorized Article
18326,[],Uncategorized Article
16745,[],Uncategorized Article
26754,[],Uncategorized Article
9090,[],Uncategorized Article
13413,[],Uncategorized Article
13463,[],Uncategorized Article
532,[],Uncategorized Article
2417,[],Uncategorized Article
4041,[],Uncategorized Article
4676,[],Uncategorized Article
2921,[],Uncategorized Article
20182,[],Uncategorized Article
2249,[],Uncategorized Article
5479,[],Uncategorized Article
17505,[],Uncategorized Article
1050,[],Uncategorized Article
19044,[],Uncategorized Article
19448,[],Uncategorized Article
9457,[],Uncategorized Article
1718,[],Uncategorized Article
5273,[],Uncategorized Article
19632,[],Uncategorized Article
12384,[],Uncategorized Article
2459,[],Uncategorized Article
13485,[],Uncategorized Article
6793,[],Uncategorized Article
10547,[],Uncategorized Article
8621,[],Uncategorized Article
11158,[],Uncategorized Article
22831,[],Uncategorized Article
16510,[],Uncategorized Article
15767,[],Uncategorized Article
24219,[],Uncategorized Article
25775,[],Uncategorized Article
21618,[],Uncategorized Article
759,[],Uncategorized Article
24944,[],Uncategorized Article
24150,[],Uncategorized Article
5487,[],Uncategorized Article
13449,[],Uncategorized Article
3338,[],Uncategorized Article
26045,[],Uncategorized Article
11200,[],Uncategorized Article
24483,[],Uncategorized Article
6060,[],Uncategorized Article
11942,[],Uncategorized Article
18817,[],Uncategorized Article
6621,[],Uncategorized Article
14045,[],Uncategorized Article
4348,[],Uncategorized Article
26091,[],Uncategorized Article
7470,[],Uncategorized Article
3691,[],Uncategorized Article
5767,[],Uncategorized Article
12690,[],Uncategorized Article
4395,[],Uncategorized Article
6205,[],Uncategorized Article
2903,[],Uncategorized Article
1839,[],Uncategorized Article
12186,[],Uncategorized Article
14740,[],Uncategorized Article
24261,[],Uncategorized Article
19908,[],Uncategorized Article
17664,[],Uncategorized Article
6758,[],Uncategorized Article
3339,[],Uncategorized Article
5212,[],Uncategorized Article
15910,[],Uncategorized Article
620,[],Uncategorized Article
1656,[],Uncategorized Article
2628,[],Uncategorized Article
22631,[],Uncategorized Article
23858,[],Uncategorized Article
17984,[],Uncategorized Article
10903,[],Uncategorized Article
1999,[],Uncategorized Article
14577,[],Uncategorized Article
21466,[],Uncategorized Article
3881,[],Uncategorized Article
20129,[],Uncategorized Article
26599,[],Uncategorized Article
14701,[],Uncategorized Article
18185,[],Uncategorized Article
4215,[],Uncategorized Article
13473,[],Uncategorized Article
13461,[],Uncategorized Article
22026,[],Uncategorized Article
14971,[],Uncategorized Article
11514,[],Uncategorized Article
7224,[],Uncategorized Article
1723,[],Uncategorized Article
5747,[],Uncategorized Article
6104,[],Uncategorized Article
24049,[],Uncategorized Article
8814,[],Uncategorized Article
2407,[],Uncategorized Article
14560,[],Uncategorized Article
3465,[],Uncategorized Article
25320,[],Uncategorized Article
10897,[],Uncategorized Article
10363,[],Uncategorized Article
26637,[],Uncategorized Article
22406,[],Uncategorized Article
15777,[],Uncategorized Article
24720,[],Uncategorized Article
443,[],Uncategorized Article
15984,[],Uncategorized Article
18294,[],Uncategorized Article
972,[],Uncategorized Article
376,[],Uncategorized Article
11652,[],Uncategorized Article
18269,[],Uncategorized Article
825,[],Uncategorized Article
704,[],Uncategorized Article
19467,[],Uncategorized Article
21536,[],Uncategorized Article
12204,[],Uncategorized Article
2655,[],Uncategorized Article
24719,[],Uncategorized Article
13142,[],Uncategorized Article
24686,[],Uncategorized Article
9592,[],Uncategorized Article
21512,[],Uncategorized Article
14030,[],Uncategorized Article
19547,[],Uncategorized Article
16217,[],Uncategorized Article
10529,[],Uncategorized Article
24220,[],Uncategorized Article
3442,[],Uncategorized Article
14165,[],Uncategorized Article
18359,[],Uncategorized Article
6820,[],Uncategorized Article
22634,[],Uncategorized Article
15724,[],Uncategorized Article
19421,[],Uncategorized Article
2337,[],Uncategorized Article
8638,[],Uncategorized Article
4872,[],Uncategorized Article
3066,[],Uncategorized Article
7982,[],Uncategorized Article
22776,[],Uncategorized Article
21554,[],Uncategorized Article
13813,[],Uncategorized Article
12993,[],Uncategorized Article
3909,[],Uncategorized Article
12774,[],Uncategorized Article
21594,[],Uncategorized Article
2639,[],Uncategorized Article
26901,[],Uncategorized Article
703,[],Uncategorized Article
5172,[],Uncategorized Article
1934,[],Uncategorized Article
18336,[],Uncategorized Article
13922,[],Uncategorized Article
4694,[],Uncategorized Article
16573,[],Uncategorized Article
7741,[],Uncategorized Article
5526,[],Uncategorized Article
22323,[],Uncategorized Article
8031,[],Uncategorized Article
14225,[],Uncategorized Article
2804,[],Uncategorized Article
8272,[],Uncategorized Article
20994,[],Uncategorized Article
24238,[],Uncategorized Article
17399,[],Uncategorized Article
8653,[],Uncategorized Article
4661,[],Uncategorized Article
8945,[],Uncategorized Article
11114,[],Uncategorized Article
3766,[],Uncategorized Article
25922,[],Uncategorized Article
21115,[],Uncategorized Article
17583,[],Uncategorized Article
4129,[],Uncategorized Article
1049,[],Uncategorized Article
8667,[],Uncategorized Article
17634,[],Uncategorized Article
21489,[],Uncategorized Article
13337,[],Uncategorized Article
16349,[],Uncategorized Article
21465,[],Uncategorized Article
12552,[],Uncategorized Article
171,[],Uncategorized Article
18515,[],Uncategorized Article
13585,[],Uncategorized Article
789,[],Uncategorized Article
26573,[],Uncategorized Article
23316,[],Uncategorized Article
14047,[],Uncategorized Article
10048,[],Uncategorized Article
4617,[],Uncategorized Article
19252,[],Uncategorized Article
908,[],Uncategorized Article
17555,[],Uncategorized Article
22575,[],Uncategorized Article
2293,[],Uncategorized Article
18363,[],Uncategorized Article
10033,[],Uncategorized Article
7273,[],Uncategorized Article
5651,[],Uncategorized Article
17542,[],Uncategorized Article
14088,[],Uncategorized Article
757,[],Uncategorized Article
16507,[],Uncategorized Article
4121,[],Uncategorized Article
18873,[],Uncategorized Article
9393,[],Uncategorized Article
12998,[],Uncategorized Article
8303,[],Uncategorized Article
24587,[],Uncategorized Article
7229,[],Uncategorized Article
1701,[],Uncategorized Article
5879,[],Uncategorized Article
25756,[],Uncategorized Article
56,[],Uncategorized Article
730,[],Uncategorized Article
978,[],Uncategorized Article
18595,[],Uncategorized Article
20625,[],Uncategorized Article
13398,[],Uncategorized Article
1499,[],Uncategorized Article
7730,[],Uncategorized Article
7570,[],Uncategorized Article
6194,[],Uncategorized Article
23102,[],Uncategorized Article
11746,[],Uncategorized Article
8301,[],Uncategorized Article
16938,[],Uncategorized Article
4960,[],Uncategorized Article
13829,[],Uncategorized Article
20362,[],Uncategorized Article
26181,[],Uncategorized Article
12269,[],Uncategorized Article
4364,[],Uncategorized Article
24570,[],Uncategorized Article
11858,[],Uncategorized Article
15484,[],Uncategorized Article
19224,[],Uncategorized Article
13005,[],Uncategorized Article
26170,[],Uncategorized Article
5733,[],Uncategorized Article
22721,[],Uncategorized Article
16004,[],Uncategorized Article
11578,[],Uncategorized Article
7699,[],Uncategorized Article
22140,[],Uncategorized Article
24953,[],Uncategorized Article
6639,[],Uncategorized Article
3653,[],Uncategorized Article
12833,[],Uncategorized Article
18857,[],Uncategorized Article
19821,[],Uncategorized Article
2416,[],Uncategorized Article
14396,[],Uncategorized Article
26635,[],Uncategorized Article
1614,[],Uncategorized Article
18683,[],Uncategorized Article
13791,[],Uncategorized Article
9273,[],Uncategorized Article
12684,[],Uncategorized Article
8976,[],Uncategorized Article
26202,[],Uncategorized Article
14164,[],Uncategorized Article
15394,[],Uncategorized Article
24801,[],Uncategorized Article
2366,[],Uncategorized Article
24435,[],Uncategorized Article
14235,[],Uncategorized Article
22328,[],Uncategorized Article
9347,[],Uncategorized Article
13820,[],Uncategorized Article
21226,[],Uncategorized Article
4786,[],Uncategorized Article
3996,[],Uncategorized Article
7074,[],Uncategorized Article
20366,[],Uncategorized Article
7540,[],Uncategorized Article
13105,[],Uncategorized Article
3679,[],Uncategorized Article
23569,[],Uncategorized Article
20892,[],Uncategorized Article
25016,[],Uncategorized Article
15073,[],Uncategorized Article
23015,[],Uncategorized Article
18735,[],Uncategorized Article
22974,[],Uncategorized Article
21245,[],Uncategorized Article
15976,[],Uncategorized Article
20869,[],Uncategorized Article
8408,[],Uncategorized Article
23287,[],Uncategorized Article
4970,[],Uncategorized Article
23618,[],Uncategorized Article
5531,[],Uncategorized Article
18192,[],Uncategorized Article
20027,[],Uncategorized Article
9292,[],Uncategorized Article
6101,[],Uncategorized Article
6395,[],Uncategorized Article
12899,[],Uncategorized Article
26080,[],Uncategorized Article
5608,[],Uncategorized Article
11552,[],Uncategorized Article
23834,[],Uncategorized Article
15508,[],Uncategorized Article
8093,[],Uncategorized Article
23079,[],Uncategorized Article
4878,[],Uncategorized Article
3804,[],Uncategorized Article
8771,[],Uncategorized Article
21662,[],Uncategorized Article
6486,[],Uncategorized Article
17391,[],Uncategorized Article
18804,[],Uncategorized Article
19132,[],Uncategorized Article
7663,[],Uncategorized Article
26417,[],Uncategorized Article
13268,[],Uncategorized Article
23448,[],Uncategorized Article
21994,[],Uncategorized Article
15959,[],Uncategorized Article
10489,[],Uncategorized Article
26323,[],Uncategorized Article
22500,[],Uncategorized Article
7546,[],Uncategorized Article
17365,[],Uncategorized Article
7694,[],Uncategorized Article
8955,[],Uncategorized Article
25602,[],Uncategorized Article
21200,[],Uncategorized Article
16580,[],Uncategorized Article
12735,[],Uncategorized Article
8836,[],Uncategorized Article
18002,[],Uncategorized Article
22001,[],Uncategorized Article
14811,[],Uncategorized Article
23666,[],Uncategorized Article
20422,[],Uncategorized Article
2340,[],Uncategorized Article
9381,[],Uncategorized Article
2913,[],Uncategorized Article
24510,[],Uncategorized Article
23269,[],Uncategorized Article
7004,[],Uncategorized Article
21715,[],Uncategorized Article
19219,[],Uncategorized Article
16930,[],Uncategorized Article
6227,[],Uncategorized Article
11788,[],Uncategorized Article
10590,[],Uncategorized Article
14468,[],Uncategorized Article
22139,[],Uncategorized Article
9394,[],Uncategorized Article
20560,[],Uncategorized Article
13484,[],Uncategorized Article
7207,[],Uncategorized Article
15973,[],Uncategorized Article
15827,[],Uncategorized Article
2477,[],Uncategorized Article
8674,[],Uncategorized Article
16683,[],Uncategorized Article
20204,[],Uncategorized Article
23206,[],Uncategorized Article
4558,[],Uncategorized Article
19147,[],Uncategorized Article
7904,[],Uncategorized Article
13927,[],Uncategorized Article
22768,[],Uncategorized Article
26994,[],Uncategorized Article
23772,[],Uncategorized Article
16425,[],Uncategorized Article
15931,[],Uncategorized Article
13617,[],Uncategorized Article
7039,[],Uncategorized Article
6437,[],Uncategorized Article
12862,[],Uncategorized Article
6021,[],Uncategorized Article
11489,[],Uncategorized Article
1126,[],Uncategorized Article
3939,[],Uncategorized Article
7308,[],Uncategorized Article
26476,[],Uncategorized Article
6634,[],Uncategorized Article
26246,[],Uncategorized Article
17131,[],Uncategorized Article
23185,[],Uncategorized Article
24163,[],Uncategorized Article
1669,[],Uncategorized Article
25861,[],Uncategorized Article
15288,[],Uncategorized Article
15063,[],Uncategorized Article
8176,[],Uncategorized Article
938,[],Uncategorized Article
13477,[],Uncategorized Article
24388,[],Uncategorized Article
18584,[],Uncategorized Article
22211,[],Uncategorized Article
14628,[],Uncategorized Article
3898,[],Uncategorized Article
16036,[],Uncategorized Article
6744,[],Uncategorized Article
7919,[],Uncategorized Article
15049,[],Uncategorized Article
20551,[],Uncategorized Article
6156,[],Uncategorized Article
3312,[],Uncategorized Article
479,[],Uncategorized Article
1596,[],Uncategorized Article
21013,[],Uncategorized Article
26106,[],Uncategorized Article
25486,[],Uncategorized Article
21569,[],Uncategorized Article
16167,[],Uncategorized Article
24730,[],Uncategorized Article
13445,[],Uncategorized Article
22750,[],Uncategorized Article
10679,[],Uncategorized Article
13671,[],Uncategorized Article
10038,[],Uncategorized Article
9473,[],Uncategorized Article
8473,[],Uncategorized Article
17263,[],Uncategorized Article
15884,[],Uncategorized Article
10379,[],Uncategorized Article
8839,[],Uncategorized Article
17880,[],Uncategorized Article
11805,[],Uncategorized Article
20659,[],Uncategorized Article
15404,[],Uncategorized Article
13871,[],Uncategorized Article
15834,[],Uncategorized Article
23318,[],Uncategorized Article
5715,[],Uncategorized Article
1786,[],Uncategorized Article
11901,[],Uncategorized Article
14906,[],Uncategorized Article
26701,[],Uncategorized Article
7478,[],Uncategorized Article
21177,[],Uncategorized Article
5718,[],Uncategorized Article
19530,[],Uncategorized Article
9415,[],Uncategorized Article
8040,[],Uncategorized Article
24267,[],Uncategorized Article
14856,[],Uncategorized Article
883,[],Uncategorized Article
24087,[],Uncategorized Article
543,[],Uncategorized Article
8759,[],Uncategorized Article
8798,[],Uncategorized Article
23271,[],Uncategorized Article
24846,[],Uncategorized Article
11741,[],Uncategorized Article
17497,[],Uncategorized Article
16641,[],Uncategorized Article
4919,[],Uncategorized Article
17462,[],Uncategorized Article
21790,[],Uncategorized Article
26390,[],Uncategorized Article
24346,[],Uncategorized Article
26342,[],Uncategorized Article
25825,[],Uncategorized Article
1977,[],Uncategorized Article
10795,[],Uncategorized Article
19048,[],Uncategorized Article
16200,[],Uncategorized Article
10336,[],Uncategorized Article
20636,[],Uncategorized Article
4457,[],Uncategorized Article
5740,[],Uncategorized Article
2160,[],Uncategorized Article
12621,[],Uncategorized Article
7820,[],Uncategorized Article
990,[],Uncategorized Article
21099,[],Uncategorized Article
25051,[],Uncategorized Article
25994,[],Uncategorized Article
5434,[],Uncategorized Article
24239,[],Uncategorized Article
23843,[],Uncategorized Article
11513,[],Uncategorized Article
18082,[],Uncategorized Article
17533,[],Uncategorized Article
13700,[],Uncategorized Article
23166,[],Uncategorized Article
12974,[],Uncategorized Article
11596,[],Uncategorized Article
510,[],Uncategorized Article
14242,[],Uncategorized Article
10129,[],Uncategorized Article
19792,[],Uncategorized Article
8348,[],Uncategorized Article
16687,[],Uncategorized Article
9243,[],Uncategorized Article
8194,[],Uncategorized Article
839,[],Uncategorized Article
21965,[],Uncategorized Article
21945,[],Uncategorized Article
23216,[],Uncategorized Article
13819,[],Uncategorized Article
3957,[],Uncategorized Article
13357,[],Uncategorized Article
4839,[],Uncategorized Article
4889,[],Uncategorized Article
23241,[],Uncategorized Article
762,[],Uncategorized Article
18068,[],Uncategorized Article
22034,[],Uncategorized Article
4840,[],Uncategorized Article
14253,[],Uncategorized Article
20369,[],Uncategorized Article
21366,[],Uncategorized Article
13842,[],Uncategorized Article
7076,[],Uncategorized Article
1142,[],Uncategorized Article
11655,[],Uncategorized Article
6189,[],Uncategorized Article
12203,[],Uncategorized Article
26987,[],Uncategorized Article
26833,[],Uncategorized Article
11920,[],Uncategorized Article
16752,[],Uncategorized Article
21349,[],Uncategorized Article
5461,[],Uncategorized Article
18834,[],Uncategorized Article
5156,[],Uncategorized Article
1801,[],Uncategorized Article
4756,[],Uncategorized Article
11295,[],Uncategorized Article
24259,[],Uncategorized Article
4349,[],Uncategorized Article
16110,[],Uncategorized Article
17648,[],Uncategorized Article
530,[],Uncategorized Article
21982,[],Uncategorized Article
16668,[],Uncategorized Article
9827,[],Uncategorized Article
1919,[],Uncategorized Article
10945,[],Uncategorized Article
12824,[],Uncategorized Article
124,[],Uncategorized Article
14813,[],Uncategorized Article
22562,[],Uncategorized Article
24367,[],Uncategorized Article
21297,[],Uncategorized Article
10032,[],Uncategorized Article
18348,[],Uncategorized Article
1949,[],Uncategorized Article
26589,[],Uncategorized Article
26602,[],Uncategorized Article
14156,[],Uncategorized Article
20925,[],Uncategorized Article
23837,[],Uncategorized Article
11366,[],Uncategorized Article
10604,[],Uncategorized Article
24832,[],Uncategorized Article
11429,[],Uncategorized Article
12314,[],Uncategorized Article
15402,[],Uncategorized Article
10571,[],Uncategorized Article
23698,[],Uncategorized Article
24679,[],Uncategorized Article
26615,[],Uncategorized Article
24751,[],Uncategorized Article
6341,[],Uncategorized Article
11068,[],Uncategorized Article
20081,[],Uncategorized Article
13599,[],Uncategorized Article
17117,[],Uncategorized Article
847,[],Uncategorized Article
2377,[],Uncategorized Article
20113,[],Uncategorized Article
7894,[],Uncategorized Article
17423,[],Uncategorized Article
25216,[],Uncategorized Article
1903,[],Uncategorized Article
18805,[],Uncategorized Article
21877,[],Uncategorized Article
6679,[],Uncategorized Article
17016,[],Uncategorized Article
15145,[],Uncategorized Article
4335,[],Uncategorized Article
1183,[],Uncategorized Article
12294,[],Uncategorized Article
22147,[],Uncategorized Article
11118,[],Uncategorized Article
3060,[],Uncategorized Article
3859,[],Uncategorized Article
24478,[],Uncategorized Article
22293,[],Uncategorized Article
288,[],Uncategorized Article
9293,[],Uncategorized Article
9805,[],Uncategorized Article
582,[],Uncategorized Article
4687,[],Uncategorized Article
3270,[],Uncategorized Article
16893,[],Uncategorized Article
16815,[],Uncategorized Article
7035,[],Uncategorized Article
24749,[],Uncategorized Article
3879,[],Uncategorized Article
23217,[],Uncategorized Article
2180,[],Uncategorized Article
26946,[],Uncategorized Article
16468,[],Uncategorized Article
17554,[],Uncategorized Article
10327,[],Uncategorized Article
7623,[],Uncategorized Article
23632,[],Uncategorized Article
10613,[],Uncategorized Article
18508,[],Uncategorized Article
18772,[],Uncategorized Article
18522,[],Uncategorized Article
18314,[],Uncategorized Article
16795,[],Uncategorized Article
10155,[],Uncategorized Article
16153,[],Uncategorized Article
20832,[],Uncategorized Article
6201,[],Uncategorized Article
24624,[],Uncategorized Article
3281,[],Uncategorized Article
11886,[],Uncategorized Article
7635,[],Uncategorized Article
18012,[],Uncategorized Article
13935,[],Uncategorized Article
18216,[],Uncategorized Article
19294,[],Uncategorized Article
22084,[],Uncategorized Article
12511,[],Uncategorized Article
761,[],Uncategorized Article
7013,[],Uncategorized Article
10399,[],Uncategorized Article
26341,[],Uncategorized Article
21322,[],Uncategorized Article
12548,[],Uncategorized Article
185,[],Uncategorized Article
9055,[],Uncategorized Article
25300,[],Uncategorized Article
24897,[],Uncategorized Article
4062,[],Uncategorized Article
23183,[],Uncategorized Article
10857,[],Uncategorized Article
20860,[],Uncategorized Article
22672,[],Uncategorized Article
1415,[],Uncategorized Article
25722,[],Uncategorized Article
15814,[],Uncategorized Article
15643,[],Uncategorized Article
16563,[],Uncategorized Article
20853,[],Uncategorized Article
20169,[],Uncategorized Article
16257,[],Uncategorized Article
22897,[],Uncategorized Article
6413,[],Uncategorized Article
4327,[],Uncategorized Article
15021,[],Uncategorized Article
8776,[],Uncategorized Article
21107,[],Uncategorized Article
9049,[],Uncategorized Article
2868,[],Uncategorized Article
7670,[],Uncategorized Article
25091,[],Uncategorized Article
21034,[],Uncategorized Article
16658,[],Uncategorized Article
9786,[],Uncategorized Article
6630,[],Uncategorized Article
14814,[],Uncategorized Article
7380,[],Uncategorized Article
3118,[],Uncategorized Article
17139,[],Uncategorized Article
2952,[],Uncategorized Article
17007,[],Uncategorized Article
18986,[],Uncategorized Article
12876,[],Uncategorized Article
12964,[],Uncategorized Article
16761,[],Uncategorized Article
18317,[],Uncategorized Article
6805,[],Uncategorized Article
18533,[],Uncategorized Article
9113,[],Uncategorized Article
16051,[],Uncategorized Article
13176,[],Uncategorized Article
13470,[],Uncategorized Article
12635,[],Uncategorized Article
2205,[],Uncategorized Article
23074,[],Uncategorized Article
25763,[],Uncategorized Article
12846,[],Uncategorized Article
20951,[],Uncategorized Article
26686,[],Uncategorized Article
17728,[],Uncategorized Article
2456,[],Uncategorized Article
26916,[],Uncategorized Article
8823,[],Uncategorized Article
18067,[],Uncategorized Article
19300,[],Uncategorized Article
20882,[],Uncategorized Article
17165,[],Uncategorized Article
13365,[],Uncategorized Article
12762,[],Uncategorized Article
10523,[],Uncategorized Article
14669,[],Uncategorized Article
6096,[],Uncategorized Article
18541,[],Uncategorized Article
25257,[],Uncategorized Article
24157,[],Uncategorized Article
22429,[],Uncategorized Article
11090,[],Uncategorized Article
23199,[],Uncategorized Article
23141,[],Uncategorized Article
17239,[],Uncategorized Article
17654,[],Uncategorized Article
13219,[],Uncategorized Article
7475,[],Uncategorized Article
2552,[],Uncategorized Article
6975,[],Uncategorized Article
8651,[],Uncategorized Article
18401,[],Uncategorized Article
1665,[],Uncategorized Article
21035,[],Uncategorized Article
3837,[],Uncategorized Article
24088,[],Uncategorized Article
2582,[],Uncategorized Article
802,[],Uncategorized Article
9179,[],Uncategorized Article
17928,[],Uncategorized Article
8916,[],Uncategorized Article
23300,[],Uncategorized Article
18936,[],Uncategorized Article
10282,[],Uncategorized Article
24473,[],Uncategorized Article
7963,[],Uncategorized Article
12877,[],Uncategorized Article
18894,[],Uncategorized Article
23917,[],Uncategorized Article
16857,[],Uncategorized Article
1811,[],Uncategorized Article
25124,[],Uncategorized Article
3527,[],Uncategorized Article
9983,[],Uncategorized Article
24952,[],Uncategorized Article
4295,[],Uncategorized Article
602,[],Uncategorized Article
12300,[],Uncategorized Article
906,[],Uncategorized Article
23374,[],Uncategorized Article
15647,[],Uncategorized Article
20752,[],Uncategorized Article
5040,[],Uncategorized Article
10360,[],Uncategorized Article
17782,[],Uncategorized Article
15019,[],Uncategorized Article
3275,[],Uncategorized Article
10525,[],Uncategorized Article
1760,[],Uncategorized Article
25650,[],Uncategorized Article
20406,[],Uncategorized Article
11137,[],Uncategorized Article
16975,[],Uncategorized Article
14167,[],Uncategorized Article
21402,[],Uncategorized Article
17942,[],Uncategorized Article
3928,[],Uncategorized Article
22071,[],Uncategorized Article
13476,[],Uncategorized Article
6107,[],Uncategorized Article
22565,[],Uncategorized Article
43,[],Uncategorized Article
13856,[],Uncategorized Article
15645,[],Uncategorized Article
21539,[],Uncategorized Article
4969,[],Uncategorized Article
26481,[],Uncategorized Article
17233,[],Uncategorized Article
19707,[],Uncategorized Article
25077,[],Uncategorized Article
17598,[],Uncategorized Article
10603,[],Uncategorized Article
21047,[],Uncategorized Article
21052,[],Uncategorized Article
874,[],Uncategorized Article
6877,[],Uncategorized Article
26483,[],Uncategorized Article
18954,[],Uncategorized Article
8895,[],Uncategorized Article
1626,[],Uncategorized Article
20364,[],Uncategorized Article
15902,[],Uncategorized Article
13525,[],Uncategorized Article
21656,[],Uncategorized Article
13240,[],Uncategorized Article
24648,[],Uncategorized Article
20075,[],Uncategorized Article
2280,[],Uncategorized Article
9563,[],Uncategorized Article
976,[],Uncategorized Article
21137,[],Uncategorized Article
13643,[],Uncategorized Article
979,[],Uncategorized Article
21686,[],Uncategorized Article
3819,[],Uncategorized Article
26324,[],Uncategorized Article
11842,[],Uncategorized Article
24721,[],Uncategorized Article
5193,[],Uncategorized Article
1179,[],Uncategorized Article
1018,[],Uncategorized Article
2955,[],Uncategorized Article
25026,[],Uncategorized Article
25415,[],Uncategorized Article
20030,[],Uncategorized Article
21132,[],Uncategorized Article
2400,[],Uncategorized Article
6945,[],Uncategorized Article
4646,[],Uncategorized Article
100,[],Uncategorized Article
14198,[],Uncategorized Article
19700,[],Uncategorized Article
21058,[],Uncategorized Article
20214,[],Uncategorized Article
22334,[],Uncategorized Article
25950,[],Uncategorized Article
5425,[],Uncategorized Article
949,[],Uncategorized Article
26743,[],Uncategorized Article
21654,[],Uncategorized Article
11183,[],Uncategorized Article
21104,[],Uncategorized Article
5674,[],Uncategorized Article
23844,[],Uncategorized Article
17377,[],Uncategorized Article
10259,[],Uncategorized Article
15396,[],Uncategorized Article
5604,[],Uncategorized Article
23174,[],Uncategorized Article
15003,[],Uncategorized Article
24221,[],Uncategorized Article
11419,[],Uncategorized Article
20294,[],Uncategorized Article
17116,[],Uncategorized Article
12239,[],Uncategorized Article
25593,[],Uncategorized Article
26640,[],Uncategorized Article
25792,[],Uncategorized Article
321,[],Uncategorized Article
1334,[],Uncategorized Article
21037,[],Uncategorized Article
24197,[],Uncategorized Article
8217,[],Uncategorized Article
1563,[],Uncategorized Article
16680,[],Uncategorized Article
22380,[],Uncategorized Article
18194,[],Uncategorized Article
12822,[],Uncategorized Article
7254,[],Uncategorized Article
21805,[],Uncategorized Article
17777,[],Uncategorized Article
17744,[],Uncategorized Article
14285,[],Uncategorized Article
4359,[],Uncategorized Article
15839,[],Uncategorized Article
26768,[],Uncategorized Article
948,[],Uncategorized Article
15594,[],Uncategorized Article
2322,[],Uncategorized Article
14213,[],Uncategorized Article
11730,[],Uncategorized Article
25443,[],Uncategorized Article
25198,[],Uncategorized Article
5228,[],Uncategorized Article
17604,[],Uncategorized Article
16026,[],Uncategorized Article
19290,[],Uncategorized Article
25495,[],Uncategorized Article
10099,[],Uncategorized Article
11711,[],Uncategorized Article
4227,[],Uncategorized Article
17644,[],Uncategorized Article
26579,[],Uncategorized Article
14497,[],Uncategorized Article
13355,[],Uncategorized Article
11883,[],Uncategorized Article
21691,[],Uncategorized Article
18738,[],Uncategorized Article
17023,[],Uncategorized Article
16601,[],Uncategorized Article
16995,[],Uncategorized Article
12939,[],Uncategorized Article
6393,[],Uncategorized Article
10811,[],Uncategorized Article
5120,[],Uncategorized Article
17689,[],Uncategorized Article
10031,[],Uncategorized Article
292,[],Uncategorized Article
5239,[],Uncategorized Article
8289,[],Uncategorized Article
9656,[],Uncategorized Article
2504,[],Uncategorized Article
24083,[],Uncategorized Article
10371,[],Uncategorized Article
11364,[],Uncategorized Article
7391,[],Uncategorized Article
18041,[],Uncategorized Article
15949,[],Uncategorized Article
8954,[],Uncategorized Article
8281,[],Uncategorized Article
110,[],Uncategorized Article
24268,[],Uncategorized Article
15547,[],Uncategorized Article
14810,[],Uncategorized Article
1417,[],Uncategorized Article
15186,[],Uncategorized Article
10946,[],Uncategorized Article
11391,[],Uncategorized Article
15914,[],Uncategorized Article
18781,[],Uncategorized Article
4077,[],Uncategorized Article
5356,[],Uncategorized Article
17690,[],Uncategorized Article
10917,[],Uncategorized Article
6560,[],Uncategorized Article
15683,[],Uncategorized Article
3349,[],Uncategorized Article
12521,[],Uncategorized Article
21422,[],Uncategorized Article
8437,[],Uncategorized Article
14610,[],Uncategorized Article
5063,[],Uncategorized Article
10470,[],Uncategorized Article
18923,[],Uncategorized Article
15163,[],Uncategorized Article
20722,[],Uncategorized Article
17052,[],Uncategorized Article
95,[],Uncategorized Article
15532,[],Uncategorized Article
15589,[],Uncategorized Article
2611,[],Uncategorized Article
10098,[],Uncategorized Article
11010,[],Uncategorized Article
23038,[],Uncategorized Article
8411,[],Uncategorized Article
16664,[],Uncategorized Article
4155,[],Uncategorized Article
12672,[],Uncategorized Article
7420,[],Uncategorized Article
21942,[],Uncategorized Article
10925,[],Uncategorized Article
12558,[],Uncategorized Article
26990,[],Uncategorized Article
6170,[],Uncategorized Article
10649,[],Uncategorized Article
13963,[],Uncategorized Article
24558,[],Uncategorized Article
5703,[],Uncategorized Article
12749,[],Uncategorized Article
22507,[],Uncategorized Article
24761,[],Uncategorized Article
6457,[],Uncategorized Article
1793,[],Uncategorized Article
14976,[],Uncategorized Article
20907,[],Uncategorized Article
25967,[],Uncategorized Article
6742,[],Uncategorized Article
26445,[],Uncategorized Article
18729,[],Uncategorized Article
8851,[],Uncategorized Article
20735,[],Uncategorized Article
23877,[],Uncategorized Article
4791,[],Uncategorized Article
4200,[],Uncategorized Article
24494,[],Uncategorized Article
24209,[],Uncategorized Article
8085,[],Uncategorized Article
319,[],Uncategorized Article
9432,[],Uncategorized Article
21258,[],Uncategorized Article
10567,[],Uncategorized Article
19490,[],Uncategorized Article
15389,[],Uncategorized Article
14102,[],Uncategorized Article
15415,[],Uncategorized Article
5913,[],Uncategorized Article
5614,[],Uncategorized Article
19560,[],Uncategorized Article
7232,[],Uncategorized Article
5493,[],Uncategorized Article
25223,[],Uncategorized Article
9408,[],Uncategorized Article
24231,[],Uncategorized Article
330,[],Uncategorized Article
9978,[],Uncategorized Article
9004,[],Uncategorized Article
10170,[],Uncategorized Article
3116,[],Uncategorized Article
5790,[],Uncategorized Article
3331,[],Uncategorized Article
613,[],Uncategorized Article
26790,[],Uncategorized Article
7579,[],Uncategorized Article
722,[],Uncategorized Article
16783,[],Uncategorized Article
5806,[],Uncategorized Article
6158,[],Uncategorized Article
1860,[],Uncategorized Article
22076,[],Uncategorized Article
11041,[],Uncategorized Article
8598,[],Uncategorized Article
5430,[],Uncategorized Article
10302,[],Uncategorized Article
18334,[],Uncategorized Article
17003,[],Uncategorized Article
15891,[],Uncategorized Article
20226,[],Uncategorized Article
7496,[],Uncategorized Article
25554,[],Uncategorized Article
17920,[],Uncategorized Article
25295,[],Uncategorized Article
2259,[],Uncategorized Article
3464,[],Uncategorized Article
23780,[],Uncategorized Article
22216,[],Uncategorized Article
12113,[],Uncategorized Article
6900,[],Uncategorized Article
11562,[],Uncategorized Article
9925,[],Uncategorized Article
24482,[],Uncategorized Article
12529,[],Uncategorized Article
7874,[],Uncategorized Article
6125,[],Uncategorized Article
17917,[],Uncategorized Article
1278,[],Uncategorized Article
26057,[],Uncategorized Article
21090,[],Uncategorized Article
17981,[],Uncategorized Article
13864,[],Uncategorized Article
24618,[],Uncategorized Article
18836,[],Uncategorized Article
10216,[],Uncategorized Article
14590,[],Uncategorized Article
11210,[],Uncategorized Article
10884,[],Uncategorized Article
14532,[],Uncategorized Article
13571,[],Uncategorized Article
6057,[],Uncategorized Article
20728,[],Uncategorized Article
12934,[],Uncategorized Article
25837,[],Uncategorized Article
7018,[],Uncategorized Article
12083,[],Uncategorized Article
19774,[],Uncategorized Article
5688,[],Uncategorized Article
26594,[],Uncategorized Article
10184,[],Uncategorized Article
17566,[],Uncategorized Article
51,[],Uncategorized Article
8500,[],Uncategorized Article
10856,[],Uncategorized Article
92,[],Uncategorized Article
21502,[],Uncategorized Article
8218,[],Uncategorized Article
9923,[],Uncategorized Article
21989,[],Uncategorized Article
4329,[],Uncategorized Article
15570,[],Uncategorized Article
18119,[],Uncategorized Article
25708,[],Uncategorized Article
10537,[],Uncategorized Article
11277,[],Uncategorized Article
10510,[],Uncategorized Article
7444,[],Uncategorized Article
26182,[],Uncategorized Article
25151,[],Uncategorized Article
8554,[],Uncategorized Article
10220,[],Uncategorized Article
25306,[],Uncategorized Article
13454,[],Uncategorized Article
23927,[],Uncategorized Article
20593,[],Uncategorized Article
5340,[],Uncategorized Article
11659,[],Uncategorized Article
17802,[],Uncategorized Article
18340,[],Uncategorized Article
7822,[],Uncategorized Article
9267,[],Uncategorized Article
9167,[],Uncategorized Article
14885,[],Uncategorized Article
7971,[],Uncategorized Article
11270,[],Uncategorized Article
19743,[],Uncategorized Article
10986,[],Uncategorized Article
15447,[],Uncategorized Article
3869,[],Uncategorized Article
16323,[],Uncategorized Article
16545,[],Uncategorized Article
18536,[],Uncategorized Article
26546,[],Uncategorized Article
23497,[],Uncategorized Article
21316,[],Uncategorized Article
2593,[],Uncategorized Article
21853,[],Uncategorized Article
9780,[],Uncategorized Article
23438,[],Uncategorized Article
20287,[],Uncategorized Article
21390,[],Uncategorized Article
23826,[],Uncategorized Article
4526,[],Uncategorized Article
24505,[],Uncategorized Article
13496,[],Uncategorized Article
8484,[],Uncategorized Article
12712,[],Uncategorized Article
24793,[],Uncategorized Article
11184,[],Uncategorized Article
6050,[],Uncategorized Article
8846,[],Uncategorized Article
8166,[],Uncategorized Article
13336,[],Uncategorized Article
9703,[],Uncategorized Article
17907,[],Uncategorized Article
6676,[],Uncategorized Article
13827,[],Uncategorized Article
14298,[],Uncategorized Article
24521,[],Uncategorized Article
23558,[],Uncategorized Article
6127,[],Uncategorized Article
9705,[],Uncategorized Article
10265,[],Uncategorized Article
20763,[],Uncategorized Article
23537,[],Uncategorized Article
10788,[],Uncategorized Article
7636,[],Uncategorized Article
22910,[],Uncategorized Article
573,[],Uncategorized Article
24490,[],Uncategorized Article
14514,[],Uncategorized Article
25453,[],Uncategorized Article
10564,[],Uncategorized Article
15691,[],Uncategorized Article
13203,[],Uncategorized Article
13410,[],Uncategorized Article
6993,[],Uncategorized Article
5396,[],Uncategorized Article
17196,[],Uncategorized Article
15793,[],Uncategorized Article
5679,[],Uncategorized Article
68,[],Uncategorized Article
25779,[],Uncategorized Article
18223,[],Uncategorized Article
2999,[],Uncategorized Article
4746,[],Uncategorized Article
15537,[],Uncategorized Article
23588,[],Uncategorized Article
8532,[],Uncategorized Article
17841,[],Uncategorized Article
17842,[],Uncategorized Article
23057,[],Uncategorized Article
5691,[],Uncategorized Article
21157,[],Uncategorized Article
26960,[],Uncategorized Article
9116,[],Uncategorized Article
19861,[],Uncategorized Article
17624,[],Uncategorized Article
18388,[],Uncategorized Article
23885,[],Uncategorized Article
4341,[],Uncategorized Article
3017,[],Uncategorized Article
17579,[],Uncategorized Article
15285,[],Uncategorized Article
1118,[],Uncategorized Article
8014,[],Uncategorized Article
16579,[],Uncategorized Article
4075,[],Uncategorized Article
26794,[],Uncategorized Article
9664,[],Uncategorized Article
14726,[],Uncategorized Article
12960,[],Uncategorized Article
11540,[],Uncategorized Article
20492,[],Uncategorized Article
10307,[],Uncategorized Article
12961,[],Uncategorized Article
18715,[],Uncategorized Article
20761,[],Uncategorized Article
12442,[],Uncategorized Article
14717,[],Uncategorized Article
26603,[],Uncategorized Article
756,[],Uncategorized Article
3495,[],Uncategorized Article
15312,[],Uncategorized Article
7143,[],Uncategorized Article
7740,[],Uncategorized Article
21268,[],Uncategorized Article
11427,[],Uncategorized Article
26029,[],Uncategorized Article
14713,[],Uncategorized Article
1485,[],Uncategorized Article
22869,[],Uncategorized Article
7652,[],Uncategorized Article
20419,[],Uncategorized Article
16993,[],Uncategorized Article
25782,[],Uncategorized Article
4267,[],Uncategorized Article
10586,[],Uncategorized Article
17682,[],Uncategorized Article
675,[],Uncategorized Article
5134,[],Uncategorized Article
23,[],Uncategorized Article
25457,[],Uncategorized Article
76,[],Uncategorized Article
11052,[],Uncategorized Article
16720,[],Uncategorized Article
540,[],Uncategorized Article
18121,[],Uncategorized Article
3046,[],Uncategorized Article
2036,[],Uncategorized Article
3065,[],Uncategorized Article
13664,[],Uncategorized Article
16899,[],Uncategorized Article
17248,[],Uncategorized Article
6109,[],Uncategorized Article
20440,[],Uncategorized Article
7098,[],Uncategorized Article
6375,[],Uncategorized Article
7871,[],Uncategorized Article
7980,[],Uncategorized Article
13715,[],Uncategorized Article
16451,[],Uncategorized Article
6927,[],Uncategorized Article
1041,[],Uncategorized Article
15776,[],Uncategorized Article
25789,[],Uncategorized Article
24409,[],Uncategorized Article
9605,[],Uncategorized Article
114,[],Uncategorized Article
6991,[],Uncategorized Article
9390,[],Uncategorized Article
4250,[],Uncategorized Article
7550,[],Uncategorized Article
8422,[],Uncategorized Article
12596,[],Uncategorized Article
1501,[],Uncategorized Article
22553,[],Uncategorized Article
25246,[],Uncategorized Article
3853,[],Uncategorized Article
10742,[],Uncategorized Article
5813,[],Uncategorized Article
19458,[],Uncategorized Article
25499,[],Uncategorized Article
1758,[],Uncategorized Article
23109,[],Uncategorized Article
4310,[],Uncategorized Article
7644,[],Uncategorized Article
15766,[],Uncategorized Article
10895,[],Uncategorized Article
3680,[],Uncategorized Article
17184,[],Uncategorized Article
12706,[],Uncategorized Article
24284,[],Uncategorized Article
22836,[],Uncategorized Article
3598,[],Uncategorized Article
20197,[],Uncategorized Article
14775,[],Uncategorized Article
1480,[],Uncategorized Article
15500,[],Uncategorized Article
7410,[],Uncategorized Article
1406,[],Uncategorized Article
15536,[],Uncategorized Article
24382,[],Uncategorized Article
6278,[],Uncategorized Article
81,[],Uncategorized Article
24995,[],Uncategorized Article
25481,[],Uncategorized Article
9869,[],Uncategorized Article
6319,[],Uncategorized Article
11911,[],Uncategorized Article
13453,[],Uncategorized Article
20775,[],Uncategorized Article
16997,[],Uncategorized Article
13293,[],Uncategorized Article
20754,[],Uncategorized Article
26593,[],Uncategorized Article
14569,[],Uncategorized Article
13080,[],Uncategorized Article
22081,[],Uncategorized Article
16640,[],Uncategorized Article
10796,[],Uncategorized Article
1780,[],Uncategorized Article
20217,[],Uncategorized Article
24928,[],Uncategorized Article
12494,[],Uncategorized Article
3822,[],Uncategorized Article
19977,[],Uncategorized Article
22218,[],Uncategorized Article
14078,[],Uncategorized Article
25653,[],Uncategorized Article
9443,[],Uncategorized Article
16937,[],Uncategorized Article
11244,[],Uncategorized Article
5837,[],Uncategorized Article
19051,[],Uncategorized Article
20158,[],Uncategorized Article
25376,[],Uncategorized Article
23100,[],Uncategorized Article
17328,[],Uncategorized Article
10247,[],Uncategorized Article
5044,[],Uncategorized Article
14346,[],Uncategorized Article
16145,[],Uncategorized Article
3838,[],Uncategorized Article
22994,[],Uncategorized Article
10496,[],Uncategorized Article
6351,[],Uncategorized Article
3231,[],Uncategorized Article
588,[],Uncategorized Article
14340,[],Uncategorized Article
22570,[],Uncategorized Article
18132,[],Uncategorized Article
20568,[],Uncategorized Article
25107,[],Uncategorized Article
13497,[],Uncategorized Article
26386,[],Uncategorized Article
21022,[],Uncategorized Article
7790,[],Uncategorized Article
6169,[],Uncategorized Article
607,[],Uncategorized Article
23596,[],Uncategorized Article
19461,[],Uncategorized Article
16320,[],Uncategorized Article
23281,[],Uncategorized Article
10370,[],Uncategorized Article
2984,[],Uncategorized Article
3279,[],Uncategorized Article
9066,[],Uncategorized Article
2815,[],Uncategorized Article
15367,[],Uncategorized Article
15611,[],Uncategorized Article
23231,[],Uncategorized Article
13619,[],Uncategorized Article
2649,[],Uncategorized Article
4923,[],Uncategorized Article
13018,[],Uncategorized Article
19090,[],Uncategorized Article
14882,[],Uncategorized Article
13102,[],Uncategorized Article
2347,[],Uncategorized Article
754,[],Uncategorized Article
19357,[],Uncategorized Article
11648,[],Uncategorized Article
26359,[],Uncategorized Article
6635,[],Uncategorized Article
14294,[],Uncategorized Article
8721,[],Uncategorized Article
6708,[],Uncategorized Article
24581,[],Uncategorized Article
1414,[],Uncategorized Article
20471,[],Uncategorized Article
26271,[],Uncategorized Article
8860,[],Uncategorized Article
18918,[],Uncategorized Article
6157,[],Uncategorized Article
3033,[],Uncategorized Article
24477,[],Uncategorized Article
3628,[],Uncategorized Article
2422,[],Uncategorized Article
5289,[],Uncategorized Article
14773,[],Uncategorized Article
5556,[],Uncategorized Article
1348,[],Uncategorized Article
11966,[],Uncategorized Article
8495,[],Uncategorized Article
7063,[],Uncategorized Article
10460,[],Uncategorized Article
15354,[],Uncategorized Article
9895,[],Uncategorized Article
15205,[],Uncategorized Article
24498,[],Uncategorized Article
12026,[],Uncategorized Article
18419,[],Uncategorized Article
5896,[],Uncategorized Article
8562,[],Uncategorized Article
19369,[],Uncategorized Article
1618,[],Uncategorized Article
19443,[],Uncategorized Article
8471,[],Uncategorized Article
7045,[],Uncategorized Article
2924,[],Uncategorized Article
3206,[],Uncategorized Article
26465,[],Uncategorized Article
4274,[],Uncategorized Article
1387,[],Uncategorized Article
13592,[],Uncategorized Article
13388,[],Uncategorized Article
26978,[],Uncategorized Article
13915,[],Uncategorized Article
10411,[],Uncategorized Article
25060,[],Uncategorized Article
8283,[],Uncategorized Article
1950,[],Uncategorized Article
4829,[],Uncategorized Article
10928,[],Uncategorized Article
14987,[],Uncategorized Article
22545,[],Uncategorized Article
19012,[],Uncategorized Article
18928,[],Uncategorized Article
1068,[],Uncategorized Article
3660,[],Uncategorized Article
2577,[],Uncategorized Article
17613,[],Uncategorized Article
15431,[],Uncategorized Article
2470,[],Uncategorized Article
2274,[],Uncategorized Article
11159,[],Uncategorized Article
12938,[],Uncategorized Article
12841,[],Uncategorized Article
14945,[],Uncategorized Article
12445,[],Uncategorized Article
1265,[],Uncategorized Article
12386,[],Uncategorized Article
6609,[],Uncategorized Article
10958,[],Uncategorized Article
7864,[],Uncategorized Article
2845,[],Uncategorized Article
3038,[],Uncategorized Article
24732,[],Uncategorized Article
16457,[],Uncategorized Article
26334,[],Uncategorized Article
11698,[],Uncategorized Article
21646,[],Uncategorized Article
8774,[],Uncategorized Article
26845,[],Uncategorized Article
21279,[],Uncategorized Article
24444,[],Uncategorized Article
5032,[],Uncategorized Article
24985,[],Uncategorized Article
347,[],Uncategorized Article
14817,[],Uncategorized Article
24986,[],Uncategorized Article
2260,[],Uncategorized Article
12708,[],Uncategorized Article
6277,[],Uncategorized Article
16716,[],Uncategorized Article
7091,[],Uncategorized Article
24453,[],Uncategorized Article
21635,[],Uncategorized Article
24155,[],Uncategorized Article
9919,[],Uncategorized Article
5880,[],Uncategorized Article
4952,[],Uncategorized Article
8762,[],Uncategorized Article
1477,[],Uncategorized Article
24195,[],Uncategorized Article
8372,[],Uncategorized Article
8744,[],Uncategorized Article
23399,[],Uncategorized Article
20582,[],Uncategorized Article
9029,[],Uncategorized Article
15487,[],Uncategorized Article
11019,[],Uncategorized Article
7248,[],Uncategorized Article
255,[],Uncategorized Article
12104,[],Uncategorized Article
7283,[],Uncategorized Article
12970,[],Uncategorized Article
15631,[],Uncategorized Article
16382,[],Uncategorized Article
13108,[],Uncategorized Article
26806,[],Uncategorized Article
4513,[],Uncategorized Article
20660,[],Uncategorized Article
10823,[],Uncategorized Article
107,[],Uncategorized Article
3717,[],Uncategorized Article
6702,[],Uncategorized Article
12655,[],Uncategorized Article
13342,[],Uncategorized Article
416,[],Uncategorized Article
6516,[],Uncategorized Article
4825,[],Uncategorized Article
246,[],Uncategorized Article
24772,[],Uncategorized Article
15066,[],Uncategorized Article
25899,[],Uncategorized Article
22610,[],Uncategorized Article
25717,[],Uncategorized Article
17527,[],Uncategorized Article
14676,[],Uncategorized Article
14193,[],Uncategorized Article
14864,[],Uncategorized Article
8650,[],Uncategorized Article
13271,[],Uncategorized Article
8775,[],Uncategorized Article
23746,[],Uncategorized Article
4606,[],Uncategorized Article
22526,[],Uncategorized Article
21901,[],Uncategorized Article
1900,[],Uncategorized Article
7565,[],Uncategorized Article
24229,[],Uncategorized Article
13253,[],Uncategorized Article
25757,[],Uncategorized Article
26735,[],Uncategorized Article
25210,[],Uncategorized Article
9574,[],Uncategorized Article
39,[],Uncategorized Article
14179,[],Uncategorized Article
19772,[],Uncategorized Article
9707,[],Uncategorized Article
4759,[],Uncategorized Article
9551,[],Uncategorized Article
25138,[],Uncategorized Article
22517,[],Uncategorized Article
16071,[],Uncategorized Article
9309,[],Uncategorized Article
2980,[],Uncategorized Article
11629,[],Uncategorized Article
10760,[],Uncategorized Article
17133,[],Uncategorized Article
17335,[],Uncategorized Article
17360,[],Uncategorized Article
3544,[],Uncategorized Article
20412,[],Uncategorized Article
2867,[],Uncategorized Article
12634,[],Uncategorized Article
19444,[],Uncategorized Article
20379,[],Uncategorized Article
10809,[],Uncategorized Article
4570,[],Uncategorized Article
17180,[],Uncategorized Article
6454,[],Uncategorized Article
12162,[],Uncategorized Article
1878,[],Uncategorized Article
13563,[],Uncategorized Article
23296,[],Uncategorized Article
12610,[],Uncategorized Article
20495,[],Uncategorized Article
3897,[],Uncategorized Article
14988,[],Uncategorized Article
23896,[],Uncategorized Article
11857,[],Uncategorized Article
11642,[],Uncategorized Article
2729,[],Uncategorized Article
19746,[],Uncategorized Article
6850,[],Uncategorized Article
414,[],Uncategorized Article
7887,[],Uncategorized Article
18125,[],Uncategorized Article
6386,[],Uncategorized Article
20239,[],Uncategorized Article
22237,[],Uncategorized Article
24465,[],Uncategorized Article
15616,[],Uncategorized Article
5067,[],Uncategorized Article
21381,[],Uncategorized Article
13870,[],Uncategorized Article
6485,[],Uncategorized Article
26708,[],Uncategorized Article
6333,[],Uncategorized Article
22189,[],Uncategorized Article
15977,[],Uncategorized Article
26491,[],Uncategorized Article
5932,[],Uncategorized Article
21981,[],Uncategorized Article
23804,[],Uncategorized Article
8065,[],Uncategorized Article
15925,[],Uncategorized Article
10919,[],Uncategorized Article
21541,[],Uncategorized Article
26499,[],Uncategorized Article
25864,[],Uncategorized Article
1787,[],Uncategorized Article
12028,[],Uncategorized Article
36,[],Uncategorized Article
21255,[],Uncategorized Article
7767,[],Uncategorized Article
4187,[],Uncategorized Article
8867,[],Uncategorized Article
11825,[],Uncategorized Article
1555,[],Uncategorized Article
11721,[],Uncategorized Article
7252,[],Uncategorized Article
6398,[],Uncategorized Article
18671,[],Uncategorized Article
21739,[],Uncategorized Article
14121,[],Uncategorized Article
26228,[],Uncategorized Article
15932,[],Uncategorized Article
22032,[],Uncategorized Article
3708,[],Uncategorized Article
12426,[],Uncategorized Article
15858,[],Uncategorized Article
625,[],Uncategorized Article
20531,[],Uncategorized Article
20777,[],Uncategorized Article
19862,[],Uncategorized Article
5775,[],Uncategorized Article
23319,[],Uncategorized Article
13576,[],Uncategorized Article
19993,[],Uncategorized Article
24042,[],Uncategorized Article
7073,[],Uncategorized Article
18005,[],Uncategorized Article
12012,[],Uncategorized Article
21605,[],Uncategorized Article
26560,[],Uncategorized Article
10334,[],Uncategorized Article
23219,[],Uncategorized Article
1746,[],Uncategorized Article
19815,[],Uncategorized Article
8879,[],Uncategorized Article
19935,[],Uncategorized Article
11080,[],Uncategorized Article
7260,[],Uncategorized Article
19455,[],Uncategorized Article
18960,[],Uncategorized Article
4038,[],Uncategorized Article
21898,[],Uncategorized Article
11597,[],Uncategorized Article
3705,[],Uncategorized Article
23947,[],Uncategorized Article
3955,[],Uncategorized Article
26268,[],Uncategorized Article
13544,[],Uncategorized Article
11567,[],Uncategorized Article
3428,[],Uncategorized Article
19858,[],Uncategorized Article
2507,[],Uncategorized Article
18847,[],Uncategorized Article
4681,[],Uncategorized Article
19258,[],Uncategorized Article
8402,[],Uncategorized Article
10859,[],Uncategorized Article
14238,[],Uncategorized Article
25435,[],Uncategorized Article
4747,[],Uncategorized Article
15929,[],Uncategorized Article
19106,[],Uncategorized Article
6302,[],Uncategorized Article
23968,[],Uncategorized Article
6711,[],Uncategorized Article
5492,[],Uncategorized Article
22538,[],Uncategorized Article
12807,[],Uncategorized Article
14136,[],Uncategorized Article
9862,[],Uncategorized Article
10512,[],Uncategorized Article
11687,[],Uncategorized Article
26677,[],Uncategorized Article
11417,[],Uncategorized Article
11199,[],Uncategorized Article
6048,[],Uncategorized Article
16803,[],Uncategorized Article
14579,[],Uncategorized Article
17142,[],Uncategorized Article
1809,[],Uncategorized Article
22802,[],Uncategorized Article
7675,[],Uncategorized Article
3483,[],Uncategorized Article
10107,[],Uncategorized Article
25978,[],Uncategorized Article
1715,[],Uncategorized Article
8994,[],Uncategorized Article
7614,[],Uncategorized Article
8676,[],Uncategorized Article
6436,[],Uncategorized Article
24630,[],Uncategorized Article
19883,[],Uncategorized Article
5828,[],Uncategorized Article
10638,[],Uncategorized Article
22632,[],Uncategorized Article
24927,[],Uncategorized Article
21130,[],Uncategorized Article
9537,[],Uncategorized Article
20619,[],Uncategorized Article
7351,[],Uncategorized Article
1649,[],Uncategorized Article
19336,[],Uncategorized Article
25447,[],Uncategorized Article
1250,[],Uncategorized Article
6929,[],Uncategorized Article
1109,[],Uncategorized Article
6531,[],Uncategorized Article
19590,[],Uncategorized Article
7236,[],Uncategorized Article
13309,[],Uncategorized Article
20210,[],Uncategorized Article
19805,[],Uncategorized Article
8991,[],Uncategorized Article
19598,[],Uncategorized Article
4861,[],Uncategorized Article
2303,[],Uncategorized Article
10844,[],Uncategorized Article
6908,[],Uncategorized Article
18766,[],Uncategorized Article
12870,[],Uncategorized Article
12436,[],Uncategorized Article
16454,[],Uncategorized Article
8910,[],Uncategorized Article
16319,[],Uncategorized Article
8581,[],Uncategorized Article
26093,[],Uncategorized Article
19786,[],Uncategorized Article
17789,[],Uncategorized Article
24750,[],Uncategorized Article
8250,[],Uncategorized Article
1257,[],Uncategorized Article
6680,[],Uncategorized Article
8930,[],Uncategorized Article
17102,[],Uncategorized Article
270,[],Uncategorized Article
17930,[],Uncategorized Article
25448,[],Uncategorized Article
2822,[],Uncategorized Article
20052,[],Uncategorized Article
1973,[],Uncategorized Article
17697,[],Uncategorized Article
26576,[],Uncategorized Article
13628,[],Uncategorized Article
14633,[],Uncategorized Article
267,[],Uncategorized Article
17990,[],Uncategorized Article
7545,[],Uncategorized Article
2770,[],Uncategorized Article
19802,[],Uncategorized Article
2329,[],Uncategorized Article
723,[],Uncategorized Article
5935,[],Uncategorized Article
25360,[],Uncategorized Article
11275,[],Uncategorized Article
9467,[],Uncategorized Article
16564,[],Uncategorized Article
13988,[],Uncategorized Article
15439,[],Uncategorized Article
7991,[],Uncategorized Article
11014,[],Uncategorized Article
13011,[],Uncategorized Article
11903,[],Uncategorized Article
14601,[],Uncategorized Article
1894,[],Uncategorized Article
24370,[],Uncategorized Article
10456,[],Uncategorized Article
318,[],Uncategorized Article
1536,[],Uncategorized Article
1471,[],Uncategorized Article
19047,[],Uncategorized Article
17203,[],Uncategorized Article
1369,[],Uncategorized Article
740,[],Uncategorized Article
17976,[],Uncategorized Article
26347,[],Uncategorized Article
1188,[],Uncategorized Article
10257,[],Uncategorized Article
25597,[],Uncategorized Article
13858,[],Uncategorized Article
890,[],Uncategorized Article
22521,[],Uncategorized Article
10719,[],Uncategorized Article
24332,[],Uncategorized Article
14415,[],Uncategorized Article
7383,[],Uncategorized Article
3487,[],Uncategorized Article
6044,[],Uncategorized Article
15052,[],Uncategorized Article
21808,[],Uncategorized Article
10951,[],Uncategorized Article
19254,[],Uncategorized Article
11125,[],Uncategorized Article
22580,[],Uncategorized Article
9945,[],Uncategorized Article
25272,[],Uncategorized Article
1233,[],Uncategorized Article
19468,[],Uncategorized Article
19795,[],Uncategorized Article
5392,[],Uncategorized Article
21365,[],Uncategorized Article
17950,[],Uncategorized Article
18042,[],Uncategorized Article
19161,[],Uncategorized Article
16238,[],Uncategorized Article
19359,[],Uncategorized Article
10172,[],Uncategorized Article
20295,[],Uncategorized Article
19424,[],Uncategorized Article
11846,[],Uncategorized Article
23085,[],Uncategorized Article
11680,[],Uncategorized Article
1291,[],Uncategorized Article
13111,[],Uncategorized Article
9609,[],Uncategorized Article
18835,[],Uncategorized Article
9308,[],Uncategorized Article
5202,[],Uncategorized Article
16560,[],Uncategorized Article
2296,[],Uncategorized Article
11967,[],Uncategorized Article
7862,[],Uncategorized Article
26015,[],Uncategorized Article
21070,[],Uncategorized Article
23585,[],Uncategorized Article
18686,[],Uncategorized Article
10730,[],Uncategorized Article
562,[],Uncategorized Article
10208,[],Uncategorized Article
1031,[],Uncategorized Article
12928,[],Uncategorized Article
5765,[],Uncategorized Article
23702,[],Uncategorized Article
20192,[],Uncategorized Article
24898,[],Uncategorized Article
25548,[],Uncategorized Article
7058,[],Uncategorized Article
10599,[],Uncategorized Article
4377,[],Uncategorized Article
16886,[],Uncategorized Article
21791,[],Uncategorized Article
20719,[],Uncategorized Article
6976,[],Uncategorized Article
23313,[],Uncategorized Article
17526,[],Uncategorized Article
18969,[],Uncategorized Article
15677,[],Uncategorized Article
13714,[],Uncategorized Article
11102,[],Uncategorized Article
15030,[],Uncategorized Article
25227,[],Uncategorized Article
22119,[],Uncategorized Article
17395,[],Uncategorized Article
14510,[],Uncategorized Article
5712,[],Uncategorized Article
15656,[],Uncategorized Article
21079,[],Uncategorized Article
11358,[],Uncategorized Article
7640,[],Uncategorized Article
1249,[],Uncategorized Article
16356,[],Uncategorized Article
22636,[],Uncategorized Article
11322,[],Uncategorized Article
13071,[],Uncategorized Article
25239,[],Uncategorized Article
2218,[],Uncategorized Article
17795,[],Uncategorized Article
25733,[],Uncategorized Article
13345,[],Uncategorized Article
10057,[],Uncategorized Article
23298,[],Uncategorized Article
18999,[],Uncategorized Article
12978,[],Uncategorized Article
23315,[],Uncategorized Article
16159,[],Uncategorized Article
24246,[],Uncategorized Article
22099,[],Uncategorized Article
22742,[],Uncategorized Article
22673,[],Uncategorized Article
25760,[],Uncategorized Article
6065,[],Uncategorized Article
11058,[],Uncategorized Article
20018,[],Uncategorized Article
17691,[],Uncategorized Article
21886,[],Uncategorized Article
22827,[],Uncategorized Article
13498,[],Uncategorized Article
13751,[],Uncategorized Article
6010,[],Uncategorized Article
6334,[],Uncategorized Article
4549,[],Uncategorized Article
26683,[],Uncategorized Article
7044,[],Uncategorized Article
9328,[],Uncategorized Article
24589,[],Uncategorized Article
12933,[],Uncategorized Article
8457,[],Uncategorized Article
2354,[],Uncategorized Article
19078,[],Uncategorized Article
12009,[],Uncategorized Article
1660,[],Uncategorized Article
22181,[],Uncategorized Article
5327,[],Uncategorized Article
24202,[],Uncategorized Article
1434,[],Uncategorized Article
9877,[],Uncategorized Article
21876,[],Uncategorized Article
264,[],Uncategorized Article
21304,[],Uncategorized Article
14147,[],Uncategorized Article
14778,[],Uncategorized Article
8324,[],Uncategorized Article
24474,[],Uncategorized Article
13311,[],Uncategorized Article
13491,[],Uncategorized Article
20615,[],Uncategorized Article
4541,[],Uncategorized Article
24337,[],Uncategorized Article
23771,[],Uncategorized Article
22258,[],Uncategorized Article
6347,[],Uncategorized Article
8584,[],Uncategorized Article
13665,[],Uncategorized Article
3378,[],Uncategorized Article
5731,[],Uncategorized Article
13372,[],Uncategorized Article
16786,[],Uncategorized Article
10969,[],Uncategorized Article
18217,[],Uncategorized Article
8620,[],Uncategorized Article
1437,[],Uncategorized Article
11231,[],Uncategorized Article
21435,[],Uncategorized Article
7960,[],Uncategorized Article
4419,[],Uncategorized Article
14440,[],Uncategorized Article
19030,[],Uncategorized Article
14986,[],Uncategorized Article
4692,[],Uncategorized Article
11636,[],Uncategorized Article
11670,[],Uncategorized Article
7441,[],Uncategorized Article
6255,[],Uncategorized Article
12696,[],Uncategorized Article
26918,[],Uncategorized Article
25555,[],Uncategorized Article
8594,[],Uncategorized Article
15355,[],Uncategorized Article
24685,[],Uncategorized Article
16949,[],Uncategorized Article
65,[],Uncategorized Article
21368,[],Uncategorized Article
15171,[],Uncategorized Article
21134,[],Uncategorized Article
21912,[],Uncategorized Article
24272,[],Uncategorized Article
6185,[],Uncategorized Article
17891,[],Uncategorized Article
18662,[],Uncategorized Article
20944,[],Uncategorized Article
18583,[],Uncategorized Article
15885,[],Uncategorized Article
2865,[],Uncategorized Article
13556,[],Uncategorized Article
22049,[],Uncategorized Article
23165,[],Uncategorized Article
18018,[],Uncategorized Article
5113,[],Uncategorized Article
4408,[],Uncategorized Article
13426,[],Uncategorized Article
6025,[],Uncategorized Article
21971,[],Uncategorized Article
9883,[],Uncategorized Article
21114,[],Uncategorized Article
6890,[],Uncategorized Article
11847,[],Uncategorized Article
7512,[],Uncategorized Article
1421,[],Uncategorized Article
18648,[],Uncategorized Article
19808,[],Uncategorized Article
20011,[],Uncategorized Article
8000,[],Uncategorized Article
16059,[],Uncategorized Article
73,[],Uncategorized Article
1843,[],Uncategorized Article
770,[],Uncategorized Article
11228,[],Uncategorized Article
14679,[],Uncategorized Article
22842,[],Uncategorized Article
9436,[],Uncategorized Article
19739,[],Uncategorized Article
16243,[],Uncategorized Article
16798,[],Uncategorized Article
25437,[],Uncategorized Article
13406,[],Uncategorized Article
20727,[],Uncategorized Article
5938,[],Uncategorized Article
9679,[],Uncategorized Article
26375,[],Uncategorized Article
24099,[],Uncategorized Article
4027,[],Uncategorized Article
23628,[],Uncategorized Article
16056,[],Uncategorized Article
14377,[],Uncategorized Article
8974,[],Uncategorized Article
5897,[],Uncategorized Article
3963,[],Uncategorized Article
3937,[],Uncategorized Article
4414,[],Uncategorized Article
17736,[],Uncategorized Article
3146,[],Uncategorized Article
19551,[],Uncategorized Article
23264,[],Uncategorized Article
7507,[],Uncategorized Article
10767,[],Uncategorized Article
6192,[],Uncategorized Article
9990,[],Uncategorized Article
3514,[],Uncategorized Article
7272,[],Uncategorized Article
19688,[],Uncategorized Article
1203,[],Uncategorized Article
19305,[],Uncategorized Article
9691,[],Uncategorized Article
18153,[],Uncategorized Article
9411,[],Uncategorized Article
5255,[],Uncategorized Article
5957,[],Uncategorized Article
25400,[],Uncategorized Article
12108,[],Uncategorized Article
15678,[],Uncategorized Article
18304,[],Uncategorized Article
20606,[],Uncategorized Article
1055,[],Uncategorized Article
13880,[],Uncategorized Article
19981,[],Uncategorized Article
1525,[],Uncategorized Article
22396,[],Uncategorized Article
22873,[],Uncategorized Article
5154,[],Uncategorized Article
12894,[],Uncategorized Article
14126,[],Uncategorized Article
5664,[],Uncategorized Article
21596,[],Uncategorized Article
16409,[],Uncategorized Article
19160,[],Uncategorized Article
15551,[],Uncategorized Article
24634,[],Uncategorized Article
2970,[],Uncategorized Article
21757,[],Uncategorized Article
6999,[],Uncategorized Article
493,[],Uncategorized Article
8664,[],Uncategorized Article
15580,[],Uncategorized Article
16120,[],Uncategorized Article
13801,[],Uncategorized Article
10482,[],Uncategorized Article
6026,[],Uncategorized Article
7238,[],Uncategorized Article
22343,[],Uncategorized Article
21063,[],Uncategorized Article
26993,[],Uncategorized Article
11141,[],Uncategorized Article
2550,[],Uncategorized Article
13301,[],Uncategorized Article
22971,[],Uncategorized Article
18335,[],Uncategorized Article
10979,[],Uncategorized Article
14925,[],Uncategorized Article
12929,[],Uncategorized Article
19211,[],Uncategorized Article
23560,[],Uncategorized Article
13292,[],Uncategorized Article
12563,[],Uncategorized Article
815,[],Uncategorized Article
17054,[],Uncategorized Article
7607,[],Uncategorized Article
4087,[],Uncategorized Article
19847,[],Uncategorized Article
19077,[],Uncategorized Article
20926,[],Uncategorized Article
23676,[],Uncategorized Article
19276,[],Uncategorized Article
21803,[],Uncategorized Article
18578,[],Uncategorized Article
6922,[],Uncategorized Article
8907,[],Uncategorized Article
660,[],Uncategorized Article
18447,[],Uncategorized Article
7358,[],Uncategorized Article
23799,[],Uncategorized Article
17994,[],Uncategorized Article
18382,[],Uncategorized Article
1461,[],Uncategorized Article
2409,[],Uncategorized Article
296,[],Uncategorized Article
7548,[],Uncategorized Article
7942,[],Uncategorized Article
20781,[],Uncategorized Article
5789,[],Uncategorized Article
25502,[],Uncategorized Article
20917,[],Uncategorized Article
17336,[],Uncategorized Article
21091,[],Uncategorized Article
21495,[],Uncategorized Article
18318,[],Uncategorized Article
12420,[],Uncategorized Article
19472,[],Uncategorized Article
9855,[],Uncategorized Article
26748,[],Uncategorized Article
24411,[],Uncategorized Article
13795,[],Uncategorized Article
8381,[],Uncategorized Article
16703,[],Uncategorized Article
19270,[],Uncategorized Article
18107,[],Uncategorized Article
4190,[],Uncategorized Article
24459,[],Uncategorized Article
4350,[],Uncategorized Article
8741,[],Uncategorized Article
16375,[],Uncategorized Article
7630,[],Uncategorized Article
23212,[],Uncategorized Article
2723,[],Uncategorized Article
24601,[],Uncategorized Article
12459,[],Uncategorized Article
1463,[],Uncategorized Article
496,[],Uncategorized Article
21629,[],Uncategorized Article
11696,[],Uncategorized Article
4008,[],Uncategorized Article
19652,[],Uncategorized Article
2287,[],Uncategorized Article
8655,[],Uncategorized Article
11982,[],Uncategorized Article
9157,[],Uncategorized Article
444,[],Uncategorized Article
10268,[],Uncategorized Article
8630,[],Uncategorized Article
672,[],Uncategorized Article
1494,[],Uncategorized Article
23191,[],Uncategorized Article
17973,[],Uncategorized Article
5261,[],Uncategorized Article
11744,[],Uncategorized Article
3751,[],Uncategorized Article
2670,[],Uncategorized Article
15217,[],Uncategorized Article
13378,[],Uncategorized Article
2083,[],Uncategorized Article
80,[],Uncategorized Article
23755,[],Uncategorized Article
18166,[],Uncategorized Article
14150,[],Uncategorized Article
9696,[],Uncategorized Article
14067,[],Uncategorized Article
22940,[],Uncategorized Article
6572,[],Uncategorized Article
25097,[],Uncategorized Article
537,[],Uncategorized Article
12700,[],Uncategorized Article
26471,[],Uncategorized Article
646,[],Uncategorized Article
18634,[],Uncategorized Article
12482,[],Uncategorized Article
3109,[],Uncategorized Article
25932,[],Uncategorized Article
19566,[],Uncategorized Article
9624,[],Uncategorized Article
14935,[],Uncategorized Article
23544,[],Uncategorized Article
8524,[],Uncategorized Article
3030,[],Uncategorized Article
2102,[],Uncategorized Article
9554,[],Uncategorized Article
26878,[],Uncategorized Article
7145,[],Uncategorized Article
25038,[],Uncategorized Article
3891,[],Uncategorized Article
23149,[],Uncategorized Article
1995,[],Uncategorized Article
24374,[],Uncategorized Article
10786,[],Uncategorized Article
4925,[],Uncategorized Article
4975,[],Uncategorized Article
22089,[],Uncategorized Article
9422,[],Uncategorized Article
10639,[],Uncategorized Article
2978,[],Uncategorized Article
3573,[],Uncategorized Article
7372,[],Uncategorized Article
25896,[],Uncategorized Article
23687,[],Uncategorized Article
1115,[],Uncategorized Article
13015,[],Uncategorized Article
3088,[],Uncategorized Article
13785,[],Uncategorized Article
3466,[],Uncategorized Article
16916,[],Uncategorized Article
13747,[],Uncategorized Article
20972,[],Uncategorized Article
13262,[],Uncategorized Article
16760,[],Uncategorized Article
8232,[],Uncategorized Article
14961,[],Uncategorized Article
7624,[],Uncategorized Article
14481,[],Uncategorized Article
7025,[],Uncategorized Article
799,[],Uncategorized Article
20398,[],Uncategorized Article
427,[],Uncategorized Article
26027,[],Uncategorized Article
17762,[],Uncategorized Article
26695,[],Uncategorized Article
14838,[],Uncategorized Article
19432,[],Uncategorized Article
14184,[],Uncategorized Article
22121,[],Uncategorized Article
26505,[],Uncategorized Article
20296,[],Uncategorized Article
21429,[],Uncategorized Article
26125,[],Uncategorized Article
11498,[],Uncategorized Article
7634,[],Uncategorized Article
232,[],Uncategorized Article
20812,[],Uncategorized Article
22455,[],Uncategorized Article
18490,[],Uncategorized Article
23706,[],Uncategorized Article
7423,[],Uncategorized Article
24708,[],Uncategorized Article
15982,[],Uncategorized Article
4023,[],Uncategorized Article
26410,[],Uncategorized Article
5369,[],Uncategorized Article
24962,[],Uncategorized Article
17496,[],Uncategorized Article
16909,[],Uncategorized Article
6884,[],Uncategorized Article
24497,[],Uncategorized Article
12288,[],Uncategorized Article
13187,[],Uncategorized Article
7902,[],Uncategorized Article
24734,[],Uncategorized Article
8216,[],Uncategorized Article
10051,[],Uncategorized Article
24056,[],Uncategorized Article
3883,[],Uncategorized Article
4412,[],Uncategorized Article
2314,[],Uncategorized Article
12834,[],Uncategorized Article
10315,[],Uncategorized Article
23974,[],Uncategorized Article
7412,[],Uncategorized Article
18365,[],Uncategorized Article
18362,[],Uncategorized Article
15942,[],Uncategorized Article
18232,[],Uncategorized Article
4833,[],Uncategorized Article
19331,[],Uncategorized Article
13418,[],Uncategorized Article
9450,[],Uncategorized Article
3424,[],Uncategorized Article
22072,[],Uncategorized Article
9617,[],Uncategorized Article
5947,[],Uncategorized Article
26633,[],Uncategorized Article
15257,[],Uncategorized Article
26564,[],Uncategorized Article
22064,[],Uncategorized Article
8209,[],Uncategorized Article
797,[],Uncategorized Article
1883,[],Uncategorized Article
1198,[],Uncategorized Article
20680,[],Uncategorized Article
2793,[],Uncategorized Article
20639,[],Uncategorized Article
18015,[],Uncategorized Article
7126,[],Uncategorized Article
22038,[],Uncategorized Article
13765,[],Uncategorized Article
8261,[],Uncategorized Article
4355,[],Uncategorized Article
24059,[],Uncategorized Article
1420,[],Uncategorized Article
5205,[],Uncategorized Article
1234,[],Uncategorized Article
18796,[],Uncategorized Article
9255,[],Uncategorized Article
18747,[],Uncategorized Article
2328,[],Uncategorized Article
16611,[],Uncategorized Article
16919,[],Uncategorized Article
20998,[],Uncategorized Article
4233,[],Uncategorized Article
684,[],Uncategorized Article
19402,[],Uncategorized Article
16974,[],Uncategorized Article
5794,[],Uncategorized Article
8953,[],Uncategorized Article
8988,[],Uncategorized Article
10780,[],Uncategorized Article
437,[],Uncategorized Article
22846,[],Uncategorized Article
15926,[],Uncategorized Article
6431,[],Uncategorized Article
8625,[],Uncategorized Article
16571,[],Uncategorized Article
1292,[],Uncategorized Article
22739,[],Uncategorized Article
7855,[],Uncategorized Article
25269,[],Uncategorized Article
591,[],Uncategorized Article
5137,[],Uncategorized Article
14780,[],Uncategorized Article
10584,[],Uncategorized Article
14805,[],Uncategorized Article
1340,[],Uncategorized Article
23734,[],Uncategorized Article
10715,[],Uncategorized Article
24348,[],Uncategorized Article
19705,[],Uncategorized Article
15608,[],Uncategorized Article
24310,[],Uncategorized Article
13248,[],Uncategorized Article
9001,[],Uncategorized Article
19934,[],Uncategorized Article
4979,[],Uncategorized Article
4888,[],Uncategorized Article
1473,[],Uncategorized Article
16769,[],Uncategorized Article
20630,[],Uncategorized Article
14123,[],Uncategorized Article
21966,[],Uncategorized Article
8215,[],Uncategorized Article
17048,[],Uncategorized Article
1095,[],Uncategorized Article
14738,[],Uncategorized Article
13882,[],Uncategorized Article
23983,[],Uncategorized Article
5876,[],Uncategorized Article
17097,[],Uncategorized Article
25844,[],Uncategorized Article
1160,[],Uncategorized Article
15815,[],Uncategorized Article
15445,[],Uncategorized Article
25586,[],Uncategorized Article
21218,[],Uncategorized Article
5302,[],Uncategorized Article
2768,[],Uncategorized Article
13359,[],Uncategorized Article
1573,[],Uncategorized Article
14887,[],Uncategorized Article
3951,[],Uncategorized Article
23811,[],Uncategorized Article
24644,[],Uncategorized Article
3367,[],Uncategorized Article
25987,[],Uncategorized Article
24673,[],Uncategorized Article
13435,[],Uncategorized Article
11542,[],Uncategorized Article
8009,[],Uncategorized Article
9531,[],Uncategorized Article
26847,[],Uncategorized Article
17628,[],Uncategorized Article
12510,[],Uncategorized Article
11986,[],Uncategorized Article
4995,[],Uncategorized Article
9781,[],Uncategorized Article
11750,[],Uncategorized Article
17781,[],Uncategorized Article
8708,[],Uncategorized Article
18703,[],Uncategorized Article
1100,[],Uncategorized Article
20478,[],Uncategorized Article
3235,[],Uncategorized Article
22304,[],Uncategorized Article
4722,[],Uncategorized Article
17256,[],Uncategorized Article
19272,[],Uncategorized Article
5266,[],Uncategorized Article
15326,[],Uncategorized Article
7032,[],Uncategorized Article
19400,[],Uncategorized Article
329,[],Uncategorized Article
18513,[],Uncategorized Article
21766,[],Uncategorized Article
4522,[],Uncategorized Article
21086,[],Uncategorized Article
849,[],Uncategorized Article
23258,[],Uncategorized Article
18737,[],Uncategorized Article
5607,[],Uncategorized Article
25605,[],Uncategorized Article
3148,[],Uncategorized Article
1284,[],Uncategorized Article
11616,[],Uncategorized Article
8606,[],Uncategorized Article
16537,[],Uncategorized Article
26667,[],Uncategorized Article
209,[],Uncategorized Article
12714,[],Uncategorized Article
3271,[],Uncategorized Article
4717,[],Uncategorized Article
10286,[],Uncategorized Article
1004,[],Uncategorized Article
22104,[],Uncategorized Article
24878,[],Uncategorized Article
10532,[],Uncategorized Article
15247,[],Uncategorized Article
17037,[],Uncategorized Article
11471,[],Uncategorized Article
11525,[],Uncategorized Article
22123,[],Uncategorized Article
6212,[],Uncategorized Article
3542,[],Uncategorized Article
17125,[],Uncategorized Article
253,[],Uncategorized Article
26870,[],Uncategorized Article
9340,[],Uncategorized Article
19868,[],Uncategorized Article
6403,[],Uncategorized Article
26350,[],Uncategorized Article
7632,[],Uncategorized Article
1728,[],Uncategorized Article
26367,[],Uncategorized Article
14677,[],Uncategorized Article
11441,[],Uncategorized Article
19966,[],Uncategorized Article
14593,[],Uncategorized Article
1971,[],Uncategorized Article
23565,[],Uncategorized Article
19931,[],Uncategorized Article
16080,[],Uncategorized Article
13055,[],Uncategorized Article
17428,[],Uncategorized Article
694,[],Uncategorized Article
12047,[],Uncategorized Article
26406,[],Uncategorized Article
2284,[],Uncategorized Article
3094,[],Uncategorized Article
1677,[],Uncategorized Article
2114,[],Uncategorized Article
25459,[],Uncategorized Article
18993,[],Uncategorized Article
22088,[],Uncategorized Article
11292,[],Uncategorized Article
5041,[],Uncategorized Article
3563,[],Uncategorized Article
17922,[],Uncategorized Article
9954,[],Uncategorized Article
19062,[],Uncategorized Article
6312,[],Uncategorized Article
12103,[],Uncategorized Article
12004,[],Uncategorized Article
10383,[],Uncategorized Article
6684,[],Uncategorized Article
24068,[],Uncategorized Article
8186,[],Uncategorized Article
22292,[],Uncategorized Article
25966,[],Uncategorized Article
11631,[],Uncategorized Article
23839,[],Uncategorized Article
2484,[],Uncategorized Article
13034,[],Uncategorized Article
23637,[],Uncategorized Article
25290,[],Uncategorized Article
7205,[],Uncategorized Article
5967,[],Uncategorized Article
23189,[],Uncategorized Article
19371,[],Uncategorized Article
3409,[],Uncategorized Article
9910,[],Uncategorized Article
25233,[],Uncategorized Article
7192,[],Uncategorized Article
23406,[],Uncategorized Article
1159,[],Uncategorized Article
21393,[],Uncategorized Article
14674,[],Uncategorized Article
9024,[],Uncategorized Article
15185,[],Uncategorized Article
18809,[],Uncategorized Article
7953,[],Uncategorized Article
24486,[],Uncategorized Article
8118,[],Uncategorized Article
14120,[],Uncategorized Article
17422,[],Uncategorized Article
25207,[],Uncategorized Article
13948,[],Uncategorized Article
12076,[],Uncategorized Article
11179,[],Uncategorized Article
20554,[],Uncategorized Article
5914,[],Uncategorized Article
16840,[],Uncategorized Article
23121,[],Uncategorized Article
5397,[],Uncategorized Article
19985,[],Uncategorized Article
18750,[],Uncategorized Article
16480,[],Uncategorized Article
3130,[],Uncategorized Article
8015,[],Uncategorized Article
6780,[],Uncategorized Article
12123,[],Uncategorized Article
6618,[],Uncategorized Article
2627,[],Uncategorized Article
10559,[],Uncategorized Article
2239,[],Uncategorized Article
544,[],Uncategorized Article
9399,[],Uncategorized Article
11219,[],Uncategorized Article
13939,[],Uncategorized Article
2389,[],Uncategorized Article
4261,[],Uncategorized Article
22830,[],Uncategorized Article
15903,[],Uncategorized Article
19844,[],Uncategorized Article
10583,[],Uncategorized Article
13579,[],Uncategorized Article
17837,[],Uncategorized Article
1054,[],Uncategorized Article
25523,[],Uncategorized Article
5591,[],Uncategorized Article
23108,[],Uncategorized Article
22770,[],Uncategorized Article
4268,[],Uncategorized Article
17433,[],Uncategorized Article
18563,[],Uncategorized Article
24455,[],Uncategorized Article
22592,[],Uncategorized Article
26512,[],Uncategorized Article
4535,[],Uncategorized Article
10546,[],Uncategorized Article
24907,[],Uncategorized Article
12674,[],Uncategorized Article
2397,[],Uncategorized Article
4184,[],Uncategorized Article
2576,[],Uncategorized Article
2373,[],Uncategorized Article
21624,[],Uncategorized Article
22134,[],Uncategorized Article
22332,[],Uncategorized Article
26700,[],Uncategorized Article
14104,[],Uncategorized Article
11236,[],Uncategorized Article
2515,[],Uncategorized Article
4262,[],Uncategorized Article
20557,[],Uncategorized Article
24783,[],Uncategorized Article
16799,[],Uncategorized Article
15150,[],Uncategorized Article
5778,[],Uncategorized Article
18104,[],Uncategorized Article
3695,[],Uncategorized Article
22086,[],Uncategorized Article
26283,[],Uncategorized Article
11720,[],Uncategorized Article
4503,[],Uncategorized Article
5873,[],Uncategorized Article
24005,[],Uncategorized Article
21028,[],Uncategorized Article
1495,[],Uncategorized Article
22622,[],Uncategorized Article
13960,[],Uncategorized Article
4091,[],Uncategorized Article
21860,[],Uncategorized Article
2888,[],Uncategorized Article
17287,[],Uncategorized Article
4928,[],Uncategorized Article
5206,[],Uncategorized Article
3319,[],Uncategorized Article
3574,[],Uncategorized Article
916,[],Uncategorized Article
16911,[],Uncategorized Article
24342,[],Uncategorized Article
11136,[],Uncategorized Article
9697,[],Uncategorized Article
25660,[],Uncategorized Article
6264,[],Uncategorized Article
23326,[],Uncategorized Article
12419,[],Uncategorized Article
4019,[],Uncategorized Article
15456,[],Uncategorized Article
18438,[],Uncategorized Article
18698,[],Uncategorized Article
6429,[],Uncategorized Article
22130,[],Uncategorized Article
20273,[],Uncategorized Article
2750,[],Uncategorized Article
21651,[],Uncategorized Article
23143,[],Uncategorized Article
21956,[],Uncategorized Article
16450,[],Uncategorized Article
21228,[],Uncategorized Article
18676,[],Uncategorized Article
598,[],Uncategorized Article
4001,[],Uncategorized Article
10097,[],Uncategorized Article
21323,[],Uncategorized Article
19853,[],Uncategorized Article
19396,[],Uncategorized Article
5672,[],Uncategorized Article
6217,[],Uncategorized Article
23842,[],Uncategorized Article
17552,[],Uncategorized Article
15471,[],Uncategorized Article
5080,[],Uncategorized Article
15390,[],Uncategorized Article
19484,[],Uncategorized Article
19474,[],Uncategorized Article
24932,[],Uncategorized Article
11036,[],Uncategorized Article
11936,[],Uncategorized Article
1446,[],Uncategorized Article
26357,[],Uncategorized Article
19527,[],Uncategorized Article
9611,[],Uncategorized Article
15856,[],Uncategorized Article
12128,[],Uncategorized Article
20383,[],Uncategorized Article
14379,[],Uncategorized Article
7309,[],Uncategorized Article
7034,[],Uncategorized Article
26809,[],Uncategorized Article
2837,[],Uncategorized Article
22114,[],Uncategorized Article
3218,[],Uncategorized Article
11324,[],Uncategorized Article
20640,[],Uncategorized Article
20846,[],Uncategorized Article
24647,[],Uncategorized Article
4695,[],Uncategorized Article
5241,[],Uncategorized Article
11545,[],Uncategorized Article
24128,[],Uncategorized Article
9950,[],Uncategorized Article
7338,[],Uncategorized Article
18970,[],Uncategorized Article
23631,[],Uncategorized Article
6806,[],Uncategorized Article
26328,[],Uncategorized Article
24469,[],Uncategorized Article
4482,[],Uncategorized Article
10415,[],Uncategorized Article
21648,[],Uncategorized Article
24377,[],Uncategorized Article
4483,[],Uncategorized Article
20758,[],Uncategorized Article
15225,[],Uncategorized Article
9180,[],Uncategorized Article
22964,[],Uncategorized Article
22766,[],Uncategorized Article
10524,[],Uncategorized Article
26016,[],Uncategorized Article
7234,[],Uncategorized Article
17210,[],Uncategorized Article
4608,[],Uncategorized Article
16884,[],Uncategorized Article
24094,[],Uncategorized Article
21105,[],Uncategorized Article
9193,[],Uncategorized Article
22427,[],Uncategorized Article
19172,[],Uncategorized Article
15120,[],Uncategorized Article
12878,[],Uncategorized Article
18488,[],Uncategorized Article
24178,[],Uncategorized Article
1074,[],Uncategorized Article
20117,[],Uncategorized Article
13817,[],Uncategorized Article
18832,[],Uncategorized Article
777,[],Uncategorized Article
17213,[],Uncategorized Article
19659,[],Uncategorized Article
9386,[],Uncategorized Article
9553,[],Uncategorized Article
19485,[],Uncategorized Article
20525,[],Uncategorized Article
17856,[],Uncategorized Article
12598,[],Uncategorized Article
6083,[],Uncategorized Article
21404,[],Uncategorized Article
11446,[],Uncategorized Article
23080,[],Uncategorized Article
13113,[],Uncategorized Article
5890,[],Uncategorized Article
9379,[],Uncategorized Article
17578,[],Uncategorized Article
9187,[],Uncategorized Article
10474,[],Uncategorized Article
9156,[],Uncategorized Article
6005,[],Uncategorized Article
565,[],Uncategorized Article
5899,[],Uncategorized Article
23748,[],Uncategorized Article
13873,[],Uncategorized Article
840,[],Uncategorized Article
3888,[],Uncategorized Article
9834,[],Uncategorized Article
7641,[],Uncategorized Article
20937,[],Uncategorized Article
2666,[],Uncategorized Article
17609,[],Uncategorized Article
25133,[],Uncategorized Article
12334,[],Uncategorized Article
9341,[],Uncategorized Article
24682,[],Uncategorized Article
4092,[],Uncategorized Article
16158,[],Uncategorized Article
12671,[],Uncategorized Article
765,[],Uncategorized Article
11343,[],Uncategorized Article
24981,[],Uncategorized Article
20136,[],Uncategorized Article
20769,[],Uncategorized Article
24752,[],Uncategorized Article
4865,[],Uncategorized Article
20757,[],Uncategorized Article
2620,[],Uncategorized Article
20289,[],Uncategorized Article
6709,[],Uncategorized Article
3026,[],Uncategorized Article
4102,[],Uncategorized Article
25180,[],Uncategorized Article
15831,[],Uncategorized Article
2022,[],Uncategorized Article
23071,[],Uncategorized Article
9385,[],Uncategorized Article
2685,[],Uncategorized Article
26353,[],Uncategorized Article
71,[],Uncategorized Article
1025,[],Uncategorized Article
14714,[],Uncategorized Article
12751,[],Uncategorized Article
13908,[],Uncategorized Article
1189,[],Uncategorized Article
21744,[],Uncategorized Article
11690,[],Uncategorized Article
3499,[],Uncategorized Article
17051,[],Uncategorized Article
12791,[],Uncategorized Article
2709,[],Uncategorized Article
16464,[],Uncategorized Article
4242,[],Uncategorized Article
1359,[],Uncategorized Article
12931,[],Uncategorized Article
9840,[],Uncategorized Article
14106,[],Uncategorized Article
1578,[],Uncategorized Article
18824,[],Uncategorized Article
1509,[],Uncategorized Article
23767,[],Uncategorized Article
18167,[],Uncategorized Article
12780,[],Uncategorized Article
4112,[],Uncategorized Article
26148,[],Uncategorized Article
13942,[],Uncategorized Article
1845,[],Uncategorized Article
12243,[],Uncategorized Article
12399,[],Uncategorized Article
7838,[],Uncategorized Article
6963,[],Uncategorized Article
13769,[],Uncategorized Article
15700,[],Uncategorized Article
12002,[],Uncategorized Article
4332,[],Uncategorized Article
25436,[],Uncategorized Article
11678,[],Uncategorized Article
25830,[],Uncategorized Article
3614,[],Uncategorized Article
2108,[],Uncategorized Article
14409,[],Uncategorized Article
18630,[],Uncategorized Article
10778,[],Uncategorized Article
7773,[],Uncategorized Article
17813,[],Uncategorized Article
22286,[],Uncategorized Article
12888,[],Uncategorized Article
5323,[],Uncategorized Article
17096,[],Uncategorized Article
11351,[],Uncategorized Article
4183,[],Uncategorized Article
26956,[],Uncategorized Article
25076,[],Uncategorized Article
25375,[],Uncategorized Article
25704,[],Uncategorized Article
636,[],Uncategorized Article
8983,[],Uncategorized Article
19580,[],Uncategorized Article
4512,[],Uncategorized Article
1193,[],Uncategorized Article
45,[],Uncategorized Article
23879,[],Uncategorized Article
19750,[],Uncategorized Article
13866,[],Uncategorized Article
6786,[],Uncategorized Article
2963,[],Uncategorized Article
9776,[],Uncategorized Article
22362,[],Uncategorized Article
4515,[],Uncategorized Article
9581,[],Uncategorized Article
14267,[],Uncategorized Article
24821,[],Uncategorized Article
1975,[],Uncategorized Article
21872,[],Uncategorized Article
20053,[],Uncategorized Article
12603,[],Uncategorized Article
11906,[],Uncategorized Article
6889,[],Uncategorized Article
22048,[],Uncategorized Article
24274,[],Uncategorized Article
26219,[],Uncategorized Article
21897,[],Uncategorized Article
14912,[],Uncategorized Article
18295,[],Uncategorized Article
432,[],Uncategorized Article
5167,[],Uncategorized Article
25510,[],Uncategorized Article
1832,[],Uncategorized Article
15930,[],Uncategorized Article
26520,[],Uncategorized Article
22110,[],Uncategorized Article
10264,[],Uncategorized Article
37,[],Uncategorized Article
14574,[],Uncategorized Article
17469,[],Uncategorized Article
23936,[],Uncategorized Article
26836,[],Uncategorized Article
4593,[],Uncategorized Article
713,[],Uncategorized Article
559,[],Uncategorized Article
13254,[],Uncategorized Article
20036,[],Uncategorized Article
2335,[],Uncategorized Article
13091,[],Uncategorized Article
4537,[],Uncategorized Article
12612,[],Uncategorized Article
22280,[],Uncategorized Article
6131,[],Uncategorized Article
7002,[],Uncategorized Article
13092,[],Uncategorized Article
26831,[],Uncategorized Article
10437,[],Uncategorized Article
17474,[],Uncategorized Article
7432,[],Uncategorized Article
13017,[],Uncategorized Article
13879,[],Uncategorized Article
3747,[],Uncategorized Article
11600,[],Uncategorized Article
1597,[],Uncategorized Article
21217,[],Uncategorized Article
25587,[],Uncategorized Article
14641,[],Uncategorized Article
17384,[],Uncategorized Article
14080,[],Uncategorized Article
9372,[],Uncategorized Article
26420,[],Uncategorized Article
4302,[],Uncategorized Article
3006,[],Uncategorized Article
22033,[],Uncategorized Article
13285,[],Uncategorized Article
25809,[],Uncategorized Article
17009,[],Uncategorized Article
7523,[],Uncategorized Article
5830,[],Uncategorized Article
25706,[],Uncategorized Article
24753,[],Uncategorized Article
1559,[],Uncategorized Article
13313,[],Uncategorized Article
13528,[],Uncategorized Article
16310,[],Uncategorized Article
17318,[],Uncategorized Article
20744,[],Uncategorized Article
2107,[],Uncategorized Article
24326,[],Uncategorized Article
24309,[],Uncategorized Article
11878,[],Uncategorized Article
26658,[],Uncategorized Article
10447,[],Uncategorized Article
12561,[],Uncategorized Article
15863,[],Uncategorized Article
20486,[],Uncategorized Article
13936,[],Uncategorized Article
7939,[],Uncategorized Article
16105,[],Uncategorized Article
20372,[],Uncategorized Article
13532,[],Uncategorized Article
8027,[],Uncategorized Article
17382,[],Uncategorized Article
19887,[],Uncategorized Article
17290,[],Uncategorized Article
9228,[],Uncategorized Article
11885,[],Uncategorized Article
760,[],Uncategorized Article
986,[],Uncategorized Article
12614,[],Uncategorized Article
17550,[],Uncategorized Article
324,[],Uncategorized Article
25493,[],Uncategorized Article
23646,[],Uncategorized Article
10245,[],Uncategorized Article
16679,[],Uncategorized Article
11735,[],Uncategorized Article
13030,[],Uncategorized Article
1785,[],Uncategorized Article
4382,[],Uncategorized Article
23753,[],Uncategorized Article
9476,[],Uncategorized Article
19525,[],Uncategorized Article
12646,[],Uncategorized Article
15321,[],Uncategorized Article
15698,[],Uncategorized Article
13425,[],Uncategorized Article
17788,[],Uncategorized Article
15012,[],Uncategorized Article
15234,[],Uncategorized Article
17254,[],Uncategorized Article
7407,[],Uncategorized Article
12544,[],Uncategorized Article
7313,[],Uncategorized Article
2648,[],Uncategorized Article
2586,[],Uncategorized Article
14328,[],Uncategorized Article
11009,[],Uncategorized Article
3182,[],Uncategorized Article
11672,[],Uncategorized Article
4803,[],Uncategorized Article
4218,[],Uncategorized Article
5692,[],Uncategorized Article
25936,[],Uncategorized Article
12779,[],Uncategorized Article
9371,[],Uncategorized Article
13591,[],Uncategorized Article
7378,[],Uncategorized Article
1754,[],Uncategorized Article
24437,[],Uncategorized Article
10538,[],Uncategorized Article
5372,[],Uncategorized Article
15545,[],Uncategorized Article
21900,[],Uncategorized Article
1613,[],Uncategorized Article
5829,[],Uncategorized Article
18179,[],Uncategorized Article
25023,[],Uncategorized Article
22369,[],Uncategorized Article
2015,[],Uncategorized Article
20024,[],Uncategorized Article
25780,[],Uncategorized Article
22490,[],Uncategorized Article
5756,[],Uncategorized Article
603,[],Uncategorized Article
5329,[],Uncategorized Article
22279,[],Uncategorized Article
865,[],Uncategorized Article
25540,[],Uncategorized Article
16627,[],Uncategorized Article
18956,[],Uncategorized Article
17665,[],Uncategorized Article
22546,[],Uncategorized Article
16865,[],Uncategorized Article
25883,[],Uncategorized Article
11220,[],Uncategorized Article
4830,[],Uncategorized Article
19102,[],Uncategorized Article
5344,[],Uncategorized Article
24877,[],Uncategorized Article
15316,[],Uncategorized Article
21954,[],Uncategorized Article
12797,[],Uncategorized Article
17157,[],Uncategorized Article
15455,[],Uncategorized Article
3873,[],Uncategorized Article
179,[],Uncategorized Article
18746,[],Uncategorized Article
7436,[],Uncategorized Article
18505,[],Uncategorized Article
5958,[],Uncategorized Article
14110,[],Uncategorized Article
1800,[],Uncategorized Article
19533,[],Uncategorized Article
14648,[],Uncategorized Article
15082,[],Uncategorized Article
6038,[],Uncategorized Article
8221,[],Uncategorized Article
26008,[],Uncategorized Article
13895,[],Uncategorized Article
2801,[],Uncategorized Article
18441,[],Uncategorized Article
2922,[],Uncategorized Article
24171,[],Uncategorized Article
12856,[],Uncategorized Article
22885,[],Uncategorized Article
1245,[],Uncategorized Article
21044,[],Uncategorized Article
4053,[],Uncategorized Article
5931,[],Uncategorized Article
3239,[],Uncategorized Article
108,[],Uncategorized Article
20297,[],Uncategorized Article
16150,[],Uncategorized Article
19513,[],Uncategorized Article
14728,[],Uncategorized Article
21334,[],Uncategorized Article
11319,[],Uncategorized Article
18487,[],Uncategorized Article
3534,[],Uncategorized Article
4394,[],Uncategorized Article
11330,[],Uncategorized Article
14966,[],Uncategorized Article
24888,[],Uncategorized Article
3567,[],Uncategorized Article
17495,[],Uncategorized Article
7433,[],Uncategorized Article
17855,[],Uncategorized Article
19507,[],Uncategorized Article
11317,[],Uncategorized Article
5494,[],Uncategorized Article
24228,[],Uncategorized Article
17357,[],Uncategorized Article
4299,[],Uncategorized Article
25535,[],Uncategorized Article
5872,[],Uncategorized Article
4838,[],Uncategorized Article
7598,[],Uncategorized Article
1789,[],Uncategorized Article
21637,[],Uncategorized Article
13739,[],Uncategorized Article
13662,[],Uncategorized Article
7195,[],Uncategorized Article
20465,[],Uncategorized Article
14746,[],Uncategorized Article
7464,[],Uncategorized Article
9230,[],Uncategorized Article
23072,[],Uncategorized Article
6330,[],Uncategorized Article
10,[],Uncategorized Article
10839,[],Uncategorized Article
5868,[],Uncategorized Article
8855,[],Uncategorized Article
24314,[],Uncategorized Article
11457,[],Uncategorized Article
23996,[],Uncategorized Article
17164,[],Uncategorized Article
20270,[],Uncategorized Article
21698,[],Uncategorized Article
15462,[],Uncategorized Article
10585,[],Uncategorized Article
18992,[],Uncategorized Article
8515,[],Uncategorized Article
1344,[],Uncategorized Article
372,[],Uncategorized Article
15806,[],Uncategorized Article
909,[],Uncategorized Article
14915,[],Uncategorized Article
18808,[],Uncategorized Article
16880,[],Uncategorized Article
22970,[],Uncategorized Article
20032,[],Uncategorized Article
16210,[],Uncategorized Article
11662,[],Uncategorized Article
26522,[],Uncategorized Article
11415,[],Uncategorized Article
1244,[],Uncategorized Article
1195,[],Uncategorized Article
2990,[],Uncategorized Article
15704,[],Uncategorized Article
256,[],Uncategorized Article
16365,[],Uncategorized Article
8205,[],Uncategorized Article
25526,[],Uncategorized Article
14769,[],Uncategorized Article
19747,[],Uncategorized Article
21645,[],Uncategorized Article
25282,[],Uncategorized Article
26580,[],Uncategorized Article
19142,[],Uncategorized Article
4784,[],Uncategorized Article
13663,[],Uncategorized Article
7522,[],Uncategorized Article
9304,[],Uncategorized Article
15870,[],Uncategorized Article
17559,[],Uncategorized Article
20247,[],Uncategorized Article
5912,[],Uncategorized Article
24391,[],Uncategorized Article
13886,[],Uncategorized Article
22393,[],Uncategorized Article
26905,[],Uncategorized Article
16330,[],Uncategorized Article
18580,[],Uncategorized Article
19920,[],Uncategorized Article
1379,[],Uncategorized Article
7689,[],Uncategorized Article
3688,[],Uncategorized Article
18076,[],Uncategorized Article
25684,[],Uncategorized Article
15659,[],Uncategorized Article
3790,[],Uncategorized Article
8812,[],Uncategorized Article
16182,[],Uncategorized Article
652,[],Uncategorized Article
26018,[],Uncategorized Article
11665,[],Uncategorized Article
17662,[],Uncategorized Article
5328,[],Uncategorized Article
7219,[],Uncategorized Article
23964,[],Uncategorized Article
11162,[],Uncategorized Article
12,[],Uncategorized Article
6152,[],Uncategorized Article
11663,[],Uncategorized Article
2810,[],Uncategorized Article
2689,[],Uncategorized Article
11161,[],Uncategorized Article
13478,[],Uncategorized Article
22751,[],Uncategorized Article
12616,[],Uncategorized Article
9858,[],Uncategorized Article
21379,[],Uncategorized Article
12363,[],Uncategorized Article
24563,[],Uncategorized Article
1506,[],Uncategorized Article
4366,[],Uncategorized Article
10588,[],Uncategorized Article
14392,[],Uncategorized Article
2130,[],Uncategorized Article
1648,[],Uncategorized Article
15928,[],Uncategorized Article
17114,[],Uncategorized Article
6766,[],Uncategorized Article
20729,[],Uncategorized Article
4144,[],Uncategorized Article
8201,[],Uncategorized Article
26502,[],Uncategorized Article
14830,[],Uncategorized Article
9937,[],Uncategorized Article
13603,[],Uncategorized Article
25354,[],Uncategorized Article
12597,[],Uncategorized Article
21681,[],Uncategorized Article
14963,[],Uncategorized Article
25187,[],Uncategorized Article
25292,[],Uncategorized Article
1543,[],Uncategorized Article
12120,[],Uncategorized Article
17540,[],Uncategorized Article
21889,[],Uncategorized Article
21827,[],Uncategorized Article
14408,[],Uncategorized Article
14893,[],Uncategorized Article
32,[],Uncategorized Article
7187,[],Uncategorized Article
24528,[],Uncategorized Article
22097,[],Uncategorized Article
23667,[],Uncategorized Article
12213,[],Uncategorized Article
20732,[],Uncategorized Article
17323,[],Uncategorized Article
17325,[],Uncategorized Article
8749,[],Uncategorized Article
745,[],Uncategorized Article
4083,[],Uncategorized Article
2877,[],Uncategorized Article
20522,[],Uncategorized Article
9933,[],Uncategorized Article
21998,[],Uncategorized Article
2651,[],Uncategorized Article
23584,[],Uncategorized Article
23465,[],Uncategorized Article
25166,[],Uncategorized Article
24403,[],Uncategorized Article
7146,[],Uncategorized Article
957,[],Uncategorized Article
2110,[],Uncategorized Article
5108,[],Uncategorized Article
21868,[],Uncategorized Article
7631,[],Uncategorized Article
26403,[],Uncategorized Article
24553,[],Uncategorized Article
25968,[],Uncategorized Article
23146,[],Uncategorized Article
18195,[],Uncategorized Article
13535,[],Uncategorized Article
10960,[],Uncategorized Article
19947,[],Uncategorized Article
8847,[],Uncategorized Article
12911,[],Uncategorized Article
24460,[],Uncategorized Article
22561,[],Uncategorized Article
19827,[],Uncategorized Article
18092,[],Uncategorized Article
10391,[],Uncategorized Article
4640,[],Uncategorized Article
2399,[],Uncategorized Article
7310,[],Uncategorized Article
17276,[],Uncategorized Article
23511,[],Uncategorized Article
12000,[],Uncategorized Article
14024,[],Uncategorized Article
23030,[],Uncategorized Article
9597,[],Uncategorized Article
22413,[],Uncategorized Article
2625,[],Uncategorized Article
21108,[],Uncategorized Article
11340,[],Uncategorized Article
3346,[],Uncategorized Article
15835,[],Uncategorized Article
19384,[],Uncategorized Article
8297,[],Uncategorized Article
8959,[],Uncategorized Article
16460,[],Uncategorized Article
20924,[],Uncategorized Article
6651,[],Uncategorized Article
4947,[],Uncategorized Article
19733,[],Uncategorized Article
10452,[],Uncategorized Article
16218,[],Uncategorized Article
9967,[],Uncategorized Article
18901,[],Uncategorized Article
21045,[],Uncategorized Article
93,[],Uncategorized Article
17253,[],Uncategorized Article
7171,[],Uncategorized Article
6791,[],Uncategorized Article
9139,[],Uncategorized Article
26898,[],Uncategorized Article
24899,[],Uncategorized Article
22290,[],Uncategorized Article
7844,[],Uncategorized Article
16331,[],Uncategorized Article
19544,[],Uncategorized Article
1885,[],Uncategorized Article
23641,[],Uncategorized Article
12786,[],Uncategorized Article
5773,[],Uncategorized Article
17659,[],Uncategorized Article
8190,[],Uncategorized Article
2,[],Uncategorized Article
16091,[],Uncategorized Article
2759,[],Uncategorized Article
19534,[],Uncategorized Article
17954,[],Uncategorized Article
12222,[],Uncategorized Article
9425,[],Uncategorized Article
24852,[],Uncategorized Article
7849,[],Uncategorized Article
3175,[],Uncategorized Article
20779,[],Uncategorized Article
15669,[],Uncategorized Article
16304,[],Uncategorized Article
2465,[],Uncategorized Article
14274,[],Uncategorized Article
24684,[],Uncategorized Article
15612,[],Uncategorized Article
19060,[],Uncategorized Article
2511,[],Uncategorized Article
15248,[],Uncategorized Article
21665,[],Uncategorized Article
18205,[],Uncategorized Article
3621,[],Uncategorized Article
2317,[],Uncategorized Article
7086,[],Uncategorized Article
4477,[],Uncategorized Article
10082,[],Uncategorized Article
1155,[],Uncategorized Article
2486,[],Uncategorized Article
25389,[],Uncategorized Article
18744,[],Uncategorized Article
3227,[],Uncategorized Article
15015,[],Uncategorized Article
13541,[],Uncategorized Article
4392,[],Uncategorized Article
20340,[],Uncategorized Article
8872,[],Uncategorized Article
23024,[],Uncategorized Article
2191,[],Uncategorized Article
9921,[],Uncategorized Article
8001,[],Uncategorized Article
19955,[],Uncategorized Article
6668,[],Uncategorized Article
13358,[],Uncategorized Article
8163,[],Uncategorized Article
17064,[],Uncategorized Article
12818,[],Uncategorized Article
5909,[],Uncategorized Article
17803,[],Uncategorized Article
26713,[],Uncategorized Article
21026,[],Uncategorized Article
19038,[],Uncategorized Article
18657,[],Uncategorized Article
7320,[],Uncategorized Article
14142,[],Uncategorized Article
20090,[],Uncategorized Article
5298,[],Uncategorized Article
19454,[],Uncategorized Article
4240,[],Uncategorized Article
19617,[],Uncategorized Article
13934,[],Uncategorized Article
16205,[],Uncategorized Article
7612,[],Uncategorized Article
9769,[],Uncategorized Article
18081,[],Uncategorized Article
10141,[],Uncategorized Article
23266,[],Uncategorized Article
2889,[],Uncategorized Article
21722,[],Uncategorized Article
788,[],Uncategorized Article
18183,[],Uncategorized Article
20516,[],Uncategorized Article
19415,[],Uncategorized Article
13636,[],Uncategorized Article
3401,[],Uncategorized Article
17743,[],Uncategorized Article
3377,[],Uncategorized Article
21359,[],Uncategorized Article
583,[],Uncategorized Article
9972,[],Uncategorized Article
16733,[],Uncategorized Article
17869,[],Uncategorized Article
19039,[],Uncategorized Article
15197,[],Uncategorized Article
13897,[],Uncategorized Article
24626,[],Uncategorized Article
801,[],Uncategorized Article
20014,[],Uncategorized Article
9173,[],Uncategorized Article
11650,[],Uncategorized Article
23709,[],Uncategorized Article
5173,[],Uncategorized Article
6499,[],Uncategorized Article
19820,[],Uncategorized Article
16256,[],Uncategorized Article
20401,[],Uncategorized Article
17352,[],Uncategorized Article
12847,[],Uncategorized Article
7709,[],Uncategorized Article
6853,[],Uncategorized Article
2756,[],Uncategorized Article
6458,[],Uncategorized Article
24656,[],Uncategorized Article
14855,[],Uncategorized Article
12809,[],Uncategorized Article
14792,[],Uncategorized Article
13806,[],Uncategorized Article
6942,[],Uncategorized Article
25818,[],Uncategorized Article
2170,[],Uncategorized Article
21235,[],Uncategorized Article
5087,[],Uncategorized Article
12059,[],Uncategorized Article
21283,[],Uncategorized Article
8077,[],Uncategorized Article
18079,[],Uncategorized Article
25454,[],Uncategorized Article
5615,[],Uncategorized Article
13846,[],Uncategorized Article
10974,[],Uncategorized Article
26185,[],Uncategorized Article
16112,[],Uncategorized Article
18586,[],Uncategorized Article
13444,[],Uncategorized Article
13824,[],Uncategorized Article
13376,[],Uncategorized Article
10067,[],Uncategorized Article
9481,[],Uncategorized Article
2401,[],Uncategorized Article
8111,[],Uncategorized Article
12397,[],Uncategorized Article
21657,[],Uncategorized Article
15702,[],Uncategorized Article
11139,[],Uncategorized Article
1702,[],Uncategorized Article
18903,[],Uncategorized Article
5641,[],Uncategorized Article
21924,[],Uncategorized Article
1124,[],Uncategorized Article
4521,[],Uncategorized Article
15077,[],Uncategorized Article
14439,[],Uncategorized Article
18674,[],Uncategorized Article
13003,[],Uncategorized Article
7764,[],Uncategorized Article
19863,[],Uncategorized Article
9763,[],Uncategorized Article
26068,[],Uncategorized Article
9735,[],Uncategorized Article
14158,[],Uncategorized Article
11612,[],Uncategorized Article
3133,[],Uncategorized Article
4264,[],Uncategorized Article
15329,[],Uncategorized Article
7972,[],Uncategorized Article
4677,[],Uncategorized Article
20493,[],Uncategorized Article
13320,[],Uncategorized Article
21695,[],Uncategorized Article
16246,[],Uncategorized Article
11880,[],Uncategorized Article
23796,[],Uncategorized Article
7062,[],Uncategorized Article
4663,[],Uncategorized Article
19865,[],Uncategorized Article
22665,[],Uncategorized Article
2367,[],Uncategorized Article
25817,[],Uncategorized Article
9721,[],Uncategorized Article
13928,[],Uncategorized Article
21928,[],Uncategorized Article
16824,[],Uncategorized Article
14306,[],Uncategorized Article
16142,[],Uncategorized Article
24830,[],Uncategorized Article
24269,[],Uncategorized Article
12884,[],Uncategorized Article
15401,[],Uncategorized Article
25578,[],Uncategorized Article
14310,[],Uncategorized Article
17608,[],Uncategorized Article
1490,[],Uncategorized Article
3247,[],Uncategorized Article
6849,[],Uncategorized Article
19399,[],Uncategorized Article
1425,[],Uncategorized Article
25515,[],Uncategorized Article
21198,[],Uncategorized Article
2691,[],Uncategorized Article
18516,[],Uncategorized Article
10441,[],Uncategorized Article
25455,[],Uncategorized Article
25639,[],Uncategorized Article
6843,[],Uncategorized Article
16622,[],Uncategorized Article
13085,[],Uncategorized Article
15008,[],Uncategorized Article
8572,[],Uncategorized Article
9148,[],Uncategorized Article
10813,[],Uncategorized Article
26127,[],Uncategorized Article
9552,[],Uncategorized Article
3196,[],Uncategorized Article
14500,[],Uncategorized Article
486,[],Uncategorized Article
15908,[],Uncategorized Article
370,[],Uncategorized Article
783,[],Uncategorized Article
6382,[],Uncategorized Article
21916,[],Uncategorized Article
22217,[],Uncategorized Article
16682,[],Uncategorized Article
17257,[],Uncategorized Article
16529,[],Uncategorized Article
2047,[],Uncategorized Article
104,[],Uncategorized Article
24187,[],Uncategorized Article
13266,[],Uncategorized Article
5684,[],Uncategorized Article
3632,[],Uncategorized Article
16493,[],Uncategorized Article
13089,[],Uncategorized Article
15893,[],Uncategorized Article
11656,[],Uncategorized Article
21674,[],Uncategorized Article
18159,[],Uncategorized Article
12663,[],Uncategorized Article
669,[],Uncategorized Article
26142,[],Uncategorized Article
18521,[],Uncategorized Article
18813,[],Uncategorized Article
25981,[],Uncategorized Article
11634,[],Uncategorized Article
1439,[],Uncategorized Article
11039,[],Uncategorized Article
25302,[],Uncategorized Article
19089,[],Uncategorized Article
4811,[],Uncategorized Article
3258,[],Uncategorized Article
19155,[],Uncategorized Article
22103,[],Uncategorized Article
19419,[],Uncategorized Article
26761,[],Uncategorized Article
16057,[],Uncategorized Article
25631,[],Uncategorized Article
7332,[],Uncategorized Article
1564,[],Uncategorized Article
20823,[],Uncategorized Article
14922,[],Uncategorized Article
11760,[],Uncategorized Article
9965,[],Uncategorized Article
16805,[],Uncategorized Article
23555,[],Uncategorized Article
18821,[],Uncategorized Article
19214,[],Uncategorized Article
18214,[],Uncategorized Article
26408,[],Uncategorized Article
14174,[],Uncategorized Article
3003,[],Uncategorized Article
11978,[],Uncategorized Article
11716,[],Uncategorized Article
5389,[],Uncategorized Article
12055,[],Uncategorized Article
20978,[],Uncategorized Article
1309,[],Uncategorized Article
11345,[],Uncategorized Article
17173,[],Uncategorized Article
24144,[],Uncategorized Article
25525,[],Uncategorized Article
21229,[],Uncategorized Article
2514,[],Uncategorized Article
12577,[],Uncategorized Article
22404,[],Uncategorized Article
15754,[],Uncategorized Article
14245,[],Uncategorized Article
20864,[],Uncategorized Article
9258,[],Uncategorized Article
25533,[],Uncategorized Article
8791,[],Uncategorized Article
23729,[],Uncategorized Article
12881,[],Uncategorized Article
11249,[],Uncategorized Article
9777,[],Uncategorized Article
19473,[],Uncategorized Article
19789,[],Uncategorized Article
5257,[],Uncategorized Article
13932,[],Uncategorized Article
19186,[],Uncategorized Article
21362,[],Uncategorized Article
20371,[],Uncategorized Article
21513,[],Uncategorized Article
3301,[],Uncategorized Article
25656,[],Uncategorized Article
12041,[],Uncategorized Article
5406,[],Uncategorized Article
712,[],Uncategorized Article
5783,[],Uncategorized Article
4409,[],Uncategorized Article
11688,[],Uncategorized Article
5920,[],Uncategorized Article
22598,[],Uncategorized Article
21426,[],Uncategorized Article
5411,[],Uncategorized Article
22968,[],Uncategorized Article
16934,[],Uncategorized Article
19542,[],Uncategorized Article
3241,[],Uncategorized Article
22113,[],Uncategorized Article
22952,[],Uncategorized Article
8493,[],Uncategorized Article
24405,[],Uncategorized Article
9321,[],Uncategorized Article
25341,[],Uncategorized Article
25340,[],Uncategorized Article
8444,[],Uncategorized Article
11109,[],Uncategorized Article
14511,[],Uncategorized Article
12231,[],Uncategorized Article
25595,[],Uncategorized Article
7292,[],Uncategorized Article
3671,[],Uncategorized Article
23155,[],Uncategorized Article
10629,[],Uncategorized Article
24396,[],Uncategorized Article
17188,[],Uncategorized Article
8940,[],Uncategorized Article
17593,[],Uncategorized Article
19133,[],Uncategorized Article
24112,[],Uncategorized Article
2934,[],Uncategorized Article
10794,[],Uncategorized Article
15307,[],Uncategorized Article
4311,[],Uncategorized Article
14691,[],Uncategorized Article
6597,[],Uncategorized Article
26199,[],Uncategorized Article
12489,[],Uncategorized Article
24554,[],Uncategorized Article
22840,[],Uncategorized Article
21459,[],Uncategorized Article
23442,[],Uncategorized Article
16440,[],Uncategorized Article
3412,[],Uncategorized Article
10416,[],Uncategorized Article
400,[],Uncategorized Article
2986,[],Uncategorized Article
12764,[],Uncategorized Article
16043,[],Uncategorized Article
10251,[],Uncategorized Article
6605,[],Uncategorized Article
26294,[],Uncategorized Article
23768,[],Uncategorized Article
20151,[],Uncategorized Article
12664,[],Uncategorized Article
6554,[],Uncategorized Article
8780,[],Uncategorized Article
23013,[],Uncategorized Article
20191,[],Uncategorized Article
10797,[],Uncategorized Article
5781,[],Uncategorized Article
12241,[],Uncategorized Article
23613,[],Uncategorized Article
18906,[],Uncategorized Article
22865,[],Uncategorized Article
7233,[],Uncategorized Article
25160,[],Uncategorized Article
19453,[],Uncategorized Article
11736,[],Uncategorized Article
519,[],Uncategorized Article
1755,[],Uncategorized Article
4508,[],Uncategorized Article
22555,[],Uncategorized Article
12919,[],Uncategorized Article
20248,[],Uncategorized Article
16109,[],Uncategorized Article
5263,[],Uncategorized Article
1069,[],Uncategorized Article
15184,[],Uncategorized Article
8419,[],Uncategorized Article
17463,[],Uncategorized Article
20376,[],Uncategorized Article
665,[],Uncategorized Article
26221,[],Uncategorized Article
13796,[],Uncategorized Article
25750,[],Uncategorized Article
26114,[],Uncategorized Article
1699,[],Uncategorized Article
12164,[],Uncategorized Article
20499,[],Uncategorized Article
23876,[],Uncategorized Article
4916,[],Uncategorized Article
7065,[],Uncategorized Article
2979,[],Uncategorized Article
20050,[],Uncategorized Article
13750,[],Uncategorized Article
8990,[],Uncategorized Article
6861,[],Uncategorized Article
8168,[],Uncategorized Article
26712,[],Uncategorized Article
8128,[],Uncategorized Article
26672,[],Uncategorized Article
13644,[],Uncategorized Article
16475,[],Uncategorized Article
23067,[],Uncategorized Article
8384,[],Uncategorized Article
5246,[],Uncategorized Article
13464,[],Uncategorized Article
26073,[],Uncategorized Article
3896,[],Uncategorized Article
17733,[],Uncategorized Article
1721,[],Uncategorized Article
23343,[],Uncategorized Article
3777,[],Uncategorized Article
16742,[],Uncategorized Article
15210,[],Uncategorized Article
15722,[],Uncategorized Article
22882,[],Uncategorized Article
4050,[],Uncategorized Article
25335,[],Uncategorized Article
12280,[],Uncategorized Article
13894,[],Uncategorized Article
7705,[],Uncategorized Article
19615,[],Uncategorized Article
12229,[],Uncategorized Article
7105,[],Uncategorized Article
6372,[],Uncategorized Article
7244,[],Uncategorized Article
11877,[],Uncategorized Article
5062,[],Uncategorized Article
3602,[],Uncategorized Article
15764,[],Uncategorized Article
11856,[],Uncategorized Article
7756,[],Uncategorized Article
9638,[],Uncategorized Article
18582,[],Uncategorized Article
16412,[],Uncategorized Article
10435,[],Uncategorized Article
10086,[],Uncategorized Article
10766,[],Uncategorized Article
2956,[],Uncategorized Article
7869,[],Uncategorized Article
11934,[],Uncategorized Article
12106,[],Uncategorized Article
9670,[],Uncategorized Article
5409,[],Uncategorized Article
7520,[],Uncategorized Article
17487,[],Uncategorized Article
4439,[],Uncategorized Article
12198,[],Uncategorized Article
22247,[],Uncategorized Article
4690,[],Uncategorized Article
1558,[],Uncategorized Article
10892,[],Uncategorized Article
2488,[],Uncategorized Article
24691,[],Uncategorized Article
3523,[],Uncategorized Article
4542,[],Uncategorized Article
15371,[],Uncategorized Article
3400,[],Uncategorized Article
17273,[],Uncategorized Article
25632,[],Uncategorized Article
2272,[],Uncategorized Article
14429,[],Uncategorized Article
233,[],Uncategorized Article
18718,[],Uncategorized Article
12823,[],Uncategorized Article
9843,[],Uncategorized Article
16676,[],Uncategorized Article
21555,[],Uncategorized Article
23392,[],Uncategorized Article
11392,[],Uncategorized Article
17261,[],Uncategorized Article
9964,[],Uncategorized Article
20997,[],Uncategorized Article
9727,[],Uncategorized Article
25798,[],Uncategorized Article
13231,[],Uncategorized Article
18688,[],Uncategorized Article
13201,[],Uncategorized Article
22509,[],Uncategorized Article
26276,[],Uncategorized Article
10542,[],Uncategorized Article
23198,[],Uncategorized Article
10420,[],Uncategorized Article
20048,[],Uncategorized Article
10002,[],Uncategorized Article
4647,[],Uncategorized Article
15572,[],Uncategorized Article
14539,[],Uncategorized Article
22743,[],Uncategorized Article
18409,[],Uncategorized Article
16740,[],Uncategorized Article
25090,[],Uncategorized Article
15738,[],Uncategorized Article
17221,[],Uncategorized Article
8458,[],Uncategorized Article
24990,[],Uncategorized Article
1726,[],Uncategorized Article
25747,[],Uncategorized Article
22595,[],Uncategorized Article
14554,[],Uncategorized Article
10284,[],Uncategorized Article
20004,[],Uncategorized Article
4607,[],Uncategorized Article
20391,[],Uncategorized Article
25986,[],Uncategorized Article
15753,[],Uncategorized Article
26284,[],Uncategorized Article
11115,[],Uncategorized Article
1067,[],Uncategorized Article
7280,[],Uncategorized Article
11258,[],Uncategorized Article
10940,[],Uncategorized Article
20233,[],Uncategorized Article
23414,[],Uncategorized Article
16006,[],Uncategorized Article
6166,[],Uncategorized Article
6461,[],Uncategorized Article
889,[],Uncategorized Article
966,[],Uncategorized Article
10481,[],Uncategorized Article
21506,[],Uncategorized Article
1963,[],Uncategorized Article
9850,[],Uncategorized Article
12062,[],Uncategorized Article
14496,[],Uncategorized Article
1909,[],Uncategorized Article
15690,[],Uncategorized Article
8353,[],Uncategorized Article
26411,[],Uncategorized Article
25434,[],Uncategorized Article
19917,[],Uncategorized Article
26405,[],Uncategorized Article
2835,[],Uncategorized Article
11455,[],Uncategorized Article
7213,[],Uncategorized Article
7605,[],Uncategorized Article
975,[],Uncategorized Article
2268,[],Uncategorized Article
3770,[],Uncategorized Article
25773,[],Uncategorized Article
14984,[],Uncategorized Article
132,[],Uncategorized Article
10131,[],Uncategorized Article
21546,[],Uncategorized Article
581,[],Uncategorized Article
25700,[],Uncategorized Article
9716,[],Uncategorized Article
9035,[],Uncategorized Article
15992,[],Uncategorized Article
393,[],Uncategorized Article
10218,[],Uncategorized Article
23327,[],Uncategorized Article
19141,[],Uncategorized Article
8401,[],Uncategorized Article
17725,[],Uncategorized Article
8183,[],Uncategorized Article
26620,[],Uncategorized Article
11426,[],Uncategorized Article
4613,[],Uncategorized Article
16607,[],Uncategorized Article
21479,[],Uncategorized Article
8593,[],Uncategorized Article
14168,[],Uncategorized Article
25301,[],Uncategorized Article
18480,[],Uncategorized Article
26241,[],Uncategorized Article
12190,[],Uncategorized Article
20433,[],Uncategorized Article
2908,[],Uncategorized Article
20820,[],Uncategorized Article
8071,[],Uncategorized Article
21973,[],Uncategorized Article
15890,[],Uncategorized Article
20653,[],Uncategorized Article
5264,[],Uncategorized Article
6163,[],Uncategorized Article
25201,[],Uncategorized Article
5481,[],Uncategorized Article
25962,[],Uncategorized Article
23500,[],Uncategorized Article
6895,[],Uncategorized Article
24781,[],Uncategorized Article
17193,[],Uncategorized Article
14317,[],Uncategorized Article
13600,[],Uncategorized Article
2650,[],Uncategorized Article
18937,[],Uncategorized Article
26876,[],Uncategorized Article
8789,[],Uncategorized Article
15345,[],Uncategorized Article
3190,[],Uncategorized Article
9894,[],Uncategorized Article
12349,[],Uncategorized Article
3650,[],Uncategorized Article
18473,[],Uncategorized Article
19640,[],Uncategorized Article
24853,[],Uncategorized Article
5976,[],Uncategorized Article
3370,[],Uncategorized Article
26193,[],Uncategorized Article
19500,[],Uncategorized Article
9604,[],Uncategorized Article
26644,[],Uncategorized Article
1764,[],Uncategorized Article
26280,[],Uncategorized Article
20071,[],Uncategorized Article
22322,[],Uncategorized Article
19017,[],Uncategorized Article
15629,[],Uncategorized Article
7903,[],Uncategorized Article
13334,[],Uncategorized Article
18120,[],Uncategorized Article
14692,[],Uncategorized Article
13451,[],Uncategorized Article
13993,[],Uncategorized Article
11539,[],Uncategorized Article
17952,[],Uncategorized Article
16846,[],Uncategorized Article
17127,[],Uncategorized Article
8414,[],Uncategorized Article
21879,[],Uncategorized Article
8817,[],Uncategorized Article
6284,[],Uncategorized Article
19886,[],Uncategorized Article
12944,[],Uncategorized Article
8536,[],Uncategorized Article
15651,[],Uncategorized Article
12726,[],Uncategorized Article
20099,[],Uncategorized Article
23044,[],Uncategorized Article
10471,[],Uncategorized Article
21673,[],Uncategorized Article
4326,[],Uncategorized Article
25677,[],Uncategorized Article
8587,[],Uncategorized Article
22157,[],Uncategorized Article
13306,[],Uncategorized Article
26995,[],Uncategorized Article
3641,[],Uncategorized Article
15799,[],Uncategorized Article
9034,[],Uncategorized Article
25344,[],Uncategorized Article
21,[],Uncategorized Article
3718,[],Uncategorized Article
13391,[],Uncategorized Article
2902,[],Uncategorized Article
22087,[],Uncategorized Article
5534,[],Uncategorized Article
11042,[],Uncategorized Article
15351,[],Uncategorized Article
779,[],Uncategorized Article
18823,[],Uncategorized Article
21535,[],Uncategorized Article
22936,[],Uncategorized Article
20026,[],Uncategorized Article
3431,[],Uncategorized Article
17207,[],Uncategorized Article
18426,[],Uncategorized Article
3622,[],Uncategorized Article
4259,[],Uncategorized Article
4725,[],Uncategorized Article
1469,[],Uncategorized Article
13322,[],Uncategorized Article
18479,[],Uncategorized Article
22183,[],Uncategorized Article
8424,[],Uncategorized Article
368,[],Uncategorized Article
24767,[],Uncategorized Article
11785,[],Uncategorized Article
13112,[],Uncategorized Article
9491,[],Uncategorized Article
26888,[],Uncategorized Article
11384,[],Uncategorized Article
18377,[],Uncategorized Article
19837,[],Uncategorized Article
18105,[],Uncategorized Article
26137,[],Uncategorized Article
4060,[],Uncategorized Article
10683,[],Uncategorized Article
1824,[],Uncategorized Article
26292,[],Uncategorized Article
10972,[],Uncategorized Article
24021,[],Uncategorized Article
3758,[],Uncategorized Article
3232,[],Uncategorized Article
18302,[],Uncategorized Article
7246,[],Uncategorized Article
17953,[],Uncategorized Article
1831,[],Uncategorized Article
8539,[],Uncategorized Article
1242,[],Uncategorized Article
18685,[],Uncategorized Article
18338,[],Uncategorized Article
4656,[],Uncategorized Article
18916,[],Uncategorized Article
8998,[],Uncategorized Article
11914,[],Uncategorized Article
23502,[],Uncategorized Article
8343,[],Uncategorized Article
24643,[],Uncategorized Article
8893,[],Uncategorized Article
7490,[],Uncategorized Article
24108,[],Uncategorized Article
18161,[],Uncategorized Article
11859,[],Uncategorized Article
24967,[],Uncategorized Article
14772,[],Uncategorized Article
17606,[],Uncategorized Article
1777,[],Uncategorized Article
24914,[],Uncategorized Article
15111,[],Uncategorized Article
11133,[],Uncategorized Article
13072,[],Uncategorized Article
20228,[],Uncategorized Article
23372,[],Uncategorized Article
13863,[],Uncategorized Article
14490,[],Uncategorized Article
24655,[],Uncategorized Article
17132,[],Uncategorized Article
7271,[],Uncategorized Article
17643,[],Uncategorized Article
18272,[],Uncategorized Article
14779,[],Uncategorized Article
19592,[],Uncategorized Article
17095,[],Uncategorized Article
12470,[],Uncategorized Article
16619,[],Uncategorized Article
19751,[],Uncategorized Article
21263,[],Uncategorized Article
13660,[],Uncategorized Article
19911,[],Uncategorized Article
3293,[],Uncategorized Article
378,[],Uncategorized Article
11484,[],Uncategorized Article
14247,[],Uncategorized Article
11882,[],Uncategorized Article
3845,[],Uncategorized Article
15051,[],Uncategorized Article
21234,[],Uncategorized Article
13777,[],Uncategorized Article
26365,[],Uncategorized Article
18178,[],Uncategorized Article
22604,[],Uncategorized Article
13039,[],Uncategorized Article
5024,[],Uncategorized Article
14029,[],Uncategorized Article
12270,[],Uncategorized Article
1658,[],Uncategorized Article
212,[],Uncategorized Article
22239,[],Uncategorized Article
26235,[],Uncategorized Article
15898,[],Uncategorized Article
8526,[],Uncategorized Article
15762,[],Uncategorized Article
13901,[],Uncategorized Article
14195,[],Uncategorized Article
792,[],Uncategorized Article
16617,[],Uncategorized Article
19373,[],Uncategorized Article
16593,[],Uncategorized Article
9330,[],Uncategorized Article
26885,[],Uncategorized Article
26227,[],Uncategorized Article
4498,[],Uncategorized Article
9505,[],Uncategorized Article
2413,[],Uncategorized Article
26958,[],Uncategorized Article
834,[],Uncategorized Article
9063,[],Uncategorized Article
9455,[],Uncategorized Article
9810,[],Uncategorized Article
12537,[],Uncategorized Article
13289,[],Uncategorized Article
13163,[],Uncategorized Article
1220,[],Uncategorized Article
12955,[],Uncategorized Article
9957,[],Uncategorized Article
17414,[],Uncategorized Article
11375,[],Uncategorized Article
25512,[],Uncategorized Article
18385,[],Uncategorized Article
5609,[],Uncategorized Article
11907,[],Uncategorized Article
4581,[],Uncategorized Article
24564,[],Uncategorized Article
10292,[],Uncategorized Article
9677,[],Uncategorized Article
2523,[],Uncategorized Article
14182,[],Uncategorized Article
25325,[],Uncategorized Article
7460,[],Uncategorized Article
4782,[],Uncategorized Article
4381,[],Uncategorized Article
19431,[],Uncategorized Article
20010,[],Uncategorized Article
14435,[],Uncategorized Article
7642,[],Uncategorized Article
6452,[],Uncategorized Article
8809,[],Uncategorized Article
26740,[],Uncategorized Article
19196,[],Uncategorized Article
24385,[],Uncategorized Article
20370,[],Uncategorized Article
10618,[],Uncategorized Article
14940,[],Uncategorized Article
12962,[],Uncategorized Article
7637,[],Uncategorized Article
16033,[],Uncategorized Article
10196,[],Uncategorized Article
6854,[],Uncategorized Article
10619,[],Uncategorized Article
11239,[],Uncategorized Article
1386,[],Uncategorized Article
23891,[],Uncategorized Article
555,[],Uncategorized Article
16704,[],Uncategorized Article
3095,[],Uncategorized Article
3285,[],Uncategorized Article
9930,[],Uncategorized Article
9166,[],Uncategorized Article
17454,[],Uncategorized Article
7847,[],Uncategorized Article
1313,[],Uncategorized Article
11095,[],Uncategorized Article
7450,[],Uncategorized Article
23487,[],Uncategorized Article
14706,[],Uncategorized Article
11245,[],Uncategorized Article
9631,[],Uncategorized Article
5072,[],Uncategorized Article
26454,[],Uncategorized Article
5275,[],Uncategorized Article
19949,[],Uncategorized Article
19298,[],Uncategorized Article
22057,[],Uncategorized Article
23892,[],Uncategorized Article
24516,[],Uncategorized Article
1857,[],Uncategorized Article
24799,[],Uncategorized Article
26316,[],Uncategorized Article
10306,[],Uncategorized Article
2765,[],Uncategorized Article
1541,[],Uncategorized Article
7262,[],Uncategorized Article
8434,[],Uncategorized Article
23440,[],Uncategorized Article
20007,[],Uncategorized Article
9475,[],Uncategorized Article
19303,[],Uncategorized Article
22312,[],Uncategorized Article
8563,[],Uncategorized Article
3771,[],Uncategorized Article
13460,[],Uncategorized Article
17493,[],Uncategorized Article
4655,[],Uncategorized Article
24208,[],Uncategorized Article
11434,[],Uncategorized Article
25132,[],Uncategorized Article
8266,[],Uncategorized Article
13389,[],Uncategorized Article
9126,[],Uncategorized Article
12098,[],Uncategorized Article
11723,[],Uncategorized Article
22029,[],Uncategorized Article
9096,[],Uncategorized Article
1737,[],Uncategorized Article
22470,[],Uncategorized Article
561,[],Uncategorized Article
15357,[],Uncategorized Article
3345,[],Uncategorized Article
11492,[],Uncategorized Article
9354,[],Uncategorized Article
9628,[],Uncategorized Article
8314,[],Uncategorized Article
19529,[],Uncategorized Article
9719,[],Uncategorized Article
21249,[],Uncategorized Article
25349,[],Uncategorized Article
58,[],Uncategorized Article
15153,[],Uncategorized Article
3201,[],Uncategorized Article
21612,[],Uncategorized Article
18033,[],Uncategorized Article
2510,[],Uncategorized Article
9828,[],Uncategorized Article
17322,[],Uncategorized Article
26329,[],Uncategorized Article
20061,[],Uncategorized Article
20599,[],Uncategorized Article
11759,[],Uncategorized Article
16138,[],Uncategorized Article
10174,[],Uncategorized Article
13546,[],Uncategorized Article
21846,[],Uncategorized Article
5993,[],Uncategorized Article
21521,[],Uncategorized Article
25703,[],Uncategorized Article
26900,[],Uncategorized Article
2072,[],Uncategorized Article
12122,[],Uncategorized Article
26180,[],Uncategorized Article
5822,[],Uncategorized Article
25488,[],Uncategorized Article
13335,[],Uncategorized Article
16879,[],Uncategorized Article
3513,[],Uncategorized Article
22383,[],Uncategorized Article
23547,[],Uncategorized Article
16269,[],Uncategorized Article
20042,[],Uncategorized Article
16343,[],Uncategorized Article
17150,[],Uncategorized Article
3782,[],Uncategorized Article
22918,[],Uncategorized Article
9336,[],Uncategorized Article
19146,[],Uncategorized Article
25497,[],Uncategorized Article
10702,[],Uncategorized Article
2860,[],Uncategorized Article
1221,[],Uncategorized Article
20750,[],Uncategorized Article
4864,[],Uncategorized Article
13280,[],Uncategorized Article
19405,[],Uncategorized Article
6085,[],Uncategorized Article
12546,[],Uncategorized Article
15269,[],Uncategorized Article
4924,[],Uncategorized Article
4532,[],Uncategorized Article
1672,[],Uncategorized Article
20610,[],Uncategorized Article
20787,[],Uncategorized Article
4055,[],Uncategorized Article
22895,[],Uncategorized Article
25711,[],Uncategorized Article
10000,[],Uncategorized Article
21668,[],Uncategorized Article
11953,[],Uncategorized Article
21941,[],Uncategorized Article
10237,[],Uncategorized Article
21764,[],Uncategorized Article
10255,[],Uncategorized Article
13305,[],Uncategorized Article
9487,[],Uncategorized Article
20363,[],Uncategorized Article
12879,[],Uncategorized Article
24705,[],Uncategorized Article
4317,[],Uncategorized Article
9980,[],Uncategorized Article
5519,[],Uncategorized Article
858,[],Uncategorized Article
20720,[],Uncategorized Article
5972,[],Uncategorized Article
7875,[],Uncategorized Article
595,[],Uncategorized Article
8804,[],Uncategorized Article
9186,[],Uncategorized Article
10970,[],Uncategorized Article
9746,[],Uncategorized Article
14352,[],Uncategorized Article
21658,[],Uncategorized Article
1951,[],Uncategorized Article
9120,[],Uncategorized Article
21523,[],Uncategorized Article
20638,[],Uncategorized Article
20488,[],Uncategorized Article
7910,[],Uncategorized Article
14781,[],Uncategorized Article
7830,[],Uncategorized Article
2513,[],Uncategorized Article
6732,[],Uncategorized Article
5559,[],Uncategorized Article
26789,[],Uncategorized Article
7860,[],Uncategorized Article
11027,[],Uncategorized Article
4700,[],Uncategorized Article
2233,[],Uncategorized Article
24669,[],Uncategorized Article
17560,[],Uncategorized Article
16160,[],Uncategorized Article
15092,[],Uncategorized Article
11926,[],Uncategorized Article
19571,[],Uncategorized Article
9215,[],Uncategorized Article
20037,[],Uncategorized Article
19938,[],Uncategorized Article
5424,[],Uncategorized Article
13265,[],Uncategorized Article
15567,[],Uncategorized Article
12501,[],Uncategorized Article
7492,[],Uncategorized Article
22448,[],Uncategorized Article
8995,[],Uncategorized Article
1550,[],Uncategorized Article
17393,[],Uncategorized Article
14842,[],Uncategorized Article
10929,[],Uncategorized Article
18650,[],Uncategorized Article
5095,[],Uncategorized Article
17032,[],Uncategorized Article
3243,[],Uncategorized Article
11054,[],Uncategorized Article
727,[],Uncategorized Article
16125,[],Uncategorized Article
14591,[],Uncategorized Article
9133,[],Uncategorized Article
8169,[],Uncategorized Article
331,[],Uncategorized Article
7027,[],Uncategorized Article
13809,[],Uncategorized Article
211,[],Uncategorized Article
25827,[],Uncategorized Article
2263,[],Uncategorized Article
6343,[],Uncategorized Article
25313,[],Uncategorized Article
18165,[],Uncategorized Article
11367,[],Uncategorized Article
3543,[],Uncategorized Article
1438,[],Uncategorized Article
10707,[],Uncategorized Article
16251,[],Uncategorized Article
25847,[],Uncategorized Article
4792,[],Uncategorized Article
9420,[],Uncategorized Article
23985,[],Uncategorized Article
25514,[],Uncategorized Article
21248,[],Uncategorized Article
6475,[],Uncategorized Article
9506,[],Uncategorized Article
920,[],Uncategorized Article
12171,[],Uncategorized Article
16396,[],Uncategorized Article
4868,[],Uncategorized Article
818,[],Uncategorized Article
15872,[],Uncategorized Article
10976,[],Uncategorized Article
9896,[],Uncategorized Article
453,[],Uncategorized Article
9241,[],Uncategorized Article
9848,[],Uncategorized Article
3457,[],Uncategorized Article
23738,[],Uncategorized Article
24726,[],Uncategorized Article
23990,[],Uncategorized Article
25191,[],Uncategorized Article
23263,[],Uncategorized Article
940,[],Uncategorized Article
2739,[],Uncategorized Article
11796,[],Uncategorized Article
4196,[],Uncategorized Article
24617,[],Uncategorized Article
21601,[],Uncategorized Article
26380,[],Uncategorized Article
4071,[],Uncategorized Article
17784,[],Uncategorized Article
23449,[],Uncategorized Article
8222,[],Uncategorized Article
8123,[],Uncategorized Article
6363,[],Uncategorized Article
14450,[],Uncategorized Article
5796,[],Uncategorized Article
3677,[],Uncategorized Article
8864,[],Uncategorized Article
25135,[],Uncategorized Article
18712,[],Uncategorized Article
20300,[],Uncategorized Article
5188,[],Uncategorized Article
17492,[],Uncategorized Article
16776,[],Uncategorized Article
10308,[],Uncategorized Article
2262,[],Uncategorized Article
22129,[],Uncategorized Article
21209,[],Uncategorized Article
13186,[],Uncategorized Article
1779,[],Uncategorized Article
2553,[],Uncategorized Article
26874,[],Uncategorized Article
2686,[],Uncategorized Article
1040,[],Uncategorized Article
25278,[],Uncategorized Article
17947,[],Uncategorized Article
16939,[],Uncategorized Article
3071,[],Uncategorized Article
7529,[],Uncategorized Article
23875,[],Uncategorized Article
17812,[],Uncategorized Article
7766,[],Uncategorized Article
11045,[],Uncategorized Article
17800,[],Uncategorized Article
21336,[],Uncategorized Article
15682,[],Uncategorized Article
25570,[],Uncategorized Article
15663,[],Uncategorized Article
15128,[],Uncategorized Article
21964,[],Uncategorized Article
7961,[],Uncategorized Article
7399,[],Uncategorized Article
25956,[],Uncategorized Article
23086,[],Uncategorized Article
18973,[],Uncategorized Article
10303,[],Uncategorized Article
25954,[],Uncategorized Article
5839,[],Uncategorized Article
2024,[],Uncategorized Article
23785,[],Uncategorized Article
21952,[],Uncategorized Article
9019,[],Uncategorized Article
10894,[],Uncategorized Article
17397,[],Uncategorized Article
14831,[],Uncategorized Article
28,[],Uncategorized Article
9718,[],Uncategorized Article
355,[],Uncategorized Article
3170,[],Uncategorized Article
15383,[],Uncategorized Article
17580,[],Uncategorized Article
17700,[],Uncategorized Article
18972,[],Uncategorized Article
5643,[],Uncategorized Article
18460,[],Uncategorized Article
3675,[],Uncategorized Article
15450,[],Uncategorized Article
17348,[],Uncategorized Article
13763,[],Uncategorized Article
6749,[],Uncategorized Article
120,[],Uncategorized Article
6794,[],Uncategorized Article
21285,[],Uncategorized Article
5579,[],Uncategorized Article
13683,[],Uncategorized Article
328,[],Uncategorized Article
4710,[],Uncategorized Article
2370,[],Uncategorized Article
5522,[],Uncategorized Article
2544,[],Uncategorized Article
15791,[],Uncategorized Article
11077,[],Uncategorized Article
22330,[],Uncategorized Article
10871,[],Uncategorized Article
18562,[],Uncategorized Article
4898,[],Uncategorized Article
5153,[],Uncategorized Article
1209,[],Uncategorized Article
13362,[],Uncategorized Article
19608,[],Uncategorized Article
13068,[],Uncategorized Article
23389,[],Uncategorized Article
3123,[],Uncategorized Article
78,[],Uncategorized Article
22767,[],Uncategorized Article
25418,[],Uncategorized Article
13012,[],Uncategorized Article
25803,[],Uncategorized Article
9137,[],Uncategorized Article
26534,[],Uncategorized Article
24422,[],Uncategorized Article
19775,[],Uncategorized Article
24843,[],Uncategorized Article
21027,[],Uncategorized Article
21961,[],Uncategorized Article
17945,[],Uncategorized Article
4869,[],Uncategorized Article
15605,[],Uncategorized Article
14485,[],Uncategorized Article
6213,[],Uncategorized Article
1782,[],Uncategorized Article
6985,[],Uncategorized Article
13275,[],Uncategorized Article
17479,[],Uncategorized Article
5544,[],Uncategorized Article
1946,[],Uncategorized Article
25976,[],Uncategorized Article
24942,[],Uncategorized Article
17061,[],Uncategorized Article
22793,[],Uncategorized Article
6789,[],Uncategorized Article
1392,[],Uncategorized Article
10661,[],Uncategorized Article
17136,[],Uncategorized Article
6694,[],Uncategorized Article
11980,[],Uncategorized Article
3215,[],Uncategorized Article
8989,[],Uncategorized Article
12404,[],Uncategorized Article
9969,[],Uncategorized Article
12305,[],Uncategorized Article
1770,[],Uncategorized Article
19890,[],Uncategorized Article
25358,[],Uncategorized Article
10912,[],Uncategorized Article
11675,[],Uncategorized Article
3022,[],Uncategorized Article
5401,[],Uncategorized Article
7856,[],Uncategorized Article
10100,[],Uncategorized Article
6875,[],Uncategorized Article
20900,[],Uncategorized Article
13956,[],Uncategorized Article
4619,[],Uncategorized Article
22021,[],Uncategorized Article
8719,[],Uncategorized Article
8558,[],Uncategorized Article
20063,[],Uncategorized Article
14290,[],Uncategorized Article
12516,[],Uncategorized Article
7968,[],Uncategorized Article
12454,[],Uncategorized Article
10652,[],Uncategorized Article
6825,[],Uncategorized Article
10111,[],Uncategorized Article
17085,[],Uncategorized Article
18887,[],Uncategorized Article
8159,[],Uncategorized Article
20906,[],Uncategorized Article
4423,[],Uncategorized Article
12159,[],Uncategorized Article
6862,[],Uncategorized Article
6986,[],Uncategorized Article
9490,[],Uncategorized Article
15847,[],Uncategorized Article
24796,[],Uncategorized Article
7282,[],Uncategorized Article
2926,[],Uncategorized Article
9825,[],Uncategorized Article
9479,[],Uncategorized Article
8733,[],Uncategorized Article
23498,[],Uncategorized Article
18812,[],Uncategorized Article
16874,[],Uncategorized Article
2013,[],Uncategorized Article
22784,[],Uncategorized Article
5677,[],Uncategorized Article
947,[],Uncategorized Article
20322,[],Uncategorized Article
2147,[],Uncategorized Article
8788,[],Uncategorized Article
7129,[],Uncategorized Article
20847,[],Uncategorized Article
26577,[],Uncategorized Article
9699,[],Uncategorized Article
21712,[],Uncategorized Article
10955,[],Uncategorized Article
6841,[],Uncategorized Article
17194,[],Uncategorized Article
26044,[],Uncategorized Article
16696,[],Uncategorized Article
2073,[],Uncategorized Article
9730,[],Uncategorized Article
23476,[],Uncategorized Article
26019,[],Uncategorized Article
7734,[],Uncategorized Article
885,[],Uncategorized Article
18174,[],Uncategorized Article
11334,[],Uncategorized Article
14621,[],Uncategorized Article
15332,[],Uncategorized Article
7329,[],Uncategorized Article
10200,[],Uncategorized Article
3895,[],Uncategorized Article
24301,[],Uncategorized Article
20693,[],Uncategorized Article
25942,[],Uncategorized Article
18966,[],Uncategorized Article
8249,[],Uncategorized Article
18932,[],Uncategorized Article
18029,[],Uncategorized Article
8012,[],Uncategorized Article
26356,[],Uncategorized Article
10591,[],Uncategorized Article
22948,[],Uncategorized Article
25283,[],Uncategorized Article
21278,[],Uncategorized Article
1468,[],Uncategorized Article
16854,[],Uncategorized Article
10550,[],Uncategorized Article
2722,[],Uncategorized Article
5419,[],Uncategorized Article
23955,[],Uncategorized Article
17548,[],Uncategorized Article
25796,[],Uncategorized Article
24905,[],Uncategorized Article
12673,[],Uncategorized Article
6041,[],Uncategorized Article
12061,[],Uncategorized Article
14588,[],Uncategorized Article
18635,[],Uncategorized Article
2161,[],Uncategorized Article
16925,[],Uncategorized Article
9247,[],Uncategorized Article
24079,[],Uncategorized Article
23311,[],Uncategorized Article
13892,[],Uncategorized Article
15733,[],Uncategorized Article
10116,[],Uncategorized Article
7265,[],Uncategorized Article
23452,[],Uncategorized Article
17459,[],Uncategorized Article
9307,[],Uncategorized Article
3936,[],Uncategorized Article
11725,[],Uncategorized Article
24941,[],Uncategorized Article
15043,[],Uncategorized Article
4207,[],Uncategorized Article
14033,[],Uncategorized Article
2149,[],Uncategorized Article
25669,[],Uncategorized Article
74,[],Uncategorized Article
21688,[],Uncategorized Article
4016,[],Uncategorized Article
26453,[],Uncategorized Article
13041,[],Uncategorized Article
14595,[],Uncategorized Article
3932,[],Uncategorized Article
14670,[],Uncategorized Article
20535,[],Uncategorized Article
20755,[],Uncategorized Article
15502,[],Uncategorized Article
2509,[],Uncategorized Article
7281,[],Uncategorized Article
9244,[],Uncategorized Article
22409,[],Uncategorized Article
4067,[],Uncategorized Article
13100,[],Uncategorized Article
3145,[],Uncategorized Article
23836,[],Uncategorized Article
17513,[],Uncategorized Article
8697,[],Uncategorized Article
5131,[],Uncategorized Article
16924,[],Uncategorized Article
7396,[],Uncategorized Article
20315,[],Uncategorized Article
11560,[],Uncategorized Article
17138,[],Uncategorized Article
19903,[],Uncategorized Article
22707,[],Uncategorized Article
23623,[],Uncategorized Article
2542,[],Uncategorized Article
6073,[],Uncategorized Article
20399,[],Uncategorized Article
237,[],Uncategorized Article
16484,[],Uncategorized Article
22972,[],Uncategorized Article
21611,[],Uncategorized Article
5192,[],Uncategorized Article
4766,[],Uncategorized Article
1620,[],Uncategorized Article
8793,[],Uncategorized Article
1308,[],Uncategorized Article
14374,[],Uncategorized Article
1582,[],Uncategorized Article
22628,[],Uncategorized Article
2431,[],Uncategorized Article
26330,[],Uncategorized Article
1044,[],Uncategorized Article
23818,[],Uncategorized Article
5009,[],Uncategorized Article
17871,[],Uncategorized Article
7633,[],Uncategorized Article
10931,[],Uncategorized Article
22111,[],Uncategorized Article
5795,[],Uncategorized Article
5491,[],Uncategorized Article
22681,[],Uncategorized Article
17002,[],Uncategorized Article
11797,[],Uncategorized Article
13951,[],Uncategorized Article
1600,[],Uncategorized Article
26827,[],Uncategorized Article
1849,[],Uncategorized Article
1752,[],Uncategorized Article
2040,[],Uncategorized Article
18467,[],Uncategorized Article
7965,[],Uncategorized Article
5231,[],Uncategorized Article
546,[],Uncategorized Article
6199,[],Uncategorized Article
23470,[],Uncategorized Article
5147,[],Uncategorized Article
25366,[],Uncategorized Article
10737,[],Uncategorized Article
18051,[],Uncategorized Article
12191,[],Uncategorized Article
10694,[],Uncategorized Article
21885,[],Uncategorized Article
7169,[],Uncategorized Article
16559,[],Uncategorized Article
18592,[],Uncategorized Article
25078,[],Uncategorized Article
23961,[],Uncategorized Article
25406,[],Uncategorized Article
14650,[],Uncategorized Article
15302,[],Uncategorized Article
15574,[],Uncategorized Article
10417,[],Uncategorized Article
21524,[],Uncategorized Article
20510,[],Uncategorized Article
9318,[],Uncategorized Article
25066,[],Uncategorized Article
18825,[],Uncategorized Article
17706,[],Uncategorized Article
17987,[],Uncategorized Article
14090,[],Uncategorized Article
4065,[],Uncategorized Article
24417,[],Uncategorized Article
1294,[],Uncategorized Article
15566,[],Uncategorized Article
2000,[],Uncategorized Article
2063,[],Uncategorized Article
25050,[],Uncategorized Article
1507,[],Uncategorized Article
6683,[],Uncategorized Article
17943,[],Uncategorized Article
5577,[],Uncategorized Article
19683,[],Uncategorized Article
8089,[],Uncategorized Article
5611,[],Uncategorized Article
19565,[],Uncategorized Article
20149,[],Uncategorized Article
5335,[],Uncategorized Article
9546,[],Uncategorized Article
4141,[],Uncategorized Article
7938,[],Uncategorized Article
21511,[],Uncategorized Article
13036,[],Uncategorized Article
6016,[],Uncategorized Article
12224,[],Uncategorized Article
17619,[],Uncategorized Article
22664,[],Uncategorized Article
25520,[],Uncategorized Article
12949,[],Uncategorized Article
2251,[],Uncategorized Article
3670,[],Uncategorized Article
19974,[],Uncategorized Article
25836,[],Uncategorized Article
20432,[],Uncategorized Article
13436,[],Uncategorized Article
24635,[],Uncategorized Article
17331,[],Uncategorized Article
11689,[],Uncategorized Article
26924,[],Uncategorized Article
19932,[],Uncategorized Article
14196,[],Uncategorized Article
24815,[],Uncategorized Article
26473,[],Uncategorized Article
16666,[],Uncategorized Article
12963,[],Uncategorized Article
25960,[],Uncategorized Article
11910,[],Uncategorized Article
6697,[],Uncategorized Article
23445,[],Uncategorized Article
6058,[],Uncategorized Article
18224,[],Uncategorized Article
17948,[],Uncategorized Article
4698,[],Uncategorized Article
10750,[],Uncategorized Article
3320,[],Uncategorized Article
15864,[],Uncategorized Article
10464,[],Uncategorized Article
12446,[],Uncategorized Article
4773,[],Uncategorized Article
6575,[],Uncategorized Article
22193,[],Uncategorized Article
4709,[],Uncategorized Article
17231,[],Uncategorized Article
20356,[],Uncategorized Article
17222,[],Uncategorized Article
13653,[],Uncategorized Article
8740,[],Uncategorized Article
22576,[],Uncategorized Article
5785,[],Uncategorized Article
15965,[],Uncategorized Article
16988,[],Uncategorized Article
13560,[],Uncategorized Article
10270,[],Uncategorized Article
23665,[],Uncategorized Article
7225,[],Uncategorized Article
2311,[],Uncategorized Article
20883,[],Uncategorized Article
18366,[],Uncategorized Article
12658,[],Uncategorized Article
8391,[],Uncategorized Article
23546,[],Uncategorized Article
8677,[],Uncategorized Article
15167,[],Uncategorized Article
12916,[],Uncategorized Article
2823,[],Uncategorized Article
4551,[],Uncategorized Article
5336,[],Uncategorized Article
11437,[],Uncategorized Article
14009,[],Uncategorized Article
11353,[],Uncategorized Article
3749,[],Uncategorized Article
10394,[],Uncategorized Article
25626,[],Uncategorized Article
16532,[],Uncategorized Article
22430,[],Uncategorized Article
9079,[],Uncategorized Article
524,[],Uncategorized Article
22637,[],Uncategorized Article
13732,[],Uncategorized Article
24102,[],Uncategorized Article
24798,[],Uncategorized Article
122,[],Uncategorized Article
15620,[],Uncategorized Article
9799,[],Uncategorized Article
25873,[],Uncategorized Article
2283,[],Uncategorized Article
2302,[],Uncategorized Article
11609,[],Uncategorized Article
23447,[],Uncategorized Article
14292,[],Uncategorized Article
5820,[],Uncategorized Article
14553,[],Uncategorized Article
22812,[],Uncategorized Article
16770,[],Uncategorized Article
15173,[],Uncategorized Article
48,[],Uncategorized Article
16885,[],Uncategorized Article
15011,[],Uncategorized Article
3185,[],Uncategorized Article
14345,[],Uncategorized Article
15774,[],Uncategorized Article
229,[],Uncategorized Article
20804,[],Uncategorized Article
2824,[],Uncategorized Article
8772,[],Uncategorized Article
969,[],Uncategorized Article
3007,[],Uncategorized Article
26391,[],Uncategorized Article
17458,[],Uncategorized Article
10942,[],Uncategorized Article
20941,[],Uncategorized Article
23635,[],Uncategorized Article
7210,[],Uncategorized Article
2944,[],Uncategorized Article
10910,[],Uncategorized Article
23379,[],Uncategorized Article
14016,[],Uncategorized Article
4433,[],Uncategorized Article
21057,[],Uncategorized Article
20835,[],Uncategorized Article
4161,[],Uncategorized Article
3117,[],Uncategorized Article
17509,[],Uncategorized Article
11232,[],Uncategorized Article
5322,[],Uncategorized Article
13753,[],Uncategorized Article
20863,[],Uncategorized Article
20218,[],Uncategorized Article
2419,[],Uncategorized Article
25296,[],Uncategorized Article
23230,[],Uncategorized Article
13303,[],Uncategorized Article
7170,[],Uncategorized Article
25309,[],Uncategorized Article
20631,[],Uncategorized Article
1017,[],Uncategorized Article
19812,[],Uncategorized Article
18312,[],Uncategorized Article
350,[],Uncategorized Article
14895,[],Uncategorized Article
20451,[],Uncategorized Article
223,[],Uncategorized Article
26126,[],Uncategorized Article
26078,[],Uncategorized Article
2500,[],Uncategorized Article
25726,[],Uncategorized Article
564,[],Uncategorized Article
25311,[],Uncategorized Article
10367,[],Uncategorized Article
22982,[],Uncategorized Article
3385,[],Uncategorized Article
3933,[],Uncategorized Article
7959,[],Uncategorized Article
19091,[],Uncategorized Article
26832,[],Uncategorized Article
14516,[],Uncategorized Article
26530,[],Uncategorized Article
3535,[],Uncategorized Article
18316,[],Uncategorized Article
23589,[],Uncategorized Article
26737,[],Uncategorized Article
23929,[],Uncategorized Article
17205,[],Uncategorized Article
24959,[],Uncategorized Article
13611,[],Uncategorized Article
26988,[],Uncategorized Article
15994,[],Uncategorized Article
26012,[],Uncategorized Article
10889,[],Uncategorized Article
12018,[],Uncategorized Article
7645,[],Uncategorized Article
14116,[],Uncategorized Article
14708,[],Uncategorized Article
9589,[],Uncategorized Article
22377,[],Uncategorized Article
2833,[],Uncategorized Article
23774,[],Uncategorized Article
25768,[],Uncategorized Article
9979,[],Uncategorized Article
25002,[],Uncategorized Article
14549,[],Uncategorized Article
4095,[],Uncategorized Article
19073,[],Uncategorized Article
17573,[],Uncategorized Article
3990,[],Uncategorized Article
8060,[],Uncategorized Article
10565,[],Uncategorized Article
23332,[],Uncategorized Article
16016,[],Uncategorized Article
21702,[],Uncategorized Article
22024,[],Uncategorized Article
23817,[],Uncategorized Article
14799,[],Uncategorized Article
2785,[],Uncategorized Article
21122,[],Uncategorized Article
10771,[],Uncategorized Article
10686,[],Uncategorized Article
3880,[],Uncategorized Article
21987,[],Uncategorized Article
23101,[],Uncategorized Article
22381,[],Uncategorized Article
20952,[],Uncategorized Article
18974,[],Uncategorized Article
11975,[],Uncategorized Article
7746,[],Uncategorized Article
21056,[],Uncategorized Article
3945,[],Uncategorized Article
2164,[],Uncategorized Article
2886,[],Uncategorized Article
10109,[],Uncategorized Article
4354,[],Uncategorized Article
5666,[],Uncategorized Article
172,[],Uncategorized Article
639,[],Uncategorized Article
19603,[],Uncategorized Article
5065,[],Uncategorized Article
1548,[],Uncategorized Article
7435,[],Uncategorized Article
10932,[],Uncategorized Article
10024,[],Uncategorized Article
1036,[],Uncategorized Article
22605,[],Uncategorized Article
14419,[],Uncategorized Article
18827,[],Uncategorized Article
8418,[],Uncategorized Article
18870,[],Uncategorized Article
9582,[],Uncategorized Article
21150,[],Uncategorized Article
10713,[],Uncategorized Article
21327,[],Uncategorized Article
22961,[],Uncategorized Article
8257,[],Uncategorized Article
12467,[],Uncategorized Article
22633,[],Uncategorized Article
22305,[],Uncategorized Article
18408,[],Uncategorized Article
18256,[],Uncategorized Article
354,[],Uncategorized Article
26819,[],Uncategorized Article
5904,[],Uncategorized Article
12954,[],Uncategorized Article
1164,[],Uncategorized Article
24351,[],Uncategorized Article
3395,[],Uncategorized Article
14796,[],Uncategorized Article
21089,[],Uncategorized Article
12760,[],Uncategorized Article
3127,[],Uncategorized Article
9694,[],Uncategorized Article
15138,[],Uncategorized Article
8501,[],Uncategorized Article
21748,[],Uncategorized Article
22506,[],Uncategorized Article
22036,[],Uncategorized Article
16535,[],Uncategorized Article
3587,[],Uncategorized Article
3557,[],Uncategorized Article
22647,[],Uncategorized Article
10962,[],Uncategorized Article
13004,[],Uncategorized Article
16708,[],Uncategorized Article
16005,[],Uncategorized Article
5171,[],Uncategorized Article
6743,[],Uncategorized Article
7398,[],Uncategorized Article
11267,[],Uncategorized Article
24568,[],Uncategorized Article
9484,[],Uncategorized Article
13830,[],Uncategorized Article
18763,[],Uncategorized Article
16892,[],Uncategorized Article
13890,[],Uncategorized Article
20861,[],Uncategorized Article
20558,[],Uncategorized Article
8177,[],Uncategorized Article
11620,[],Uncategorized Article
7857,[],Uncategorized Article
17485,[],Uncategorized Article
22541,[],Uncategorized Article
2603,[],Uncategorized Article
8609,[],Uncategorized Article
8061,[],Uncategorized Article
3250,[],Uncategorized Article
12601,[],Uncategorized Article
15857,[],Uncategorized Article
709,[],Uncategorized Article
118,[],Uncategorized Article
10214,[],Uncategorized Article
4598,[],Uncategorized Article
2042,[],Uncategorized Article
7419,[],Uncategorized Article
6130,[],Uncategorized Article
17886,[],Uncategorized Article
317,[],Uncategorized Article
10566,[],Uncategorized Article
5315,[],Uncategorized Article
22919,[],Uncategorized Article
14457,[],Uncategorized Article
13419,[],Uncategorized Article
12873,[],Uncategorized Article
14993,[],Uncategorized Article
6523,[],Uncategorized Article
5739,[],Uncategorized Article
24797,[],Uncategorized Article
14953,[],Uncategorized Article
5470,[],Uncategorized Article
14336,[],Uncategorized Article
16471,[],Uncategorized Article
4163,[],Uncategorized Article
13180,[],Uncategorized Article
403,[],Uncategorized Article
4911,[],Uncategorized Article
11422,[],Uncategorized Article
9365,[],Uncategorized Article
22712,[],Uncategorized Article
6378,[],Uncategorized Article
18625,[],Uncategorized Article
14744,[],Uncategorized Article
3539,[],Uncategorized Article
6310,[],Uncategorized Article
9219,[],Uncategorized Article
5517,[],Uncategorized Article
18820,[],Uncategorized Article
2594,[],Uncategorized Article
25649,[],Uncategorized Article
19926,[],Uncategorized Article
21565,[],Uncategorized Article
25118,[],Uncategorized Article
6654,[],Uncategorized Article
14266,[],Uncategorized Article
15867,[],Uncategorized Article
17809,[],Uncategorized Article
26816,[],Uncategorized Article
21194,[],Uncategorized Article
1502,[],Uncategorized Article
25767,[],Uncategorized Article
678,[],Uncategorized Article
23359,[],Uncategorized Article
5851,[],Uncategorized Article
7194,[],Uncategorized Article
16301,[],Uncategorized Article
10095,[],Uncategorized Article
2939,[],Uncategorized Article
12390,[],Uncategorized Article
1850,[],Uncategorized Article
1070,[],Uncategorized Article
17929,[],Uncategorized Article
6784,[],Uncategorized Article
14444,[],Uncategorized Article
10672,[],Uncategorized Article
24661,[],Uncategorized Article
3392,[],Uncategorized Article
17483,[],Uncategorized Article
23827,[],Uncategorized Article
16802,[],Uncategorized Article
21487,[],Uncategorized Article
20794,[],Uncategorized Article
10139,[],Uncategorized Article
14606,[],Uncategorized Article
8400,[],Uncategorized Article
20002,[],Uncategorized Article
4893,[],Uncategorized Article
8720,[],Uncategorized Article
22487,[],Uncategorized Article
17106,[],Uncategorized Article
18244,[],Uncategorized Article
24912,[],Uncategorized Article
26412,[],Uncategorized Article
8498,[],Uncategorized Article
18627,[],Uncategorized Article
18376,[],Uncategorized Article
19159,[],Uncategorized Article
23909,[],Uncategorized Article
16587,[],Uncategorized Article
20771,[],Uncategorized Article
6117,[],Uncategorized Article
12716,[],Uncategorized Article
6567,[],Uncategorized Article
5670,[],Uncategorized Article
24000,[],Uncategorized Article
8949,[],Uncategorized Article
13330,[],Uncategorized Article
574,[],Uncategorized Article
24146,[],Uncategorized Article
23519,[],Uncategorized Article
24194,[],Uncategorized Article
15123,[],Uncategorized Article
16698,[],Uncategorized Article
24115,[],Uncategorized Article
26970,[],Uncategorized Article
8695,[],Uncategorized Article
10514,[],Uncategorized Article
22316,[],Uncategorized Article
17232,[],Uncategorized Article
2248,[],Uncategorized Article
15958,[],Uncategorized Article
5616,[],Uncategorized Article
25604,[],Uncategorized Article
13509,[],Uncategorized Article
24788,[],Uncategorized Article
14390,[],Uncategorized Article
997,[],Uncategorized Article
12926,[],Uncategorized Article
11586,[],Uncategorized Article
16935,[],Uncategorized Article
24258,[],Uncategorized Article
17794,[],Uncategorized Article
14572,[],Uncategorized Article
8032,[],Uncategorized Article
1407,[],Uncategorized Article
24803,[],Uncategorized Article
23853,[],Uncategorized Article
14021,[],Uncategorized Article
14254,[],Uncategorized Article
13841,[],Uncategorized Article
22051,[],Uncategorized Article
11780,[],Uncategorized Article
24633,[],Uncategorized Article
693,[],Uncategorized Article
10725,[],Uncategorized Article
3443,[],Uncategorized Article
9174,[],Uncategorized Article
4175,[],Uncategorized Article
13844,[],Uncategorized Article
10458,[],Uncategorized Article
25139,[],Uncategorized Article
13382,[],Uncategorized Article
16645,[],Uncategorized Article
11529,[],Uncategorized Article
26508,[],Uncategorized Article
5497,[],Uncategorized Article
3875,[],Uncategorized Article
3626,[],Uncategorized Article
21151,[],Uncategorized Article
16829,[],Uncategorized Article
6752,[],Uncategorized Article
5111,[],Uncategorized Article
14157,[],Uncategorized Article
16012,[],Uncategorized Article
3555,[],Uncategorized Article
10386,[],Uncategorized Article
22044,[],Uncategorized Article
11059,[],Uncategorized Article
2526,[],Uncategorized Article
15032,[],Uncategorized Article
22699,[],Uncategorized Article
23816,[],Uncategorized Article
1168,[],Uncategorized Article
16136,[],Uncategorized Article
7892,[],Uncategorized Article
3149,[],Uncategorized Article
12006,[],Uncategorized Article
17264,[],Uncategorized Article
19122,[],Uncategorized Article
13439,[],Uncategorized Article
1467,[],Uncategorized Article
8154,[],Uncategorized Article
23115,[],Uncategorized Article
13833,[],Uncategorized Article
12153,[],Uncategorized Article
16836,[],Uncategorized Article
24957,[],Uncategorized Article
4137,[],Uncategorized Article
19423,[],Uncategorized Article
23457,[],Uncategorized Article
4150,[],Uncategorized Article
6468,[],Uncategorized Article
14017,[],Uncategorized Article
16963,[],Uncategorized Article
6571,[],Uncategorized Article
15366,[],Uncategorized Article
23186,[],Uncategorized Article
21922,[],Uncategorized Article
15155,[],Uncategorized Article
13779,[],Uncategorized Article
867,[],Uncategorized Article
26215,[],Uncategorized Article
23117,[],Uncategorized Article
402,[],Uncategorized Article
4428,[],Uncategorized Article
3057,[],Uncategorized Article
24709,[],Uncategorized Article
7060,[],Uncategorized Article
16548,[],Uncategorized Article
14863,[],Uncategorized Article
10390,[],Uncategorized Article
11347,[],Uncategorized Article
12212,[],Uncategorized Article
3317,[],Uncategorized Article
12118,[],Uncategorized Article
7865,[],Uncategorized Article
12126,[],Uncategorized Article
6851,[],Uncategorized Article
18231,[],Uncategorized Article
17718,[],Uncategorized Article
22428,[],Uncategorized Article
25177,[],Uncategorized Article
6997,[],Uncategorized Article
25925,[],Uncategorized Article
706,[],Uncategorized Article
3491,[],Uncategorized Article
15339,[],Uncategorized Article
4573,[],Uncategorized Article
13247,[],Uncategorized Article
15823,[],Uncategorized Article
22405,[],Uncategorized Article
7054,[],Uncategorized Article
5580,[],Uncategorized Article
3151,[],Uncategorized Article
6617,[],Uncategorized Article
11991,[],Uncategorized Article
4022,[],Uncategorized Article
20788,[],Uncategorized Article
2607,[],Uncategorized Article
11630,[],Uncategorized Article
9118,[],Uncategorized Article
9182,[],Uncategorized Article
2429,[],Uncategorized Article
16630,[],Uncategorized Article
3815,[],Uncategorized Article
20198,[],Uncategorized Article
24192,[],Uncategorized Article
18646,[],Uncategorized Article
835,[],Uncategorized Article
13256,[],Uncategorized Article
22092,[],Uncategorized Article
8624,[],Uncategorized Article
1173,[],Uncategorized Article
20301,[],Uncategorized Article
8102,[],Uncategorized Article
16117,[],Uncategorized Article
8098,[],Uncategorized Article
4951,[],Uncategorized Article
15194,[],Uncategorized Article
16634,[],Uncategorized Article
19644,[],Uncategorized Article
26714,[],Uncategorized Article
19177,[],Uncategorized Article
19857,[],Uncategorized Article
7795,[],Uncategorized Article
24972,[],Uncategorized Article
3407,[],Uncategorized Article
22666,[],Uncategorized Article
15784,[],Uncategorized Article
8963,[],Uncategorized Article
1997,[],Uncategorized Article
21751,[],Uncategorized Article
22599,[],Uncategorized Article
5629,[],Uncategorized Article
4002,[],Uncategorized Article
26697,[],Uncategorized Article
4753,[],Uncategorized Article
25671,[],Uncategorized Article
16956,[],Uncategorized Article
3681,[],Uncategorized Article
19403,[],Uncategorized Article
7448,[],Uncategorized Article
19866,[],Uncategorized Article
13135,[],Uncategorized Article
3985,[],Uncategorized Article
21586,[],Uncategorized Article
9205,[],Uncategorized Article
20681,[],Uncategorized Article
18953,[],Uncategorized Article
4277,[],Uncategorized Article
3666,[],Uncategorized Article
8412,[],Uncategorized Article
18830,[],Uncategorized Article
19681,[],Uncategorized Article
6520,[],Uncategorized Article
24794,[],Uncategorized Article
19556,[],Uncategorized Article
17607,[],Uncategorized Article
15464,[],Uncategorized Article
11831,[],Uncategorized Article
16928,[],Uncategorized Article
1204,[],Uncategorized Article
2883,[],Uncategorized Article
8613,[],Uncategorized Article
9257,[],Uncategorized Article
7242,[],Uncategorized Article
2637,[],Uncategorized Article
25280,[],Uncategorized Article
24668,[],Uncategorized Article
19049,[],Uncategorized Article
18252,[],Uncategorized Article
25194,[],Uncategorized Article
877,[],Uncategorized Article
26660,[],Uncategorized Article
4379,[],Uncategorized Article
11957,[],Uncategorized Article
22888,[],Uncategorized Article
3908,[],Uncategorized Article
10763,[],Uncategorized Article
7688,[],Uncategorized Article
25123,[],Uncategorized Article
8075,[],Uncategorized Article
14635,[],Uncategorized Article
13161,[],Uncategorized Article
6479,[],Uncategorized Article
4711,[],Uncategorized Article
19676,[],Uncategorized Article
12476,[],Uncategorized Article
989,[],Uncategorized Article
2682,[],Uncategorized Article
18892,[],Uncategorized Article
9702,[],Uncategorized Article
17392,[],Uncategorized Article
21740,[],Uncategorized Article
11196,[],Uncategorized Article
7787,[],Uncategorized Article
18260,[],Uncategorized Article
16099,[],Uncategorized Article
3823,[],Uncategorized Article
8446,[],Uncategorized Article
24631,[],Uncategorized Article
5159,[],Uncategorized Article
24571,[],Uncategorized Article
17143,[],Uncategorized Article
654,[],Uncategorized Article
5812,[],Uncategorized Article
2892,[],Uncategorized Article
16179,[],Uncategorized Article
25238,[],Uncategorized Article
5636,[],Uncategorized Article
9612,[],Uncategorized Article
3044,[],Uncategorized Article
24627,[],Uncategorized Article
8445,[],Uncategorized Article
21745,[],Uncategorized Article
6159,[],Uncategorized Article
13515,[],Uncategorized Article
19543,[],Uncategorized Article
12569,[],Uncategorized Article
6022,[],Uncategorized Article
5092,[],Uncategorized Article
13569,[],Uncategorized Article
11211,[],Uncategorized Article
11221,[],Uncategorized Article
20092,[],Uncategorized Article
24592,[],Uncategorized Article
25624,[],Uncategorized Article
17515,[],Uncategorized Article
3659,[],Uncategorized Article
3326,[],Uncategorized Article
9465,[],Uncategorized Article
15033,[],Uncategorized Article
2663,[],Uncategorized Article
22997,[],Uncategorized Article
11673,[],Uncategorized Article
26507,[],Uncategorized Article
1927,[],Uncategorized Article
21593,[],Uncategorized Article
14132,[],Uncategorized Article
25305,[],Uncategorized Article
2880,[],Uncategorized Article
13562,[],Uncategorized Article
9494,[],Uncategorized Article
20701,[],Uncategorized Article
22806,[],Uncategorized Article
24024,[],Uncategorized Article
16195,[],Uncategorized Article
4620,[],Uncategorized Article
942,[],Uncategorized Article
25640,[],Uncategorized Article
19619,[],Uncategorized Article
24712,[],Uncategorized Article
19641,[],Uncategorized Article
16577,[],Uncategorized Article
16522,[],Uncategorized Article
8368,[],Uncategorized Article
8627,[],Uncategorized Article
16692,[],Uncategorized Article
17949,[],Uncategorized Article
12156,[],Uncategorized Article
6727,[],Uncategorized Article
18519,[],Uncategorized Article
20747,[],Uncategorized Article
25338,[],Uncategorized Article
18660,[],Uncategorized Article
12817,[],Uncategorized Article
20874,[],Uncategorized Article
25465,[],Uncategorized Article
2623,[],Uncategorized Article
8534,[],Uncategorized Article
18301,[],Uncategorized Article
16615,[],Uncategorized Article
8371,[],Uncategorized Article
19770,[],Uncategorized Article
737,[],Uncategorized Article
26479,[],Uncategorized Article
25167,[],Uncategorized Article
25919,[],Uncategorized Article
14057,[],Uncategorized Article
14879,[],Uncategorized Article
14249,[],Uncategorized Article
21462,[],Uncategorized Article
20663,[],Uncategorized Article
20321,[],Uncategorized Article
9513,[],Uncategorized Article
10187,[],Uncategorized Article
6495,[],Uncategorized Article
755,[],Uncategorized Article
26173,[],Uncategorized Article
20194,[],Uncategorized Article
15802,[],Uncategorized Article
23532,[],Uncategorized Article
22356,[],Uncategorized Article
6200,[],Uncategorized Article
16453,[],Uncategorized Article
8084,[],Uncategorized Article
15047,[],Uncategorized Article
20000,[],Uncategorized Article
5682,[],Uncategorized Article
25892,[],Uncategorized Article
15653,[],Uncategorized Article
26945,[],Uncategorized Article
18064,[],Uncategorized Article
7557,[],Uncategorized Article
8569,[],Uncategorized Article
9661,[],Uncategorized Article
15734,[],Uncategorized Article
5961,[],Uncategorized Article
18987,[],Uncategorized Article
24717,[],Uncategorized Article
7868,[],Uncategorized Article
1269,[],Uncategorized Article
13733,[],Uncategorized Article
12697,[],Uncategorized Article
22091,[],Uncategorized Article
6998,[],Uncategorized Article
11283,[],Uncategorized Article
8669,[],Uncategorized Article
26076,[],Uncategorized Article
18667,[],Uncategorized Article
9045,[],Uncategorized Article
23382,[],Uncategorized Article
26587,[],Uncategorized Article
26693,[],Uncategorized Article
5127,[],Uncategorized Article
9327,[],Uncategorized Article
1545,[],Uncategorized Article
739,[],Uncategorized Article
11572,[],Uncategorized Article
10875,[],Uncategorized Article
1674,[],Uncategorized Article
16121,[],Uncategorized Article
2567,[],Uncategorized Article
6984,[],Uncategorized Article
6795,[],Uncategorized Article
4732,[],Uncategorized Article
773,[],Uncategorized Article
17249,[],Uncategorized Article
8521,[],Uncategorized Article
24076,[],Uncategorized Article
17025,[],Uncategorized Article
18,[],Uncategorized Article
2244,[],Uncategorized Article
3203,[],Uncategorized Article
7288,[],Uncategorized Article
5204,[],Uncategorized Article
13708,[],Uncategorized Article
6923,[],Uncategorized Article
22775,[],Uncategorized Article
11998,[],Uncategorized Article
11197,[],Uncategorized Article
13968,[],Uncategorized Article
23282,[],Uncategorized Article
12921,[],Uncategorized Article
6665,[],Uncategorized Article
3240,[],Uncategorized Article
16929,[],Uncategorized Article
3309,[],Uncategorized Article
10358,[],Uncategorized Article
363,[],Uncategorized Article
11017,[],Uncategorized Article
11789,[],Uncategorized Article
4726,[],Uncategorized Article
8738,[],Uncategorized Article
19324,[],Uncategorized Article
16855,[],Uncategorized Article
1641,[],Uncategorized Article
25347,[],Uncategorized Article
1172,[],Uncategorized Article
4500,[],Uncategorized Article
13465,[],Uncategorized Article
25070,[],Uncategorized Article
23627,[],Uncategorized Article
3364,[],Uncategorized Article
20105,[],Uncategorized Article
12665,[],Uncategorized Article
1410,[],Uncategorized Article
12479,[],Uncategorized Article
21614,[],Uncategorized Article
6666,[],Uncategorized Article
11332,[],Uncategorized Article
17199,[],Uncategorized Article
14900,[],Uncategorized Article
2131,[],Uncategorized Article
1797,[],Uncategorized Article
15378,[],Uncategorized Article
7727,[],Uncategorized Article
4575,[],Uncategorized Article
5190,[],Uncategorized Article
8167,[],Uncategorized Article
19506,[],Uncategorized Article
15732,[],Uncategorized Article
12410,[],Uncategorized Article
523,[],Uncategorized Article
3089,[],Uncategorized Article
22949,[],Uncategorized Article
11619,[],Uncategorized Article
1996,[],Uncategorized Article
17916,[],Uncategorized Article
11819,[],Uncategorized Article
19105,[],Uncategorized Article
11602,[],Uncategorized Article
2831,[],Uncategorized Article
8269,[],Uncategorized Article
7489,[],Uncategorized Article
21821,[],Uncategorized Article
22127,[],Uncategorized Article
23647,[],Uncategorized Article
1299,[],Uncategorized Article
6273,[],Uncategorized Article
5499,[],Uncategorized Article
6447,[],Uncategorized Article
15613,[],Uncategorized Article
15126,[],Uncategorized Article
22866,[],Uncategorized Article
17864,[],Uncategorized Article
17985,[],Uncategorized Article
10151,[],Uncategorized Article
7067,[],Uncategorized Article
23859,[],Uncategorized Article
21227,[],Uncategorized Article
15116,[],Uncategorized Article
8747,[],Uncategorized Article
5680,[],Uncategorized Article
11549,[],Uncategorized Article
16781,[],Uncategorized Article
1537,[],Uncategorized Article
18890,[],Uncategorized Article
26896,[],Uncategorized Article
21926,[],Uncategorized Article
5555,[],Uncategorized Article
3010,[],Uncategorized Article
17107,[],Uncategorized Article
16684,[],Uncategorized Article
24786,[],Uncategorized Article
7328,[],Uncategorized Article
12486,[],Uncategorized Article
4185,[],Uncategorized Article
25636,[],Uncategorized Article
15146,[],Uncategorized Article
9549,[],Uncategorized Article
11496,[],Uncategorized Article
13647,[],Uncategorized Article
25627,[],Uncategorized Article
23405,[],Uncategorized Article
25725,[],Uncategorized Article
13147,[],Uncategorized Article
4582,[],Uncategorized Article
25744,[],Uncategorized Article
7367,[],Uncategorized Article
10681,[],Uncategorized Article
143,[],Uncategorized Article
26726,[],Uncategorized Article
20614,[],Uncategorized Article
25215,[],Uncategorized Article
9344,[],Uncategorized Article
14141,[],Uncategorized Article
1212,[],Uncategorized Article
19939,[],Uncategorized Article
24509,[],Uncategorized Article
9261,[],Uncategorized Article
14086,[],Uncategorized Article
26303,[],Uncategorized Article
23113,[],Uncategorized Article
5994,[],Uncategorized Article
4272,[],Uncategorized Article
14923,[],Uncategorized Article
20133,[],Uncategorized Article
786,[],Uncategorized Article
11049,[],Uncategorized Article
14785,[],Uncategorized Article
18100,[],Uncategorized Article
20850,[],Uncategorized Article
15792,[],Uncategorized Article
12379,[],Uncategorized Article
7853,[],Uncategorized Article
25420,[],Uncategorized Article
22402,[],Uncategorized Article
13016,[],Uncategorized Article
14873,[],Uncategorized Article
14259,[],Uncategorized Article
19289,[],Uncategorized Article
4626,[],Uncategorized Article
17380,[],Uncategorized Article
20111,[],Uncategorized Article
23692,[],Uncategorized Article
154,[],Uncategorized Article
11468,[],Uncategorized Article
21094,[],Uncategorized Article
8055,[],Uncategorized Article
23689,[],Uncategorized Article
8926,[],Uncategorized Article
156,[],Uncategorized Article
21935,[],Uncategorized Article
3085,[],Uncategorized Article
22558,[],Uncategorized Article
1552,[],Uncategorized Article
13393,[],Uncategorized Article
556,[],Uncategorized Article
2148,[],Uncategorized Article
11987,[],Uncategorized Article
495,[],Uncategorized Article
23267,[],Uncategorized Article
2321,[],Uncategorized Article
17296,[],Uncategorized Article
151,[],Uncategorized Article
26172,[],Uncategorized Article
23208,[],Uncategorized Article
22603,[],Uncategorized Article
1364,[],Uncategorized Article
18122,[],Uncategorized Article
19385,[],Uncategorized Article
18799,[],Uncategorized Article
15696,[],Uncategorized Article
19267,[],Uncategorized Article
3720,[],Uncategorized Article
7127,[],Uncategorized Article
9533,[],Uncategorized Article
17272,[],Uncategorized Article
5471,[],Uncategorized Article
19585,[],Uncategorized Article
21753,[],Uncategorized Article
4823,[],Uncategorized Article
15479,[],Uncategorized Article
12653,[],Uncategorized Article
16727,[],Uncategorized Article
4136,[],Uncategorized Article
22960,[],Uncategorized Article
19572,[],Uncategorized Article
18607,[],Uncategorized Article
12388,[],Uncategorized Article
2121,[],Uncategorized Article
6858,[],Uncategorized Article
992,[],Uncategorized Article
13273,[],Uncategorized Article
15871,[],Uncategorized Article
16149,[],Uncategorized Article
20845,[],Uncategorized Article
15630,[],Uncategorized Article
7366,[],Uncategorized Article
17849,[],Uncategorized Article
25260,[],Uncategorized Article
3565,[],Uncategorized Article
5840,[],Uncategorized Article
16667,[],Uncategorized Article
26023,[],Uncategorized Article
12861,[],Uncategorized Article
18984,[],Uncategorized Article
8911,[],Uncategorized Article
4151,[],Uncategorized Article
16075,[],Uncategorized Article
14271,[],Uncategorized Article
14130,[],Uncategorized Article
26553,[],Uncategorized Article
13502,[],Uncategorized Article
10313,[],Uncategorized Article
26766,[],Uncategorized Article
20388,[],Uncategorized Article
13204,[],Uncategorized Article
4321,[],Uncategorized Article
3161,[],Uncategorized Article
2630,[],Uncategorized Article
24808,[],Uncategorized Article
3174,[],Uncategorized Article
2565,[],Uncategorized Article
24135,[],Uncategorized Article
17587,[],Uncategorized Article
25989,[],Uncategorized Article
24764,[],Uncategorized Article
17000,[],Uncategorized Article
3114,[],Uncategorized Article
10833,[],Uncategorized Article
24449,[],Uncategorized Article
19112,[],Uncategorized Article
13920,[],Uncategorized Article
20268,[],Uncategorized Article
2460,[],Uncategorized Article
14914,[],Uncategorized Article
11810,[],Uncategorized Article
24549,[],Uncategorized Article
8092,[],Uncategorized Article
17741,[],Uncategorized Article
7798,[],Uncategorized Article
8997,[],Uncategorized Article
12886,[],Uncategorized Article
23779,[],Uncategorized Article
7776,[],Uncategorized Article
14201,[],Uncategorized Article
17974,[],Uncategorized Article
15489,[],Uncategorized Article
26614,[],Uncategorized Article
3140,[],Uncategorized Article
12472,[],Uncategorized Article
5338,[],Uncategorized Article
20453,[],Uncategorized Article
16931,[],Uncategorized Article
7118,[],Uncategorized Article
6937,[],Uncategorized Article
16410,[],Uncategorized Article
17451,[],Uncategorized Article
3918,[],Uncategorized Article
5529,[],Uncategorized Article
5398,[],Uncategorized Article
11360,[],Uncategorized Article
14380,[],Uncategorized Article
17285,[],Uncategorized Article
21650,[],Uncategorized Article
10740,[],Uncategorized Article
16821,[],Uncategorized Article
8320,[],Uncategorized Article
15699,[],Uncategorized Article
11112,[],Uncategorized Article
5269,[],Uncategorized Article
1861,[],Uncategorized Article
10891,[],Uncategorized Article
26825,[],Uncategorized Article
17488,[],Uncategorized Article
9225,[],Uncategorized Article
1,[],Uncategorized Article
2706,[],Uncategorized Article
13327,[],Uncategorized Article
10691,[],Uncategorized Article
9196,[],Uncategorized Article
6957,[],Uncategorized Article
2155,[],Uncategorized Article
21102,[],Uncategorized Article
4011,[],Uncategorized Article
25581,[],Uncategorized Article
534,[],Uncategorized Article
11962,[],Uncategorized Article
5823,[],Uncategorized Article
16969,[],Uncategorized Article
11875,[],Uncategorized Article
12352,[],Uncategorized Article
15323,[],Uncategorized Article
22771,[],Uncategorized Article
20838,[],Uncategorized Article
22256,[],Uncategorized Article
8683,[],Uncategorized Article
9743,[],Uncategorized Article
14260,[],Uncategorized Article
15124,[],Uncategorized Article
9088,[],Uncategorized Article
16562,[],Uncategorized Article
6464,[],Uncategorized Article
23972,[],Uncategorized Article
18300,[],Uncategorized Article
8107,[],Uncategorized Article
14904,[],Uncategorized Article
1910,[],Uncategorized Article
23937,[],Uncategorized Article
20770,[],Uncategorized Article
17517,[],Uncategorized Article
24591,[],Uncategorized Article
25697,[],Uncategorized Article
1317,[],Uncategorized Article
4368,[],Uncategorized Article
8313,[],Uncategorized Article
20523,[],Uncategorized Article
13854,[],Uncategorized Article
6080,[],Uncategorized Article
20885,[],Uncategorized Article
2601,[],Uncategorized Article
6568,[],Uncategorized Article
18557,[],Uncategorized Article
25938,[],Uncategorized Article
12746,[],Uncategorized Article
19989,[],Uncategorized Article
13276,[],Uncategorized Article
7995,[],Uncategorized Article
9142,[],Uncategorized Article
3768,[],Uncategorized Article
5077,[],Uncategorized Article
25673,[],Uncategorized Article
9599,[],Uncategorized Article
4631,[],Uncategorized Article
20649,[],Uncategorized Article
240,[],Uncategorized Article
16053,[],Uncategorized Article
15424,[],Uncategorized Article
24834,[],Uncategorized Article
20715,[],Uncategorized Article
21763,[],Uncategorized Article
11461,[],Uncategorized Article
7465,[],Uncategorized Article
1867,[],Uncategorized Article
20708,[],Uncategorized Article
18952,[],Uncategorized Article
2521,[],Uncategorized Article
21947,[],Uncategorized Article
1820,[],Uncategorized Article
2410,[],Uncategorized Article
8243,[],Uncategorized Article
6637,[],Uncategorized Article
16576,[],Uncategorized Article
4565,[],Uncategorized Article
14917,[],Uncategorized Article
13929,[],Uncategorized Article
24539,[],Uncategorized Article
6391,[],Uncategorized Article
2118,[],Uncategorized Article
10050,[],Uncategorized Article
3779,[],Uncategorized Article
25147,[],Uncategorized Article
4961,[],Uncategorized Article
2809,[],Uncategorized Article
498,[],Uncategorized Article
11445,[],Uncategorized Article
918,[],Uncategorized Article
13390,[],Uncategorized Article
13264,[],Uncategorized Article
4284,[],Uncategorized Article
22314,[],Uncategorized Article
228,[],Uncategorized Article
24006,[],Uncategorized Article
21855,[],Uncategorized Article
2741,[],Uncategorized Article
13329,[],Uncategorized Article
11703,[],Uncategorized Article
14348,[],Uncategorized Article
9271,[],Uncategorized Article
23577,[],Uncategorized Article
11113,[],Uncategorized Article
6001,[],Uncategorized Article
4897,[],Uncategorized Article
5583,[],Uncategorized Article
18749,[],Uncategorized Article
7867,[],Uncategorized Article
20601,[],Uncategorized Article
1128,[],Uncategorized Article
21752,[],Uncategorized Article
10400,[],Uncategorized Article
1567,[],Uncategorized Article
10298,[],Uncategorized Article
1706,[],Uncategorized Article
3153,[],Uncategorized Article
10364,[],Uncategorized Article
11523,[],Uncategorized Article
7299,[],Uncategorized Article
22832,[],Uncategorized Article
26472,[],Uncategorized Article
6240,[],Uncategorized Article
9824,[],Uncategorized Article
2925,[],Uncategorized Article
10490,[],Uncategorized Article
26666,[],Uncategorized Article
12444,[],Uncategorized Article
2721,[],Uncategorized Article
7509,[],Uncategorized Article
23644,[],Uncategorized Article
21416,[],Uncategorized Article
26157,[],Uncategorized Article
13799,[],Uncategorized Article
15154,[],Uncategorized Article
22337,[],Uncategorized Article
14783,[],Uncategorized Article
16344,[],Uncategorized Article
10832,[],Uncategorized Article
15749,[],Uncategorized Article
9053,[],Uncategorized Article
1505,[],Uncategorized Article
6054,[],Uncategorized Article
22219,[],Uncategorized Article
4225,[],Uncategorized Article
18934,[],Uncategorized Article
25489,[],Uncategorized Article
25256,[],Uncategorized Article
6768,[],Uncategorized Article
3199,[],Uncategorized Article
25460,[],Uncategorized Article
6449,[],Uncategorized Article
7951,[],Uncategorized Article
14626,[],Uncategorized Article
26630,[],Uncategorized Article
15804,[],Uncategorized Article
19028,[],Uncategorized Article
4435,[],Uncategorized Article
11357,[],Uncategorized Article
20974,[],Uncategorized Article
13668,[],Uncategorized Article
14645,[],Uncategorized Article
15706,[],Uncategorized Article
18445,[],Uncategorized Article
3775,[],Uncategorized Article
16374,[],Uncategorized Article
5596,[],Uncategorized Article
25645,[],Uncategorized Article
9297,[],Uncategorized Article
25580,[],Uncategorized Article
4174,[],Uncategorized Article
21760,[],Uncategorized Article
8737,[],Uncategorized Article
9216,[],Uncategorized Article
26638,[],Uncategorized Article
15581,[],Uncategorized Article
10143,[],Uncategorized Article
25623,[],Uncategorized Article
8543,[],Uncategorized Article
983,[],Uncategorized Article
8033,[],Uncategorized Article
5480,[],Uncategorized Article
14894,[],Uncategorized Article
20046,[],Uncategorized Article
10486,[],Uncategorized Article
4657,[],Uncategorized Article
6414,[],Uncategorized Article
15386,[],Uncategorized Article
3150,[],Uncategorized Article
21414,[],Uncategorized Article
20843,[],Uncategorized Article
15861,[],Uncategorized Article
9265,[],Uncategorized Article
5969,[],Uncategorized Article
14998,[],Uncategorized Article
11891,[],Uncategorized Article
19323,[],Uncategorized Article
15454,[],Uncategorized Article
17724,[],Uncategorized Article
26287,[],Uncategorized Article
1391,[],Uncategorized Article
22867,[],Uncategorized Article
7437,[],Uncategorized Article
21238,[],Uncategorized Article
8802,[],Uncategorized Article
23068,[],Uncategorized Article
371,[],Uncategorized Article
6146,[],Uncategorized Article
21716,[],Uncategorized Article
9775,[],Uncategorized Article
17796,[],Uncategorized Article
25856,[],Uncategorized Article
18640,[],Uncategorized Article
23261,[],Uncategorized Article
2212,[],Uncategorized Article
5603,[],Uncategorized Article
8881,[],Uncategorized Article
5417,[],Uncategorized Article
4938,[],Uncategorized Article
13434,[],Uncategorized Article
20008,[],Uncategorized Article
3158,[],Uncategorized Article
9158,[],Uncategorized Article
463,[],Uncategorized Article
18138,[],Uncategorized Article
21203,[],Uncategorized Article
615,[],Uncategorized Article
6380,[],Uncategorized Article
20213,[],Uncategorized Article
16762,[],Uncategorized Article
11298,[],Uncategorized Article
12995,[],Uncategorized Article
8181,[],Uncategorized Article
17719,[],Uncategorized Article
13511,[],Uncategorized Article
16574,[],Uncategorized Article
2716,[],Uncategorized Article
21655,[],Uncategorized Article
22082,[],Uncategorized Article
24759,[],Uncategorized Article
20181,[],Uncategorized Article
21762,[],Uncategorized Article
10003,[],Uncategorized Article
13639,[],Uncategorized Article
25810,[],Uncategorized Article
7389,[],Uncategorized Article
18278,[],Uncategorized Article
14356,[],Uncategorized Article
24279,[],Uncategorized Article
7769,[],Uncategorized Article
6221,[],Uncategorized Article
23042,[],Uncategorized Article
24787,[],Uncategorized Article
7037,[],Uncategorized Article
15474,[],Uncategorized Article
11646,[],Uncategorized Article
15897,[],Uncategorized Article
10570,[],Uncategorized Article
15511,[],Uncategorized Article
20475,[],Uncategorized Article
20578,[],Uncategorized Article
20712,[],Uncategorized Article
6358,[],Uncategorized Article
23339,[],Uncategorized Article
6691,[],Uncategorized Article
23708,[],Uncategorized Article
15881,[],Uncategorized Article
1030,[],Uncategorized Article
9164,[],Uncategorized Article
18604,[],Uncategorized Article
9488,[],Uncategorized Article
1577,[],Uncategorized Article
15859,[],Uncategorized Article
9947,[],Uncategorized Article
3793,[],Uncategorized Article
23112,[],Uncategorized Article
17551,[],Uncategorized Article
24447,[],Uncategorized Article
2917,[],Uncategorized Article
5586,[],Uncategorized Article
14605,[],Uncategorized Article
6326,[],Uncategorized Article
25439,[],Uncategorized Article
1515,[],Uncategorized Article
2371,[],Uncategorized Article
3432,[],Uncategorized Article
18647,[],Uncategorized Article
4239,[],Uncategorized Article
19773,[],Uncategorized Article
1390,[],Uncategorized Article
893,[],Uncategorized Article
17874,[],Uncategorized Article
24232,[],Uncategorized Article
14037,[],Uncategorized Article
21709,[],Uncategorized Article
15187,[],Uncategorized Article
2933,[],Uncategorized Article
25222,[],Uncategorized Article
10937,[],Uncategorized Article
24807,[],Uncategorized Article
25908,[],Uncategorized Article
1129,[],Uncategorized Article
731,[],Uncategorized Article
11110,[],Uncategorized Article
3084,[],Uncategorized Article
7297,[],Uncategorized Article
4588,[],Uncategorized Article
12496,[],Uncategorized Article
2795,[],Uncategorized Article
7601,[],Uncategorized Article
798,[],Uncategorized Article
17118,[],Uncategorized Article
18628,[],Uncategorized Article
178,[],Uncategorized Article
11469,[],Uncategorized Article
17558,[],Uncategorized Article
13798,[],Uncategorized Article
9830,[],Uncategorized Article
17174,[],Uncategorized Article
24247,[],Uncategorized Article
198,[],Uncategorized Article
14643,[],Uncategorized Article
16932,[],Uncategorized Article
19723,[],Uncategorized Article
12940,[],Uncategorized Article
16268,[],Uncategorized Article
11772,[],Uncategorized Article
24760,[],Uncategorized Article
20575,[],Uncategorized Article
17524,[],Uncategorized Article
13277,[],Uncategorized Article
25268,[],Uncategorized Article
15103,[],Uncategorized Article
7533,[],Uncategorized Article
20455,[],Uncategorized Article
15855,[],Uncategorized Article
66,[],Uncategorized Article
4712,[],Uncategorized Article
11452,[],Uncategorized Article
15689,[],Uncategorized Article
24222,[],Uncategorized Article
5033,[],Uncategorized Article
6915,[],Uncategorized Article
2572,[],Uncategorized Article
22366,[],Uncategorized Article
20225,[],Uncategorized Article
17006,[],Uncategorized Article
24595,[],Uncategorized Article
6222,[],Uncategorized Article
787,[],Uncategorized Article
3332,[],Uncategorized Article
26496,[],Uncategorized Article
6008,[],Uncategorized Article
8334,[],Uncategorized Article
16655,[],Uncategorized Article
26521,[],Uncategorized Article
13448,[],Uncategorized Article
22956,[],Uncategorized Article
1191,[],Uncategorized Article
12478,[],Uncategorized Article
515,[],Uncategorized Article
16862,[],Uncategorized Article
4476,[],Uncategorized Article
10232,[],Uncategorized Article
25271,[],Uncategorized Article
17417,[],Uncategorized Article
21318,[],Uncategorized Article
14622,[],Uncategorized Article
18982,[],Uncategorized Article
17898,[],Uncategorized Article
6191,[],Uncategorized Article
14175,[],Uncategorized Article
7237,[],Uncategorized Article
5753,[],Uncategorized Article
2068,[],Uncategorized Article
25080,[],Uncategorized Article
8236,[],Uncategorized Article
16252,[],Uncategorized Article
15905,[],Uncategorized Article
1462,[],Uncategorized Article
15207,[],Uncategorized Article
18255,[],Uncategorized Article
4576,[],Uncategorized Article
9856,[],Uncategorized Article
22178,[],Uncategorized Article
7349,[],Uncategorized Article
4818,[],Uncategorized Article
21146,[],Uncategorized Article
220,[],Uncategorized Article
12632,[],Uncategorized Article
19937,[],Uncategorized Article
20957,[],Uncategorized Article
18860,[],Uncategorized Article
4248,[],Uncategorized Article
18432,[],Uncategorized Article
17442,[],Uncategorized Article
6487,[],Uncategorized Article
7036,[],Uncategorized Article
9456,[],Uncategorized Article
12433,[],Uncategorized Article
5650,[],Uncategorized Article
17632,[],Uncategorized Article
22977,[],Uncategorized Article
25907,[],Uncategorized Article
21331,[],Uncategorized Article
2881,[],Uncategorized Article
18061,[],Uncategorized Article
20851,[],Uncategorized Article
901,[],Uncategorized Article
18981,[],Uncategorized Article
7164,[],Uncategorized Article
18680,[],Uncategorized Article
11594,[],Uncategorized Article
2181,[],Uncategorized Article
8488,[],Uncategorized Article
9713,[],Uncategorized Article
18369,[],Uncategorized Article
8219,[],Uncategorized Article
25464,[],Uncategorized Article
23254,[],Uncategorized Article
6772,[],Uncategorized Article
23223,[],Uncategorized Article
14436,[],Uncategorized Article
14678,[],Uncategorized Article
11440,[],Uncategorized Article
21708,[],Uncategorized Article
16172,[],Uncategorized Article
24084,[],Uncategorized Article
7257,[],Uncategorized Article
2580,[],Uncategorized Article
7966,[],Uncategorized Article
23997,[],Uncategorized Article
2156,[],Uncategorized Article
4340,[],Uncategorized Article
9562,[],Uncategorized Article
26807,[],Uncategorized Article
21844,[],Uncategorized Article
13743,[],Uncategorized Article
1073,[],Uncategorized Article
17065,[],Uncategorized Article
4530,[],Uncategorized Article
3159,[],Uncategorized Article
25396,[],Uncategorized Article
2987,[],Uncategorized Article
1882,[],Uncategorized Article
18324,[],Uncategorized Article
19680,[],Uncategorized Article
19918,[],Uncategorized Article
5974,[],Uncategorized Article
3729,[],Uncategorized Article
490,[],Uncategorized Article
1181,[],Uncategorized Article
1375,[],Uncategorized Article
5014,[],Uncategorized Article
16234,[],Uncategorized Article
17010,[],Uncategorized Article
4758,[],Uncategorized Article
10304,[],Uncategorized Article
22465,[],Uncategorized Article
6040,[],Uncategorized Article
2841,[],Uncategorized Article
4180,[],Uncategorized Article
18645,[],Uncategorized Article
4086,[],Uncategorized Article
24535,[],Uncategorized Article
2887,[],Uncategorized Article
8876,[],Uncategorized Article
12271,[],Uncategorized Article
6671,[],Uncategorized Article
14997,[],Uncategorized Article
9211,[],Uncategorized Article
17750,[],Uncategorized Article
24142,[],Uncategorized Article
12581,[],Uncategorized Article
19023,[],Uncategorized Article
26282,[],Uncategorized Article
5602,[],Uncategorized Article
25702,[],Uncategorized Article
13921,[],Uncategorized Article
5730,[],Uncategorized Article
14745,[],Uncategorized Article
5296,[],Uncategorized Article
22479,[],Uncategorized Article
12979,[],Uncategorized Article
19322,[],Uncategorized Article
25065,[],Uncategorized Article
22364,[],Uncategorized Article
17696,[],Uncategorized Article
10171,[],Uncategorized Article
10065,[],Uncategorized Article
11538,[],Uncategorized Article
7669,[],Uncategorized Article
6869,[],Uncategorized Article
21370,[],Uncategorized Article
12992,[],Uncategorized Article
10472,[],Uncategorized Article
9943,[],Uncategorized Article
9643,[],Uncategorized Article
14892,[],Uncategorized Article
12661,[],Uncategorized Article
26629,[],Uncategorized Article
6681,[],Uncategorized Article
5428,[],Uncategorized Article
9190,[],Uncategorized Article
3786,[],Uncategorized Article
26747,[],Uncategorized Article
1784,[],Uncategorized Article
7116,[],Uncategorized Article
16878,[],Uncategorized Article
4683,[],Uncategorized Article
10046,[],Uncategorized Article
21457,[],Uncategorized Article
2038,[],Uncategorized Article
20425,[],Uncategorized Article
9281,[],Uncategorized Article
19281,[],Uncategorized Article
21863,[],Uncategorized Article
12435,[],Uncategorized Article
25371,[],Uncategorized Article
7876,[],Uncategorized Article
3340,[],Uncategorized Article
19037,[],Uncategorized Article
24527,[],Uncategorized Article
5911,[],Uncategorized Article
24698,[],Uncategorized Article
20675,[],Uncategorized Article
8514,[],Uncategorized Article
2031,[],Uncategorized Article
17197,[],Uncategorized Article
7235,[],Uncategorized Article
12755,[],Uncategorized Article
15327,[],Uncategorized Article
25930,[],Uncategorized Article
13983,[],Uncategorized Article
1079,[],Uncategorized Article
18610,[],Uncategorized Article
15451,[],Uncategorized Article
24139,[],Uncategorized Article
17726,[],Uncategorized Article
26641,[],Uncategorized Article
18203,[],Uncategorized Article
19645,[],Uncategorized Article
5649,[],Uncategorized Article
15300,[],Uncategorized Article
22204,[],Uncategorized Article
14506,[],Uncategorized Article
3862,[],Uncategorized Article
2936,[],Uncategorized Article
3917,[],Uncategorized Article
1689,[],Uncategorized Article
14347,[],Uncategorized Article
305,[],Uncategorized Article
4056,[],Uncategorized Article
19824,[],Uncategorized Article
19383,[],Uncategorized Article
24065,[],Uncategorized Article
9837,[],Uncategorized Article
17615,[],Uncategorized Article
9706,[],Uncategorized Article
2313,[],Uncategorized Article
26903,[],Uncategorized Article
21041,[],Uncategorized Article
22394,[],Uncategorized Article
24979,[],Uncategorized Article
9030,[],Uncategorized Article
2062,[],Uncategorized Article
6470,[],Uncategorized Article
17400,[],Uncategorized Article
6477,[],Uncategorized Article
20283,[],Uncategorized Article
19951,[],Uncategorized Article
5452,[],Uncategorized Article
11279,[],Uncategorized Article
25148,[],Uncategorized Article
9906,[],Uncategorized Article
4270,[],Uncategorized Article
8531,[],Uncategorized Article
24945,[],Uncategorized Article
20470,[],Uncategorized Article
9095,[],Uncategorized Article
24395,[],Uncategorized Article
25028,[],Uncategorized Article
16972,[],Uncategorized Article
3365,[],Uncategorized Article
19054,[],Uncategorized Article
5515,[],Uncategorized Article
11781,[],Uncategorized Article
26931,[],Uncategorized Article
15310,[],Uncategorized Article
2395,[],Uncategorized Article
21845,[],Uncategorized Article
5506,[],Uncategorized Article
18554,[],Uncategorized Article
924,[],Uncategorized Article
8134,[],Uncategorized Article
22572,[],Uncategorized Article
12070,[],Uncategorized Article
17737,[],Uncategorized Article
11706,[],Uncategorized Article
8671,[],Uncategorized Article
3124,[],Uncategorized Article
19158,[],Uncategorized Article
7620,[],Uncategorized Article
6559,[],Uncategorized Article
21337,[],Uncategorized Article
9145,[],Uncategorized Article
12720,[],Uncategorized Article
9846,[],Uncategorized Article
23543,[],Uncategorized Article
26153,[],Uncategorized Article
9627,[],Uncategorized Article
5798,[],Uncategorized Article
5882,[],Uncategorized Article
9782,[],Uncategorized Article
11348,[],Uncategorized Article
21246,[],Uncategorized Article
18565,[],Uncategorized Article
23368,[],Uncategorized Article
17857,[],Uncategorized Article
6103,[],Uncategorized Article
6748,[],Uncategorized Article
13009,[],Uncategorized Article
9082,[],Uncategorized Article
21127,[],Uncategorized Article
20886,[],Uncategorized Article
15966,[],Uncategorized Article
23568,[],Uncategorized Article
5540,[],Uncategorized Article
421,[],Uncategorized Article
16081,[],Uncategorized Article
18690,[],Uncategorized Article
16555,[],Uncategorized Article
3956,[],Uncategorized Article
5606,[],Uncategorized Article
24129,[],Uncategorized Article
11380,[],Uncategorized Article
1725,[],Uncategorized Article
1184,[],Uncategorized Article
9974,[],Uncategorized Article
16788,[],Uncategorized Article
21060,[],Uncategorized Article
904,[],Uncategorized Article
19878,[],Uncategorized Article
8346,[],Uncategorized Article
17245,[],Uncategorized Article
7797,[],Uncategorized Article
6089,[],Uncategorized Article
2080,[],Uncategorized Article
7928,[],Uncategorized Article
13853,[],Uncategorized Article
23395,[],Uncategorized Article
7933,[],Uncategorized Article
10846,[],Uncategorized Article
12177,[],Uncategorized Article
9316,[],Uncategorized Article
22807,[],Uncategorized Article
23242,[],Uncategorized Article
9927,[],Uncategorized Article
7211,[],Uncategorized Article
6533,[],Uncategorized Article
5209,[],Uncategorized Article
2646,[],Uncategorized Article
10073,[],Uncategorized Article
16825,[],Uncategorized Article
10622,[],Uncategorized Article
23126,[],Uncategorized Article
26972,[],Uncategorized Article
1478,[],Uncategorized Article
692,[],Uncategorized Article
22783,[],Uncategorized Article
6365,[],Uncategorized Article
23800,[],Uncategorized Article
18539,[],Uncategorized Article
7370,[],Uncategorized Article
1301,[],Uncategorized Article
7837,[],Uncategorized Article
14877,[],Uncategorized Article
3715,[],Uncategorized Article
25357,[],Uncategorized Article
5037,[],Uncategorized Article
4399,[],Uncategorized Article
20006,[],Uncategorized Article
13840,[],Uncategorized Article
11294,[],Uncategorized Article
7354,[],Uncategorized Article
16122,[],Uncategorized Article
8750,[],Uncategorized Article
21239,[],Uncategorized Article
1436,[],Uncategorized Article
507,[],Uncategorized Article
16017,[],Uncategorized Article
5402,[],Uncategorized Article
5930,[],Uncategorized Article
25753,[],Uncategorized Article
8947,[],Uncategorized Article
26699,[],Uncategorized Article
18723,[],Uncategorized Article
12242,[],Uncategorized Article
17303,[],Uncategorized Article
4386,[],Uncategorized Article
12744,[],Uncategorized Article
10310,[],Uncategorized Article
17667,[],Uncategorized Article
23520,[],Uncategorized Article
8693,[],Uncategorized Article
17027,[],Uncategorized Article
1539,[],Uncategorized Article
9121,[],Uncategorized Article
1211,[],Uncategorized Article
15284,[],Uncategorized Article
23211,[],Uncategorized Article
2560,[],Uncategorized Article
13107,[],Uncategorized Article
13029,[],Uncategorized Article
11569,[],Uncategorized Article
12668,[],Uncategorized Article
390,[],Uncategorized Article
17848,[],Uncategorized Article
17576,[],Uncategorized Article
10064,[],Uncategorized Article
3590,[],Uncategorized Article
11350,[],Uncategorized Article
8435,[],Uncategorized Article
6719,[],Uncategorized Article
15540,[],Uncategorized Article
16890,[],Uncategorized Article
14693,[],Uncategorized Article
946,[],Uncategorized Article
15576,[],Uncategorized Article
14327,[],Uncategorized Article
25079,[],Uncategorized Article
21301,[],Uncategorized Article
2547,[],Uncategorized Article
18157,[],Uncategorized Article
13007,[],Uncategorized Article
272,[],Uncategorized Article
20827,[],Uncategorized Article
3618,[],Uncategorized Article
18765,[],Uncategorized Article
22650,[],Uncategorized Article
7008,[],Uncategorized Article
26776,[],Uncategorized Article
9269,[],Uncategorized Article
25286,[],Uncategorized Article
4633,[],Uncategorized Article
17130,[],Uncategorized Article
7707,[],Uncategorized Article
19953,[],Uncategorized Article
8982,[],Uncategorized Article
21836,[],Uncategorized Article
14312,[],Uncategorized Article
10762,[],Uncategorized Article
13945,[],Uncategorized Article
14342,[],Uncategorized Article
5599,[],Uncategorized Article
9290,[],Uncategorized Article
15989,[],Uncategorized Article
10355,[],Uncategorized Article
3637,[],Uncategorized Article
20597,[],Uncategorized Article
22723,[],Uncategorized Article
18296,[],Uncategorized Article
599,[],Uncategorized Article
20276,[],Uncategorized Article
1652,[],Uncategorized Article
21905,[],Uncategorized Article
8106,[],Uncategorized Article
1893,[],Uncategorized Article
7833,[],Uncategorized Article
26162,[],Uncategorized Article
22684,[],Uncategorized Article
20746,[],Uncategorized Article
262,[],Uncategorized Article
375,[],Uncategorized Article
18350,[],Uncategorized Article
20341,[],Uncategorized Article
1466,[],Uncategorized Article
12615,[],Uncategorized Article
13543,[],Uncategorized Article
16226,[],Uncategorized Article
5696,[],Uncategorized Article
17627,[],Uncategorized Article
22018,[],Uncategorized Article
24289,[],Uncategorized Article
22533,[],Uncategorized Article
941,[],Uncategorized Article
22902,[],Uncategorized Article
9663,[],Uncategorized Article
19730,[],Uncategorized Article
19041,[],Uncategorized Article
15882,[],Uncategorized Article
13353,[],Uncategorized Article
10905,[],Uncategorized Article
18186,[],Uncategorized Article
26859,[],Uncategorized Article
24148,[],Uncategorized Article
6578,[],Uncategorized Article
19183,[],Uncategorized Article
20690,[],Uncategorized Article
23218,[],Uncategorized Article
25032,[],Uncategorized Article
23745,[],Uncategorized Article
298,[],Uncategorized Article
25359,[],Uncategorized Article
20207,[],Uncategorized Article
17241,[],Uncategorized Article
7977,[],Uncategorized Article
11463,[],Uncategorized Article
2035,[],Uncategorized Article
20423,[],Uncategorized Article
10450,[],Uncategorized Article
10164,[],Uncategorized Article
18542,[],Uncategorized Article
10291,[],Uncategorized Article
17883,[],Uncategorized Article
13397,[],Uncategorized Article
19896,[],Uncategorized Article
26894,[],Uncategorized Article
14220,[],Uncategorized Article
8844,[],Uncategorized Article
6828,[],Uncategorized Article
7130,[],Uncategorized Article
23205,[],Uncategorized Article
7954,[],Uncategorized Article
20469,[],Uncategorized Article
16626,[],Uncategorized Article
24320,[],Uncategorized Article
13990,[],Uncategorized Article
3144,[],Uncategorized Article
18028,[],Uncategorized Article
14547,[],Uncategorized Article
7371,[],Uncategorized Article
26477,[],Uncategorized Article
5594,[],Uncategorized Article
21707,[],Uncategorized Article
14466,[],Uncategorized Article
23436,[],Uncategorized Article
22397,[],Uncategorized Article
2076,[],Uncategorized Article
4103,[],Uncategorized Article
7493,[],Uncategorized Article
5968,[],Uncategorized Article
15470,[],Uncategorized Article
20350,[],Uncategorized Article
23462,[],Uncategorized Article
26717,[],Uncategorized Article
17965,[],Uncategorized Article
6754,[],Uncategorized Article
2575,[],Uncategorized Article
14389,[],Uncategorized Article
16284,[],Uncategorized Article
4042,[],Uncategorized Article
17751,[],Uncategorized Article
12853,[],Uncategorized Article
4078,[],Uncategorized Article
14246,[],Uncategorized Article
7754,[],Uncategorized Article
14166,[],Uncategorized Article
9462,[],Uncategorized Article
15960,[],Uncategorized Article
19162,[],Uncategorized Article
4603,[],Uncategorized Article
14252,[],Uncategorized Article
1985,[],Uncategorized Article
20245,[],Uncategorized Article
7774,[],Uncategorized Article
9726,[],Uncategorized Article
16709,[],Uncategorized Article
16156,[],Uncategorized Article
15560,[],Uncategorized Article
10530,[],Uncategorized Article
12172,[],Uncategorized Article
23432,[],Uncategorized Article
4054,[],Uncategorized Article
18621,[],Uncategorized Article
24880,[],Uncategorized Article
5229,[],Uncategorized Article
12370,[],Uncategorized Article
20955,[],Uncategorized Article
13666,[],Uncategorized Article
7454,[],Uncategorized Article
1268,[],Uncategorized Article
864,[],Uncategorized Article
24343,[],Uncategorized Article
4942,[],Uncategorized Article
2253,[],Uncategorized Article
21878,[],Uncategorized Article
16755,[],Uncategorized Article
22901,[],Uncategorized Article
10348,[],Uncategorized Article
7940,[],Uncategorized Article
609,[],Uncategorized Article
4651,[],Uncategorized Article
24742,[],Uncategorized Article
15886,[],Uncategorized Article
5919,[],Uncategorized Article
23469,[],Uncategorized Article
14022,[],Uncategorized Article
18748,[],Uncategorized Article
7148,[],Uncategorized Article
13648,[],Uncategorized Article
10635,[],Uncategorized Article
25643,[],Uncategorized Article
20173,[],Uncategorized Article
24955,[],Uncategorized Article
5581,[],Uncategorized Article
24287,[],Uncategorized Article
5060,[],Uncategorized Article
25971,[],Uncategorized Article
9615,[],Uncategorized Article
26744,[],Uncategorized Article
8044,[],Uncategorized Article
17046,[],Uncategorized Article
8386,[],Uncategorized Article
14629,[],Uncategorized Article
22294,[],Uncategorized Article
9311,[],Uncategorized Article
2776,[],Uncategorized Article
20919,[],Uncategorized Article
13667,[],Uncategorized Article
22243,[],Uncategorized Article
24431,[],Uncategorized Article
26930,[],Uncategorized Article
7189,[],Uncategorized Article
13731,[],Uncategorized Article
20515,[],Uncategorized Article
5573,[],Uncategorized Article
6135,[],Uncategorized Article
20811,[],Uncategorized Article
10553,[],Uncategorized Article
5247,[],Uncategorized Article
3981,[],Uncategorized Article
11085,[],Uncategorized Article
19053,[],Uncategorized Article
20361,[],Uncategorized Article
16663,[],Uncategorized Article
13158,[],Uncategorized Article
2172,[],Uncategorized Article
25102,[],Uncategorized Article
8718,[],Uncategorized Article
7452,[],Uncategorized Article
15553,[],Uncategorized Article
5197,[],Uncategorized Article
17793,[],Uncategorized Article
13210,[],Uncategorized Article
11671,[],Uncategorized Article
24537,[],Uncategorized Article
15995,[],Uncategorized Article
25872,[],Uncategorized Article
20539,[],Uncategorized Article
25868,[],Uncategorized Article
3809,[],Uncategorized Article
24859,[],Uncategorized Article
10079,[],Uncategorized Article
12488,[],Uncategorized Article
18265,[],Uncategorized Article
5543,[],Uncategorized Article
15681,[],Uncategorized Article
11864,[],Uncategorized Article
15519,[],Uncategorized Article
10401,[],Uncategorized Article
20947,[],Uncategorized Article
21273,[],Uncategorized Article
21746,[],Uncategorized Article
17653,[],Uncategorized Article
18734,[],Uncategorized Article
8745,[],Uncategorized Article
1384,[],Uncategorized Article
23471,[],Uncategorized Article
9036,[],Uncategorized Article
13095,[],Uncategorized Article
297,[],Uncategorized Article
8635,[],Uncategorized Article
25362,[],Uncategorized Article
21700,[],Uncategorized Article
3867,[],Uncategorized Article
21670,[],Uncategorized Article
2077,[],Uncategorized Article
15029,[],Uncategorized Article
15675,[],Uncategorized Article
14209,[],Uncategorized Article
26566,[],Uncategorized Article
18613,[],Uncategorized Article
15216,[],Uncategorized Article
19226,[],Uncategorized Article
2537,[],Uncategorized Article
16578,[],Uncategorized Article
16395,[],Uncategorized Article
7362,[],Uncategorized Article
6636,[],Uncategorized Article
7498,[],Uncategorized Article
13482,[],Uncategorized Article
9009,[],Uncategorized Article
25694,[],Uncategorized Article
20426,[],Uncategorized Article
6553,[],Uncategorized Article
10770,[],Uncategorized Article
16131,[],Uncategorized Article
4654,[],Uncategorized Article
320,[],Uncategorized Article
7135,[],Uncategorized Article
17755,[],Uncategorized Article
11984,[],Uncategorized Article
2654,[],Uncategorized Article
12142,[],Uncategorized Article
13721,[],Uncategorized Article
19782,[],Uncategorized Article
886,[],Uncategorized Article
5002,[],Uncategorized Article
22725,[],Uncategorized Article
24785,[],Uncategorized Article
17310,[],Uncategorized Article
244,[],Uncategorized Article
14758,[],Uncategorized Article
8207,[],Uncategorized Article
16527,[],Uncategorized Article
5983,[],Uncategorized Article
2363,[],Uncategorized Article
16513,[],Uncategorized Article
1161,[],Uncategorized Article
18291,[],Uncategorized Article
26728,[],Uncategorized Article
287,[],Uncategorized Article
13650,[],Uncategorized Article
21388,[],Uncategorized Article
10068,[],Uncategorized Article
10680,[],Uncategorized Article
12450,[],Uncategorized Article
22764,[],Uncategorized Article
8681,[],Uncategorized Article
1170,[],Uncategorized Article
25209,[],Uncategorized Article
10374,[],Uncategorized Article
25901,[],Uncategorized Article
21171,[],Uncategorized Article
6792,[],Uncategorized Article
24629,[],Uncategorized Article
18243,[],Uncategorized Article
277,[],Uncategorized Article
21990,[],Uncategorized Article
15946,[],Uncategorized Article
22308,[],Uncategorized Article
3121,[],Uncategorized Article
8579,[],Uncategorized Article
17695,[],Uncategorized Article
17416,[],Uncategorized Article
8339,[],Uncategorized Article
3406,[],Uncategorized Article
15475,[],Uncategorized Article
13861,[],Uncategorized Article
25944,[],Uncategorized Article
13128,[],Uncategorized Article
931,[],Uncategorized Article
691,[],Uncategorized Article
22115,[],Uncategorized Article
6364,[],Uncategorized Article
18293,[],Uncategorized Article
9021,[],Uncategorized Article
10273,[],Uncategorized Article
20950,[],Uncategorized Article
26261,[],Uncategorized Article
16428,[],Uncategorized Article
20323,[],Uncategorized Article
9141,[],Uncategorized Article
7108,[],Uncategorized Article
8975,[],Uncategorized Article
4319,[],Uncategorized Article
2965,[],Uncategorized Article
3969,[],Uncategorized Article
4926,[],Uncategorized Article
21997,[],Uncategorized Article
14616,[],Uncategorized Article
13971,[],Uncategorized Article
20543,[],Uncategorized Article
3092,[],Uncategorized Article
21097,[],Uncategorized Article
12748,[],Uncategorized Article
24551,[],Uncategorized Article
15790,[],Uncategorized Article
12515,[],Uncategorized Article
3982,[],Uncategorized Article
22013,[],Uncategorized Article
1404,[],Uncategorized Article
19579,[],Uncategorized Article
6124,[],Uncategorized Article
1094,[],Uncategorized Article
17353,[],Uncategorized Article
15972,[],Uncategorized Article
2843,[],Uncategorized Article
19235,[],Uncategorized Article
4815,[],Uncategorized Article
16473,[],Uncategorized Article
5956,[],Uncategorized Article
24191,[],Uncategorized Article
20855,[],Uncategorized Article
21831,[],Uncategorized Article
13374,[],Uncategorized Article
24913,[],Uncategorized Article
18173,[],Uncategorized Article
24609,[],Uncategorized Article
18443,[],Uncategorized Article
13179,[],Uncategorized Article
21367,[],Uncategorized Article
12205,[],Uncategorized Article
18286,[],Uncategorized Article
14407,[],Uncategorized Article
4686,[],Uncategorized Article
18714,[],Uncategorized Article
4922,[],Uncategorized Article
15833,[],Uncategorized Article
6785,[],Uncategorized Article
5877,[],Uncategorized Article
9548,[],Uncategorized Article
16459,[],Uncategorized Article
2345,[],Uncategorized Article
8430,[],Uncategorized Article
4586,[],Uncategorized Article
26606,[],Uncategorized Article
14597,[],Uncategorized Article
26495,[],Uncategorized Article
21706,[],Uncategorized Article
8378,[],Uncategorized Article
24430,[],Uncategorized Article
17937,[],Uncategorized Article
24667,[],Uncategorized Article
6197,[],Uncategorized Article
13097,[],Uncategorized Article
14456,[],Uncategorized Article
15179,[],Uncategorized Article
6401,[],Uncategorized Article
5695,[],Uncategorized Article
2941,[],Uncategorized Article
22067,[],Uncategorized Article
26115,[],Uncategorized Article
7381,[],Uncategorized Article
24291,[],Uncategorized Article
18004,[],Uncategorized Article
13834,[],Uncategorized Article
5578,[],Uncategorized Article
10338,[],Uncategorized Article
9993,[],Uncategorized Article
7905,[],Uncategorized Article
22709,[],Uncategorized Article
23336,[],Uncategorized Article
1048,[],Uncategorized Article
6782,[],Uncategorized Article
12662,[],Uncategorized Article
25336,[],Uncategorized Article
22133,[],Uncategorized Article
1609,[],Uncategorized Article
19480,[],Uncategorized Article
2415,[],Uncategorized Article
2017,[],Uncategorized Article
2971,[],Uncategorized Article
12317,[],Uncategorized Article
14038,[],Uncategorized Article
13567,[],Uncategorized Article
2931,[],Uncategorized Article
15406,[],Uncategorized Article
24694,[],Uncategorized Article
19630,[],Uncategorized Article
16508,[],Uncategorized Article
17490,[],Uncategorized Article
13001,[],Uncategorized Article
1814,[],Uncategorized Article
14586,[],Uncategorized Article
14448,[],Uncategorized Article
25867,[],Uncategorized Article
11533,[],Uncategorized Article
2123,[],Uncategorized Article
13704,[],Uncategorized Article
22881,[],Uncategorized Article
26552,[],Uncategorized Article
26337,[],Uncategorized Article
18581,[],Uncategorized Article
20435,[],Uncategorized Article
17600,[],Uncategorized Article
7701,[],Uncategorized Article
23682,[],Uncategorized Article
17109,[],Uncategorized Article
23504,[],Uncategorized Article
9170,[],Uncategorized Article
808,[],Uncategorized Article
21738,[],Uncategorized Article
21338,[],Uncategorized Article
22571,[],Uncategorized Article
4906,[],Uncategorized Article
3722,[],Uncategorized Article
25701,[],Uncategorized Article
13122,[],Uncategorized Article
12734,[],Uncategorized Article
3962,[],Uncategorized Article
23829,[],Uncategorized Article
2671,[],Uncategorized Article
21564,[],Uncategorized Article
9417,[],Uncategorized Article
18148,[],Uncategorized Article
4552,[],Uncategorized Article
16991,[],Uncategorized Article
6009,[],Uncategorized Article
17831,[],Uncategorized Article
19601,[],Uncategorized Article
5737,[],Uncategorized Article
8479,[],Uncategorized Article
18437,[],Uncategorized Article
3164,[],Uncategorized Article
22645,[],Uncategorized Article
6763,[],Uncategorized Article
25492,[],Uncategorized Article
1657,[],Uncategorized Article
25902,[],Uncategorized Article
19094,[],Uncategorized Article
7549,[],Uncategorized Article
4266,[],Uncategorized Article
25206,[],Uncategorized Article
16806,[],Uncategorized Article
26464,[],Uncategorized Article
5316,[],Uncategorized Article
9673,[],Uncategorized Article
19229,[],Uncategorized Article
20450,[],Uncategorized Article
25374,[],Uncategorized Article
1001,[],Uncategorized Article
4198,[],Uncategorized Article
2418,[],Uncategorized Article
3575,[],Uncategorized Article
20231,[],Uncategorized Article
17345,[],Uncategorized Article
9772,[],Uncategorized Article
3558,[],Uncategorized Article
26269,[],Uncategorized Article
12458,[],Uncategorized Article
3854,[],Uncategorized Article
4887,[],Uncategorized Article
17141,[],Uncategorized Article
13058,[],Uncategorized Article
24699,[],Uncategorized Article
5313,[],Uncategorized Article
18668,[],Uncategorized Article
16223,[],Uncategorized Article
22913,[],Uncategorized Article
4524,[],Uncategorized Article
13699,[],Uncategorized Article
4827,[],Uncategorized Article
21731,[],Uncategorized Article
807,[],Uncategorized Article
3907,[],Uncategorized Article
14333,[],Uncategorized Article
21830,[],Uncategorized Article
7023,[],Uncategorized Article
1956,[],Uncategorized Article
10637,[],Uncategorized Article
9343,[],Uncategorized Article
15161,[],Uncategorized Article
11404,[],Uncategorized Article
24432,[],Uncategorized Article
2402,[],Uncategorized Article
5184,[],Uncategorized Article
17457,[],Uncategorized Article
14698,[],Uncategorized Article
25834,[],Uncategorized Article
24940,[],Uncategorized Article
10283,[],Uncategorized Article
12719,[],Uncategorized Article
8095,[],Uncategorized Article
9890,[],Uncategorized Article
23357,[],Uncategorized Article
18323,[],Uncategorized Article
23400,[],Uncategorized Article
17387,[],Uncategorized Article
15086,[],Uncategorized Article
21054,[],Uncategorized Article
24598,[],Uncategorized Article
7566,[],Uncategorized Article
11126,[],Uncategorized Article
14719,[],Uncategorized Article
25972,[],Uncategorized Article
5368,[],Uncategorized Article
6928,[],Uncategorized Article
9603,[],Uncategorized Article
22062,[],Uncategorized Article
8901,[],Uncategorized Article
21579,[],Uncategorized Article
11795,[],Uncategorized Article
17369,[],Uncategorized Article
11268,[],Uncategorized Article
7384,[],Uncategorized Article
22568,[],Uncategorized Article
23718,[],Uncategorized Article
21794,[],Uncategorized Article
26155,[],Uncategorized Article
9460,[],Uncategorized Article
2462,[],Uncategorized Article
22824,[],Uncategorized Article
16652,[],Uncategorized Article
19964,[],Uncategorized Article
12942,[],Uncategorized Article
11708,[],Uncategorized Article
16455,[],Uncategorized Article
9454,[],Uncategorized Article
26296,[],Uncategorized Article
6509,[],Uncategorized Article
19205,[],Uncategorized Article
25611,[],Uncategorized Article
589,[],Uncategorized Article
22609,[],Uncategorized Article
13136,[],Uncategorized Article
16549,[],Uncategorized Article
8848,[],Uncategorized Article
4624,[],Uncategorized Article
20142,[],Uncategorized Article
6845,[],Uncategorized Article
14343,[],Uncategorized Article
18412,[],Uncategorized Article
10850,[],Uncategorized Article
8869,[],Uncategorized Article
22426,[],Uncategorized Article
9424,[],Uncategorized Article
5454,[],Uncategorized Article
21985,[],Uncategorized Article
1449,[],Uncategorized Article
21893,[],Uncategorized Article
15849,[],Uncategorized Article
11454,[],Uncategorized Article
22141,[],Uncategorized Article
18816,[],Uncategorized Article
23090,[],Uncategorized Article
21031,[],Uncategorized Article
17280,[],Uncategorized Article
9803,[],Uncategorized Article
1587,[],Uncategorized Article
6686,[],Uncategorized Article
13558,[],Uncategorized Article
18103,[],Uncategorized Article
20190,[],Uncategorized Article
8806,[],Uncategorized Article
23722,[],Uncategorized Article
3961,[],Uncategorized Article
8923,[],Uncategorized Article
6078,[],Uncategorized Article
17274,[],Uncategorized Article
10956,[],Uncategorized Article
25662,[],Uncategorized Article
4006,[],Uncategorized Article
4939,[],Uncategorized Article
25008,[],Uncategorized Article
18395,[],Uncategorized Article
5898,[],Uncategorized Article
14365,[],Uncategorized Article
26721,[],Uncategorized Article
14011,[],Uncategorized Article
16968,[],Uncategorized Article
11460,[],Uncategorized Article
20316,[],Uncategorized Article
13157,[],Uncategorized Article
1260,[],Uncategorized Article
20922,[],Uncategorized Article
14391,[],Uncategorized Article
310,[],Uncategorized Article
1716,[],Uncategorized Article
2052,[],Uncategorized Article
20671,[],Uncategorized Article
4668,[],Uncategorized Article
4298,[],Uncategorized Article
3783,[],Uncategorized Article
1008,[],Uncategorized Article
7347,[],Uncategorized Article
20824,[],Uncategorized Article
10377,[],Uncategorized Article
25607,[],Uncategorized Article
9878,[],Uncategorized Article
13159,[],Uncategorized Article
2773,[],Uncategorized Article
13026,[],Uncategorized Article
20443,[],Uncategorized Article
12948,[],Uncategorized Article
16474,[],Uncategorized Article
1987,[],Uncategorized Article
23006,[],Uncategorized Article
7279,[],Uncategorized Article
2672,[],Uncategorized Article
16260,[],Uncategorized Article
9175,[],Uncategorized Article
17358,[],Uncategorized Article
25085,[],Uncategorized Article
19309,[],Uncategorized Article
249,[],Uncategorized Article
8185,[],Uncategorized Article
5884,[],Uncategorized Article
18725,[],Uncategorized Article
23831,[],Uncategorized Article
23566,[],Uncategorized Article
6589,[],Uncategorized Article
13780,[],Uncategorized Article
26753,[],Uncategorized Article
627,[],Uncategorized Article
22169,[],Uncategorized Article
13272,[],Uncategorized Article
23814,[],Uncategorized Article
4765,[],Uncategorized Article
26467,[],Uncategorized Article
24851,[],Uncategorized Article
16512,[],Uncategorized Article
24199,[],Uncategorized Article
22547,[],Uncategorized Article
20566,[],Uncategorized Article
13782,[],Uncategorized Article
12427,[],Uncategorized Article
6995,[],Uncategorized Article
22854,[],Uncategorized Article
18782,[],Uncategorized Article
6305,[],Uncategorized Article
25063,[],Uncategorized Article
22163,[],Uncategorized Article
22900,[],Uncategorized Article
12392,[],Uncategorized Article
17570,[],Uncategorized Article
22659,[],Uncategorized Article
15472,[],Uncategorized Article
10703,[],Uncategorized Article
26621,[],Uncategorized Article
9220,[],Uncategorized Article
4247,[],Uncategorized Article
26402,[],Uncategorized Article
11273,[],Uncategorized Article
9107,[],Uncategorized Article
9497,[],Uncategorized Article
17480,[],Uncategorized Article
11241,[],Uncategorized Article
1273,[],Uncategorized Article
5698,[],Uncategorized Article
7678,[],Uncategorized Article
10988,[],Uncategorized Article
9590,[],Uncategorized Article
3358,[],Uncategorized Article
16567,[],Uncategorized Article
21721,[],Uncategorized Article
22789,[],Uncategorized Article
23526,[],Uncategorized Article
15235,[],Uncategorized Article
6513,[],Uncategorized Article
16079,[],Uncategorized Article
4567,[],Uncategorized Article
13255,[],Uncategorized Article
10848,[],Uncategorized Article
19247,[],Uncategorized Article
23416,[],Uncategorized Article
1961,[],Uncategorized Article
4992,[],Uncategorized Article
4891,[],Uncategorized Article
14330,[],Uncategorized Article
6226,[],Uncategorized Article
23861,[],Uncategorized Article
22769,[],Uncategorized Article
1251,[],Uncategorized Article
3176,[],Uncategorized Article
3359,[],Uncategorized Article
307,[],Uncategorized Article
23822,[],Uncategorized Article
25087,[],Uncategorized Article
23033,[],Uncategorized Article
12580,[],Uncategorized Article
25524,[],Uncategorized Article
23545,[],Uncategorized Article
12225,[],Uncategorized Article
1051,[],Uncategorized Article
14519,[],Uncategorized Article
11410,[],Uncategorized Article
9221,[],Uncategorized Article
10234,[],Uncategorized Article
4763,[],Uncategorized Article
9062,[],Uncategorized Article
1874,[],Uncategorized Article
21970,[],Uncategorized Article
13682,[],Uncategorized Article
20706,[],Uncategorized Article
26003,[],Uncategorized Article
5831,[],Uncategorized Article
26543,[],Uncategorized Article
191,[],Uncategorized Article
12901,[],Uncategorized Article
13233,[],Uncategorized Article
12629,[],Uncategorized Article
4485,[],Uncategorized Article
9783,[],Uncategorized Article
3924,[],Uncategorized Article
9940,[],Uncategorized Article
26298,[],Uncategorized Article
22148,[],Uncategorized Article
21595,[],Uncategorized Article
15198,[],Uncategorized Article
16061,[],Uncategorized Article
19497,[],Uncategorized Article
3303,[],Uncategorized Article
15549,[],Uncategorized Article
18074,[],Uncategorized Article
21432,[],Uncategorized Article
13304,[],Uncategorized Article
19692,[],Uncategorized Article
17888,[],Uncategorized Article
1806,[],Uncategorized Article
3871,[],Uncategorized Article
3791,[],Uncategorized Article
25327,[],Uncategorized Article
14154,[],Uncategorized Article
2786,[],Uncategorized Article
9259,[],Uncategorized Article
25408,[],Uncategorized Article
1717,[],Uncategorized Article
2696,[],Uncategorized Article
1848,[],Uncategorized Article
20896,[],Uncategorized Article
10623,[],Uncategorized Article
21891,[],Uncategorized Article
12852,[],Uncategorized Article
6622,[],Uncategorized Article
3435,[],Uncategorized Article
23789,[],Uncategorized Article
16526,[],Uncategorized Article
6771,[],Uncategorized Article
23517,[],Uncategorized Article
6992,[],Uncategorized Article
21894,[],Uncategorized Article
22224,[],Uncategorized Article
24530,[],Uncategorized Article
23075,[],Uncategorized Article
11601,[],Uncategorized Article
1117,[],Uncategorized Article
1756,[],Uncategorized Article
16881,[],Uncategorized Article
6751,[],Uncategorized Article
870,[],Uncategorized Article
19741,[],Uncategorized Article
9104,[],Uncategorized Article
721,[],Uncategorized Article
10997,[],Uncategorized Article
17270,[],Uncategorized Article
19727,[],Uncategorized Article
23168,[],Uncategorized Article
24653,[],Uncategorized Article
8347,[],Uncategorized Article
15588,[],Uncategorized Article
25213,[],Uncategorized Article
10938,[],Uncategorized Article
22354,[],Uncategorized Article
22437,[],Uncategorized Article
314,[],Uncategorized Article
25571,[],Uncategorized Article
22326,[],Uncategorized Article
26456,[],Uncategorized Article
20588,[],Uncategorized Article
5850,[],Uncategorized Article
6129,[],Uncategorized Article
5447,[],Uncategorized Article
3129,[],Uncategorized Article
16279,[],Uncategorized Article
15632,[],Uncategorized Article
18380,[],Uncategorized Article
910,[],Uncategorized Article
3968,[],Uncategorized Article
22411,[],Uncategorized Article
24145,[],Uncategorized Article
10165,[],Uncategorized Article
336,[],Uncategorized Article
24082,[],Uncategorized Article
24754,[],Uncategorized Article
22519,[],Uncategorized Article
2985,[],Uncategorized Article
10878,[],Uncategorized Article
15916,[],Uncategorized Article
21004,[],Uncategorized Article
11669,[],Uncategorized Article
20862,[],Uncategorized Article
19942,[],Uncategorized Article
13907,[],Uncategorized Article
11001,[],Uncategorized Article
4820,[],Uncategorized Article
19800,[],Uncategorized Article
16691,[],Uncategorized Article
12100,[],Uncategorized Article
16732,[],Uncategorized Article
25345,[],Uncategorized Article
7243,[],Uncategorized Article
26765,[],Uncategorized Article
14079,[],Uncategorized Article
20866,[],Uncategorized Article
11874,[],Uncategorized Article
14520,[],Uncategorized Article
8263,[],Uncategorized Article
18678,[],Uncategorized Article
6855,[],Uncategorized Article
8597,[],Uncategorized Article
22884,[],Uncategorized Article
24426,[],Uncategorized Article
6901,[],Uncategorized Article
18050,[],Uncategorized Article
9949,[],Uncategorized Article
16436,[],Uncategorized Article
1445,[],Uncategorized Article
21908,[],Uncategorized Article
14821,[],Uncategorized Article
22306,[],Uncategorized Article
1695,[],Uncategorized Article
11084,[],Uncategorized Article
16152,[],Uncategorized Article
13383,[],Uncategorized Article
17958,[],Uncategorized Article
20789,[],Uncategorized Article
1630,[],Uncategorized Article
269,[],Uncategorized Article
1881,[],Uncategorized Article
14523,[],Uncategorized Article
13900,[],Uncategorized Article
5074,[],Uncategorized Article
5509,[],Uncategorized Article
25403,[],Uncategorized Article
22273,[],Uncategorized Article
24216,[],Uncategorized Article
2535,[],Uncategorized Article
11069,[],Uncategorized Article
25175,[],Uncategorized Article
14680,[],Uncategorized Article
186,[],Uncategorized Article
11971,[],Uncategorized Article
5558,[],Uncategorized Article
26441,[],Uncategorized Article
25990,[],Uncategorized Article
23733,[],Uncategorized Article
6587,[],Uncategorized Article
17618,[],Uncategorized Article
22618,[],Uncategorized Article
26934,[],Uncategorized Article
3915,[],Uncategorized Article
446,[],Uncategorized Article
25421,[],Uncategorized Article
14031,[],Uncategorized Article
17228,[],Uncategorized Article
21585,[],Uncategorized Article
7124,[],Uncategorized Article
20519,[],Uncategorized Article
2440,[],Uncategorized Article
3103,[],Uncategorized Article
11088,[],Uncategorized Article
7692,[],Uncategorized Article
21158,[],Uncategorized Article
6094,[],Uncategorized Article
9486,[],Uncategorized Article
18537,[],Uncategorized Article
26968,[],Uncategorized Article
13223,[],Uncategorized Article
21451,[],Uncategorized Article
16913,[],Uncategorized Article
687,[],Uncategorized Article
5208,[],Uncategorized Article
17160,[],Uncategorized Article
8417,[],Uncategorized Article
10345,[],Uncategorized Article
4920,[],Uncategorized Article
25219,[],Uncategorized Article
26322,[],Uncategorized Article
22726,[],Uncategorized Article
19520,[],Uncategorized Article
19600,[],Uncategorized Article
5462,[],Uncategorized Article
13757,[],Uncategorized Article
23945,[],Uncategorized Article
19567,[],Uncategorized Article
19583,[],Uncategorized Article
23556,[],Uncategorized Article
1289,[],Uncategorized Article
12773,[],Uncategorized Article
25104,[],Uncategorized Article
10692,[],Uncategorized Article
10335,[],Uncategorized Article
26392,[],Uncategorized Article
23338,[],Uncategorized Article
25729,[],Uncategorized Article
11905,[],Uncategorized Article
26457,[],Uncategorized Article
15830,[],Uncategorized Article
15735,[],Uncategorized Article
12158,[],Uncategorized Article
18263,[],Uncategorized Article
18814,[],Uncategorized Article
12453,[],Uncategorized Article
6079,[],Uncategorized Article
5457,[],Uncategorized Article
22803,[],Uncategorized Article
11349,[],Uncategorized Article
12057,[],Uncategorized Article
18532,[],Uncategorized Article
4131,[],Uncategorized Article
16351,[],Uncategorized Article
17420,[],Uncategorized Article
15408,[],Uncategorized Article
22201,[],Uncategorized Article
4134,[],Uncategorized Article
17033,[],Uncategorized Article
9275,[],Uncategorized Article
861,[],Uncategorized Article
13404,[],Uncategorized Article
16575,[],Uncategorized Article
1942,[],Uncategorized Article
10295,[],Uncategorized Article
4331,[],Uncategorized Article
26844,[],Uncategorized Article
14119,[],Uncategorized Article
3970,[],Uncategorized Article
23409,[],Uncategorized Article
24172,[],Uncategorized Article
12851,[],Uncategorized Article
13193,[],Uncategorized Article
2775,[],Uncategorized Article
4145,[],Uncategorized Article
24607,[],Uncategorized Article
19001,[],Uncategorized Article
2411,[],Uncategorized Article
17478,[],Uncategorized Article
15457,[],Uncategorized Article
1546,[],Uncategorized Article
20973,[],Uncategorized Article
6953,[],Uncategorized Article
3135,[],Uncategorized Article
20240,[],Uncategorized Article
13232,[],Uncategorized Article
15627,[],Uncategorized Article
25952,[],Uncategorized Article
14715,[],Uncategorized Article
3805,[],Uncategorized Article
25241,[],Uncategorized Article
22000,[],Uncategorized Article
15160,[],Uncategorized Article
6774,[],Uncategorized Article
19678,[],Uncategorized Article
14062,[],Uncategorized Article
16848,[],Uncategorized Article
17641,[],Uncategorized Article
10020,[],Uncategorized Article
18643,[],Uncategorized Article
3327,[],Uncategorized Article
7382,[],Uncategorized Article
24575,[],Uncategorized Article
1262,[],Uncategorized Article
17359,[],Uncategorized Article
22889,[],Uncategorized Article
13117,[],Uncategorized Article
13455,[],Uncategorized Article
6582,[],Uncategorized Article
18771,[],Uncategorized Article
21119,[],Uncategorized Article
5021,[],Uncategorized Article
12583,[],Uncategorized Article
14995,[],Uncategorized Article
11413,[],Uncategorized Article
20266,[],Uncategorized Article
9802,[],Uncategorized Article
20259,[],Uncategorized Article
19173,[],Uncategorized Article
18241,[],Uncategorized Article
19404,[],Uncategorized Article
4108,[],Uncategorized Article
5213,[],Uncategorized Article
3255,[],Uncategorized Article
7323,[],Uncategorized Article
2690,[],Uncategorized Article
14501,[],Uncategorized Article
4627,[],Uncategorized Article
23358,[],Uncategorized Article
1319,[],Uncategorized Article
23521,[],Uncategorized Article
16590,[],Uncategorized Article
5162,[],Uncategorized Article
7226,[],Uncategorized Article
22492,[],Uncategorized Article
12192,[],Uncategorized Article
17519,[],Uncategorized Article
4529,[],Uncategorized Article
11667,[],Uncategorized Article
19889,[],Uncategorized Article
21133,[],Uncategorized Article
12380,[],Uncategorized Article
9941,[],Uncategorized Article
22039,[],Uncategorized Article
18062,[],Uncategorized Article
6336,[],Uncategorized Article
6982,[],Uncategorized Article
10066,[],Uncategorized Article
917,[],Uncategorized Article
18889,[],Uncategorized Article
13288,[],Uncategorized Article
19288,[],Uncategorized Article
570,[],Uncategorized Article
17832,[],Uncategorized Article
3414,[],Uncategorized Article
24294,[],Uncategorized Article
14806,[],Uncategorized Article
7031,[],Uncategorized Article
6837,[],Uncategorized Article
13878,[],Uncategorized Article
19610,[],Uncategorized Article
19345,[],Uncategorized Article
20767,[],Uncategorized Article
14026,[],Uncategorized Article
14232,[],Uncategorized Article
19923,[],Uncategorized Article
2217,[],Uncategorized Article
25600,[],Uncategorized Article
22524,[],Uncategorized Article
2827,[],Uncategorized Article
23304,[],Uncategorized Article
4996,[],Uncategorized Article
17722,[],Uncategorized Article
3262,[],Uncategorized Article
22979,[],Uncategorized Article
6838,[],Uncategorized Article
25116,[],Uncategorized Article
5741,[],Uncategorized Article
650,[],Uncategorized Article
11094,[],Uncategorized Article
18642,[],Uncategorized Article
15407,[],Uncategorized Article
5395,[],Uncategorized Article
7082,[],Uncategorized Article
23872,[],Uncategorized Article
3521,[],Uncategorized Article
10922,[],Uncategorized Article
23466,[],Uncategorized Article
4478,[],Uncategorized Article
5660,[],Uncategorized Article
9788,[],Uncategorized Article
67,[],Uncategorized Article
10776,[],Uncategorized Article
21188,[],Uncategorized Article
13519,[],Uncategorized Article
22066,[],Uncategorized Article
17642,[],Uncategorized Article
3839,[],Uncategorized Article
15715,[],Uncategorized Article
17375,[],Uncategorized Article
19888,[],Uncategorized Article
8305,[],Uncategorized Article
919,[],Uncategorized Article
10701,[],Uncategorized Article
165,[],Uncategorized Article
24080,[],Uncategorized Article
21950,[],Uncategorized Article
6644,[],Uncategorized Article
14334,[],Uncategorized Article
16285,[],Uncategorized Article
14282,[],Uncategorized Article
4594,[],Uncategorized Article
19348,[],Uncategorized Article
10698,[],Uncategorized Article
13299,[],Uncategorized Article
2850,[],Uncategorized Article
19212,[],Uncategorized Article
12638,[],Uncategorized Article
26875,[],Uncategorized Article
4460,[],Uncategorized Article
23371,[],Uncategorized Article
14908,[],Uncategorized Article
6623,[],Uncategorized Article
9306,[],Uncategorized Article
24873,[],Uncategorized Article
8490,[],Uncategorized Article
9867,[],Uncategorized Article
2735,[],Uncategorized Article
5669,[],Uncategorized Article
12031,[],Uncategorized Article
21372,[],Uncategorized Article
25648,[],Uncategorized Article
2378,[],Uncategorized Article
15623,[],Uncategorized Article
4172,[],Uncategorized Article
12391,[],Uncategorized Article
12742,[],Uncategorized Article
16103,[],Uncategorized Article
22078,[],Uncategorized Article
14010,[],Uncategorized Article
365,[],Uncategorized Article
2103,[],Uncategorized Article
20143,[],Uncategorized Article
689,[],Uncategorized Article
18221,[],Uncategorized Article
24250,[],Uncategorized Article
19259,[],Uncategorized Article
9732,[],Uncategorized Article
5710,[],Uncategorized Article
16034,[],Uncategorized Article
20884,[],Uncategorized Article
15228,[],Uncategorized Article
1093,[],Uncategorized Article
18965,[],Uncategorized Article
6718,[],Uncategorized Article
26784,[],Uncategorized Article
15899,[],Uncategorized Article
16544,[],Uncategorized Article
203,[],Uncategorized Article
20324,[],Uncategorized Article
24164,[],Uncategorized Article
25574,[],Uncategorized Article
4933,[],Uncategorized Article
10006,[],Uncategorized Article
26949,[],Uncategorized Article
1230,[],Uncategorized Article
15796,[],Uncategorized Article
19430,[],Uncategorized Article
7957,[],Uncategorized Article
19299,[],Uncategorized Article
25765,[],Uncategorized Article
24131,[],Uncategorized Article
22999,[],Uncategorized Article
4251,[],Uncategorized Article
15020,[],Uncategorized Article
13440,[],Uncategorized Article
12226,[],Uncategorized Article
19109,[],Uncategorized Article
20674,[],Uncategorized Article
4334,[],Uncategorized Article
10744,[],Uncategorized Article
26339,[],Uncategorized Article
16767,[],Uncategorized Article
13680,[],Uncategorized Article
7485,[],Uncategorized Article
12945,[],Uncategorized Article
4886,[],Uncategorized Article
857,[],Uncategorized Article
16754,[],Uncategorized Article
6539,[],Uncategorized Article
18945,[],Uncategorized Article
20185,[],Uncategorized Article
21839,[],Uncategorized Article
22283,[],Uncategorized Article
12682,[],Uncategorized Article
10539,[],Uncategorized Article
8841,[],Uncategorized Article
6859,[],Uncategorized Article
10973,[],Uncategorized Article
23026,[],Uncategorized Article
10625,[],Uncategorized Article
954,[],Uncategorized Article
7404,[],Uncategorized Article
5944,[],Uncategorized Article
16999,[],Uncategorized Article
18959,[],Uncategorized Article
53,[],Uncategorized Article
6410,[],Uncategorized Article
19724,[],Uncategorized Article
3516,[],Uncategorized Article
19275,[],Uncategorized Article
20029,[],Uncategorized Article
11748,[],Uncategorized Article
489,[],Uncategorized Article
13145,[],Uncategorized Article
15935,[],Uncategorized Article
18196,[],Uncategorized Article
24372,[],Uncategorized Article
17374,[],Uncategorized Article
26527,[],Uncategorized Article
23007,[],Uncategorized Article
11705,[],Uncategorized Article
2972,[],Uncategorized Article
24935,[],Uncategorized Article
2942,[],Uncategorized Article
3163,[],Uncategorized Article
21062,[],Uncategorized Article
2618,[],Uncategorized Article
19996,[],Uncategorized Article
8235,[],Uncategorized Article
21714,[],Uncategorized Article
11618,[],Uncategorized Article
20176,[],Uncategorized Article
11763,[],Uncategorized Article
11577,[],Uncategorized Article
2854,[],Uncategorized Article
3439,[],Uncategorized Article
1892,[],Uncategorized Article
26642,[],Uncategorized Article
21639,[],Uncategorized Article
15768,[],Uncategorized Article
21551,[],Uncategorized Article
13006,[],Uncategorized Article
11767,[],Uncategorized Article
17889,[],Uncategorized Article
670,[],Uncategorized Article
26237,[],Uncategorized Article
15240,[],Uncategorized Article
14896,[],Uncategorized Article
9471,[],Uncategorized Article
23580,[],Uncategorized Article
897,[],Uncategorized Article
3306,[],Uncategorized Article
8026,[],Uncategorized Article
10858,[],Uncategorized Article
2890,[],Uncategorized Article
23636,[],Uncategorized Article
14394,[],Uncategorized Article
23301,[],Uncategorized Article
8397,[],Uncategorized Article
14005,[],Uncategorized Article
16386,[],Uncategorized Article
14162,[],Uncategorized Article
11996,[],Uncategorized Article
634,[],Uncategorized Article
12508,[],Uncategorized Article
16915,[],Uncategorized Article
25113,[],Uncategorized Article
25156,[],Uncategorized Article
6476,[],Uncategorized Article
15169,[],Uncategorized Article
4177,[],Uncategorized Article
24900,[],Uncategorized Article
26609,[],Uncategorized Article
11064,[],Uncategorized Article
19790,[],Uncategorized Article
10531,[],Uncategorized Article
5991,[],Uncategorized Article
22505,[],Uncategorized Article
18949,[],Uncategorized Article
2581,[],Uncategorized Article
24707,[],Uncategorized Article
11999,[],Uncategorized Article
8385,[],Uncategorized Article
18991,[],Uncategorized Article
10674,[],Uncategorized Article
9447,[],Uncategorized Article
2104,[],Uncategorized Article
26064,[],Uncategorized Article
23262,[],Uncategorized Article
3764,[],Uncategorized Article
4234,[],Uncategorized Article
4994,[],Uncategorized Article
23401,[],Uncategorized Article
5057,[],Uncategorized Article
17042,[],Uncategorized Article
4434,[],Uncategorized Article
11676,[],Uncategorized Article
717,[],Uncategorized Article
3816,[],Uncategorized Article
6773,[],Uncategorized Article
11186,[],Uncategorized Article
10738,[],Uncategorized Article
14671,[],Uncategorized Article
9813,[],Uncategorized Article
26236,[],Uncategorized Article
20288,[],Uncategorized Article
25509,[],Uncategorized Article
9288,[],Uncategorized Article
6811,[],Uncategorized Article
3893,[],Uncategorized Article
9359,[],Uncategorized Article
15129,[],Uncategorized Article
10655,[],Uncategorized Article
3700,[],Uncategorized Article
7374,[],Uncategorized Article
18172,[],Uncategorized Article
6314,[],Uncategorized Article
12816,[],Uncategorized Article
3645,[],Uncategorized Article
18160,[],Uncategorized Article
192,[],Uncategorized Article
13414,[],Uncategorized Article
816,[],Uncategorized Article
25969,[],Uncategorized Article
15810,[],Uncategorized Article
21772,[],Uncategorized Article
6160,[],Uncategorized Article
15641,[],Uncategorized Article
21335,[],Uncategorized Article
19071,[],Uncategorized Article
4390,[],Uncategorized Article
11164,[],Uncategorized Article
4927,[],Uncategorized Article
5552,[],Uncategorized Article
10799,[],Uncategorized Article
23920,[],Uncategorized Article
238,[],Uncategorized Article
12207,[],Uncategorized Article
26022,[],Uncategorized Article
11169,[],Uncategorized Article
22385,[],Uncategorized Article
4236,[],Uncategorized Article
5618,[],Uncategorized Article
23004,[],Uncategorized Article
8640,[],Uncategorized Article
5097,[],Uncategorized Article
14665,[],Uncategorized Article
2242,[],Uncategorized Article
22464,[],Uncategorized Article
3552,[],Uncategorized Article
19389,[],Uncategorized Article
19744,[],Uncategorized Article
25603,[],Uncategorized Article
8328,[],Uncategorized Article
5628,[],Uncategorized Article
10602,[],Uncategorized Article
22167,[],Uncategorized Article
4507,[],Uncategorized Article
24868,[],Uncategorized Article
12174,[],Uncategorized Article
14453,[],Uncategorized Article
16530,[],Uncategorized Article
15093,[],Uncategorized Article
23226,[],Uncategorized Article
2294,[],Uncategorized Article
11803,[],Uncategorized Article
26783,[],Uncategorized Article
24856,[],Uncategorized Article
14318,[],Uncategorized Article
22934,[],Uncategorized Article
21113,[],Uncategorized Article
8690,[],Uncategorized Article
7081,[],Uncategorized Article
4733,[],Uncategorized Article
8912,[],Uncategorized Article
20768,[],Uncategorized Article
13045,[],Uncategorized Article
22398,[],Uncategorized Article
25882,[],Uncategorized Article
11281,[],Uncategorized Article
14955,[],Uncategorized Article
25884,[],Uncategorized Article
20929,[],Uncategorized Article
16980,[],Uncategorized Article
25781,[],Uncategorized Article
11510,[],Uncategorized Article
5520,[],Uncategorized Article
21548,[],Uncategorized Article
18031,[],Uncategorized Article
11821,[],Uncategorized Article
2700,[],Uncategorized Article
1700,[],Uncategorized Article
13596,[],Uncategorized Article
19157,[],Uncategorized Article
6968,[],Uncategorized Article
25120,[],Uncategorized Article
16322,[],Uncategorized Article
6219,[],Uncategorized Article
22906,[],Uncategorized Article
86,[],Uncategorized Article
24492,[],Uncategorized Article
26327,[],Uncategorized Article
18978,[],Uncategorized Article
15346,[],Uncategorized Article
17413,[],Uncategorized Article
136,[],Uncategorized Article
6972,[],Uncategorized Article
11087,[],Uncategorized Article
19238,[],Uncategorized Article
15721,[],Uncategorized Article
1200,[],Uncategorized Article
6121,[],Uncategorized Article
15748,[],Uncategorized Article
12127,[],Uncategorized Article
23757,[],Uncategorized Article
14125,[],Uncategorized Article
13622,[],Uncategorized Article
6296,[],Uncategorized Article
3927,[],Uncategorized Article
14387,[],Uncategorized Article
25411,[],Uncategorized Article
3606,[],Uncategorized Article
21225,[],Uncategorized Article
2330,[],Uncategorized Article
11707,[],Uncategorized Article
2187,[],Uncategorized Article
195,[],Uncategorized Article
12356,[],Uncategorized Article
21443,[],Uncategorized Article
17186,[],Uncategorized Article
15954,[],Uncategorized Article
14638,[],Uncategorized Article
2668,[],Uncategorized Article
16625,[],Uncategorized Article
18452,[],Uncategorized Article
15195,[],Uncategorized Article
2761,[],Uncategorized Article
2032,[],Uncategorized Article
17028,[],Uncategorized Article
5103,[],Uncategorized Article
13652,[],Uncategorized Article
1637,[],Uncategorized Article
8312,[],Uncategorized Article
11173,[],Uncategorized Article
25062,[],Uncategorized Article
3074,[],Uncategorized Article
7296,[],Uncategorized Article
3278,[],Uncategorized Article
8003,[],Uncategorized Article
21354,[],Uncategorized Article
22811,[],Uncategorized Article
8326,[],Uncategorized Article
13516,[],Uncategorized Article
7352,[],Uncategorized Article
13450,[],Uncategorized Article
10751,[],Uncategorized Article
7829,[],Uncategorized Article
16446,[],Uncategorized Article
7697,[],Uncategorized Article
14427,[],Uncategorized Article
5668,[],Uncategorized Article
23020,[],Uncategorized Article
10659,[],Uncategorized Article
17063,[],Uncategorized Article
18425,[],Uncategorized Article
8933,[],Uncategorized Article
5307,[],Uncategorized Article
23307,[],Uncategorized Article
20025,[],Uncategorized Article
24418,[],Uncategorized Article
19642,[],Uncategorized Article
12855,[],Uncategorized Article
18257,[],Uncategorized Article
21128,[],Uncategorized Article
19296,[],Uncategorized Article
11035,[],Uncategorized Article
20411,[],Uncategorized Article
5488,[],Uncategorized Article
16678,[],Uncategorized Article
8024,[],Uncategorized Article
10748,[],Uncategorized Article
16873,[],Uncategorized Article
690,[],Uncategorized Article
12013,[],Uncategorized Article
16986,[],Uncategorized Article
10103,[],Uncategorized Article
1014,[],Uncategorized Article
869,[],Uncategorized Article
1993,[],Uncategorized Article
10626,[],Uncategorized Article
11949,[],Uncategorized Article
14839,[],Uncategorized Article
14924,[],Uncategorized Article
10558,[],Uncategorized Article
7610,[],Uncategorized Article
5283,[],Uncategorized Article
4370,[],Uncategorized Article
1361,[],Uncategorized Article
17910,[],Uncategorized Article
1629,[],Uncategorized Article
12625,[],Uncategorized Article
1551,[],Uncategorized Article
20810,[],Uncategorized Article
26583,[],Uncategorized Article
17721,[],Uncategorized Article
20285,[],Uncategorized Article
21425,[],Uncategorized Article
8252,[],Uncategorized Article
10442,[],Uncategorized Article
14631,[],Uncategorized Article
23120,[],Uncategorized Article
5039,[],Uncategorized Article
18730,[],Uncategorized Article
26049,[],Uncategorized Article
21869,[],Uncategorized Article
5694,[],Uncategorized Article
5119,[],Uncategorized Article
21550,[],Uncategorized Article
1134,[],Uncategorized Article
10996,[],Uncategorized Article
10278,[],Uncategorized Article
10451,[],Uncategorized Article
4017,[],Uncategorized Article
10409,[],Uncategorized Article
2424,[],Uncategorized Article
4138,[],Uncategorized Article
12048,[],Uncategorized Article
859,[],Uncategorized Article
2962,[],Uncategorized Article
2426,[],Uncategorized Article
25024,[],Uncategorized Article
17748,[],Uncategorized Article
7674,[],Uncategorized Article
18163,[],Uncategorized Article
19874,[],Uncategorized Article
25850,[],Uncategorized Article
18485,[],Uncategorized Article
18202,[],Uncategorized Article
16753,[],Uncategorized Article
4937,[],Uncategorized Article
10896,[],Uncategorized Article
5285,[],Uncategorized Article
8367,[],Uncategorized Article
12905,[],Uncategorized Article
2093,[],Uncategorized Article
24848,[],Uncategorized Article
11336,[],Uncategorized Article
11683,[],Uncategorized Article
7817,[],Uncategorized Article
1920,[],Uncategorized Article
82,[],Uncategorized Article
17200,[],Uncategorized Article
13318,[],Uncategorized Article
23832,[],Uncategorized Article
4396,[],Uncategorized Article
8475,[],Uncategorized Article
20504,[],Uncategorized Article
18845,[],Uncategorized Article
1813,[],Uncategorized Article
1271,[],Uncategorized Article
15226,[],Uncategorized Article
2994,[],Uncategorized Article
25637,[],Uncategorized Article
15674,[],Uncategorized Article
15438,[],Uncategorized Article
24926,[],Uncategorized Article
26150,[],Uncategorized Article
2642,[],Uncategorized Article
9280,[],Uncategorized Article
22537,[],Uncategorized Article
18689,[],Uncategorized Article
23798,[],Uncategorized Article
21562,[],Uncategorized Article
4195,[],Uncategorized Article
13032,[],Uncategorized Article
12768,[],Uncategorized Article
12360,[],Uncategorized Article
3849,[],Uncategorized Article
26793,[],Uncategorized Article
24775,[],Uncategorized Article
16194,[],Uncategorized Article
15253,[],Uncategorized Article
19233,[],Uncategorized Article
16193,[],Uncategorized Article
3554,[],Uncategorized Article
18579,[],Uncategorized Article
13237,[],Uncategorized Article
2600,[],Uncategorized Article
23305,[],Uncategorized Article
1518,[],Uncategorized Article
4117,[],Uncategorized Article
10825,[],Uncategorized Article
5755,[],Uncategorized Article
5633,[],Uncategorized Article
8399,[],Uncategorized Article
24514,[],Uncategorized Article
13065,[],Uncategorized Article
7162,[],Uncategorized Article
22192,[],Uncategorized Article
20186,[],Uncategorized Article
14256,[],Uncategorized Article
11737,[],Uncategorized Article
15441,[],Uncategorized Article
1988,[],Uncategorized Article
7737,[],Uncategorized Article
16901,[],Uncategorized Article
10561,[],Uncategorized Article
201,[],Uncategorized Article
25769,[],Uncategorized Article
22077,[],Uncategorized Article
20840,[],Uncategorized Article
19145,[],Uncategorized Article
15166,[],Uncategorized Article
22295,[],Uncategorized Article
4855,[],Uncategorized Article
25456,[],Uncategorized Article
9741,[],Uncategorized Article
12502,[],Uncategorized Article
15950,[],Uncategorized Article
18822,[],Uncategorized Article
3765,[],Uncategorized Article
23431,[],Uncategorized Article
13452,[],Uncategorized Article
6432,[],Uncategorized Article
7846,[],Uncategorized Article
22829,[],Uncategorized Article
12253,[],Uncategorized Article
21205,[],Uncategorized Article
16402,[],Uncategorized Article
19944,[],Uncategorized Article
20335,[],Uncategorized Article
16433,[],Uncategorized Article
26864,[],Uncategorized Article
887,[],Uncategorized Article
6261,[],Uncategorized Article
6989,[],Uncategorized Article
6043,[],Uncategorized Article
10808,[],Uncategorized Article
19552,[],Uncategorized Article
19333,[],Uncategorized Article
1424,[],Uncategorized Article
16523,[],Uncategorized Article
15924,[],Uncategorized Article
19581,[],Uncategorized Article
21515,[],Uncategorized Article
112,[],Uncategorized Article
8160,[],Uncategorized Article
25193,[],Uncategorized Article
16199,[],Uncategorized Article
4559,[],Uncategorized Article
20979,[],Uncategorized Article
23786,[],Uncategorized Article
11442,[],Uncategorized Article
21074,[],Uncategorized Article
11254,[],Uncategorized Article
24162,[],Uncategorized Article
8566,[],Uncategorized Article
16311,[],Uncategorized Article
19661,[],Uncategorized Article
10758,[],Uncategorized Article
20452,[],Uncategorized Article
20792,[],Uncategorized Article
17266,[],Uncategorized Article
19477,[],Uncategorized Article
16835,[],Uncategorized Article
3731,[],Uncategorized Article
25588,[],Uncategorized Article
4986,[],Uncategorized Article
20047,[],Uncategorized Article
2763,[],Uncategorized Article
13794,[],Uncategorized Article
24692,[],Uncategorized Article
1855,[],Uncategorized Article
15599,[],Uncategorized Article
12812,[],Uncategorized Article
999,[],Uncategorized Article
389,[],Uncategorized Article
11599,[],Uncategorized Article
6426,[],Uncategorized Article
17860,[],Uncategorized Article
18624,[],Uncategorized Article
10578,[],Uncategorized Article
25842,[],Uncategorized Article
8112,[],Uncategorized Article
17376,[],Uncategorized Article
4997,[],Uncategorized Article
20306,[],Uncategorized Article
19356,[],Uncategorized Article
14211,[],Uncategorized Article
25898,[],Uncategorized Article
4796,[],Uncategorized Article
4769,[],Uncategorized Article
17677,[],Uncategorized Article
11065,[],Uncategorized Article
4173,[],Uncategorized Article
18919,[],Uncategorized Article
25833,[],Uncategorized Article
1907,[],Uncategorized Article
4946,[],Uncategorized Article
8560,[],Uncategorized Article
6033,[],Uncategorized Article
7619,[],Uncategorized Article
1151,[],Uncategorized Article
17951,[],Uncategorized Article
19555,[],Uncategorized Article
24612,[],Uncategorized Article
9689,[],Uncategorized Article
7106,[],Uncategorized Article
25427,[],Uncategorized Article
20544,[],Uncategorized Article
4287,[],Uncategorized Article
2230,[],Uncategorized Article
174,[],Uncategorized Article
18287,[],Uncategorized Article
8752,[],Uncategorized Article
3408,[],Uncategorized Article
1538,[],Uncategorized Article
2292,[],Uncategorized Article
9523,[],Uncategorized Article
1363,[],Uncategorized Article
4357,[],Uncategorized Article
21644,[],Uncategorized Article
18504,[],Uncategorized Article
18908,[],Uncategorized Article
680,[],Uncategorized Article
13050,[],Uncategorized Article
24073,[],Uncategorized Article
3664,[],Uncategorized Article
18045,[],Uncategorized Article
508,[],Uncategorized Article
166,[],Uncategorized Article
13689,[],Uncategorized Article
24620,[],Uncategorized Article
26240,[],Uncategorized Article
1914,[],Uncategorized Article
7263,[],Uncategorized Article
26516,[],Uncategorized Article
26665,[],Uncategorized Article
10728,[],Uncategorized Article
1104,[],Uncategorized Article
12067,[],Uncategorized Article
2610,[],Uncategorized Article
9944,[],Uncategorized Article
5310,[],Uncategorized Article
23512,[],Uncategorized Article
11108,[],Uncategorized Article
11156,[],Uncategorized Article
22138,[],Uncategorized Article
152,[],Uncategorized Article
13422,[],Uncategorized Article
22063,[],Uncategorized Article
2832,[],Uncategorized Article
26857,[],Uncategorized Article
22729,[],Uncategorized Article
3551,[],Uncategorized Article
20106,[],Uncategorized Article
23562,[],Uncategorized Article
25000,[],Uncategorized Article
12541,[],Uncategorized Article
4538,[],Uncategorized Article
14367,[],Uncategorized Article
24541,[],Uncategorized Article
10014,[],Uncategorized Article
12278,[],Uncategorized Article
23869,[],Uncategorized Article
15088,[],Uncategorized Article
18375,[],Uncategorized Article
25674,[],Uncategorized Article
5141,[],Uncategorized Article
11814,[],Uncategorized Article
20195,[],Uncategorized Article
25226,[],Uncategorized Article
3450,[],Uncategorized Article
20975,[],Uncategorized Article
16589,[],Uncategorized Article
13156,[],Uncategorized Article
2749,[],Uncategorized Article
18233,[],Uncategorized Article
25749,[],Uncategorized Article
19624,[],Uncategorized Article
12707,[],Uncategorized Article
20466,[],Uncategorized Article
19493,[],Uncategorized Article
13131,[],Uncategorized Article
12251,[],Uncategorized Article
10179,[],Uncategorized Article
22318,[],Uncategorized Article
5810,[],Uncategorized Article
5634,[],Uncategorized Article
20691,[],Uncategorized Article
11580,[],Uncategorized Article
19540,[],Uncategorized Article
13926,[],Uncategorized Article
25846,[],Uncategorized Article
1380,[],Uncategorized Article
25122,[],Uncategorized Article
14901,[],Uncategorized Article
3832,[],Uncategorized Article
25236,[],Uncategorized Article
4776,[],Uncategorized Article
4276,[],Uncategorized Article
4958,[],Uncategorized Article
26458,[],Uncategorized Article
23777,[],Uncategorized Article
16662,[],Uncategorized Article
7415,[],Uncategorized Article
3252,[],Uncategorized Article
22863,[],Uncategorized Article
16673,[],Uncategorized Article
19459,[],Uncategorized Article
24398,[],Uncategorized Article
24029,[],Uncategorized Article
26965,[],Uncategorized Article
14300,[],Uncategorized Article
15523,[],Uncategorized Article
14270,[],Uncategorized Article
12327,[],Uncategorized Article
11546,[],Uncategorized Article
15639,[],Uncategorized Article
15042,[],Uncategorized Article
14208,[],Uncategorized Article
2468,[],Uncategorized Article
24153,[],Uncategorized Article
16654,[],Uncategorized Article
20954,[],Uncategorized Article
11757,[],Uncategorized Article
13869,[],Uncategorized Article
16998,[],Uncategorized Article
9583,[],Uncategorized Article
6696,[],Uncategorized Article
20700,[],Uncategorized Article
3180,[],Uncategorized Article
15089,[],Uncategorized Article
17806,[],Uncategorized Article
8275,[],Uncategorized Article
9065,[],Uncategorized Article
11030,[],Uncategorized Article
24060,[],Uncategorized Article
4557,[],Uncategorized Article
7812,[],Uncategorized Article
12839,[],Uncategorized Article
6297,[],Uncategorized Article
26798,[],Uncategorized Article
14534,[],Uncategorized Article
26591,[],Uncategorized Article
1132,[],Uncategorized Article
10642,[],Uncategorized Article
10521,[],Uncategorized Article
22626,[],Uncategorized Article
26128,[],Uncategorized Article
25879,[],Uncategorized Article
2871,[],Uncategorized Article
12996,[],Uncategorized Article
19164,[],Uncategorized Article
1772,[],Uncategorized Article
10593,[],Uncategorized Article
21904,[],Uncategorized Article
1913,[],Uncategorized Article
14212,[],Uncategorized Article
23422,[],Uncategorized Article
9256,[],Uncategorized Article
20170,[],Uncategorized Article
12602,[],Uncategorized Article
23324,[],Uncategorized Article
14188,[],Uncategorized Article
15417,[],Uncategorized Article
18545,[],Uncategorized Article
19392,[],Uncategorized Article
1105,[],Uncategorized Article
23229,[],Uncategorized Article
17076,[],Uncategorized Article
23962,[],Uncategorized Article
4956,[],Uncategorized Article
8307,[],Uncategorized Article
26225,[],Uncategorized Article
20753,[],Uncategorized Article
19149,[],Uncategorized Article
20313,[],Uncategorized Article
25073,[],Uncategorized Article
3696,[],Uncategorized Article
7778,[],Uncategorized Article
22991,[],Uncategorized Article
628,[],Uncategorized Article
2451,[],Uncategorized Article
22855,[],Uncategorized Article
20208,[],Uncategorized Article
25621,[],Uncategorized Article
26948,[],Uncategorized Article
20127,[],Uncategorized Article
2176,[],Uncategorized Article
19702,[],Uncategorized Article
23045,[],Uncategorized Article
2787,[],Uncategorized Article
12297,[],Uncategorized Article
1196,[],Uncategorized Article
18060,[],Uncategorized Article
20331,[],Uncategorized Article
7618,[],Uncategorized Article
4444,[],Uncategorized Article
11128,[],Uncategorized Article
15514,[],Uncategorized Article
5722,[],Uncategorized Article
23899,[],Uncategorized Article
10695,[],Uncategorized Article
24902,[],Uncategorized Article
18753,[],Uncategorized Article
4967,[],Uncategorized Article
18601,[],Uncategorized Article
10410,[],Uncategorized Article
19710,[],Uncategorized Article
4009,[],Uncategorized Article
15515,[],Uncategorized Article
3583,[],Uncategorized Article
26702,[],Uncategorized Article
18020,[],Uncategorized Article
20003,[],Uncategorized Article
22601,[],Uncategorized Article
18852,[],Uncategorized Article
12424,[],Uncategorized Article
8277,[],Uncategorized Article
22620,[],Uncategorized Article
22357,[],Uncategorized Article
3667,[],Uncategorized Article
12474,[],Uncategorized Article
21542,[],Uncategorized Article
12782,[],Uncategorized Article
10211,[],Uncategorized Article
3423,[],Uncategorized Article
10717,[],Uncategorized Article
8199,[],Uncategorized Article
18793,[],Uncategorized Article
19596,[],Uncategorized Article
25022,[],Uncategorized Article
5366,[],Uncategorized Article
17313,[],Uncategorized Article
2895,[],Uncategorized Article
14122,[],Uncategorized Article
1296,[],Uncategorized Article
3642,[],Uncategorized Article
23213,[],Uncategorized Article
24773,[],Uncategorized Article
26584,[],Uncategorized Article
26332,[],Uncategorized Article
8548,[],Uncategorized Article
21642,[],Uncategorized Article
5451,[],Uncategorized Article
10685,[],Uncategorized Article
15449,[],Uncategorized Article
7866,[],Uncategorized Article
19127,[],Uncategorized Article
12867,[],Uncategorized Article
14607,[],Uncategorized Article
9797,[],Uncategorized Article
11755,[],Uncategorized Article
13979,[],Uncategorized Article
21342,[],Uncategorized Article
9738,[],Uncategorized Article
14385,[],Uncategorized Article
6474,[],Uncategorized Article
8811,[],Uncategorized Article
492,[],Uncategorized Article
11691,[],Uncategorized Article
24204,[],Uncategorized Article
1116,[],Uncategorized Article
5637,[],Uncategorized Article
5085,[],Uncategorized Article
1757,[],Uncategorized Article
11486,[],Uncategorized Article
23274,[],Uncategorized Article
25720,[],Uncategorized Article
6353,[],Uncategorized Article
25755,[],Uncategorized Article
26861,[],Uncategorized Article
26976,[],Uncategorized Article
21625,[],Uncategorized Article
3644,[],Uncategorized Article
19167,[],Uncategorized Article
14350,[],Uncategorized Article
12001,[],Uncategorized Article
23201,[],Uncategorized Article
11185,[],Uncategorized Article
1696,[],Uncategorized Article
22069,[],Uncategorized Article
2295,[],Uncategorized Article
14794,[],Uncategorized Article
14696,[],Uncategorized Article
5939,[],Uncategorized Article
25634,[],Uncategorized Article
9968,[],Uncategorized Article
11033,[],Uncategorized Article
3313,[],Uncategorized Article
21165,[],Uncategorized Article
14824,[],Uncategorized Article
23345,[],Uncategorized Article
9784,[],Uncategorized Article
9915,[],Uncategorized Article
215,[],Uncategorized Article
1072,[],Uncategorized Article
8682,[],Uncategorized Article
25835,[],Uncategorized Article
19867,[],Uncategorized Article
7006,[],Uncategorized Article
21486,[],Uncategorized Article
13379,[],Uncategorized Article
20148,[],Uncategorized Article
8652,[],Uncategorized Article
22794,[],Uncategorized Article
13705,[],Uncategorized Article
15384,[],Uncategorized Article
25,[],Uncategorized Article
26216,[],Uncategorized Article
10601,[],Uncategorized Article
7659,[],Uncategorized Article
13401,[],Uncategorized Article
5690,[],Uncategorized Article
9744,[],Uncategorized Article
25933,[],Uncategorized Article
25111,[],Uncategorized Article
12721,[],Uncategorized Article
9171,[],Uncategorized Article
10847,[],Uncategorized Article
11908,[],Uncategorized Article
630,[],Uncategorized Article
21607,[],Uncategorized Article
25186,[],Uncategorized Article
8707,[],Uncategorized Article
23726,[],Uncategorized Article
6614,[],Uncategorized Article
5243,[],Uncategorized Article
1102,[],Uncategorized Article
19660,[],Uncategorized Article
21729,[],Uncategorized Article
2204,[],Uncategorized Article
26711,[],Uncategorized Article
12903,[],Uncategorized Article
11477,[],Uncategorized Article
11308,[],Uncategorized Article
13767,[],Uncategorized Article
15064,[],Uncategorized Article
12512,[],Uncategorized Article
26989,[],Uncategorized Article
18591,[],Uncategorized Article
20936,[],Uncategorized Article
20786,[],Uncategorized Article
20102,[],Uncategorized Article
17356,[],Uncategorized Article
20963,[],Uncategorized Article
14890,[],Uncategorized Article
719,[],Uncategorized Article
13839,[],Uncategorized Article
6155,[],Uncategorized Article
20093,[],Uncategorized Article
19187,[],Uncategorized Article
18950,[],Uncategorized Article
4025,[],Uncategorized Article
22582,[],Uncategorized Article
8224,[],Uncategorized Article
17908,[],Uncategorized Article
20447,[],Uncategorized Article
15493,[],Uncategorized Article
19176,[],Uncategorized Article
16093,[],Uncategorized Article
18606,[],Uncategorized Article
5818,[],Uncategorized Article
11956,[],Uncategorized Article
3866,[],Uncategorized Article
23009,[],Uncategorized Article
2745,[],Uncategorized Article
11867,[],Uncategorized Article
10343,[],Uncategorized Article
23602,[],Uncategorized Article
11950,[],Uncategorized Article
24429,[],Uncategorized Article
19611,[],Uncategorized Article
4214,[],Uncategorized Article
20307,[],Uncategorized Article
12096,[],Uncategorized Article
15193,[],Uncategorized Article
19643,[],Uncategorized Article
1401,[],Uncategorized Article
12828,[],Uncategorized Article
21363,[],Uncategorized Article
3253,[],Uncategorized Article
25127,[],Uncategorized Article
19045,[],Uncategorized Article
2158,[],Uncategorized Article
8578,[],Uncategorized Article
17058,[],Uncategorized Article
23607,[],Uncategorized Article
7011,[],Uncategorized Article
23179,[],Uncategorized Article
10197,[],Uncategorized Article
3841,[],Uncategorized Article
18199,[],Uncategorized Article
19557,[],Uncategorized Article
20132,[],Uncategorized Article
11849,[],Uncategorized Article
2100,[],Uncategorized Article
1673,[],Uncategorized Article
10293,[],Uncategorized Article
4213,[],Uncategorized Article
7480,[],Uncategorized Article
17932,[],Uncategorized Article
14562,[],Uncategorized Article
26532,[],Uncategorized Article
11515,[],Uncategorized Article
8547,[],Uncategorized Article
21568,[],Uncategorized Article
17845,[],Uncategorized Article
14823,[],Uncategorized Article
16923,[],Uncategorized Article
19604,[],Uncategorized Article
16363,[],Uncategorized Article
22853,[],Uncategorized Article
14609,[],Uncategorized Article
18135,[],Uncategorized Article
20360,[],Uncategorized Article
18156,[],Uncategorized Article
9388,[],Uncategorized Article
10070,[],Uncategorized Article
10860,[],Uncategorized Article
18400,[],Uncategorized Article
2005,[],Uncategorized Article
20277,[],Uncategorized Article
19621,[],Uncategorized Article
20808,[],Uncategorized Article
15887,[],Uncategorized Article
15233,[],Uncategorized Article
13411,[],Uncategorized Article
2257,[],Uncategorized Article
23091,[],Uncategorized Article
20456,[],Uncategorized Article
5574,[],Uncategorized Article
9083,[],Uncategorized Article
26343,[],Uncategorized Article
5355,[],Uncategorized Article
6093,[],Uncategorized Article
7935,[],Uncategorized Article
24350,[],Uncategorized Article
1519,[],Uncategorized Article
26088,[],Uncategorized Article
1378,[],Uncategorized Article
22056,[],Uncategorized Article
18971,[],Uncategorized Article
15206,[],Uncategorized Article
21807,[],Uncategorized Article
22005,[],Uncategorized Article
24062,[],Uncategorized Article
13200,[],Uncategorized Article
26759,[],Uncategorized Article
5842,[],Uncategorized Article
7122,[],Uncategorized Article
16211,[],Uncategorized Article
12820,[],Uncategorized Article
5832,[],Uncategorized Article
9821,[],Uncategorized Article
21272,[],Uncategorized Article
12718,[],Uncategorized Article
22288,[],Uncategorized Article
522,[],Uncategorized Article
19991,[],Uncategorized Article
15372,[],Uncategorized Article
234,[],Uncategorized Article
12180,[],Uncategorized Article
20180,[],Uncategorized Article
6318,[],Uncategorized Article
11992,[],Uncategorized Article
25012,[],Uncategorized Article
1948,[],Uncategorized Article
6361,[],Uncategorized Article
26203,[],Uncategorized Article
24973,[],Uncategorized Article
11684,[],Uncategorized Article
22475,[],Uncategorized Article
15927,[],Uncategorized Article
25777,[],Uncategorized Article
2224,[],Uncategorized Article
25716,[],Uncategorized Article
15246,[],Uncategorized Article
16209,[],Uncategorized Article
5571,[],Uncategorized Article
4523,[],Uncategorized Article
5793,[],Uncategorized Article
20616,[],Uncategorized Article
5738,[],Uncategorized Article
19008,[],Uncategorized Article
4728,[],Uncategorized Article
7818,[],Uncategorized Article
8859,[],Uncategorized Article
26890,[],Uncategorized Article
22335,[],Uncategorized Article
15275,[],Uncategorized Article
26647,[],Uncategorized Article
2437,[],Uncategorized Article
22440,[],Uncategorized Article
14087,[],Uncategorized Article
22736,[],Uncategorized Article
11989,[],Uncategorized Article
3167,[],Uncategorized Article
18193,[],Uncategorized Article
24344,[],Uncategorized Article
21470,[],Uncategorized Article
13752,[],Uncategorized Article
15920,[],Uncategorized Article
14027,[],Uncategorized Article
7016,[],Uncategorized Article
13386,[],Uncategorized Article
15998,[],Uncategorized Article
12641,[],Uncategorized Article
23904,[],Uncategorized Article
4945,[],Uncategorized Article
15649,[],Uncategorized Article
12237,[],Uncategorized Article
6046,[],Uncategorized Article
9227,[],Uncategorized Article
5585,[],Uncategorized Article
5590,[],Uncategorized Article
1228,[],Uncategorized Article
18691,[],Uncategorized Article
13341,[],Uncategorized Article
13333,[],Uncategorized Article
14743,[],Uncategorized Article
8244,[],Uncategorized Article
23810,[],Uncategorized Article
16237,[],Uncategorized Article
6555,[],Uncategorized Article
15373,[],Uncategorized Article
12145,[],Uncategorized Article
159,[],Uncategorized Article
1589,[],Uncategorized Article
26787,[],Uncategorized Article
15369,[],Uncategorized Article
5565,[],Uncategorized Article
7190,[],Uncategorized Article
23479,[],Uncategorized Article
10576,[],Uncategorized Article
15061,[],Uncategorized Article
13364,[],Uncategorized Article
1556,[],Uncategorized Article
2828,[],Uncategorized Article
436,[],Uncategorized Article
22173,[],Uncategorized Article
15592,[],Uncategorized Article
26540,[],Uncategorized Article
17972,[],Uncategorized Article
2780,[],Uncategorized Article
3701,[],Uncategorized Article
5686,[],Uncategorized Article
20349,[],Uncategorized Article
4727,[],Uncategorized Article
17622,[],Uncategorized Article
2951,[],Uncategorized Article
23107,[],Uncategorized Article
2555,[],Uncategorized Article
10350,[],Uncategorized Article
23169,[],Uncategorized Article
17881,[],Uncategorized Article
12737,[],Uncategorized Article
6465,[],Uncategorized Article
7355,[],Uncategorized Article
15717,[],Uncategorized Article
7823,[],Uncategorized Article
12449,[],Uncategorized Article
25025,[],Uncategorized Article
15271,[],Uncategorized Article
5185,[],Uncategorized Article
22031,[],Uncategorized Article
8549,[],Uncategorized Article
5242,[],Uncategorized Article
18514,[],Uncategorized Article
2092,[],Uncategorized Article
21793,[],Uncategorized Article
10207,[],Uncategorized Article
11948,[],Uncategorized Article
187,[],Uncategorized Article
23417,[],Uncategorized Article
20039,[],Uncategorized Article
19810,[],Uncategorized Article
23703,[],Uncategorized Article
1381,[],Uncategorized Article
23923,[],Uncategorized Article
8605,[],Uncategorized Article
15743,[],Uncategorized Article
21421,[],Uncategorized Article
21281,[],Uncategorized Article
11528,[],Uncategorized Article
19559,[],Uncategorized Article
15038,[],Uncategorized Article
24950,[],Uncategorized Article
24183,[],Uncategorized Article
8448,[],Uncategorized Article
11390,[],Uncategorized Article
26867,[],Uncategorized Article
7295,[],Uncategorized Article
18619,[],Uncategorized Article
8068,[],Uncategorized Article
12935,[],Uncategorized Article
9959,[],Uncategorized Article
20620,[],Uncategorized Article
23294,[],Uncategorized Article
26397,[],Uncategorized Article
9764,[],Uncategorized Article
24,[],Uncategorized Article
3363,[],Uncategorized Article
1088,[],Uncategorized Article
12866,[],Uncategorized Article
10886,[],Uncategorized Article
11590,[],Uncategorized Article
25865,[],Uncategorized Article
19225,[],Uncategorized Article
10503,[],Uncategorized Article
12306,[],Uncategorized Article
20536,[],Uncategorized Article
17079,[],Uncategorized Article
15906,[],Uncategorized Article
25900,[],Uncategorized Article
11944,[],Uncategorized Article
6337,[],Uncategorized Article
17611,[],Uncategorized Article
18383,[],Uncategorized Article
276,[],Uncategorized Article
12413,[],Uncategorized Article
22313,[],Uncategorized Article
19337,[],Uncategorized Article
20021,[],Uncategorized Article
3906,[],Uncategorized Article
21162,[],Uncategorized Article
5845,[],Uncategorized Article
26596,[],Uncategorized Article
20501,[],Uncategorized Article
1137,[],Uncategorized Article
19151,[],Uncategorized Article
18108,[],Uncategorized Article
13324,[],Uncategorized Article
2490,[],Uncategorized Article
21826,[],Uncategorized Article
16165,[],Uncategorized Article
7742,[],Uncategorized Article
14482,[],Uncategorized Article
13127,[],Uncategorized Article
3935,[],Uncategorized Article
15072,[],Uncategorized Article
2384,[],Uncategorized Article
8016,[],Uncategorized Article
7084,[],Uncategorized Article
16499,[],Uncategorized Article
1863,[],Uncategorized Article
15688,[],Uncategorized Article
19503,[],Uncategorized Article
20642,[],Uncategorized Article
364,[],Uncategorized Article
9094,[],Uncategorized Article
19203,[],Uncategorized Article
23638,[],Uncategorized Article
23443,[],Uncategorized Article
18354,[],Uncategorized Article
21083,[],Uncategorized Article
3802,[],Uncategorized Article
15309,[],Uncategorized Article
22452,[],Uncategorized Article
3536,[],Uncategorized Article
3825,[],Uncategorized Article
6642,[],Uncategorized Article
25146,[],Uncategorized Article
12991,[],Uncategorized Article
18330,[],Uncategorized Article
20878,[],Uncategorized Article
23651,[],Uncategorized Article
13527,[],Uncategorized Article
7269,[],Uncategorized Article
23916,[],Uncategorized Article
7929,[],Uncategorized Article
12982,[],Uncategorized Article
7166,[],Uncategorized Article
12869,[],Uncategorized Article
5867,[],Uncategorized Article
4761,[],Uncategorized Article
882,[],Uncategorized Article
13893,[],Uncategorized Article
25034,[],Uncategorized Article
557,[],Uncategorized Article
1960,[],Uncategorized Article
13331,[],Uncategorized Article
1207,[],Uncategorized Article
7684,[],Uncategorized Article
16859,[],Uncategorized Article
22922,[],Uncategorized Article
12021,[],Uncategorized Article
10485,[],Uncategorized Article
19595,[],Uncategorized Article
3630,[],Uncategorized Article
1708,[],Uncategorized Article
1140,[],Uncategorized Article
19546,[],Uncategorized Article
6207,[],Uncategorized Article
24817,[],Uncategorized Article
20114,[],Uncategorized Article
23795,[],Uncategorized Article
2660,[],Uncategorized Article
14852,[],Uncategorized Article
1307,[],Uncategorized Article
18951,[],Uncategorized Article
16212,[],Uncategorized Article
12452,[],Uncategorized Article
19218,[],Uncategorized Article
6905,[],Uncategorized Article
11927,[],Uncategorized Article
14072,[],Uncategorized Article
9429,[],Uncategorized Article
2151,[],Uncategorized Article
20219,[],Uncategorized Article
26592,[],Uncategorized Article
22800,[],Uncategorized Article
25774,[],Uncategorized Article
13283,[],Uncategorized Article
5004,[],Uncategorized Article
23010,[],Uncategorized Article
15996,[],Uncategorized Article
1627,[],Uncategorized Article
19840,[],Uncategorized Article
9714,[],Uncategorized Article
21315,[],Uncategorized Article
358,[],Uncategorized Article
138,[],Uncategorized Article
8491,[],Uncategorized Article
16766,[],Uncategorized Article
11181,[],Uncategorized Article
340,[],Uncategorized Article
4857,[],Uncategorized Article
17823,[],Uncategorized Article
9569,[],Uncategorized Article
13865,[],Uncategorized Article
17330,[],Uncategorized Article
10582,[],Uncategorized Article
5498,[],Uncategorized Article
21300,[],Uncategorized Article
8556,[],Uncategorized Article
10913,[],Uncategorized Article
1932,[],Uncategorized Article
2352,[],Uncategorized Article
15848,[],Uncategorized Article
3236,[],Uncategorized Article
12355,[],Uncategorized Article
9493,[],Uncategorized Article
24820,[],Uncategorized Article
3807,[],Uncategorized Article
1936,[],Uncategorized Article
5619,[],Uncategorized Article
14973,[],Uncategorized Article
20538,[],Uncategorized Article
18800,[],Uncategorized Article
23681,[],Uncategorized Article
6139,[],Uncategorized Article
785,[],Uncategorized Article
23173,[],Uncategorized Article
8036,[],Uncategorized Article
8315,[],Uncategorized Article
26281,[],Uncategorized Article
22052,[],Uncategorized Article
18556,[],Uncategorized Article
2169,[],Uncategorized Article
23012,[],Uncategorized Article
20393,[],Uncategorized Article
20724,[],Uncategorized Article
17294,[],Uncategorized Article
22652,[],Uncategorized Article
14138,[],Uncategorized Article
18693,[],Uncategorized Article
11826,[],Uncategorized Article
16346,[],Uncategorized Article
6591,[],Uncategorized Article
4458,[],Uncategorized Article
14325,[],Uncategorized Article
7597,[],Uncategorized Article
9370,[],Uncategorized Article
4652,[],Uncategorized Article
22602,[],Uncategorized Article
442,[],Uncategorized Article
19799,[],Uncategorized Article
9591,[],Uncategorized Article
25287,[],Uncategorized Article
25217,[],Uncategorized Article
9649,[],Uncategorized Article
23970,[],Uncategorized Article
5744,[],Uncategorized Article
15747,[],Uncategorized Article
17438,[],Uncategorized Article
15845,[],Uncategorized Article
20083,[],Uncategorized Article
11951,[],Uncategorized Article
929,[],Uncategorized Article
25874,[],Uncategorized Article
22852,[],Uncategorized Article
8767,[],Uncategorized Article
18213,[],Uncategorized Article
11120,[],Uncategorized Article
14730,[],Uncategorized Article
11738,[],Uncategorized Article
13790,[],Uncategorized Article
25785,[],Uncategorized Article
21930,[],Uncategorized Article
24408,[],Uncategorized Article
2011,[],Uncategorized Article
17297,[],Uncategorized Article
7611,[],Uncategorized Article
19657,[],Uncategorized Article
16028,[],Uncategorized Article
23758,[],Uncategorized Article
26715,[],Uncategorized Article
18990,[],Uncategorized Article
21312,[],Uncategorized Article
6564,[],Uncategorized Article
24410,[],Uncategorized Article
16390,[],Uncategorized Article
11172,[],Uncategorized Article
7835,[],Uncategorized Article
22967,[],Uncategorized Article
3361,[],Uncategorized Article
12966,[],Uncategorized Article
10135,[],Uncategorized Article
26143,[],Uncategorized Article
18019,[],Uncategorized Article
1141,[],Uncategorized Article
25095,[],Uncategorized Article
25259,[],Uncategorized Article
15007,[],Uncategorized Article
15434,[],Uncategorized Article
16743,[],Uncategorized Article
18454,[],Uncategorized Article
3134,[],Uncategorized Article
21544,[],Uncategorized Article
6990,[],Uncategorized Article
19627,[],Uncategorized Article
24599,[],Uncategorized Article
18626,[],Uncategorized Article
17858,[],Uncategorized Article
1823,[],Uncategorized Article
10081,[],Uncategorized Article
3259,[],Uncategorized Article
10213,[],Uncategorized Article
4020,[],Uncategorized Article
25417,[],Uncategorized Article
3500,[],Uncategorized Article
2658,[],Uncategorized Article
22947,[],Uncategorized Article
17514,[],Uncategorized Article
13749,[],Uncategorized Article
10516,[],Uncategorized Article
1819,[],Uncategorized Article
7461,[],Uncategorized Article
5624,[],Uncategorized Article
17815,[],Uncategorized Article
24445,[],Uncategorized Article
7064,[],Uncategorized Article
20702,[],Uncategorized Article
9342,[],Uncategorized Article
12336,[],Uncategorized Article
4669,[],Uncategorized Article
9428,[],Uncategorized Article
5476,[],Uncategorized Article
26781,[],Uncategorized Article
15670,[],Uncategorized Article
1856,[],Uncategorized Article
2282,[],Uncategorized Article
25218,[],Uncategorized Article
20392,[],Uncategorized Article
13392,[],Uncategorized Article
22785,[],Uncategorized Article
6439,[],Uncategorized Article
6031,[],Uncategorized Article
386,[],Uncategorized Article
1628,[],Uncategorized Article
11777,[],Uncategorized Article
25061,[],Uncategorized Article
26100,[],Uncategorized Article
13851,[],Uncategorized Article
7718,[],Uncategorized Article
7544,[],Uncategorized Article
11381,[],Uncategorized Article
4658,[],Uncategorized Article
12497,[],Uncategorized Article
9101,[],Uncategorized Article
10058,[],Uncategorized Article
1842,[],Uncategorized Article
18881,[],Uncategorized Article
16585,[],Uncategorized Article
24252,[],Uncategorized Article
3868,[],Uncategorized Article
5054,[],Uncategorized Article
5889,[],Uncategorized Article
14376,[],Uncategorized Article
19086,[],Uncategorized Article
25699,[],Uncategorized Article
16715,[],Uncategorized Article
3808,[],Uncategorized Article
24436,[],Uncategorized Article
935,[],Uncategorized Article
10651,[],Uncategorized Article
1774,[],Uncategorized Article
24026,[],Uncategorized Article
3744,[],Uncategorized Article
17373,[],Uncategorized Article
5443,[],Uncategorized Article
26381,[],Uncategorized Article
13969,[],Uncategorized Article
23377,[],Uncategorized Article
1875,[],Uncategorized Article
22190,[],Uncategorized Article
3760,[],Uncategorized Article
25225,[],Uncategorized Article
22958,[],Uncategorized Article
3052,[],Uncategorized Article
20125,[],Uncategorized Article
13654,[],Uncategorized Article
13146,[],Uncategorized Article
26102,[],Uncategorized Article
4615,[],Uncategorized Article
15812,[],Uncategorized Article
3321,[],Uncategorized Article
24524,[],Uncategorized Article
22630,[],Uncategorized Article
22432,[],Uncategorized Article
3311,[],Uncategorized Article
23881,[],Uncategorized Article
23782,[],Uncategorized Article
24017,[],Uncategorized Article
26175,[],Uncategorized Article
12743,[],Uncategorized Article
12871,[],Uncategorized Article
11595,[],Uncategorized Article
8210,[],Uncategorized Article
11431,[],Uncategorized Article
20012,[],Uncategorized Article
20013,[],Uncategorized Article
17740,[],Uncategorized Article
21386,[],Uncategorized Article
16018,[],Uncategorized Article
1517,[],Uncategorized Article
25691,[],Uncategorized Article
22207,[],Uncategorized Article
4492,[],Uncategorized Article
22054,[],Uncategorized Article
3112,[],Uncategorized Article
16566,[],Uncategorized Article
16294,[],Uncategorized Article
11834,[],Uncategorized Article
2866,[],Uncategorized Article
855,[],Uncategorized Article
24833,[],Uncategorized Article
4912,[],Uncategorized Article
13860,[],Uncategorized Article
5463,[],Uncategorized Article
18184,[],Uncategorized Article
22760,[],Uncategorized Article
5482,[],Uncategorized Article
12605,[],Uncategorized Article
24688,[],Uncategorized Article
18352,[],Uncategorized Article
3828,[],Uncategorized Article
24419,[],Uncategorized Article
4697,[],Uncategorized Article
15200,[],Uncategorized Article
4987,[],Uncategorized Article
4650,[],Uncategorized Article
17543,[],Uncategorized Article
23819,[],Uncategorized Article
17709,[],Uncategorized Article
10288,[],Uncategorized Article
21477,[],Uncategorized Article
21180,[],Uncategorized Article
6796,[],Uncategorized Article
5808,[],Uncategorized Article
26822,[],Uncategorized Article
17839,[],Uncategorized Article
5410,[],Uncategorized Article
8333,[],Uncategorized Article
2800,[],Uncategorized Article
9836,[],Uncategorized Article
10332,[],Uncategorized Article
12728,[],Uncategorized Article
25585,[],Uncategorized Article
13778,[],Uncategorized Article
7815,[],Uncategorized Article
4378,[],Uncategorized Article
8921,[],Uncategorized Article
21259,[],Uncategorized Article
6716,[],Uncategorized Article
20120,[],Uncategorized Article
2261,[],Uncategorized Article
7429,[],Uncategorized Article
20389,[],Uncategorized Article
9302,[],Uncategorized Article
25620,[],Uncategorized Article
11190,[],Uncategorized Article
18778,[],Uncategorized Article
17569,[],Uncategorized Article
2007,[],Uncategorized Article
193,[],Uncategorized Article
13803,[],Uncategorized Article
25513,[],Uncategorized Article
8770,[],Uncategorized Article
16300,[],Uncategorized Article
21909,[],Uncategorized Article
771,[],Uncategorized Article
10587,[],Uncategorized Article
17862,[],Uncategorized Article
18230,[],Uncategorized Article
12466,[],Uncategorized Article
20124,[],Uncategorized Article
24201,[],Uncategorized Article
14868,[],Uncategorized Article
14567,[],Uncategorized Article
16789,[],Uncategorized Article
26387,[],Uncategorized Article
26612,[],Uncategorized Article
10088,[],Uncategorized Article
16910,[],Uncategorized Article
6317,[],Uncategorized Article
11851,[],Uncategorized Article
6581,[],Uncategorized Article
1447,[],Uncategorized Article
342,[],Uncategorized Article
13319,[],Uncategorized Article
11328,[],Uncategorized Article
17111,[],Uncategorized Article
20961,[],Uncategorized Article
9168,[],Uncategorized Article
25705,[],Uncategorized Article
19900,[],Uncategorized Article
7368,[],Uncategorized Article
2044,[],Uncategorized Article
7156,[],Uncategorized Article
16288,[],Uncategorized Article
7851,[],Uncategorized Article
10178,[],Uncategorized Article
12132,[],Uncategorized Article
13615,[],Uncategorized Article
17732,[],Uncategorized Article
17044,[],Uncategorized Article
1492,[],Uncategorized Article
778,[],Uncategorized Article
21538,[],Uncategorized Article
9885,[],Uncategorized Article
18863,[],Uncategorized Article
9277,[],Uncategorized Article
2524,[],Uncategorized Article
23567,[],Uncategorized Article
21174,[],Uncategorized Article
5374,[],Uncategorized Article
19582,[],Uncategorized Article
22101,[],Uncategorized Article
25795,[],Uncategorized Article
16232,[],Uncategorized Article
14849,[],Uncategorized Article
17371,[],Uncategorized Article
8259,[],Uncategorized Article
25248,[],Uncategorized Article
40,[],Uncategorized Article
11240,[],Uncategorized Article
18146,[],Uncategorized Article
24697,[],Uncategorized Article
14424,[],Uncategorized Article
11639,[],Uncategorized Article
6816,[],Uncategorized Article
23730,[],Uncategorized Article
24438,[],Uncategorized Article
10704,[],Uncategorized Article
19107,[],Uncategorized Article
14140,[],Uncategorized Article
1460,[],Uncategorized Article
25042,[],Uncategorized Article
4493,[],Uncategorized Article
23539,[],Uncategorized Article
24230,[],Uncategorized Article
13074,[],Uncategorized Article
17915,[],Uncategorized Article
13686,[],Uncategorized Article
13947,[],Uncategorized Article
11002,[],Uncategorized Article
15432,[],Uncategorized Article
7230,[],Uncategorized Article
15686,[],Uncategorized Article
10412,[],Uncategorized Article
5075,[],Uncategorized Article
21778,[],Uncategorized Article
9641,[],Uncategorized Article
25010,[],Uncategorized Article
24862,[],Uncategorized Article
26123,[],Uncategorized Article
4088,[],Uncategorized Article
18351,[],Uncategorized Article
21141,[],Uncategorized Article
25377,[],Uncategorized Article
14949,[],Uncategorized Article
4249,[],Uncategorized Article
23383,[],Uncategorized Article
16807,[],Uncategorized Article
26026,[],Uncategorized Article
10096,[],Uncategorized Article
26338,[],Uncategorized Article
22010,[],Uncategorized Article
12109,[],Uncategorized Article
6142,[],Uncategorized Article
5661,[],Uncategorized Article
13970,[],Uncategorized Article
15037,[],Uncategorized Article
9031,[],Uncategorized Article
20980,[],Uncategorized Article
2659,[],Uncategorized Article
141,[],Uncategorized Article
2597,[],Uncategorized Article
6701,[],Uncategorized Article
15223,[],Uncategorized Article
17761,[],Uncategorized Article
20058,[],Uncategorized Article
26862,[],Uncategorized Article
22746,[],Uncategorized Article
7418,[],Uncategorized Article
21125,[],Uncategorized Article
17522,[],Uncategorized Article
10449,[],Uncategorized Article
18171,[],Uncategorized Article
12130,[],Uncategorized Article
24249,[],Uncategorized Article
21030,[],Uncategorized Article
16843,[],Uncategorized Article
22499,[],Uncategorized Article
16013,[],Uncategorized Article
8179,[],Uncategorized Article
11565,[],Uncategorized Article
17332,[],Uncategorized Article
9528,[],Uncategorized Article
6370,[],Uncategorized Article
4628,[],Uncategorized Article
14478,[],Uncategorized Article
22309,[],Uncategorized Article
22424,[],Uncategorized Article
441,[],Uncategorized Article
23043,[],Uncategorized Article
9794,[],Uncategorized Article
9046,[],Uncategorized Article
3830,[],Uncategorized Article
26196,[],Uncategorized Article
22528,[],Uncategorized Article
25730,[],Uncategorized Article
6344,[],Uncategorized Article
24637,[],Uncategorized Article
1958,[],Uncategorized Article
155,[],Uncategorized Article
10487,[],Uncategorized Article
24963,[],Uncategorized Article
4578,[],Uncategorized Article
1089,[],Uncategorized Article
22433,[],Uncategorized Article
12576,[],Uncategorized Article
9122,[],Uncategorized Article
7950,[],Uncategorized Article
11101,[],Uncategorized Article
18058,[],Uncategorized Article
23147,[],Uncategorized Article
24758,[],Uncategorized Article
6416,[],Uncategorized Article
16021,[],Uncategorized Article
9087,[],Uncategorized Article
11439,[],Uncategorized Article
18710,[],Uncategorized Article
7096,[],Uncategorized Article
1098,[],Uncategorized Article
5433,[],Uncategorized Article
13230,[],Uncategorized Article
6450,[],Uncategorized Article
12328,[],Uncategorized Article
10785,[],Uncategorized Article
18099,[],Uncategorized Article
20215,[],Uncategorized Article
22683,[],Uncategorized Article
3348,[],Uncategorized Article
4079,[],Uncategorized Article
9177,[],Uncategorized Article
26134,[],Uncategorized Article
587,[],Uncategorized Article
9346,[],Uncategorized Article
13269,[],Uncategorized Article
13537,[],Uncategorized Article
24036,[],Uncategorized Article
10964,[],Uncategorized Article
26364,[],Uncategorized Article
13675,[],Uncategorized Article
19374,[],Uncategorized Article
21953,[],Uncategorized Article
16299,[],Uncategorized Article
645,[],Uncategorized Article
11749,[],Uncategorized Article
9587,[],Uncategorized Article
16648,[],Uncategorized Article
11739,[],Uncategorized Article
15036,[],Uncategorized Article
226,[],Uncategorized Article
23172,[],Uncategorized Article
3864,[],Uncategorized Article
10592,[],Uncategorized Article
22658,[],Uncategorized Article
25196,[],Uncategorized Article
26739,[],Uncategorized Article
16154,[],Uncategorized Article
20095,[],Uncategorized Article
8438,[],Uncategorized Article
1529,[],Uncategorized Article
24506,[],Uncategorized Article
923,[],Uncategorized Article
23991,[],Uncategorized Article
23713,[],Uncategorized Article
20748,[],Uncategorized Article
17053,[],Uncategorized Article
19988,[],Uncategorized Article
21492,[],Uncategorized Article
10102,[],Uncategorized Article
21632,[],Uncategorized Article
7183,[],Uncategorized Article
12150,[],Uncategorized Article
25557,[],Uncategorized Article
2591,[],Uncategorized Article
5906,[],Uncategorized Article
22893,[],Uncategorized Article
11205,[],Uncategorized Article
7133,[],Uncategorized Article
2307,[],Uncategorized Article
20074,[],Uncategorized Article
17071,[],Uncategorized Article
14203,[],Uncategorized Article
612,[],Uncategorized Article
23551,[],Uncategorized Article
21494,[],Uncategorized Article
19584,[],Uncategorized Article
11168,[],Uncategorized Article
6629,[],Uncategorized Article
4135,[],Uncategorized Article
1898,[],Uncategorized Article
13937,[],Uncategorized Article
282,[],Uncategorized Article
258,[],Uncategorized Article
11116,[],Uncategorized Article
26239,[],Uncategorized Article
4943,[],Uncategorized Article
19206,[],Uncategorized Article
14721,[],Uncategorized Article
11531,[],Uncategorized Article
19909,[],Uncategorized Article
6971,[],Uncategorized Article
14889,[],Uncategorized Article
13521,[],Uncategorized Article
5223,[],Uncategorized Article
2285,[],Uncategorized Article
22447,[],Uncategorized Article
8078,[],Uncategorized Article
21038,[],Uncategorized Article
21384,[],Uncategorized Article
6710,[],Uncategorized Article
26799,[],Uncategorized Article
10403,[],Uncategorized Article
21800,[],Uncategorized Article
475,[],Uncategorized Article
18939,[],Uncategorized Article
16391,[],Uncategorized Article
6411,[],Uncategorized Article
2551,[],Uncategorized Article
6852,[],Uncategorized Article
5546,[],Uncategorized Article
13489,[],Uncategorized Article
18810,[],Uncategorized Article
23128,[],Uncategorized Article
24373,[],Uncategorized Article
26504,[],Uncategorized Article
18658,[],Uncategorized Article
9203,[],Uncategorized Article
17961,[],Uncategorized Article
23648,[],Uncategorized Article
10183,[],Uncategorized Article
20354,[],Uncategorized Article
13565,[],Uncategorized Article
22263,[],Uncategorized Article
16280,[],Uncategorized Article
24819,[],Uncategorized Article
21360,[],Uncategorized Article
7193,[],Uncategorized Article
20251,[],Uncategorized Article
18489,[],Uncategorized Article
6823,[],Uncategorized Article
26001,[],Uncategorized Article
781,[],Uncategorized Article
14939,[],Uncategorized Article
18133,[],Uncategorized Article
10983,[],Uncategorized Article
6519,[],Uncategorized Article
5774,[],Uncategorized Article
13171,[],Uncategorized Article
9283,[],Uncategorized Article
9369,[],Uncategorized Article
25866,[],Uncategorized Article
18708,[],Uncategorized Article
10271,[],Uncategorized Article
5055,[],Uncategorized Article
10800,[],Uncategorized Article
25679,[],Uncategorized Article
1727,[],Uncategorized Article
16994,[],Uncategorized Article
16009,[],Uncategorized Article
4666,[],Uncategorized Article
21797,[],Uncategorized Article
8535,[],Uncategorized Article
3750,[],Uncategorized Article
12924,[],Uncategorized Article
12722,[],Uncategorized Article
11407,[],Uncategorized Article
97,[],Uncategorized Article
23369,[],Uncategorized Article
3137,[],Uncategorized Article
13368,[],Uncategorized Article
14357,[],Uncategorized Article
17921,[],Uncategorized Article
13140,[],Uncategorized Article
15177,[],Uncategorized Article
3648,[],Uncategorized Article
10849,[],Uncategorized Article
23992,[],Uncategorized Article
17901,[],Uncategorized Article
1633,[],Uncategorized Article
21008,[],Uncategorized Article
12464,[],Uncategorized Article
11861,[],Uncategorized Article
22950,[],Uncategorized Article
26650,[],Uncategorized Article
18474,[],Uncategorized Article
23481,[],Uncategorized Article
6171,[],Uncategorized Article
7521,[],Uncategorized Article
572,[],Uncategorized Article
9879,[],Uncategorized Article
25758,[],Uncategorized Article
19446,[],Uncategorized Article
597,[],Uncategorized Article
15352,[],Uncategorized Article
23017,[],Uncategorized Article
7345,[],Uncategorized Article
6304,[],Uncategorized Article
26260,[],Uncategorized Article
16376,[],Uncategorized Article
24452,[],Uncategorized Article
22360,[],Uncategorized Article
18322,[],Uncategorized Article
1753,[],Uncategorized Article
20054,[],Uncategorized Article
24255,[],Uncategorized Article
18745,[],Uncategorized Article
20644,[],Uncategorized Article
5432,[],Uncategorized Article
22669,[],Uncategorized Article
13183,[],Uncategorized Article
24031,[],Uncategorized Article
26289,[],Uncategorized Article
11929,[],Uncategorized Article
23967,[],Uncategorized Article
25017,[],Uncategorized Article
9135,[],Uncategorized Article
25368,[],Uncategorized Article
21975,[],Uncategorized Article
1171,[],Uncategorized Article
15562,[],Uncategorized Article
7927,[],Uncategorized Article
26021,[],Uncategorized Article
25546,[],Uncategorized Article
26407,[],Uncategorized Article
24331,[],Uncategorized Article
14531,[],Uncategorized Article
15892,[],Uncategorized Article
25878,[],Uncategorized Article
17258,[],Uncategorized Article
18681,[],Uncategorized Article
26074,[],Uncategorized Article
2643,[],Uncategorized Article
5347,[],Uncategorized Article
9032,[],Uncategorized Article
22059,[],Uncategorized Article
16965,[],Uncategorized Article
204,[],Uncategorized Article
7896,[],Uncategorized Article
9833,[],Uncategorized Article
2014,[],Uncategorized Article
17289,[],Uncategorized Article
17015,[],Uncategorized Article
8461,[],Uncategorized Article
19675,[],Uncategorized Article
1974,[],Uncategorized Article
162,[],Uncategorized Article
4998,[],Uncategorized Article
24559,[],Uncategorized Article
9557,[],Uncategorized Article
4713,[],Uncategorized Article
9067,[],Uncategorized Article
1431,[],Uncategorized Article
15261,[],Uncategorized Article
23252,[],Uncategorized Article
12835,[],Uncategorized Article
13975,[],Uncategorized Article
25841,[],Uncategorized Article
7710,[],Uncategorized Article
7736,[],Uncategorized Article
4283,[],Uncategorized Article
7531,[],Uncategorized Article
14139,[],Uncategorized Article
17069,[],Uncategorized Article
13493,[],Uncategorized Article
10053,[],Uncategorized Article
10851,[],Uncategorized Article
3384,[],Uncategorized Article
2839,[],Uncategorized Article
24386,[],Uncategorized Article
24689,[],Uncategorized Article
23846,[],Uncategorized Article
15078,[],Uncategorized Article
19715,[],Uncategorized Article
15941,[],Uncategorized Article
10595,[],Uncategorized Article
22788,[],Uncategorized Article
15433,[],Uncategorized Article
2096,[],Uncategorized Article
10195,[],Uncategorized Article
24784,[],Uncategorized Article
7999,[],Uncategorized Article
25145,[],Uncategorized Article
5017,[],Uncategorized Article
17833,[],Uncategorized Article
23284,[],Uncategorized Article
18994,[],Uncategorized Article
18284,[],Uncategorized Article
20304,[],Uncategorized Article
2757,[],Uncategorized Article
6397,[],Uncategorized Article
10077,[],Uncategorized Article
13930,[],Uncategorized Article
25179,[],Uncategorized Article
14082,[],Uncategorized Article
2097,[],Uncategorized Article
8329,[],Uncategorized Article
22008,[],Uncategorized Article
9028,[],Uncategorized Article
3471,[],Uncategorized Article
12889,[],Uncategorized Article
14472,[],Uncategorized Article
16230,[],Uncategorized Article
18555,[],Uncategorized Article
18509,[],Uncategorized Article
1733,[],Uncategorized Article
18394,[],Uncategorized Article
26723,[],Uncategorized Article
1283,[],Uncategorized Article
12485,[],Uncategorized Article
12448,[],Uncategorized Article
10028,[],Uncategorized Article
21621,[],Uncategorized Article
1019,[],Uncategorized Article
16184,[],Uncategorized Article
26418,[],Uncategorized Article
9518,[],Uncategorized Article
19194,[],Uncategorized Article
17520,[],Uncategorized Article
1651,[],Uncategorized Article
830,[],Uncategorized Article
1169,[],Uncategorized Article
10720,[],Uncategorized Article
6256,[],Uncategorized Article
5469,[],Uncategorized Article
16044,[],Uncategorized Article
10258,[],Uncategorized Article
16063,[],Uncategorized Article
17251,[],Uncategorized Article
11166,[],Uncategorized Article
26229,[],Uncategorized Article
5093,[],Uncategorized Article
21817,[],Uncategorized Article
541,[],Uncategorized Article
9324,[],Uncategorized Article
17047,[],Uncategorized Article
12693,[],Uncategorized Article
22738,[],Uncategorized Article
26118,[],Uncategorized Article
3390,[],Uncategorized Article
12080,[],Uncategorized Article
11154,[],Uncategorized Article
14226,[],Uncategorized Article
16977,[],Uncategorized Article
16029,[],Uncategorized Article
26913,[],Uncategorized Article
10775,[],Uncategorized Article
11005,[],Uncategorized Article
3959,[],Uncategorized Article
6643,[],Uncategorized Article
23225,[],Uncategorized Article
20815,[],Uncategorized Article
16100,[],Uncategorized Article
16087,[],Uncategorized Article
3586,[],Uncategorized Article
24312,[],Uncategorized Article
2563,[],Uncategorized Article
10822,[],Uncategorized Article
26388,[],Uncategorized Article
5036,[],Uncategorized Article
1080,[],Uncategorized Article
5891,[],Uncategorized Article
14537,[],Uncategorized Article
21350,[],Uncategorized Article
2023,[],Uncategorized Article
13109,[],Uncategorized Article
25633,[],Uncategorized Article
7909,[],Uncategorized Article
25258,[],Uncategorized Article
23705,[],Uncategorized Article
16610,[],Uncategorized Article
1013,[],Uncategorized Article
14871,[],Uncategorized Article
18313,[],Uncategorized Article
9235,[],Uncategorized Article
5251,[],Uncategorized Article
9596,[],Uncategorized Article
2179,[],Uncategorized Article
17081,[],Uncategorized Article
17508,[],Uncategorized Article
23762,[],Uncategorized Article
12087,[],Uncategorized Article
21573,[],Uncategorized Article
5110,[],Uncategorized Article
1778,[],Uncategorized Article
24175,[],Uncategorized Article
19018,[],Uncategorized Article
15379,[],Uncategorized Article
23928,[],Uncategorized Article
7604,[],Uncategorized Article
19873,[],Uncategorized Article
13944,[],Uncategorized Article
17421,[],Uncategorized Article
24454,[],Uncategorized Article
26921,[],Uncategorized Article
19033,[],Uncategorized Article
10473,[],Uncategorized Article
14933,[],Uncategorized Article
19363,[],Uncategorized Article
18931,[],Uncategorized Article
5132,[],Uncategorized Article
2159,[],Uncategorized Article
11329,[],Uncategorized Article
14042,[],Uncategorized Article
14566,[],Uncategorized Article
6445,[],Uncategorized Article
3967,[],Uncategorized Article
1428,[],Uncategorized Article
3081,[],Uncategorized Article
2520,[],Uncategorized Article
11754,[],Uncategorized Article
10047,[],Uncategorized Article
25130,[],Uncategorized Article
25616,[],Uncategorized Article
6019,[],Uncategorized Article
16832,[],Uncategorized Article
16898,[],Uncategorized Article
22379,[],Uncategorized Article
22656,[],Uncategorized Article
3727,[],Uncategorized Article
23737,[],Uncategorized Article
8553,[],Uncategorized Article
22663,[],Uncategorized Article
25568,[],Uncategorized Article
23679,[],Uncategorized Article
9496,[],Uncategorized Article
6251,[],Uncategorized Article
5926,[],Uncategorized Article
18844,[],Uncategorized Article
16406,[],Uncategorized Article
18450,[],Uncategorized Article
18037,[],Uncategorized Article
8894,[],Uncategorized Article
8706,[],Uncategorized Article
1376,[],Uncategorized Article
1724,[],Uncategorized Article
3754,[],Uncategorized Article
10517,[],Uncategorized Article
20567,[],Uncategorized Article
25690,[],Uncategorized Article
4082,[],Uncategorized Article
11870,[],Uncategorized Article
24864,[],Uncategorized Article
22963,[],Uncategorized Article
20942,[],Uncategorized Article
12500,[],Uncategorized Article
13057,[],Uncategorized Article
19921,[],Uncategorized Article
16140,[],Uncategorized Article
23387,[],Uncategorized Article
10773,[],Uncategorized Article
20714,[],Uncategorized Article
9951,[],Uncategorized Article
14571,[],Uncategorized Article
17030,[],Uncategorized Article
22765,[],Uncategorized Article
23911,[],Uncategorized Article
26595,[],Uncategorized Article
14215,[],Uncategorized Article
15997,[],Uncategorized Article
7165,[],Uncategorized Article
24184,[],Uncategorized Article
24081,[],Uncategorized Article
11182,[],Uncategorized Article
26213,[],Uncategorized Article
4875,[],Uncategorized Article
10736,[],Uncategorized Article
25071,[],Uncategorized Article
15990,[],Uncategorized Article
21725,[],Uncategorized Article
12258,[],Uncategorized Article
23415,[],Uncategorized Article
18544,[],Uncategorized Article
685,[],Uncategorized Article
11435,[],Uncategorized Article
24875,[],Uncategorized Article
14291,[],Uncategorized Article
2461,[],Uncategorized Article
12275,[],Uncategorized Article
11889,[],Uncategorized Article
7128,[],Uncategorized Article
16377,[],Uncategorized Article
22651,[],Uncategorized Article
21325,[],Uncategorized Article
5946,[],Uncategorized Article
4583,[],Uncategorized Article
22168,[],Uncategorized Article
12232,[],Uncategorized Article
23953,[],Uncategorized Article
13070,[],Uncategorized Article
16905,[],Uncategorized Article
25558,[],Uncategorized Article
3983,[],Uncategorized Article
14686,[],Uncategorized Article
6303,[],Uncategorized Article
9908,[],Uncategorized Article
780,[],Uncategorized Article
17153,[],Uncategorized Article
21991,[],Uncategorized Article
5978,[],Uncategorized Article
20131,[],Uncategorized Article
2196,[],Uncategorized Article
14089,[],Uncategorized Article
26846,[],Uncategorized Article
20669,[],Uncategorized Article
24747,[],Uncategorized Article
9832,[],Uncategorized Article
6979,[],Uncategorized Article
18211,[],Uncategorized Article
11824,[],Uncategorized Article
19393,[],Uncategorized Article
2376,[],Uncategorized Article
20223,[],Uncategorized Article
17630,[],Uncategorized Article
23888,[],Uncategorized Article
11483,[],Uncategorized Article
6511,[],Uncategorized Article
13279,[],Uncategorized Article
25859,[],Uncategorized Article
14473,[],Uncategorized Article
5439,[],Uncategorized Article
10759,[],Uncategorized Article
6493,[],Uncategorized Article
8964,[],Uncategorized Article
5510,[],Uncategorized Article
5330,[],Uncategorized Article
24392,[],Uncategorized Article
4531,[],Uncategorized Article
9866,[],Uncategorized Article
15587,[],Uncategorized Article
16749,[],Uncategorized Article
10142,[],Uncategorized Article
12089,[],Uncategorized Article
22804,[],Uncategorized Article
16531,[],Uncategorized Article
18052,[],Uncategorized Article
11280,[],Uncategorized Article
25438,[],Uncategorized Article
24034,[],Uncategorized Article
7788,[],Uncategorized Article
3456,[],Uncategorized Article
19655,[],Uncategorized Article
4940,[],Uncategorized Article
9223,[],Uncategorized Article
22614,[],Uncategorized Article
25516,[],Uncategorized Article
14916,[],Uncategorized Article
23724,[],Uncategorized Article
20310,[],Uncategorized Article
7099,[],Uncategorized Article
8080,[],Uncategorized Article
16462,[],Uncategorized Article
23472,[],Uncategorized Article
18631,[],Uncategorized Article
24560,[],Uncategorized Article
26933,[],Uncategorized Article
24614,[],Uncategorized Article
23835,[],Uncategorized Article
18663,[],Uncategorized Article
20281,[],Uncategorized Article
23561,[],Uncategorized Article
9312,[],Uncategorized Article
6172,[],Uncategorized Article
3631,[],Uncategorized Article
16955,[],Uncategorized Article
6272,[],Uncategorized Article
392,[],Uncategorized Article
3191,[],Uncategorized Article
16,[],Uncategorized Article
20584,[],Uncategorized Article
19056,[],Uncategorized Article
26395,[],Uncategorized Article
22548,[],Uncategorized Article
19877,[],Uncategorized Article
24958,[],Uncategorized Article
7394,[],Uncategorized Article
21223,[],Uncategorized Article
593,[],Uncategorized Article
4719,[],Uncategorized Article
5827,[],Uncategorized Article
10749,[],Uncategorized Article
22271,[],Uncategorized Article
18739,[],Uncategorized Article
22420,[],Uncategorized Article
4798,[],Uncategorized Article
10634,[],Uncategorized Article
4795,[],Uncategorized Article
20976,[],Uncategorized Article
11234,[],Uncategorized Article
8656,[],Uncategorized Article
163,[],Uncategorized Article
671,[],Uncategorized Article
26252,[],Uncategorized Article
14308,[],Uncategorized Article
26706,[],Uncategorized Article
16052,[],Uncategorized Article
23764,[],Uncategorized Article
14828,[],Uncategorized Article
22740,[],Uncategorized Article
5542,[],Uncategorized Article
22391,[],Uncategorized Article
7993,[],Uncategorized Article
24022,[],Uncategorized Article
23177,[],Uncategorized Article
10900,[],Uncategorized Article
7758,[],Uncategorized Article
4837,[],Uncategorized Article
18677,[],Uncategorized Article
6548,[],Uncategorized Article
24282,[],Uncategorized Article
4481,[],Uncategorized Article
3716,[],Uncategorized Article
10837,[],Uncategorized Article
6140,[],Uncategorized Article
9956,[],Uncategorized Article
1549,[],Uncategorized Article
14818,[],Uncategorized Article
18428,[],Uncategorized Article
767,[],Uncategorized Article
5693,[],Uncategorized Article
24254,[],Uncategorized Article
9700,[],Uncategorized Article
26880,[],Uncategorized Article
24241,[],Uncategorized Article
19686,[],Uncategorized Article
4517,[],Uncategorized Article
12411,[],Uncategorized Article
25764,[],Uncategorized Article
24313,[],Uncategorized Article
3292,[],Uncategorized Article
9011,[],Uncategorized Article
1403,[],Uncategorized Article
1382,[],Uncategorized Article
10340,[],Uncategorized Article
23312,[],Uncategorized Article
22055,[],Uncategorized Article
1638,[],Uncategorized Article
14083,[],Uncategorized Article
8800,[],Uncategorized Article
23291,[],Uncategorized Article
6406,[],Uncategorized Article
9074,[],Uncategorized Article
17563,[],Uncategorized Article
5448,[],Uncategorized Article
12168,[],Uncategorized Article
5078,[],Uncategorized Article
21559,[],Uncategorized Article
13564,[],Uncategorized Article
17073,[],Uncategorized Article
3850,[],Uncategorized Article
22909,[],Uncategorized Article
21121,[],Uncategorized Article
6488,[],Uncategorized Article
10145,[],Uncategorized Article
13828,[],Uncategorized Article
7154,[],Uncategorized Article
24810,[],Uncategorized Article
6610,[],Uncategorized Article
5179,[],Uncategorized Article
20733,[],Uncategorized Article
12330,[],Uncategorized Article
18268,[],Uncategorized Article
19103,[],Uncategorized Article
26168,[],Uncategorized Article
2494,[],Uncategorized Article
22331,[],Uncategorized Article
19420,[],Uncategorized Article
22161,[],Uncategorized Article
845,[],Uncategorized Article
8734,[],Uncategorized Article
11916,[],Uncategorized Article
11871,[],Uncategorized Article
12415,[],Uncategorized Article
7967,[],Uncategorized Article
23563,[],Uncategorized Article
7340,[],Uncategorized Article
13891,[],Uncategorized Article
25663,[],Uncategorized Article
25082,[],Uncategorized Article
7137,[],Uncategorized Article
2964,[],Uncategorized Article
15751,[],Uncategorized Article
18913,[],Uncategorized Article
15476,[],Uncategorized Article
5772,[],Uncategorized Article
17432,[],Uncategorized Article
23429,[],Uncategorized Article
18344,[],Uncategorized Article
2530,[],Uncategorized Article
11138,[],Uncategorized Article
26998,[],Uncategorized Article
14716,[],Uncategorized Article
8429,[],Uncategorized Article
4917,[],Uncategorized Article
5901,[],Uncategorized Article
8286,[],Uncategorized Article
20643,[],Uncategorized Article
25036,[],Uncategorized Article
5656,[],Uncategorized Article
16127,[],Uncategorized Article
22481,[],Uncategorized Article
5907,[],Uncategorized Article
7373,[],Uncategorized Article
19362,[],Uncategorized Article
25458,[],Uncategorized Article
26881,[],Uncategorized Article
6721,[],Uncategorized Article
24226,[],Uncategorized Article
26009,[],Uncategorized Article
12686,[],Uncategorized Article
8264,[],Uncategorized Article
7693,[],Uncategorized Article
19522,[],Uncategorized Article
8325,[],Uncategorized Article
26908,[],Uncategorized Article
12265,[],Uncategorized Article
11421,[],Uncategorized Article
1826,[],Uncategorized Article
21932,[],Uncategorized Article
12329,[],Uncategorized Article
560,[],Uncategorized Article
4107,[],Uncategorized Article
5435,[],Uncategorized Article
4437,[],Uncategorized Article
10382,[],Uncategorized Article
17826,[],Uncategorized Article
4406,[],Uncategorized Article
26378,[],Uncategorized Article
18073,[],Uncategorized Article
23958,[],Uncategorized Article
9917,[],Uncategorized Article
25644,[],Uncategorized Article
22346,[],Uncategorized Article
18880,[],Uncategorized Article
15096,[],Uncategorized Article
2817,[],Uncategorized Article
16724,[],Uncategorized Article
18792,[],Uncategorized Article
24710,[],Uncategorized Article
5782,[],Uncategorized Article
20960,[],Uncategorized Article
16163,[],Uncategorized Article
20109,[],Uncategorized Article
19169,[],Uncategorized Article
9715,[],Uncategorized Article
10699,[],Uncategorized Article
26197,[],Uncategorized Article
17396,[],Uncategorized Article
21664,[],Uncategorized Article
4895,[],Uncategorized Article
23505,[],Uncategorized Article
22933,[],Uncategorized Article
20421,[],Uncategorized Article
24923,[],Uncategorized Article
148,[],Uncategorized Article
16669,[],Uncategorized Article
18752,[],Uncategorized Article
8555,[],Uncategorized Article
22483,[],Uncategorized Article
15463,[],Uncategorized Article
23154,[],Uncategorized Article
4443,[],Uncategorized Article
7446,[],Uncategorized Article
236,[],Uncategorized Article
15901,[],Uncategorized Article
26452,[],Uncategorized Article
10754,[],Uncategorized Article
7123,[],Uncategorized Article
25743,[],Uncategorized Article
10123,[],Uncategorized Article
13711,[],Uncategorized Article
3083,[],Uncategorized Article
632,[],Uncategorized Article
23197,[],Uncategorized Article
18877,[],Uncategorized Article
2665,[],Uncategorized Article
24922,[],Uncategorized Article
24811,[],Uncategorized Article
10526,[],Uncategorized Article
15836,[],Uncategorized Article
10060,[],Uncategorized Article
14788,[],Uncategorized Article
12075,[],Uncategorized Article
24889,[],Uncategorized Article
20595,[],Uncategorized Article
14109,[],Uncategorized Article
9686,[],Uncategorized Article
20258,[],Uncategorized Article
19201,[],Uncategorized Article
24569,[],Uncategorized Article
5249,[],Uncategorized Article
8533,[],Uncategorized Article
7426,[],Uncategorized Article
12345,[],Uncategorized Article
25084,[],Uncategorized Article
7979,[],Uncategorized Article
26072,[],Uncategorized Article
1735,[],Uncategorized Article
23781,[],Uncategorized Article
14484,[],Uncategorized Article
4255,[],Uncategorized Article
24602,[],Uncategorized Article
2475,[],Uncategorized Article
10756,[],Uncategorized Article
26977,[],Uncategorized Article
3713,[],Uncategorized Article
6704,[],Uncategorized Article
18188,[],Uncategorized Article
17091,[],Uncategorized Article
25921,[],Uncategorized Article
5189,[],Uncategorized Article
25220,[],Uncategorized Article
21856,[],Uncategorized Article
16456,[],Uncategorized Article
14210,[],Uncategorized Article
7843,[],Uncategorized Article
12640,[],Uncategorized Article
14052,[],Uncategorized Article
13031,[],Uncategorized Article
26542,[],Uncategorized Article
21485,[],Uncategorized Article
6764,[],Uncategorized Article
10793,[],Uncategorized Article
1125,[],Uncategorized Article
17625,[],Uncategorized Article
26648,[],Uncategorized Article
18733,[],Uncategorized Article
11543,[],Uncategorized Article
22986,[],Uncategorized Article
23164,[],Uncategorized Article
4358,[],Uncategorized Article
14114,[],Uncategorized Article
17727,[],Uncategorized Article
26982,[],Uncategorized Article
21400,[],Uncategorized Article
7421,[],Uncategorized Article
6652,[],Uncategorized Article
17484,[],Uncategorized Article
9160,[],Uncategorized Article
23711,[],Uncategorized Article
7622,[],Uncategorized Article
987,[],Uncategorized Article
16014,[],Uncategorized Article
2852,[],Uncategorized Article
11695,[],Uncategorized Article
8853,[],Uncategorized Article
16336,[],Uncategorized Article
14996,[],Uncategorized Article
17014,[],Uncategorized Article
17633,[],Uncategorized Article
19563,[],Uncategorized Article
16866,[],Uncategorized Article
9654,[],Uncategorized Article
3040,[],Uncategorized Article
16035,[],Uncategorized Article
5010,[],Uncategorized Article
25273,[],Uncategorized Article
23384,[],Uncategorized Article
3273,[],Uncategorized Article
7227,[],Uncategorized Article
3683,[],Uncategorized Article
23058,[],Uncategorized Article
6807,[],Uncategorized Article
12337,[],Uncategorized Article
22083,[],Uncategorized Article
1316,[],Uncategorized Article
3225,[],Uncategorized Article
17456,[],Uncategorized Article
21199,[],Uncategorized Article
24865,[],Uncategorized Article
9852,[],Uncategorized Article
5752,[],Uncategorized Article
10617,[],Uncategorized Article
16393,[],Uncategorized Article
4616,[],Uncategorized Article
19481,[],Uncategorized Article
26249,[],Uncategorized Article
23253,[],Uncategorized Article
1300,[],Uncategorized Article
23669,[],Uncategorized Article
15222,[],Uncategorized Article
22668,[],Uncategorized Article
26314,[],Uncategorized Article
13673,[],Uncategorized Article
9900,[],Uncategorized Article
5495,[],Uncategorized Article
21675,[],Uncategorized Article
9600,[],Uncategorized Article
1798,[],Uncategorized Article
12149,[],Uncategorized Article
9667,[],Uncategorized Article
21587,[],Uncategorized Article
21431,[],Uncategorized Article
6441,[],Uncategorized Article
8636,[],Uncategorized Article
24489,[],Uncategorized Article
15600,[],Uncategorized Article
18743,[],Uncategorized Article
26179,[],Uncategorized Article
3654,[],Uncategorized Article
7052,[],Uncategorized Article
15945,[],Uncategorized Article
11371,[],Uncategorized Article
15710,[],Uncategorized Article
1286,[],Uncategorized Article
19914,[],Uncategorized Article
20829,[],Uncategorized Article
2137,[],Uncategorized Article
23171,[],Uncategorized Article
10828,[],Uncategorized Article
12208,[],Uncategorized Article
12289,[],Uncategorized Article
9873,[],Uncategorized Article
21923,[],Uncategorized Article
16489,[],Uncategorized Article
23695,[],Uncategorized Article
13467,[],Uncategorized Article
6894,[],Uncategorized Article
9884,[],Uncategorized Article
3610,[],Uncategorized Article
7151,[],Uncategorized Article
17347,[],Uncategorized Article
6012,[],Uncategorized Article
13645,[],Uncategorized Article
14113,[],Uncategorized Article
4882,[],Uncategorized Article
16524,[],Uncategorized Article
13076,[],Uncategorized Article
12611,[],Uncategorized Article
12046,[],Uncategorized Article
4146,[],Uncategorized Article
8906,[],Uncategorized Article
23320,[],Uncategorized Article
6542,[],Uncategorized Article
21627,[],Uncategorized Article
4431,[],Uncategorized Article
24723,[],Uncategorized Article
406,[],Uncategorized Article
24596,[],Uncategorized Article
24741,[],Uncategorized Article
13178,[],Uncategorized Article
16173,[],Uncategorized Article
21829,[],Uncategorized Article
8234,[],Uncategorized Article
11022,[],Uncategorized Article
14051,[],Uncategorized Article
11563,[],Uncategorized Article
11556,[],Uncategorized Article
20783,[],Uncategorized Article
16353,[],Uncategorized Article
21636,[],Uncategorized Article
11,[],Uncategorized Article
4760,[],Uncategorized Article
1177,[],Uncategorized Article
10693,[],Uncategorized Article
2863,[],Uncategorized Article
6471,[],Uncategorized Article
22612,[],Uncategorized Article
9218,[],Uncategorized Article
12040,[],Uncategorized Article
2989,[],Uncategorized Article
23501,[],Uncategorized Article
11207,[],Uncategorized Article
7010,[],Uncategorized Article
11530,[],Uncategorized Article
14437,[],Uncategorized Article
22443,[],Uncategorized Article
8927,[],Uncategorized Article
12592,[],Uncategorized Article
17824,[],Uncategorized Article
26661,[],Uncategorized Article
2875,[],Uncategorized Article
12178,[],Uncategorized Article
9108,[],Uncategorized Article
2190,[],Uncategorized Article
25361,[],Uncategorized Article
23616,[],Uncategorized Article
3726,[],Uncategorized Article
19156,[],Uncategorized Article
16838,[],Uncategorized Article
9013,[],Uncategorized Article
8189,[],Uncategorized Article
1367,[],Uncategorized Article
3712,[],Uncategorized Article
5450,[],Uncategorized Article
17772,[],Uncategorized Article
15638,[],Uncategorized Article
1000,[],Uncategorized Article
7761,[],Uncategorized Article
3553,[],Uncategorized Article
4114,[],Uncategorized Article
1667,[],Uncategorized Article
3173,[],Uncategorized Article
15740,[],Uncategorized Article
26201,[],Uncategorized Article
488,[],Uncategorized Article
19614,[],Uncategorized Article
20212,[],Uncategorized Article
25158,[],Uncategorized Article
12975,[],Uncategorized Article
21592,[],Uncategorized Article
7848,[],Uncategorized Article
5704,[],Uncategorized Article
26523,[],Uncategorized Article
8133,[],Uncategorized Article
17087,[],Uncategorized Article
5105,[],Uncategorized Article
25498,[],Uncategorized Article
3291,[],Uncategorized Article
8125,[],Uncategorized Article
11865,[],Uncategorized Article
13380,[],Uncategorized Article
9519,[],Uncategorized Article
26511,[],Uncategorized Article
13965,[],Uncategorized Article
14287,[],Uncategorized Article
13598,[],Uncategorized Article
25680,[],Uncategorized Article
21293,[],Uncategorized Article
4440,[],Uncategorized Article
10055,[],Uncategorized Article
17370,[],Uncategorized Article
26340,[],Uncategorized Article
25983,[],Uncategorized Article
26188,[],Uncategorized Article
24089,[],Uncategorized Article
15504,[],Uncategorized Article
22641,[],Uncategorized Article
22473,[],Uncategorized Article
15577,[],Uncategorized Article
5238,[],Uncategorized Article
14646,[],Uncategorized Article
15552,[],Uncategorized Article
17582,[],Uncategorized Article
12373,[],Uncategorized Article
25754,[],Uncategorized Article
13669,[],Uncategorized Article
7519,[],Uncategorized Article
23196,[],Uncategorized Article
9991,[],Uncategorized Article
9206,[],Uncategorized Article
24704,[],Uncategorized Article
9556,[],Uncategorized Article
10225,[],Uncategorized Article
23559,[],Uncategorized Article
4470,[],Uncategorized Article
17275,[],Uncategorized Article
10985,[],Uncategorized Article
1969,[],Uncategorized Article
12595,[],Uncategorized Article
5757,[],Uncategorized Article
22911,[],Uncategorized Article
6294,[],Uncategorized Article
12115,[],Uncategorized Article
13605,[],Uncategorized Article
7595,[],Uncategorized Article
9110,[],Uncategorized Article
3249,[],Uncategorized Article
6570,[],Uncategorized Article
6638,[],Uncategorized Article
23735,[],Uncategorized Article
21726,[],Uncategorized Article
15398,[],Uncategorized Article
23857,[],Uncategorized Article
12504,[],Uncategorized Article
125,[],Uncategorized Article
16170,[],Uncategorized Article
5370,[],Uncategorized Article
1239,[],Uncategorized Article
2289,[],Uncategorized Article
19124,[],Uncategorized Article
8467,[],Uncategorized Article
20969,[],Uncategorized Article
1229,[],Uncategorized Article
9200,[],Uncategorized Article
6980,[],Uncategorized Article
5178,[],Uncategorized Article
10724,[],Uncategorized Article
20677,[],Uncategorized Article
1058,[],Uncategorized Article
6262,[],Uncategorized Article
15360,[],Uncategorized Article
281,[],Uncategorized Article
14846,[],Uncategorized Article
968,[],Uncategorized Article
16001,[],Uncategorized Article
20337,[],Uncategorized Article
1939,[],Uncategorized Article
26651,[],Uncategorized Article
17658,[],Uncategorized Article
619,[],Uncategorized Article
18309,[],Uncategorized Article
1742,[],Uncategorized Article
17774,[],Uncategorized Article
18587,[],Uncategorized Article
14135,[],Uncategorized Article
9847,[],Uncategorized Article
3568,[],Uncategorized Article
15563,[],Uncategorized Article
6116,[],Uncategorized Article
26962,[],Uncategorized Article
22436,[],Uncategorized Article
3178,[],Uncategorized Article
19576,[],Uncategorized Article
9499,[],Uncategorized Article
6099,[],Uncategorized Article
23413,[],Uncategorized Article
16959,[],Uncategorized Article
10552,[],Uncategorized Article
23040,[],Uncategorized Article
23499,[],Uncategorized Article
13994,[],Uncategorized Article
25381,[],Uncategorized Article
15635,[],Uncategorized Article
6276,[],Uncategorized Article
9472,[],Uncategorized Article
25629,[],Uncategorized Article
13149,[],Uncategorized Article
11083,[],Uncategorized Article
22281,[],Uncategorized Article
5724,[],Uncategorized Article
10831,[],Uncategorized Article
16653,[],Uncategorized Article
629,[],Uncategorized Article
11970,[],Uncategorized Article
19465,[],Uncategorized Article
19850,[],Uncategorized Article
6430,[],Uncategorized Article
3374,[],Uncategorized Article
23446,[],Uncategorized Article
12588,[],Uncategorized Article
26974,[],Uncategorized Article
21927,[],Uncategorized Article
13760,[],Uncategorized Article
10238,[],Uncategorized Article
20740,[],Uncategorized Article
2113,[],Uncategorized Article
24603,[],Uncategorized Article
3216,[],Uncategorized Article
13125,[],Uncategorized Article
3814,[],Uncategorized Article
8321,[],Uncategorized Article
3155,[],Uncategorized Article
14296,[],Uncategorized Article
2278,[],Uncategorized Article
4599,[],Uncategorized Article
13,[],Uncategorized Article
1646,[],Uncategorized Article
17909,[],Uncategorized Article
2365,[],Uncategorized Article
4648,[],Uncategorized Article
12197,[],Uncategorized Article
374,[],Uncategorized Article
24960,[],Uncategorized Article
22861,[],Uncategorized Article
525,[],Uncategorized Article
9131,[],Uncategorized Article
11561,[],Uncategorized Article
13910,[],Uncategorized Article
12765,[],Uncategorized Article
23279,[],Uncategorized Article
19975,[],Uncategorized Article
24288,[],Uncategorized Article
19342,[],Uncategorized Article
529,[],Uncategorized Article
15596,[],Uncategorized Article
20098,[],Uncategorized Article
21116,[],Uncategorized Article
9461,[],Uncategorized Article
12473,[],Uncategorized Article
17778,[],Uncategorized Article
12201,[],Uncategorized Article
12582,[],Uncategorized Article
11171,[],Uncategorized Article
26812,[],Uncategorized Article
12003,[],Uncategorized Article
22015,[],Uncategorized Article
6563,[],Uncategorized Article
4703,[],Uncategorized Article
15282,[],Uncategorized Article
18096,[],Uncategorized Article
15921,[],Uncategorized Article
26673,[],Uncategorized Article
955,[],Uncategorized Article
6675,[],Uncategorized Article
3453,[],Uncategorized Article
12803,[],Uncategorized Article
15140,[],Uncategorized Article
8595,[],Uncategorized Article
2071,[],Uncategorized Article
956,[],Uncategorized Article
16542,[],Uncategorized Article
14036,[],Uncategorized Article
7005,[],Uncategorized Article
352,[],Uncategorized Article
13518,[],Uncategorized Article
22462,[],Uncategorized Article
16309,[],Uncategorized Article
6236,[],Uncategorized Article
12732,[],Uncategorized Article
8946,[],Uncategorized Article
14025,[],Uncategorized Article
25591,[],Uncategorized Article
2920,[],Uncategorized Article
15711,[],Uncategorized Article
4644,[],Uncategorized Article
661,[],Uncategorized Article
16082,[],Uncategorized Article
7057,[],Uncategorized Article
10181,[],Uncategorized Article
20049,[],Uncategorized Article
24363,[],Uncategorized Article
16690,[],Uncategorized Article
4790,[],Uncategorized Article
2356,[],Uncategorized Article
11894,[],Uncategorized Article
18311,[],Uncategorized Article
26541,[],Uncategorized Article
19811,[],Uncategorized Article
20022,[],Uncategorized Article
17650,[],Uncategorized Article
13612,[],Uncategorized Article
1560,[],Uncategorized Article
11787,[],Uncategorized Article
10326,[],Uncategorized Article
7179,[],Uncategorized Article
15349,[],Uncategorized Article
15313,[],Uncategorized Article
13258,[],Uncategorized Article
4109,[],Uncategorized Article
24251,[],Uncategorized Article
21288,[],Uncategorized Article
23678,[],Uncategorized Article
514,[],Uncategorized Article
894,[],Uncategorized Article
8601,[],Uncategorized Article
16405,[],Uncategorized Article
26922,[],Uncategorized Article
899,[],Uncategorized Article
207,[],Uncategorized Article
25630,[],Uncategorized Article
458,[],Uncategorized Article
2430,[],Uncategorized Article
24826,[],Uncategorized Article
13629,[],Uncategorized Article
3389,[],Uncategorized Article
3911,[],Uncategorized Article
21767,[],Uncategorized Article
552,[],Uncategorized Article
19528,[],Uncategorized Article
6917,[],Uncategorized Article
18440,[],Uncategorized Article
1925,[],Uncategorized Article
17018,[],Uncategorized Article
6082,[],Uncategorized Article
24892,[],Uncategorized Article
26033,[],Uncategorized Article
18279,[],Uncategorized Article
25069,[],Uncategorized Article
105,[],Uncategorized Article
3041,[],Uncategorized Article
16369,[],Uncategorized Article
10361,[],Uncategorized Article
18093,[],Uncategorized Article
89,[],Uncategorized Article
23398,[],Uncategorized Article
15525,[],Uncategorized Article
10433,[],Uncategorized Article
19558,[],Uncategorized Article
17301,[],Uncategorized Article
24217,[],Uncategorized Article
14451,[],Uncategorized Article
23116,[],Uncategorized Article
18333,[],Uncategorized Article
12236,[],Uncategorized Article
14056,[],Uncategorized Article
6368,[],Uncategorized Article
16385,[],Uncategorized Article
24416,[],Uncategorized Article
22431,[],Uncategorized Article
9127,[],Uncategorized Article
8905,[],Uncategorized Article
2720,[],Uncategorized Article
16019,[],Uncategorized Article
13621,[],Uncategorized Article
8783,[],Uncategorized Article
15822,[],Uncategorized Article
26751,[],Uncategorized Article
19501,[],Uncategorized Article
26293,[],Uncategorized Article
10640,[],Uncategorized Article
9768,[],Uncategorized Article
13399,[],Uncategorized Article
3762,[],Uncategorized Article
213,[],Uncategorized Article
17162,[],Uncategorized Article
19880,[],Uncategorized Article
25398,[],Uncategorized Article
18427,[],Uncategorized Article
8920,[],Uncategorized Article
21804,[],Uncategorized Article
6154,[],Uncategorized Article
8357,[],Uncategorized Article
17773,[],Uncategorized Article
24849,[],Uncategorized Article
4167,[],Uncategorized Article
20172,[],Uncategorized Article
24970,[],Uncategorized Article
16967,[],Uncategorized Article
26884,[],Uncategorized Article
26979,[],Uncategorized Article
16500,[],Uncategorized Article
23028,[],Uncategorized Article
5109,[],Uncategorized Article
26936,[],Uncategorized Article
26691,[],Uncategorized Article
25598,[],Uncategorized Article
8712,[],Uncategorized Article
1763,[],Uncategorized Article
18259,[],Uncategorized Article
13547,[],Uncategorized Article
11536,[],Uncategorized Article
15069,[],Uncategorized Article
3224,[],Uncategorized Article
526,[],Uncategorized Article
24109,[],Uncategorized Article
15251,[],Uncategorized Article
19330,[],Uncategorized Article
20857,[],Uncategorized Article
12091,[],Uncategorized Article
5655,[],Uncategorized Article
8884,[],Uncategorized Article
6059,[],Uncategorized Article
17343,[],Uncategorized Article
6342,[],Uncategorized Article
20017,[],Uncategorized Article
13997,[],Uncategorized Article
17434,[],Uncategorized Article
8782,[],Uncategorized Article
8711,[],Uncategorized Article
3380,[],Uncategorized Article
3676,[],Uncategorized Article
5776,[],Uncategorized Article
25713,[],Uncategorized Article
6573,[],Uncategorized Article
21563,[],Uncategorized Article
1607,[],Uncategorized Article
19994,[],Uncategorized Article
26676,[],Uncategorized Article
23019,[],Uncategorized Article
26996,[],Uncategorized Article
15883,[],Uncategorized Article
17175,[],Uncategorized Article
8984,[],Uncategorized Article
19440,[],Uncategorized Article
15522,[],Uncategorized Article
1980,[],Uncategorized Article
11425,[],Uncategorized Article
19982,[],Uncategorized Article
17317,[],Uncategorized Article
12155,[],Uncategorized Article
12857,[],Uncategorized Article
7424,[],Uncategorized Article
5626,[],Uncategorized Article
1682,[],Uncategorized Article
16133,[],Uncategorized Article
20563,[],Uncategorized Article
16335,[],Uncategorized Article
6446,[],Uncategorized Article
20500,[],Uncategorized Article
988,[],Uncategorized Article
15083,[],Uncategorized Article
11645,[],Uncategorized Article
19280,[],Uncategorized Article
20162,[],Uncategorized Article
22042,[],Uncategorized Article
11722,[],Uncategorized Article
3093,[],Uncategorized Article
19539,[],Uncategorized Article
13261,[],Uncategorized Article
13998,[],Uncategorized Article
18207,[],Uncategorized Article
26501,[],Uncategorized Article
17482,[],Uncategorized Article
10396,[],Uncategorized Article
2844,[],Uncategorized Article
9078,[],Uncategorized Article
3342,[],Uncategorized Article
16422,[],Uncategorized Article
6540,[],Uncategorized Article
26317,[],Uncategorized Article
14288,[],Uncategorized Article
3356,[],Uncategorized Article
13025,[],Uncategorized Article
11745,[],Uncategorized Article
11801,[],Uncategorized Article
14414,[],Uncategorized Article
7813,[],Uncategorized Article
26636,[],Uncategorized Article
24604,[],Uncategorized Article
21510,[],Uncategorized Article
2428,[],Uncategorized Article
21427,[],Uncategorized Article
21730,[],Uncategorized Article
11939,[],Uncategorized Article
21195,[],Uncategorized Article
24860,[],Uncategorized Article
17070,[],Uncategorized Article
4799,[],Uncategorized Article
23821,[],Uncategorized Article
2353,[],Uncategorized Article
22737,[],Uncategorized Article
16378,[],Uncategorized Article
11383,[],Uncategorized Article
20953,[],Uncategorized Article
24597,[],Uncategorized Article
19136,[],Uncategorized Article
9077,[],Uncategorized Article
8073,[],Uncategorized Article
14859,[],Uncategorized Article
17424,[],Uncategorized Article
26362,[],Uncategorized Article
7491,[],Uncategorized Article
17649,[],Uncategorized Article
12771,[],Uncategorized Article
26025,[],Uncategorized Article
7059,[],Uncategorized Article
13507,[],Uncategorized Article
16661,[],Uncategorized Article
5084,[],Uncategorized Article
2382,[],Uncategorized Article
571,[],Uncategorized Article
1435,[],Uncategorized Article
13281,[],Uncategorized Article
9439,[],Uncategorized Article
21736,[],Uncategorized Article
11718,[],Uncategorized Article
14749,[],Uncategorized Article
10706,[],Uncategorized Article
5445,[],Uncategorized Article
1007,[],Uncategorized Article
4543,[],Uncategorized Article
12987,[],Uncategorized Article
7009,[],Uncategorized Article
2064,[],Uncategorized Article
1136,[],Uncategorized Article
9882,[],Uncategorized Article
21727,[],Uncategorized Article
10177,[],Uncategorized Article
294,[],Uncategorized Article
16077,[],Uncategorized Article
18787,[],Uncategorized Article
3998,[],Uncategorized Article
9766,[],Uncategorized Article
3741,[],Uncategorized Article
11700,[],Uncategorized Article
25964,[],Uncategorized Article
2719,[],Uncategorized Article
25935,[],Uncategorized Article
12713,[],Uncategorized Article
14870,[],Uncategorized Article
21534,[],Uncategorized Article
16370,[],Uncategorized Article
2808,[],Uncategorized Article
9017,[],Uncategorized Article
16940,[],Uncategorized Article
16106,[],Uncategorized Article
22534,[],Uncategorized Article
21179,[],Uncategorized Article
2469,[],Uncategorized Article
3738,[],Uncategorized Article
20670,[],Uncategorized Article
13481,[],Uncategorized Article
18988,[],Uncategorized Article
362,[],Uncategorized Article
6924,[],Uncategorized Article
18088,[],Uncategorized Article
14688,[],Uncategorized Article
2139,[],Uncategorized Article
19623,[],Uncategorized Article
18767,[],Uncategorized Article
7314,[],Uncategorized Article
20695,[],Uncategorized Article
1312,[],Uncategorized Article
20314,[],Uncategorized Article
6183,[],Uncategorized Article
11303,[],Uncategorized Article
1591,[],Uncategorized Article
26187,[],Uncategorized Article
18546,[],Uncategorized Article
2396,[],Uncategorized Article
16701,[],Uncategorized Article
14559,[],Uncategorized Article
9516,[],Uncategorized Article
5233,[],Uncategorized Article
25511,[],Uncategorized Article
21452,[],Uncategorized Article
20420,[],Uncategorized Article
8987,[],Uncategorized Article
3020,[],Uncategorized Article
9903,[],Uncategorized Article
8228,[],Uncategorized Article
9105,[],Uncategorized Article
13913,[],Uncategorized Article
5295,[],Uncategorized Article
3972,[],Uncategorized Article
21754,[],Uncategorized Article
14663,[],Uncategorized Article
4133,[],Uncategorized Article
974,[],Uncategorized Article
7291,[],Uncategorized Article
15585,[],Uncategorized Article
17338,[],Uncategorized Article
9752,[],Uncategorized Article
13774,[],Uncategorized Article
23265,[],Uncategorized Article
5016,[],Uncategorized Article
17602,[],Uncategorized Article
10874,[],Uncategorized Article
23874,[],Uncategorized Article
13239,[],Uncategorized Article
18024,[],Uncategorized Article
17674,[],Uncategorized Article
11873,[],Uncategorized Article
17764,[],Uncategorized Article
1933,[],Uncategorized Article
4675,[],Uncategorized Article
10222,[],Uncategorized Article
892,[],Uncategorized Article
7287,[],Uncategorized Article
21260,[],Uncategorized Article
7906,[],Uncategorized Article
24578,[],Uncategorized Article
14551,[],Uncategorized Article
23696,[],Uncategorized Article
18850,[],Uncategorized Article
7657,[],Uncategorized Article
10106,[],Uncategorized Article
18297,[],Uncategorized Article
11362,[],Uncategorized Article
13832,[],Uncategorized Article
19120,[],Uncategorized Article
726,[],Uncategorized Article
7214,[],Uncategorized Article
8245,[],Uncategorized Article
18180,[],Uncategorized Article
15876,[],Uncategorized Article
20229,[],Uncategorized Article
14199,[],Uncategorized Article
22786,[],Uncategorized Article
10745,[],Uncategorized Article
17320,[],Uncategorized Article
18649,[],Uncategorized Article
17208,[],Uncategorized Article
7274,[],Uncategorized Article
11593,[],Uncategorized Article
1389,[],Uncategorized Article
3564,[],Uncategorized Article
9076,[],Uncategorized Article
5429,[],Uncategorized Article
26834,[],Uncategorized Article
16220,[],Uncategorized Article
24211,[],Uncategorized Article
22074,[],Uncategorized Article
14899,[],Uncategorized Article
24262,[],Uncategorized Article
15512,[],Uncategorized Article
14561,[],Uncategorized Article
1868,[],Uncategorized Article
8202,[],Uncategorized Article
23870,[],Uncategorized Article
806,[],Uncategorized Article
4805,[],Uncategorized Article
25410,[],Uncategorized Article
12260,[],Uncategorized Article
25858,[],Uncategorized Article
26944,[],Uncategorized Article
10426,[],Uncategorized Article
9155,[],Uncategorized Article
23895,[],Uncategorized Article
24440,[],Uncategorized Article
15152,[],Uncategorized Article
4494,[],Uncategorized Article
2632,[],Uncategorized Article
14286,[],Uncategorized Article
25507,[],Uncategorized Article
25007,[],Uncategorized Article
7832,[],Uncategorized Article
20772,[],Uncategorized Article
14269,[],Uncategorized Article
145,[],Uncategorized Article
22851,[],Uncategorized Article
2033,[],Uncategorized Article
24951,[],Uncategorized Article
1165,[],Uncategorized Article
11692,[],Uncategorized Article
2050,[],Uncategorized Article
20144,[],Uncategorized Article
10816,[],Uncategorized Article
12676,[],Uncategorized Article
20819,[],Uncategorized Article
3430,[],Uncategorized Article
24574,[],Uncategorized Article
25315,[],Uncategorized Article
7069,[],Uncategorized Article
4361,[],Uncategorized Article
10616,[],Uncategorized Article
18155,[],Uncategorized Article
19895,[],Uncategorized Article
271,[],Uncategorized Article
12984,[],Uncategorized Article
8436,[],Uncategorized Article
18416,[],Uncategorized Article
12316,[],Uncategorized Article
26690,[],Uncategorized Article
9005,[],Uncategorized Article
26555,[],Uncategorized Article
3810,[],Uncategorized Article
13919,[],Uncategorized Article
15775,[],Uncategorized Article
9996,[],Uncategorized Article
4346,[],Uncategorized Article
545,[],Uncategorized Article
19625,[],Uncategorized Article
8502,[],Uncategorized Article
11713,[],Uncategorized Article
15229,[],Uncategorized Article
9323,[],Uncategorized Article
13737,[],Uncategorized Article
26892,[],Uncategorized Article
15520,[],Uncategorized Article
7564,[],Uncategorized Article
17304,[],Uncategorized Article
15317,[],Uncategorized Article
25815,[],Uncategorized Article
11779,[],Uncategorized Article
6640,[],Uncategorized Article
24078,[],Uncategorized Article
8230,[],Uncategorized Article
12651,[],Uncategorized Article
23510,[],Uncategorized Article
20662,[],Uncategorized Article
2983,[],Uncategorized Article
16514,[],Uncategorized Article
13409,[],Uncategorized Article
24364,[],Uncategorized Article
2667,[],Uncategorized Article
23522,[],Uncategorized Article
19607,[],Uncategorized Article
9374,[],Uncategorized Article
24077,[],Uncategorized Article
21776,[],Uncategorized Article
614,[],Uncategorized Article
19945,[],Uncategorized Article
17850,[],Uncategorized Article
4497,[],Uncategorized Article
19426,[],Uncategorized Article
18803,[],Uncategorized Article
21469,[],Uncategorized Article
3294,[],Uncategorized Article
6737,[],Uncategorized Article
1500,[],Uncategorized Article
9018,[],Uncategorized Article
17905,[],Uncategorized Article
25814,[],Uncategorized Article
15023,[],Uncategorized Article
11122,[],Uncategorized Article
4232,[],Uncategorized Article
24070,[],Uncategorized Article
8820,[],Uncategorized Article
4430,[],Uncategorized Article
12045,[],Uncategorized Article
16774,[],Uncategorized Article
26814,[],Uncategorized Article
23508,[],Uncategorized Article
22297,[],Uncategorized Article
12182,[],Uncategorized Article
8592,[],Uncategorized Article
4806,[],Uncategorized Article
25589,[],Uncategorized Article
24622,[],Uncategorized Article
13849,[],Uncategorized Article
24428,[],Uncategorized Article
25064,[],Uncategorized Article
20377,[],Uncategorized Article
11918,[],Uncategorized Article
21771,[],Uncategorized Article
22993,[],Uncategorized Article
15896,[],Uncategorized Article
5319,[],Uncategorized Article
26788,[],Uncategorized Article
7119,[],Uncategorized Article
2421,[],Uncategorized Article
21988,[],Uncategorized Article
1750,[],Uncategorized Article
11344,[],Uncategorized Article
19092,[],Uncategorized Article
12254,[],Uncategorized Article
26622,[],Uncategorized Article
338,[],Uncategorized Article
24791,[],Uncategorized Article
11855,[],Uncategorized Article
1341,[],Uncategorized Article
26394,[],Uncategorized Article
24366,[],Uncategorized Article
3640,[],Uncategorized Article
16713,[],Uncategorized Article
21520,[],Uncategorized Article
3004,[],Uncategorized Article
6960,[],Uncategorized Article
4090,[],Uncategorized Article
16314,[],Uncategorized Article
18706,[],Uncategorized Article
23051,[],Uncategorized Article
23393,[],Uncategorized Article
20581,[],Uncategorized Article
19933,[],Uncategorized Article
9650,[],Uncategorized Article
8363,[],Uncategorized Article
20587,[],Uncategorized Article
26085,[],Uncategorized Article
12418,[],Uncategorized Article
24354,[],Uncategorized Article
13350,[],Uncategorized Article
25646,[],Uncategorized Article
22569,[],Uncategorized Article
18023,[],Uncategorized Article
9130,[],Uncategorized Article
60,[],Uncategorized Article
1240,[],Uncategorized Article
22144,[],Uncategorized Article
5136,[],Uncategorized Article
2343,[],Uncategorized Article
15048,[],Uncategorized Article
2120,[],Uncategorized Article
1524,[],Uncategorized Article
7617,[],Uncategorized Article
153,[],Uncategorized Article
14536,[],Uncategorized Article
481,[],Uncategorized Article
6122,[],Uncategorized Article
12652,[],Uncategorized Article
24058,[],Uncategorized Article
23485,[],Uncategorized Article
12112,[],Uncategorized Article
15850,[],Uncategorized Article
1762,[],Uncategorized Article
15826,[],Uncategorized Article
15507,[],Uncategorized Article
8942,[],Uncategorized Article
7715,[],Uncategorized Article
21792,[],Uncategorized Article
23863,[],Uncategorized Article
22596,[],Uncategorized Article
4853,[],Uncategorized Article
2711,[],Uncategorized Article
23150,[],Uncategorized Article
20534,[],Uncategorized Article
17717,[],Uncategorized Article
11046,[],Uncategorized Article
24762,[],Uncategorized Article
6819,[],Uncategorized Article
24063,[],Uncategorized Article
21799,[],Uncategorized Article
20234,[],Uncategorized Article
24724,[],Uncategorized Article
20508,[],Uncategorized Article
13081,[],Uncategorized Article
21874,[],Uncategorized Article
11555,[],Uncategorized Article
21172,[],Uncategorized Article
19250,[],Uncategorized Article
17770,[],Uncategorized Article
5941,[],Uncategorized Article
3067,[],Uncategorized Article
25738,[],Uncategorized Article
3629,[],Uncategorized Article
26279,[],Uncategorized Article
24027,[],Uncategorized Article
3028,[],Uncategorized Article
2969,[],Uncategorized Article
11664,[],Uncategorized Article
8646,[],Uncategorized Article
15156,[],Uncategorized Article
22520,[],Uncategorized Article
25802,[],Uncategorized Article
25185,[],Uncategorized Article
4263,[],Uncategorized Article
17029,[],Uncategorized Article
15646,[],Uncategorized Article
7992,[],Uncategorized Article
18458,[],Uncategorized Article
16725,[],Uncategorized Article
8041,[],Uncategorized Article
15988,[],Uncategorized Article
1622,[],Uncategorized Article
12875,[],Uncategorized Article
23525,[],Uncategorized Article
22180,[],Uncategorized Article
7184,[],Uncategorized Article
24616,[],Uncategorized Article
5475,[],Uncategorized Article
23365,[],Uncategorized Article
16458,[],Uncategorized Article
8996,[],Uncategorized Article
11372,[],Uncategorized Article
8633,[],Uncategorized Article
23193,[],Uncategorized Article
18435,[],Uncategorized Article
18925,[],Uncategorized Article
17685,[],Uncategorized Article
22261,[],Uncategorized Article
23752,[],Uncategorized Article
1304,[],Uncategorized Article
8428,[],Uncategorized Article
4033,[],Uncategorized Article
2599,[],Uncategorized Article
12808,[],Uncategorized Article
2573,[],Uncategorized Article
3186,[],Uncategorized Article
19152,[],Uncategorized Article
4831,[],Uncategorized Article
20607,[],Uncategorized Article
16086,[],Uncategorized Article
24557,[],Uncategorized Article
2106,[],Uncategorized Article
19063,[],Uncategorized Article
15517,[],Uncategorized Article
12880,[],Uncategorized Article
17771,[],Uncategorized Article
26568,[],Uncategorized Article
25553,[],Uncategorized Article
22370,[],Uncategorized Article
7083,[],Uncategorized Article
13192,[],Uncategorized Article
1279,[],Uncategorized Article
13221,[],Uncategorized Article
804,[],Uncategorized Article
14596,[],Uncategorized Article
17939,[],Uncategorized Article
20875,[],Uncategorized Article
11382,[],Uncategorized Article
4566,[],Uncategorized Article
26562,[],Uncategorized Article
15358,[],Uncategorized Article
4841,[],Uncategorized Article
19978,[],Uncategorized Article
22419,[],Uncategorized Article
23236,[],Uncategorized Article
10112,[],Uncategorized Article
8705,[],Uncategorized Article
20561,[],Uncategorized Article
17692,[],Uncategorized Article
13859,[],Uncategorized Article
9106,[],Uncategorized Article
3452,[],Uncategorized Article
20079,[],Uncategorized Article
20626,[],Uncategorized Article
2198,[],Uncategorized Article
16032,[],Uncategorized Article
25350,[],Uncategorized Article
4425,[],Uncategorized Article
6150,[],Uncategorized Article
14289,[],Uncategorized Article
17327,[],Uncategorized Article
822,[],Uncategorized Article
15070,[],Uncategorized Article
21389,[],Uncategorized Article
22996,[],Uncategorized Article
8356,[],Uncategorized Article
22003,[],Uncategorized Article
20931,[],Uncategorized Article
12175,[],Uncategorized Article
18922,[],Uncategorized Article
15149,[],Uncategorized Article
9503,[],Uncategorized Article
21591,[],Uncategorized Article
26354,[],Uncategorized Article
25665,[],Uncategorized Article
13575,[],Uncategorized Article
3054,[],Uncategorized Article
20059,[],Uncategorized Article
24160,[],Uncategorized Article
7218,[],Uncategorized Article
6722,[],Uncategorized Article
3300,[],Uncategorized Article
19694,[],Uncategorized Article
23605,[],Uncategorized Article
8519,[],Uncategorized Article
16380,[],Uncategorized Article
10682,[],Uncategorized Article
14295,[],Uncategorized Article
22338,[],Uncategorized Article
10998,[],Uncategorized Article
12600,[],Uncategorized Article
17216,[],Uncategorized Article
11271,[],Uncategorized Article
26725,[],Uncategorized Article
19846,[],Uncategorized Article
7643,[],Uncategorized Article
16438,[],Uncategorized Article
14422,[],Uncategorized Article
19835,[],Uncategorized Article
22689,[],Uncategorized Article
10093,[],Uncategorized Article
1481,[],Uncategorized Article
4873,[],Uncategorized Article
13087,[],Uncategorized Article
16002,[],Uncategorized Article
8038,[],Uncategorized Article
12342,[],Uncategorized Article
19719,[],Uncategorized Article
22400,[],Uncategorized Article
21310,[],Uncategorized Article
25522,[],Uncategorized Article
5797,[],Uncategorized Article
11485,[],Uncategorized Article
5232,[],Uncategorized Article
21467,[],Uncategorized Article
6645,[],Uncategorized Article
15534,[],Uncategorized Article
5490,[],Uncategorized Article
768,[],Uncategorized Article
18449,[],Uncategorized Article
23570,[],Uncategorized Article
7311,[],Uncategorized Article
24861,[],Uncategorized Article
26917,[],Uncategorized Article
20908,[],Uncategorized Article
2717,[],Uncategorized Article
2079,[],Uncategorized Article
25298,[],Uncategorized Article
951,[],Uncategorized Article
24442,[],Uncategorized Article
2482,[],Uncategorized Article
9181,[],Uncategorized Article
1759,[],Uncategorized Article
9984,[],Uncategorized Article
20806,[],Uncategorized Article
23088,[],Uncategorized Article
9916,[],Uncategorized Article
21566,[],Uncategorized Article
24917,[],Uncategorized Article
20085,[],Uncategorized Article
4243,[],Uncategorized Article
17072,[],Uncategorized Article
19816,[],Uncategorized Article
13395,[],Uncategorized Article
4944,[],Uncategorized Article
17350,[],Uncategorized Article
5588,[],Uncategorized Article
16241,[],Uncategorized Article
10395,[],Uncategorized Article
19097,[],Uncategorized Article
4757,[],Uncategorized Article
4380,[],Uncategorized Article
22704,[],Uncategorized Article
13472,[],Uncategorized Article
22359,[],Uncategorized Article
19956,[],Uncategorized Article
12997,[],Uncategorized Article
5299,[],Uncategorized Article
1990,[],Uncategorized Article
12312,[],Uncategorized Article
12951,[],Uncategorized Article
17589,[],Uncategorized Article
13490,[],Uncategorized Article
4971,[],Uncategorized Article
26634,[],Uncategorized Article
13226,[],Uncategorized Article
6783,[],Uncategorized Article
3600,[],Uncategorized Article
22874,[],Uncategorized Article
24993,[],Uncategorized Article
26971,[],Uncategorized Article
8070,[],Uncategorized Article
8577,[],Uncategorized Article
7973,[],Uncategorized Article
10314,[],Uncategorized Article
1625,[],Uncategorized Article
16920,[],Uncategorized Article
25150,[],Uncategorized Article
7970,[],Uncategorized Article
13224,[],Uncategorized Article
4212,[],Uncategorized Article
6456,[],Uncategorized Article
19891,[],Uncategorized Article
24777,[],Uncategorized Article
9524,[],Uncategorized Article
23496,[],Uncategorized Article
11694,[],Uncategorized Article
2708,[],Uncategorized Article
21415,[],Uncategorized Article
6514,[],Uncategorized Article
4662,[],Uncategorized Article
20405,[],Uncategorized Article
1854,[],Uncategorized Article
3072,[],Uncategorized Article
19256,[],Uncategorized Article
19414,[],Uncategorized Article
14755,[],Uncategorized Article
1645,[],Uncategorized Article
3417,[],Uncategorized Article
3476,[],Uncategorized Article
26404,[],Uncategorized Article
11053,[],Uncategorized Article
1792,[],Uncategorized Article
13718,[],Uncategorized Article
15114,[],Uncategorized Article
3797,[],Uncategorized Article
3368,[],Uncategorized Article
11559,[],Uncategorized Article
7196,[],Uncategorized Article
26525,[],Uncategorized Article
21493,[],Uncategorized Article
22408,[],Uncategorized Article
11641,[],Uncategorized Article
8795,[],Uncategorized Article
26062,[],Uncategorized Article
126,[],Uncategorized Article
5959,[],Uncategorized Article
20260,[],Uncategorized Article
13635,[],Uncategorized Article
15343,[],Uncategorized Article
4451,[],Uncategorized Article
7147,[],Uncategorized Article
19915,[],Uncategorized Article
827,[],Uncategorized Article
24174,[],Uncategorized Article
26513,[],Uncategorized Article
17368,[],Uncategorized Article
11473,[],Uncategorized Article
7783,[],Uncategorized Article
10380,[],Uncategorized Article
26440,[],Uncategorized Article
2443,[],Uncategorized Article
24938,[],Uncategorized Article
10541,[],Uncategorized Article
16729,[],Uncategorized Article
814,[],Uncategorized Article
22550,[],Uncategorized Article
12999,[],Uncategorized Article
11397,[],Uncategorized Article
25762,[],Uncategorized Article
26705,[],Uncategorized Article
14153,[],Uncategorized Article
12298,[],Uncategorized Article
5779,[],Uncategorized Article
2116,[],Uncategorized Article
793,[],Uncategorized Article
10147,[],Uncategorized Article
6898,[],Uncategorized Article
2674,[],Uncategorized Article
16478,[],Uncategorized Article
15770,[],Uncategorized Article
20609,[],Uncategorized Article
3756,[],Uncategorized Article
2891,[],Uncategorized Article
18755,[],Uncategorized Article
14382,[],Uncategorized Article
20103,[],Uncategorized Article
3228,[],Uncategorized Article
7863,[],Uncategorized Article
6359,[],Uncategorized Article
25931,[],Uncategorized Article
23710,[],Uncategorized Article
22412,[],Uncategorized Article
13429,[],Uncategorized Article
11104,[],Uncategorized Article
18249,[],Uncategorized Article
13946,[],Uncategorized Article
4612,[],Uncategorized Article
19029,[],Uncategorized Article
2243,[],Uncategorized Article
5373,[],Uncategorized Article
2336,[],Uncategorized Article
17334,[],Uncategorized Article
11260,[],Uncategorized Article
1120,[],Uncategorized Article
10789,[],Uncategorized Article
18588,[],Uncategorized Article
419,[],Uncategorized Article
922,[],Uncategorized Article
9446,[],Uncategorized Article
25053,[],Uncategorized Article
5408,[],Uncategorized Article
5788,[],Uncategorized Article
22126,[],Uncategorized Article
15374,[],Uncategorized Article
24051,[],Uncategorized Article
21951,[],Uncategorized Article
24519,[],Uncategorized Article
17586,[],Uncategorized Article
22149,[],Uncategorized Article
8389,[],Uncategorized Article
1970,[],Uncategorized Article
11302,[],Uncategorized Article
4018,[],Uncategorized Article
3687,[],Uncategorized Article
18381,[],Uncategorized Article
20417,[],Uncategorized Article
12790,[],Uncategorized Article
11246,[],Uncategorized Article
1248,[],Uncategorized Article
2192,[],Uncategorized Article
19096,[],Uncategorized Article
9184,[],Uncategorized Article
18574,[],Uncategorized Article
4670,[],Uncategorized Article
21526,[],Uncategorized Article
5984,[],Uncategorized Article
6565,[],Uncategorized Article
7804,[],Uncategorized Article
11954,[],Uncategorized Article
6943,[],Uncategorized Article
9510,[],Uncategorized Article
10535,[],Uncategorized Article
18520,[],Uncategorized Article
17449,[],Uncategorized Article
14060,[],Uncategorized Article
16984,[],Uncategorized Article
20611,[],Uncategorized Article
7577,[],Uncategorized Article
77,[],Uncategorized Article
23930,[],Uncategorized Article
19282,[],Uncategorized Article
15524,[],Uncategorized Article
21204,[],Uncategorized Article
23325,[],Uncategorized Article
22797,[],Uncategorized Article
9064,[],Uncategorized Article
8007,[],Uncategorized Article
21852,[],Uncategorized Article
5951,[],Uncategorized Article
11157,[],Uncategorized Article
3391,[],Uncategorized Article
5415,[],Uncategorized Article
18944,[],Uncategorized Article
8162,[],Uncategorized Article
19019,[],Uncategorized Article
5256,[],Uncategorized Article
3530,[],Uncategorized Article
8567,[],Uncategorized Article
1908,[],Uncategorized Article
26020,[],Uncategorized Article
235,[],Uncategorized Article
12219,[],Uncategorized Article
17988,[],Uncategorized Article
7984,[],Uncategorized Article
9310,[],Uncategorized Article
3490,[],Uncategorized Article
14231,[],Uncategorized Article
18378,[],Uncategorized Article
19208,[],Uncategorized Article
26052,[],Uncategorized Article
10568,[],Uncategorized Article
1342,[],Uncategorized Article
8512,[],Uncategorized Article
1619,[],Uncategorized Article
5287,[],Uncategorized Article
18444,[],Uncategorized Article
7041,[],Uncategorized Article
2219,[],Uncategorized Article
9865,[],Uncategorized Article
22422,[],Uncategorized Article
16644,[],Uncategorized Article
26161,[],Uncategorized Article
12977,[],Uncategorized Article
25477,[],Uncategorized Article
20128,[],Uncategorized Article
14594,[],Uncategorized Article
18410,[],Uncategorized Article
6988,[],Uncategorized Article
20618,[],Uncategorized Article
1917,[],Uncategorized Article
1828,[],Uncategorized Article
9765,[],Uncategorized Article
12607,[],Uncategorized Article
12941,[],Uncategorized Article
6233,[],Uncategorized Article
26117,[],Uncategorized Article
6283,[],Uncategorized Article
4208,[],Uncategorized Article
12819,[],Uncategorized Article
16608,[],Uncategorized Article
25299,[],Uncategorized Article
9333,[],Uncategorized Article
6469,[],Uncategorized Article
26224,[],Uncategorized Article
13746,[],Uncategorized Article
15385,[],Uncategorized Article
13703,[],Uncategorized Article
10954,[],Uncategorized Article
846,[],Uncategorized Article
20673,[],Uncategorized Article
5560,[],Uncategorized Article
13234,[],Uncategorized Article
14309,[],Uncategorized Article
18935,[],Uncategorized Article
13917,[],Uncategorized Article
117,[],Uncategorized Article
8837,[],Uncategorized Article
22350,[],Uncategorized Article
24579,[],Uncategorized Article
14043,[],Uncategorized Article
8659,[],Uncategorized Article
23873,[],Uncategorized Article
16389,[],Uncategorized Article
5342,[],Uncategorized Article
9111,[],Uncategorized Article
10787,[],Uncategorized Article
4324,[],Uncategorized Article
17447,[],Uncategorized Article
2590,[],Uncategorized Article
24818,[],Uncategorized Article
13046,[],Uncategorized Article
25736,[],Uncategorized Article
20119,[],Uncategorized Article
13918,[],Uncategorized Article
10589,[],Uncategorized Article
19901,[],Uncategorized Article
23370,[],Uncategorized Article
11613,[],Uncategorized Article
6767,[],Uncategorized Article
5622,[],Uncategorized Article
1605,[],Uncategorized Article
18117,[],Uncategorized Article
26129,[],Uncategorized Article
25888,[],Uncategorized Article
3812,[],Uncategorized Article
14277,[],Uncategorized Article
17260,[],Uncategorized Article
10554,[],Uncategorized Article
10167,[],Uncategorized Article
1761,[],Uncategorized Article
15679,[],Uncategorized Article
21785,[],Uncategorized Article
19123,[],Uncategorized Article
2472,[],Uncategorized Article
15913,[],Uncategorized Article
6738,[],Uncategorized Article
23275,[],Uncategorized Article
15728,[],Uncategorized Article
12199,[],Uncategorized Article
7943,[],Uncategorized Article
12910,[],Uncategorized Article
14369,[],Uncategorized Article
20590,[],Uncategorized Article
6371,[],Uncategorized Article
25745,[],Uncategorized Article
16616,[],Uncategorized Article
8258,[],Uncategorized Article
7561,[],Uncategorized Article
9795,[],Uncategorized Article
6168,[],Uncategorized Article
11475,[],Uncategorized Article
3596,[],Uncategorized Article
6288,[],Uncategorized Article
4632,[],Uncategorized Article
15147,[],Uncategorized Article
16509,[],Uncategorized Article
24025,[],Uncategorized Article
6229,[],Uncategorized Article
17680,[],Uncategorized Article
18360,[],Uncategorized Article
26750,[],Uncategorized Article
26270,[],Uncategorized Article
10267,[],Uncategorized Article
12772,[],Uncategorized Article
5750,[],Uncategorized Article
8152,[],Uncategorized Article
13503,[],Uncategorized Article
3086,[],Uncategorized Article
1906,[],Uncategorized Article
6882,[],Uncategorized Article
26980,[],Uncategorized Article
7673,[],Uncategorized Article
19729,[],Uncategorized Article
8172,[],Uncategorized Article
26234,[],Uncategorized Article
5870,[],Uncategorized Article
22890,[],Uncategorized Article
19181,[],Uncategorized Article
17302,[],Uncategorized Article
18030,[],Uncategorized Article
5122,[],Uncategorized Article
5126,[],Uncategorized Article
13623,[],Uncategorized Article
15034,[],Uncategorized Article
4621,[],Uncategorized Article
6809,[],Uncategorized Article
16748,[],Uncategorized Article
15745,[],Uncategorized Article
11479,[],Uncategorized Article
2125,[],Uncategorized Article
8150,[],Uncategorized Article
8717,[],Uncategorized Article
13013,[],Uncategorized Article
55,[],Uncategorized Article
17022,[],Uncategorized Article
302,[],Uncategorized Article
22195,[],Uncategorized Article
17660,[],Uncategorized Article
14178,[],Uncategorized Article
13568,[],Uncategorized Article
4432,[],Uncategorized Article
20028,[],Uncategorized Article
20527,[],Uncategorized Article
19262,[],Uncategorized Article
12394,[],Uncategorized Article
22877,[],Uncategorized Article
10478,[],Uncategorized Article
10453,[],Uncategorized Article
5240,[],Uncategorized Article
22574,[],Uncategorized Article
10488,[],Uncategorized Article
23321,[],Uncategorized Article
23624,[],Uncategorized Article
16282,[],Uncategorized Article
14124,[],Uncategorized Article
10160,[],Uncategorized Article
18977,[],Uncategorized Article
18777,[],Uncategorized Article
16907,[],Uncategorized Article
6376,[],Uncategorized Article
6981,[],Uncategorized Article
13716,[],Uncategorized Article
23061,[],Uncategorized Article
3900,[],Uncategorized Article
26517,[],Uncategorized Article
12891,[],Uncategorized Article
21969,[],Uncategorized Article
21508,[],Uncategorized Article
24340,[],Uncategorized Article
23954,[],Uncategorized Article
11314,[],Uncategorized Article
23161,[],Uncategorized Article
10161,[],Uncategorized Article
17055,[],Uncategorized Article
4188,[],Uncategorized Article
666,[],Uncategorized Article
3266,[],Uncategorized Article
18271,[],Uncategorized Article
8472,[],Uncategorized Article
9911,[],Uncategorized Article
12647,[],Uncategorized Article
25475,[],Uncategorized Article
24071,[],Uncategorized Article
22415,[],Uncategorized Article
11637,[],Uncategorized Article
6090,[],Uncategorized Article
6238,[],Uncategorized Article
15183,[],Uncategorized Article
7350,[],Uncategorized Article
24214,[],Uncategorized Article
17144,[],Uncategorized Article
6254,[],Uncategorized Article
18290,[],Uncategorized Article
12234,[],Uncategorized Article
12015,[],Uncategorized Article
3818,[],Uncategorized Article
6269,[],Uncategorized Article
4300,[],Uncategorized Article
5569,[],Uncategorized Article
14388,[],Uncategorized Article
7941,[],Uncategorized Article
4164,[],Uncategorized Article
22355,[],Uncategorized Article
19963,[],Uncategorized Article
19216,[],Uncategorized Article
21833,[],Uncategorized Article
19856,[],Uncategorized Article
22711,[],Uncategorized Article
16521,[],Uncategorized Article
7043,[],Uncategorized Article
4892,[],Uncategorized Article
18564,[],Uncategorized Article
10320,[],Uncategorized Article
24114,[],Uncategorized Article
19561,[],Uncategorized Article
4854,[],Uncategorized Article
4637,[],Uncategorized Article
21499,[],Uncategorized Article
9550,[],Uncategorized Article
24032,[],Uncategorized Article
20645,[],Uncategorized Article
17715,[],Uncategorized Article
10209,[],Uncategorized Article
23386,[],Uncategorized Article
25934,[],Uncategorized Article
6941,[],Uncategorized Article
8017,[],Uncategorized Article
22625,[],Uncategorized Article
9521,[],Uncategorized Article
6949,[],Uncategorized Article
6881,[],Uncategorized Article
13051,[],Uncategorized Article
15781,[],Uncategorized Article
20914,[],Uncategorized Article
4673,[],Uncategorized Article
12173,[],Uncategorized Article
6996,[],Uncategorized Article
1252,[],Uncategorized Article
11470,[],Uncategorized Article
15254,[],Uncategorized Article
19758,[],Uncategorized Article
19198,[],Uncategorized Article
21103,[],Uncategorized Article
22928,[],Uncategorized Article
10040,[],Uncategorized Article
4858,[],Uncategorized Article
24285,[],Uncategorized Article
8580,[],Uncategorized Article
8427,[],Uncategorized Article
17461,[],Uncategorized Article
10176,[],Uncategorized Article
4363,[],Uncategorized Article
17154,[],Uncategorized Article
10357,[],Uncategorized Article
25249,[],Uncategorized Article
16633,[],Uncategorized Article
14489,[],Uncategorized Article
7239,[],Uncategorized Article
14430,[],Uncategorized Article
3419,[],Uncategorized Article
10015,[],Uncategorized Article
26466,[],Uncategorized Article
4976,[],Uncategorized Article
4544,[],Uncategorized Article
21949,[],Uncategorized Article
24323,[],Uncategorized Article
17100,[],Uncategorized Article
21164,[],Uncategorized Article
12338,[],Uncategorized Article
2048,[],Uncategorized Article
5997,[],Uncategorized Article
22984,[],Uncategorized Article
23629,[],Uncategorized Article
15444,[],Uncategorized Article
13456,[],Uncategorized Article
20562,[],Uncategorized Article
4809,[],Uncategorized Article
10916,[],Uncategorized Article
3636,[],Uncategorized Article
23524,[],Uncategorized Article
23574,[],Uncategorized Article
17844,[],Uncategorized Article
15106,[],Uncategorized Article
5989,[],Uncategorized Article
9860,[],Uncategorized Article
18384,[],Uncategorized Article
12763,[],Uncategorized Article
15158,[],Uncategorized Article
8175,[],Uncategorized Article
404,[],Uncategorized Article
384,[],Uncategorized Article
8702,[],Uncategorized Article
7266,[],Uncategorized Article
10344,[],Uncategorized Article
18017,[],Uncategorized Article
20384,[],Uncategorized Article
13772,[],Uncategorized Article
21168,[],Uncategorized Article
6938,[],Uncategorized Article
6970,[],Uncategorized Article
20309,[],Uncategorized Article
4158,[],Uncategorized Article
23833,[],Uncategorized Article
26331,[],Uncategorized Article
13550,[],Uncategorized Article
8415,[],Uncategorized Article
2193,[],Uncategorized Article
1015,[],Uncategorized Article
5124,[],Uncategorized Article
23802,[],Uncategorized Article
23793,[],Uncategorized Article
25373,[],Uncategorized Article
19255,[],Uncategorized Article
9,[],Uncategorized Article
10136,[],Uncategorized Article
18222,[],Uncategorized Article
4804,[],Uncategorized Article
16639,[],Uncategorized Article
23410,[],Uncategorized Article
5713,[],Uncategorized Article
12677,[],Uncategorized Article
19708,[],Uncategorized Article
24098,[],Uncategorized Article
1581,[],Uncategorized Article
17308,[],Uncategorized Article
2779,[],Uncategorized Article
24275,[],Uncategorized Article
22516,[],Uncategorized Article
13216,[],Uncategorized Article
5320,[],Uncategorized Article
7312,[],Uncategorized Article
23486,[],Uncategorized Article
14837,[],Uncategorized Article
6042,[],Uncategorized Article
20159,[],Uncategorized Article
4835,[],Uncategorized Article
4964,[],Uncategorized Article
539,[],Uncategorized Article
7483,[],Uncategorized Article
19129,[],Uncategorized Article
3719,[],Uncategorized Article
23203,[],Uncategorized Article
13659,[],Uncategorized Article
9337,[],Uncategorized Article
20852,[],Uncategorized Article
667,[],Uncategorized Article
23959,[],Uncategorized Article
24933,[],Uncategorized Article
21447,[],Uncategorized Article
11023,[],Uncategorized Article
10975,[],Uncategorized Article
1353,[],Uncategorized Article
13323,[],Uncategorized Article
7114,[],Uncategorized Article
24504,[],Uncategorized Article
8662,[],Uncategorized Article
19087,[],Uncategorized Article
3330,[],Uncategorized Article
8053,[],Uncategorized Article
11829,[],Uncategorized Article
9588,[],Uncategorized Article
19968,[],Uncategorized Article
26262,[],Uncategorized Article
5645,[],Uncategorized Article
19760,[],Uncategorized Article
17640,[],Uncategorized Article
6190,[],Uncategorized Article
15761,[],Uncategorized Article
11704,[],Uncategorized Article
13843,[],Uncategorized Article
25826,[],Uncategorized Article
21732,[],Uncategorized Article
11003,[],Uncategorized Article
20559,[],Uncategorized Article
4910,[],Uncategorized Article
1852,[],Uncategorized Article
22700,[],Uncategorized Article
12972,[],Uncategorized Article
26805,[],Uncategorized Article
2105,[],Uncategorized Article
16517,[],Uncategorized Article
13428,[],Uncategorized Article
5029,[],Uncategorized Article
17312,[],Uncategorized Article
823,[],Uncategorized Article
23960,[],Uncategorized Article
1531,[],Uncategorized Article
1214,[],Uncategorized Article
504,[],Uncategorized Article
14683,[],Uncategorized Article
10188,[],Uncategorized Article
6530,[],Uncategorized Article
19456,[],Uncategorized Article
10150,[],Uncategorized Article
9576,[],Uncategorized Article
25470,[],Uncategorized Article
13116,[],Uncategorized Article
25031,[],Uncategorized Article
23003,[],Uncategorized Article
25657,[],Uncategorized Article
3709,[],Uncategorized Article
26447,[],Uncategorized Article
21233,[],Uncategorized Article
4748,[],Uncategorized Article
20652,[],Uncategorized Article
11714,[],Uncategorized Article
15485,[],Uncategorized Article
26839,[],Uncategorized Article
25289,[],Uncategorized Article
20570,[],Uncategorized Article
5301,[],Uncategorized Article
19307,[],Uncategorized Article
6588,[],Uncategorized Article
1810,[],Uncategorized Article
19870,[],Uncategorized Article
23803,[],Uncategorized Article
3141,[],Uncategorized Article
25731,[],Uncategorized Article
1324,[],Uncategorized Article
4312,[],Uncategorized Article
7494,[],Uncategorized Article
25086,[],Uncategorized Article
26256,[],Uncategorized Article
8691,[],Uncategorized Article
26335,[],Uncategorized Article
9580,[],Uncategorized Article
13807,[],Uncategorized Article
21925,[],Uncategorized Article
22556,[],Uncategorized Article
17924,[],Uncategorized Article
25793,[],Uncategorized Article
19065,[],Uncategorized Article
26843,[],Uncategorized Article
6313,[],Uncategorized Article
17575,[],Uncategorized Article
13964,[],Uncategorized Article
21677,[],Uncategorized Article
1542,[],Uncategorized Article
11493,[],Uncategorized Article
11516,[],Uncategorized Article
7056,[],Uncategorized Article
2539,[],Uncategorized Article
17337,[],Uncategorized Article
23625,[],Uncategorized Article
15368,[],Uncategorized Article
6731,[],Uncategorized Article
4846,[],Uncategorized Article
6801,[],Uncategorized Article
24394,[],Uncategorized Article
4330,[],Uncategorized Article
8924,[],Uncategorized Article
5334,[],Uncategorized Article
23714,[],Uncategorized Article
9348,[],Uncategorized Article
4729,[],Uncategorized Article
22925,[],Uncategorized Article
11174,[],Uncategorized Article
21689,[],Uncategorized Article
21545,[],Uncategorized Article
24244,[],Uncategorized Article
18540,[],Uncategorized Article
1062,[],Uncategorized Article
1167,[],Uncategorized Article
20020,[],Uncategorized Article
7651,[],Uncategorized Article
21972,[],Uncategorized Article
11130,[],Uncategorized Article
23576,[],Uncategorized Article
4491,[],Uncategorized Article
23650,[],Uncategorized Article
21364,[],Uncategorized Article
8335,[],Uncategorized Article
5486,[],Uncategorized Article
21330,[],Uncategorized Article
19166,[],Uncategorized Article
17101,[],Uncategorized Article
2502,[],Uncategorized Article
4360,[],Uncategorized Article
4171,[],Uncategorized Article
24466,[],Uncategorized Article
26680,[],Uncategorized Article
16779,[],Uncategorized Article
13923,[],Uncategorized Article
14512,[],Uncategorized Article
7186,[],Uncategorized Article
698,[],Uncategorized Article
20876,[],Uncategorized Article
17749,[],Uncategorized Article
26369,[],Uncategorized Article
14191,[],Uncategorized Article
8787,[],Uncategorized Article
14397,[],Uncategorized Article
12144,[],Uncategorized Article
13584,[],Uncategorized Article
22301,[],Uncategorized Article
21352,[],Uncategorized Article
2914,[],Uncategorized Article
14552,[],Uncategorized Article
10518,[],Uncategorized Article
5644,[],Uncategorized Article
20150,[],Uncategorized Article
3440,[],Uncategorized Article
12043,[],Uncategorized Article
7357,[],Uncategorized Article
23190,[],Uncategorized Article
26263,[],Uncategorized Article
2143,[],Uncategorized Article
5104,[],Uncategorized Article
5073,[],Uncategorized Article
17955,[],Uncategorized Article
20463,[],Uncategorized Article
17506,[],Uncategorized Article
16048,[],Uncategorized Article
19170,[],Uncategorized Article
14527,[],Uncategorized Article
2967,[],Uncategorized Article
18888,[],Uncategorized Article
5988,[],Uncategorized Article
11657,[],Uncategorized Article
25251,[],Uncategorized Article
23548,[],Uncategorized Article
728,[],Uncategorized Article
7587,[],Uncategorized Article
7543,[],Uncategorized Article
412,[],Uncategorized Article
11338,[],Uncategorized Article
26092,[],Uncategorized Article
5745,[],Uncategorized Article
24052,[],Uncategorized Article
17209,[],Uncategorized Article
3267,[],Uncategorized Article
20358,[],Uncategorized Article
8808,[],Uncategorized Article
24690,[],Uncategorized Article
417,[],Uncategorized Article
11261,[],Uncategorized Article
9817,[],Uncategorized Article
15305,[],Uncategorized Article
16281,[],Uncategorized Article
23132,[],Uncategorized Article
25351,[],Uncategorized Article
2082,[],Uncategorized Article
25329,[],Uncategorized Article
12161,[],Uncategorized Article
3373,[],Uncategorized Article
5726,[],Uncategorized Article
20491,[],Uncategorized Article
10636,[],Uncategorized Article
20764,[],Uncategorized Article
24107,[],Uncategorized Article
17450,[],Uncategorized Article
3913,[],Uncategorized Article
13479,[],Uncategorized Article
5536,[],Uncategorized Article
8002,[],Uncategorized Article
5387,[],Uncategorized Article
22116,[],Uncategorized Article
2738,[],Uncategorized Article
5052,[],Uncategorized Article
4000,[],Uncategorized Article
26144,[],Uncategorized Article
2427,[],Uncategorized Article
11938,[],Uncategorized Article
6833,[],Uncategorized Article
18071,[],Uncategorized Article
851,[],Uncategorized Article
22687,[],Uncategorized Article
25471,[],Uncategorized Article
16347,[],Uncategorized Article
5878,[],Uncategorized Article
24911,[],Uncategorized Article
19223,[],Uncategorized Article
4611,[],Uncategorized Article
16364,[],Uncategorized Article
9540,[],Uncategorized Article
9207,[],Uncategorized Article
9823,[],Uncategorized Article
2489,[],Uncategorized Article
11922,[],Uncategorized Article
23289,[],Uncategorized Article
7390,[],Uncategorized Article
2849,[],Uncategorized Article
14069,[],Uncategorized Article
23049,[],Uncategorized Article
5881,[],Uncategorized Article
4452,[],Uncategorized Article
26333,[],Uncategorized Article
23805,[],Uncategorized Article
26211,[],Uncategorized Article
22868,[],Uncategorized Article
2479,[],Uncategorized Article
23001,[],Uncategorized Article
10457,[],Uncategorized Article
11151,[],Uncategorized Article
13245,[],Uncategorized Article
18525,[],Uncategorized Article
13296,[],Uncategorized Article
11310,[],Uncategorized Article
21572,[],Uncategorized Article
9435,[],Uncategorized Article
19128,[],Uncategorized Article
7253,[],Uncategorized Article
13284,[],Uncategorized Article
3506,[],Uncategorized Article
1679,[],Uncategorized Article
20633,[],Uncategorized Article
19531,[],Uncategorized Article
8130,[],Uncategorized Article
23388,[],Uncategorized Article
15125,[],Uncategorized Article
16964,[],Uncategorized Article
9662,[],Uncategorized Article
20454,[],Uncategorized Article
13500,[],Uncategorized Article
3343,[],Uncategorized Article
13184,[],Uncategorized Article
16244,[],Uncategorized Article
23788,[],Uncategorized Article
12775,[],Uncategorized Article
20056,[],Uncategorized Article
16943,[],Uncategorized Article
5237,[],Uncategorized Article
7805,[],Uncategorized Article
13407,[],Uncategorized Article
16896,[],Uncategorized Article
1081,[],Uncategorized Article
18048,[],Uncategorized Article
9204,[],Uncategorized Article
1931,[],Uncategorized Article
23944,[],Uncategorized Article
1150,[],Uncategorized Article
19222,[],Uncategorized Article
5949,[],Uncategorized Article
8308,[],Uncategorized Article
25316,[],Uncategorized Article
26718,[],Uncategorized Article
14262,[],Uncategorized Article
5177,[],Uncategorized Article
14098,[],Uncategorized Article
17214,[],Uncategorized Article
8311,[],Uncategorized Article
21136,[],Uncategorized Article
26258,[],Uncategorized Article
26628,[],Uncategorized Article
26920,[],Uncategorized Article
17019,[],Uncategorized Article
4465,[],Uncategorized Article
6799,[],Uncategorized Article
7987,[],Uncategorized Article
7079,[],Uncategorized Article
6966,[],Uncategorized Article
15202,[],Uncategorized Article
4142,[],Uncategorized Article
23411,[],Uncategorized Article
25567,[],Uncategorized Article
876,[],Uncategorized Article
21253,[],Uncategorized Article
21699,[],Uncategorized Article
21606,[],Uncategorized Article
16388,[],Uncategorized Article
15979,[],Uncategorized Article
3051,[],Uncategorized Article
22075,[],Uncategorized Article
19508,[],Uncategorized Article
14599,[],Uncategorized Article
15328,[],Uncategorized Article
2491,[],Uncategorized Article
15338,[],Uncategorized Article
20238,[],Uncategorized Article
4777,[],Uncategorized Article
9907,[],Uncategorized Article
23893,[],Uncategorized Article
22841,[],Uncategorized Article
22677,[],Uncategorized Article
17532,[],Uncategorized Article
16958,[],Uncategorized Article
20153,[],Uncategorized Article
20530,[],Uncategorized Article
853,[],Uncategorized Article
10966,[],Uncategorized Article
22303,[],Uncategorized Article
13121,[],Uncategorized Article
13403,[],Uncategorized Article
25742,[],Uncategorized Article
22998,[],Uncategorized Article
22386,[],Uncategorized Article
25547,[],Uncategorized Article
10893,[],Uncategorized Article
4495,[],Uncategorized Article
8173,[],Uncategorized Article
6655,[],Uncategorized Article
12039,[],Uncategorized Article
2368,[],Uncategorized Article
4780,[],Uncategorized Article
12323,[],Uncategorized Article
24376,[],Uncategorized Article
19334,[],Uncategorized Article
22009,[],Uncategorized Article
23355,[],Uncategorized Article
8716,[],Uncategorized Article
10647,[],Uncategorized Article
18225,[],Uncategorized Article
5986,[],Uncategorized Article
16921,[],Uncategorized Article
19190,[],Uncategorized Article
5801,[],Uncategorized Article
21980,[],Uncategorized Article
7206,[],Uncategorized Article
7343,[],Uncategorized Article
12533,[],Uncategorized Article
7560,[],Uncategorized Article
8096,[],Uncategorized Article
784,[],Uncategorized Article
12249,[],Uncategorized Article
1409,[],Uncategorized Article
10729,[],Uncategorized Article
16538,[],Uncategorized Article
24190,[],Uncategorized Article
3009,[],Uncategorized Article
18070,[],Uncategorized Article
11093,[],Uncategorized Article
4014,[],Uncategorized Article
7455,[],Uncategorized Article
12913,[],Uncategorized Article
3863,[],Uncategorized Article
19117,[],Uncategorized Article
1895,[],Uncategorized Article
5442,[],Uncategorized Article
569,[],Uncategorized Article
23093,[],Uncategorized Article
22238,[],Uncategorized Article
1816,[],Uncategorized Article
24703,[],Uncategorized Article
19778,[],Uncategorized Article
19711,[],Uncategorized Article
26975,[],Uncategorized Article
6102,[],Uncategorized Article
2975,[],Uncategorized Article
17364,[],Uncategorized Article
10492,[],Uncategorized Article
190,[],Uncategorized Article
25715,[],Uncategorized Article
21472,[],Uncategorized Article
699,[],Uncategorized Article
26679,[],Uncategorized Article
16990,[],Uncategorized Article
12468,[],Uncategorized Article
301,[],Uncategorized Article
3420,[],Uncategorized Article
18711,[],Uncategorized Article
1060,[],Uncategorized Article
14434,[],Uncategorized Article
10757,[],Uncategorized Article
3444,[],Uncategorized Article
17453,[],Uncategorized Article
10716,[],Uncategorized Article
18589,[],Uncategorized Article
25819,[],Uncategorized Article
23723,[],Uncategorized Article
8208,[],Uncategorized Article
7679,[],Uncategorized Article
11312,[],Uncategorized Article
4642,[],Uncategorized Article
24067,[],Uncategorized Article
12946,[],Uncategorized Article
9007,[],Uncategorized Article
7996,[],Uncategorized Article
5600,[],Uncategorized Article
9151,[],Uncategorized Article
7022,[],Uncategorized Article
21277,[],Uncategorized Article
15636,[],Uncategorized Article
16609,[],Uncategorized Article
19738,[],Uncategorized Article
5895,[],Uncategorized Article
10677,[],Uncategorized Article
8754,[],Uncategorized Article
3436,[],Uncategorized Article
14565,[],Uncategorized Article
14373,[],Uncategorized Article
18077,[],Uncategorized Article
6893,[],Uncategorized Article
17429,[],Uncategorized Article
19830,[],Uncategorized Article
12757,[],Uncategorized Article
8050,[],Uncategorized Article
9146,[],Uncategorized Article
4555,[],Uncategorized Article
11296,[],Uncategorized Article
4735,[],Uncategorized Article
20880,[],Uncategorized Article
1218,[],Uncategorized Article
13446,[],Uncategorized Article
22399,[],Uncategorized Article
26103,[],Uncategorized Article
3987,[],Uncategorized Article
21295,[],Uncategorized Article
25876,[],Uncategorized Article
20877,[],Uncategorized Article
23328,[],Uncategorized Article
5699,[],Uncategorized Article
24736,[],Uncategorized Article
13992,[],Uncategorized Article
17340,[],Uncategorized Article
2869,[],Uncategorized Article
11969,[],Uncategorized Article
20817,[],Uncategorized Article
21357,[],Uncategorized Article
14207,[],Uncategorized Article
2961,[],Uncategorized Article
14172,[],Uncategorized Article
2200,[],Uncategorized Article
16482,[],Uncategorized Article
5592,[],Uncategorized Article
2557,[],Uncategorized Article
15586,[],Uncategorized Article
24829,[],Uncategorized Article
20583,[],Uncategorized Article
9637,[],Uncategorized Article
5539,[],Uncategorized Article
18032,[],Uncategorized Article
12874,[],Uncategorized Article
12183,[],Uncategorized Article
26272,[],Uncategorized Article
22581,[],Uncategorized Article
6295,[],Uncategorized Article
4499,[],Uncategorized Article
1154,[],Uncategorized Article
18639,[],Uncategorized Article
15151,[],Uncategorized Article
9874,[],Uncategorized Article
19554,[],Uncategorized Article
7400,[],Uncategorized Article
10248,[],Uncategorized Article
7158,[],Uncategorized Article
19492,[],Uncategorized Article
20932,[],Uncategorized Article
14589,[],Uncategorized Article
5423,[],Uncategorized Article
2049,[],Uncategorized Article
13168,[],Uncategorized Article
11835,[],Uncategorized Article
16371,[],Uncategorized Article
9208,[],Uncategorized Article
25199,[],Uncategorized Article
26731,[],Uncategorized Article
14075,[],Uncategorized Article
16646,[],Uncategorized Article
20445,[],Uncategorized Article
21918,[],Uncategorized Article
14486,[],Uncategorized Article
14257,[],Uncategorized Article
6616,[],Uncategorized Article
8120,[],Uncategorized Article
8155,[],Uncategorized Article
1802,[],Uncategorized Article
4736,[],Uncategorized Article
11111,[],Uncategorized Article
2385,[],Uncategorized Article
23078,[],Uncategorized Article
5759,[],Uncategorized Article
18343,[],Uncategorized Article
19360,[],Uncategorized Article
8680,[],Uncategorized Article
18227,[],Uncategorized Article
1734,[],Uncategorized Article
2911,[],Uncategorized Article
11411,[],Uncategorized Article
8338,[],Uncategorized Article
1986,[],Uncategorized Article
25945,[],Uncategorized Article
6546,[],Uncategorized Article
14243,[],Uncategorized Article
23482,[],Uncategorized Article
2811,[],Uncategorized Article
17043,[],Uncategorized Article
26370,[],Uncategorized Article
15708,[],Uncategorized Article
18895,[],Uncategorized Article
11589,[],Uncategorized Article
20666,[],Uncategorized Article
9339,[],Uncategorized Article
25184,[],Uncategorized Article
22671,[],Uncategorized Article
15087,[],Uncategorized Article
11774,[],Uncategorized Article
1930,[],Uncategorized Article
23509,[],Uncategorized Article
197,[],Uncategorized Article
7777,[],Uncategorized Article
19315,[],Uncategorized Article
8004,[],Uncategorized Article
2327,[],Uncategorized Article
4389,[],Uncategorized Article
25342,[],Uncategorized Article
12688,[],Uncategorized Article
20602,[],Uncategorized Article
11447,[],Uncategorized Article
202,[],Uncategorized Article
19894,[],Uncategorized Article
4931,[],Uncategorized Article
21919,[],Uncategorized Article
26309,[],Uncategorized Article
5791,[],Uncategorized Article
18091,[],Uncategorized Article
21556,[],Uncategorized Article
21633,[],Uncategorized Article
13949,[],Uncategorized Article
22912,[],Uncategorized Article
7392,[],Uncategorized Article
5855,[],Uncategorized Article
24548,[],Uncategorized Article
854,[],Uncategorized Article
13877,[],Uncategorized Article
14555,[],Uncategorized Article
4737,[],Uncategorized Article
26736,[],Uncategorized Article
17082,[],Uncategorized Article
20080,[],Uncategorized Article
1636,[],Uncategorized Article
23664,[],Uncategorized Article
23938,[],Uncategorized Article
11649,[],Uncategorized Article
19965,[],Uncategorized Article
17675,[],Uncategorized Article
6585,[],Uncategorized Article
13808,[],Uncategorized Article
18237,[],Uncategorized Article
21616,[],Uncategorized Article
20147,[],Uncategorized Article
3304,[],Uncategorized Article
17879,[],Uncategorized Article
7994,[],Uncategorized Article
1998,[],Uncategorized Article
663,[],Uncategorized Article
13545,[],Uncategorized Article
3748,[],Uncategorized Article
20797,[],Uncategorized Article
5530,[],Uncategorized Article
21959,[],Uncategorized Article
25285,[],Uncategorized Article
7526,[],Uncategorized Article
9474,[],Uncategorized Article
22248,[],Uncategorized Article
6776,[],Uncategorized Article
1306,[],Uncategorized Article
23776,[],Uncategorized Article
11494,[],Uncategorized Article
21976,[],Uncategorized Article
15707,[],Uncategorized Article
10230,[],Uncategorized Article
26105,[],Uncategorized Article
18047,[],Uncategorized Article
21834,[],Uncategorized Article
10173,[],Uncategorized Article
16157,[],Uncategorized Article
26939,[],Uncategorized Article
3627,[],Uncategorized Article
13931,[],Uncategorized Article
2693,[],Uncategorized Article
11252,[],Uncategorized Article
16312,[],Uncategorized Article
9789,[],Uncategorized Article
10921,[],Uncategorized Article
10817,[],Uncategorized Article
22299,[],Uncategorized Article
19541,[],Uncategorized Article
9914,[],Uncategorized Article
16198,[],Uncategorized Article
23052,[],Uncategorized Article
1059,[],Uncategorized Article
21020,[],Uncategorized Article
19626,[],Uncategorized Article
1678,[],Uncategorized Article
23276,[],Uncategorized Article
6374,[],Uncategorized Article
7574,[],Uncategorized Article
14820,[],Uncategorized Article
18141,[],Uncategorized Article
22403,[],Uncategorized Article
12383,[],Uncategorized Article
21500,[],Uncategorized Article
8755,[],Uncategorized Article
23792,[],Uncategorized Article
19174,[],Uncategorized Article
17247,[],Uncategorized Article
15934,[],Uncategorized Article
24242,[],Uncategorized Article
17868,[],Uncategorized Article
23419,[],Uncategorized Article
24105,[],Uncategorized Article
22361,[],Uncategorized Article
21518,[],Uncategorized Article
206,[],Uncategorized Article
20872,[],Uncategorized Article
23322,[],Uncategorized Article
25446,[],Uncategorized Article
12685,[],Uncategorized Article
6910,[],Uncategorized Article
502,[],Uncategorized Article
23769,[],Uncategorized Article
17412,[],Uncategorized Article
20224,[],Uncategorized Article
13773,[],Uncategorized Article
8110,[],Uncategorized Article
14948,[],Uncategorized Article
5056,[],Uncategorized Article
9762,[],Uncategorized Article
24538,[],Uncategorized Article
10965,[],Uncategorized Article
19115,[],Uncategorized Article
25380,[],Uncategorized Article
14039,[],Uncategorized Article
11837,[],Uncategorized Article
2454,[],Uncategorized Article
23599,[],Uncategorized Article
19488,[],Uncategorized Article
15265,[],Uncategorized Article
13067,[],Uncategorized Article
8392,[],Uncategorized Article
22662,[],Uncategorized Article
19483,[],Uncategorized Article
6184,[],Uncategorized Article
26854,[],Uncategorized Article
3561,[],Uncategorized Article
5892,[],Uncategorized Article
12666,[],Uncategorized Article
13986,[],Uncategorized Article
391,[],Uncategorized Article
6736,[],Uncategorized Article
22002,[],Uncategorized Article
5258,[],Uncategorized Article
15422,[],Uncategorized Article
26071,[],Uncategorized Article
2695,[],Uncategorized Article
2027,[],Uncategorized Article
21847,[],Uncategorized Article
2568,[],Uncategorized Article
8006,[],Uncategorized Article
16216,[],Uncategorized Article
16448,[],Uncategorized Article
18446,[],Uncategorized Article
5276,[],Uncategorized Article
7208,[],Uncategorized Article
25068,[],Uncategorized Article
8571,[],Uncategorized Article
6331,[],Uncategorized Article
21243,[],Uncategorized Article
12185,[],Uncategorized Article
21271,[],Uncategorized Article
9268,[],Uncategorized Article
17262,[],Uncategorized Article
8529,[],Uncategorized Article
24300,[],Uncategorized Article
23247,[],Uncategorized Article
24276,[],Uncategorized Article
22823,[],Uncategorized Article
24253,[],Uncategorized Article
1016,[],Uncategorized Article
25851,[],Uncategorized Article
7629,[],Uncategorized Article
11534,[],Uncategorized Article
995,[],Uncategorized Article
26557,[],Uncategorized Article
4297,[],Uncategorized Article
161,[],Uncategorized Article
5675,[],Uncategorized Article
6873,[],Uncategorized Article
12990,[],Uncategorized Article
9692,[],Uncategorized Article
7989,[],Uncategorized Article
20227,[],Uncategorized Article
13417,[],Uncategorized Article
10805,[],Uncategorized Article
11653,[],Uncategorized Article
1021,[],Uncategorized Article
19457,[],Uncategorized Article
23939,[],Uncategorized Article
3943,[],Uncategorized Article
1585,[],Uncategorized Article
26531,[],Uncategorized Article
3152,[],Uncategorized Article
14541,[],Uncategorized Article
8226,[],Uncategorized Article
12206,[],Uncategorized Article
17159,[],Uncategorized Article
15787,[],Uncategorized Article
26054,[],Uncategorized Article
23483,[],Uncategorized Article
21870,[],Uncategorized Article
22619,[],Uncategorized Article
25939,[],Uncategorized Article
23425,[],Uncategorized Article
2612,[],Uncategorized Article
23897,[],Uncategorized Article
11016,[],Uncategorized Article
10233,[],Uncategorized Article
8433,[],Uncategorized Article
10253,[],Uncategorized Article
10555,[],Uncategorized Article
8792,[],Uncategorized Article
10627,[],Uncategorized Article
21777,[],Uncategorized Article
14502,[],Uncategorized Article
8838,[],Uncategorized Article
3890,[],Uncategorized Article
3556,[],Uncategorized Article
11394,[],Uncategorized Article
17912,[],Uncategorized Article
1267,[],Uncategorized Article
24118,[],Uncategorized Article
1899,[],Uncategorized Article
21042,[],Uncategorized Article
3005,[],Uncategorized Article
19118,[],Uncategorized Article
189,[],Uncategorized Article
26382,[],Uncategorized Article
25551,[],Uncategorized Article
2747,[],Uncategorized Article
18431,[],Uncategorized Article
24233,[],Uncategorized Article
18942,[],Uncategorized Article
25658,[],Uncategorized Article
8666,[],Uncategorized Article
6396,[],Uncategorized Article
19769,[],Uncategorized Article
20939,[],Uncategorized Article
17568,[],Uncategorized Article
6420,[],Uncategorized Article
5051,[],Uncategorized Article
5311,[],Uncategorized Article
2433,[],Uncategorized Article
23333,[],Uncategorized Article
26967,[],Uncategorized Article
769,[],Uncategorized Article
1685,[],Uncategorized Article
8322,[],Uncategorized Article
16023,[],Uncategorized Article
11363,[],Uncategorized Article
14423,[],Uncategorized Article
21962,[],Uncategorized Article
4426,[],Uncategorized Article
16850,[],Uncategorized Article
6265,[],Uncategorized Article
22118,[],Uncategorized Article
11284,[],Uncategorized Article
11964,[],Uncategorized Article
21575,[],Uncategorized Article
5390,[],Uncategorized Article
860,[],Uncategorized Article
15795,[],Uncategorized Article
23654,[],Uncategorized Article
